date;iso3;country;frequency;account;sub_account;item_name;value;unit
01/01/80;ZWE;Zimbabwe;Monthly;Current Account;Goods;Goods exports;276,8890588;USD million
01/02/80;ZWE;Zimbabwe;Monthly;Current Account;Goods;Goods exports;316,3666308;USD million
01/03/80;ZWE;Zimbabwe;Monthly;Current Account;Goods;Goods exports;367,4487209;USD million
01/04/80;ZWE;Zimbabwe;Monthly;Current Account;Goods;Goods exports;333,4778763;USD million
01/05/80;ZWE;Zimbabwe;Monthly;Current Account;Goods;Goods exports;286,6466877;USD million
01/06/80;ZWE;Zimbabwe;Monthly;Current Account;Goods;Goods exports;304,4862805;USD million
01/07/80;ZWE;Zimbabwe;Monthly;Current Account;Goods;Goods exports;325,2776325;USD million
01/08/80;ZWE;Zimbabwe;Monthly;Current Account;Goods;Goods exports;308,1163261;USD million
01/09/80;ZWE;Zimbabwe;Monthly;Current Account;Goods;Goods exports;297,1687243;USD million
01/10/80;ZWE;Zimbabwe;Monthly;Current Account;Goods;Goods exports;311,7593719;USD million
01/11/80;ZWE;Zimbabwe;Monthly;Current Account;Goods;Goods exports;450,4306265;USD million
01/12/80;ZWE;Zimbabwe;Monthly;Current Account;Goods;Goods exports;372,7889487;USD million
01/01/81;ZWE;Zimbabwe;Monthly;Current Account;Goods;Goods exports;337,8472362;USD million
01/02/81;ZWE;Zimbabwe;Monthly;Current Account;Goods;Goods exports;322,4050428;USD million
01/03/81;ZWE;Zimbabwe;Monthly;Current Account;Goods;Goods exports;369,9478569;USD million
01/04/81;ZWE;Zimbabwe;Monthly;Current Account;Goods;Goods exports;361,8909207;USD million
01/05/81;ZWE;Zimbabwe;Monthly;Current Account;Goods;Goods exports;362,1745382;USD million
01/06/81;ZWE;Zimbabwe;Monthly;Current Account;Goods;Goods exports;377,105698;USD million
01/07/81;ZWE;Zimbabwe;Monthly;Current Account;Goods;Goods exports;375,7069341;USD million
01/08/81;ZWE;Zimbabwe;Monthly;Current Account;Goods;Goods exports;324,6279693;USD million
01/09/81;ZWE;Zimbabwe;Monthly;Current Account;Goods;Goods exports;364,1389312;USD million
01/10/81;ZWE;Zimbabwe;Monthly;Current Account;Goods;Goods exports;323,0568147;USD million
01/11/81;ZWE;Zimbabwe;Monthly;Current Account;Goods;Goods exports;409,8222482;USD million
01/12/81;ZWE;Zimbabwe;Monthly;Current Account;Goods;Goods exports;363,5413456;USD million
01/01/82;ZWE;Zimbabwe;Monthly;Current Account;Goods;Goods exports;320,5276697;USD million
01/02/82;ZWE;Zimbabwe;Monthly;Current Account;Goods;Goods exports;298,318855;USD million
01/03/82;ZWE;Zimbabwe;Monthly;Current Account;Goods;Goods exports;331,5532845;USD million
01/04/82;ZWE;Zimbabwe;Monthly;Current Account;Goods;Goods exports;368,5944569;USD million
01/05/82;ZWE;Zimbabwe;Monthly;Current Account;Goods;Goods exports;327,8444665;USD million
01/06/82;ZWE;Zimbabwe;Monthly;Current Account;Goods;Goods exports;312,6161152;USD million
01/07/82;ZWE;Zimbabwe;Monthly;Current Account;Goods;Goods exports;325,7165374;USD million
01/08/82;ZWE;Zimbabwe;Monthly;Current Account;Goods;Goods exports;284,4319026;USD million
01/09/82;ZWE;Zimbabwe;Monthly;Current Account;Goods;Goods exports;367,5476425;USD million
01/10/82;ZWE;Zimbabwe;Monthly;Current Account;Goods;Goods exports;282,9724189;USD million
01/11/82;ZWE;Zimbabwe;Monthly;Current Account;Goods;Goods exports;279,5199776;USD million
01/12/82;ZWE;Zimbabwe;Monthly;Current Account;Goods;Goods exports;303,0369432;USD million
01/01/83;ZWE;Zimbabwe;Monthly;Current Account;Goods;Goods exports;315,299283;USD million
01/02/83;ZWE;Zimbabwe;Monthly;Current Account;Goods;Goods exports;411,5640042;USD million
01/03/83;ZWE;Zimbabwe;Monthly;Current Account;Goods;Goods exports;322,5602761;USD million
01/04/83;ZWE;Zimbabwe;Monthly;Current Account;Goods;Goods exports;297,7633419;USD million
01/05/83;ZWE;Zimbabwe;Monthly;Current Account;Goods;Goods exports;364,3761134;USD million
01/06/83;ZWE;Zimbabwe;Monthly;Current Account;Goods;Goods exports;429,0586696;USD million
01/07/83;ZWE;Zimbabwe;Monthly;Current Account;Goods;Goods exports;348,0106917;USD million
01/08/83;ZWE;Zimbabwe;Monthly;Current Account;Goods;Goods exports;384,9692464;USD million
01/09/83;ZWE;Zimbabwe;Monthly;Current Account;Goods;Goods exports;401,2815818;USD million
01/10/83;ZWE;Zimbabwe;Monthly;Current Account;Goods;Goods exports;406,3642456;USD million
01/11/83;ZWE;Zimbabwe;Monthly;Current Account;Goods;Goods exports;407,1036942;USD million
01/12/83;ZWE;Zimbabwe;Monthly;Current Account;Goods;Goods exports;309,3162774;USD million
01/01/84;ZWE;Zimbabwe;Monthly;Current Account;Goods;Goods exports;358,8967851;USD million
01/02/84;ZWE;Zimbabwe;Monthly;Current Account;Goods;Goods exports;414,713318;USD million
01/03/84;ZWE;Zimbabwe;Monthly;Current Account;Goods;Goods exports;345,6352813;USD million
01/04/84;ZWE;Zimbabwe;Monthly;Current Account;Goods;Goods exports;386,8970951;USD million
01/05/84;ZWE;Zimbabwe;Monthly;Current Account;Goods;Goods exports;307,5082795;USD million
01/06/84;ZWE;Zimbabwe;Monthly;Current Account;Goods;Goods exports;388,2292212;USD million
01/07/84;ZWE;Zimbabwe;Monthly;Current Account;Goods;Goods exports;427,9325921;USD million
01/08/84;ZWE;Zimbabwe;Monthly;Current Account;Goods;Goods exports;325,2640905;USD million
01/09/84;ZWE;Zimbabwe;Monthly;Current Account;Goods;Goods exports;350,5151737;USD million
01/10/84;ZWE;Zimbabwe;Monthly;Current Account;Goods;Goods exports;356,2551212;USD million
01/11/84;ZWE;Zimbabwe;Monthly;Current Account;Goods;Goods exports;363,0195448;USD million
01/12/84;ZWE;Zimbabwe;Monthly;Current Account;Goods;Goods exports;366,1290548;USD million
01/01/85;ZWE;Zimbabwe;Monthly;Current Account;Goods;Goods exports;401,3541256;USD million
01/02/85;ZWE;Zimbabwe;Monthly;Current Account;Goods;Goods exports;305,8130198;USD million
01/03/85;ZWE;Zimbabwe;Monthly;Current Account;Goods;Goods exports;357,367239;USD million
01/04/85;ZWE;Zimbabwe;Monthly;Current Account;Goods;Goods exports;337,3524478;USD million
01/05/85;ZWE;Zimbabwe;Monthly;Current Account;Goods;Goods exports;387,9485789;USD million
01/06/85;ZWE;Zimbabwe;Monthly;Current Account;Goods;Goods exports;400,1027833;USD million
01/07/85;ZWE;Zimbabwe;Monthly;Current Account;Goods;Goods exports;312,2735985;USD million
01/08/85;ZWE;Zimbabwe;Monthly;Current Account;Goods;Goods exports;442,1400793;USD million
01/09/85;ZWE;Zimbabwe;Monthly;Current Account;Goods;Goods exports;302,2898894;USD million
01/10/85;ZWE;Zimbabwe;Monthly;Current Account;Goods;Goods exports;401,3160884;USD million
01/11/85;ZWE;Zimbabwe;Monthly;Current Account;Goods;Goods exports;278,437009;USD million
01/12/85;ZWE;Zimbabwe;Monthly;Current Account;Goods;Goods exports;388,0872748;USD million
01/01/86;ZWE;Zimbabwe;Monthly;Current Account;Goods;Goods exports;321,4052773;USD million
01/02/86;ZWE;Zimbabwe;Monthly;Current Account;Goods;Goods exports;370,5419546;USD million
01/03/86;ZWE;Zimbabwe;Monthly;Current Account;Goods;Goods exports;343,8100154;USD million
01/04/86;ZWE;Zimbabwe;Monthly;Current Account;Goods;Goods exports;383,6797705;USD million
01/05/86;ZWE;Zimbabwe;Monthly;Current Account;Goods;Goods exports;406,0569633;USD million
01/06/86;ZWE;Zimbabwe;Monthly;Current Account;Goods;Goods exports;410,3729764;USD million
01/07/86;ZWE;Zimbabwe;Monthly;Current Account;Goods;Goods exports;384,8130686;USD million
01/08/86;ZWE;Zimbabwe;Monthly;Current Account;Goods;Goods exports;469,9700387;USD million
01/09/86;ZWE;Zimbabwe;Monthly;Current Account;Goods;Goods exports;308,483329;USD million
01/10/86;ZWE;Zimbabwe;Monthly;Current Account;Goods;Goods exports;275,5407077;USD million
01/11/86;ZWE;Zimbabwe;Monthly;Current Account;Goods;Goods exports;318,6345396;USD million
01/12/86;ZWE;Zimbabwe;Monthly;Current Account;Goods;Goods exports;268,6470934;USD million
01/01/87;ZWE;Zimbabwe;Monthly;Current Account;Goods;Goods exports;360,0294247;USD million
01/02/87;ZWE;Zimbabwe;Monthly;Current Account;Goods;Goods exports;359,3853968;USD million
01/03/87;ZWE;Zimbabwe;Monthly;Current Account;Goods;Goods exports;298,6979468;USD million
01/04/87;ZWE;Zimbabwe;Monthly;Current Account;Goods;Goods exports;326,3779512;USD million
01/05/87;ZWE;Zimbabwe;Monthly;Current Account;Goods;Goods exports;369,4885718;USD million
01/06/87;ZWE;Zimbabwe;Monthly;Current Account;Goods;Goods exports;325,4190711;USD million
01/07/87;ZWE;Zimbabwe;Monthly;Current Account;Goods;Goods exports;339,3140819;USD million
01/08/87;ZWE;Zimbabwe;Monthly;Current Account;Goods;Goods exports;319,389335;USD million
01/09/87;ZWE;Zimbabwe;Monthly;Current Account;Goods;Goods exports;321,8005563;USD million
01/10/87;ZWE;Zimbabwe;Monthly;Current Account;Goods;Goods exports;360,1871224;USD million
01/11/87;ZWE;Zimbabwe;Monthly;Current Account;Goods;Goods exports;280,2514997;USD million
01/12/87;ZWE;Zimbabwe;Monthly;Current Account;Goods;Goods exports;328,5707425;USD million
01/01/88;ZWE;Zimbabwe;Monthly;Current Account;Goods;Goods exports;440,321193;USD million
01/02/88;ZWE;Zimbabwe;Monthly;Current Account;Goods;Goods exports;380,5642878;USD million
01/03/88;ZWE;Zimbabwe;Monthly;Current Account;Goods;Goods exports;310,489539;USD million
01/04/88;ZWE;Zimbabwe;Monthly;Current Account;Goods;Goods exports;343,4006598;USD million
01/05/88;ZWE;Zimbabwe;Monthly;Current Account;Goods;Goods exports;321,4899457;USD million
01/06/88;ZWE;Zimbabwe;Monthly;Current Account;Goods;Goods exports;352,6723351;USD million
01/07/88;ZWE;Zimbabwe;Monthly;Current Account;Goods;Goods exports;363,9823136;USD million
01/08/88;ZWE;Zimbabwe;Monthly;Current Account;Goods;Goods exports;419,1704438;USD million
01/09/88;ZWE;Zimbabwe;Monthly;Current Account;Goods;Goods exports;350,3462182;USD million
01/10/88;ZWE;Zimbabwe;Monthly;Current Account;Goods;Goods exports;323,218887;USD million
01/11/88;ZWE;Zimbabwe;Monthly;Current Account;Goods;Goods exports;355,4478102;USD million
01/12/88;ZWE;Zimbabwe;Monthly;Current Account;Goods;Goods exports;431,2292703;USD million
01/01/89;ZWE;Zimbabwe;Monthly;Current Account;Goods;Goods exports;380,5744889;USD million
01/02/89;ZWE;Zimbabwe;Monthly;Current Account;Goods;Goods exports;417,3009565;USD million
01/03/89;ZWE;Zimbabwe;Monthly;Current Account;Goods;Goods exports;313,0178198;USD million
01/04/89;ZWE;Zimbabwe;Monthly;Current Account;Goods;Goods exports;384,5729875;USD million
01/05/89;ZWE;Zimbabwe;Monthly;Current Account;Goods;Goods exports;264,3993417;USD million
01/06/89;ZWE;Zimbabwe;Monthly;Current Account;Goods;Goods exports;371,8028096;USD million
01/07/89;ZWE;Zimbabwe;Monthly;Current Account;Goods;Goods exports;387,7726349;USD million
01/08/89;ZWE;Zimbabwe;Monthly;Current Account;Goods;Goods exports;405,9635628;USD million
01/09/89;ZWE;Zimbabwe;Monthly;Current Account;Goods;Goods exports;307,335644;USD million
01/10/89;ZWE;Zimbabwe;Monthly;Current Account;Goods;Goods exports;452,2583509;USD million
01/11/89;ZWE;Zimbabwe;Monthly;Current Account;Goods;Goods exports;401,0523005;USD million
01/12/89;ZWE;Zimbabwe;Monthly;Current Account;Goods;Goods exports;379,2668263;USD million
01/01/90;ZWE;Zimbabwe;Monthly;Current Account;Goods;Goods exports;332,7883034;USD million
01/02/90;ZWE;Zimbabwe;Monthly;Current Account;Goods;Goods exports;335,6758324;USD million
01/03/90;ZWE;Zimbabwe;Monthly;Current Account;Goods;Goods exports;356,5032699;USD million
01/04/90;ZWE;Zimbabwe;Monthly;Current Account;Goods;Goods exports;424,9050003;USD million
01/05/90;ZWE;Zimbabwe;Monthly;Current Account;Goods;Goods exports;342,2382173;USD million
01/06/90;ZWE;Zimbabwe;Monthly;Current Account;Goods;Goods exports;367,8760495;USD million
01/07/90;ZWE;Zimbabwe;Monthly;Current Account;Goods;Goods exports;339,5789221;USD million
01/08/90;ZWE;Zimbabwe;Monthly;Current Account;Goods;Goods exports;416,1387111;USD million
01/09/90;ZWE;Zimbabwe;Monthly;Current Account;Goods;Goods exports;335,2919557;USD million
01/10/90;ZWE;Zimbabwe;Monthly;Current Account;Goods;Goods exports;402,8315383;USD million
01/11/90;ZWE;Zimbabwe;Monthly;Current Account;Goods;Goods exports;345,8065957;USD million
01/12/90;ZWE;Zimbabwe;Monthly;Current Account;Goods;Goods exports;368,9794608;USD million
01/01/91;ZWE;Zimbabwe;Monthly;Current Account;Goods;Goods exports;385,9740377;USD million
01/02/91;ZWE;Zimbabwe;Monthly;Current Account;Goods;Goods exports;320,6949477;USD million
01/03/91;ZWE;Zimbabwe;Monthly;Current Account;Goods;Goods exports;391,4412156;USD million
01/04/91;ZWE;Zimbabwe;Monthly;Current Account;Goods;Goods exports;380,9498151;USD million
01/05/91;ZWE;Zimbabwe;Monthly;Current Account;Goods;Goods exports;333,6037678;USD million
01/06/91;ZWE;Zimbabwe;Monthly;Current Account;Goods;Goods exports;356,8547261;USD million
01/07/91;ZWE;Zimbabwe;Monthly;Current Account;Goods;Goods exports;386,1407239;USD million
01/08/91;ZWE;Zimbabwe;Monthly;Current Account;Goods;Goods exports;347,475084;USD million
01/09/91;ZWE;Zimbabwe;Monthly;Current Account;Goods;Goods exports;329,3365833;USD million
01/10/91;ZWE;Zimbabwe;Monthly;Current Account;Goods;Goods exports;428,2561418;USD million
01/11/91;ZWE;Zimbabwe;Monthly;Current Account;Goods;Goods exports;457,5474316;USD million
01/12/91;ZWE;Zimbabwe;Monthly;Current Account;Goods;Goods exports;368,8179095;USD million
01/01/92;ZWE;Zimbabwe;Monthly;Current Account;Goods;Goods exports;490,753614;USD million
01/02/92;ZWE;Zimbabwe;Monthly;Current Account;Goods;Goods exports;386,4351388;USD million
01/03/92;ZWE;Zimbabwe;Monthly;Current Account;Goods;Goods exports;395,9986085;USD million
01/04/92;ZWE;Zimbabwe;Monthly;Current Account;Goods;Goods exports;423,5542209;USD million
01/05/92;ZWE;Zimbabwe;Monthly;Current Account;Goods;Goods exports;472,1897022;USD million
01/06/92;ZWE;Zimbabwe;Monthly;Current Account;Goods;Goods exports;470,384413;USD million
01/07/92;ZWE;Zimbabwe;Monthly;Current Account;Goods;Goods exports;438,5311323;USD million
01/08/92;ZWE;Zimbabwe;Monthly;Current Account;Goods;Goods exports;436,5923043;USD million
01/09/92;ZWE;Zimbabwe;Monthly;Current Account;Goods;Goods exports;404,1096194;USD million
01/10/92;ZWE;Zimbabwe;Monthly;Current Account;Goods;Goods exports;443,2714444;USD million
01/11/92;ZWE;Zimbabwe;Monthly;Current Account;Goods;Goods exports;433,8560203;USD million
01/12/92;ZWE;Zimbabwe;Monthly;Current Account;Goods;Goods exports;457,1501795;USD million
01/01/93;ZWE;Zimbabwe;Monthly;Current Account;Goods;Goods exports;349,9345038;USD million
01/02/93;ZWE;Zimbabwe;Monthly;Current Account;Goods;Goods exports;498,576514;USD million
01/03/93;ZWE;Zimbabwe;Monthly;Current Account;Goods;Goods exports;410,9413226;USD million
01/04/93;ZWE;Zimbabwe;Monthly;Current Account;Goods;Goods exports;565,8903216;USD million
01/05/93;ZWE;Zimbabwe;Monthly;Current Account;Goods;Goods exports;397,6641841;USD million
01/06/93;ZWE;Zimbabwe;Monthly;Current Account;Goods;Goods exports;469,2477104;USD million
01/07/93;ZWE;Zimbabwe;Monthly;Current Account;Goods;Goods exports;405,7013446;USD million
01/08/93;ZWE;Zimbabwe;Monthly;Current Account;Goods;Goods exports;462,0583326;USD million
01/09/93;ZWE;Zimbabwe;Monthly;Current Account;Goods;Goods exports;333,3095993;USD million
01/10/93;ZWE;Zimbabwe;Monthly;Current Account;Goods;Goods exports;422,3810356;USD million
01/11/93;ZWE;Zimbabwe;Monthly;Current Account;Goods;Goods exports;381,6952066;USD million
01/12/93;ZWE;Zimbabwe;Monthly;Current Account;Goods;Goods exports;483,8084207;USD million
01/01/94;ZWE;Zimbabwe;Monthly;Current Account;Goods;Goods exports;418,6436737;USD million
01/02/94;ZWE;Zimbabwe;Monthly;Current Account;Goods;Goods exports;425,3679879;USD million
01/03/94;ZWE;Zimbabwe;Monthly;Current Account;Goods;Goods exports;442,0340394;USD million
01/04/94;ZWE;Zimbabwe;Monthly;Current Account;Goods;Goods exports;418,9497975;USD million
01/05/94;ZWE;Zimbabwe;Monthly;Current Account;Goods;Goods exports;444,7652228;USD million
01/06/94;ZWE;Zimbabwe;Monthly;Current Account;Goods;Goods exports;333,1159587;USD million
01/07/94;ZWE;Zimbabwe;Monthly;Current Account;Goods;Goods exports;375,172098;USD million
01/08/94;ZWE;Zimbabwe;Monthly;Current Account;Goods;Goods exports;451,6076072;USD million
01/09/94;ZWE;Zimbabwe;Monthly;Current Account;Goods;Goods exports;445,4220981;USD million
01/10/94;ZWE;Zimbabwe;Monthly;Current Account;Goods;Goods exports;406,3329784;USD million
01/11/94;ZWE;Zimbabwe;Monthly;Current Account;Goods;Goods exports;390,0758986;USD million
01/12/94;ZWE;Zimbabwe;Monthly;Current Account;Goods;Goods exports;391,9781566;USD million
01/01/95;ZWE;Zimbabwe;Monthly;Current Account;Goods;Goods exports;445,7976105;USD million
01/02/95;ZWE;Zimbabwe;Monthly;Current Account;Goods;Goods exports;489,0894081;USD million
01/03/95;ZWE;Zimbabwe;Monthly;Current Account;Goods;Goods exports;366,7677923;USD million
01/04/95;ZWE;Zimbabwe;Monthly;Current Account;Goods;Goods exports;422,9103964;USD million
01/05/95;ZWE;Zimbabwe;Monthly;Current Account;Goods;Goods exports;426,5312296;USD million
01/06/95;ZWE;Zimbabwe;Monthly;Current Account;Goods;Goods exports;390,7367284;USD million
01/07/95;ZWE;Zimbabwe;Monthly;Current Account;Goods;Goods exports;470,5134744;USD million
01/08/95;ZWE;Zimbabwe;Monthly;Current Account;Goods;Goods exports;443,2909846;USD million
01/09/95;ZWE;Zimbabwe;Monthly;Current Account;Goods;Goods exports;439,1687666;USD million
01/10/95;ZWE;Zimbabwe;Monthly;Current Account;Goods;Goods exports;512,0137955;USD million
01/11/95;ZWE;Zimbabwe;Monthly;Current Account;Goods;Goods exports;600,1924123;USD million
01/12/95;ZWE;Zimbabwe;Monthly;Current Account;Goods;Goods exports;453,7689892;USD million
01/01/96;ZWE;Zimbabwe;Monthly;Current Account;Goods;Goods exports;556,1804585;USD million
01/02/96;ZWE;Zimbabwe;Monthly;Current Account;Goods;Goods exports;460,7930936;USD million
01/03/96;ZWE;Zimbabwe;Monthly;Current Account;Goods;Goods exports;421,6813243;USD million
01/04/96;ZWE;Zimbabwe;Monthly;Current Account;Goods;Goods exports;538,8738335;USD million
01/05/96;ZWE;Zimbabwe;Monthly;Current Account;Goods;Goods exports;414,4883047;USD million
01/06/96;ZWE;Zimbabwe;Monthly;Current Account;Goods;Goods exports;501,3196662;USD million
01/07/96;ZWE;Zimbabwe;Monthly;Current Account;Goods;Goods exports;465,3794923;USD million
01/08/96;ZWE;Zimbabwe;Monthly;Current Account;Goods;Goods exports;384,4509952;USD million
01/09/96;ZWE;Zimbabwe;Monthly;Current Account;Goods;Goods exports;519,0532803;USD million
01/10/96;ZWE;Zimbabwe;Monthly;Current Account;Goods;Goods exports;586,7232634;USD million
01/11/96;ZWE;Zimbabwe;Monthly;Current Account;Goods;Goods exports;521,0434126;USD million
01/12/96;ZWE;Zimbabwe;Monthly;Current Account;Goods;Goods exports;429,2946436;USD million
01/01/97;ZWE;Zimbabwe;Monthly;Current Account;Goods;Goods exports;624,0880618;USD million
01/02/97;ZWE;Zimbabwe;Monthly;Current Account;Goods;Goods exports;424,8832472;USD million
01/03/97;ZWE;Zimbabwe;Monthly;Current Account;Goods;Goods exports;512,6732801;USD million
01/04/97;ZWE;Zimbabwe;Monthly;Current Account;Goods;Goods exports;388,2499796;USD million
01/05/97;ZWE;Zimbabwe;Monthly;Current Account;Goods;Goods exports;460,0034482;USD million
01/06/97;ZWE;Zimbabwe;Monthly;Current Account;Goods;Goods exports;573,7609463;USD million
01/07/97;ZWE;Zimbabwe;Monthly;Current Account;Goods;Goods exports;420,6572013;USD million
01/08/97;ZWE;Zimbabwe;Monthly;Current Account;Goods;Goods exports;425,3693768;USD million
01/09/97;ZWE;Zimbabwe;Monthly;Current Account;Goods;Goods exports;447,4519067;USD million
01/10/97;ZWE;Zimbabwe;Monthly;Current Account;Goods;Goods exports;607,8706056;USD million
01/11/97;ZWE;Zimbabwe;Monthly;Current Account;Goods;Goods exports;546,1224015;USD million
01/12/97;ZWE;Zimbabwe;Monthly;Current Account;Goods;Goods exports;506,6825025;USD million
01/01/98;ZWE;Zimbabwe;Monthly;Current Account;Goods;Goods exports;458,712712;USD million
01/02/98;ZWE;Zimbabwe;Monthly;Current Account;Goods;Goods exports;390,5509571;USD million
01/03/98;ZWE;Zimbabwe;Monthly;Current Account;Goods;Goods exports;452,7327218;USD million
01/04/98;ZWE;Zimbabwe;Monthly;Current Account;Goods;Goods exports;463,7947341;USD million
01/05/98;ZWE;Zimbabwe;Monthly;Current Account;Goods;Goods exports;565,8357531;USD million
01/06/98;ZWE;Zimbabwe;Monthly;Current Account;Goods;Goods exports;611,4872248;USD million
01/07/98;ZWE;Zimbabwe;Monthly;Current Account;Goods;Goods exports;468,7198963;USD million
01/08/98;ZWE;Zimbabwe;Monthly;Current Account;Goods;Goods exports;475,9193904;USD million
01/09/98;ZWE;Zimbabwe;Monthly;Current Account;Goods;Goods exports;528,7593326;USD million
01/10/98;ZWE;Zimbabwe;Monthly;Current Account;Goods;Goods exports;678,353735;USD million
01/11/98;ZWE;Zimbabwe;Monthly;Current Account;Goods;Goods exports;543,1350576;USD million
01/12/98;ZWE;Zimbabwe;Monthly;Current Account;Goods;Goods exports;503,2837213;USD million
01/01/99;ZWE;Zimbabwe;Monthly;Current Account;Goods;Goods exports;511,9593286;USD million
01/02/99;ZWE;Zimbabwe;Monthly;Current Account;Goods;Goods exports;592,4215031;USD million
01/03/99;ZWE;Zimbabwe;Monthly;Current Account;Goods;Goods exports;474,1256647;USD million
01/04/99;ZWE;Zimbabwe;Monthly;Current Account;Goods;Goods exports;488,8344414;USD million
01/05/99;ZWE;Zimbabwe;Monthly;Current Account;Goods;Goods exports;441,7490427;USD million
01/06/99;ZWE;Zimbabwe;Monthly;Current Account;Goods;Goods exports;430,3382155;USD million
01/07/99;ZWE;Zimbabwe;Monthly;Current Account;Goods;Goods exports;411,1804625;USD million
01/08/99;ZWE;Zimbabwe;Monthly;Current Account;Goods;Goods exports;447,6390317;USD million
01/09/99;ZWE;Zimbabwe;Monthly;Current Account;Goods;Goods exports;520,2980628;USD million
01/10/99;ZWE;Zimbabwe;Monthly;Current Account;Goods;Goods exports;462,572353;USD million
01/11/99;ZWE;Zimbabwe;Monthly;Current Account;Goods;Goods exports;725,7912205;USD million
01/12/99;ZWE;Zimbabwe;Monthly;Current Account;Goods;Goods exports;505,4886402;USD million
01/01/00;ZWE;Zimbabwe;Monthly;Current Account;Goods;Goods exports;455,2011642;USD million
01/02/00;ZWE;Zimbabwe;Monthly;Current Account;Goods;Goods exports;479,8192927;USD million
01/03/00;ZWE;Zimbabwe;Monthly;Current Account;Goods;Goods exports;591,2102959;USD million
01/04/00;ZWE;Zimbabwe;Monthly;Current Account;Goods;Goods exports;433,3811353;USD million
01/05/00;ZWE;Zimbabwe;Monthly;Current Account;Goods;Goods exports;472,0085844;USD million
01/06/00;ZWE;Zimbabwe;Monthly;Current Account;Goods;Goods exports;487,2886066;USD million
01/07/00;ZWE;Zimbabwe;Monthly;Current Account;Goods;Goods exports;577,0177999;USD million
01/08/00;ZWE;Zimbabwe;Monthly;Current Account;Goods;Goods exports;545,2132363;USD million
01/09/00;ZWE;Zimbabwe;Monthly;Current Account;Goods;Goods exports;499,8508701;USD million
01/10/00;ZWE;Zimbabwe;Monthly;Current Account;Goods;Goods exports;546,9363188;USD million
01/11/00;ZWE;Zimbabwe;Monthly;Current Account;Goods;Goods exports;571,7580119;USD million
01/12/00;ZWE;Zimbabwe;Monthly;Current Account;Goods;Goods exports;602,2963953;USD million
01/01/01;ZWE;Zimbabwe;Monthly;Current Account;Goods;Goods exports;517,9125475;USD million
01/02/01;ZWE;Zimbabwe;Monthly;Current Account;Goods;Goods exports;497,2005245;USD million
01/03/01;ZWE;Zimbabwe;Monthly;Current Account;Goods;Goods exports;456,2599613;USD million
01/04/01;ZWE;Zimbabwe;Monthly;Current Account;Goods;Goods exports;452,0154521;USD million
01/05/01;ZWE;Zimbabwe;Monthly;Current Account;Goods;Goods exports;663,6790005;USD million
01/06/01;ZWE;Zimbabwe;Monthly;Current Account;Goods;Goods exports;397,6367045;USD million
01/07/01;ZWE;Zimbabwe;Monthly;Current Account;Goods;Goods exports;546,8118139;USD million
01/08/01;ZWE;Zimbabwe;Monthly;Current Account;Goods;Goods exports;582,545787;USD million
01/09/01;ZWE;Zimbabwe;Monthly;Current Account;Goods;Goods exports;540,2413921;USD million
01/10/01;ZWE;Zimbabwe;Monthly;Current Account;Goods;Goods exports;380,5897004;USD million
01/11/01;ZWE;Zimbabwe;Monthly;Current Account;Goods;Goods exports;545,2224891;USD million
01/12/01;ZWE;Zimbabwe;Monthly;Current Account;Goods;Goods exports;453,7760811;USD million
01/01/02;ZWE;Zimbabwe;Monthly;Current Account;Goods;Goods exports;439,9022812;USD million
01/02/02;ZWE;Zimbabwe;Monthly;Current Account;Goods;Goods exports;498,2378182;USD million
01/03/02;ZWE;Zimbabwe;Monthly;Current Account;Goods;Goods exports;496,5568273;USD million
01/04/02;ZWE;Zimbabwe;Monthly;Current Account;Goods;Goods exports;491,8901363;USD million
01/05/02;ZWE;Zimbabwe;Monthly;Current Account;Goods;Goods exports;456,2689518;USD million
01/06/02;ZWE;Zimbabwe;Monthly;Current Account;Goods;Goods exports;533,9089004;USD million
01/07/02;ZWE;Zimbabwe;Monthly;Current Account;Goods;Goods exports;601,3852597;USD million
01/08/02;ZWE;Zimbabwe;Monthly;Current Account;Goods;Goods exports;557,4572718;USD million
01/09/02;ZWE;Zimbabwe;Monthly;Current Account;Goods;Goods exports;614,8740764;USD million
01/10/02;ZWE;Zimbabwe;Monthly;Current Account;Goods;Goods exports;541,3149001;USD million
01/11/02;ZWE;Zimbabwe;Monthly;Current Account;Goods;Goods exports;524,1871016;USD million
01/12/02;ZWE;Zimbabwe;Monthly;Current Account;Goods;Goods exports;649,9444585;USD million
01/01/03;ZWE;Zimbabwe;Monthly;Current Account;Goods;Goods exports;513,9666689;USD million
01/02/03;ZWE;Zimbabwe;Monthly;Current Account;Goods;Goods exports;557,2721321;USD million
01/03/03;ZWE;Zimbabwe;Monthly;Current Account;Goods;Goods exports;545,2745961;USD million
01/04/03;ZWE;Zimbabwe;Monthly;Current Account;Goods;Goods exports;513,6046424;USD million
01/05/03;ZWE;Zimbabwe;Monthly;Current Account;Goods;Goods exports;586,0369716;USD million
01/06/03;ZWE;Zimbabwe;Monthly;Current Account;Goods;Goods exports;542,6085979;USD million
01/07/03;ZWE;Zimbabwe;Monthly;Current Account;Goods;Goods exports;482,3117449;USD million
01/08/03;ZWE;Zimbabwe;Monthly;Current Account;Goods;Goods exports;552,4279985;USD million
01/09/03;ZWE;Zimbabwe;Monthly;Current Account;Goods;Goods exports;511,681498;USD million
01/10/03;ZWE;Zimbabwe;Monthly;Current Account;Goods;Goods exports;531,6411971;USD million
01/11/03;ZWE;Zimbabwe;Monthly;Current Account;Goods;Goods exports;464,7542723;USD million
01/12/03;ZWE;Zimbabwe;Monthly;Current Account;Goods;Goods exports;454,9919123;USD million
01/01/04;ZWE;Zimbabwe;Monthly;Current Account;Goods;Goods exports;505,3215716;USD million
01/02/04;ZWE;Zimbabwe;Monthly;Current Account;Goods;Goods exports;520,0331211;USD million
01/03/04;ZWE;Zimbabwe;Monthly;Current Account;Goods;Goods exports;443,9537479;USD million
01/04/04;ZWE;Zimbabwe;Monthly;Current Account;Goods;Goods exports;490,818388;USD million
01/05/04;ZWE;Zimbabwe;Monthly;Current Account;Goods;Goods exports;554,7650999;USD million
01/06/04;ZWE;Zimbabwe;Monthly;Current Account;Goods;Goods exports;540,5692052;USD million
01/07/04;ZWE;Zimbabwe;Monthly;Current Account;Goods;Goods exports;526,9633639;USD million
01/08/04;ZWE;Zimbabwe;Monthly;Current Account;Goods;Goods exports;636,5361274;USD million
01/09/04;ZWE;Zimbabwe;Monthly;Current Account;Goods;Goods exports;622,5229447;USD million
01/10/04;ZWE;Zimbabwe;Monthly;Current Account;Goods;Goods exports;459,231916;USD million
01/11/04;ZWE;Zimbabwe;Monthly;Current Account;Goods;Goods exports;446,2393724;USD million
01/12/04;ZWE;Zimbabwe;Monthly;Current Account;Goods;Goods exports;594,1170492;USD million
01/01/05;ZWE;Zimbabwe;Monthly;Current Account;Goods;Goods exports;475,0636627;USD million
01/02/05;ZWE;Zimbabwe;Monthly;Current Account;Goods;Goods exports;641,7622738;USD million
01/03/05;ZWE;Zimbabwe;Monthly;Current Account;Goods;Goods exports;578,4575447;USD million
01/04/05;ZWE;Zimbabwe;Monthly;Current Account;Goods;Goods exports;709,4302215;USD million
01/05/05;ZWE;Zimbabwe;Monthly;Current Account;Goods;Goods exports;589,1413477;USD million
01/06/05;ZWE;Zimbabwe;Monthly;Current Account;Goods;Goods exports;586,7880839;USD million
01/07/05;ZWE;Zimbabwe;Monthly;Current Account;Goods;Goods exports;525,3532016;USD million
01/08/05;ZWE;Zimbabwe;Monthly;Current Account;Goods;Goods exports;506,3709725;USD million
01/09/05;ZWE;Zimbabwe;Monthly;Current Account;Goods;Goods exports;562,5583355;USD million
01/10/05;ZWE;Zimbabwe;Monthly;Current Account;Goods;Goods exports;659,3145209;USD million
01/11/05;ZWE;Zimbabwe;Monthly;Current Account;Goods;Goods exports;641,7204081;USD million
01/12/05;ZWE;Zimbabwe;Monthly;Current Account;Goods;Goods exports;654,2868111;USD million
01/01/06;ZWE;Zimbabwe;Monthly;Current Account;Goods;Goods exports;577,5796199;USD million
01/02/06;ZWE;Zimbabwe;Monthly;Current Account;Goods;Goods exports;664,7872763;USD million
01/03/06;ZWE;Zimbabwe;Monthly;Current Account;Goods;Goods exports;536,5708526;USD million
01/04/06;ZWE;Zimbabwe;Monthly;Current Account;Goods;Goods exports;545,7336404;USD million
01/05/06;ZWE;Zimbabwe;Monthly;Current Account;Goods;Goods exports;620,1329056;USD million
01/06/06;ZWE;Zimbabwe;Monthly;Current Account;Goods;Goods exports;576,6016215;USD million
01/07/06;ZWE;Zimbabwe;Monthly;Current Account;Goods;Goods exports;575,0186757;USD million
01/08/06;ZWE;Zimbabwe;Monthly;Current Account;Goods;Goods exports;564,253921;USD million
01/09/06;ZWE;Zimbabwe;Monthly;Current Account;Goods;Goods exports;726,8237969;USD million
01/10/06;ZWE;Zimbabwe;Monthly;Current Account;Goods;Goods exports;633,0149379;USD million
01/11/06;ZWE;Zimbabwe;Monthly;Current Account;Goods;Goods exports;496,5383794;USD million
01/12/06;ZWE;Zimbabwe;Monthly;Current Account;Goods;Goods exports;620,109789;USD million
01/01/07;ZWE;Zimbabwe;Monthly;Current Account;Goods;Goods exports;511,0048498;USD million
01/02/07;ZWE;Zimbabwe;Monthly;Current Account;Goods;Goods exports;686,6925734;USD million
01/03/07;ZWE;Zimbabwe;Monthly;Current Account;Goods;Goods exports;636,027854;USD million
01/04/07;ZWE;Zimbabwe;Monthly;Current Account;Goods;Goods exports;627,5261257;USD million
01/05/07;ZWE;Zimbabwe;Monthly;Current Account;Goods;Goods exports;571,176338;USD million
01/06/07;ZWE;Zimbabwe;Monthly;Current Account;Goods;Goods exports;589,9857433;USD million
01/07/07;ZWE;Zimbabwe;Monthly;Current Account;Goods;Goods exports;601,5519189;USD million
01/08/07;ZWE;Zimbabwe;Monthly;Current Account;Goods;Goods exports;574,1424745;USD million
01/09/07;ZWE;Zimbabwe;Monthly;Current Account;Goods;Goods exports;608,0786409;USD million
01/10/07;ZWE;Zimbabwe;Monthly;Current Account;Goods;Goods exports;727,2225125;USD million
01/11/07;ZWE;Zimbabwe;Monthly;Current Account;Goods;Goods exports;541,6753921;USD million
01/12/07;ZWE;Zimbabwe;Monthly;Current Account;Goods;Goods exports;643,7665957;USD million
01/01/08;ZWE;Zimbabwe;Monthly;Current Account;Goods;Goods exports;607,8178983;USD million
01/02/08;ZWE;Zimbabwe;Monthly;Current Account;Goods;Goods exports;728,9945981;USD million
01/03/08;ZWE;Zimbabwe;Monthly;Current Account;Goods;Goods exports;713,4543867;USD million
01/04/08;ZWE;Zimbabwe;Monthly;Current Account;Goods;Goods exports;575,351679;USD million
01/05/08;ZWE;Zimbabwe;Monthly;Current Account;Goods;Goods exports;576,0550997;USD million
01/06/08;ZWE;Zimbabwe;Monthly;Current Account;Goods;Goods exports;628,358855;USD million
01/07/08;ZWE;Zimbabwe;Monthly;Current Account;Goods;Goods exports;566,0832304;USD million
01/08/08;ZWE;Zimbabwe;Monthly;Current Account;Goods;Goods exports;465,8878863;USD million
01/09/08;ZWE;Zimbabwe;Monthly;Current Account;Goods;Goods exports;540,6710671;USD million
01/10/08;ZWE;Zimbabwe;Monthly;Current Account;Goods;Goods exports;574,8163176;USD million
01/11/08;ZWE;Zimbabwe;Monthly;Current Account;Goods;Goods exports;582,7607813;USD million
01/12/08;ZWE;Zimbabwe;Monthly;Current Account;Goods;Goods exports;591,4525661;USD million
01/01/09;ZWE;Zimbabwe;Monthly;Current Account;Goods;Goods exports;538,2787133;USD million
01/02/09;ZWE;Zimbabwe;Monthly;Current Account;Goods;Goods exports;514,3276871;USD million
01/03/09;ZWE;Zimbabwe;Monthly;Current Account;Goods;Goods exports;599,9328415;USD million
01/04/09;ZWE;Zimbabwe;Monthly;Current Account;Goods;Goods exports;539,9453107;USD million
01/05/09;ZWE;Zimbabwe;Monthly;Current Account;Goods;Goods exports;588,7485667;USD million
01/06/09;ZWE;Zimbabwe;Monthly;Current Account;Goods;Goods exports;522,2490433;USD million
01/07/09;ZWE;Zimbabwe;Monthly;Current Account;Goods;Goods exports;453,6197741;USD million
01/08/09;ZWE;Zimbabwe;Monthly;Current Account;Goods;Goods exports;571,8231573;USD million
01/09/09;ZWE;Zimbabwe;Monthly;Current Account;Goods;Goods exports;570,6190599;USD million
01/10/09;ZWE;Zimbabwe;Monthly;Current Account;Goods;Goods exports;640,4230034;USD million
01/11/09;ZWE;Zimbabwe;Monthly;Current Account;Goods;Goods exports;628,0358744;USD million
01/12/09;ZWE;Zimbabwe;Monthly;Current Account;Goods;Goods exports;555,3187813;USD million
01/01/10;ZWE;Zimbabwe;Monthly;Current Account;Goods;Goods exports;644,6151845;USD million
01/02/10;ZWE;Zimbabwe;Monthly;Current Account;Goods;Goods exports;645,1269496;USD million
01/03/10;ZWE;Zimbabwe;Monthly;Current Account;Goods;Goods exports;746,5590099;USD million
01/04/10;ZWE;Zimbabwe;Monthly;Current Account;Goods;Goods exports;620,5687567;USD million
01/05/10;ZWE;Zimbabwe;Monthly;Current Account;Goods;Goods exports;591,1142467;USD million
01/06/10;ZWE;Zimbabwe;Monthly;Current Account;Goods;Goods exports;580,3486947;USD million
01/07/10;ZWE;Zimbabwe;Monthly;Current Account;Goods;Goods exports;515,3333658;USD million
01/08/10;ZWE;Zimbabwe;Monthly;Current Account;Goods;Goods exports;580,4756926;USD million
01/09/10;ZWE;Zimbabwe;Monthly;Current Account;Goods;Goods exports;549,7763571;USD million
01/10/10;ZWE;Zimbabwe;Monthly;Current Account;Goods;Goods exports;632,8915064;USD million
01/11/10;ZWE;Zimbabwe;Monthly;Current Account;Goods;Goods exports;494,1938379;USD million
01/12/10;ZWE;Zimbabwe;Monthly;Current Account;Goods;Goods exports;511,0377459;USD million
01/01/11;ZWE;Zimbabwe;Monthly;Current Account;Goods;Goods exports;605,4940053;USD million
01/02/11;ZWE;Zimbabwe;Monthly;Current Account;Goods;Goods exports;521,8052904;USD million
01/03/11;ZWE;Zimbabwe;Monthly;Current Account;Goods;Goods exports;606,4428377;USD million
01/04/11;ZWE;Zimbabwe;Monthly;Current Account;Goods;Goods exports;643,0383469;USD million
01/05/11;ZWE;Zimbabwe;Monthly;Current Account;Goods;Goods exports;628,6017904;USD million
01/06/11;ZWE;Zimbabwe;Monthly;Current Account;Goods;Goods exports;802,7421542;USD million
01/07/11;ZWE;Zimbabwe;Monthly;Current Account;Goods;Goods exports;497,1473685;USD million
01/08/11;ZWE;Zimbabwe;Monthly;Current Account;Goods;Goods exports;484,6389242;USD million
01/09/11;ZWE;Zimbabwe;Monthly;Current Account;Goods;Goods exports;528,9846666;USD million
01/10/11;ZWE;Zimbabwe;Monthly;Current Account;Goods;Goods exports;774,5185023;USD million
01/11/11;ZWE;Zimbabwe;Monthly;Current Account;Goods;Goods exports;575,8468707;USD million
01/12/11;ZWE;Zimbabwe;Monthly;Current Account;Goods;Goods exports;693,1054493;USD million
01/01/12;ZWE;Zimbabwe;Monthly;Current Account;Goods;Goods exports;587,7721245;USD million
01/02/12;ZWE;Zimbabwe;Monthly;Current Account;Goods;Goods exports;695,3246215;USD million
01/03/12;ZWE;Zimbabwe;Monthly;Current Account;Goods;Goods exports;717,69793;USD million
01/04/12;ZWE;Zimbabwe;Monthly;Current Account;Goods;Goods exports;570,0456891;USD million
01/05/12;ZWE;Zimbabwe;Monthly;Current Account;Goods;Goods exports;733,0444805;USD million
01/06/12;ZWE;Zimbabwe;Monthly;Current Account;Goods;Goods exports;654,9632892;USD million
01/07/12;ZWE;Zimbabwe;Monthly;Current Account;Goods;Goods exports;812,7661285;USD million
01/08/12;ZWE;Zimbabwe;Monthly;Current Account;Goods;Goods exports;531,6796602;USD million
01/09/12;ZWE;Zimbabwe;Monthly;Current Account;Goods;Goods exports;757,6444763;USD million
01/10/12;ZWE;Zimbabwe;Monthly;Current Account;Goods;Goods exports;543,9822536;USD million
01/11/12;ZWE;Zimbabwe;Monthly;Current Account;Goods;Goods exports;537,2306101;USD million
01/12/12;ZWE;Zimbabwe;Monthly;Current Account;Goods;Goods exports;582,9037055;USD million
01/01/13;ZWE;Zimbabwe;Monthly;Current Account;Goods;Goods exports;646,956936;USD million
01/02/13;ZWE;Zimbabwe;Monthly;Current Account;Goods;Goods exports;843,0645233;USD million
01/03/13;ZWE;Zimbabwe;Monthly;Current Account;Goods;Goods exports;625,6537869;USD million
01/04/13;ZWE;Zimbabwe;Monthly;Current Account;Goods;Goods exports;655,1209599;USD million
01/05/13;ZWE;Zimbabwe;Monthly;Current Account;Goods;Goods exports;528,417898;USD million
01/06/13;ZWE;Zimbabwe;Monthly;Current Account;Goods;Goods exports;540,9599252;USD million
01/07/13;ZWE;Zimbabwe;Monthly;Current Account;Goods;Goods exports;648,9905172;USD million
01/08/13;ZWE;Zimbabwe;Monthly;Current Account;Goods;Goods exports;580,183681;USD million
01/09/13;ZWE;Zimbabwe;Monthly;Current Account;Goods;Goods exports;528,7493201;USD million
01/10/13;ZWE;Zimbabwe;Monthly;Current Account;Goods;Goods exports;638,4058081;USD million
01/11/13;ZWE;Zimbabwe;Monthly;Current Account;Goods;Goods exports;621,3988885;USD million
01/12/13;ZWE;Zimbabwe;Monthly;Current Account;Goods;Goods exports;681,5282951;USD million
01/01/14;ZWE;Zimbabwe;Monthly;Current Account;Goods;Goods exports;693,3292817;USD million
01/02/14;ZWE;Zimbabwe;Monthly;Current Account;Goods;Goods exports;608,4248598;USD million
01/03/14;ZWE;Zimbabwe;Monthly;Current Account;Goods;Goods exports;603,9545868;USD million
01/04/14;ZWE;Zimbabwe;Monthly;Current Account;Goods;Goods exports;553,307507;USD million
01/05/14;ZWE;Zimbabwe;Monthly;Current Account;Goods;Goods exports;731,0003126;USD million
01/06/14;ZWE;Zimbabwe;Monthly;Current Account;Goods;Goods exports;649,7881456;USD million
01/07/14;ZWE;Zimbabwe;Monthly;Current Account;Goods;Goods exports;596,2146673;USD million
01/08/14;ZWE;Zimbabwe;Monthly;Current Account;Goods;Goods exports;688,4095908;USD million
01/09/14;ZWE;Zimbabwe;Monthly;Current Account;Goods;Goods exports;586,3143905;USD million
01/10/14;ZWE;Zimbabwe;Monthly;Current Account;Goods;Goods exports;615,7625788;USD million
01/11/14;ZWE;Zimbabwe;Monthly;Current Account;Goods;Goods exports;687,2552143;USD million
01/12/14;ZWE;Zimbabwe;Monthly;Current Account;Goods;Goods exports;480,3413558;USD million
01/01/15;ZWE;Zimbabwe;Monthly;Current Account;Goods;Goods exports;673,3235972;USD million
01/02/15;ZWE;Zimbabwe;Monthly;Current Account;Goods;Goods exports;799,9804233;USD million
01/03/15;ZWE;Zimbabwe;Monthly;Current Account;Goods;Goods exports;695,2112858;USD million
01/04/15;ZWE;Zimbabwe;Monthly;Current Account;Goods;Goods exports;593,7850971;USD million
01/05/15;ZWE;Zimbabwe;Monthly;Current Account;Goods;Goods exports;687,1366166;USD million
01/06/15;ZWE;Zimbabwe;Monthly;Current Account;Goods;Goods exports;644,8921047;USD million
01/07/15;ZWE;Zimbabwe;Monthly;Current Account;Goods;Goods exports;494,7164211;USD million
01/08/15;ZWE;Zimbabwe;Monthly;Current Account;Goods;Goods exports;589,9718573;USD million
01/09/15;ZWE;Zimbabwe;Monthly;Current Account;Goods;Goods exports;575,1537033;USD million
01/10/15;ZWE;Zimbabwe;Monthly;Current Account;Goods;Goods exports;553,4670474;USD million
01/11/15;ZWE;Zimbabwe;Monthly;Current Account;Goods;Goods exports;521,7899889;USD million
01/12/15;ZWE;Zimbabwe;Monthly;Current Account;Goods;Goods exports;819,2845268;USD million
01/01/16;ZWE;Zimbabwe;Monthly;Current Account;Goods;Goods exports;598,0840463;USD million
01/02/16;ZWE;Zimbabwe;Monthly;Current Account;Goods;Goods exports;597,6234518;USD million
01/03/16;ZWE;Zimbabwe;Monthly;Current Account;Goods;Goods exports;744,2948344;USD million
01/04/16;ZWE;Zimbabwe;Monthly;Current Account;Goods;Goods exports;685,7665886;USD million
01/05/16;ZWE;Zimbabwe;Monthly;Current Account;Goods;Goods exports;580,7445981;USD million
01/06/16;ZWE;Zimbabwe;Monthly;Current Account;Goods;Goods exports;747,2498492;USD million
01/07/16;ZWE;Zimbabwe;Monthly;Current Account;Goods;Goods exports;723,0542969;USD million
01/08/16;ZWE;Zimbabwe;Monthly;Current Account;Goods;Goods exports;745,8000555;USD million
01/09/16;ZWE;Zimbabwe;Monthly;Current Account;Goods;Goods exports;707,0931281;USD million
01/10/16;ZWE;Zimbabwe;Monthly;Current Account;Goods;Goods exports;682,2119489;USD million
01/11/16;ZWE;Zimbabwe;Monthly;Current Account;Goods;Goods exports;670,3087619;USD million
01/12/16;ZWE;Zimbabwe;Monthly;Current Account;Goods;Goods exports;534,3191171;USD million
01/01/17;ZWE;Zimbabwe;Monthly;Current Account;Goods;Goods exports;643,5853372;USD million
01/02/17;ZWE;Zimbabwe;Monthly;Current Account;Goods;Goods exports;720,1731083;USD million
01/03/17;ZWE;Zimbabwe;Monthly;Current Account;Goods;Goods exports;621,3632346;USD million
01/04/17;ZWE;Zimbabwe;Monthly;Current Account;Goods;Goods exports;587,2811354;USD million
01/05/17;ZWE;Zimbabwe;Monthly;Current Account;Goods;Goods exports;592,7710367;USD million
01/06/17;ZWE;Zimbabwe;Monthly;Current Account;Goods;Goods exports;672,8492442;USD million
01/07/17;ZWE;Zimbabwe;Monthly;Current Account;Goods;Goods exports;607,7980843;USD million
01/08/17;ZWE;Zimbabwe;Monthly;Current Account;Goods;Goods exports;752,8646845;USD million
01/09/17;ZWE;Zimbabwe;Monthly;Current Account;Goods;Goods exports;672,481702;USD million
01/10/17;ZWE;Zimbabwe;Monthly;Current Account;Goods;Goods exports;647,3083964;USD million
01/11/17;ZWE;Zimbabwe;Monthly;Current Account;Goods;Goods exports;627,32004;USD million
01/12/17;ZWE;Zimbabwe;Monthly;Current Account;Goods;Goods exports;609,9286829;USD million
01/01/18;ZWE;Zimbabwe;Monthly;Current Account;Goods;Goods exports;637,1509688;USD million
01/02/18;ZWE;Zimbabwe;Monthly;Current Account;Goods;Goods exports;541,3208314;USD million
01/03/18;ZWE;Zimbabwe;Monthly;Current Account;Goods;Goods exports;802,3635802;USD million
01/04/18;ZWE;Zimbabwe;Monthly;Current Account;Goods;Goods exports;587,6521545;USD million
01/05/18;ZWE;Zimbabwe;Monthly;Current Account;Goods;Goods exports;600,7888577;USD million
01/06/18;ZWE;Zimbabwe;Monthly;Current Account;Goods;Goods exports;421,1497341;USD million
01/07/18;ZWE;Zimbabwe;Monthly;Current Account;Goods;Goods exports;523,6466786;USD million
01/08/18;ZWE;Zimbabwe;Monthly;Current Account;Goods;Goods exports;569,1970504;USD million
01/09/18;ZWE;Zimbabwe;Monthly;Current Account;Goods;Goods exports;593,5657427;USD million
01/10/18;ZWE;Zimbabwe;Monthly;Current Account;Goods;Goods exports;648,2568392;USD million
01/11/18;ZWE;Zimbabwe;Monthly;Current Account;Goods;Goods exports;744,7457286;USD million
01/12/18;ZWE;Zimbabwe;Monthly;Current Account;Goods;Goods exports;712,1417703;USD million
01/01/19;ZWE;Zimbabwe;Monthly;Current Account;Goods;Goods exports;631,5469394;USD million
01/02/19;ZWE;Zimbabwe;Monthly;Current Account;Goods;Goods exports;721,1488636;USD million
01/03/19;ZWE;Zimbabwe;Monthly;Current Account;Goods;Goods exports;625,2198742;USD million
01/04/19;ZWE;Zimbabwe;Monthly;Current Account;Goods;Goods exports;789,6137243;USD million
01/05/19;ZWE;Zimbabwe;Monthly;Current Account;Goods;Goods exports;699,9369154;USD million
01/06/19;ZWE;Zimbabwe;Monthly;Current Account;Goods;Goods exports;797,7968;USD million
01/07/19;ZWE;Zimbabwe;Monthly;Current Account;Goods;Goods exports;763,5219702;USD million
01/08/19;ZWE;Zimbabwe;Monthly;Current Account;Goods;Goods exports;640,6642636;USD million
01/09/19;ZWE;Zimbabwe;Monthly;Current Account;Goods;Goods exports;686,5309236;USD million
01/10/19;ZWE;Zimbabwe;Monthly;Current Account;Goods;Goods exports;487,520467;USD million
01/11/19;ZWE;Zimbabwe;Monthly;Current Account;Goods;Goods exports;550,2432926;USD million
01/12/19;ZWE;Zimbabwe;Monthly;Current Account;Goods;Goods exports;670,8936842;USD million
01/01/20;ZWE;Zimbabwe;Monthly;Current Account;Goods;Goods exports;870,7918004;USD million
01/02/20;ZWE;Zimbabwe;Monthly;Current Account;Goods;Goods exports;730,7111288;USD million
01/03/20;ZWE;Zimbabwe;Monthly;Current Account;Goods;Goods exports;738,0588635;USD million
01/04/20;ZWE;Zimbabwe;Monthly;Current Account;Goods;Goods exports;673,6090048;USD million
01/05/20;ZWE;Zimbabwe;Monthly;Current Account;Goods;Goods exports;755,3891182;USD million
01/06/20;ZWE;Zimbabwe;Monthly;Current Account;Goods;Goods exports;782,2754932;USD million
01/07/20;ZWE;Zimbabwe;Monthly;Current Account;Goods;Goods exports;661,8168493;USD million
01/08/20;ZWE;Zimbabwe;Monthly;Current Account;Goods;Goods exports;877,8460064;USD million
01/09/20;ZWE;Zimbabwe;Monthly;Current Account;Goods;Goods exports;799,1246723;USD million
01/10/20;ZWE;Zimbabwe;Monthly;Current Account;Goods;Goods exports;717,4907786;USD million
01/11/20;ZWE;Zimbabwe;Monthly;Current Account;Goods;Goods exports;767,0507275;USD million
01/12/20;ZWE;Zimbabwe;Monthly;Current Account;Goods;Goods exports;747,3893374;USD million
01/01/21;ZWE;Zimbabwe;Monthly;Current Account;Goods;Goods exports;638,1641716;USD million
01/02/21;ZWE;Zimbabwe;Monthly;Current Account;Goods;Goods exports;764,6465127;USD million
01/03/21;ZWE;Zimbabwe;Monthly;Current Account;Goods;Goods exports;860,3860739;USD million
01/04/21;ZWE;Zimbabwe;Monthly;Current Account;Goods;Goods exports;695,5418766;USD million
01/05/21;ZWE;Zimbabwe;Monthly;Current Account;Goods;Goods exports;672,4186449;USD million
01/06/21;ZWE;Zimbabwe;Monthly;Current Account;Goods;Goods exports;689,4054179;USD million
01/07/21;ZWE;Zimbabwe;Monthly;Current Account;Goods;Goods exports;701,2474546;USD million
01/08/21;ZWE;Zimbabwe;Monthly;Current Account;Goods;Goods exports;691,1057845;USD million
01/09/21;ZWE;Zimbabwe;Monthly;Current Account;Goods;Goods exports;665,5400307;USD million
01/10/21;ZWE;Zimbabwe;Monthly;Current Account;Goods;Goods exports;691,8304025;USD million
01/11/21;ZWE;Zimbabwe;Monthly;Current Account;Goods;Goods exports;699,6849865;USD million
01/12/21;ZWE;Zimbabwe;Monthly;Current Account;Goods;Goods exports;734,5675079;USD million
01/01/22;ZWE;Zimbabwe;Monthly;Current Account;Goods;Goods exports;601,5845515;USD million
01/02/22;ZWE;Zimbabwe;Monthly;Current Account;Goods;Goods exports;781,2677412;USD million
01/03/22;ZWE;Zimbabwe;Monthly;Current Account;Goods;Goods exports;862,5203056;USD million
01/04/22;ZWE;Zimbabwe;Monthly;Current Account;Goods;Goods exports;883,6267093;USD million
01/05/22;ZWE;Zimbabwe;Monthly;Current Account;Goods;Goods exports;861,9608698;USD million
01/06/22;ZWE;Zimbabwe;Monthly;Current Account;Goods;Goods exports;884,6908783;USD million
01/07/22;ZWE;Zimbabwe;Monthly;Current Account;Goods;Goods exports;729,4169795;USD million
01/08/22;ZWE;Zimbabwe;Monthly;Current Account;Goods;Goods exports;660,1331165;USD million
01/09/22;ZWE;Zimbabwe;Monthly;Current Account;Goods;Goods exports;535,5794553;USD million
01/10/22;ZWE;Zimbabwe;Monthly;Current Account;Goods;Goods exports;634,1604934;USD million
01/11/22;ZWE;Zimbabwe;Monthly;Current Account;Goods;Goods exports;652,0759872;USD million
01/12/22;ZWE;Zimbabwe;Monthly;Current Account;Goods;Goods exports;650,4857104;USD million
01/01/23;ZWE;Zimbabwe;Monthly;Current Account;Goods;Goods exports;700,4904391;USD million
01/02/23;ZWE;Zimbabwe;Monthly;Current Account;Goods;Goods exports;703,0739769;USD million
01/03/23;ZWE;Zimbabwe;Monthly;Current Account;Goods;Goods exports;736,113014;USD million
01/04/23;ZWE;Zimbabwe;Monthly;Current Account;Goods;Goods exports;633,2096161;USD million
01/05/23;ZWE;Zimbabwe;Monthly;Current Account;Goods;Goods exports;729,5914708;USD million
01/06/23;ZWE;Zimbabwe;Monthly;Current Account;Goods;Goods exports;713,5868791;USD million
01/07/23;ZWE;Zimbabwe;Monthly;Current Account;Goods;Goods exports;649,8019953;USD million
01/08/23;ZWE;Zimbabwe;Monthly;Current Account;Goods;Goods exports;915,0610067;USD million
01/09/23;ZWE;Zimbabwe;Monthly;Current Account;Goods;Goods exports;845,1602445;USD million
01/10/23;ZWE;Zimbabwe;Monthly;Current Account;Goods;Goods exports;851,695256;USD million
01/11/23;ZWE;Zimbabwe;Monthly;Current Account;Goods;Goods exports;595,1298532;USD million
01/12/23;ZWE;Zimbabwe;Monthly;Current Account;Goods;Goods exports;963,4388418;USD million
01/01/24;ZWE;Zimbabwe;Monthly;Current Account;Goods;Goods exports;870,3343885;USD million
01/02/24;ZWE;Zimbabwe;Monthly;Current Account;Goods;Goods exports;811,9044685;USD million
01/03/24;ZWE;Zimbabwe;Monthly;Current Account;Goods;Goods exports;822,9900848;USD million
01/04/24;ZWE;Zimbabwe;Monthly;Current Account;Goods;Goods exports;853,7002273;USD million
01/05/24;ZWE;Zimbabwe;Monthly;Current Account;Goods;Goods exports;727,9042576;USD million
01/06/24;ZWE;Zimbabwe;Monthly;Current Account;Goods;Goods exports;723,3130553;USD million
01/07/24;ZWE;Zimbabwe;Monthly;Current Account;Goods;Goods exports;704,3693303;USD million
01/08/24;ZWE;Zimbabwe;Monthly;Current Account;Goods;Goods exports;787,7305002;USD million
01/09/24;ZWE;Zimbabwe;Monthly;Current Account;Goods;Goods exports;697,0782592;USD million
01/10/24;ZWE;Zimbabwe;Monthly;Current Account;Goods;Goods exports;873,354605;USD million
01/11/24;ZWE;Zimbabwe;Monthly;Current Account;Goods;Goods exports;790,3924493;USD million
01/12/24;ZWE;Zimbabwe;Monthly;Current Account;Goods;Goods exports;805,4123083;USD million
01/01/25;ZWE;Zimbabwe;Monthly;Current Account;Goods;Goods exports;737,6441842;USD million
01/02/25;ZWE;Zimbabwe;Monthly;Current Account;Goods;Goods exports;805,8686935;USD million
01/03/25;ZWE;Zimbabwe;Monthly;Current Account;Goods;Goods exports;699,2844238;USD million
01/04/25;ZWE;Zimbabwe;Monthly;Current Account;Goods;Goods exports;782,2642207;USD million
01/05/25;ZWE;Zimbabwe;Monthly;Current Account;Goods;Goods exports;810,4456019;USD million
01/06/25;ZWE;Zimbabwe;Monthly;Current Account;Goods;Goods exports;989,6648627;USD million
01/07/25;ZWE;Zimbabwe;Monthly;Current Account;Goods;Goods exports;821,6339398;USD million
01/08/25;ZWE;Zimbabwe;Monthly;Current Account;Goods;Goods exports;719,6174703;USD million
01/09/25;ZWE;Zimbabwe;Monthly;Current Account;Goods;Goods exports;724,6800504;USD million
01/10/25;ZWE;Zimbabwe;Monthly;Current Account;Goods;Goods exports;578,3132964;USD million
01/11/25;ZWE;Zimbabwe;Monthly;Current Account;Goods;Goods exports;752,4876309;USD million
01/12/25;ZWE;Zimbabwe;Monthly;Current Account;Goods;Goods exports;593,5603156;USD million
01/01/26;ZWE;Zimbabwe;Monthly;Current Account;Goods;Goods exports;915,1203013;USD million
01/02/26;ZWE;Zimbabwe;Monthly;Current Account;Goods;Goods exports;879,8782617;USD million
01/03/26;ZWE;Zimbabwe;Monthly;Current Account;Goods;Goods exports;697,2296739;USD million
01/04/26;ZWE;Zimbabwe;Monthly;Current Account;Goods;Goods exports;721,0985444;USD million
01/05/26;ZWE;Zimbabwe;Monthly;Current Account;Goods;Goods exports;670,381535;USD million
01/06/26;ZWE;Zimbabwe;Monthly;Current Account;Goods;Goods exports;615,7364234;USD million
01/07/26;ZWE;Zimbabwe;Monthly;Current Account;Goods;Goods exports;714,2628351;USD million
01/08/26;ZWE;Zimbabwe;Monthly;Current Account;Goods;Goods exports;848,7026628;USD million
01/09/26;ZWE;Zimbabwe;Monthly;Current Account;Goods;Goods exports;761,8272175;USD million
01/01/80;ZWE;Zimbabwe;Monthly;Current Account;Goods;Goods imports;-350,0686199;USD million
01/02/80;ZWE;Zimbabwe;Monthly;Current Account;Goods;Goods imports;-465,7337603;USD million
01/03/80;ZWE;Zimbabwe;Monthly;Current Account;Goods;Goods imports;-418,5535708;USD million
01/04/80;ZWE;Zimbabwe;Monthly;Current Account;Goods;Goods imports;-425,1360391;USD million
01/05/80;ZWE;Zimbabwe;Monthly;Current Account;Goods;Goods imports;-388,8235945;USD million
01/06/80;ZWE;Zimbabwe;Monthly;Current Account;Goods;Goods imports;-466,3063279;USD million
01/07/80;ZWE;Zimbabwe;Monthly;Current Account;Goods;Goods imports;-367,4294456;USD million
01/08/80;ZWE;Zimbabwe;Monthly;Current Account;Goods;Goods imports;-495,1293206;USD million
01/09/80;ZWE;Zimbabwe;Monthly;Current Account;Goods;Goods imports;-479,5508117;USD million
01/10/80;ZWE;Zimbabwe;Monthly;Current Account;Goods;Goods imports;-485,8171263;USD million
01/11/80;ZWE;Zimbabwe;Monthly;Current Account;Goods;Goods imports;-415,6346244;USD million
01/12/80;ZWE;Zimbabwe;Monthly;Current Account;Goods;Goods imports;-450,6476406;USD million
01/01/81;ZWE;Zimbabwe;Monthly;Current Account;Goods;Goods imports;-465,5255571;USD million
01/02/81;ZWE;Zimbabwe;Monthly;Current Account;Goods;Goods imports;-377,9410867;USD million
01/03/81;ZWE;Zimbabwe;Monthly;Current Account;Goods;Goods imports;-366,1301152;USD million
01/04/81;ZWE;Zimbabwe;Monthly;Current Account;Goods;Goods imports;-447,309134;USD million
01/05/81;ZWE;Zimbabwe;Monthly;Current Account;Goods;Goods imports;-508,1419113;USD million
01/06/81;ZWE;Zimbabwe;Monthly;Current Account;Goods;Goods imports;-473,408935;USD million
01/07/81;ZWE;Zimbabwe;Monthly;Current Account;Goods;Goods imports;-511,6727667;USD million
01/08/81;ZWE;Zimbabwe;Monthly;Current Account;Goods;Goods imports;-459,1065282;USD million
01/09/81;ZWE;Zimbabwe;Monthly;Current Account;Goods;Goods imports;-445,4884179;USD million
01/10/81;ZWE;Zimbabwe;Monthly;Current Account;Goods;Goods imports;-363,1020087;USD million
01/11/81;ZWE;Zimbabwe;Monthly;Current Account;Goods;Goods imports;-313,4438837;USD million
01/12/81;ZWE;Zimbabwe;Monthly;Current Account;Goods;Goods imports;-435,5738472;USD million
01/01/82;ZWE;Zimbabwe;Monthly;Current Account;Goods;Goods imports;-413,2938496;USD million
01/02/82;ZWE;Zimbabwe;Monthly;Current Account;Goods;Goods imports;-484,1883865;USD million
01/03/82;ZWE;Zimbabwe;Monthly;Current Account;Goods;Goods imports;-567,4720013;USD million
01/04/82;ZWE;Zimbabwe;Monthly;Current Account;Goods;Goods imports;-446,7050886;USD million
01/05/82;ZWE;Zimbabwe;Monthly;Current Account;Goods;Goods imports;-488,626278;USD million
01/06/82;ZWE;Zimbabwe;Monthly;Current Account;Goods;Goods imports;-526,3311973;USD million
01/07/82;ZWE;Zimbabwe;Monthly;Current Account;Goods;Goods imports;-568,6012436;USD million
01/08/82;ZWE;Zimbabwe;Monthly;Current Account;Goods;Goods imports;-414,5024746;USD million
01/09/82;ZWE;Zimbabwe;Monthly;Current Account;Goods;Goods imports;-596,9437517;USD million
01/10/82;ZWE;Zimbabwe;Monthly;Current Account;Goods;Goods imports;-551,1607284;USD million
01/11/82;ZWE;Zimbabwe;Monthly;Current Account;Goods;Goods imports;-467,1563573;USD million
01/12/82;ZWE;Zimbabwe;Monthly;Current Account;Goods;Goods imports;-425,5793096;USD million
01/01/83;ZWE;Zimbabwe;Monthly;Current Account;Goods;Goods imports;-442,7721776;USD million
01/02/83;ZWE;Zimbabwe;Monthly;Current Account;Goods;Goods imports;-406,0005746;USD million
01/03/83;ZWE;Zimbabwe;Monthly;Current Account;Goods;Goods imports;-516,7933582;USD million
01/04/83;ZWE;Zimbabwe;Monthly;Current Account;Goods;Goods imports;-409,0619211;USD million
01/05/83;ZWE;Zimbabwe;Monthly;Current Account;Goods;Goods imports;-461,6850108;USD million
01/06/83;ZWE;Zimbabwe;Monthly;Current Account;Goods;Goods imports;-569,7664889;USD million
01/07/83;ZWE;Zimbabwe;Monthly;Current Account;Goods;Goods imports;-514,6015013;USD million
01/08/83;ZWE;Zimbabwe;Monthly;Current Account;Goods;Goods imports;-535,401345;USD million
01/09/83;ZWE;Zimbabwe;Monthly;Current Account;Goods;Goods imports;-635,9190703;USD million
01/10/83;ZWE;Zimbabwe;Monthly;Current Account;Goods;Goods imports;-321,4477063;USD million
01/11/83;ZWE;Zimbabwe;Monthly;Current Account;Goods;Goods imports;-417,9606473;USD million
01/12/83;ZWE;Zimbabwe;Monthly;Current Account;Goods;Goods imports;-437,3623428;USD million
01/01/84;ZWE;Zimbabwe;Monthly;Current Account;Goods;Goods imports;-469,3374506;USD million
01/02/84;ZWE;Zimbabwe;Monthly;Current Account;Goods;Goods imports;-491,9647371;USD million
01/03/84;ZWE;Zimbabwe;Monthly;Current Account;Goods;Goods imports;-499,9145555;USD million
01/04/84;ZWE;Zimbabwe;Monthly;Current Account;Goods;Goods imports;-420,517198;USD million
01/05/84;ZWE;Zimbabwe;Monthly;Current Account;Goods;Goods imports;-410,3680948;USD million
01/06/84;ZWE;Zimbabwe;Monthly;Current Account;Goods;Goods imports;-412,7953371;USD million
01/07/84;ZWE;Zimbabwe;Monthly;Current Account;Goods;Goods imports;-464,6277135;USD million
01/08/84;ZWE;Zimbabwe;Monthly;Current Account;Goods;Goods imports;-483,0909566;USD million
01/09/84;ZWE;Zimbabwe;Monthly;Current Account;Goods;Goods imports;-474,3128072;USD million
01/10/84;ZWE;Zimbabwe;Monthly;Current Account;Goods;Goods imports;-453,2351611;USD million
01/11/84;ZWE;Zimbabwe;Monthly;Current Account;Goods;Goods imports;-470,1971461;USD million
01/12/84;ZWE;Zimbabwe;Monthly;Current Account;Goods;Goods imports;-594,0289637;USD million
01/01/85;ZWE;Zimbabwe;Monthly;Current Account;Goods;Goods imports;-430,7412264;USD million
01/02/85;ZWE;Zimbabwe;Monthly;Current Account;Goods;Goods imports;-530,3007454;USD million
01/03/85;ZWE;Zimbabwe;Monthly;Current Account;Goods;Goods imports;-554,5630185;USD million
01/04/85;ZWE;Zimbabwe;Monthly;Current Account;Goods;Goods imports;-491,2318132;USD million
01/05/85;ZWE;Zimbabwe;Monthly;Current Account;Goods;Goods imports;-519,6769029;USD million
01/06/85;ZWE;Zimbabwe;Monthly;Current Account;Goods;Goods imports;-392,485681;USD million
01/07/85;ZWE;Zimbabwe;Monthly;Current Account;Goods;Goods imports;-464,4120886;USD million
01/08/85;ZWE;Zimbabwe;Monthly;Current Account;Goods;Goods imports;-401,175867;USD million
01/09/85;ZWE;Zimbabwe;Monthly;Current Account;Goods;Goods imports;-544,5131667;USD million
01/10/85;ZWE;Zimbabwe;Monthly;Current Account;Goods;Goods imports;-609,5044844;USD million
01/11/85;ZWE;Zimbabwe;Monthly;Current Account;Goods;Goods imports;-479,9475812;USD million
01/12/85;ZWE;Zimbabwe;Monthly;Current Account;Goods;Goods imports;-373,8487418;USD million
01/01/86;ZWE;Zimbabwe;Monthly;Current Account;Goods;Goods imports;-548,3541095;USD million
01/02/86;ZWE;Zimbabwe;Monthly;Current Account;Goods;Goods imports;-448,8389372;USD million
01/03/86;ZWE;Zimbabwe;Monthly;Current Account;Goods;Goods imports;-550,8454354;USD million
01/04/86;ZWE;Zimbabwe;Monthly;Current Account;Goods;Goods imports;-454,621138;USD million
01/05/86;ZWE;Zimbabwe;Monthly;Current Account;Goods;Goods imports;-430,7346665;USD million
01/06/86;ZWE;Zimbabwe;Monthly;Current Account;Goods;Goods imports;-655,8839806;USD million
01/07/86;ZWE;Zimbabwe;Monthly;Current Account;Goods;Goods imports;-495,0432908;USD million
01/08/86;ZWE;Zimbabwe;Monthly;Current Account;Goods;Goods imports;-455,7604002;USD million
01/09/86;ZWE;Zimbabwe;Monthly;Current Account;Goods;Goods imports;-568,5402726;USD million
01/10/86;ZWE;Zimbabwe;Monthly;Current Account;Goods;Goods imports;-631,1845044;USD million
01/11/86;ZWE;Zimbabwe;Monthly;Current Account;Goods;Goods imports;-543,2390619;USD million
01/12/86;ZWE;Zimbabwe;Monthly;Current Account;Goods;Goods imports;-565,4850047;USD million
01/01/87;ZWE;Zimbabwe;Monthly;Current Account;Goods;Goods imports;-528,1154349;USD million
01/02/87;ZWE;Zimbabwe;Monthly;Current Account;Goods;Goods imports;-473,7909476;USD million
01/03/87;ZWE;Zimbabwe;Monthly;Current Account;Goods;Goods imports;-589,4141878;USD million
01/04/87;ZWE;Zimbabwe;Monthly;Current Account;Goods;Goods imports;-432,3454634;USD million
01/05/87;ZWE;Zimbabwe;Monthly;Current Account;Goods;Goods imports;-559,103569;USD million
01/06/87;ZWE;Zimbabwe;Monthly;Current Account;Goods;Goods imports;-543,6631564;USD million
01/07/87;ZWE;Zimbabwe;Monthly;Current Account;Goods;Goods imports;-503,8734349;USD million
01/08/87;ZWE;Zimbabwe;Monthly;Current Account;Goods;Goods imports;-442,9622381;USD million
01/09/87;ZWE;Zimbabwe;Monthly;Current Account;Goods;Goods imports;-498,2118427;USD million
01/10/87;ZWE;Zimbabwe;Monthly;Current Account;Goods;Goods imports;-416,8698739;USD million
01/11/87;ZWE;Zimbabwe;Monthly;Current Account;Goods;Goods imports;-464,5413449;USD million
01/12/87;ZWE;Zimbabwe;Monthly;Current Account;Goods;Goods imports;-572,6815003;USD million
01/01/88;ZWE;Zimbabwe;Monthly;Current Account;Goods;Goods imports;-500,263127;USD million
01/02/88;ZWE;Zimbabwe;Monthly;Current Account;Goods;Goods imports;-455,1887813;USD million
01/03/88;ZWE;Zimbabwe;Monthly;Current Account;Goods;Goods imports;-486,3918197;USD million
01/04/88;ZWE;Zimbabwe;Monthly;Current Account;Goods;Goods imports;-555,0789726;USD million
01/05/88;ZWE;Zimbabwe;Monthly;Current Account;Goods;Goods imports;-512,1023809;USD million
01/06/88;ZWE;Zimbabwe;Monthly;Current Account;Goods;Goods imports;-598,0364164;USD million
01/07/88;ZWE;Zimbabwe;Monthly;Current Account;Goods;Goods imports;-464,5167;USD million
01/08/88;ZWE;Zimbabwe;Monthly;Current Account;Goods;Goods imports;-552,3814233;USD million
01/09/88;ZWE;Zimbabwe;Monthly;Current Account;Goods;Goods imports;-484,0045409;USD million
01/10/88;ZWE;Zimbabwe;Monthly;Current Account;Goods;Goods imports;-459,5362964;USD million
01/11/88;ZWE;Zimbabwe;Monthly;Current Account;Goods;Goods imports;-521,8162995;USD million
01/12/88;ZWE;Zimbabwe;Monthly;Current Account;Goods;Goods imports;-447,1686092;USD million
01/01/89;ZWE;Zimbabwe;Monthly;Current Account;Goods;Goods imports;-504,1213021;USD million
01/02/89;ZWE;Zimbabwe;Monthly;Current Account;Goods;Goods imports;-487,5758476;USD million
01/03/89;ZWE;Zimbabwe;Monthly;Current Account;Goods;Goods imports;-451,6725837;USD million
01/04/89;ZWE;Zimbabwe;Monthly;Current Account;Goods;Goods imports;-585,7484282;USD million
01/05/89;ZWE;Zimbabwe;Monthly;Current Account;Goods;Goods imports;-447,5679604;USD million
01/06/89;ZWE;Zimbabwe;Monthly;Current Account;Goods;Goods imports;-535,4400063;USD million
01/07/89;ZWE;Zimbabwe;Monthly;Current Account;Goods;Goods imports;-517,1512492;USD million
01/08/89;ZWE;Zimbabwe;Monthly;Current Account;Goods;Goods imports;-713,7063035;USD million
01/09/89;ZWE;Zimbabwe;Monthly;Current Account;Goods;Goods imports;-520,2071981;USD million
01/10/89;ZWE;Zimbabwe;Monthly;Current Account;Goods;Goods imports;-602,6238562;USD million
01/11/89;ZWE;Zimbabwe;Monthly;Current Account;Goods;Goods imports;-497,1398317;USD million
01/12/89;ZWE;Zimbabwe;Monthly;Current Account;Goods;Goods imports;-536,5252747;USD million
01/01/90;ZWE;Zimbabwe;Monthly;Current Account;Goods;Goods imports;-628,8610386;USD million
01/02/90;ZWE;Zimbabwe;Monthly;Current Account;Goods;Goods imports;-662,3788188;USD million
01/03/90;ZWE;Zimbabwe;Monthly;Current Account;Goods;Goods imports;-561,3645351;USD million
01/04/90;ZWE;Zimbabwe;Monthly;Current Account;Goods;Goods imports;-553,9389213;USD million
01/05/90;ZWE;Zimbabwe;Monthly;Current Account;Goods;Goods imports;-577,6510498;USD million
01/06/90;ZWE;Zimbabwe;Monthly;Current Account;Goods;Goods imports;-519,4716243;USD million
01/07/90;ZWE;Zimbabwe;Monthly;Current Account;Goods;Goods imports;-527,4056402;USD million
01/08/90;ZWE;Zimbabwe;Monthly;Current Account;Goods;Goods imports;-511,2527465;USD million
01/09/90;ZWE;Zimbabwe;Monthly;Current Account;Goods;Goods imports;-619,4086058;USD million
01/10/90;ZWE;Zimbabwe;Monthly;Current Account;Goods;Goods imports;-503,1916544;USD million
01/11/90;ZWE;Zimbabwe;Monthly;Current Account;Goods;Goods imports;-627,6623489;USD million
01/12/90;ZWE;Zimbabwe;Monthly;Current Account;Goods;Goods imports;-723,5308688;USD million
01/01/91;ZWE;Zimbabwe;Monthly;Current Account;Goods;Goods imports;-523,8968363;USD million
01/02/91;ZWE;Zimbabwe;Monthly;Current Account;Goods;Goods imports;-592,9427027;USD million
01/03/91;ZWE;Zimbabwe;Monthly;Current Account;Goods;Goods imports;-550,502825;USD million
01/04/91;ZWE;Zimbabwe;Monthly;Current Account;Goods;Goods imports;-469,6982093;USD million
01/05/91;ZWE;Zimbabwe;Monthly;Current Account;Goods;Goods imports;-551,8879833;USD million
01/06/91;ZWE;Zimbabwe;Monthly;Current Account;Goods;Goods imports;-600,7541019;USD million
01/07/91;ZWE;Zimbabwe;Monthly;Current Account;Goods;Goods imports;-538,2506398;USD million
01/08/91;ZWE;Zimbabwe;Monthly;Current Account;Goods;Goods imports;-634,7863951;USD million
01/09/91;ZWE;Zimbabwe;Monthly;Current Account;Goods;Goods imports;-536,1610026;USD million
01/10/91;ZWE;Zimbabwe;Monthly;Current Account;Goods;Goods imports;-410,1146203;USD million
01/11/91;ZWE;Zimbabwe;Monthly;Current Account;Goods;Goods imports;-522,6292996;USD million
01/12/91;ZWE;Zimbabwe;Monthly;Current Account;Goods;Goods imports;-567,7906906;USD million
01/01/92;ZWE;Zimbabwe;Monthly;Current Account;Goods;Goods imports;-434,7280494;USD million
01/02/92;ZWE;Zimbabwe;Monthly;Current Account;Goods;Goods imports;-550,3730311;USD million
01/03/92;ZWE;Zimbabwe;Monthly;Current Account;Goods;Goods imports;-504,5938519;USD million
01/04/92;ZWE;Zimbabwe;Monthly;Current Account;Goods;Goods imports;-559,4085045;USD million
01/05/92;ZWE;Zimbabwe;Monthly;Current Account;Goods;Goods imports;-424,0887227;USD million
01/06/92;ZWE;Zimbabwe;Monthly;Current Account;Goods;Goods imports;-521,8589308;USD million
01/07/92;ZWE;Zimbabwe;Monthly;Current Account;Goods;Goods imports;-542,4234969;USD million
01/08/92;ZWE;Zimbabwe;Monthly;Current Account;Goods;Goods imports;-396,785112;USD million
01/09/92;ZWE;Zimbabwe;Monthly;Current Account;Goods;Goods imports;-584,9136619;USD million
01/10/92;ZWE;Zimbabwe;Monthly;Current Account;Goods;Goods imports;-494,660626;USD million
01/11/92;ZWE;Zimbabwe;Monthly;Current Account;Goods;Goods imports;-501,8228291;USD million
01/12/92;ZWE;Zimbabwe;Monthly;Current Account;Goods;Goods imports;-487,8830089;USD million
01/01/93;ZWE;Zimbabwe;Monthly;Current Account;Goods;Goods imports;-585,3275859;USD million
01/02/93;ZWE;Zimbabwe;Monthly;Current Account;Goods;Goods imports;-653,3659168;USD million
01/03/93;ZWE;Zimbabwe;Monthly;Current Account;Goods;Goods imports;-471,512707;USD million
01/04/93;ZWE;Zimbabwe;Monthly;Current Account;Goods;Goods imports;-496,6836952;USD million
01/05/93;ZWE;Zimbabwe;Monthly;Current Account;Goods;Goods imports;-519,2583274;USD million
01/06/93;ZWE;Zimbabwe;Monthly;Current Account;Goods;Goods imports;-590,9247673;USD million
01/07/93;ZWE;Zimbabwe;Monthly;Current Account;Goods;Goods imports;-446,243947;USD million
01/08/93;ZWE;Zimbabwe;Monthly;Current Account;Goods;Goods imports;-473,1205961;USD million
01/09/93;ZWE;Zimbabwe;Monthly;Current Account;Goods;Goods imports;-543,5095605;USD million
01/10/93;ZWE;Zimbabwe;Monthly;Current Account;Goods;Goods imports;-538,0392063;USD million
01/11/93;ZWE;Zimbabwe;Monthly;Current Account;Goods;Goods imports;-505,1284865;USD million
01/12/93;ZWE;Zimbabwe;Monthly;Current Account;Goods;Goods imports;-509,865363;USD million
01/01/94;ZWE;Zimbabwe;Monthly;Current Account;Goods;Goods imports;-436,0112297;USD million
01/02/94;ZWE;Zimbabwe;Monthly;Current Account;Goods;Goods imports;-467,5895472;USD million
01/03/94;ZWE;Zimbabwe;Monthly;Current Account;Goods;Goods imports;-535,4064552;USD million
01/04/94;ZWE;Zimbabwe;Monthly;Current Account;Goods;Goods imports;-527,1674517;USD million
01/05/94;ZWE;Zimbabwe;Monthly;Current Account;Goods;Goods imports;-547,0288636;USD million
01/06/94;ZWE;Zimbabwe;Monthly;Current Account;Goods;Goods imports;-600,6143798;USD million
01/07/94;ZWE;Zimbabwe;Monthly;Current Account;Goods;Goods imports;-478,9155217;USD million
01/08/94;ZWE;Zimbabwe;Monthly;Current Account;Goods;Goods imports;-549,3677552;USD million
01/09/94;ZWE;Zimbabwe;Monthly;Current Account;Goods;Goods imports;-441,225637;USD million
01/10/94;ZWE;Zimbabwe;Monthly;Current Account;Goods;Goods imports;-498,867187;USD million
01/11/94;ZWE;Zimbabwe;Monthly;Current Account;Goods;Goods imports;-485,9103026;USD million
01/12/94;ZWE;Zimbabwe;Monthly;Current Account;Goods;Goods imports;-431,1693141;USD million
01/01/95;ZWE;Zimbabwe;Monthly;Current Account;Goods;Goods imports;-596,8725862;USD million
01/02/95;ZWE;Zimbabwe;Monthly;Current Account;Goods;Goods imports;-443,655602;USD million
01/03/95;ZWE;Zimbabwe;Monthly;Current Account;Goods;Goods imports;-541,7675836;USD million
01/04/95;ZWE;Zimbabwe;Monthly;Current Account;Goods;Goods imports;-482,8767222;USD million
01/05/95;ZWE;Zimbabwe;Monthly;Current Account;Goods;Goods imports;-513,3828061;USD million
01/06/95;ZWE;Zimbabwe;Monthly;Current Account;Goods;Goods imports;-579,0089072;USD million
01/07/95;ZWE;Zimbabwe;Monthly;Current Account;Goods;Goods imports;-597,7440621;USD million
01/08/95;ZWE;Zimbabwe;Monthly;Current Account;Goods;Goods imports;-576,1704445;USD million
01/09/95;ZWE;Zimbabwe;Monthly;Current Account;Goods;Goods imports;-631,5735968;USD million
01/10/95;ZWE;Zimbabwe;Monthly;Current Account;Goods;Goods imports;-503,5062992;USD million
01/11/95;ZWE;Zimbabwe;Monthly;Current Account;Goods;Goods imports;-444,3609049;USD million
01/12/95;ZWE;Zimbabwe;Monthly;Current Account;Goods;Goods imports;-493,3687564;USD million
01/01/96;ZWE;Zimbabwe;Monthly;Current Account;Goods;Goods imports;-514,6582729;USD million
01/02/96;ZWE;Zimbabwe;Monthly;Current Account;Goods;Goods imports;-499,3740498;USD million
01/03/96;ZWE;Zimbabwe;Monthly;Current Account;Goods;Goods imports;-446,3655103;USD million
01/04/96;ZWE;Zimbabwe;Monthly;Current Account;Goods;Goods imports;-469,6807775;USD million
01/05/96;ZWE;Zimbabwe;Monthly;Current Account;Goods;Goods imports;-572,4299803;USD million
01/06/96;ZWE;Zimbabwe;Monthly;Current Account;Goods;Goods imports;-456,1165978;USD million
01/07/96;ZWE;Zimbabwe;Monthly;Current Account;Goods;Goods imports;-578,3900152;USD million
01/08/96;ZWE;Zimbabwe;Monthly;Current Account;Goods;Goods imports;-581,7731392;USD million
01/09/96;ZWE;Zimbabwe;Monthly;Current Account;Goods;Goods imports;-472,2857782;USD million
01/10/96;ZWE;Zimbabwe;Monthly;Current Account;Goods;Goods imports;-519,6881997;USD million
01/11/96;ZWE;Zimbabwe;Monthly;Current Account;Goods;Goods imports;-535,1047035;USD million
01/12/96;ZWE;Zimbabwe;Monthly;Current Account;Goods;Goods imports;-501,3729364;USD million
01/01/97;ZWE;Zimbabwe;Monthly;Current Account;Goods;Goods imports;-620,3904421;USD million
01/02/97;ZWE;Zimbabwe;Monthly;Current Account;Goods;Goods imports;-451,3652471;USD million
01/03/97;ZWE;Zimbabwe;Monthly;Current Account;Goods;Goods imports;-513,0860591;USD million
01/04/97;ZWE;Zimbabwe;Monthly;Current Account;Goods;Goods imports;-656,9619853;USD million
01/05/97;ZWE;Zimbabwe;Monthly;Current Account;Goods;Goods imports;-571,9379157;USD million
01/06/97;ZWE;Zimbabwe;Monthly;Current Account;Goods;Goods imports;-507,3260993;USD million
01/07/97;ZWE;Zimbabwe;Monthly;Current Account;Goods;Goods imports;-611,4143272;USD million
01/08/97;ZWE;Zimbabwe;Monthly;Current Account;Goods;Goods imports;-628,0181967;USD million
01/09/97;ZWE;Zimbabwe;Monthly;Current Account;Goods;Goods imports;-526,7742655;USD million
01/10/97;ZWE;Zimbabwe;Monthly;Current Account;Goods;Goods imports;-450,011377;USD million
01/11/97;ZWE;Zimbabwe;Monthly;Current Account;Goods;Goods imports;-474,2451123;USD million
01/12/97;ZWE;Zimbabwe;Monthly;Current Account;Goods;Goods imports;-587,4550783;USD million
01/01/98;ZWE;Zimbabwe;Monthly;Current Account;Goods;Goods imports;-598,4577208;USD million
01/02/98;ZWE;Zimbabwe;Monthly;Current Account;Goods;Goods imports;-708,307157;USD million
01/03/98;ZWE;Zimbabwe;Monthly;Current Account;Goods;Goods imports;-409,3301337;USD million
01/04/98;ZWE;Zimbabwe;Monthly;Current Account;Goods;Goods imports;-446,4707272;USD million
01/05/98;ZWE;Zimbabwe;Monthly;Current Account;Goods;Goods imports;-537,1663405;USD million
01/06/98;ZWE;Zimbabwe;Monthly;Current Account;Goods;Goods imports;-522,9157641;USD million
01/07/98;ZWE;Zimbabwe;Monthly;Current Account;Goods;Goods imports;-548,2169975;USD million
01/08/98;ZWE;Zimbabwe;Monthly;Current Account;Goods;Goods imports;-588,7270621;USD million
01/09/98;ZWE;Zimbabwe;Monthly;Current Account;Goods;Goods imports;-480,4352046;USD million
01/10/98;ZWE;Zimbabwe;Monthly;Current Account;Goods;Goods imports;-583,2987934;USD million
01/11/98;ZWE;Zimbabwe;Monthly;Current Account;Goods;Goods imports;-699,9916257;USD million
01/12/98;ZWE;Zimbabwe;Monthly;Current Account;Goods;Goods imports;-519,5197908;USD million
01/01/99;ZWE;Zimbabwe;Monthly;Current Account;Goods;Goods imports;-628,9352323;USD million
01/02/99;ZWE;Zimbabwe;Monthly;Current Account;Goods;Goods imports;-517,7608931;USD million
01/03/99;ZWE;Zimbabwe;Monthly;Current Account;Goods;Goods imports;-581,8776848;USD million
01/04/99;ZWE;Zimbabwe;Monthly;Current Account;Goods;Goods imports;-553,9629947;USD million
01/05/99;ZWE;Zimbabwe;Monthly;Current Account;Goods;Goods imports;-615,7174942;USD million
01/06/99;ZWE;Zimbabwe;Monthly;Current Account;Goods;Goods imports;-531,3124001;USD million
01/07/99;ZWE;Zimbabwe;Monthly;Current Account;Goods;Goods imports;-531,5738378;USD million
01/08/99;ZWE;Zimbabwe;Monthly;Current Account;Goods;Goods imports;-409,8025103;USD million
01/09/99;ZWE;Zimbabwe;Monthly;Current Account;Goods;Goods imports;-548,7269969;USD million
01/10/99;ZWE;Zimbabwe;Monthly;Current Account;Goods;Goods imports;-599,5944564;USD million
01/11/99;ZWE;Zimbabwe;Monthly;Current Account;Goods;Goods imports;-495,2991706;USD million
01/12/99;ZWE;Zimbabwe;Monthly;Current Account;Goods;Goods imports;-492,167082;USD million
01/01/00;ZWE;Zimbabwe;Monthly;Current Account;Goods;Goods imports;-542,6894469;USD million
01/02/00;ZWE;Zimbabwe;Monthly;Current Account;Goods;Goods imports;-585,3610959;USD million
01/03/00;ZWE;Zimbabwe;Monthly;Current Account;Goods;Goods imports;-663,677645;USD million
01/04/00;ZWE;Zimbabwe;Monthly;Current Account;Goods;Goods imports;-538,57592;USD million
01/05/00;ZWE;Zimbabwe;Monthly;Current Account;Goods;Goods imports;-568,2559949;USD million
01/06/00;ZWE;Zimbabwe;Monthly;Current Account;Goods;Goods imports;-612,4152368;USD million
01/07/00;ZWE;Zimbabwe;Monthly;Current Account;Goods;Goods imports;-740,8882877;USD million
01/08/00;ZWE;Zimbabwe;Monthly;Current Account;Goods;Goods imports;-582,1186662;USD million
01/09/00;ZWE;Zimbabwe;Monthly;Current Account;Goods;Goods imports;-548,54046;USD million
01/10/00;ZWE;Zimbabwe;Monthly;Current Account;Goods;Goods imports;-513,8510122;USD million
01/11/00;ZWE;Zimbabwe;Monthly;Current Account;Goods;Goods imports;-617,9009434;USD million
01/12/00;ZWE;Zimbabwe;Monthly;Current Account;Goods;Goods imports;-479,8709568;USD million
01/01/01;ZWE;Zimbabwe;Monthly;Current Account;Goods;Goods imports;-450,2316809;USD million
01/02/01;ZWE;Zimbabwe;Monthly;Current Account;Goods;Goods imports;-503,8017687;USD million
01/03/01;ZWE;Zimbabwe;Monthly;Current Account;Goods;Goods imports;-459,7142072;USD million
01/04/01;ZWE;Zimbabwe;Monthly;Current Account;Goods;Goods imports;-553,6927922;USD million
01/05/01;ZWE;Zimbabwe;Monthly;Current Account;Goods;Goods imports;-501,289809;USD million
01/06/01;ZWE;Zimbabwe;Monthly;Current Account;Goods;Goods imports;-592,2270653;USD million
01/07/01;ZWE;Zimbabwe;Monthly;Current Account;Goods;Goods imports;-527,2961735;USD million
01/08/01;ZWE;Zimbabwe;Monthly;Current Account;Goods;Goods imports;-544,3489039;USD million
01/09/01;ZWE;Zimbabwe;Monthly;Current Account;Goods;Goods imports;-513,5272742;USD million
01/10/01;ZWE;Zimbabwe;Monthly;Current Account;Goods;Goods imports;-710,290402;USD million
01/11/01;ZWE;Zimbabwe;Monthly;Current Account;Goods;Goods imports;-490,4842769;USD million
01/12/01;ZWE;Zimbabwe;Monthly;Current Account;Goods;Goods imports;-535,3856048;USD million
01/01/02;ZWE;Zimbabwe;Monthly;Current Account;Goods;Goods imports;-680,4769144;USD million
01/02/02;ZWE;Zimbabwe;Monthly;Current Account;Goods;Goods imports;-464,6959266;USD million
01/03/02;ZWE;Zimbabwe;Monthly;Current Account;Goods;Goods imports;-576,205438;USD million
01/04/02;ZWE;Zimbabwe;Monthly;Current Account;Goods;Goods imports;-606,7227067;USD million
01/05/02;ZWE;Zimbabwe;Monthly;Current Account;Goods;Goods imports;-508,4692945;USD million
01/06/02;ZWE;Zimbabwe;Monthly;Current Account;Goods;Goods imports;-494,8251682;USD million
01/07/02;ZWE;Zimbabwe;Monthly;Current Account;Goods;Goods imports;-639,2935326;USD million
01/08/02;ZWE;Zimbabwe;Monthly;Current Account;Goods;Goods imports;-555,3395642;USD million
01/09/02;ZWE;Zimbabwe;Monthly;Current Account;Goods;Goods imports;-603,2022581;USD million
01/10/02;ZWE;Zimbabwe;Monthly;Current Account;Goods;Goods imports;-590,0994812;USD million
01/11/02;ZWE;Zimbabwe;Monthly;Current Account;Goods;Goods imports;-552,5070794;USD million
01/12/02;ZWE;Zimbabwe;Monthly;Current Account;Goods;Goods imports;-647,4117948;USD million
01/01/03;ZWE;Zimbabwe;Monthly;Current Account;Goods;Goods imports;-788,3031846;USD million
01/02/03;ZWE;Zimbabwe;Monthly;Current Account;Goods;Goods imports;-729,0041327;USD million
01/03/03;ZWE;Zimbabwe;Monthly;Current Account;Goods;Goods imports;-521,4708564;USD million
01/04/03;ZWE;Zimbabwe;Monthly;Current Account;Goods;Goods imports;-633,5421367;USD million
01/05/03;ZWE;Zimbabwe;Monthly;Current Account;Goods;Goods imports;-559,1548692;USD million
01/06/03;ZWE;Zimbabwe;Monthly;Current Account;Goods;Goods imports;-586,4125251;USD million
01/07/03;ZWE;Zimbabwe;Monthly;Current Account;Goods;Goods imports;-667,5239862;USD million
01/08/03;ZWE;Zimbabwe;Monthly;Current Account;Goods;Goods imports;-767,0049857;USD million
01/09/03;ZWE;Zimbabwe;Monthly;Current Account;Goods;Goods imports;-611,4122114;USD million
01/10/03;ZWE;Zimbabwe;Monthly;Current Account;Goods;Goods imports;-645,6066696;USD million
01/11/03;ZWE;Zimbabwe;Monthly;Current Account;Goods;Goods imports;-681,9020539;USD million
01/12/03;ZWE;Zimbabwe;Monthly;Current Account;Goods;Goods imports;-733,3371459;USD million
01/01/04;ZWE;Zimbabwe;Monthly;Current Account;Goods;Goods imports;-587,4125015;USD million
01/02/04;ZWE;Zimbabwe;Monthly;Current Account;Goods;Goods imports;-547,0570975;USD million
01/03/04;ZWE;Zimbabwe;Monthly;Current Account;Goods;Goods imports;-599,4222781;USD million
01/04/04;ZWE;Zimbabwe;Monthly;Current Account;Goods;Goods imports;-640,1708819;USD million
01/05/04;ZWE;Zimbabwe;Monthly;Current Account;Goods;Goods imports;-732,2208097;USD million
01/06/04;ZWE;Zimbabwe;Monthly;Current Account;Goods;Goods imports;-625,1279407;USD million
01/07/04;ZWE;Zimbabwe;Monthly;Current Account;Goods;Goods imports;-593,7201249;USD million
01/08/04;ZWE;Zimbabwe;Monthly;Current Account;Goods;Goods imports;-557,2559103;USD million
01/09/04;ZWE;Zimbabwe;Monthly;Current Account;Goods;Goods imports;-553,3331705;USD million
01/10/04;ZWE;Zimbabwe;Monthly;Current Account;Goods;Goods imports;-557,810742;USD million
01/11/04;ZWE;Zimbabwe;Monthly;Current Account;Goods;Goods imports;-550,7811133;USD million
01/12/04;ZWE;Zimbabwe;Monthly;Current Account;Goods;Goods imports;-517,9710075;USD million
01/01/05;ZWE;Zimbabwe;Monthly;Current Account;Goods;Goods imports;-570,9935314;USD million
01/02/05;ZWE;Zimbabwe;Monthly;Current Account;Goods;Goods imports;-548,506783;USD million
01/03/05;ZWE;Zimbabwe;Monthly;Current Account;Goods;Goods imports;-507,8490443;USD million
01/04/05;ZWE;Zimbabwe;Monthly;Current Account;Goods;Goods imports;-583,0478887;USD million
01/05/05;ZWE;Zimbabwe;Monthly;Current Account;Goods;Goods imports;-624,2162945;USD million
01/06/05;ZWE;Zimbabwe;Monthly;Current Account;Goods;Goods imports;-596,6316203;USD million
01/07/05;ZWE;Zimbabwe;Monthly;Current Account;Goods;Goods imports;-713,8096684;USD million
01/08/05;ZWE;Zimbabwe;Monthly;Current Account;Goods;Goods imports;-557,8324054;USD million
01/09/05;ZWE;Zimbabwe;Monthly;Current Account;Goods;Goods imports;-554,1438614;USD million
01/10/05;ZWE;Zimbabwe;Monthly;Current Account;Goods;Goods imports;-645,7679708;USD million
01/11/05;ZWE;Zimbabwe;Monthly;Current Account;Goods;Goods imports;-695,3686043;USD million
01/12/05;ZWE;Zimbabwe;Monthly;Current Account;Goods;Goods imports;-666,0586708;USD million
01/01/06;ZWE;Zimbabwe;Monthly;Current Account;Goods;Goods imports;-595,9884264;USD million
01/02/06;ZWE;Zimbabwe;Monthly;Current Account;Goods;Goods imports;-831,1229527;USD million
01/03/06;ZWE;Zimbabwe;Monthly;Current Account;Goods;Goods imports;-776,378726;USD million
01/04/06;ZWE;Zimbabwe;Monthly;Current Account;Goods;Goods imports;-663,4836577;USD million
01/05/06;ZWE;Zimbabwe;Monthly;Current Account;Goods;Goods imports;-770,4996605;USD million
01/06/06;ZWE;Zimbabwe;Monthly;Current Account;Goods;Goods imports;-621,1040168;USD million
01/07/06;ZWE;Zimbabwe;Monthly;Current Account;Goods;Goods imports;-608,659769;USD million
01/08/06;ZWE;Zimbabwe;Monthly;Current Account;Goods;Goods imports;-738,2881003;USD million
01/09/06;ZWE;Zimbabwe;Monthly;Current Account;Goods;Goods imports;-676,3313702;USD million
01/10/06;ZWE;Zimbabwe;Monthly;Current Account;Goods;Goods imports;-664,6310304;USD million
01/11/06;ZWE;Zimbabwe;Monthly;Current Account;Goods;Goods imports;-556,5980229;USD million
01/12/06;ZWE;Zimbabwe;Monthly;Current Account;Goods;Goods imports;-629,8990673;USD million
01/01/07;ZWE;Zimbabwe;Monthly;Current Account;Goods;Goods imports;-520,2159006;USD million
01/02/07;ZWE;Zimbabwe;Monthly;Current Account;Goods;Goods imports;-576,7987878;USD million
01/03/07;ZWE;Zimbabwe;Monthly;Current Account;Goods;Goods imports;-595,3406531;USD million
01/04/07;ZWE;Zimbabwe;Monthly;Current Account;Goods;Goods imports;-559,1957295;USD million
01/05/07;ZWE;Zimbabwe;Monthly;Current Account;Goods;Goods imports;-670,4605695;USD million
01/06/07;ZWE;Zimbabwe;Monthly;Current Account;Goods;Goods imports;-641,6067386;USD million
01/07/07;ZWE;Zimbabwe;Monthly;Current Account;Goods;Goods imports;-671,915242;USD million
01/08/07;ZWE;Zimbabwe;Monthly;Current Account;Goods;Goods imports;-670,3625369;USD million
01/09/07;ZWE;Zimbabwe;Monthly;Current Account;Goods;Goods imports;-697,2865295;USD million
01/10/07;ZWE;Zimbabwe;Monthly;Current Account;Goods;Goods imports;-654,3796423;USD million
01/11/07;ZWE;Zimbabwe;Monthly;Current Account;Goods;Goods imports;-639,3255795;USD million
01/12/07;ZWE;Zimbabwe;Monthly;Current Account;Goods;Goods imports;-544,5384837;USD million
01/01/08;ZWE;Zimbabwe;Monthly;Current Account;Goods;Goods imports;-666,692163;USD million
01/02/08;ZWE;Zimbabwe;Monthly;Current Account;Goods;Goods imports;-534,5827508;USD million
01/03/08;ZWE;Zimbabwe;Monthly;Current Account;Goods;Goods imports;-608,3657408;USD million
01/04/08;ZWE;Zimbabwe;Monthly;Current Account;Goods;Goods imports;-714,4886326;USD million
01/05/08;ZWE;Zimbabwe;Monthly;Current Account;Goods;Goods imports;-537,1358015;USD million
01/06/08;ZWE;Zimbabwe;Monthly;Current Account;Goods;Goods imports;-494,6392473;USD million
01/07/08;ZWE;Zimbabwe;Monthly;Current Account;Goods;Goods imports;-595,0778342;USD million
01/08/08;ZWE;Zimbabwe;Monthly;Current Account;Goods;Goods imports;-647,8376882;USD million
01/09/08;ZWE;Zimbabwe;Monthly;Current Account;Goods;Goods imports;-725,3343062;USD million
01/10/08;ZWE;Zimbabwe;Monthly;Current Account;Goods;Goods imports;-610,3015937;USD million
01/11/08;ZWE;Zimbabwe;Monthly;Current Account;Goods;Goods imports;-543,9555331;USD million
01/12/08;ZWE;Zimbabwe;Monthly;Current Account;Goods;Goods imports;-561,8538483;USD million
01/01/09;ZWE;Zimbabwe;Monthly;Current Account;Goods;Goods imports;-875,3538989;USD million
01/02/09;ZWE;Zimbabwe;Monthly;Current Account;Goods;Goods imports;-883,0783981;USD million
01/03/09;ZWE;Zimbabwe;Monthly;Current Account;Goods;Goods imports;-575,3768935;USD million
01/04/09;ZWE;Zimbabwe;Monthly;Current Account;Goods;Goods imports;-629,2641291;USD million
01/05/09;ZWE;Zimbabwe;Monthly;Current Account;Goods;Goods imports;-628,4357408;USD million
01/06/09;ZWE;Zimbabwe;Monthly;Current Account;Goods;Goods imports;-610,006485;USD million
01/07/09;ZWE;Zimbabwe;Monthly;Current Account;Goods;Goods imports;-581,5312773;USD million
01/08/09;ZWE;Zimbabwe;Monthly;Current Account;Goods;Goods imports;-734,7551599;USD million
01/09/09;ZWE;Zimbabwe;Monthly;Current Account;Goods;Goods imports;-619,2592028;USD million
01/10/09;ZWE;Zimbabwe;Monthly;Current Account;Goods;Goods imports;-588,4681669;USD million
01/11/09;ZWE;Zimbabwe;Monthly;Current Account;Goods;Goods imports;-507,4714451;USD million
01/12/09;ZWE;Zimbabwe;Monthly;Current Account;Goods;Goods imports;-679,4338248;USD million
01/01/10;ZWE;Zimbabwe;Monthly;Current Account;Goods;Goods imports;-588,9778166;USD million
01/02/10;ZWE;Zimbabwe;Monthly;Current Account;Goods;Goods imports;-765,7686564;USD million
01/03/10;ZWE;Zimbabwe;Monthly;Current Account;Goods;Goods imports;-572,503406;USD million
01/04/10;ZWE;Zimbabwe;Monthly;Current Account;Goods;Goods imports;-666,3103416;USD million
01/05/10;ZWE;Zimbabwe;Monthly;Current Account;Goods;Goods imports;-600,0449341;USD million
01/06/10;ZWE;Zimbabwe;Monthly;Current Account;Goods;Goods imports;-677,7779178;USD million
01/07/10;ZWE;Zimbabwe;Monthly;Current Account;Goods;Goods imports;-715,6837462;USD million
01/08/10;ZWE;Zimbabwe;Monthly;Current Account;Goods;Goods imports;-585,6634755;USD million
01/09/10;ZWE;Zimbabwe;Monthly;Current Account;Goods;Goods imports;-663,226929;USD million
01/10/10;ZWE;Zimbabwe;Monthly;Current Account;Goods;Goods imports;-675,5414074;USD million
01/11/10;ZWE;Zimbabwe;Monthly;Current Account;Goods;Goods imports;-766,6061019;USD million
01/12/10;ZWE;Zimbabwe;Monthly;Current Account;Goods;Goods imports;-571,2685815;USD million
01/01/11;ZWE;Zimbabwe;Monthly;Current Account;Goods;Goods imports;-672,1547034;USD million
01/02/11;ZWE;Zimbabwe;Monthly;Current Account;Goods;Goods imports;-644,8098893;USD million
01/03/11;ZWE;Zimbabwe;Monthly;Current Account;Goods;Goods imports;-602,715368;USD million
01/04/11;ZWE;Zimbabwe;Monthly;Current Account;Goods;Goods imports;-516,9679828;USD million
01/05/11;ZWE;Zimbabwe;Monthly;Current Account;Goods;Goods imports;-609,6550111;USD million
01/06/11;ZWE;Zimbabwe;Monthly;Current Account;Goods;Goods imports;-640,2813903;USD million
01/07/11;ZWE;Zimbabwe;Monthly;Current Account;Goods;Goods imports;-668,3640906;USD million
01/08/11;ZWE;Zimbabwe;Monthly;Current Account;Goods;Goods imports;-745,7171228;USD million
01/09/11;ZWE;Zimbabwe;Monthly;Current Account;Goods;Goods imports;-645,3891163;USD million
01/10/11;ZWE;Zimbabwe;Monthly;Current Account;Goods;Goods imports;-643,5565118;USD million
01/11/11;ZWE;Zimbabwe;Monthly;Current Account;Goods;Goods imports;-655,5147722;USD million
01/12/11;ZWE;Zimbabwe;Monthly;Current Account;Goods;Goods imports;-670,0280925;USD million
01/01/12;ZWE;Zimbabwe;Monthly;Current Account;Goods;Goods imports;-706,3435965;USD million
01/02/12;ZWE;Zimbabwe;Monthly;Current Account;Goods;Goods imports;-730,2173444;USD million
01/03/12;ZWE;Zimbabwe;Monthly;Current Account;Goods;Goods imports;-641,7043757;USD million
01/04/12;ZWE;Zimbabwe;Monthly;Current Account;Goods;Goods imports;-686,5283271;USD million
01/05/12;ZWE;Zimbabwe;Monthly;Current Account;Goods;Goods imports;-788,3742284;USD million
01/06/12;ZWE;Zimbabwe;Monthly;Current Account;Goods;Goods imports;-681,5776242;USD million
01/07/12;ZWE;Zimbabwe;Monthly;Current Account;Goods;Goods imports;-712,4577467;USD million
01/08/12;ZWE;Zimbabwe;Monthly;Current Account;Goods;Goods imports;-814,9262212;USD million
01/09/12;ZWE;Zimbabwe;Monthly;Current Account;Goods;Goods imports;-759,4990322;USD million
01/10/12;ZWE;Zimbabwe;Monthly;Current Account;Goods;Goods imports;-642,3334811;USD million
01/11/12;ZWE;Zimbabwe;Monthly;Current Account;Goods;Goods imports;-852,6342279;USD million
01/12/12;ZWE;Zimbabwe;Monthly;Current Account;Goods;Goods imports;-816,3342969;USD million
01/01/13;ZWE;Zimbabwe;Monthly;Current Account;Goods;Goods imports;-695,5284899;USD million
01/02/13;ZWE;Zimbabwe;Monthly;Current Account;Goods;Goods imports;-641,2187753;USD million
01/03/13;ZWE;Zimbabwe;Monthly;Current Account;Goods;Goods imports;-832,7781618;USD million
01/04/13;ZWE;Zimbabwe;Monthly;Current Account;Goods;Goods imports;-810,5746935;USD million
01/05/13;ZWE;Zimbabwe;Monthly;Current Account;Goods;Goods imports;-719,2653726;USD million
01/06/13;ZWE;Zimbabwe;Monthly;Current Account;Goods;Goods imports;-745,2895288;USD million
01/07/13;ZWE;Zimbabwe;Monthly;Current Account;Goods;Goods imports;-947,6756864;USD million
01/08/13;ZWE;Zimbabwe;Monthly;Current Account;Goods;Goods imports;-860,1547158;USD million
01/09/13;ZWE;Zimbabwe;Monthly;Current Account;Goods;Goods imports;-724,7198025;USD million
01/10/13;ZWE;Zimbabwe;Monthly;Current Account;Goods;Goods imports;-743,6541326;USD million
01/11/13;ZWE;Zimbabwe;Monthly;Current Account;Goods;Goods imports;-678,3165527;USD million
01/12/13;ZWE;Zimbabwe;Monthly;Current Account;Goods;Goods imports;-724,2410196;USD million
01/01/14;ZWE;Zimbabwe;Monthly;Current Account;Goods;Goods imports;-819,3359286;USD million
01/02/14;ZWE;Zimbabwe;Monthly;Current Account;Goods;Goods imports;-619,3157426;USD million
01/03/14;ZWE;Zimbabwe;Monthly;Current Account;Goods;Goods imports;-773,1961821;USD million
01/04/14;ZWE;Zimbabwe;Monthly;Current Account;Goods;Goods imports;-767,9606142;USD million
01/05/14;ZWE;Zimbabwe;Monthly;Current Account;Goods;Goods imports;-704,1858756;USD million
01/06/14;ZWE;Zimbabwe;Monthly;Current Account;Goods;Goods imports;-803,6367226;USD million
01/07/14;ZWE;Zimbabwe;Monthly;Current Account;Goods;Goods imports;-743,3289346;USD million
01/08/14;ZWE;Zimbabwe;Monthly;Current Account;Goods;Goods imports;-758,7423164;USD million
01/09/14;ZWE;Zimbabwe;Monthly;Current Account;Goods;Goods imports;-631,1062228;USD million
01/10/14;ZWE;Zimbabwe;Monthly;Current Account;Goods;Goods imports;-880,9181014;USD million
01/11/14;ZWE;Zimbabwe;Monthly;Current Account;Goods;Goods imports;-620,895852;USD million
01/12/14;ZWE;Zimbabwe;Monthly;Current Account;Goods;Goods imports;-702,6243893;USD million
01/01/15;ZWE;Zimbabwe;Monthly;Current Account;Goods;Goods imports;-796,7638655;USD million
01/02/15;ZWE;Zimbabwe;Monthly;Current Account;Goods;Goods imports;-736,5916086;USD million
01/03/15;ZWE;Zimbabwe;Monthly;Current Account;Goods;Goods imports;-924,843147;USD million
01/04/15;ZWE;Zimbabwe;Monthly;Current Account;Goods;Goods imports;-618,5317873;USD million
01/05/15;ZWE;Zimbabwe;Monthly;Current Account;Goods;Goods imports;-785,2041017;USD million
01/06/15;ZWE;Zimbabwe;Monthly;Current Account;Goods;Goods imports;-653,3601131;USD million
01/07/15;ZWE;Zimbabwe;Monthly;Current Account;Goods;Goods imports;-719,6593959;USD million
01/08/15;ZWE;Zimbabwe;Monthly;Current Account;Goods;Goods imports;-750,9082336;USD million
01/09/15;ZWE;Zimbabwe;Monthly;Current Account;Goods;Goods imports;-681,6559479;USD million
01/10/15;ZWE;Zimbabwe;Monthly;Current Account;Goods;Goods imports;-651,7120966;USD million
01/11/15;ZWE;Zimbabwe;Monthly;Current Account;Goods;Goods imports;-713,3912009;USD million
01/12/15;ZWE;Zimbabwe;Monthly;Current Account;Goods;Goods imports;-686,1130033;USD million
01/01/16;ZWE;Zimbabwe;Monthly;Current Account;Goods;Goods imports;-694,0868762;USD million
01/02/16;ZWE;Zimbabwe;Monthly;Current Account;Goods;Goods imports;-827,3289264;USD million
01/03/16;ZWE;Zimbabwe;Monthly;Current Account;Goods;Goods imports;-756,7563208;USD million
01/04/16;ZWE;Zimbabwe;Monthly;Current Account;Goods;Goods imports;-798,2912997;USD million
01/05/16;ZWE;Zimbabwe;Monthly;Current Account;Goods;Goods imports;-861,4741793;USD million
01/06/16;ZWE;Zimbabwe;Monthly;Current Account;Goods;Goods imports;-699,0971874;USD million
01/07/16;ZWE;Zimbabwe;Monthly;Current Account;Goods;Goods imports;-789,3146225;USD million
01/08/16;ZWE;Zimbabwe;Monthly;Current Account;Goods;Goods imports;-856,4930166;USD million
01/09/16;ZWE;Zimbabwe;Monthly;Current Account;Goods;Goods imports;-542,6984714;USD million
01/10/16;ZWE;Zimbabwe;Monthly;Current Account;Goods;Goods imports;-740,2335222;USD million
01/11/16;ZWE;Zimbabwe;Monthly;Current Account;Goods;Goods imports;-921,5163994;USD million
01/12/16;ZWE;Zimbabwe;Monthly;Current Account;Goods;Goods imports;-573,8541858;USD million
01/01/17;ZWE;Zimbabwe;Monthly;Current Account;Goods;Goods imports;-617,6952781;USD million
01/02/17;ZWE;Zimbabwe;Monthly;Current Account;Goods;Goods imports;-716,3358771;USD million
01/03/17;ZWE;Zimbabwe;Monthly;Current Account;Goods;Goods imports;-708,6910293;USD million
01/04/17;ZWE;Zimbabwe;Monthly;Current Account;Goods;Goods imports;-630,7671728;USD million
01/05/17;ZWE;Zimbabwe;Monthly;Current Account;Goods;Goods imports;-707,0928898;USD million
01/06/17;ZWE;Zimbabwe;Monthly;Current Account;Goods;Goods imports;-737,5124089;USD million
01/07/17;ZWE;Zimbabwe;Monthly;Current Account;Goods;Goods imports;-666,0747505;USD million
01/08/17;ZWE;Zimbabwe;Monthly;Current Account;Goods;Goods imports;-630,221097;USD million
01/09/17;ZWE;Zimbabwe;Monthly;Current Account;Goods;Goods imports;-674,3513936;USD million
01/10/17;ZWE;Zimbabwe;Monthly;Current Account;Goods;Goods imports;-571,227544;USD million
01/11/17;ZWE;Zimbabwe;Monthly;Current Account;Goods;Goods imports;-699,0963217;USD million
01/12/17;ZWE;Zimbabwe;Monthly;Current Account;Goods;Goods imports;-774,3871476;USD million
01/01/18;ZWE;Zimbabwe;Monthly;Current Account;Goods;Goods imports;-710,6168807;USD million
01/02/18;ZWE;Zimbabwe;Monthly;Current Account;Goods;Goods imports;-867,5409782;USD million
01/03/18;ZWE;Zimbabwe;Monthly;Current Account;Goods;Goods imports;-730,3231912;USD million
01/04/18;ZWE;Zimbabwe;Monthly;Current Account;Goods;Goods imports;-670,2972912;USD million
01/05/18;ZWE;Zimbabwe;Monthly;Current Account;Goods;Goods imports;-919,6134443;USD million
01/06/18;ZWE;Zimbabwe;Monthly;Current Account;Goods;Goods imports;-925,6374471;USD million
01/07/18;ZWE;Zimbabwe;Monthly;Current Account;Goods;Goods imports;-805,0600161;USD million
01/08/18;ZWE;Zimbabwe;Monthly;Current Account;Goods;Goods imports;-709,3689337;USD million
01/09/18;ZWE;Zimbabwe;Monthly;Current Account;Goods;Goods imports;-510,2714284;USD million
01/10/18;ZWE;Zimbabwe;Monthly;Current Account;Goods;Goods imports;-654,5418511;USD million
01/11/18;ZWE;Zimbabwe;Monthly;Current Account;Goods;Goods imports;-814,1292958;USD million
01/12/18;ZWE;Zimbabwe;Monthly;Current Account;Goods;Goods imports;-794,6774662;USD million
01/01/19;ZWE;Zimbabwe;Monthly;Current Account;Goods;Goods imports;-888,6849225;USD million
01/02/19;ZWE;Zimbabwe;Monthly;Current Account;Goods;Goods imports;-671,1131459;USD million
01/03/19;ZWE;Zimbabwe;Monthly;Current Account;Goods;Goods imports;-888,6928939;USD million
01/04/19;ZWE;Zimbabwe;Monthly;Current Account;Goods;Goods imports;-759,3097645;USD million
01/05/19;ZWE;Zimbabwe;Monthly;Current Account;Goods;Goods imports;-716,118698;USD million
01/06/19;ZWE;Zimbabwe;Monthly;Current Account;Goods;Goods imports;-832,9382007;USD million
01/07/19;ZWE;Zimbabwe;Monthly;Current Account;Goods;Goods imports;-908,0391896;USD million
01/08/19;ZWE;Zimbabwe;Monthly;Current Account;Goods;Goods imports;-808,9552585;USD million
01/09/19;ZWE;Zimbabwe;Monthly;Current Account;Goods;Goods imports;-787,6206645;USD million
01/10/19;ZWE;Zimbabwe;Monthly;Current Account;Goods;Goods imports;-777,7446297;USD million
01/11/19;ZWE;Zimbabwe;Monthly;Current Account;Goods;Goods imports;-750,575302;USD million
01/12/19;ZWE;Zimbabwe;Monthly;Current Account;Goods;Goods imports;-823,6574773;USD million
01/01/20;ZWE;Zimbabwe;Monthly;Current Account;Goods;Goods imports;-723,3515503;USD million
01/02/20;ZWE;Zimbabwe;Monthly;Current Account;Goods;Goods imports;-648,600415;USD million
01/03/20;ZWE;Zimbabwe;Monthly;Current Account;Goods;Goods imports;-663,8503029;USD million
01/04/20;ZWE;Zimbabwe;Monthly;Current Account;Goods;Goods imports;-796,709033;USD million
01/05/20;ZWE;Zimbabwe;Monthly;Current Account;Goods;Goods imports;-635,4312542;USD million
01/06/20;ZWE;Zimbabwe;Monthly;Current Account;Goods;Goods imports;-764,4839048;USD million
01/07/20;ZWE;Zimbabwe;Monthly;Current Account;Goods;Goods imports;-843,9944909;USD million
01/08/20;ZWE;Zimbabwe;Monthly;Current Account;Goods;Goods imports;-843,735562;USD million
01/09/20;ZWE;Zimbabwe;Monthly;Current Account;Goods;Goods imports;-780,6612241;USD million
01/10/20;ZWE;Zimbabwe;Monthly;Current Account;Goods;Goods imports;-740,8622971;USD million
01/11/20;ZWE;Zimbabwe;Monthly;Current Account;Goods;Goods imports;-727,6573638;USD million
01/12/20;ZWE;Zimbabwe;Monthly;Current Account;Goods;Goods imports;-646,4967721;USD million
01/01/21;ZWE;Zimbabwe;Monthly;Current Account;Goods;Goods imports;-682,8362544;USD million
01/02/21;ZWE;Zimbabwe;Monthly;Current Account;Goods;Goods imports;-697,4883781;USD million
01/03/21;ZWE;Zimbabwe;Monthly;Current Account;Goods;Goods imports;-756,0450866;USD million
01/04/21;ZWE;Zimbabwe;Monthly;Current Account;Goods;Goods imports;-740,6132662;USD million
01/05/21;ZWE;Zimbabwe;Monthly;Current Account;Goods;Goods imports;-713,0192276;USD million
01/06/21;ZWE;Zimbabwe;Monthly;Current Account;Goods;Goods imports;-679,5757794;USD million
01/07/21;ZWE;Zimbabwe;Monthly;Current Account;Goods;Goods imports;-748,5924979;USD million
01/08/21;ZWE;Zimbabwe;Monthly;Current Account;Goods;Goods imports;-912,2469511;USD million
01/09/21;ZWE;Zimbabwe;Monthly;Current Account;Goods;Goods imports;-735,772429;USD million
01/10/21;ZWE;Zimbabwe;Monthly;Current Account;Goods;Goods imports;-745,3479575;USD million
01/11/21;ZWE;Zimbabwe;Monthly;Current Account;Goods;Goods imports;-752,8461556;USD million
01/12/21;ZWE;Zimbabwe;Monthly;Current Account;Goods;Goods imports;-739,9637944;USD million
01/01/22;ZWE;Zimbabwe;Monthly;Current Account;Goods;Goods imports;-837,2201913;USD million
01/02/22;ZWE;Zimbabwe;Monthly;Current Account;Goods;Goods imports;-674,010607;USD million
01/03/22;ZWE;Zimbabwe;Monthly;Current Account;Goods;Goods imports;-777,7196817;USD million
01/04/22;ZWE;Zimbabwe;Monthly;Current Account;Goods;Goods imports;-693,6014817;USD million
01/05/22;ZWE;Zimbabwe;Monthly;Current Account;Goods;Goods imports;-831,0693314;USD million
01/06/22;ZWE;Zimbabwe;Monthly;Current Account;Goods;Goods imports;-785,8414254;USD million
01/07/22;ZWE;Zimbabwe;Monthly;Current Account;Goods;Goods imports;-755,9986254;USD million
01/08/22;ZWE;Zimbabwe;Monthly;Current Account;Goods;Goods imports;-815,6214438;USD million
01/09/22;ZWE;Zimbabwe;Monthly;Current Account;Goods;Goods imports;-877,4409647;USD million
01/10/22;ZWE;Zimbabwe;Monthly;Current Account;Goods;Goods imports;-807,3391555;USD million
01/11/22;ZWE;Zimbabwe;Monthly;Current Account;Goods;Goods imports;-865,6887864;USD million
01/12/22;ZWE;Zimbabwe;Monthly;Current Account;Goods;Goods imports;-745,1901734;USD million
01/01/23;ZWE;Zimbabwe;Monthly;Current Account;Goods;Goods imports;-851,4610767;USD million
01/02/23;ZWE;Zimbabwe;Monthly;Current Account;Goods;Goods imports;-786,9088614;USD million
01/03/23;ZWE;Zimbabwe;Monthly;Current Account;Goods;Goods imports;-821,3813063;USD million
01/04/23;ZWE;Zimbabwe;Monthly;Current Account;Goods;Goods imports;-672,052598;USD million
01/05/23;ZWE;Zimbabwe;Monthly;Current Account;Goods;Goods imports;-625,1469392;USD million
01/06/23;ZWE;Zimbabwe;Monthly;Current Account;Goods;Goods imports;-795,3165845;USD million
01/07/23;ZWE;Zimbabwe;Monthly;Current Account;Goods;Goods imports;-685,6572448;USD million
01/08/23;ZWE;Zimbabwe;Monthly;Current Account;Goods;Goods imports;-837,8740908;USD million
01/09/23;ZWE;Zimbabwe;Monthly;Current Account;Goods;Goods imports;-824,202596;USD million
01/10/23;ZWE;Zimbabwe;Monthly;Current Account;Goods;Goods imports;-831,2088915;USD million
01/11/23;ZWE;Zimbabwe;Monthly;Current Account;Goods;Goods imports;-667,5821256;USD million
01/12/23;ZWE;Zimbabwe;Monthly;Current Account;Goods;Goods imports;-701,4481555;USD million
01/01/24;ZWE;Zimbabwe;Monthly;Current Account;Goods;Goods imports;-931,4711317;USD million
01/02/24;ZWE;Zimbabwe;Monthly;Current Account;Goods;Goods imports;-735,6905277;USD million
01/03/24;ZWE;Zimbabwe;Monthly;Current Account;Goods;Goods imports;-687,4618607;USD million
01/04/24;ZWE;Zimbabwe;Monthly;Current Account;Goods;Goods imports;-738,0162644;USD million
01/05/24;ZWE;Zimbabwe;Monthly;Current Account;Goods;Goods imports;-868,5514018;USD million
01/06/24;ZWE;Zimbabwe;Monthly;Current Account;Goods;Goods imports;-774,0761741;USD million
01/07/24;ZWE;Zimbabwe;Monthly;Current Account;Goods;Goods imports;-734,4115327;USD million
01/08/24;ZWE;Zimbabwe;Monthly;Current Account;Goods;Goods imports;-852,2426891;USD million
01/09/24;ZWE;Zimbabwe;Monthly;Current Account;Goods;Goods imports;-683,8407668;USD million
01/10/24;ZWE;Zimbabwe;Monthly;Current Account;Goods;Goods imports;-641,1659344;USD million
01/11/24;ZWE;Zimbabwe;Monthly;Current Account;Goods;Goods imports;-915,5201346;USD million
01/12/24;ZWE;Zimbabwe;Monthly;Current Account;Goods;Goods imports;-964,270638;USD million
01/01/25;ZWE;Zimbabwe;Monthly;Current Account;Goods;Goods imports;-716,1905008;USD million
01/02/25;ZWE;Zimbabwe;Monthly;Current Account;Goods;Goods imports;-674,6679033;USD million
01/03/25;ZWE;Zimbabwe;Monthly;Current Account;Goods;Goods imports;-957,4042453;USD million
01/04/25;ZWE;Zimbabwe;Monthly;Current Account;Goods;Goods imports;-892,8595006;USD million
01/05/25;ZWE;Zimbabwe;Monthly;Current Account;Goods;Goods imports;-778,7567795;USD million
01/06/25;ZWE;Zimbabwe;Monthly;Current Account;Goods;Goods imports;-896,8441042;USD million
01/07/25;ZWE;Zimbabwe;Monthly;Current Account;Goods;Goods imports;-785,3318736;USD million
01/08/25;ZWE;Zimbabwe;Monthly;Current Account;Goods;Goods imports;-816,2813924;USD million
01/09/25;ZWE;Zimbabwe;Monthly;Current Account;Goods;Goods imports;-880,9121722;USD million
01/10/25;ZWE;Zimbabwe;Monthly;Current Account;Goods;Goods imports;-740,5995154;USD million
01/11/25;ZWE;Zimbabwe;Monthly;Current Account;Goods;Goods imports;-726,8709011;USD million
01/12/25;ZWE;Zimbabwe;Monthly;Current Account;Goods;Goods imports;-880,564683;USD million
01/01/26;ZWE;Zimbabwe;Monthly;Current Account;Goods;Goods imports;-779,6495047;USD million
01/02/26;ZWE;Zimbabwe;Monthly;Current Account;Goods;Goods imports;-825,2488756;USD million
01/03/26;ZWE;Zimbabwe;Monthly;Current Account;Goods;Goods imports;-723,1664281;USD million
01/04/26;ZWE;Zimbabwe;Monthly;Current Account;Goods;Goods imports;-1027,384607;USD million
01/05/26;ZWE;Zimbabwe;Monthly;Current Account;Goods;Goods imports;-868,8804033;USD million
01/06/26;ZWE;Zimbabwe;Monthly;Current Account;Goods;Goods imports;-834,6638279;USD million
01/07/26;ZWE;Zimbabwe;Monthly;Current Account;Goods;Goods imports;-782,0399789;USD million
01/08/26;ZWE;Zimbabwe;Monthly;Current Account;Goods;Goods imports;-829,9525472;USD million
01/09/26;ZWE;Zimbabwe;Monthly;Current Account;Goods;Goods imports;-893,8161349;USD million
01/01/80;ZWE;Zimbabwe;Monthly;Current Account;Services;Services exports;67,87262437;USD million
01/02/80;ZWE;Zimbabwe;Monthly;Current Account;Services;Services exports;68,25899044;USD million
01/03/80;ZWE;Zimbabwe;Monthly;Current Account;Services;Services exports;71,91295286;USD million
01/04/80;ZWE;Zimbabwe;Monthly;Current Account;Services;Services exports;66,08793539;USD million
01/05/80;ZWE;Zimbabwe;Monthly;Current Account;Services;Services exports;73,80142196;USD million
01/06/80;ZWE;Zimbabwe;Monthly;Current Account;Services;Services exports;82,196244;USD million
01/07/80;ZWE;Zimbabwe;Monthly;Current Account;Services;Services exports;61,28018204;USD million
01/08/80;ZWE;Zimbabwe;Monthly;Current Account;Services;Services exports;74,38415596;USD million
01/09/80;ZWE;Zimbabwe;Monthly;Current Account;Services;Services exports;75,81484683;USD million
01/10/80;ZWE;Zimbabwe;Monthly;Current Account;Services;Services exports;63,15179215;USD million
01/11/80;ZWE;Zimbabwe;Monthly;Current Account;Services;Services exports;69,37104778;USD million
01/12/80;ZWE;Zimbabwe;Monthly;Current Account;Services;Services exports;62,01773403;USD million
01/01/81;ZWE;Zimbabwe;Monthly;Current Account;Services;Services exports;65,18975571;USD million
01/02/81;ZWE;Zimbabwe;Monthly;Current Account;Services;Services exports;73,54108498;USD million
01/03/81;ZWE;Zimbabwe;Monthly;Current Account;Services;Services exports;69,67496702;USD million
01/04/81;ZWE;Zimbabwe;Monthly;Current Account;Services;Services exports;71,86403928;USD million
01/05/81;ZWE;Zimbabwe;Monthly;Current Account;Services;Services exports;82,10737817;USD million
01/06/81;ZWE;Zimbabwe;Monthly;Current Account;Services;Services exports;70,14748264;USD million
01/07/81;ZWE;Zimbabwe;Monthly;Current Account;Services;Services exports;70,56076116;USD million
01/08/81;ZWE;Zimbabwe;Monthly;Current Account;Services;Services exports;79,27989725;USD million
01/09/81;ZWE;Zimbabwe;Monthly;Current Account;Services;Services exports;67,93609656;USD million
01/10/81;ZWE;Zimbabwe;Monthly;Current Account;Services;Services exports;70,52935899;USD million
01/11/81;ZWE;Zimbabwe;Monthly;Current Account;Services;Services exports;76,32005331;USD million
01/12/81;ZWE;Zimbabwe;Monthly;Current Account;Services;Services exports;81,88305217;USD million
01/01/82;ZWE;Zimbabwe;Monthly;Current Account;Services;Services exports;67,93777157;USD million
01/02/82;ZWE;Zimbabwe;Monthly;Current Account;Services;Services exports;80,06214305;USD million
01/03/82;ZWE;Zimbabwe;Monthly;Current Account;Services;Services exports;78,70938446;USD million
01/04/82;ZWE;Zimbabwe;Monthly;Current Account;Services;Services exports;69,22800916;USD million
01/05/82;ZWE;Zimbabwe;Monthly;Current Account;Services;Services exports;66,91461499;USD million
01/06/82;ZWE;Zimbabwe;Monthly;Current Account;Services;Services exports;73,64589535;USD million
01/07/82;ZWE;Zimbabwe;Monthly;Current Account;Services;Services exports;57,68737108;USD million
01/08/82;ZWE;Zimbabwe;Monthly;Current Account;Services;Services exports;83,47082546;USD million
01/09/82;ZWE;Zimbabwe;Monthly;Current Account;Services;Services exports;68,73549776;USD million
01/10/82;ZWE;Zimbabwe;Monthly;Current Account;Services;Services exports;66,23019799;USD million
01/11/82;ZWE;Zimbabwe;Monthly;Current Account;Services;Services exports;65,09566937;USD million
01/12/82;ZWE;Zimbabwe;Monthly;Current Account;Services;Services exports;71,60532337;USD million
01/01/83;ZWE;Zimbabwe;Monthly;Current Account;Services;Services exports;66,11447266;USD million
01/02/83;ZWE;Zimbabwe;Monthly;Current Account;Services;Services exports;73,32511858;USD million
01/03/83;ZWE;Zimbabwe;Monthly;Current Account;Services;Services exports;56,34530237;USD million
01/04/83;ZWE;Zimbabwe;Monthly;Current Account;Services;Services exports;70,01292334;USD million
01/05/83;ZWE;Zimbabwe;Monthly;Current Account;Services;Services exports;84,7791788;USD million
01/06/83;ZWE;Zimbabwe;Monthly;Current Account;Services;Services exports;64,94527907;USD million
01/07/83;ZWE;Zimbabwe;Monthly;Current Account;Services;Services exports;74,84357494;USD million
01/08/83;ZWE;Zimbabwe;Monthly;Current Account;Services;Services exports;68,20105617;USD million
01/09/83;ZWE;Zimbabwe;Monthly;Current Account;Services;Services exports;66,24089973;USD million
01/10/83;ZWE;Zimbabwe;Monthly;Current Account;Services;Services exports;71,85833479;USD million
01/11/83;ZWE;Zimbabwe;Monthly;Current Account;Services;Services exports;67,69532166;USD million
01/12/83;ZWE;Zimbabwe;Monthly;Current Account;Services;Services exports;69,05727361;USD million
01/01/84;ZWE;Zimbabwe;Monthly;Current Account;Services;Services exports;64,08955054;USD million
01/02/84;ZWE;Zimbabwe;Monthly;Current Account;Services;Services exports;64,5631247;USD million
01/03/84;ZWE;Zimbabwe;Monthly;Current Account;Services;Services exports;68,83398545;USD million
01/04/84;ZWE;Zimbabwe;Monthly;Current Account;Services;Services exports;79,76280617;USD million
01/05/84;ZWE;Zimbabwe;Monthly;Current Account;Services;Services exports;79,92699948;USD million
01/06/84;ZWE;Zimbabwe;Monthly;Current Account;Services;Services exports;75,80815196;USD million
01/07/84;ZWE;Zimbabwe;Monthly;Current Account;Services;Services exports;65,80970195;USD million
01/08/84;ZWE;Zimbabwe;Monthly;Current Account;Services;Services exports;64,63274384;USD million
01/09/84;ZWE;Zimbabwe;Monthly;Current Account;Services;Services exports;73,22020261;USD million
01/10/84;ZWE;Zimbabwe;Monthly;Current Account;Services;Services exports;65,43460935;USD million
01/11/84;ZWE;Zimbabwe;Monthly;Current Account;Services;Services exports;71,69907287;USD million
01/12/84;ZWE;Zimbabwe;Monthly;Current Account;Services;Services exports;73,29965177;USD million
01/01/85;ZWE;Zimbabwe;Monthly;Current Account;Services;Services exports;77,53685113;USD million
01/02/85;ZWE;Zimbabwe;Monthly;Current Account;Services;Services exports;72,81199476;USD million
01/03/85;ZWE;Zimbabwe;Monthly;Current Account;Services;Services exports;72,13383404;USD million
01/04/85;ZWE;Zimbabwe;Monthly;Current Account;Services;Services exports;82,97470218;USD million
01/05/85;ZWE;Zimbabwe;Monthly;Current Account;Services;Services exports;69,27879483;USD million
01/06/85;ZWE;Zimbabwe;Monthly;Current Account;Services;Services exports;79,23032219;USD million
01/07/85;ZWE;Zimbabwe;Monthly;Current Account;Services;Services exports;76,68347711;USD million
01/08/85;ZWE;Zimbabwe;Monthly;Current Account;Services;Services exports;76,54179066;USD million
01/09/85;ZWE;Zimbabwe;Monthly;Current Account;Services;Services exports;64,96133907;USD million
01/10/85;ZWE;Zimbabwe;Monthly;Current Account;Services;Services exports;84,01062137;USD million
01/11/85;ZWE;Zimbabwe;Monthly;Current Account;Services;Services exports;68,31647925;USD million
01/12/85;ZWE;Zimbabwe;Monthly;Current Account;Services;Services exports;60,79615952;USD million
01/01/86;ZWE;Zimbabwe;Monthly;Current Account;Services;Services exports;74,97479861;USD million
01/02/86;ZWE;Zimbabwe;Monthly;Current Account;Services;Services exports;59,77765563;USD million
01/03/86;ZWE;Zimbabwe;Monthly;Current Account;Services;Services exports;57,55491728;USD million
01/04/86;ZWE;Zimbabwe;Monthly;Current Account;Services;Services exports;80,22825987;USD million
01/05/86;ZWE;Zimbabwe;Monthly;Current Account;Services;Services exports;68,79301126;USD million
01/06/86;ZWE;Zimbabwe;Monthly;Current Account;Services;Services exports;71,67383492;USD million
01/07/86;ZWE;Zimbabwe;Monthly;Current Account;Services;Services exports;74,95123268;USD million
01/08/86;ZWE;Zimbabwe;Monthly;Current Account;Services;Services exports;76,00749928;USD million
01/09/86;ZWE;Zimbabwe;Monthly;Current Account;Services;Services exports;82,00402358;USD million
01/10/86;ZWE;Zimbabwe;Monthly;Current Account;Services;Services exports;79,06424564;USD million
01/11/86;ZWE;Zimbabwe;Monthly;Current Account;Services;Services exports;79,08731592;USD million
01/12/86;ZWE;Zimbabwe;Monthly;Current Account;Services;Services exports;74,69017596;USD million
01/01/87;ZWE;Zimbabwe;Monthly;Current Account;Services;Services exports;88,34630396;USD million
01/02/87;ZWE;Zimbabwe;Monthly;Current Account;Services;Services exports;66,83379483;USD million
01/03/87;ZWE;Zimbabwe;Monthly;Current Account;Services;Services exports;69,05372803;USD million
01/04/87;ZWE;Zimbabwe;Monthly;Current Account;Services;Services exports;61,97420273;USD million
01/05/87;ZWE;Zimbabwe;Monthly;Current Account;Services;Services exports;66,29712866;USD million
01/06/87;ZWE;Zimbabwe;Monthly;Current Account;Services;Services exports;70,94001741;USD million
01/07/87;ZWE;Zimbabwe;Monthly;Current Account;Services;Services exports;67,50216871;USD million
01/08/87;ZWE;Zimbabwe;Monthly;Current Account;Services;Services exports;67,83888314;USD million
01/09/87;ZWE;Zimbabwe;Monthly;Current Account;Services;Services exports;73,640664;USD million
01/10/87;ZWE;Zimbabwe;Monthly;Current Account;Services;Services exports;88,29164608;USD million
01/11/87;ZWE;Zimbabwe;Monthly;Current Account;Services;Services exports;75,74847984;USD million
01/12/87;ZWE;Zimbabwe;Monthly;Current Account;Services;Services exports;88,95012291;USD million
01/01/88;ZWE;Zimbabwe;Monthly;Current Account;Services;Services exports;85,28087747;USD million
01/02/88;ZWE;Zimbabwe;Monthly;Current Account;Services;Services exports;61,81487291;USD million
01/03/88;ZWE;Zimbabwe;Monthly;Current Account;Services;Services exports;65,54836526;USD million
01/04/88;ZWE;Zimbabwe;Monthly;Current Account;Services;Services exports;80,26546488;USD million
01/05/88;ZWE;Zimbabwe;Monthly;Current Account;Services;Services exports;76,27633285;USD million
01/06/88;ZWE;Zimbabwe;Monthly;Current Account;Services;Services exports;77,54382175;USD million
01/07/88;ZWE;Zimbabwe;Monthly;Current Account;Services;Services exports;84,99133921;USD million
01/08/88;ZWE;Zimbabwe;Monthly;Current Account;Services;Services exports;77,62416382;USD million
01/09/88;ZWE;Zimbabwe;Monthly;Current Account;Services;Services exports;75,68371197;USD million
01/10/88;ZWE;Zimbabwe;Monthly;Current Account;Services;Services exports;83,43540442;USD million
01/11/88;ZWE;Zimbabwe;Monthly;Current Account;Services;Services exports;80,28693421;USD million
01/12/88;ZWE;Zimbabwe;Monthly;Current Account;Services;Services exports;73,2794267;USD million
01/01/89;ZWE;Zimbabwe;Monthly;Current Account;Services;Services exports;72,74769198;USD million
01/02/89;ZWE;Zimbabwe;Monthly;Current Account;Services;Services exports;74,85239789;USD million
01/03/89;ZWE;Zimbabwe;Monthly;Current Account;Services;Services exports;81,11203006;USD million
01/04/89;ZWE;Zimbabwe;Monthly;Current Account;Services;Services exports;81,08663135;USD million
01/05/89;ZWE;Zimbabwe;Monthly;Current Account;Services;Services exports;68,15675485;USD million
01/06/89;ZWE;Zimbabwe;Monthly;Current Account;Services;Services exports;70,89528597;USD million
01/07/89;ZWE;Zimbabwe;Monthly;Current Account;Services;Services exports;81,92821678;USD million
01/08/89;ZWE;Zimbabwe;Monthly;Current Account;Services;Services exports;70,61246277;USD million
01/09/89;ZWE;Zimbabwe;Monthly;Current Account;Services;Services exports;71,45158848;USD million
01/10/89;ZWE;Zimbabwe;Monthly;Current Account;Services;Services exports;82,51526847;USD million
01/11/89;ZWE;Zimbabwe;Monthly;Current Account;Services;Services exports;84,39856011;USD million
01/12/89;ZWE;Zimbabwe;Monthly;Current Account;Services;Services exports;83,07914879;USD million
01/01/90;ZWE;Zimbabwe;Monthly;Current Account;Services;Services exports;77,6174881;USD million
01/02/90;ZWE;Zimbabwe;Monthly;Current Account;Services;Services exports;80,96910463;USD million
01/03/90;ZWE;Zimbabwe;Monthly;Current Account;Services;Services exports;67,5560189;USD million
01/04/90;ZWE;Zimbabwe;Monthly;Current Account;Services;Services exports;75,39950066;USD million
01/05/90;ZWE;Zimbabwe;Monthly;Current Account;Services;Services exports;75,62675242;USD million
01/06/90;ZWE;Zimbabwe;Monthly;Current Account;Services;Services exports;86,35205427;USD million
01/07/90;ZWE;Zimbabwe;Monthly;Current Account;Services;Services exports;81,93464111;USD million
01/08/90;ZWE;Zimbabwe;Monthly;Current Account;Services;Services exports;71,78083038;USD million
01/09/90;ZWE;Zimbabwe;Monthly;Current Account;Services;Services exports;81,35656551;USD million
01/10/90;ZWE;Zimbabwe;Monthly;Current Account;Services;Services exports;75,19579666;USD million
01/11/90;ZWE;Zimbabwe;Monthly;Current Account;Services;Services exports;80,00065573;USD million
01/12/90;ZWE;Zimbabwe;Monthly;Current Account;Services;Services exports;91,65826348;USD million
01/01/91;ZWE;Zimbabwe;Monthly;Current Account;Services;Services exports;75,58251539;USD million
01/02/91;ZWE;Zimbabwe;Monthly;Current Account;Services;Services exports;77,27275684;USD million
01/03/91;ZWE;Zimbabwe;Monthly;Current Account;Services;Services exports;86,78334227;USD million
01/04/91;ZWE;Zimbabwe;Monthly;Current Account;Services;Services exports;84,13412449;USD million
01/05/91;ZWE;Zimbabwe;Monthly;Current Account;Services;Services exports;89,07869543;USD million
01/06/91;ZWE;Zimbabwe;Monthly;Current Account;Services;Services exports;76,1666655;USD million
01/07/91;ZWE;Zimbabwe;Monthly;Current Account;Services;Services exports;76,16595058;USD million
01/08/91;ZWE;Zimbabwe;Monthly;Current Account;Services;Services exports;77,20910834;USD million
01/09/91;ZWE;Zimbabwe;Monthly;Current Account;Services;Services exports;77,72793919;USD million
01/10/91;ZWE;Zimbabwe;Monthly;Current Account;Services;Services exports;77,98661586;USD million
01/11/91;ZWE;Zimbabwe;Monthly;Current Account;Services;Services exports;81,8681529;USD million
01/12/91;ZWE;Zimbabwe;Monthly;Current Account;Services;Services exports;80,10708088;USD million
01/01/92;ZWE;Zimbabwe;Monthly;Current Account;Services;Services exports;96,31062117;USD million
01/02/92;ZWE;Zimbabwe;Monthly;Current Account;Services;Services exports;85,47736285;USD million
01/03/92;ZWE;Zimbabwe;Monthly;Current Account;Services;Services exports;88,12543751;USD million
01/04/92;ZWE;Zimbabwe;Monthly;Current Account;Services;Services exports;73,31519042;USD million
01/05/92;ZWE;Zimbabwe;Monthly;Current Account;Services;Services exports;73,13129936;USD million
01/06/92;ZWE;Zimbabwe;Monthly;Current Account;Services;Services exports;71,10068677;USD million
01/07/92;ZWE;Zimbabwe;Monthly;Current Account;Services;Services exports;88,82476253;USD million
01/08/92;ZWE;Zimbabwe;Monthly;Current Account;Services;Services exports;78,49847979;USD million
01/09/92;ZWE;Zimbabwe;Monthly;Current Account;Services;Services exports;86,96542526;USD million
01/10/92;ZWE;Zimbabwe;Monthly;Current Account;Services;Services exports;91,00676427;USD million
01/11/92;ZWE;Zimbabwe;Monthly;Current Account;Services;Services exports;89,01184111;USD million
01/12/92;ZWE;Zimbabwe;Monthly;Current Account;Services;Services exports;76,22026561;USD million
01/01/93;ZWE;Zimbabwe;Monthly;Current Account;Services;Services exports;77,56700733;USD million
01/02/93;ZWE;Zimbabwe;Monthly;Current Account;Services;Services exports;65,33020305;USD million
01/03/93;ZWE;Zimbabwe;Monthly;Current Account;Services;Services exports;79,65464271;USD million
01/04/93;ZWE;Zimbabwe;Monthly;Current Account;Services;Services exports;94,42312549;USD million
01/05/93;ZWE;Zimbabwe;Monthly;Current Account;Services;Services exports;84,42619174;USD million
01/06/93;ZWE;Zimbabwe;Monthly;Current Account;Services;Services exports;95,95078397;USD million
01/07/93;ZWE;Zimbabwe;Monthly;Current Account;Services;Services exports;102,7129873;USD million
01/08/93;ZWE;Zimbabwe;Monthly;Current Account;Services;Services exports;94,33127082;USD million
01/09/93;ZWE;Zimbabwe;Monthly;Current Account;Services;Services exports;70,40091534;USD million
01/10/93;ZWE;Zimbabwe;Monthly;Current Account;Services;Services exports;89,67717405;USD million
01/11/93;ZWE;Zimbabwe;Monthly;Current Account;Services;Services exports;74,58470036;USD million
01/12/93;ZWE;Zimbabwe;Monthly;Current Account;Services;Services exports;79,46624715;USD million
01/01/94;ZWE;Zimbabwe;Monthly;Current Account;Services;Services exports;89,6182181;USD million
01/02/94;ZWE;Zimbabwe;Monthly;Current Account;Services;Services exports;77,90987346;USD million
01/03/94;ZWE;Zimbabwe;Monthly;Current Account;Services;Services exports;78,90937831;USD million
01/04/94;ZWE;Zimbabwe;Monthly;Current Account;Services;Services exports;60,27374221;USD million
01/05/94;ZWE;Zimbabwe;Monthly;Current Account;Services;Services exports;63,81331905;USD million
01/06/94;ZWE;Zimbabwe;Monthly;Current Account;Services;Services exports;75,66685254;USD million
01/07/94;ZWE;Zimbabwe;Monthly;Current Account;Services;Services exports;92,58269527;USD million
01/08/94;ZWE;Zimbabwe;Monthly;Current Account;Services;Services exports;76,14688043;USD million
01/09/94;ZWE;Zimbabwe;Monthly;Current Account;Services;Services exports;74,2446465;USD million
01/10/94;ZWE;Zimbabwe;Monthly;Current Account;Services;Services exports;76,40756262;USD million
01/11/94;ZWE;Zimbabwe;Monthly;Current Account;Services;Services exports;71,44834502;USD million
01/12/94;ZWE;Zimbabwe;Monthly;Current Account;Services;Services exports;68,96043806;USD million
01/01/95;ZWE;Zimbabwe;Monthly;Current Account;Services;Services exports;82,80142082;USD million
01/02/95;ZWE;Zimbabwe;Monthly;Current Account;Services;Services exports;90,67708447;USD million
01/03/95;ZWE;Zimbabwe;Monthly;Current Account;Services;Services exports;77,33727003;USD million
01/04/95;ZWE;Zimbabwe;Monthly;Current Account;Services;Services exports;77,49686425;USD million
01/05/95;ZWE;Zimbabwe;Monthly;Current Account;Services;Services exports;92,13112278;USD million
01/06/95;ZWE;Zimbabwe;Monthly;Current Account;Services;Services exports;83,41918541;USD million
01/07/95;ZWE;Zimbabwe;Monthly;Current Account;Services;Services exports;82,59464193;USD million
01/08/95;ZWE;Zimbabwe;Monthly;Current Account;Services;Services exports;91,56338893;USD million
01/09/95;ZWE;Zimbabwe;Monthly;Current Account;Services;Services exports;93,66233967;USD million
01/10/95;ZWE;Zimbabwe;Monthly;Current Account;Services;Services exports;90,15608275;USD million
01/11/95;ZWE;Zimbabwe;Monthly;Current Account;Services;Services exports;70,05561807;USD million
01/12/95;ZWE;Zimbabwe;Monthly;Current Account;Services;Services exports;86,69547421;USD million
01/01/96;ZWE;Zimbabwe;Monthly;Current Account;Services;Services exports;85,06499615;USD million
01/02/96;ZWE;Zimbabwe;Monthly;Current Account;Services;Services exports;75,77935705;USD million
01/03/96;ZWE;Zimbabwe;Monthly;Current Account;Services;Services exports;85,78626062;USD million
01/04/96;ZWE;Zimbabwe;Monthly;Current Account;Services;Services exports;73,59422655;USD million
01/05/96;ZWE;Zimbabwe;Monthly;Current Account;Services;Services exports;82,71093603;USD million
01/06/96;ZWE;Zimbabwe;Monthly;Current Account;Services;Services exports;87,72209643;USD million
01/07/96;ZWE;Zimbabwe;Monthly;Current Account;Services;Services exports;99,6884705;USD million
01/08/96;ZWE;Zimbabwe;Monthly;Current Account;Services;Services exports;77,48881788;USD million
01/09/96;ZWE;Zimbabwe;Monthly;Current Account;Services;Services exports;79,11678164;USD million
01/10/96;ZWE;Zimbabwe;Monthly;Current Account;Services;Services exports;69,51587007;USD million
01/11/96;ZWE;Zimbabwe;Monthly;Current Account;Services;Services exports;88,90618321;USD million
01/12/96;ZWE;Zimbabwe;Monthly;Current Account;Services;Services exports;86,16817227;USD million
01/01/97;ZWE;Zimbabwe;Monthly;Current Account;Services;Services exports;73,74551034;USD million
01/02/97;ZWE;Zimbabwe;Monthly;Current Account;Services;Services exports;78,69496921;USD million
01/03/97;ZWE;Zimbabwe;Monthly;Current Account;Services;Services exports;76,16299394;USD million
01/04/97;ZWE;Zimbabwe;Monthly;Current Account;Services;Services exports;87,59280303;USD million
01/05/97;ZWE;Zimbabwe;Monthly;Current Account;Services;Services exports;93,7080046;USD million
01/06/97;ZWE;Zimbabwe;Monthly;Current Account;Services;Services exports;81,94395328;USD million
01/07/97;ZWE;Zimbabwe;Monthly;Current Account;Services;Services exports;83,22579124;USD million
01/08/97;ZWE;Zimbabwe;Monthly;Current Account;Services;Services exports;89,93302929;USD million
01/09/97;ZWE;Zimbabwe;Monthly;Current Account;Services;Services exports;85,41412591;USD million
01/10/97;ZWE;Zimbabwe;Monthly;Current Account;Services;Services exports;83,66476042;USD million
01/11/97;ZWE;Zimbabwe;Monthly;Current Account;Services;Services exports;81,08958395;USD million
01/12/97;ZWE;Zimbabwe;Monthly;Current Account;Services;Services exports;105,9322271;USD million
01/01/98;ZWE;Zimbabwe;Monthly;Current Account;Services;Services exports;93,57604147;USD million
01/02/98;ZWE;Zimbabwe;Monthly;Current Account;Services;Services exports;89,85808355;USD million
01/03/98;ZWE;Zimbabwe;Monthly;Current Account;Services;Services exports;86,77815738;USD million
01/04/98;ZWE;Zimbabwe;Monthly;Current Account;Services;Services exports;83,2204299;USD million
01/05/98;ZWE;Zimbabwe;Monthly;Current Account;Services;Services exports;92,8355101;USD million
01/06/98;ZWE;Zimbabwe;Monthly;Current Account;Services;Services exports;80,35024126;USD million
01/07/98;ZWE;Zimbabwe;Monthly;Current Account;Services;Services exports;73,30164992;USD million
01/08/98;ZWE;Zimbabwe;Monthly;Current Account;Services;Services exports;94,89625733;USD million
01/09/98;ZWE;Zimbabwe;Monthly;Current Account;Services;Services exports;93,57774118;USD million
01/10/98;ZWE;Zimbabwe;Monthly;Current Account;Services;Services exports;80,48088354;USD million
01/11/98;ZWE;Zimbabwe;Monthly;Current Account;Services;Services exports;99,4760317;USD million
01/12/98;ZWE;Zimbabwe;Monthly;Current Account;Services;Services exports;100,5455082;USD million
01/01/99;ZWE;Zimbabwe;Monthly;Current Account;Services;Services exports;80,59654215;USD million
01/02/99;ZWE;Zimbabwe;Monthly;Current Account;Services;Services exports;83,87574833;USD million
01/03/99;ZWE;Zimbabwe;Monthly;Current Account;Services;Services exports;75,92187014;USD million
01/04/99;ZWE;Zimbabwe;Monthly;Current Account;Services;Services exports;100,0099854;USD million
01/05/99;ZWE;Zimbabwe;Monthly;Current Account;Services;Services exports;81,30055533;USD million
01/06/99;ZWE;Zimbabwe;Monthly;Current Account;Services;Services exports;100,6314406;USD million
01/07/99;ZWE;Zimbabwe;Monthly;Current Account;Services;Services exports;78,94106133;USD million
01/08/99;ZWE;Zimbabwe;Monthly;Current Account;Services;Services exports;108,5066832;USD million
01/09/99;ZWE;Zimbabwe;Monthly;Current Account;Services;Services exports;95,27283723;USD million
01/10/99;ZWE;Zimbabwe;Monthly;Current Account;Services;Services exports;91,77158087;USD million
01/11/99;ZWE;Zimbabwe;Monthly;Current Account;Services;Services exports;96,02437322;USD million
01/12/99;ZWE;Zimbabwe;Monthly;Current Account;Services;Services exports;80,03661938;USD million
01/01/00;ZWE;Zimbabwe;Monthly;Current Account;Services;Services exports;86,64107294;USD million
01/02/00;ZWE;Zimbabwe;Monthly;Current Account;Services;Services exports;81,39528232;USD million
01/03/00;ZWE;Zimbabwe;Monthly;Current Account;Services;Services exports;110,0274479;USD million
01/04/00;ZWE;Zimbabwe;Monthly;Current Account;Services;Services exports;77,56155487;USD million
01/05/00;ZWE;Zimbabwe;Monthly;Current Account;Services;Services exports;93,19261255;USD million
01/06/00;ZWE;Zimbabwe;Monthly;Current Account;Services;Services exports;88,00123471;USD million
01/07/00;ZWE;Zimbabwe;Monthly;Current Account;Services;Services exports;86,84318138;USD million
01/08/00;ZWE;Zimbabwe;Monthly;Current Account;Services;Services exports;76,72096021;USD million
01/09/00;ZWE;Zimbabwe;Monthly;Current Account;Services;Services exports;117,0936999;USD million
01/10/00;ZWE;Zimbabwe;Monthly;Current Account;Services;Services exports;84,24992041;USD million
01/11/00;ZWE;Zimbabwe;Monthly;Current Account;Services;Services exports;99,65096224;USD million
01/12/00;ZWE;Zimbabwe;Monthly;Current Account;Services;Services exports;94,79339237;USD million
01/01/01;ZWE;Zimbabwe;Monthly;Current Account;Services;Services exports;91,35978672;USD million
01/02/01;ZWE;Zimbabwe;Monthly;Current Account;Services;Services exports;83,55848572;USD million
01/03/01;ZWE;Zimbabwe;Monthly;Current Account;Services;Services exports;98,48020292;USD million
01/04/01;ZWE;Zimbabwe;Monthly;Current Account;Services;Services exports;87,9447459;USD million
01/05/01;ZWE;Zimbabwe;Monthly;Current Account;Services;Services exports;109,4561813;USD million
01/06/01;ZWE;Zimbabwe;Monthly;Current Account;Services;Services exports;102,3747574;USD million
01/07/01;ZWE;Zimbabwe;Monthly;Current Account;Services;Services exports;80,89251226;USD million
01/08/01;ZWE;Zimbabwe;Monthly;Current Account;Services;Services exports;88,49940844;USD million
01/09/01;ZWE;Zimbabwe;Monthly;Current Account;Services;Services exports;83,43164653;USD million
01/10/01;ZWE;Zimbabwe;Monthly;Current Account;Services;Services exports;89,85795741;USD million
01/11/01;ZWE;Zimbabwe;Monthly;Current Account;Services;Services exports;92,33672949;USD million
01/12/01;ZWE;Zimbabwe;Monthly;Current Account;Services;Services exports;76,53844359;USD million
01/01/02;ZWE;Zimbabwe;Monthly;Current Account;Services;Services exports;102,5310845;USD million
01/02/02;ZWE;Zimbabwe;Monthly;Current Account;Services;Services exports;97,25813985;USD million
01/03/02;ZWE;Zimbabwe;Monthly;Current Account;Services;Services exports;94,51088332;USD million
01/04/02;ZWE;Zimbabwe;Monthly;Current Account;Services;Services exports;93,53947441;USD million
01/05/02;ZWE;Zimbabwe;Monthly;Current Account;Services;Services exports;85,74903948;USD million
01/06/02;ZWE;Zimbabwe;Monthly;Current Account;Services;Services exports;85,90735934;USD million
01/07/02;ZWE;Zimbabwe;Monthly;Current Account;Services;Services exports;85,65787433;USD million
01/08/02;ZWE;Zimbabwe;Monthly;Current Account;Services;Services exports;91,04920529;USD million
01/09/02;ZWE;Zimbabwe;Monthly;Current Account;Services;Services exports;89,29609411;USD million
01/10/02;ZWE;Zimbabwe;Monthly;Current Account;Services;Services exports;90,31354843;USD million
01/11/02;ZWE;Zimbabwe;Monthly;Current Account;Services;Services exports;98,91550213;USD million
01/12/02;ZWE;Zimbabwe;Monthly;Current Account;Services;Services exports;95,4235166;USD million
01/01/03;ZWE;Zimbabwe;Monthly;Current Account;Services;Services exports;89,36291511;USD million
01/02/03;ZWE;Zimbabwe;Monthly;Current Account;Services;Services exports;92,57071961;USD million
01/03/03;ZWE;Zimbabwe;Monthly;Current Account;Services;Services exports;94,25516864;USD million
01/04/03;ZWE;Zimbabwe;Monthly;Current Account;Services;Services exports;73,51174122;USD million
01/05/03;ZWE;Zimbabwe;Monthly;Current Account;Services;Services exports;90,41458804;USD million
01/06/03;ZWE;Zimbabwe;Monthly;Current Account;Services;Services exports;94,03152989;USD million
01/07/03;ZWE;Zimbabwe;Monthly;Current Account;Services;Services exports;88,23884246;USD million
01/08/03;ZWE;Zimbabwe;Monthly;Current Account;Services;Services exports;103,1662294;USD million
01/09/03;ZWE;Zimbabwe;Monthly;Current Account;Services;Services exports;89,6781551;USD million
01/10/03;ZWE;Zimbabwe;Monthly;Current Account;Services;Services exports;98,4375869;USD million
01/11/03;ZWE;Zimbabwe;Monthly;Current Account;Services;Services exports;106,4609065;USD million
01/12/03;ZWE;Zimbabwe;Monthly;Current Account;Services;Services exports;90,49682204;USD million
01/01/04;ZWE;Zimbabwe;Monthly;Current Account;Services;Services exports;80,81187529;USD million
01/02/04;ZWE;Zimbabwe;Monthly;Current Account;Services;Services exports;80,33421629;USD million
01/03/04;ZWE;Zimbabwe;Monthly;Current Account;Services;Services exports;104,7150223;USD million
01/04/04;ZWE;Zimbabwe;Monthly;Current Account;Services;Services exports;98,76960809;USD million
01/05/04;ZWE;Zimbabwe;Monthly;Current Account;Services;Services exports;82,74744143;USD million
01/06/04;ZWE;Zimbabwe;Monthly;Current Account;Services;Services exports;81,4805211;USD million
01/07/04;ZWE;Zimbabwe;Monthly;Current Account;Services;Services exports;110,8681749;USD million
01/08/04;ZWE;Zimbabwe;Monthly;Current Account;Services;Services exports;85,63746417;USD million
01/09/04;ZWE;Zimbabwe;Monthly;Current Account;Services;Services exports;99,75592563;USD million
01/10/04;ZWE;Zimbabwe;Monthly;Current Account;Services;Services exports;89,67143894;USD million
01/11/04;ZWE;Zimbabwe;Monthly;Current Account;Services;Services exports;101,0581918;USD million
01/12/04;ZWE;Zimbabwe;Monthly;Current Account;Services;Services exports;91,01145431;USD million
01/01/05;ZWE;Zimbabwe;Monthly;Current Account;Services;Services exports;116,0529588;USD million
01/02/05;ZWE;Zimbabwe;Monthly;Current Account;Services;Services exports;97,93287655;USD million
01/03/05;ZWE;Zimbabwe;Monthly;Current Account;Services;Services exports;128,7788246;USD million
01/04/05;ZWE;Zimbabwe;Monthly;Current Account;Services;Services exports;92,47008971;USD million
01/05/05;ZWE;Zimbabwe;Monthly;Current Account;Services;Services exports;100,7534425;USD million
01/06/05;ZWE;Zimbabwe;Monthly;Current Account;Services;Services exports;81,91717386;USD million
01/07/05;ZWE;Zimbabwe;Monthly;Current Account;Services;Services exports;103,6583363;USD million
01/08/05;ZWE;Zimbabwe;Monthly;Current Account;Services;Services exports;91,69323594;USD million
01/09/05;ZWE;Zimbabwe;Monthly;Current Account;Services;Services exports;106,0641857;USD million
01/10/05;ZWE;Zimbabwe;Monthly;Current Account;Services;Services exports;110,2199441;USD million
01/11/05;ZWE;Zimbabwe;Monthly;Current Account;Services;Services exports;90,53457838;USD million
01/12/05;ZWE;Zimbabwe;Monthly;Current Account;Services;Services exports;108,158938;USD million
01/01/06;ZWE;Zimbabwe;Monthly;Current Account;Services;Services exports;90,82564491;USD million
01/02/06;ZWE;Zimbabwe;Monthly;Current Account;Services;Services exports;106,3154295;USD million
01/03/06;ZWE;Zimbabwe;Monthly;Current Account;Services;Services exports;93,57442201;USD million
01/04/06;ZWE;Zimbabwe;Monthly;Current Account;Services;Services exports;103,6480283;USD million
01/05/06;ZWE;Zimbabwe;Monthly;Current Account;Services;Services exports;108,623713;USD million
01/06/06;ZWE;Zimbabwe;Monthly;Current Account;Services;Services exports;107,3206572;USD million
01/07/06;ZWE;Zimbabwe;Monthly;Current Account;Services;Services exports;113,4629058;USD million
01/08/06;ZWE;Zimbabwe;Monthly;Current Account;Services;Services exports;119,0634498;USD million
01/09/06;ZWE;Zimbabwe;Monthly;Current Account;Services;Services exports;104,0045134;USD million
01/10/06;ZWE;Zimbabwe;Monthly;Current Account;Services;Services exports;87,64689064;USD million
01/11/06;ZWE;Zimbabwe;Monthly;Current Account;Services;Services exports;111,4371;USD million
01/12/06;ZWE;Zimbabwe;Monthly;Current Account;Services;Services exports;111,8037325;USD million
01/01/07;ZWE;Zimbabwe;Monthly;Current Account;Services;Services exports;91,7217127;USD million
01/02/07;ZWE;Zimbabwe;Monthly;Current Account;Services;Services exports;92,715803;USD million
01/03/07;ZWE;Zimbabwe;Monthly;Current Account;Services;Services exports;97,95569962;USD million
01/04/07;ZWE;Zimbabwe;Monthly;Current Account;Services;Services exports;98,05787244;USD million
01/05/07;ZWE;Zimbabwe;Monthly;Current Account;Services;Services exports;101,5973474;USD million
01/06/07;ZWE;Zimbabwe;Monthly;Current Account;Services;Services exports;120,2059437;USD million
01/07/07;ZWE;Zimbabwe;Monthly;Current Account;Services;Services exports;109,3474784;USD million
01/08/07;ZWE;Zimbabwe;Monthly;Current Account;Services;Services exports;107,3696932;USD million
01/09/07;ZWE;Zimbabwe;Monthly;Current Account;Services;Services exports;119,2055962;USD million
01/10/07;ZWE;Zimbabwe;Monthly;Current Account;Services;Services exports;96,12387492;USD million
01/11/07;ZWE;Zimbabwe;Monthly;Current Account;Services;Services exports;106,0875031;USD million
01/12/07;ZWE;Zimbabwe;Monthly;Current Account;Services;Services exports;103,7589898;USD million
01/01/08;ZWE;Zimbabwe;Monthly;Current Account;Services;Services exports;107,4122792;USD million
01/02/08;ZWE;Zimbabwe;Monthly;Current Account;Services;Services exports;100,6222056;USD million
01/03/08;ZWE;Zimbabwe;Monthly;Current Account;Services;Services exports;88,98499238;USD million
01/04/08;ZWE;Zimbabwe;Monthly;Current Account;Services;Services exports;101,9111378;USD million
01/05/08;ZWE;Zimbabwe;Monthly;Current Account;Services;Services exports;102,7481521;USD million
01/06/08;ZWE;Zimbabwe;Monthly;Current Account;Services;Services exports;108,7471894;USD million
01/07/08;ZWE;Zimbabwe;Monthly;Current Account;Services;Services exports;109,0775128;USD million
01/08/08;ZWE;Zimbabwe;Monthly;Current Account;Services;Services exports;119,7898799;USD million
01/09/08;ZWE;Zimbabwe;Monthly;Current Account;Services;Services exports;123,383308;USD million
01/10/08;ZWE;Zimbabwe;Monthly;Current Account;Services;Services exports;85,27252815;USD million
01/11/08;ZWE;Zimbabwe;Monthly;Current Account;Services;Services exports;103,068298;USD million
01/12/08;ZWE;Zimbabwe;Monthly;Current Account;Services;Services exports;97,94085948;USD million
01/01/09;ZWE;Zimbabwe;Monthly;Current Account;Services;Services exports;88,61865281;USD million
01/02/09;ZWE;Zimbabwe;Monthly;Current Account;Services;Services exports;116,9176633;USD million
01/03/09;ZWE;Zimbabwe;Monthly;Current Account;Services;Services exports;110,5833512;USD million
01/04/09;ZWE;Zimbabwe;Monthly;Current Account;Services;Services exports;100,5766338;USD million
01/05/09;ZWE;Zimbabwe;Monthly;Current Account;Services;Services exports;91,98323235;USD million
01/06/09;ZWE;Zimbabwe;Monthly;Current Account;Services;Services exports;98,39874633;USD million
01/07/09;ZWE;Zimbabwe;Monthly;Current Account;Services;Services exports;105,4844782;USD million
01/08/09;ZWE;Zimbabwe;Monthly;Current Account;Services;Services exports;91,70550689;USD million
01/09/09;ZWE;Zimbabwe;Monthly;Current Account;Services;Services exports;94,32362738;USD million
01/10/09;ZWE;Zimbabwe;Monthly;Current Account;Services;Services exports;105,9416558;USD million
01/11/09;ZWE;Zimbabwe;Monthly;Current Account;Services;Services exports;104,9342681;USD million
01/12/09;ZWE;Zimbabwe;Monthly;Current Account;Services;Services exports;92,68188181;USD million
01/01/10;ZWE;Zimbabwe;Monthly;Current Account;Services;Services exports;103,0351727;USD million
01/02/10;ZWE;Zimbabwe;Monthly;Current Account;Services;Services exports;116,7141917;USD million
01/03/10;ZWE;Zimbabwe;Monthly;Current Account;Services;Services exports;99,41499689;USD million
01/04/10;ZWE;Zimbabwe;Monthly;Current Account;Services;Services exports;107,1722561;USD million
01/05/10;ZWE;Zimbabwe;Monthly;Current Account;Services;Services exports;111,5207876;USD million
01/06/10;ZWE;Zimbabwe;Monthly;Current Account;Services;Services exports;104,4387366;USD million
01/07/10;ZWE;Zimbabwe;Monthly;Current Account;Services;Services exports;100,737361;USD million
01/08/10;ZWE;Zimbabwe;Monthly;Current Account;Services;Services exports;95,52023766;USD million
01/09/10;ZWE;Zimbabwe;Monthly;Current Account;Services;Services exports;88,22205478;USD million
01/10/10;ZWE;Zimbabwe;Monthly;Current Account;Services;Services exports;103,4705668;USD million
01/11/10;ZWE;Zimbabwe;Monthly;Current Account;Services;Services exports;106,7803931;USD million
01/12/10;ZWE;Zimbabwe;Monthly;Current Account;Services;Services exports;120,9151409;USD million
01/01/11;ZWE;Zimbabwe;Monthly;Current Account;Services;Services exports;127,5258171;USD million
01/02/11;ZWE;Zimbabwe;Monthly;Current Account;Services;Services exports;113,7827158;USD million
01/03/11;ZWE;Zimbabwe;Monthly;Current Account;Services;Services exports;131,1213685;USD million
01/04/11;ZWE;Zimbabwe;Monthly;Current Account;Services;Services exports;106,9275983;USD million
01/05/11;ZWE;Zimbabwe;Monthly;Current Account;Services;Services exports;111,2335389;USD million
01/06/11;ZWE;Zimbabwe;Monthly;Current Account;Services;Services exports;113,8134716;USD million
01/07/11;ZWE;Zimbabwe;Monthly;Current Account;Services;Services exports;95,31207916;USD million
01/08/11;ZWE;Zimbabwe;Monthly;Current Account;Services;Services exports;107,0203614;USD million
01/09/11;ZWE;Zimbabwe;Monthly;Current Account;Services;Services exports;99,69735368;USD million
01/10/11;ZWE;Zimbabwe;Monthly;Current Account;Services;Services exports;89,90477111;USD million
01/11/11;ZWE;Zimbabwe;Monthly;Current Account;Services;Services exports;110,9038108;USD million
01/12/11;ZWE;Zimbabwe;Monthly;Current Account;Services;Services exports;107,9165944;USD million
01/01/12;ZWE;Zimbabwe;Monthly;Current Account;Services;Services exports;95,48771426;USD million
01/02/12;ZWE;Zimbabwe;Monthly;Current Account;Services;Services exports;104,7007322;USD million
01/03/12;ZWE;Zimbabwe;Monthly;Current Account;Services;Services exports;96,09480304;USD million
01/04/12;ZWE;Zimbabwe;Monthly;Current Account;Services;Services exports;101,0546284;USD million
01/05/12;ZWE;Zimbabwe;Monthly;Current Account;Services;Services exports;108,2868792;USD million
01/06/12;ZWE;Zimbabwe;Monthly;Current Account;Services;Services exports;111,1471331;USD million
01/07/12;ZWE;Zimbabwe;Monthly;Current Account;Services;Services exports;98,95117816;USD million
01/08/12;ZWE;Zimbabwe;Monthly;Current Account;Services;Services exports;110,8780614;USD million
01/09/12;ZWE;Zimbabwe;Monthly;Current Account;Services;Services exports;121,9323257;USD million
01/10/12;ZWE;Zimbabwe;Monthly;Current Account;Services;Services exports;115,8106717;USD million
01/11/12;ZWE;Zimbabwe;Monthly;Current Account;Services;Services exports;100,2371984;USD million
01/12/12;ZWE;Zimbabwe;Monthly;Current Account;Services;Services exports;102,4290474;USD million
01/01/13;ZWE;Zimbabwe;Monthly;Current Account;Services;Services exports;102,6598421;USD million
01/02/13;ZWE;Zimbabwe;Monthly;Current Account;Services;Services exports;109,9968534;USD million
01/03/13;ZWE;Zimbabwe;Monthly;Current Account;Services;Services exports;127,0308658;USD million
01/04/13;ZWE;Zimbabwe;Monthly;Current Account;Services;Services exports;105,5879172;USD million
01/05/13;ZWE;Zimbabwe;Monthly;Current Account;Services;Services exports;117,2113356;USD million
01/06/13;ZWE;Zimbabwe;Monthly;Current Account;Services;Services exports;107,7201302;USD million
01/07/13;ZWE;Zimbabwe;Monthly;Current Account;Services;Services exports;107,0559076;USD million
01/08/13;ZWE;Zimbabwe;Monthly;Current Account;Services;Services exports;101,9875474;USD million
01/09/13;ZWE;Zimbabwe;Monthly;Current Account;Services;Services exports;120,2805567;USD million
01/10/13;ZWE;Zimbabwe;Monthly;Current Account;Services;Services exports;101,585928;USD million
01/11/13;ZWE;Zimbabwe;Monthly;Current Account;Services;Services exports;117,9108944;USD million
01/12/13;ZWE;Zimbabwe;Monthly;Current Account;Services;Services exports;108,8478847;USD million
01/01/14;ZWE;Zimbabwe;Monthly;Current Account;Services;Services exports;114,2757806;USD million
01/02/14;ZWE;Zimbabwe;Monthly;Current Account;Services;Services exports;110,552861;USD million
01/03/14;ZWE;Zimbabwe;Monthly;Current Account;Services;Services exports;116,1190057;USD million
01/04/14;ZWE;Zimbabwe;Monthly;Current Account;Services;Services exports;112,4318679;USD million
01/05/14;ZWE;Zimbabwe;Monthly;Current Account;Services;Services exports;112,5100979;USD million
01/06/14;ZWE;Zimbabwe;Monthly;Current Account;Services;Services exports;115,7051477;USD million
01/07/14;ZWE;Zimbabwe;Monthly;Current Account;Services;Services exports;102,6578705;USD million
01/08/14;ZWE;Zimbabwe;Monthly;Current Account;Services;Services exports;104,2402903;USD million
01/09/14;ZWE;Zimbabwe;Monthly;Current Account;Services;Services exports;110,9445766;USD million
01/10/14;ZWE;Zimbabwe;Monthly;Current Account;Services;Services exports;89,26948162;USD million
01/11/14;ZWE;Zimbabwe;Monthly;Current Account;Services;Services exports;94,50856324;USD million
01/12/14;ZWE;Zimbabwe;Monthly;Current Account;Services;Services exports;97,39403075;USD million
01/01/15;ZWE;Zimbabwe;Monthly;Current Account;Services;Services exports;130,5631338;USD million
01/02/15;ZWE;Zimbabwe;Monthly;Current Account;Services;Services exports;114,7114879;USD million
01/03/15;ZWE;Zimbabwe;Monthly;Current Account;Services;Services exports;122,979849;USD million
01/04/15;ZWE;Zimbabwe;Monthly;Current Account;Services;Services exports;88,74903057;USD million
01/05/15;ZWE;Zimbabwe;Monthly;Current Account;Services;Services exports;119,9693423;USD million
01/06/15;ZWE;Zimbabwe;Monthly;Current Account;Services;Services exports;123,967707;USD million
01/07/15;ZWE;Zimbabwe;Monthly;Current Account;Services;Services exports;87,80638687;USD million
01/08/15;ZWE;Zimbabwe;Monthly;Current Account;Services;Services exports;91,64092391;USD million
01/09/15;ZWE;Zimbabwe;Monthly;Current Account;Services;Services exports;125,2168221;USD million
01/10/15;ZWE;Zimbabwe;Monthly;Current Account;Services;Services exports;119,3433548;USD million
01/11/15;ZWE;Zimbabwe;Monthly;Current Account;Services;Services exports;121,7766454;USD million
01/12/15;ZWE;Zimbabwe;Monthly;Current Account;Services;Services exports;88,11688933;USD million
01/01/16;ZWE;Zimbabwe;Monthly;Current Account;Services;Services exports;115,5041714;USD million
01/02/16;ZWE;Zimbabwe;Monthly;Current Account;Services;Services exports;106,6861288;USD million
01/03/16;ZWE;Zimbabwe;Monthly;Current Account;Services;Services exports;85,35746767;USD million
01/04/16;ZWE;Zimbabwe;Monthly;Current Account;Services;Services exports;97,87559373;USD million
01/05/16;ZWE;Zimbabwe;Monthly;Current Account;Services;Services exports;128,4573202;USD million
01/06/16;ZWE;Zimbabwe;Monthly;Current Account;Services;Services exports;112,4833353;USD million
01/07/16;ZWE;Zimbabwe;Monthly;Current Account;Services;Services exports;112,9958524;USD million
01/08/16;ZWE;Zimbabwe;Monthly;Current Account;Services;Services exports;102,5769509;USD million
01/09/16;ZWE;Zimbabwe;Monthly;Current Account;Services;Services exports;107,9921215;USD million
01/10/16;ZWE;Zimbabwe;Monthly;Current Account;Services;Services exports;113,6012808;USD million
01/11/16;ZWE;Zimbabwe;Monthly;Current Account;Services;Services exports;93,58784474;USD million
01/12/16;ZWE;Zimbabwe;Monthly;Current Account;Services;Services exports;99,31133399;USD million
01/01/17;ZWE;Zimbabwe;Monthly;Current Account;Services;Services exports;104,246002;USD million
01/02/17;ZWE;Zimbabwe;Monthly;Current Account;Services;Services exports;110,290202;USD million
01/03/17;ZWE;Zimbabwe;Monthly;Current Account;Services;Services exports;108,1561559;USD million
01/04/17;ZWE;Zimbabwe;Monthly;Current Account;Services;Services exports;106,9854665;USD million
01/05/17;ZWE;Zimbabwe;Monthly;Current Account;Services;Services exports;100,9123225;USD million
01/06/17;ZWE;Zimbabwe;Monthly;Current Account;Services;Services exports;115,0489328;USD million
01/07/17;ZWE;Zimbabwe;Monthly;Current Account;Services;Services exports;105,7419775;USD million
01/08/17;ZWE;Zimbabwe;Monthly;Current Account;Services;Services exports;102,6512641;USD million
01/09/17;ZWE;Zimbabwe;Monthly;Current Account;Services;Services exports;97,86935204;USD million
01/10/17;ZWE;Zimbabwe;Monthly;Current Account;Services;Services exports;96,37131954;USD million
01/11/17;ZWE;Zimbabwe;Monthly;Current Account;Services;Services exports;97,70009787;USD million
01/12/17;ZWE;Zimbabwe;Monthly;Current Account;Services;Services exports;100,9730517;USD million
01/01/18;ZWE;Zimbabwe;Monthly;Current Account;Services;Services exports;120,2667239;USD million
01/02/18;ZWE;Zimbabwe;Monthly;Current Account;Services;Services exports;108,5833938;USD million
01/03/18;ZWE;Zimbabwe;Monthly;Current Account;Services;Services exports;107,3265379;USD million
01/04/18;ZWE;Zimbabwe;Monthly;Current Account;Services;Services exports;99,21314729;USD million
01/05/18;ZWE;Zimbabwe;Monthly;Current Account;Services;Services exports;97,81480909;USD million
01/06/18;ZWE;Zimbabwe;Monthly;Current Account;Services;Services exports;129,5093818;USD million
01/07/18;ZWE;Zimbabwe;Monthly;Current Account;Services;Services exports;102,7343541;USD million
01/08/18;ZWE;Zimbabwe;Monthly;Current Account;Services;Services exports;100,2838795;USD million
01/09/18;ZWE;Zimbabwe;Monthly;Current Account;Services;Services exports;106,7295488;USD million
01/10/18;ZWE;Zimbabwe;Monthly;Current Account;Services;Services exports;117,7522209;USD million
01/11/18;ZWE;Zimbabwe;Monthly;Current Account;Services;Services exports;95,70811248;USD million
01/12/18;ZWE;Zimbabwe;Monthly;Current Account;Services;Services exports;113,3583243;USD million
01/01/19;ZWE;Zimbabwe;Monthly;Current Account;Services;Services exports;113,3536697;USD million
01/02/19;ZWE;Zimbabwe;Monthly;Current Account;Services;Services exports;118,1924528;USD million
01/03/19;ZWE;Zimbabwe;Monthly;Current Account;Services;Services exports;114,4509663;USD million
01/04/19;ZWE;Zimbabwe;Monthly;Current Account;Services;Services exports;112,625297;USD million
01/05/19;ZWE;Zimbabwe;Monthly;Current Account;Services;Services exports;98,69522521;USD million
01/06/19;ZWE;Zimbabwe;Monthly;Current Account;Services;Services exports;124,8532632;USD million
01/07/19;ZWE;Zimbabwe;Monthly;Current Account;Services;Services exports;125,0994245;USD million
01/08/19;ZWE;Zimbabwe;Monthly;Current Account;Services;Services exports;110,3422078;USD million
01/09/19;ZWE;Zimbabwe;Monthly;Current Account;Services;Services exports;105,0941733;USD million
01/10/19;ZWE;Zimbabwe;Monthly;Current Account;Services;Services exports;93,67767601;USD million
01/11/19;ZWE;Zimbabwe;Monthly;Current Account;Services;Services exports;100,8316065;USD million
01/12/19;ZWE;Zimbabwe;Monthly;Current Account;Services;Services exports;106,5893192;USD million
01/01/20;ZWE;Zimbabwe;Monthly;Current Account;Services;Services exports;110,4488088;USD million
01/02/20;ZWE;Zimbabwe;Monthly;Current Account;Services;Services exports;100,7514902;USD million
01/03/20;ZWE;Zimbabwe;Monthly;Current Account;Services;Services exports;102,1269159;USD million
01/04/20;ZWE;Zimbabwe;Monthly;Current Account;Services;Services exports;97,89884319;USD million
01/05/20;ZWE;Zimbabwe;Monthly;Current Account;Services;Services exports;122,5023187;USD million
01/06/20;ZWE;Zimbabwe;Monthly;Current Account;Services;Services exports;108,2385963;USD million
01/07/20;ZWE;Zimbabwe;Monthly;Current Account;Services;Services exports;84,9748899;USD million
01/08/20;ZWE;Zimbabwe;Monthly;Current Account;Services;Services exports;104,3874138;USD million
01/09/20;ZWE;Zimbabwe;Monthly;Current Account;Services;Services exports;127,3016073;USD million
01/10/20;ZWE;Zimbabwe;Monthly;Current Account;Services;Services exports;105,749495;USD million
01/11/20;ZWE;Zimbabwe;Monthly;Current Account;Services;Services exports;108,0120785;USD million
01/12/20;ZWE;Zimbabwe;Monthly;Current Account;Services;Services exports;104,5794085;USD million
01/01/21;ZWE;Zimbabwe;Monthly;Current Account;Services;Services exports;112,1357758;USD million
01/02/21;ZWE;Zimbabwe;Monthly;Current Account;Services;Services exports;127,5798173;USD million
01/03/21;ZWE;Zimbabwe;Monthly;Current Account;Services;Services exports;105,3136589;USD million
01/04/21;ZWE;Zimbabwe;Monthly;Current Account;Services;Services exports;103,4100933;USD million
01/05/21;ZWE;Zimbabwe;Monthly;Current Account;Services;Services exports;119,8243256;USD million
01/06/21;ZWE;Zimbabwe;Monthly;Current Account;Services;Services exports;96,4795562;USD million
01/07/21;ZWE;Zimbabwe;Monthly;Current Account;Services;Services exports;111,4662232;USD million
01/08/21;ZWE;Zimbabwe;Monthly;Current Account;Services;Services exports;127,8302198;USD million
01/09/21;ZWE;Zimbabwe;Monthly;Current Account;Services;Services exports;109,6369989;USD million
01/10/21;ZWE;Zimbabwe;Monthly;Current Account;Services;Services exports;116,4528856;USD million
01/11/21;ZWE;Zimbabwe;Monthly;Current Account;Services;Services exports;112,0194231;USD million
01/12/21;ZWE;Zimbabwe;Monthly;Current Account;Services;Services exports;112,0459466;USD million
01/01/22;ZWE;Zimbabwe;Monthly;Current Account;Services;Services exports;114,7037962;USD million
01/02/22;ZWE;Zimbabwe;Monthly;Current Account;Services;Services exports;122,6532209;USD million
01/03/22;ZWE;Zimbabwe;Monthly;Current Account;Services;Services exports;121,0783827;USD million
01/04/22;ZWE;Zimbabwe;Monthly;Current Account;Services;Services exports;112,2002283;USD million
01/05/22;ZWE;Zimbabwe;Monthly;Current Account;Services;Services exports;124,2284379;USD million
01/06/22;ZWE;Zimbabwe;Monthly;Current Account;Services;Services exports;104,6848491;USD million
01/07/22;ZWE;Zimbabwe;Monthly;Current Account;Services;Services exports;112,5175527;USD million
01/08/22;ZWE;Zimbabwe;Monthly;Current Account;Services;Services exports;123,3872182;USD million
01/09/22;ZWE;Zimbabwe;Monthly;Current Account;Services;Services exports;118,7315648;USD million
01/10/22;ZWE;Zimbabwe;Monthly;Current Account;Services;Services exports;113,2209089;USD million
01/11/22;ZWE;Zimbabwe;Monthly;Current Account;Services;Services exports;107,6335613;USD million
01/12/22;ZWE;Zimbabwe;Monthly;Current Account;Services;Services exports;115,7149867;USD million
01/01/23;ZWE;Zimbabwe;Monthly;Current Account;Services;Services exports;106,342085;USD million
01/02/23;ZWE;Zimbabwe;Monthly;Current Account;Services;Services exports;151,9299299;USD million
01/03/23;ZWE;Zimbabwe;Monthly;Current Account;Services;Services exports;119,2761377;USD million
01/04/23;ZWE;Zimbabwe;Monthly;Current Account;Services;Services exports;117,2036034;USD million
01/05/23;ZWE;Zimbabwe;Monthly;Current Account;Services;Services exports;102,7291845;USD million
01/06/23;ZWE;Zimbabwe;Monthly;Current Account;Services;Services exports;116,5604591;USD million
01/07/23;ZWE;Zimbabwe;Monthly;Current Account;Services;Services exports;119,2502047;USD million
01/08/23;ZWE;Zimbabwe;Monthly;Current Account;Services;Services exports;116,9756615;USD million
01/09/23;ZWE;Zimbabwe;Monthly;Current Account;Services;Services exports;106,2799519;USD million
01/10/23;ZWE;Zimbabwe;Monthly;Current Account;Services;Services exports;125,4271583;USD million
01/11/23;ZWE;Zimbabwe;Monthly;Current Account;Services;Services exports;101,6233888;USD million
01/12/23;ZWE;Zimbabwe;Monthly;Current Account;Services;Services exports;82,44447258;USD million
01/01/24;ZWE;Zimbabwe;Monthly;Current Account;Services;Services exports;118,9000607;USD million
01/02/24;ZWE;Zimbabwe;Monthly;Current Account;Services;Services exports;101,7325977;USD million
01/03/24;ZWE;Zimbabwe;Monthly;Current Account;Services;Services exports;111,0795067;USD million
01/04/24;ZWE;Zimbabwe;Monthly;Current Account;Services;Services exports;132,9148651;USD million
01/05/24;ZWE;Zimbabwe;Monthly;Current Account;Services;Services exports;101,2560663;USD million
01/06/24;ZWE;Zimbabwe;Monthly;Current Account;Services;Services exports;110,4208041;USD million
01/07/24;ZWE;Zimbabwe;Monthly;Current Account;Services;Services exports;128,6723394;USD million
01/08/24;ZWE;Zimbabwe;Monthly;Current Account;Services;Services exports;99,20933375;USD million
01/09/24;ZWE;Zimbabwe;Monthly;Current Account;Services;Services exports;96,03141624;USD million
01/10/24;ZWE;Zimbabwe;Monthly;Current Account;Services;Services exports;126,7526544;USD million
01/11/24;ZWE;Zimbabwe;Monthly;Current Account;Services;Services exports;108,0295741;USD million
01/12/24;ZWE;Zimbabwe;Monthly;Current Account;Services;Services exports;114,8348809;USD million
01/01/25;ZWE;Zimbabwe;Monthly;Current Account;Services;Services exports;120,5662578;USD million
01/02/25;ZWE;Zimbabwe;Monthly;Current Account;Services;Services exports;103,8684591;USD million
01/03/25;ZWE;Zimbabwe;Monthly;Current Account;Services;Services exports;102,9794436;USD million
01/04/25;ZWE;Zimbabwe;Monthly;Current Account;Services;Services exports;119,0067886;USD million
01/05/25;ZWE;Zimbabwe;Monthly;Current Account;Services;Services exports;105,9441353;USD million
01/06/25;ZWE;Zimbabwe;Monthly;Current Account;Services;Services exports;101,8382553;USD million
01/07/25;ZWE;Zimbabwe;Monthly;Current Account;Services;Services exports;121,3586246;USD million
01/08/25;ZWE;Zimbabwe;Monthly;Current Account;Services;Services exports;107,6121685;USD million
01/09/25;ZWE;Zimbabwe;Monthly;Current Account;Services;Services exports;103,5143573;USD million
01/10/25;ZWE;Zimbabwe;Monthly;Current Account;Services;Services exports;132,4807783;USD million
01/11/25;ZWE;Zimbabwe;Monthly;Current Account;Services;Services exports;119,4829527;USD million
01/12/25;ZWE;Zimbabwe;Monthly;Current Account;Services;Services exports;137,8742345;USD million
01/01/26;ZWE;Zimbabwe;Monthly;Current Account;Services;Services exports;109,5906847;USD million
01/02/26;ZWE;Zimbabwe;Monthly;Current Account;Services;Services exports;117,5164593;USD million
01/03/26;ZWE;Zimbabwe;Monthly;Current Account;Services;Services exports;95,83923618;USD million
01/04/26;ZWE;Zimbabwe;Monthly;Current Account;Services;Services exports;94,22696321;USD million
01/05/26;ZWE;Zimbabwe;Monthly;Current Account;Services;Services exports;112,3080733;USD million
01/06/26;ZWE;Zimbabwe;Monthly;Current Account;Services;Services exports;112,8020282;USD million
01/07/26;ZWE;Zimbabwe;Monthly;Current Account;Services;Services exports;106,170144;USD million
01/08/26;ZWE;Zimbabwe;Monthly;Current Account;Services;Services exports;119,5884323;USD million
01/09/26;ZWE;Zimbabwe;Monthly;Current Account;Services;Services exports;128,9780806;USD million
01/01/80;ZWE;Zimbabwe;Monthly;Current Account;Services;Services imports;-94,76386367;USD million
01/02/80;ZWE;Zimbabwe;Monthly;Current Account;Services;Services imports;-95,17791097;USD million
01/03/80;ZWE;Zimbabwe;Monthly;Current Account;Services;Services imports;-99,30515758;USD million
01/04/80;ZWE;Zimbabwe;Monthly;Current Account;Services;Services imports;-95,44870046;USD million
01/05/80;ZWE;Zimbabwe;Monthly;Current Account;Services;Services imports;-83,92862281;USD million
01/06/80;ZWE;Zimbabwe;Monthly;Current Account;Services;Services imports;-80,59396183;USD million
01/07/80;ZWE;Zimbabwe;Monthly;Current Account;Services;Services imports;-86,31601588;USD million
01/08/80;ZWE;Zimbabwe;Monthly;Current Account;Services;Services imports;-83,6181904;USD million
01/09/80;ZWE;Zimbabwe;Monthly;Current Account;Services;Services imports;-88,99947395;USD million
01/10/80;ZWE;Zimbabwe;Monthly;Current Account;Services;Services imports;-87,71454534;USD million
01/11/80;ZWE;Zimbabwe;Monthly;Current Account;Services;Services imports;-90,51524823;USD million
01/12/80;ZWE;Zimbabwe;Monthly;Current Account;Services;Services imports;-87,95351426;USD million
01/01/81;ZWE;Zimbabwe;Monthly;Current Account;Services;Services imports;-76,60707695;USD million
01/02/81;ZWE;Zimbabwe;Monthly;Current Account;Services;Services imports;-79,23492417;USD million
01/03/81;ZWE;Zimbabwe;Monthly;Current Account;Services;Services imports;-102,4111689;USD million
01/04/81;ZWE;Zimbabwe;Monthly;Current Account;Services;Services imports;-101,1269073;USD million
01/05/81;ZWE;Zimbabwe;Monthly;Current Account;Services;Services imports;-73,3963062;USD million
01/06/81;ZWE;Zimbabwe;Monthly;Current Account;Services;Services imports;-99,62551645;USD million
01/07/81;ZWE;Zimbabwe;Monthly;Current Account;Services;Services imports;-81,85037053;USD million
01/08/81;ZWE;Zimbabwe;Monthly;Current Account;Services;Services imports;-85,3158075;USD million
01/09/81;ZWE;Zimbabwe;Monthly;Current Account;Services;Services imports;-91,77013915;USD million
01/10/81;ZWE;Zimbabwe;Monthly;Current Account;Services;Services imports;-87,79516711;USD million
01/11/81;ZWE;Zimbabwe;Monthly;Current Account;Services;Services imports;-86,97826778;USD million
01/12/81;ZWE;Zimbabwe;Monthly;Current Account;Services;Services imports;-101,7731525;USD million
01/01/82;ZWE;Zimbabwe;Monthly;Current Account;Services;Services imports;-134,7502601;USD million
01/02/82;ZWE;Zimbabwe;Monthly;Current Account;Services;Services imports;-86,53938876;USD million
01/03/82;ZWE;Zimbabwe;Monthly;Current Account;Services;Services imports;-96,14871186;USD million
01/04/82;ZWE;Zimbabwe;Monthly;Current Account;Services;Services imports;-76,93444948;USD million
01/05/82;ZWE;Zimbabwe;Monthly;Current Account;Services;Services imports;-108,2114693;USD million
01/06/82;ZWE;Zimbabwe;Monthly;Current Account;Services;Services imports;-79,54183333;USD million
01/07/82;ZWE;Zimbabwe;Monthly;Current Account;Services;Services imports;-103,544112;USD million
01/08/82;ZWE;Zimbabwe;Monthly;Current Account;Services;Services imports;-98,05790019;USD million
01/09/82;ZWE;Zimbabwe;Monthly;Current Account;Services;Services imports;-93,28273871;USD million
01/10/82;ZWE;Zimbabwe;Monthly;Current Account;Services;Services imports;-100,9404108;USD million
01/11/82;ZWE;Zimbabwe;Monthly;Current Account;Services;Services imports;-82,85511681;USD million
01/12/82;ZWE;Zimbabwe;Monthly;Current Account;Services;Services imports;-80,12921805;USD million
01/01/83;ZWE;Zimbabwe;Monthly;Current Account;Services;Services imports;-98,85360011;USD million
01/02/83;ZWE;Zimbabwe;Monthly;Current Account;Services;Services imports;-102,0673805;USD million
01/03/83;ZWE;Zimbabwe;Monthly;Current Account;Services;Services imports;-95,96069718;USD million
01/04/83;ZWE;Zimbabwe;Monthly;Current Account;Services;Services imports;-82,83293142;USD million
01/05/83;ZWE;Zimbabwe;Monthly;Current Account;Services;Services imports;-97,4019595;USD million
01/06/83;ZWE;Zimbabwe;Monthly;Current Account;Services;Services imports;-94,35326008;USD million
01/07/83;ZWE;Zimbabwe;Monthly;Current Account;Services;Services imports;-88,62090448;USD million
01/08/83;ZWE;Zimbabwe;Monthly;Current Account;Services;Services imports;-111,0157011;USD million
01/09/83;ZWE;Zimbabwe;Monthly;Current Account;Services;Services imports;-85,81817172;USD million
01/10/83;ZWE;Zimbabwe;Monthly;Current Account;Services;Services imports;-87,47698751;USD million
01/11/83;ZWE;Zimbabwe;Monthly;Current Account;Services;Services imports;-89,39799507;USD million
01/12/83;ZWE;Zimbabwe;Monthly;Current Account;Services;Services imports;-122,0878369;USD million
01/01/84;ZWE;Zimbabwe;Monthly;Current Account;Services;Services imports;-98,67124903;USD million
01/02/84;ZWE;Zimbabwe;Monthly;Current Account;Services;Services imports;-98,93669346;USD million
01/03/84;ZWE;Zimbabwe;Monthly;Current Account;Services;Services imports;-107,0743513;USD million
01/04/84;ZWE;Zimbabwe;Monthly;Current Account;Services;Services imports;-102,9597304;USD million
01/05/84;ZWE;Zimbabwe;Monthly;Current Account;Services;Services imports;-97,55494219;USD million
01/06/84;ZWE;Zimbabwe;Monthly;Current Account;Services;Services imports;-94,44091217;USD million
01/07/84;ZWE;Zimbabwe;Monthly;Current Account;Services;Services imports;-107,7046146;USD million
01/08/84;ZWE;Zimbabwe;Monthly;Current Account;Services;Services imports;-102,8877986;USD million
01/09/84;ZWE;Zimbabwe;Monthly;Current Account;Services;Services imports;-99,67871916;USD million
01/10/84;ZWE;Zimbabwe;Monthly;Current Account;Services;Services imports;-105,112308;USD million
01/11/84;ZWE;Zimbabwe;Monthly;Current Account;Services;Services imports;-86,04827624;USD million
01/12/84;ZWE;Zimbabwe;Monthly;Current Account;Services;Services imports;-89,53895061;USD million
01/01/85;ZWE;Zimbabwe;Monthly;Current Account;Services;Services imports;-101,1525422;USD million
01/02/85;ZWE;Zimbabwe;Monthly;Current Account;Services;Services imports;-93,49707444;USD million
01/03/85;ZWE;Zimbabwe;Monthly;Current Account;Services;Services imports;-96,36479342;USD million
01/04/85;ZWE;Zimbabwe;Monthly;Current Account;Services;Services imports;-110,6687405;USD million
01/05/85;ZWE;Zimbabwe;Monthly;Current Account;Services;Services imports;-94,68747745;USD million
01/06/85;ZWE;Zimbabwe;Monthly;Current Account;Services;Services imports;-87,53378867;USD million
01/07/85;ZWE;Zimbabwe;Monthly;Current Account;Services;Services imports;-87,94645757;USD million
01/08/85;ZWE;Zimbabwe;Monthly;Current Account;Services;Services imports;-92,6270561;USD million
01/09/85;ZWE;Zimbabwe;Monthly;Current Account;Services;Services imports;-94,99860507;USD million
01/10/85;ZWE;Zimbabwe;Monthly;Current Account;Services;Services imports;-86,0661915;USD million
01/11/85;ZWE;Zimbabwe;Monthly;Current Account;Services;Services imports;-111,3407539;USD million
01/12/85;ZWE;Zimbabwe;Monthly;Current Account;Services;Services imports;-98,64758891;USD million
01/01/86;ZWE;Zimbabwe;Monthly;Current Account;Services;Services imports;-103,1930015;USD million
01/02/86;ZWE;Zimbabwe;Monthly;Current Account;Services;Services imports;-102,2462471;USD million
01/03/86;ZWE;Zimbabwe;Monthly;Current Account;Services;Services imports;-106,317108;USD million
01/04/86;ZWE;Zimbabwe;Monthly;Current Account;Services;Services imports;-106,3817486;USD million
01/05/86;ZWE;Zimbabwe;Monthly;Current Account;Services;Services imports;-115,1590264;USD million
01/06/86;ZWE;Zimbabwe;Monthly;Current Account;Services;Services imports;-85,72399634;USD million
01/07/86;ZWE;Zimbabwe;Monthly;Current Account;Services;Services imports;-88,30649409;USD million
01/08/86;ZWE;Zimbabwe;Monthly;Current Account;Services;Services imports;-117,6294462;USD million
01/09/86;ZWE;Zimbabwe;Monthly;Current Account;Services;Services imports;-91,07525299;USD million
01/10/86;ZWE;Zimbabwe;Monthly;Current Account;Services;Services imports;-81,69363642;USD million
01/11/86;ZWE;Zimbabwe;Monthly;Current Account;Services;Services imports;-113,2562272;USD million
01/12/86;ZWE;Zimbabwe;Monthly;Current Account;Services;Services imports;-86,08033205;USD million
01/01/87;ZWE;Zimbabwe;Monthly;Current Account;Services;Services imports;-90,72493175;USD million
01/02/87;ZWE;Zimbabwe;Monthly;Current Account;Services;Services imports;-96,27020669;USD million
01/03/87;ZWE;Zimbabwe;Monthly;Current Account;Services;Services imports;-92,56539947;USD million
01/04/87;ZWE;Zimbabwe;Monthly;Current Account;Services;Services imports;-109,2338738;USD million
01/05/87;ZWE;Zimbabwe;Monthly;Current Account;Services;Services imports;-102,8060974;USD million
01/06/87;ZWE;Zimbabwe;Monthly;Current Account;Services;Services imports;-97,74165616;USD million
01/07/87;ZWE;Zimbabwe;Monthly;Current Account;Services;Services imports;-81,95768027;USD million
01/08/87;ZWE;Zimbabwe;Monthly;Current Account;Services;Services imports;-102,8300837;USD million
01/09/87;ZWE;Zimbabwe;Monthly;Current Account;Services;Services imports;-101,3353488;USD million
01/10/87;ZWE;Zimbabwe;Monthly;Current Account;Services;Services imports;-91,5397108;USD million
01/11/87;ZWE;Zimbabwe;Monthly;Current Account;Services;Services imports;-101,1692191;USD million
01/12/87;ZWE;Zimbabwe;Monthly;Current Account;Services;Services imports;-100,7845356;USD million
01/01/88;ZWE;Zimbabwe;Monthly;Current Account;Services;Services imports;-109,5442205;USD million
01/02/88;ZWE;Zimbabwe;Monthly;Current Account;Services;Services imports;-90,31021348;USD million
01/03/88;ZWE;Zimbabwe;Monthly;Current Account;Services;Services imports;-90,6114482;USD million
01/04/88;ZWE;Zimbabwe;Monthly;Current Account;Services;Services imports;-93,2029975;USD million
01/05/88;ZWE;Zimbabwe;Monthly;Current Account;Services;Services imports;-104,9312686;USD million
01/06/88;ZWE;Zimbabwe;Monthly;Current Account;Services;Services imports;-93,41806421;USD million
01/07/88;ZWE;Zimbabwe;Monthly;Current Account;Services;Services imports;-99,90467285;USD million
01/08/88;ZWE;Zimbabwe;Monthly;Current Account;Services;Services imports;-87,06580166;USD million
01/09/88;ZWE;Zimbabwe;Monthly;Current Account;Services;Services imports;-104,4710522;USD million
01/10/88;ZWE;Zimbabwe;Monthly;Current Account;Services;Services imports;-109,1639083;USD million
01/11/88;ZWE;Zimbabwe;Monthly;Current Account;Services;Services imports;-105,1167326;USD million
01/12/88;ZWE;Zimbabwe;Monthly;Current Account;Services;Services imports;-79,65034393;USD million
01/01/89;ZWE;Zimbabwe;Monthly;Current Account;Services;Services imports;-117,6787234;USD million
01/02/89;ZWE;Zimbabwe;Monthly;Current Account;Services;Services imports;-84,92632845;USD million
01/03/89;ZWE;Zimbabwe;Monthly;Current Account;Services;Services imports;-113,2138877;USD million
01/04/89;ZWE;Zimbabwe;Monthly;Current Account;Services;Services imports;-100,9867262;USD million
01/05/89;ZWE;Zimbabwe;Monthly;Current Account;Services;Services imports;-91,4839017;USD million
01/06/89;ZWE;Zimbabwe;Monthly;Current Account;Services;Services imports;-78,68946754;USD million
01/07/89;ZWE;Zimbabwe;Monthly;Current Account;Services;Services imports;-90,39394071;USD million
01/08/89;ZWE;Zimbabwe;Monthly;Current Account;Services;Services imports;-105,6816831;USD million
01/09/89;ZWE;Zimbabwe;Monthly;Current Account;Services;Services imports;-93,85794818;USD million
01/10/89;ZWE;Zimbabwe;Monthly;Current Account;Services;Services imports;-87,93543438;USD million
01/11/89;ZWE;Zimbabwe;Monthly;Current Account;Services;Services imports;-115,0828357;USD million
01/12/89;ZWE;Zimbabwe;Monthly;Current Account;Services;Services imports;-99,80523248;USD million
01/01/90;ZWE;Zimbabwe;Monthly;Current Account;Services;Services imports;-124,7803227;USD million
01/02/90;ZWE;Zimbabwe;Monthly;Current Account;Services;Services imports;-102,8963941;USD million
01/03/90;ZWE;Zimbabwe;Monthly;Current Account;Services;Services imports;-109,6925566;USD million
01/04/90;ZWE;Zimbabwe;Monthly;Current Account;Services;Services imports;-107,157201;USD million
01/05/90;ZWE;Zimbabwe;Monthly;Current Account;Services;Services imports;-100,8758965;USD million
01/06/90;ZWE;Zimbabwe;Monthly;Current Account;Services;Services imports;-102,5386047;USD million
01/07/90;ZWE;Zimbabwe;Monthly;Current Account;Services;Services imports;-98,68609664;USD million
01/08/90;ZWE;Zimbabwe;Monthly;Current Account;Services;Services imports;-105,8378171;USD million
01/09/90;ZWE;Zimbabwe;Monthly;Current Account;Services;Services imports;-115,4620931;USD million
01/10/90;ZWE;Zimbabwe;Monthly;Current Account;Services;Services imports;-113,2118541;USD million
01/11/90;ZWE;Zimbabwe;Monthly;Current Account;Services;Services imports;-88,13077467;USD million
01/12/90;ZWE;Zimbabwe;Monthly;Current Account;Services;Services imports;-105,9033464;USD million
01/01/91;ZWE;Zimbabwe;Monthly;Current Account;Services;Services imports;-99,33891141;USD million
01/02/91;ZWE;Zimbabwe;Monthly;Current Account;Services;Services imports;-117,6549828;USD million
01/03/91;ZWE;Zimbabwe;Monthly;Current Account;Services;Services imports;-71,6991768;USD million
01/04/91;ZWE;Zimbabwe;Monthly;Current Account;Services;Services imports;-100,3969493;USD million
01/05/91;ZWE;Zimbabwe;Monthly;Current Account;Services;Services imports;-88,89639589;USD million
01/06/91;ZWE;Zimbabwe;Monthly;Current Account;Services;Services imports;-107,5159466;USD million
01/07/91;ZWE;Zimbabwe;Monthly;Current Account;Services;Services imports;-91,67010995;USD million
01/08/91;ZWE;Zimbabwe;Monthly;Current Account;Services;Services imports;-87,30944447;USD million
01/09/91;ZWE;Zimbabwe;Monthly;Current Account;Services;Services imports;-95,64195845;USD million
01/10/91;ZWE;Zimbabwe;Monthly;Current Account;Services;Services imports;-100,3174734;USD million
01/11/91;ZWE;Zimbabwe;Monthly;Current Account;Services;Services imports;-99,88285439;USD million
01/12/91;ZWE;Zimbabwe;Monthly;Current Account;Services;Services imports;-97,62351133;USD million
01/01/92;ZWE;Zimbabwe;Monthly;Current Account;Services;Services imports;-122,8390747;USD million
01/02/92;ZWE;Zimbabwe;Monthly;Current Account;Services;Services imports;-107,793152;USD million
01/03/92;ZWE;Zimbabwe;Monthly;Current Account;Services;Services imports;-86,96094732;USD million
01/04/92;ZWE;Zimbabwe;Monthly;Current Account;Services;Services imports;-117,2440938;USD million
01/05/92;ZWE;Zimbabwe;Monthly;Current Account;Services;Services imports;-100,5089771;USD million
01/06/92;ZWE;Zimbabwe;Monthly;Current Account;Services;Services imports;-90,37760018;USD million
01/07/92;ZWE;Zimbabwe;Monthly;Current Account;Services;Services imports;-107,790581;USD million
01/08/92;ZWE;Zimbabwe;Monthly;Current Account;Services;Services imports;-97,68030231;USD million
01/09/92;ZWE;Zimbabwe;Monthly;Current Account;Services;Services imports;-129,0425113;USD million
01/10/92;ZWE;Zimbabwe;Monthly;Current Account;Services;Services imports;-108,5103932;USD million
01/11/92;ZWE;Zimbabwe;Monthly;Current Account;Services;Services imports;-109,7803983;USD million
01/12/92;ZWE;Zimbabwe;Monthly;Current Account;Services;Services imports;-83,91639133;USD million
01/01/93;ZWE;Zimbabwe;Monthly;Current Account;Services;Services imports;-85,314519;USD million
01/02/93;ZWE;Zimbabwe;Monthly;Current Account;Services;Services imports;-98,02419344;USD million
01/03/93;ZWE;Zimbabwe;Monthly;Current Account;Services;Services imports;-101,4245375;USD million
01/04/93;ZWE;Zimbabwe;Monthly;Current Account;Services;Services imports;-94,69298654;USD million
01/05/93;ZWE;Zimbabwe;Monthly;Current Account;Services;Services imports;-102,9057068;USD million
01/06/93;ZWE;Zimbabwe;Monthly;Current Account;Services;Services imports;-110,7298927;USD million
01/07/93;ZWE;Zimbabwe;Monthly;Current Account;Services;Services imports;-101,903521;USD million
01/08/93;ZWE;Zimbabwe;Monthly;Current Account;Services;Services imports;-112,3030398;USD million
01/09/93;ZWE;Zimbabwe;Monthly;Current Account;Services;Services imports;-105,1023229;USD million
01/10/93;ZWE;Zimbabwe;Monthly;Current Account;Services;Services imports;-100,1760367;USD million
01/11/93;ZWE;Zimbabwe;Monthly;Current Account;Services;Services imports;-116,2430105;USD million
01/12/93;ZWE;Zimbabwe;Monthly;Current Account;Services;Services imports;-87,84280999;USD million
01/01/94;ZWE;Zimbabwe;Monthly;Current Account;Services;Services imports;-93,91557239;USD million
01/02/94;ZWE;Zimbabwe;Monthly;Current Account;Services;Services imports;-111,8232347;USD million
01/03/94;ZWE;Zimbabwe;Monthly;Current Account;Services;Services imports;-100,4839561;USD million
01/04/94;ZWE;Zimbabwe;Monthly;Current Account;Services;Services imports;-109,8554639;USD million
01/05/94;ZWE;Zimbabwe;Monthly;Current Account;Services;Services imports;-105,9371022;USD million
01/06/94;ZWE;Zimbabwe;Monthly;Current Account;Services;Services imports;-107,6780335;USD million
01/07/94;ZWE;Zimbabwe;Monthly;Current Account;Services;Services imports;-97,22692223;USD million
01/08/94;ZWE;Zimbabwe;Monthly;Current Account;Services;Services imports;-90,81609358;USD million
01/09/94;ZWE;Zimbabwe;Monthly;Current Account;Services;Services imports;-110,1223186;USD million
01/10/94;ZWE;Zimbabwe;Monthly;Current Account;Services;Services imports;-106,4276182;USD million
01/11/94;ZWE;Zimbabwe;Monthly;Current Account;Services;Services imports;-100,7384623;USD million
01/12/94;ZWE;Zimbabwe;Monthly;Current Account;Services;Services imports;-110,027108;USD million
01/01/95;ZWE;Zimbabwe;Monthly;Current Account;Services;Services imports;-103,4965656;USD million
01/02/95;ZWE;Zimbabwe;Monthly;Current Account;Services;Services imports;-104,9742095;USD million
01/03/95;ZWE;Zimbabwe;Monthly;Current Account;Services;Services imports;-106,7277443;USD million
01/04/95;ZWE;Zimbabwe;Monthly;Current Account;Services;Services imports;-107,757648;USD million
01/05/95;ZWE;Zimbabwe;Monthly;Current Account;Services;Services imports;-98,56637005;USD million
01/06/95;ZWE;Zimbabwe;Monthly;Current Account;Services;Services imports;-105,7032852;USD million
01/07/95;ZWE;Zimbabwe;Monthly;Current Account;Services;Services imports;-92,06734156;USD million
01/08/95;ZWE;Zimbabwe;Monthly;Current Account;Services;Services imports;-111,3142403;USD million
01/09/95;ZWE;Zimbabwe;Monthly;Current Account;Services;Services imports;-97,31734387;USD million
01/10/95;ZWE;Zimbabwe;Monthly;Current Account;Services;Services imports;-117,4537755;USD million
01/11/95;ZWE;Zimbabwe;Monthly;Current Account;Services;Services imports;-96,54368051;USD million
01/12/95;ZWE;Zimbabwe;Monthly;Current Account;Services;Services imports;-113,0557396;USD million
01/01/96;ZWE;Zimbabwe;Monthly;Current Account;Services;Services imports;-110,643465;USD million
01/02/96;ZWE;Zimbabwe;Monthly;Current Account;Services;Services imports;-135,3484216;USD million
01/03/96;ZWE;Zimbabwe;Monthly;Current Account;Services;Services imports;-98,9508005;USD million
01/04/96;ZWE;Zimbabwe;Monthly;Current Account;Services;Services imports;-105,3695239;USD million
01/05/96;ZWE;Zimbabwe;Monthly;Current Account;Services;Services imports;-132,8816151;USD million
01/06/96;ZWE;Zimbabwe;Monthly;Current Account;Services;Services imports;-101,2696343;USD million
01/07/96;ZWE;Zimbabwe;Monthly;Current Account;Services;Services imports;-94,4173683;USD million
01/08/96;ZWE;Zimbabwe;Monthly;Current Account;Services;Services imports;-105,2292927;USD million
01/09/96;ZWE;Zimbabwe;Monthly;Current Account;Services;Services imports;-110,3158062;USD million
01/10/96;ZWE;Zimbabwe;Monthly;Current Account;Services;Services imports;-107,7381154;USD million
01/11/96;ZWE;Zimbabwe;Monthly;Current Account;Services;Services imports;-119,8575129;USD million
01/12/96;ZWE;Zimbabwe;Monthly;Current Account;Services;Services imports;-101,8487503;USD million
01/01/97;ZWE;Zimbabwe;Monthly;Current Account;Services;Services imports;-98,08393422;USD million
01/02/97;ZWE;Zimbabwe;Monthly;Current Account;Services;Services imports;-113,5730003;USD million
01/03/97;ZWE;Zimbabwe;Monthly;Current Account;Services;Services imports;-102,2741247;USD million
01/04/97;ZWE;Zimbabwe;Monthly;Current Account;Services;Services imports;-119,8809105;USD million
01/05/97;ZWE;Zimbabwe;Monthly;Current Account;Services;Services imports;-103,3692533;USD million
01/06/97;ZWE;Zimbabwe;Monthly;Current Account;Services;Services imports;-96,71498273;USD million
01/07/97;ZWE;Zimbabwe;Monthly;Current Account;Services;Services imports;-98,45472536;USD million
01/08/97;ZWE;Zimbabwe;Monthly;Current Account;Services;Services imports;-108,3229688;USD million
01/09/97;ZWE;Zimbabwe;Monthly;Current Account;Services;Services imports;-108,6393504;USD million
01/10/97;ZWE;Zimbabwe;Monthly;Current Account;Services;Services imports;-108,4289452;USD million
01/11/97;ZWE;Zimbabwe;Monthly;Current Account;Services;Services imports;-115,1983677;USD million
01/12/97;ZWE;Zimbabwe;Monthly;Current Account;Services;Services imports;-129,3515571;USD million
01/01/98;ZWE;Zimbabwe;Monthly;Current Account;Services;Services imports;-112,2535155;USD million
01/02/98;ZWE;Zimbabwe;Monthly;Current Account;Services;Services imports;-108,1620084;USD million
01/03/98;ZWE;Zimbabwe;Monthly;Current Account;Services;Services imports;-123,8016058;USD million
01/04/98;ZWE;Zimbabwe;Monthly;Current Account;Services;Services imports;-105,626361;USD million
01/05/98;ZWE;Zimbabwe;Monthly;Current Account;Services;Services imports;-94,73163047;USD million
01/06/98;ZWE;Zimbabwe;Monthly;Current Account;Services;Services imports;-111,5617824;USD million
01/07/98;ZWE;Zimbabwe;Monthly;Current Account;Services;Services imports;-98,72943902;USD million
01/08/98;ZWE;Zimbabwe;Monthly;Current Account;Services;Services imports;-93,45110195;USD million
01/09/98;ZWE;Zimbabwe;Monthly;Current Account;Services;Services imports;-101,3945717;USD million
01/10/98;ZWE;Zimbabwe;Monthly;Current Account;Services;Services imports;-96,50646414;USD million
01/11/98;ZWE;Zimbabwe;Monthly;Current Account;Services;Services imports;-92,70576794;USD million
01/12/98;ZWE;Zimbabwe;Monthly;Current Account;Services;Services imports;-96,79832403;USD million
01/01/99;ZWE;Zimbabwe;Monthly;Current Account;Services;Services imports;-110,3722158;USD million
01/02/99;ZWE;Zimbabwe;Monthly;Current Account;Services;Services imports;-121,5417194;USD million
01/03/99;ZWE;Zimbabwe;Monthly;Current Account;Services;Services imports;-97,13421404;USD million
01/04/99;ZWE;Zimbabwe;Monthly;Current Account;Services;Services imports;-116,1633761;USD million
01/05/99;ZWE;Zimbabwe;Monthly;Current Account;Services;Services imports;-88,47830566;USD million
01/06/99;ZWE;Zimbabwe;Monthly;Current Account;Services;Services imports;-89,22948526;USD million
01/07/99;ZWE;Zimbabwe;Monthly;Current Account;Services;Services imports;-107,9780171;USD million
01/08/99;ZWE;Zimbabwe;Monthly;Current Account;Services;Services imports;-107,0919937;USD million
01/09/99;ZWE;Zimbabwe;Monthly;Current Account;Services;Services imports;-97,8197605;USD million
01/10/99;ZWE;Zimbabwe;Monthly;Current Account;Services;Services imports;-116,8147256;USD million
01/11/99;ZWE;Zimbabwe;Monthly;Current Account;Services;Services imports;-99,1318272;USD million
01/12/99;ZWE;Zimbabwe;Monthly;Current Account;Services;Services imports;-118,311491;USD million
01/01/00;ZWE;Zimbabwe;Monthly;Current Account;Services;Services imports;-107,1632915;USD million
01/02/00;ZWE;Zimbabwe;Monthly;Current Account;Services;Services imports;-98,3530907;USD million
01/03/00;ZWE;Zimbabwe;Monthly;Current Account;Services;Services imports;-90,31501701;USD million
01/04/00;ZWE;Zimbabwe;Monthly;Current Account;Services;Services imports;-118,7385286;USD million
01/05/00;ZWE;Zimbabwe;Monthly;Current Account;Services;Services imports;-123,7059092;USD million
01/06/00;ZWE;Zimbabwe;Monthly;Current Account;Services;Services imports;-104,7339239;USD million
01/07/00;ZWE;Zimbabwe;Monthly;Current Account;Services;Services imports;-125,3394228;USD million
01/08/00;ZWE;Zimbabwe;Monthly;Current Account;Services;Services imports;-99,16491588;USD million
01/09/00;ZWE;Zimbabwe;Monthly;Current Account;Services;Services imports;-105,8704829;USD million
01/10/00;ZWE;Zimbabwe;Monthly;Current Account;Services;Services imports;-108,8014211;USD million
01/11/00;ZWE;Zimbabwe;Monthly;Current Account;Services;Services imports;-106,2550947;USD million
01/12/00;ZWE;Zimbabwe;Monthly;Current Account;Services;Services imports;-114,3689103;USD million
01/01/01;ZWE;Zimbabwe;Monthly;Current Account;Services;Services imports;-111,0486186;USD million
01/02/01;ZWE;Zimbabwe;Monthly;Current Account;Services;Services imports;-113,9008209;USD million
01/03/01;ZWE;Zimbabwe;Monthly;Current Account;Services;Services imports;-134,8607557;USD million
01/04/01;ZWE;Zimbabwe;Monthly;Current Account;Services;Services imports;-106,4772247;USD million
01/05/01;ZWE;Zimbabwe;Monthly;Current Account;Services;Services imports;-133,615115;USD million
01/06/01;ZWE;Zimbabwe;Monthly;Current Account;Services;Services imports;-103,1705571;USD million
01/07/01;ZWE;Zimbabwe;Monthly;Current Account;Services;Services imports;-104,7004298;USD million
01/08/01;ZWE;Zimbabwe;Monthly;Current Account;Services;Services imports;-107,5505072;USD million
01/09/01;ZWE;Zimbabwe;Monthly;Current Account;Services;Services imports;-118,294357;USD million
01/10/01;ZWE;Zimbabwe;Monthly;Current Account;Services;Services imports;-122,3259112;USD million
01/11/01;ZWE;Zimbabwe;Monthly;Current Account;Services;Services imports;-111,6468926;USD million
01/12/01;ZWE;Zimbabwe;Monthly;Current Account;Services;Services imports;-116,8115671;USD million
01/01/02;ZWE;Zimbabwe;Monthly;Current Account;Services;Services imports;-132,54794;USD million
01/02/02;ZWE;Zimbabwe;Monthly;Current Account;Services;Services imports;-101,0698761;USD million
01/03/02;ZWE;Zimbabwe;Monthly;Current Account;Services;Services imports;-119,5068005;USD million
01/04/02;ZWE;Zimbabwe;Monthly;Current Account;Services;Services imports;-105,8188299;USD million
01/05/02;ZWE;Zimbabwe;Monthly;Current Account;Services;Services imports;-121,7870609;USD million
01/06/02;ZWE;Zimbabwe;Monthly;Current Account;Services;Services imports;-118,5834941;USD million
01/07/02;ZWE;Zimbabwe;Monthly;Current Account;Services;Services imports;-110,3528884;USD million
01/08/02;ZWE;Zimbabwe;Monthly;Current Account;Services;Services imports;-101,8801094;USD million
01/09/02;ZWE;Zimbabwe;Monthly;Current Account;Services;Services imports;-109,9580888;USD million
01/10/02;ZWE;Zimbabwe;Monthly;Current Account;Services;Services imports;-120,7904422;USD million
01/11/02;ZWE;Zimbabwe;Monthly;Current Account;Services;Services imports;-104,5542407;USD million
01/12/02;ZWE;Zimbabwe;Monthly;Current Account;Services;Services imports;-105,8701771;USD million
01/01/03;ZWE;Zimbabwe;Monthly;Current Account;Services;Services imports;-136,1951544;USD million
01/02/03;ZWE;Zimbabwe;Monthly;Current Account;Services;Services imports;-120,8621687;USD million
01/03/03;ZWE;Zimbabwe;Monthly;Current Account;Services;Services imports;-123,5560085;USD million
01/04/03;ZWE;Zimbabwe;Monthly;Current Account;Services;Services imports;-131,1610252;USD million
01/05/03;ZWE;Zimbabwe;Monthly;Current Account;Services;Services imports;-118,2265028;USD million
01/06/03;ZWE;Zimbabwe;Monthly;Current Account;Services;Services imports;-112,9139079;USD million
01/07/03;ZWE;Zimbabwe;Monthly;Current Account;Services;Services imports;-102,5959828;USD million
01/08/03;ZWE;Zimbabwe;Monthly;Current Account;Services;Services imports;-105,4398009;USD million
01/09/03;ZWE;Zimbabwe;Monthly;Current Account;Services;Services imports;-135,5742182;USD million
01/10/03;ZWE;Zimbabwe;Monthly;Current Account;Services;Services imports;-115,976568;USD million
01/11/03;ZWE;Zimbabwe;Monthly;Current Account;Services;Services imports;-112,9717765;USD million
01/12/03;ZWE;Zimbabwe;Monthly;Current Account;Services;Services imports;-123,047343;USD million
01/01/04;ZWE;Zimbabwe;Monthly;Current Account;Services;Services imports;-120,7449793;USD million
01/02/04;ZWE;Zimbabwe;Monthly;Current Account;Services;Services imports;-127,5497272;USD million
01/03/04;ZWE;Zimbabwe;Monthly;Current Account;Services;Services imports;-112,1545718;USD million
01/04/04;ZWE;Zimbabwe;Monthly;Current Account;Services;Services imports;-149,2678239;USD million
01/05/04;ZWE;Zimbabwe;Monthly;Current Account;Services;Services imports;-115,8289928;USD million
01/06/04;ZWE;Zimbabwe;Monthly;Current Account;Services;Services imports;-112,9473196;USD million
01/07/04;ZWE;Zimbabwe;Monthly;Current Account;Services;Services imports;-88,00495524;USD million
01/08/04;ZWE;Zimbabwe;Monthly;Current Account;Services;Services imports;-111,3134962;USD million
01/09/04;ZWE;Zimbabwe;Monthly;Current Account;Services;Services imports;-140,8948912;USD million
01/10/04;ZWE;Zimbabwe;Monthly;Current Account;Services;Services imports;-117,2540252;USD million
01/11/04;ZWE;Zimbabwe;Monthly;Current Account;Services;Services imports;-118,4473148;USD million
01/12/04;ZWE;Zimbabwe;Monthly;Current Account;Services;Services imports;-121,5949782;USD million
01/01/05;ZWE;Zimbabwe;Monthly;Current Account;Services;Services imports;-128,0168691;USD million
01/02/05;ZWE;Zimbabwe;Monthly;Current Account;Services;Services imports;-135,545918;USD million
01/03/05;ZWE;Zimbabwe;Monthly;Current Account;Services;Services imports;-114,2644277;USD million
01/04/05;ZWE;Zimbabwe;Monthly;Current Account;Services;Services imports;-118,8639423;USD million
01/05/05;ZWE;Zimbabwe;Monthly;Current Account;Services;Services imports;-115,9654314;USD million
01/06/05;ZWE;Zimbabwe;Monthly;Current Account;Services;Services imports;-101,6624086;USD million
01/07/05;ZWE;Zimbabwe;Monthly;Current Account;Services;Services imports;-128,3328769;USD million
01/08/05;ZWE;Zimbabwe;Monthly;Current Account;Services;Services imports;-109,1058737;USD million
01/09/05;ZWE;Zimbabwe;Monthly;Current Account;Services;Services imports;-119,8019546;USD million
01/10/05;ZWE;Zimbabwe;Monthly;Current Account;Services;Services imports;-107,6921238;USD million
01/11/05;ZWE;Zimbabwe;Monthly;Current Account;Services;Services imports;-113,3052669;USD million
01/12/05;ZWE;Zimbabwe;Monthly;Current Account;Services;Services imports;-127,8360632;USD million
01/01/06;ZWE;Zimbabwe;Monthly;Current Account;Services;Services imports;-116,5898174;USD million
01/02/06;ZWE;Zimbabwe;Monthly;Current Account;Services;Services imports;-102,1003495;USD million
01/03/06;ZWE;Zimbabwe;Monthly;Current Account;Services;Services imports;-105,6808248;USD million
01/04/06;ZWE;Zimbabwe;Monthly;Current Account;Services;Services imports;-151,7669871;USD million
01/05/06;ZWE;Zimbabwe;Monthly;Current Account;Services;Services imports;-108,0204548;USD million
01/06/06;ZWE;Zimbabwe;Monthly;Current Account;Services;Services imports;-143,9545518;USD million
01/07/06;ZWE;Zimbabwe;Monthly;Current Account;Services;Services imports;-127,4144062;USD million
01/08/06;ZWE;Zimbabwe;Monthly;Current Account;Services;Services imports;-109,5339171;USD million
01/09/06;ZWE;Zimbabwe;Monthly;Current Account;Services;Services imports;-115,6187227;USD million
01/10/06;ZWE;Zimbabwe;Monthly;Current Account;Services;Services imports;-116,474633;USD million
01/11/06;ZWE;Zimbabwe;Monthly;Current Account;Services;Services imports;-120,0052935;USD million
01/12/06;ZWE;Zimbabwe;Monthly;Current Account;Services;Services imports;-114,1337534;USD million
01/01/07;ZWE;Zimbabwe;Monthly;Current Account;Services;Services imports;-103,8873678;USD million
01/02/07;ZWE;Zimbabwe;Monthly;Current Account;Services;Services imports;-128,61891;USD million
01/03/07;ZWE;Zimbabwe;Monthly;Current Account;Services;Services imports;-125,9564783;USD million
01/04/07;ZWE;Zimbabwe;Monthly;Current Account;Services;Services imports;-130,5337897;USD million
01/05/07;ZWE;Zimbabwe;Monthly;Current Account;Services;Services imports;-99,78547191;USD million
01/06/07;ZWE;Zimbabwe;Monthly;Current Account;Services;Services imports;-127,0722876;USD million
01/07/07;ZWE;Zimbabwe;Monthly;Current Account;Services;Services imports;-104,9057943;USD million
01/08/07;ZWE;Zimbabwe;Monthly;Current Account;Services;Services imports;-112,0851007;USD million
01/09/07;ZWE;Zimbabwe;Monthly;Current Account;Services;Services imports;-109,5998072;USD million
01/10/07;ZWE;Zimbabwe;Monthly;Current Account;Services;Services imports;-95,26099178;USD million
01/11/07;ZWE;Zimbabwe;Monthly;Current Account;Services;Services imports;-125,4828801;USD million
01/12/07;ZWE;Zimbabwe;Monthly;Current Account;Services;Services imports;-116,3420647;USD million
01/01/08;ZWE;Zimbabwe;Monthly;Current Account;Services;Services imports;-128,0453475;USD million
01/02/08;ZWE;Zimbabwe;Monthly;Current Account;Services;Services imports;-114,7496324;USD million
01/03/08;ZWE;Zimbabwe;Monthly;Current Account;Services;Services imports;-124,0609469;USD million
01/04/08;ZWE;Zimbabwe;Monthly;Current Account;Services;Services imports;-96,95605926;USD million
01/05/08;ZWE;Zimbabwe;Monthly;Current Account;Services;Services imports;-109,4208154;USD million
01/06/08;ZWE;Zimbabwe;Monthly;Current Account;Services;Services imports;-117,1093189;USD million
01/07/08;ZWE;Zimbabwe;Monthly;Current Account;Services;Services imports;-120,8792475;USD million
01/08/08;ZWE;Zimbabwe;Monthly;Current Account;Services;Services imports;-119,2996994;USD million
01/09/08;ZWE;Zimbabwe;Monthly;Current Account;Services;Services imports;-122,5817645;USD million
01/10/08;ZWE;Zimbabwe;Monthly;Current Account;Services;Services imports;-127,2837302;USD million
01/11/08;ZWE;Zimbabwe;Monthly;Current Account;Services;Services imports;-111,9192385;USD million
01/12/08;ZWE;Zimbabwe;Monthly;Current Account;Services;Services imports;-147,4369627;USD million
01/01/09;ZWE;Zimbabwe;Monthly;Current Account;Services;Services imports;-131,0215701;USD million
01/02/09;ZWE;Zimbabwe;Monthly;Current Account;Services;Services imports;-105,0934656;USD million
01/03/09;ZWE;Zimbabwe;Monthly;Current Account;Services;Services imports;-113,8607182;USD million
01/04/09;ZWE;Zimbabwe;Monthly;Current Account;Services;Services imports;-108,2881369;USD million
01/05/09;ZWE;Zimbabwe;Monthly;Current Account;Services;Services imports;-113,6001306;USD million
01/06/09;ZWE;Zimbabwe;Monthly;Current Account;Services;Services imports;-130,7806388;USD million
01/07/09;ZWE;Zimbabwe;Monthly;Current Account;Services;Services imports;-130,8459803;USD million
01/08/09;ZWE;Zimbabwe;Monthly;Current Account;Services;Services imports;-132,4315545;USD million
01/09/09;ZWE;Zimbabwe;Monthly;Current Account;Services;Services imports;-115,2422486;USD million
01/10/09;ZWE;Zimbabwe;Monthly;Current Account;Services;Services imports;-114,0144401;USD million
01/11/09;ZWE;Zimbabwe;Monthly;Current Account;Services;Services imports;-138,8010112;USD million
01/12/09;ZWE;Zimbabwe;Monthly;Current Account;Services;Services imports;-116,1674872;USD million
01/01/10;ZWE;Zimbabwe;Monthly;Current Account;Services;Services imports;-115,5887168;USD million
01/02/10;ZWE;Zimbabwe;Monthly;Current Account;Services;Services imports;-126,1763725;USD million
01/03/10;ZWE;Zimbabwe;Monthly;Current Account;Services;Services imports;-102,7168075;USD million
01/04/10;ZWE;Zimbabwe;Monthly;Current Account;Services;Services imports;-114,2608516;USD million
01/05/10;ZWE;Zimbabwe;Monthly;Current Account;Services;Services imports;-111,066637;USD million
01/06/10;ZWE;Zimbabwe;Monthly;Current Account;Services;Services imports;-145,083465;USD million
01/07/10;ZWE;Zimbabwe;Monthly;Current Account;Services;Services imports;-154,5787918;USD million
01/08/10;ZWE;Zimbabwe;Monthly;Current Account;Services;Services imports;-123,879536;USD million
01/09/10;ZWE;Zimbabwe;Monthly;Current Account;Services;Services imports;-107,6046948;USD million
01/10/10;ZWE;Zimbabwe;Monthly;Current Account;Services;Services imports;-95,70905442;USD million
01/11/10;ZWE;Zimbabwe;Monthly;Current Account;Services;Services imports;-120,4167759;USD million
01/12/10;ZWE;Zimbabwe;Monthly;Current Account;Services;Services imports;-114,5299754;USD million
01/01/11;ZWE;Zimbabwe;Monthly;Current Account;Services;Services imports;-120,9113396;USD million
01/02/11;ZWE;Zimbabwe;Monthly;Current Account;Services;Services imports;-139,8185793;USD million
01/03/11;ZWE;Zimbabwe;Monthly;Current Account;Services;Services imports;-109,5551906;USD million
01/04/11;ZWE;Zimbabwe;Monthly;Current Account;Services;Services imports;-127,938793;USD million
01/05/11;ZWE;Zimbabwe;Monthly;Current Account;Services;Services imports;-123,7685238;USD million
01/06/11;ZWE;Zimbabwe;Monthly;Current Account;Services;Services imports;-128,5452599;USD million
01/07/11;ZWE;Zimbabwe;Monthly;Current Account;Services;Services imports;-110,3995429;USD million
01/08/11;ZWE;Zimbabwe;Monthly;Current Account;Services;Services imports;-126,0216123;USD million
01/09/11;ZWE;Zimbabwe;Monthly;Current Account;Services;Services imports;-121,3759767;USD million
01/10/11;ZWE;Zimbabwe;Monthly;Current Account;Services;Services imports;-163,190689;USD million
01/11/11;ZWE;Zimbabwe;Monthly;Current Account;Services;Services imports;-162,7921775;USD million
01/12/11;ZWE;Zimbabwe;Monthly;Current Account;Services;Services imports;-144,0839217;USD million
01/01/12;ZWE;Zimbabwe;Monthly;Current Account;Services;Services imports;-115,4576397;USD million
01/02/12;ZWE;Zimbabwe;Monthly;Current Account;Services;Services imports;-129,9762668;USD million
01/03/12;ZWE;Zimbabwe;Monthly;Current Account;Services;Services imports;-138,1123739;USD million
01/04/12;ZWE;Zimbabwe;Monthly;Current Account;Services;Services imports;-138,4428525;USD million
01/05/12;ZWE;Zimbabwe;Monthly;Current Account;Services;Services imports;-145,0869905;USD million
01/06/12;ZWE;Zimbabwe;Monthly;Current Account;Services;Services imports;-120,2415545;USD million
01/07/12;ZWE;Zimbabwe;Monthly;Current Account;Services;Services imports;-122,6860558;USD million
01/08/12;ZWE;Zimbabwe;Monthly;Current Account;Services;Services imports;-115,5682202;USD million
01/09/12;ZWE;Zimbabwe;Monthly;Current Account;Services;Services imports;-124,5913497;USD million
01/10/12;ZWE;Zimbabwe;Monthly;Current Account;Services;Services imports;-115,2316186;USD million
01/11/12;ZWE;Zimbabwe;Monthly;Current Account;Services;Services imports;-121,1958651;USD million
01/12/12;ZWE;Zimbabwe;Monthly;Current Account;Services;Services imports;-141,4206092;USD million
01/01/13;ZWE;Zimbabwe;Monthly;Current Account;Services;Services imports;-132,2871773;USD million
01/02/13;ZWE;Zimbabwe;Monthly;Current Account;Services;Services imports;-140,1726772;USD million
01/03/13;ZWE;Zimbabwe;Monthly;Current Account;Services;Services imports;-148,9708171;USD million
01/04/13;ZWE;Zimbabwe;Monthly;Current Account;Services;Services imports;-127,2578163;USD million
01/05/13;ZWE;Zimbabwe;Monthly;Current Account;Services;Services imports;-138,6067629;USD million
01/06/13;ZWE;Zimbabwe;Monthly;Current Account;Services;Services imports;-144,6433675;USD million
01/07/13;ZWE;Zimbabwe;Monthly;Current Account;Services;Services imports;-160,4688727;USD million
01/08/13;ZWE;Zimbabwe;Monthly;Current Account;Services;Services imports;-131,1576278;USD million
01/09/13;ZWE;Zimbabwe;Monthly;Current Account;Services;Services imports;-140,2331304;USD million
01/10/13;ZWE;Zimbabwe;Monthly;Current Account;Services;Services imports;-127,4302531;USD million
01/11/13;ZWE;Zimbabwe;Monthly;Current Account;Services;Services imports;-143,7175474;USD million
01/12/13;ZWE;Zimbabwe;Monthly;Current Account;Services;Services imports;-139,8672499;USD million
01/01/14;ZWE;Zimbabwe;Monthly;Current Account;Services;Services imports;-144,3210369;USD million
01/02/14;ZWE;Zimbabwe;Monthly;Current Account;Services;Services imports;-120,0543646;USD million
01/03/14;ZWE;Zimbabwe;Monthly;Current Account;Services;Services imports;-165,146369;USD million
01/04/14;ZWE;Zimbabwe;Monthly;Current Account;Services;Services imports;-141,8934753;USD million
01/05/14;ZWE;Zimbabwe;Monthly;Current Account;Services;Services imports;-123,699711;USD million
01/06/14;ZWE;Zimbabwe;Monthly;Current Account;Services;Services imports;-156,2283148;USD million
01/07/14;ZWE;Zimbabwe;Monthly;Current Account;Services;Services imports;-125,185593;USD million
01/08/14;ZWE;Zimbabwe;Monthly;Current Account;Services;Services imports;-147,7029147;USD million
01/09/14;ZWE;Zimbabwe;Monthly;Current Account;Services;Services imports;-166,4356665;USD million
01/10/14;ZWE;Zimbabwe;Monthly;Current Account;Services;Services imports;-140,4041559;USD million
01/11/14;ZWE;Zimbabwe;Monthly;Current Account;Services;Services imports;-126,7199506;USD million
01/12/14;ZWE;Zimbabwe;Monthly;Current Account;Services;Services imports;-122,4177598;USD million
01/01/15;ZWE;Zimbabwe;Monthly;Current Account;Services;Services imports;-142,7005327;USD million
01/02/15;ZWE;Zimbabwe;Monthly;Current Account;Services;Services imports;-134,2330968;USD million
01/03/15;ZWE;Zimbabwe;Monthly;Current Account;Services;Services imports;-164,1666291;USD million
01/04/15;ZWE;Zimbabwe;Monthly;Current Account;Services;Services imports;-138,7552388;USD million
01/05/15;ZWE;Zimbabwe;Monthly;Current Account;Services;Services imports;-170,2389354;USD million
01/06/15;ZWE;Zimbabwe;Monthly;Current Account;Services;Services imports;-150,1081298;USD million
01/07/15;ZWE;Zimbabwe;Monthly;Current Account;Services;Services imports;-132,4923737;USD million
01/08/15;ZWE;Zimbabwe;Monthly;Current Account;Services;Services imports;-120,0766123;USD million
01/09/15;ZWE;Zimbabwe;Monthly;Current Account;Services;Services imports;-117,0326025;USD million
01/10/15;ZWE;Zimbabwe;Monthly;Current Account;Services;Services imports;-150,7048796;USD million
01/11/15;ZWE;Zimbabwe;Monthly;Current Account;Services;Services imports;-144,5108743;USD million
01/12/15;ZWE;Zimbabwe;Monthly;Current Account;Services;Services imports;-120,9014716;USD million
01/01/16;ZWE;Zimbabwe;Monthly;Current Account;Services;Services imports;-128,1991275;USD million
01/02/16;ZWE;Zimbabwe;Monthly;Current Account;Services;Services imports;-132,9571445;USD million
01/03/16;ZWE;Zimbabwe;Monthly;Current Account;Services;Services imports;-151,7668196;USD million
01/04/16;ZWE;Zimbabwe;Monthly;Current Account;Services;Services imports;-127,6507131;USD million
01/05/16;ZWE;Zimbabwe;Monthly;Current Account;Services;Services imports;-176,8294399;USD million
01/06/16;ZWE;Zimbabwe;Monthly;Current Account;Services;Services imports;-132,5506707;USD million
01/07/16;ZWE;Zimbabwe;Monthly;Current Account;Services;Services imports;-152,311015;USD million
01/08/16;ZWE;Zimbabwe;Monthly;Current Account;Services;Services imports;-164,757555;USD million
01/09/16;ZWE;Zimbabwe;Monthly;Current Account;Services;Services imports;-144,0766709;USD million
01/10/16;ZWE;Zimbabwe;Monthly;Current Account;Services;Services imports;-146,554895;USD million
01/11/16;ZWE;Zimbabwe;Monthly;Current Account;Services;Services imports;-147,0097393;USD million
01/12/16;ZWE;Zimbabwe;Monthly;Current Account;Services;Services imports;-116,3192642;USD million
01/01/17;ZWE;Zimbabwe;Monthly;Current Account;Services;Services imports;-115,3040249;USD million
01/02/17;ZWE;Zimbabwe;Monthly;Current Account;Services;Services imports;-134,016603;USD million
01/03/17;ZWE;Zimbabwe;Monthly;Current Account;Services;Services imports;-124,0304779;USD million
01/04/17;ZWE;Zimbabwe;Monthly;Current Account;Services;Services imports;-133,9190473;USD million
01/05/17;ZWE;Zimbabwe;Monthly;Current Account;Services;Services imports;-145,8686026;USD million
01/06/17;ZWE;Zimbabwe;Monthly;Current Account;Services;Services imports;-111,5662036;USD million
01/07/17;ZWE;Zimbabwe;Monthly;Current Account;Services;Services imports;-128,3824141;USD million
01/08/17;ZWE;Zimbabwe;Monthly;Current Account;Services;Services imports;-133,8181429;USD million
01/09/17;ZWE;Zimbabwe;Monthly;Current Account;Services;Services imports;-133,934772;USD million
01/10/17;ZWE;Zimbabwe;Monthly;Current Account;Services;Services imports;-115,3913004;USD million
01/11/17;ZWE;Zimbabwe;Monthly;Current Account;Services;Services imports;-114,3690971;USD million
01/12/17;ZWE;Zimbabwe;Monthly;Current Account;Services;Services imports;-126,1720959;USD million
01/01/18;ZWE;Zimbabwe;Monthly;Current Account;Services;Services imports;-160,9068855;USD million
01/02/18;ZWE;Zimbabwe;Monthly;Current Account;Services;Services imports;-166,4682678;USD million
01/03/18;ZWE;Zimbabwe;Monthly;Current Account;Services;Services imports;-153,4883984;USD million
01/04/18;ZWE;Zimbabwe;Monthly;Current Account;Services;Services imports;-138,8509578;USD million
01/05/18;ZWE;Zimbabwe;Monthly;Current Account;Services;Services imports;-148,9166996;USD million
01/06/18;ZWE;Zimbabwe;Monthly;Current Account;Services;Services imports;-145,2632736;USD million
01/07/18;ZWE;Zimbabwe;Monthly;Current Account;Services;Services imports;-127,5150033;USD million
01/08/18;ZWE;Zimbabwe;Monthly;Current Account;Services;Services imports;-137,5658398;USD million
01/09/18;ZWE;Zimbabwe;Monthly;Current Account;Services;Services imports;-155,6394678;USD million
01/10/18;ZWE;Zimbabwe;Monthly;Current Account;Services;Services imports;-140,7382941;USD million
01/11/18;ZWE;Zimbabwe;Monthly;Current Account;Services;Services imports;-161,8587919;USD million
01/12/18;ZWE;Zimbabwe;Monthly;Current Account;Services;Services imports;-132,1147121;USD million
01/01/19;ZWE;Zimbabwe;Monthly;Current Account;Services;Services imports;-133,8918553;USD million
01/02/19;ZWE;Zimbabwe;Monthly;Current Account;Services;Services imports;-139,4245642;USD million
01/03/19;ZWE;Zimbabwe;Monthly;Current Account;Services;Services imports;-164,2828732;USD million
01/04/19;ZWE;Zimbabwe;Monthly;Current Account;Services;Services imports;-141,7901617;USD million
01/05/19;ZWE;Zimbabwe;Monthly;Current Account;Services;Services imports;-166,7997318;USD million
01/06/19;ZWE;Zimbabwe;Monthly;Current Account;Services;Services imports;-117,532823;USD million
01/07/19;ZWE;Zimbabwe;Monthly;Current Account;Services;Services imports;-128,6849789;USD million
01/08/19;ZWE;Zimbabwe;Monthly;Current Account;Services;Services imports;-118,3546117;USD million
01/09/19;ZWE;Zimbabwe;Monthly;Current Account;Services;Services imports;-161,4171525;USD million
01/10/19;ZWE;Zimbabwe;Monthly;Current Account;Services;Services imports;-122,7806746;USD million
01/11/19;ZWE;Zimbabwe;Monthly;Current Account;Services;Services imports;-164,3188745;USD million
01/12/19;ZWE;Zimbabwe;Monthly;Current Account;Services;Services imports;-152,0963624;USD million
01/01/20;ZWE;Zimbabwe;Monthly;Current Account;Services;Services imports;-139,5108979;USD million
01/02/20;ZWE;Zimbabwe;Monthly;Current Account;Services;Services imports;-155,8496409;USD million
01/03/20;ZWE;Zimbabwe;Monthly;Current Account;Services;Services imports;-145,5721455;USD million
01/04/20;ZWE;Zimbabwe;Monthly;Current Account;Services;Services imports;-121,5443373;USD million
01/05/20;ZWE;Zimbabwe;Monthly;Current Account;Services;Services imports;-134,0129718;USD million
01/06/20;ZWE;Zimbabwe;Monthly;Current Account;Services;Services imports;-130,0492117;USD million
01/07/20;ZWE;Zimbabwe;Monthly;Current Account;Services;Services imports;-115,9040725;USD million
01/08/20;ZWE;Zimbabwe;Monthly;Current Account;Services;Services imports;-153,7389897;USD million
01/09/20;ZWE;Zimbabwe;Monthly;Current Account;Services;Services imports;-148,4376703;USD million
01/10/20;ZWE;Zimbabwe;Monthly;Current Account;Services;Services imports;-154,9847835;USD million
01/11/20;ZWE;Zimbabwe;Monthly;Current Account;Services;Services imports;-144,2681844;USD million
01/12/20;ZWE;Zimbabwe;Monthly;Current Account;Services;Services imports;-152,3687798;USD million
01/01/21;ZWE;Zimbabwe;Monthly;Current Account;Services;Services imports;-115,5635694;USD million
01/02/21;ZWE;Zimbabwe;Monthly;Current Account;Services;Services imports;-162,9775487;USD million
01/03/21;ZWE;Zimbabwe;Monthly;Current Account;Services;Services imports;-164,3691384;USD million
01/04/21;ZWE;Zimbabwe;Monthly;Current Account;Services;Services imports;-127,522466;USD million
01/05/21;ZWE;Zimbabwe;Monthly;Current Account;Services;Services imports;-136,4033347;USD million
01/06/21;ZWE;Zimbabwe;Monthly;Current Account;Services;Services imports;-152,4705202;USD million
01/07/21;ZWE;Zimbabwe;Monthly;Current Account;Services;Services imports;-127,1245965;USD million
01/08/21;ZWE;Zimbabwe;Monthly;Current Account;Services;Services imports;-150,961213;USD million
01/09/21;ZWE;Zimbabwe;Monthly;Current Account;Services;Services imports;-131,2180351;USD million
01/10/21;ZWE;Zimbabwe;Monthly;Current Account;Services;Services imports;-149,0202383;USD million
01/11/21;ZWE;Zimbabwe;Monthly;Current Account;Services;Services imports;-142,738904;USD million
01/12/21;ZWE;Zimbabwe;Monthly;Current Account;Services;Services imports;-158,729803;USD million
01/01/22;ZWE;Zimbabwe;Monthly;Current Account;Services;Services imports;-160,5847488;USD million
01/02/22;ZWE;Zimbabwe;Monthly;Current Account;Services;Services imports;-167,7313494;USD million
01/03/22;ZWE;Zimbabwe;Monthly;Current Account;Services;Services imports;-135,1092479;USD million
01/04/22;ZWE;Zimbabwe;Monthly;Current Account;Services;Services imports;-122,3139002;USD million
01/05/22;ZWE;Zimbabwe;Monthly;Current Account;Services;Services imports;-124,9185163;USD million
01/06/22;ZWE;Zimbabwe;Monthly;Current Account;Services;Services imports;-157,9969218;USD million
01/07/22;ZWE;Zimbabwe;Monthly;Current Account;Services;Services imports;-155,7399399;USD million
01/08/22;ZWE;Zimbabwe;Monthly;Current Account;Services;Services imports;-159,7501211;USD million
01/09/22;ZWE;Zimbabwe;Monthly;Current Account;Services;Services imports;-124,4976183;USD million
01/10/22;ZWE;Zimbabwe;Monthly;Current Account;Services;Services imports;-134,1802066;USD million
01/11/22;ZWE;Zimbabwe;Monthly;Current Account;Services;Services imports;-144,2696198;USD million
01/12/22;ZWE;Zimbabwe;Monthly;Current Account;Services;Services imports;-149,3492706;USD million
01/01/23;ZWE;Zimbabwe;Monthly;Current Account;Services;Services imports;-153,4550139;USD million
01/02/23;ZWE;Zimbabwe;Monthly;Current Account;Services;Services imports;-129,4605504;USD million
01/03/23;ZWE;Zimbabwe;Monthly;Current Account;Services;Services imports;-159,5549184;USD million
01/04/23;ZWE;Zimbabwe;Monthly;Current Account;Services;Services imports;-143,565155;USD million
01/05/23;ZWE;Zimbabwe;Monthly;Current Account;Services;Services imports;-164,3223666;USD million
01/06/23;ZWE;Zimbabwe;Monthly;Current Account;Services;Services imports;-147,546127;USD million
01/07/23;ZWE;Zimbabwe;Monthly;Current Account;Services;Services imports;-135,4453071;USD million
01/08/23;ZWE;Zimbabwe;Monthly;Current Account;Services;Services imports;-145,5983855;USD million
01/09/23;ZWE;Zimbabwe;Monthly;Current Account;Services;Services imports;-140,3383116;USD million
01/10/23;ZWE;Zimbabwe;Monthly;Current Account;Services;Services imports;-161,7165611;USD million
01/11/23;ZWE;Zimbabwe;Monthly;Current Account;Services;Services imports;-152,5618661;USD million
01/12/23;ZWE;Zimbabwe;Monthly;Current Account;Services;Services imports;-128,4864735;USD million
01/01/24;ZWE;Zimbabwe;Monthly;Current Account;Services;Services imports;-157,2799204;USD million
01/02/24;ZWE;Zimbabwe;Monthly;Current Account;Services;Services imports;-152,3858102;USD million
01/03/24;ZWE;Zimbabwe;Monthly;Current Account;Services;Services imports;-157,5691884;USD million
01/04/24;ZWE;Zimbabwe;Monthly;Current Account;Services;Services imports;-131,3732763;USD million
01/05/24;ZWE;Zimbabwe;Monthly;Current Account;Services;Services imports;-170,9618273;USD million
01/06/24;ZWE;Zimbabwe;Monthly;Current Account;Services;Services imports;-140,0719;USD million
01/07/24;ZWE;Zimbabwe;Monthly;Current Account;Services;Services imports;-173,3371561;USD million
01/08/24;ZWE;Zimbabwe;Monthly;Current Account;Services;Services imports;-128,6100788;USD million
01/09/24;ZWE;Zimbabwe;Monthly;Current Account;Services;Services imports;-182,2599572;USD million
01/10/24;ZWE;Zimbabwe;Monthly;Current Account;Services;Services imports;-154,1530417;USD million
01/11/24;ZWE;Zimbabwe;Monthly;Current Account;Services;Services imports;-160,9854173;USD million
01/12/24;ZWE;Zimbabwe;Monthly;Current Account;Services;Services imports;-147,155043;USD million
01/01/25;ZWE;Zimbabwe;Monthly;Current Account;Services;Services imports;-151,5502977;USD million
01/02/25;ZWE;Zimbabwe;Monthly;Current Account;Services;Services imports;-173,6711129;USD million
01/03/25;ZWE;Zimbabwe;Monthly;Current Account;Services;Services imports;-151,2131417;USD million
01/04/25;ZWE;Zimbabwe;Monthly;Current Account;Services;Services imports;-172,4380636;USD million
01/05/25;ZWE;Zimbabwe;Monthly;Current Account;Services;Services imports;-145,5915081;USD million
01/06/25;ZWE;Zimbabwe;Monthly;Current Account;Services;Services imports;-168,0707861;USD million
01/07/25;ZWE;Zimbabwe;Monthly;Current Account;Services;Services imports;-168,5938765;USD million
01/08/25;ZWE;Zimbabwe;Monthly;Current Account;Services;Services imports;-160,2291971;USD million
01/09/25;ZWE;Zimbabwe;Monthly;Current Account;Services;Services imports;-152,3809565;USD million
01/10/25;ZWE;Zimbabwe;Monthly;Current Account;Services;Services imports;-140,1090458;USD million
01/11/25;ZWE;Zimbabwe;Monthly;Current Account;Services;Services imports;-158,4589026;USD million
01/12/25;ZWE;Zimbabwe;Monthly;Current Account;Services;Services imports;-164,0201412;USD million
01/01/26;ZWE;Zimbabwe;Monthly;Current Account;Services;Services imports;-163,7571295;USD million
01/02/26;ZWE;Zimbabwe;Monthly;Current Account;Services;Services imports;-139,0530816;USD million
01/03/26;ZWE;Zimbabwe;Monthly;Current Account;Services;Services imports;-131,8017968;USD million
01/04/26;ZWE;Zimbabwe;Monthly;Current Account;Services;Services imports;-163,5320126;USD million
01/05/26;ZWE;Zimbabwe;Monthly;Current Account;Services;Services imports;-149,0269133;USD million
01/06/26;ZWE;Zimbabwe;Monthly;Current Account;Services;Services imports;-142,8479748;USD million
01/07/26;ZWE;Zimbabwe;Monthly;Current Account;Services;Services imports;-139,4634252;USD million
01/08/26;ZWE;Zimbabwe;Monthly;Current Account;Services;Services imports;-146,0749915;USD million
01/09/26;ZWE;Zimbabwe;Monthly;Current Account;Services;Services imports;-165,0614819;USD million
01/01/80;ZWE;Zimbabwe;Monthly;Current Account;Primary Income;Primary income receipts;8,590794364;USD million
01/02/80;ZWE;Zimbabwe;Monthly;Current Account;Primary Income;Primary income receipts;8,945419665;USD million
01/03/80;ZWE;Zimbabwe;Monthly;Current Account;Primary Income;Primary income receipts;14,17125241;USD million
01/04/80;ZWE;Zimbabwe;Monthly;Current Account;Primary Income;Primary income receipts;10,65503352;USD million
01/05/80;ZWE;Zimbabwe;Monthly;Current Account;Primary Income;Primary income receipts;11,66791921;USD million
01/06/80;ZWE;Zimbabwe;Monthly;Current Account;Primary Income;Primary income receipts;10,98075857;USD million
01/07/80;ZWE;Zimbabwe;Monthly;Current Account;Primary Income;Primary income receipts;11,86067848;USD million
01/08/80;ZWE;Zimbabwe;Monthly;Current Account;Primary Income;Primary income receipts;13,53590132;USD million
01/09/80;ZWE;Zimbabwe;Monthly;Current Account;Primary Income;Primary income receipts;11,53876254;USD million
01/10/80;ZWE;Zimbabwe;Monthly;Current Account;Primary Income;Primary income receipts;10,62487177;USD million
01/11/80;ZWE;Zimbabwe;Monthly;Current Account;Primary Income;Primary income receipts;13,57127129;USD million
01/12/80;ZWE;Zimbabwe;Monthly;Current Account;Primary Income;Primary income receipts;12,16653179;USD million
01/01/81;ZWE;Zimbabwe;Monthly;Current Account;Primary Income;Primary income receipts;13,17280643;USD million
01/02/81;ZWE;Zimbabwe;Monthly;Current Account;Primary Income;Primary income receipts;8,567734037;USD million
01/03/81;ZWE;Zimbabwe;Monthly;Current Account;Primary Income;Primary income receipts;18,13000128;USD million
01/04/81;ZWE;Zimbabwe;Monthly;Current Account;Primary Income;Primary income receipts;12,18837306;USD million
01/05/81;ZWE;Zimbabwe;Monthly;Current Account;Primary Income;Primary income receipts;11,32886425;USD million
01/06/81;ZWE;Zimbabwe;Monthly;Current Account;Primary Income;Primary income receipts;9,572689332;USD million
01/07/81;ZWE;Zimbabwe;Monthly;Current Account;Primary Income;Primary income receipts;15,33800011;USD million
01/08/81;ZWE;Zimbabwe;Monthly;Current Account;Primary Income;Primary income receipts;10,65721349;USD million
01/09/81;ZWE;Zimbabwe;Monthly;Current Account;Primary Income;Primary income receipts;12,16767932;USD million
01/10/81;ZWE;Zimbabwe;Monthly;Current Account;Primary Income;Primary income receipts;11,60873545;USD million
01/11/81;ZWE;Zimbabwe;Monthly;Current Account;Primary Income;Primary income receipts;13,39461084;USD million
01/12/81;ZWE;Zimbabwe;Monthly;Current Account;Primary Income;Primary income receipts;12,33407843;USD million
01/01/82;ZWE;Zimbabwe;Monthly;Current Account;Primary Income;Primary income receipts;14,52074335;USD million
01/02/82;ZWE;Zimbabwe;Monthly;Current Account;Primary Income;Primary income receipts;10,35899789;USD million
01/03/82;ZWE;Zimbabwe;Monthly;Current Account;Primary Income;Primary income receipts;13,40260136;USD million
01/04/82;ZWE;Zimbabwe;Monthly;Current Account;Primary Income;Primary income receipts;13,08522114;USD million
01/05/82;ZWE;Zimbabwe;Monthly;Current Account;Primary Income;Primary income receipts;11,58533883;USD million
01/06/82;ZWE;Zimbabwe;Monthly;Current Account;Primary Income;Primary income receipts;15,10215295;USD million
01/07/82;ZWE;Zimbabwe;Monthly;Current Account;Primary Income;Primary income receipts;13,7134274;USD million
01/08/82;ZWE;Zimbabwe;Monthly;Current Account;Primary Income;Primary income receipts;10,4353612;USD million
01/09/82;ZWE;Zimbabwe;Monthly;Current Account;Primary Income;Primary income receipts;11,75042854;USD million
01/10/82;ZWE;Zimbabwe;Monthly;Current Account;Primary Income;Primary income receipts;11,4770552;USD million
01/11/82;ZWE;Zimbabwe;Monthly;Current Account;Primary Income;Primary income receipts;12,81492425;USD million
01/12/82;ZWE;Zimbabwe;Monthly;Current Account;Primary Income;Primary income receipts;12,41004174;USD million
01/01/83;ZWE;Zimbabwe;Monthly;Current Account;Primary Income;Primary income receipts;12,57609438;USD million
01/02/83;ZWE;Zimbabwe;Monthly;Current Account;Primary Income;Primary income receipts;10,3145781;USD million
01/03/83;ZWE;Zimbabwe;Monthly;Current Account;Primary Income;Primary income receipts;11,51586974;USD million
01/04/83;ZWE;Zimbabwe;Monthly;Current Account;Primary Income;Primary income receipts;13,09468435;USD million
01/05/83;ZWE;Zimbabwe;Monthly;Current Account;Primary Income;Primary income receipts;13,26127576;USD million
01/06/83;ZWE;Zimbabwe;Monthly;Current Account;Primary Income;Primary income receipts;10,04473262;USD million
01/07/83;ZWE;Zimbabwe;Monthly;Current Account;Primary Income;Primary income receipts;13,79794384;USD million
01/08/83;ZWE;Zimbabwe;Monthly;Current Account;Primary Income;Primary income receipts;13,40153094;USD million
01/09/83;ZWE;Zimbabwe;Monthly;Current Account;Primary Income;Primary income receipts;8,165471861;USD million
01/10/83;ZWE;Zimbabwe;Monthly;Current Account;Primary Income;Primary income receipts;10,11584933;USD million
01/11/83;ZWE;Zimbabwe;Monthly;Current Account;Primary Income;Primary income receipts;9,93215382;USD million
01/12/83;ZWE;Zimbabwe;Monthly;Current Account;Primary Income;Primary income receipts;10,00133684;USD million
01/01/84;ZWE;Zimbabwe;Monthly;Current Account;Primary Income;Primary income receipts;14,59879002;USD million
01/02/84;ZWE;Zimbabwe;Monthly;Current Account;Primary Income;Primary income receipts;11,92434129;USD million
01/03/84;ZWE;Zimbabwe;Monthly;Current Account;Primary Income;Primary income receipts;13,55270831;USD million
01/04/84;ZWE;Zimbabwe;Monthly;Current Account;Primary Income;Primary income receipts;11,05243958;USD million
01/05/84;ZWE;Zimbabwe;Monthly;Current Account;Primary Income;Primary income receipts;12,10387751;USD million
01/06/84;ZWE;Zimbabwe;Monthly;Current Account;Primary Income;Primary income receipts;9,159639276;USD million
01/07/84;ZWE;Zimbabwe;Monthly;Current Account;Primary Income;Primary income receipts;14,06078217;USD million
01/08/84;ZWE;Zimbabwe;Monthly;Current Account;Primary Income;Primary income receipts;10,17584993;USD million
01/09/84;ZWE;Zimbabwe;Monthly;Current Account;Primary Income;Primary income receipts;15,46098237;USD million
01/10/84;ZWE;Zimbabwe;Monthly;Current Account;Primary Income;Primary income receipts;13,31232945;USD million
01/11/84;ZWE;Zimbabwe;Monthly;Current Account;Primary Income;Primary income receipts;11,78252097;USD million
01/12/84;ZWE;Zimbabwe;Monthly;Current Account;Primary Income;Primary income receipts;11,86348991;USD million
01/01/85;ZWE;Zimbabwe;Monthly;Current Account;Primary Income;Primary income receipts;11,29089629;USD million
01/02/85;ZWE;Zimbabwe;Monthly;Current Account;Primary Income;Primary income receipts;12,12205545;USD million
01/03/85;ZWE;Zimbabwe;Monthly;Current Account;Primary Income;Primary income receipts;11,10544952;USD million
01/04/85;ZWE;Zimbabwe;Monthly;Current Account;Primary Income;Primary income receipts;11,71333702;USD million
01/05/85;ZWE;Zimbabwe;Monthly;Current Account;Primary Income;Primary income receipts;13,32496631;USD million
01/06/85;ZWE;Zimbabwe;Monthly;Current Account;Primary Income;Primary income receipts;10,96774681;USD million
01/07/85;ZWE;Zimbabwe;Monthly;Current Account;Primary Income;Primary income receipts;14,99721922;USD million
01/08/85;ZWE;Zimbabwe;Monthly;Current Account;Primary Income;Primary income receipts;13,60601896;USD million
01/09/85;ZWE;Zimbabwe;Monthly;Current Account;Primary Income;Primary income receipts;11,38087792;USD million
01/10/85;ZWE;Zimbabwe;Monthly;Current Account;Primary Income;Primary income receipts;12,01579851;USD million
01/11/85;ZWE;Zimbabwe;Monthly;Current Account;Primary Income;Primary income receipts;13,41282031;USD million
01/12/85;ZWE;Zimbabwe;Monthly;Current Account;Primary Income;Primary income receipts;16,48476097;USD million
01/01/86;ZWE;Zimbabwe;Monthly;Current Account;Primary Income;Primary income receipts;16,50182659;USD million
01/02/86;ZWE;Zimbabwe;Monthly;Current Account;Primary Income;Primary income receipts;13,93949309;USD million
01/03/86;ZWE;Zimbabwe;Monthly;Current Account;Primary Income;Primary income receipts;13,34983674;USD million
01/04/86;ZWE;Zimbabwe;Monthly;Current Account;Primary Income;Primary income receipts;13,9326498;USD million
01/05/86;ZWE;Zimbabwe;Monthly;Current Account;Primary Income;Primary income receipts;13,7100606;USD million
01/06/86;ZWE;Zimbabwe;Monthly;Current Account;Primary Income;Primary income receipts;9,444386823;USD million
01/07/86;ZWE;Zimbabwe;Monthly;Current Account;Primary Income;Primary income receipts;14,78383696;USD million
01/08/86;ZWE;Zimbabwe;Monthly;Current Account;Primary Income;Primary income receipts;11,65285887;USD million
01/09/86;ZWE;Zimbabwe;Monthly;Current Account;Primary Income;Primary income receipts;11,20549046;USD million
01/10/86;ZWE;Zimbabwe;Monthly;Current Account;Primary Income;Primary income receipts;12,5213398;USD million
01/11/86;ZWE;Zimbabwe;Monthly;Current Account;Primary Income;Primary income receipts;12,79829976;USD million
01/12/86;ZWE;Zimbabwe;Monthly;Current Account;Primary Income;Primary income receipts;10,44591713;USD million
01/01/87;ZWE;Zimbabwe;Monthly;Current Account;Primary Income;Primary income receipts;13,940205;USD million
01/02/87;ZWE;Zimbabwe;Monthly;Current Account;Primary Income;Primary income receipts;10,5075194;USD million
01/03/87;ZWE;Zimbabwe;Monthly;Current Account;Primary Income;Primary income receipts;12,51377391;USD million
01/04/87;ZWE;Zimbabwe;Monthly;Current Account;Primary Income;Primary income receipts;14,90542599;USD million
01/05/87;ZWE;Zimbabwe;Monthly;Current Account;Primary Income;Primary income receipts;13,07020503;USD million
01/06/87;ZWE;Zimbabwe;Monthly;Current Account;Primary Income;Primary income receipts;13,26939276;USD million
01/07/87;ZWE;Zimbabwe;Monthly;Current Account;Primary Income;Primary income receipts;11,28236283;USD million
01/08/87;ZWE;Zimbabwe;Monthly;Current Account;Primary Income;Primary income receipts;12,36112732;USD million
01/09/87;ZWE;Zimbabwe;Monthly;Current Account;Primary Income;Primary income receipts;11,1207637;USD million
01/10/87;ZWE;Zimbabwe;Monthly;Current Account;Primary Income;Primary income receipts;11,18124048;USD million
01/11/87;ZWE;Zimbabwe;Monthly;Current Account;Primary Income;Primary income receipts;17,61228279;USD million
01/12/87;ZWE;Zimbabwe;Monthly;Current Account;Primary Income;Primary income receipts;10,86353341;USD million
01/01/88;ZWE;Zimbabwe;Monthly;Current Account;Primary Income;Primary income receipts;11,50330994;USD million
01/02/88;ZWE;Zimbabwe;Monthly;Current Account;Primary Income;Primary income receipts;15,96208475;USD million
01/03/88;ZWE;Zimbabwe;Monthly;Current Account;Primary Income;Primary income receipts;13,79855907;USD million
01/04/88;ZWE;Zimbabwe;Monthly;Current Account;Primary Income;Primary income receipts;9,906387482;USD million
01/05/88;ZWE;Zimbabwe;Monthly;Current Account;Primary Income;Primary income receipts;10,82277599;USD million
01/06/88;ZWE;Zimbabwe;Monthly;Current Account;Primary Income;Primary income receipts;12,36337869;USD million
01/07/88;ZWE;Zimbabwe;Monthly;Current Account;Primary Income;Primary income receipts;11,70746597;USD million
01/08/88;ZWE;Zimbabwe;Monthly;Current Account;Primary Income;Primary income receipts;11,63357787;USD million
01/09/88;ZWE;Zimbabwe;Monthly;Current Account;Primary Income;Primary income receipts;10,0061871;USD million
01/10/88;ZWE;Zimbabwe;Monthly;Current Account;Primary Income;Primary income receipts;14,81050998;USD million
01/11/88;ZWE;Zimbabwe;Monthly;Current Account;Primary Income;Primary income receipts;11,19957532;USD million
01/12/88;ZWE;Zimbabwe;Monthly;Current Account;Primary Income;Primary income receipts;9,204996979;USD million
01/01/89;ZWE;Zimbabwe;Monthly;Current Account;Primary Income;Primary income receipts;13,06472736;USD million
01/02/89;ZWE;Zimbabwe;Monthly;Current Account;Primary Income;Primary income receipts;12,69527804;USD million
01/03/89;ZWE;Zimbabwe;Monthly;Current Account;Primary Income;Primary income receipts;15,45251557;USD million
01/04/89;ZWE;Zimbabwe;Monthly;Current Account;Primary Income;Primary income receipts;12,08469844;USD million
01/05/89;ZWE;Zimbabwe;Monthly;Current Account;Primary Income;Primary income receipts;11,75980168;USD million
01/06/89;ZWE;Zimbabwe;Monthly;Current Account;Primary Income;Primary income receipts;12,66769253;USD million
01/07/89;ZWE;Zimbabwe;Monthly;Current Account;Primary Income;Primary income receipts;15,01970892;USD million
01/08/89;ZWE;Zimbabwe;Monthly;Current Account;Primary Income;Primary income receipts;11,76428603;USD million
01/09/89;ZWE;Zimbabwe;Monthly;Current Account;Primary Income;Primary income receipts;12,74641478;USD million
01/10/89;ZWE;Zimbabwe;Monthly;Current Account;Primary Income;Primary income receipts;13,3606698;USD million
01/11/89;ZWE;Zimbabwe;Monthly;Current Account;Primary Income;Primary income receipts;11,84724448;USD million
01/12/89;ZWE;Zimbabwe;Monthly;Current Account;Primary Income;Primary income receipts;11,53294251;USD million
01/01/90;ZWE;Zimbabwe;Monthly;Current Account;Primary Income;Primary income receipts;13,12513448;USD million
01/02/90;ZWE;Zimbabwe;Monthly;Current Account;Primary Income;Primary income receipts;14,52923102;USD million
01/03/90;ZWE;Zimbabwe;Monthly;Current Account;Primary Income;Primary income receipts;14,71815112;USD million
01/04/90;ZWE;Zimbabwe;Monthly;Current Account;Primary Income;Primary income receipts;12,19465246;USD million
01/05/90;ZWE;Zimbabwe;Monthly;Current Account;Primary Income;Primary income receipts;10,47952318;USD million
01/06/90;ZWE;Zimbabwe;Monthly;Current Account;Primary Income;Primary income receipts;12,33887705;USD million
01/07/90;ZWE;Zimbabwe;Monthly;Current Account;Primary Income;Primary income receipts;13,89784578;USD million
01/08/90;ZWE;Zimbabwe;Monthly;Current Account;Primary Income;Primary income receipts;10,77496465;USD million
01/09/90;ZWE;Zimbabwe;Monthly;Current Account;Primary Income;Primary income receipts;15,13481428;USD million
01/10/90;ZWE;Zimbabwe;Monthly;Current Account;Primary Income;Primary income receipts;9,45198222;USD million
01/11/90;ZWE;Zimbabwe;Monthly;Current Account;Primary Income;Primary income receipts;9,413689376;USD million
01/12/90;ZWE;Zimbabwe;Monthly;Current Account;Primary Income;Primary income receipts;9,519101588;USD million
01/01/91;ZWE;Zimbabwe;Monthly;Current Account;Primary Income;Primary income receipts;14,83939401;USD million
01/02/91;ZWE;Zimbabwe;Monthly;Current Account;Primary Income;Primary income receipts;13,72486124;USD million
01/03/91;ZWE;Zimbabwe;Monthly;Current Account;Primary Income;Primary income receipts;11,67556387;USD million
01/04/91;ZWE;Zimbabwe;Monthly;Current Account;Primary Income;Primary income receipts;13,53353716;USD million
01/05/91;ZWE;Zimbabwe;Monthly;Current Account;Primary Income;Primary income receipts;12,11191228;USD million
01/06/91;ZWE;Zimbabwe;Monthly;Current Account;Primary Income;Primary income receipts;15,34048987;USD million
01/07/91;ZWE;Zimbabwe;Monthly;Current Account;Primary Income;Primary income receipts;13,87023121;USD million
01/08/91;ZWE;Zimbabwe;Monthly;Current Account;Primary Income;Primary income receipts;15,84426959;USD million
01/09/91;ZWE;Zimbabwe;Monthly;Current Account;Primary Income;Primary income receipts;11,47313736;USD million
01/10/91;ZWE;Zimbabwe;Monthly;Current Account;Primary Income;Primary income receipts;14,62592802;USD million
01/11/91;ZWE;Zimbabwe;Monthly;Current Account;Primary Income;Primary income receipts;16,57093178;USD million
01/12/91;ZWE;Zimbabwe;Monthly;Current Account;Primary Income;Primary income receipts;14,31233967;USD million
01/01/92;ZWE;Zimbabwe;Monthly;Current Account;Primary Income;Primary income receipts;15,48868168;USD million
01/02/92;ZWE;Zimbabwe;Monthly;Current Account;Primary Income;Primary income receipts;9,62470836;USD million
01/03/92;ZWE;Zimbabwe;Monthly;Current Account;Primary Income;Primary income receipts;9,371524353;USD million
01/04/92;ZWE;Zimbabwe;Monthly;Current Account;Primary Income;Primary income receipts;11,78455894;USD million
01/05/92;ZWE;Zimbabwe;Monthly;Current Account;Primary Income;Primary income receipts;12,48211449;USD million
01/06/92;ZWE;Zimbabwe;Monthly;Current Account;Primary Income;Primary income receipts;15,85081777;USD million
01/07/92;ZWE;Zimbabwe;Monthly;Current Account;Primary Income;Primary income receipts;15,07158683;USD million
01/08/92;ZWE;Zimbabwe;Monthly;Current Account;Primary Income;Primary income receipts;13,27093381;USD million
01/09/92;ZWE;Zimbabwe;Monthly;Current Account;Primary Income;Primary income receipts;15,0497359;USD million
01/10/92;ZWE;Zimbabwe;Monthly;Current Account;Primary Income;Primary income receipts;12,66597165;USD million
01/11/92;ZWE;Zimbabwe;Monthly;Current Account;Primary Income;Primary income receipts;8,92807913;USD million
01/12/92;ZWE;Zimbabwe;Monthly;Current Account;Primary Income;Primary income receipts;13,8824166;USD million
01/01/93;ZWE;Zimbabwe;Monthly;Current Account;Primary Income;Primary income receipts;11,94556067;USD million
01/02/93;ZWE;Zimbabwe;Monthly;Current Account;Primary Income;Primary income receipts;12,61974166;USD million
01/03/93;ZWE;Zimbabwe;Monthly;Current Account;Primary Income;Primary income receipts;11,40613604;USD million
01/04/93;ZWE;Zimbabwe;Monthly;Current Account;Primary Income;Primary income receipts;16,30867193;USD million
01/05/93;ZWE;Zimbabwe;Monthly;Current Account;Primary Income;Primary income receipts;14,38982118;USD million
01/06/93;ZWE;Zimbabwe;Monthly;Current Account;Primary Income;Primary income receipts;12,24041414;USD million
01/07/93;ZWE;Zimbabwe;Monthly;Current Account;Primary Income;Primary income receipts;14,42860586;USD million
01/08/93;ZWE;Zimbabwe;Monthly;Current Account;Primary Income;Primary income receipts;9,449823126;USD million
01/09/93;ZWE;Zimbabwe;Monthly;Current Account;Primary Income;Primary income receipts;11,05996668;USD million
01/10/93;ZWE;Zimbabwe;Monthly;Current Account;Primary Income;Primary income receipts;9,048796124;USD million
01/11/93;ZWE;Zimbabwe;Monthly;Current Account;Primary Income;Primary income receipts;13,36852218;USD million
01/12/93;ZWE;Zimbabwe;Monthly;Current Account;Primary Income;Primary income receipts;12,72143221;USD million
01/01/94;ZWE;Zimbabwe;Monthly;Current Account;Primary Income;Primary income receipts;12,56738134;USD million
01/02/94;ZWE;Zimbabwe;Monthly;Current Account;Primary Income;Primary income receipts;13,64083094;USD million
01/03/94;ZWE;Zimbabwe;Monthly;Current Account;Primary Income;Primary income receipts;14,29788228;USD million
01/04/94;ZWE;Zimbabwe;Monthly;Current Account;Primary Income;Primary income receipts;12,1204784;USD million
01/05/94;ZWE;Zimbabwe;Monthly;Current Account;Primary Income;Primary income receipts;12,21495305;USD million
01/06/94;ZWE;Zimbabwe;Monthly;Current Account;Primary Income;Primary income receipts;12,06502221;USD million
01/07/94;ZWE;Zimbabwe;Monthly;Current Account;Primary Income;Primary income receipts;15,60174514;USD million
01/08/94;ZWE;Zimbabwe;Monthly;Current Account;Primary Income;Primary income receipts;11,88543507;USD million
01/09/94;ZWE;Zimbabwe;Monthly;Current Account;Primary Income;Primary income receipts;16,66580856;USD million
01/10/94;ZWE;Zimbabwe;Monthly;Current Account;Primary Income;Primary income receipts;12,58097338;USD million
01/11/94;ZWE;Zimbabwe;Monthly;Current Account;Primary Income;Primary income receipts;13,81618984;USD million
01/12/94;ZWE;Zimbabwe;Monthly;Current Account;Primary Income;Primary income receipts;15,56768062;USD million
01/01/95;ZWE;Zimbabwe;Monthly;Current Account;Primary Income;Primary income receipts;14,61298503;USD million
01/02/95;ZWE;Zimbabwe;Monthly;Current Account;Primary Income;Primary income receipts;12,52091978;USD million
01/03/95;ZWE;Zimbabwe;Monthly;Current Account;Primary Income;Primary income receipts;13,18224814;USD million
01/04/95;ZWE;Zimbabwe;Monthly;Current Account;Primary Income;Primary income receipts;12,84563026;USD million
01/05/95;ZWE;Zimbabwe;Monthly;Current Account;Primary Income;Primary income receipts;15,46040106;USD million
01/06/95;ZWE;Zimbabwe;Monthly;Current Account;Primary Income;Primary income receipts;10,00774217;USD million
01/07/95;ZWE;Zimbabwe;Monthly;Current Account;Primary Income;Primary income receipts;13,0351742;USD million
01/08/95;ZWE;Zimbabwe;Monthly;Current Account;Primary Income;Primary income receipts;12,27651624;USD million
01/09/95;ZWE;Zimbabwe;Monthly;Current Account;Primary Income;Primary income receipts;11,5126885;USD million
01/10/95;ZWE;Zimbabwe;Monthly;Current Account;Primary Income;Primary income receipts;10,27846844;USD million
01/11/95;ZWE;Zimbabwe;Monthly;Current Account;Primary Income;Primary income receipts;12,61964018;USD million
01/12/95;ZWE;Zimbabwe;Monthly;Current Account;Primary Income;Primary income receipts;9,69867873;USD million
01/01/96;ZWE;Zimbabwe;Monthly;Current Account;Primary Income;Primary income receipts;11,37884738;USD million
01/02/96;ZWE;Zimbabwe;Monthly;Current Account;Primary Income;Primary income receipts;10,33146176;USD million
01/03/96;ZWE;Zimbabwe;Monthly;Current Account;Primary Income;Primary income receipts;10,4550603;USD million
01/04/96;ZWE;Zimbabwe;Monthly;Current Account;Primary Income;Primary income receipts;11,05624845;USD million
01/05/96;ZWE;Zimbabwe;Monthly;Current Account;Primary Income;Primary income receipts;14,13655132;USD million
01/06/96;ZWE;Zimbabwe;Monthly;Current Account;Primary Income;Primary income receipts;13,10261105;USD million
01/07/96;ZWE;Zimbabwe;Monthly;Current Account;Primary Income;Primary income receipts;12,65940831;USD million
01/08/96;ZWE;Zimbabwe;Monthly;Current Account;Primary Income;Primary income receipts;15,07872169;USD million
01/09/96;ZWE;Zimbabwe;Monthly;Current Account;Primary Income;Primary income receipts;12,24362291;USD million
01/10/96;ZWE;Zimbabwe;Monthly;Current Account;Primary Income;Primary income receipts;11,54857331;USD million
01/11/96;ZWE;Zimbabwe;Monthly;Current Account;Primary Income;Primary income receipts;15,4947064;USD million
01/12/96;ZWE;Zimbabwe;Monthly;Current Account;Primary Income;Primary income receipts;10,81223167;USD million
01/01/97;ZWE;Zimbabwe;Monthly;Current Account;Primary Income;Primary income receipts;14,70338796;USD million
01/02/97;ZWE;Zimbabwe;Monthly;Current Account;Primary Income;Primary income receipts;11,32947742;USD million
01/03/97;ZWE;Zimbabwe;Monthly;Current Account;Primary Income;Primary income receipts;11,29140674;USD million
01/04/97;ZWE;Zimbabwe;Monthly;Current Account;Primary Income;Primary income receipts;14,20185707;USD million
01/05/97;ZWE;Zimbabwe;Monthly;Current Account;Primary Income;Primary income receipts;10,77019585;USD million
01/06/97;ZWE;Zimbabwe;Monthly;Current Account;Primary Income;Primary income receipts;13,35766248;USD million
01/07/97;ZWE;Zimbabwe;Monthly;Current Account;Primary Income;Primary income receipts;14,52369008;USD million
01/08/97;ZWE;Zimbabwe;Monthly;Current Account;Primary Income;Primary income receipts;13,27357008;USD million
01/09/97;ZWE;Zimbabwe;Monthly;Current Account;Primary Income;Primary income receipts;10,74641275;USD million
01/10/97;ZWE;Zimbabwe;Monthly;Current Account;Primary Income;Primary income receipts;13,52303298;USD million
01/11/97;ZWE;Zimbabwe;Monthly;Current Account;Primary Income;Primary income receipts;16,38247533;USD million
01/12/97;ZWE;Zimbabwe;Monthly;Current Account;Primary Income;Primary income receipts;15,08429096;USD million
01/01/98;ZWE;Zimbabwe;Monthly;Current Account;Primary Income;Primary income receipts;12,00566934;USD million
01/02/98;ZWE;Zimbabwe;Monthly;Current Account;Primary Income;Primary income receipts;13,74022168;USD million
01/03/98;ZWE;Zimbabwe;Monthly;Current Account;Primary Income;Primary income receipts;11,88712857;USD million
01/04/98;ZWE;Zimbabwe;Monthly;Current Account;Primary Income;Primary income receipts;12,64128277;USD million
01/05/98;ZWE;Zimbabwe;Monthly;Current Account;Primary Income;Primary income receipts;13,68323534;USD million
01/06/98;ZWE;Zimbabwe;Monthly;Current Account;Primary Income;Primary income receipts;12,45517219;USD million
01/07/98;ZWE;Zimbabwe;Monthly;Current Account;Primary Income;Primary income receipts;13,06823481;USD million
01/08/98;ZWE;Zimbabwe;Monthly;Current Account;Primary Income;Primary income receipts;11,96006318;USD million
01/09/98;ZWE;Zimbabwe;Monthly;Current Account;Primary Income;Primary income receipts;11,52577072;USD million
01/10/98;ZWE;Zimbabwe;Monthly;Current Account;Primary Income;Primary income receipts;13,16536038;USD million
01/11/98;ZWE;Zimbabwe;Monthly;Current Account;Primary Income;Primary income receipts;14,58738869;USD million
01/12/98;ZWE;Zimbabwe;Monthly;Current Account;Primary Income;Primary income receipts;14,39772272;USD million
01/01/99;ZWE;Zimbabwe;Monthly;Current Account;Primary Income;Primary income receipts;13,8056092;USD million
01/02/99;ZWE;Zimbabwe;Monthly;Current Account;Primary Income;Primary income receipts;14,68342935;USD million
01/03/99;ZWE;Zimbabwe;Monthly;Current Account;Primary Income;Primary income receipts;15,81613112;USD million
01/04/99;ZWE;Zimbabwe;Monthly;Current Account;Primary Income;Primary income receipts;12,7160002;USD million
01/05/99;ZWE;Zimbabwe;Monthly;Current Account;Primary Income;Primary income receipts;11,71920396;USD million
01/06/99;ZWE;Zimbabwe;Monthly;Current Account;Primary Income;Primary income receipts;14,19696836;USD million
01/07/99;ZWE;Zimbabwe;Monthly;Current Account;Primary Income;Primary income receipts;15,00554899;USD million
01/08/99;ZWE;Zimbabwe;Monthly;Current Account;Primary Income;Primary income receipts;13,88591036;USD million
01/09/99;ZWE;Zimbabwe;Monthly;Current Account;Primary Income;Primary income receipts;13,04406869;USD million
01/10/99;ZWE;Zimbabwe;Monthly;Current Account;Primary Income;Primary income receipts;10,90681989;USD million
01/11/99;ZWE;Zimbabwe;Monthly;Current Account;Primary Income;Primary income receipts;13,76943369;USD million
01/12/99;ZWE;Zimbabwe;Monthly;Current Account;Primary Income;Primary income receipts;16,56469507;USD million
01/01/00;ZWE;Zimbabwe;Monthly;Current Account;Primary Income;Primary income receipts;11,03851224;USD million
01/02/00;ZWE;Zimbabwe;Monthly;Current Account;Primary Income;Primary income receipts;11,90877405;USD million
01/03/00;ZWE;Zimbabwe;Monthly;Current Account;Primary Income;Primary income receipts;16,83567703;USD million
01/04/00;ZWE;Zimbabwe;Monthly;Current Account;Primary Income;Primary income receipts;14,52546838;USD million
01/05/00;ZWE;Zimbabwe;Monthly;Current Account;Primary Income;Primary income receipts;14,78634371;USD million
01/06/00;ZWE;Zimbabwe;Monthly;Current Account;Primary Income;Primary income receipts;17,35012079;USD million
01/07/00;ZWE;Zimbabwe;Monthly;Current Account;Primary Income;Primary income receipts;9,341002552;USD million
01/08/00;ZWE;Zimbabwe;Monthly;Current Account;Primary Income;Primary income receipts;11,7004816;USD million
01/09/00;ZWE;Zimbabwe;Monthly;Current Account;Primary Income;Primary income receipts;13,22002599;USD million
01/10/00;ZWE;Zimbabwe;Monthly;Current Account;Primary Income;Primary income receipts;12,62179924;USD million
01/11/00;ZWE;Zimbabwe;Monthly;Current Account;Primary Income;Primary income receipts;16,73172469;USD million
01/12/00;ZWE;Zimbabwe;Monthly;Current Account;Primary Income;Primary income receipts;14,199004;USD million
01/01/01;ZWE;Zimbabwe;Monthly;Current Account;Primary Income;Primary income receipts;13,56167202;USD million
01/02/01;ZWE;Zimbabwe;Monthly;Current Account;Primary Income;Primary income receipts;13,36726976;USD million
01/03/01;ZWE;Zimbabwe;Monthly;Current Account;Primary Income;Primary income receipts;13,96955306;USD million
01/04/01;ZWE;Zimbabwe;Monthly;Current Account;Primary Income;Primary income receipts;11,54559735;USD million
01/05/01;ZWE;Zimbabwe;Monthly;Current Account;Primary Income;Primary income receipts;11,35101722;USD million
01/06/01;ZWE;Zimbabwe;Monthly;Current Account;Primary Income;Primary income receipts;13,24050891;USD million
01/07/01;ZWE;Zimbabwe;Monthly;Current Account;Primary Income;Primary income receipts;15,42884042;USD million
01/08/01;ZWE;Zimbabwe;Monthly;Current Account;Primary Income;Primary income receipts;16,05411821;USD million
01/09/01;ZWE;Zimbabwe;Monthly;Current Account;Primary Income;Primary income receipts;12,57690291;USD million
01/10/01;ZWE;Zimbabwe;Monthly;Current Account;Primary Income;Primary income receipts;11,545252;USD million
01/11/01;ZWE;Zimbabwe;Monthly;Current Account;Primary Income;Primary income receipts;16,2053686;USD million
01/12/01;ZWE;Zimbabwe;Monthly;Current Account;Primary Income;Primary income receipts;11,88684468;USD million
01/01/02;ZWE;Zimbabwe;Monthly;Current Account;Primary Income;Primary income receipts;14,2645266;USD million
01/02/02;ZWE;Zimbabwe;Monthly;Current Account;Primary Income;Primary income receipts;18,76417144;USD million
01/03/02;ZWE;Zimbabwe;Monthly;Current Account;Primary Income;Primary income receipts;15,15639709;USD million
01/04/02;ZWE;Zimbabwe;Monthly;Current Account;Primary Income;Primary income receipts;15,80724534;USD million
01/05/02;ZWE;Zimbabwe;Monthly;Current Account;Primary Income;Primary income receipts;14,98212909;USD million
01/06/02;ZWE;Zimbabwe;Monthly;Current Account;Primary Income;Primary income receipts;12,52467506;USD million
01/07/02;ZWE;Zimbabwe;Monthly;Current Account;Primary Income;Primary income receipts;12,12321359;USD million
01/08/02;ZWE;Zimbabwe;Monthly;Current Account;Primary Income;Primary income receipts;13,05436493;USD million
01/09/02;ZWE;Zimbabwe;Monthly;Current Account;Primary Income;Primary income receipts;17,68903025;USD million
01/10/02;ZWE;Zimbabwe;Monthly;Current Account;Primary Income;Primary income receipts;14,09205338;USD million
01/11/02;ZWE;Zimbabwe;Monthly;Current Account;Primary Income;Primary income receipts;11,14190786;USD million
01/12/02;ZWE;Zimbabwe;Monthly;Current Account;Primary Income;Primary income receipts;13,21238338;USD million
01/01/03;ZWE;Zimbabwe;Monthly;Current Account;Primary Income;Primary income receipts;12,76490211;USD million
01/02/03;ZWE;Zimbabwe;Monthly;Current Account;Primary Income;Primary income receipts;15,0333978;USD million
01/03/03;ZWE;Zimbabwe;Monthly;Current Account;Primary Income;Primary income receipts;16,10116227;USD million
01/04/03;ZWE;Zimbabwe;Monthly;Current Account;Primary Income;Primary income receipts;12,88509308;USD million
01/05/03;ZWE;Zimbabwe;Monthly;Current Account;Primary Income;Primary income receipts;15,0941474;USD million
01/06/03;ZWE;Zimbabwe;Monthly;Current Account;Primary Income;Primary income receipts;13,86377645;USD million
01/07/03;ZWE;Zimbabwe;Monthly;Current Account;Primary Income;Primary income receipts;14,59289968;USD million
01/08/03;ZWE;Zimbabwe;Monthly;Current Account;Primary Income;Primary income receipts;14,57302479;USD million
01/09/03;ZWE;Zimbabwe;Monthly;Current Account;Primary Income;Primary income receipts;13,44171067;USD million
01/10/03;ZWE;Zimbabwe;Monthly;Current Account;Primary Income;Primary income receipts;11,58235562;USD million
01/11/03;ZWE;Zimbabwe;Monthly;Current Account;Primary Income;Primary income receipts;12,50037295;USD million
01/12/03;ZWE;Zimbabwe;Monthly;Current Account;Primary Income;Primary income receipts;13,1792189;USD million
01/01/04;ZWE;Zimbabwe;Monthly;Current Account;Primary Income;Primary income receipts;13,81039168;USD million
01/02/04;ZWE;Zimbabwe;Monthly;Current Account;Primary Income;Primary income receipts;12,84946798;USD million
01/03/04;ZWE;Zimbabwe;Monthly;Current Account;Primary Income;Primary income receipts;14,88072286;USD million
01/04/04;ZWE;Zimbabwe;Monthly;Current Account;Primary Income;Primary income receipts;12,73296869;USD million
01/05/04;ZWE;Zimbabwe;Monthly;Current Account;Primary Income;Primary income receipts;13,41381225;USD million
01/06/04;ZWE;Zimbabwe;Monthly;Current Account;Primary Income;Primary income receipts;15,47848114;USD million
01/07/04;ZWE;Zimbabwe;Monthly;Current Account;Primary Income;Primary income receipts;10,94002097;USD million
01/08/04;ZWE;Zimbabwe;Monthly;Current Account;Primary Income;Primary income receipts;17,37043862;USD million
01/09/04;ZWE;Zimbabwe;Monthly;Current Account;Primary Income;Primary income receipts;11,3969348;USD million
01/10/04;ZWE;Zimbabwe;Monthly;Current Account;Primary Income;Primary income receipts;14,97653228;USD million
01/11/04;ZWE;Zimbabwe;Monthly;Current Account;Primary Income;Primary income receipts;13,74199119;USD million
01/12/04;ZWE;Zimbabwe;Monthly;Current Account;Primary Income;Primary income receipts;11,21157727;USD million
01/01/05;ZWE;Zimbabwe;Monthly;Current Account;Primary Income;Primary income receipts;17,45874238;USD million
01/02/05;ZWE;Zimbabwe;Monthly;Current Account;Primary Income;Primary income receipts;15,37028855;USD million
01/03/05;ZWE;Zimbabwe;Monthly;Current Account;Primary Income;Primary income receipts;12,46428041;USD million
01/04/05;ZWE;Zimbabwe;Monthly;Current Account;Primary Income;Primary income receipts;15,16800352;USD million
01/05/05;ZWE;Zimbabwe;Monthly;Current Account;Primary Income;Primary income receipts;13,38361395;USD million
01/06/05;ZWE;Zimbabwe;Monthly;Current Account;Primary Income;Primary income receipts;14,05521091;USD million
01/07/05;ZWE;Zimbabwe;Monthly;Current Account;Primary Income;Primary income receipts;18,37496911;USD million
01/08/05;ZWE;Zimbabwe;Monthly;Current Account;Primary Income;Primary income receipts;18,27130565;USD million
01/09/05;ZWE;Zimbabwe;Monthly;Current Account;Primary Income;Primary income receipts;9,207192826;USD million
01/10/05;ZWE;Zimbabwe;Monthly;Current Account;Primary Income;Primary income receipts;12,69405367;USD million
01/11/05;ZWE;Zimbabwe;Monthly;Current Account;Primary Income;Primary income receipts;13,3586322;USD million
01/12/05;ZWE;Zimbabwe;Monthly;Current Account;Primary Income;Primary income receipts;13,52876107;USD million
01/01/06;ZWE;Zimbabwe;Monthly;Current Account;Primary Income;Primary income receipts;14,0222115;USD million
01/02/06;ZWE;Zimbabwe;Monthly;Current Account;Primary Income;Primary income receipts;14,382756;USD million
01/03/06;ZWE;Zimbabwe;Monthly;Current Account;Primary Income;Primary income receipts;13,92555755;USD million
01/04/06;ZWE;Zimbabwe;Monthly;Current Account;Primary Income;Primary income receipts;10,83300505;USD million
01/05/06;ZWE;Zimbabwe;Monthly;Current Account;Primary Income;Primary income receipts;11,93615118;USD million
01/06/06;ZWE;Zimbabwe;Monthly;Current Account;Primary Income;Primary income receipts;14,58429605;USD million
01/07/06;ZWE;Zimbabwe;Monthly;Current Account;Primary Income;Primary income receipts;9,692056554;USD million
01/08/06;ZWE;Zimbabwe;Monthly;Current Account;Primary Income;Primary income receipts;14,10815022;USD million
01/09/06;ZWE;Zimbabwe;Monthly;Current Account;Primary Income;Primary income receipts;16,6865764;USD million
01/10/06;ZWE;Zimbabwe;Monthly;Current Account;Primary Income;Primary income receipts;15,73639924;USD million
01/11/06;ZWE;Zimbabwe;Monthly;Current Account;Primary Income;Primary income receipts;16,168679;USD million
01/12/06;ZWE;Zimbabwe;Monthly;Current Account;Primary Income;Primary income receipts;13,27339494;USD million
01/01/07;ZWE;Zimbabwe;Monthly;Current Account;Primary Income;Primary income receipts;10,95808627;USD million
01/02/07;ZWE;Zimbabwe;Monthly;Current Account;Primary Income;Primary income receipts;15,68137039;USD million
01/03/07;ZWE;Zimbabwe;Monthly;Current Account;Primary Income;Primary income receipts;13,67458246;USD million
01/04/07;ZWE;Zimbabwe;Monthly;Current Account;Primary Income;Primary income receipts;14,48990063;USD million
01/05/07;ZWE;Zimbabwe;Monthly;Current Account;Primary Income;Primary income receipts;11,37607817;USD million
01/06/07;ZWE;Zimbabwe;Monthly;Current Account;Primary Income;Primary income receipts;17,68071425;USD million
01/07/07;ZWE;Zimbabwe;Monthly;Current Account;Primary Income;Primary income receipts;15,61021281;USD million
01/08/07;ZWE;Zimbabwe;Monthly;Current Account;Primary Income;Primary income receipts;14,72775421;USD million
01/09/07;ZWE;Zimbabwe;Monthly;Current Account;Primary Income;Primary income receipts;13,23100619;USD million
01/10/07;ZWE;Zimbabwe;Monthly;Current Account;Primary Income;Primary income receipts;14,86231502;USD million
01/11/07;ZWE;Zimbabwe;Monthly;Current Account;Primary Income;Primary income receipts;14,14134391;USD million
01/12/07;ZWE;Zimbabwe;Monthly;Current Account;Primary Income;Primary income receipts;14,90965259;USD million
01/01/08;ZWE;Zimbabwe;Monthly;Current Account;Primary Income;Primary income receipts;13,29476202;USD million
01/02/08;ZWE;Zimbabwe;Monthly;Current Account;Primary Income;Primary income receipts;14,32392315;USD million
01/03/08;ZWE;Zimbabwe;Monthly;Current Account;Primary Income;Primary income receipts;12,98368387;USD million
01/04/08;ZWE;Zimbabwe;Monthly;Current Account;Primary Income;Primary income receipts;15,48250255;USD million
01/05/08;ZWE;Zimbabwe;Monthly;Current Account;Primary Income;Primary income receipts;19,86949599;USD million
01/06/08;ZWE;Zimbabwe;Monthly;Current Account;Primary Income;Primary income receipts;16,26845935;USD million
01/07/08;ZWE;Zimbabwe;Monthly;Current Account;Primary Income;Primary income receipts;12,25405652;USD million
01/08/08;ZWE;Zimbabwe;Monthly;Current Account;Primary Income;Primary income receipts;20,36147305;USD million
01/09/08;ZWE;Zimbabwe;Monthly;Current Account;Primary Income;Primary income receipts;13,53653169;USD million
01/10/08;ZWE;Zimbabwe;Monthly;Current Account;Primary Income;Primary income receipts;11,99657174;USD million
01/11/08;ZWE;Zimbabwe;Monthly;Current Account;Primary Income;Primary income receipts;14,01588772;USD million
01/12/08;ZWE;Zimbabwe;Monthly;Current Account;Primary Income;Primary income receipts;12,01464209;USD million
01/01/09;ZWE;Zimbabwe;Monthly;Current Account;Primary Income;Primary income receipts;11,56189233;USD million
01/02/09;ZWE;Zimbabwe;Monthly;Current Account;Primary Income;Primary income receipts;13,30750405;USD million
01/03/09;ZWE;Zimbabwe;Monthly;Current Account;Primary Income;Primary income receipts;11,9457435;USD million
01/04/09;ZWE;Zimbabwe;Monthly;Current Account;Primary Income;Primary income receipts;13,00621876;USD million
01/05/09;ZWE;Zimbabwe;Monthly;Current Account;Primary Income;Primary income receipts;14,84643249;USD million
01/06/09;ZWE;Zimbabwe;Monthly;Current Account;Primary Income;Primary income receipts;15,09867308;USD million
01/07/09;ZWE;Zimbabwe;Monthly;Current Account;Primary Income;Primary income receipts;13,82430163;USD million
01/08/09;ZWE;Zimbabwe;Monthly;Current Account;Primary Income;Primary income receipts;16,24352693;USD million
01/09/09;ZWE;Zimbabwe;Monthly;Current Account;Primary Income;Primary income receipts;15,45522018;USD million
01/10/09;ZWE;Zimbabwe;Monthly;Current Account;Primary Income;Primary income receipts;13,83531021;USD million
01/11/09;ZWE;Zimbabwe;Monthly;Current Account;Primary Income;Primary income receipts;14,30255146;USD million
01/12/09;ZWE;Zimbabwe;Monthly;Current Account;Primary Income;Primary income receipts;13,68404274;USD million
01/01/10;ZWE;Zimbabwe;Monthly;Current Account;Primary Income;Primary income receipts;17,22762613;USD million
01/02/10;ZWE;Zimbabwe;Monthly;Current Account;Primary Income;Primary income receipts;12,69727087;USD million
01/03/10;ZWE;Zimbabwe;Monthly;Current Account;Primary Income;Primary income receipts;13,02178056;USD million
01/04/10;ZWE;Zimbabwe;Monthly;Current Account;Primary Income;Primary income receipts;13,42329362;USD million
01/05/10;ZWE;Zimbabwe;Monthly;Current Account;Primary Income;Primary income receipts;12,85147081;USD million
01/06/10;ZWE;Zimbabwe;Monthly;Current Account;Primary Income;Primary income receipts;13,33658318;USD million
01/07/10;ZWE;Zimbabwe;Monthly;Current Account;Primary Income;Primary income receipts;17,75670765;USD million
01/08/10;ZWE;Zimbabwe;Monthly;Current Account;Primary Income;Primary income receipts;14,59791059;USD million
01/09/10;ZWE;Zimbabwe;Monthly;Current Account;Primary Income;Primary income receipts;12,54590581;USD million
01/10/10;ZWE;Zimbabwe;Monthly;Current Account;Primary Income;Primary income receipts;13,64099496;USD million
01/11/10;ZWE;Zimbabwe;Monthly;Current Account;Primary Income;Primary income receipts;13,3948541;USD million
01/12/10;ZWE;Zimbabwe;Monthly;Current Account;Primary Income;Primary income receipts;12,06723979;USD million
01/01/11;ZWE;Zimbabwe;Monthly;Current Account;Primary Income;Primary income receipts;16,57886918;USD million
01/02/11;ZWE;Zimbabwe;Monthly;Current Account;Primary Income;Primary income receipts;14,76762439;USD million
01/03/11;ZWE;Zimbabwe;Monthly;Current Account;Primary Income;Primary income receipts;19,00961795;USD million
01/04/11;ZWE;Zimbabwe;Monthly;Current Account;Primary Income;Primary income receipts;13,55475098;USD million
01/05/11;ZWE;Zimbabwe;Monthly;Current Account;Primary Income;Primary income receipts;19,28796812;USD million
01/06/11;ZWE;Zimbabwe;Monthly;Current Account;Primary Income;Primary income receipts;13,35951614;USD million
01/07/11;ZWE;Zimbabwe;Monthly;Current Account;Primary Income;Primary income receipts;15,57362058;USD million
01/08/11;ZWE;Zimbabwe;Monthly;Current Account;Primary Income;Primary income receipts;13,44834125;USD million
01/09/11;ZWE;Zimbabwe;Monthly;Current Account;Primary Income;Primary income receipts;15,13992668;USD million
01/10/11;ZWE;Zimbabwe;Monthly;Current Account;Primary Income;Primary income receipts;16,24468139;USD million
01/11/11;ZWE;Zimbabwe;Monthly;Current Account;Primary Income;Primary income receipts;14,88689611;USD million
01/12/11;ZWE;Zimbabwe;Monthly;Current Account;Primary Income;Primary income receipts;14,19898255;USD million
01/01/12;ZWE;Zimbabwe;Monthly;Current Account;Primary Income;Primary income receipts;14,81825069;USD million
01/02/12;ZWE;Zimbabwe;Monthly;Current Account;Primary Income;Primary income receipts;12,36817688;USD million
01/03/12;ZWE;Zimbabwe;Monthly;Current Account;Primary Income;Primary income receipts;16,30866614;USD million
01/04/12;ZWE;Zimbabwe;Monthly;Current Account;Primary Income;Primary income receipts;12,44395907;USD million
01/05/12;ZWE;Zimbabwe;Monthly;Current Account;Primary Income;Primary income receipts;15,95216319;USD million
01/06/12;ZWE;Zimbabwe;Monthly;Current Account;Primary Income;Primary income receipts;14,52832019;USD million
01/07/12;ZWE;Zimbabwe;Monthly;Current Account;Primary Income;Primary income receipts;15,70838297;USD million
01/08/12;ZWE;Zimbabwe;Monthly;Current Account;Primary Income;Primary income receipts;12,40121691;USD million
01/09/12;ZWE;Zimbabwe;Monthly;Current Account;Primary Income;Primary income receipts;13,59731819;USD million
01/10/12;ZWE;Zimbabwe;Monthly;Current Account;Primary Income;Primary income receipts;11,90353652;USD million
01/11/12;ZWE;Zimbabwe;Monthly;Current Account;Primary Income;Primary income receipts;13,4846491;USD million
01/12/12;ZWE;Zimbabwe;Monthly;Current Account;Primary Income;Primary income receipts;11,72001536;USD million
01/01/13;ZWE;Zimbabwe;Monthly;Current Account;Primary Income;Primary income receipts;12,33007434;USD million
01/02/13;ZWE;Zimbabwe;Monthly;Current Account;Primary Income;Primary income receipts;16,63963726;USD million
01/03/13;ZWE;Zimbabwe;Monthly;Current Account;Primary Income;Primary income receipts;16,99279593;USD million
01/04/13;ZWE;Zimbabwe;Monthly;Current Account;Primary Income;Primary income receipts;14,60689459;USD million
01/05/13;ZWE;Zimbabwe;Monthly;Current Account;Primary Income;Primary income receipts;13,01021806;USD million
01/06/13;ZWE;Zimbabwe;Monthly;Current Account;Primary Income;Primary income receipts;13,22398356;USD million
01/07/13;ZWE;Zimbabwe;Monthly;Current Account;Primary Income;Primary income receipts;15,1899819;USD million
01/08/13;ZWE;Zimbabwe;Monthly;Current Account;Primary Income;Primary income receipts;12,8935477;USD million
01/09/13;ZWE;Zimbabwe;Monthly;Current Account;Primary Income;Primary income receipts;14,65497762;USD million
01/10/13;ZWE;Zimbabwe;Monthly;Current Account;Primary Income;Primary income receipts;12,16661483;USD million
01/11/13;ZWE;Zimbabwe;Monthly;Current Account;Primary Income;Primary income receipts;14,75226888;USD million
01/12/13;ZWE;Zimbabwe;Monthly;Current Account;Primary Income;Primary income receipts;14,41048907;USD million
01/01/14;ZWE;Zimbabwe;Monthly;Current Account;Primary Income;Primary income receipts;15,1988916;USD million
01/02/14;ZWE;Zimbabwe;Monthly;Current Account;Primary Income;Primary income receipts;15,48034731;USD million
01/03/14;ZWE;Zimbabwe;Monthly;Current Account;Primary Income;Primary income receipts;13,1818786;USD million
01/04/14;ZWE;Zimbabwe;Monthly;Current Account;Primary Income;Primary income receipts;14,21649189;USD million
01/05/14;ZWE;Zimbabwe;Monthly;Current Account;Primary Income;Primary income receipts;13,89593529;USD million
01/06/14;ZWE;Zimbabwe;Monthly;Current Account;Primary Income;Primary income receipts;18,0465503;USD million
01/07/14;ZWE;Zimbabwe;Monthly;Current Account;Primary Income;Primary income receipts;11,7061098;USD million
01/08/14;ZWE;Zimbabwe;Monthly;Current Account;Primary Income;Primary income receipts;16,9006994;USD million
01/09/14;ZWE;Zimbabwe;Monthly;Current Account;Primary Income;Primary income receipts;15,97211156;USD million
01/10/14;ZWE;Zimbabwe;Monthly;Current Account;Primary Income;Primary income receipts;15,88763003;USD million
01/11/14;ZWE;Zimbabwe;Monthly;Current Account;Primary Income;Primary income receipts;17,68429708;USD million
01/12/14;ZWE;Zimbabwe;Monthly;Current Account;Primary Income;Primary income receipts;13,84881897;USD million
01/01/15;ZWE;Zimbabwe;Monthly;Current Account;Primary Income;Primary income receipts;12,29966146;USD million
01/02/15;ZWE;Zimbabwe;Monthly;Current Account;Primary Income;Primary income receipts;15,13534127;USD million
01/03/15;ZWE;Zimbabwe;Monthly;Current Account;Primary Income;Primary income receipts;11,25684078;USD million
01/04/15;ZWE;Zimbabwe;Monthly;Current Account;Primary Income;Primary income receipts;13,33005629;USD million
01/05/15;ZWE;Zimbabwe;Monthly;Current Account;Primary Income;Primary income receipts;13,83502902;USD million
01/06/15;ZWE;Zimbabwe;Monthly;Current Account;Primary Income;Primary income receipts;13,43289758;USD million
01/07/15;ZWE;Zimbabwe;Monthly;Current Account;Primary Income;Primary income receipts;16,62823483;USD million
01/08/15;ZWE;Zimbabwe;Monthly;Current Account;Primary Income;Primary income receipts;13,44085501;USD million
01/09/15;ZWE;Zimbabwe;Monthly;Current Account;Primary Income;Primary income receipts;15,87371403;USD million
01/10/15;ZWE;Zimbabwe;Monthly;Current Account;Primary Income;Primary income receipts;15,8753689;USD million
01/11/15;ZWE;Zimbabwe;Monthly;Current Account;Primary Income;Primary income receipts;13,38818512;USD million
01/12/15;ZWE;Zimbabwe;Monthly;Current Account;Primary Income;Primary income receipts;12,92053036;USD million
01/01/16;ZWE;Zimbabwe;Monthly;Current Account;Primary Income;Primary income receipts;13,91496719;USD million
01/02/16;ZWE;Zimbabwe;Monthly;Current Account;Primary Income;Primary income receipts;10,98198757;USD million
01/03/16;ZWE;Zimbabwe;Monthly;Current Account;Primary Income;Primary income receipts;17,0729776;USD million
01/04/16;ZWE;Zimbabwe;Monthly;Current Account;Primary Income;Primary income receipts;14,80889453;USD million
01/05/16;ZWE;Zimbabwe;Monthly;Current Account;Primary Income;Primary income receipts;17,48945893;USD million
01/06/16;ZWE;Zimbabwe;Monthly;Current Account;Primary Income;Primary income receipts;14,34535721;USD million
01/07/16;ZWE;Zimbabwe;Monthly;Current Account;Primary Income;Primary income receipts;19,5904379;USD million
01/08/16;ZWE;Zimbabwe;Monthly;Current Account;Primary Income;Primary income receipts;18,12506015;USD million
01/09/16;ZWE;Zimbabwe;Monthly;Current Account;Primary Income;Primary income receipts;12,85011623;USD million
01/10/16;ZWE;Zimbabwe;Monthly;Current Account;Primary Income;Primary income receipts;16,80132863;USD million
01/11/16;ZWE;Zimbabwe;Monthly;Current Account;Primary Income;Primary income receipts;10,99873175;USD million
01/12/16;ZWE;Zimbabwe;Monthly;Current Account;Primary Income;Primary income receipts;13,80418417;USD million
01/01/17;ZWE;Zimbabwe;Monthly;Current Account;Primary Income;Primary income receipts;15,90207077;USD million
01/02/17;ZWE;Zimbabwe;Monthly;Current Account;Primary Income;Primary income receipts;12,01292387;USD million
01/03/17;ZWE;Zimbabwe;Monthly;Current Account;Primary Income;Primary income receipts;13,12407701;USD million
01/04/17;ZWE;Zimbabwe;Monthly;Current Account;Primary Income;Primary income receipts;15,31826195;USD million
01/05/17;ZWE;Zimbabwe;Monthly;Current Account;Primary Income;Primary income receipts;12,65543399;USD million
01/06/17;ZWE;Zimbabwe;Monthly;Current Account;Primary Income;Primary income receipts;13,58676196;USD million
01/07/17;ZWE;Zimbabwe;Monthly;Current Account;Primary Income;Primary income receipts;13,79787583;USD million
01/08/17;ZWE;Zimbabwe;Monthly;Current Account;Primary Income;Primary income receipts;17,19168689;USD million
01/09/17;ZWE;Zimbabwe;Monthly;Current Account;Primary Income;Primary income receipts;19,08642273;USD million
01/10/17;ZWE;Zimbabwe;Monthly;Current Account;Primary Income;Primary income receipts;12,09807047;USD million
01/11/17;ZWE;Zimbabwe;Monthly;Current Account;Primary Income;Primary income receipts;19,21615042;USD million
01/12/17;ZWE;Zimbabwe;Monthly;Current Account;Primary Income;Primary income receipts;13,15507799;USD million
01/01/18;ZWE;Zimbabwe;Monthly;Current Account;Primary Income;Primary income receipts;12,01366294;USD million
01/02/18;ZWE;Zimbabwe;Monthly;Current Account;Primary Income;Primary income receipts;19,2415375;USD million
01/03/18;ZWE;Zimbabwe;Monthly;Current Account;Primary Income;Primary income receipts;10,27531703;USD million
01/04/18;ZWE;Zimbabwe;Monthly;Current Account;Primary Income;Primary income receipts;16,2628042;USD million
01/05/18;ZWE;Zimbabwe;Monthly;Current Account;Primary Income;Primary income receipts;16,30893916;USD million
01/06/18;ZWE;Zimbabwe;Monthly;Current Account;Primary Income;Primary income receipts;15,35231095;USD million
01/07/18;ZWE;Zimbabwe;Monthly;Current Account;Primary Income;Primary income receipts;14,35018501;USD million
01/08/18;ZWE;Zimbabwe;Monthly;Current Account;Primary Income;Primary income receipts;15,83378639;USD million
01/09/18;ZWE;Zimbabwe;Monthly;Current Account;Primary Income;Primary income receipts;14,2662307;USD million
01/10/18;ZWE;Zimbabwe;Monthly;Current Account;Primary Income;Primary income receipts;17,5485363;USD million
01/11/18;ZWE;Zimbabwe;Monthly;Current Account;Primary Income;Primary income receipts;15,58173203;USD million
01/12/18;ZWE;Zimbabwe;Monthly;Current Account;Primary Income;Primary income receipts;17,21061794;USD million
01/01/19;ZWE;Zimbabwe;Monthly;Current Account;Primary Income;Primary income receipts;19,62166647;USD million
01/02/19;ZWE;Zimbabwe;Monthly;Current Account;Primary Income;Primary income receipts;16,23459779;USD million
01/03/19;ZWE;Zimbabwe;Monthly;Current Account;Primary Income;Primary income receipts;17,38602421;USD million
01/04/19;ZWE;Zimbabwe;Monthly;Current Account;Primary Income;Primary income receipts;13,14559119;USD million
01/05/19;ZWE;Zimbabwe;Monthly;Current Account;Primary Income;Primary income receipts;19,87770748;USD million
01/06/19;ZWE;Zimbabwe;Monthly;Current Account;Primary Income;Primary income receipts;15,00736111;USD million
01/07/19;ZWE;Zimbabwe;Monthly;Current Account;Primary Income;Primary income receipts;16,76100556;USD million
01/08/19;ZWE;Zimbabwe;Monthly;Current Account;Primary Income;Primary income receipts;13,23270697;USD million
01/09/19;ZWE;Zimbabwe;Monthly;Current Account;Primary Income;Primary income receipts;15,96767136;USD million
01/10/19;ZWE;Zimbabwe;Monthly;Current Account;Primary Income;Primary income receipts;14,34090504;USD million
01/11/19;ZWE;Zimbabwe;Monthly;Current Account;Primary Income;Primary income receipts;13,78439674;USD million
01/12/19;ZWE;Zimbabwe;Monthly;Current Account;Primary Income;Primary income receipts;17,7355702;USD million
01/01/20;ZWE;Zimbabwe;Monthly;Current Account;Primary Income;Primary income receipts;15,56530844;USD million
01/02/20;ZWE;Zimbabwe;Monthly;Current Account;Primary Income;Primary income receipts;13,59156923;USD million
01/03/20;ZWE;Zimbabwe;Monthly;Current Account;Primary Income;Primary income receipts;12,61760518;USD million
01/04/20;ZWE;Zimbabwe;Monthly;Current Account;Primary Income;Primary income receipts;21,94404423;USD million
01/05/20;ZWE;Zimbabwe;Monthly;Current Account;Primary Income;Primary income receipts;19,71678091;USD million
01/06/20;ZWE;Zimbabwe;Monthly;Current Account;Primary Income;Primary income receipts;15,51576274;USD million
01/07/20;ZWE;Zimbabwe;Monthly;Current Account;Primary Income;Primary income receipts;16,68342713;USD million
01/08/20;ZWE;Zimbabwe;Monthly;Current Account;Primary Income;Primary income receipts;14,98868812;USD million
01/09/20;ZWE;Zimbabwe;Monthly;Current Account;Primary Income;Primary income receipts;18,23411637;USD million
01/10/20;ZWE;Zimbabwe;Monthly;Current Account;Primary Income;Primary income receipts;15,07480751;USD million
01/11/20;ZWE;Zimbabwe;Monthly;Current Account;Primary Income;Primary income receipts;19,70608389;USD million
01/12/20;ZWE;Zimbabwe;Monthly;Current Account;Primary Income;Primary income receipts;15,45017514;USD million
01/01/21;ZWE;Zimbabwe;Monthly;Current Account;Primary Income;Primary income receipts;16,20515408;USD million
01/02/21;ZWE;Zimbabwe;Monthly;Current Account;Primary Income;Primary income receipts;13,22287284;USD million
01/03/21;ZWE;Zimbabwe;Monthly;Current Account;Primary Income;Primary income receipts;14,78928351;USD million
01/04/21;ZWE;Zimbabwe;Monthly;Current Account;Primary Income;Primary income receipts;15,13130716;USD million
01/05/21;ZWE;Zimbabwe;Monthly;Current Account;Primary Income;Primary income receipts;20,63690829;USD million
01/06/21;ZWE;Zimbabwe;Monthly;Current Account;Primary Income;Primary income receipts;19,01720595;USD million
01/07/21;ZWE;Zimbabwe;Monthly;Current Account;Primary Income;Primary income receipts;13,99661263;USD million
01/08/21;ZWE;Zimbabwe;Monthly;Current Account;Primary Income;Primary income receipts;15,43099301;USD million
01/09/21;ZWE;Zimbabwe;Monthly;Current Account;Primary Income;Primary income receipts;13,0254451;USD million
01/10/21;ZWE;Zimbabwe;Monthly;Current Account;Primary Income;Primary income receipts;12,3845199;USD million
01/11/21;ZWE;Zimbabwe;Monthly;Current Account;Primary Income;Primary income receipts;14,96277496;USD million
01/12/21;ZWE;Zimbabwe;Monthly;Current Account;Primary Income;Primary income receipts;13,03876665;USD million
01/01/22;ZWE;Zimbabwe;Monthly;Current Account;Primary Income;Primary income receipts;19,53962369;USD million
01/02/22;ZWE;Zimbabwe;Monthly;Current Account;Primary Income;Primary income receipts;13,84231193;USD million
01/03/22;ZWE;Zimbabwe;Monthly;Current Account;Primary Income;Primary income receipts;19,24563338;USD million
01/04/22;ZWE;Zimbabwe;Monthly;Current Account;Primary Income;Primary income receipts;18,06864033;USD million
01/05/22;ZWE;Zimbabwe;Monthly;Current Account;Primary Income;Primary income receipts;13,52023126;USD million
01/06/22;ZWE;Zimbabwe;Monthly;Current Account;Primary Income;Primary income receipts;12,03511046;USD million
01/07/22;ZWE;Zimbabwe;Monthly;Current Account;Primary Income;Primary income receipts;18,63005194;USD million
01/08/22;ZWE;Zimbabwe;Monthly;Current Account;Primary Income;Primary income receipts;15,99687823;USD million
01/09/22;ZWE;Zimbabwe;Monthly;Current Account;Primary Income;Primary income receipts;15,88142706;USD million
01/10/22;ZWE;Zimbabwe;Monthly;Current Account;Primary Income;Primary income receipts;16,60901353;USD million
01/11/22;ZWE;Zimbabwe;Monthly;Current Account;Primary Income;Primary income receipts;16,58510935;USD million
01/12/22;ZWE;Zimbabwe;Monthly;Current Account;Primary Income;Primary income receipts;15,11757974;USD million
01/01/23;ZWE;Zimbabwe;Monthly;Current Account;Primary Income;Primary income receipts;16,53213188;USD million
01/02/23;ZWE;Zimbabwe;Monthly;Current Account;Primary Income;Primary income receipts;12,59905971;USD million
01/03/23;ZWE;Zimbabwe;Monthly;Current Account;Primary Income;Primary income receipts;14,52293592;USD million
01/04/23;ZWE;Zimbabwe;Monthly;Current Account;Primary Income;Primary income receipts;16,82066369;USD million
01/05/23;ZWE;Zimbabwe;Monthly;Current Account;Primary Income;Primary income receipts;12,16395245;USD million
01/06/23;ZWE;Zimbabwe;Monthly;Current Account;Primary Income;Primary income receipts;17,58957337;USD million
01/07/23;ZWE;Zimbabwe;Monthly;Current Account;Primary Income;Primary income receipts;15,82272827;USD million
01/08/23;ZWE;Zimbabwe;Monthly;Current Account;Primary Income;Primary income receipts;16,08558284;USD million
01/09/23;ZWE;Zimbabwe;Monthly;Current Account;Primary Income;Primary income receipts;13,27635605;USD million
01/10/23;ZWE;Zimbabwe;Monthly;Current Account;Primary Income;Primary income receipts;15,93359731;USD million
01/11/23;ZWE;Zimbabwe;Monthly;Current Account;Primary Income;Primary income receipts;15,81866731;USD million
01/12/23;ZWE;Zimbabwe;Monthly;Current Account;Primary Income;Primary income receipts;16,17602568;USD million
01/01/24;ZWE;Zimbabwe;Monthly;Current Account;Primary Income;Primary income receipts;15,12778147;USD million
01/02/24;ZWE;Zimbabwe;Monthly;Current Account;Primary Income;Primary income receipts;14,2133735;USD million
01/03/24;ZWE;Zimbabwe;Monthly;Current Account;Primary Income;Primary income receipts;15,21894318;USD million
01/04/24;ZWE;Zimbabwe;Monthly;Current Account;Primary Income;Primary income receipts;14,37361977;USD million
01/05/24;ZWE;Zimbabwe;Monthly;Current Account;Primary Income;Primary income receipts;13,95188077;USD million
01/06/24;ZWE;Zimbabwe;Monthly;Current Account;Primary Income;Primary income receipts;14,97378761;USD million
01/07/24;ZWE;Zimbabwe;Monthly;Current Account;Primary Income;Primary income receipts;12,71668045;USD million
01/08/24;ZWE;Zimbabwe;Monthly;Current Account;Primary Income;Primary income receipts;15,02344838;USD million
01/09/24;ZWE;Zimbabwe;Monthly;Current Account;Primary Income;Primary income receipts;15,39647849;USD million
01/10/24;ZWE;Zimbabwe;Monthly;Current Account;Primary Income;Primary income receipts;13,10264724;USD million
01/11/24;ZWE;Zimbabwe;Monthly;Current Account;Primary Income;Primary income receipts;16,60350664;USD million
01/12/24;ZWE;Zimbabwe;Monthly;Current Account;Primary Income;Primary income receipts;16,32759128;USD million
01/01/25;ZWE;Zimbabwe;Monthly;Current Account;Primary Income;Primary income receipts;18,09816516;USD million
01/02/25;ZWE;Zimbabwe;Monthly;Current Account;Primary Income;Primary income receipts;14,69597502;USD million
01/03/25;ZWE;Zimbabwe;Monthly;Current Account;Primary Income;Primary income receipts;14,43597224;USD million
01/04/25;ZWE;Zimbabwe;Monthly;Current Account;Primary Income;Primary income receipts;14,94908591;USD million
01/05/25;ZWE;Zimbabwe;Monthly;Current Account;Primary Income;Primary income receipts;15,41634716;USD million
01/06/25;ZWE;Zimbabwe;Monthly;Current Account;Primary Income;Primary income receipts;16,2438054;USD million
01/07/25;ZWE;Zimbabwe;Monthly;Current Account;Primary Income;Primary income receipts;18,16500786;USD million
01/08/25;ZWE;Zimbabwe;Monthly;Current Account;Primary Income;Primary income receipts;14,91141764;USD million
01/09/25;ZWE;Zimbabwe;Monthly;Current Account;Primary Income;Primary income receipts;19,10160696;USD million
01/10/25;ZWE;Zimbabwe;Monthly;Current Account;Primary Income;Primary income receipts;15,95757001;USD million
01/11/25;ZWE;Zimbabwe;Monthly;Current Account;Primary Income;Primary income receipts;18,177644;USD million
01/12/25;ZWE;Zimbabwe;Monthly;Current Account;Primary Income;Primary income receipts;15,45436274;USD million
01/01/26;ZWE;Zimbabwe;Monthly;Current Account;Primary Income;Primary income receipts;14,98546252;USD million
01/02/26;ZWE;Zimbabwe;Monthly;Current Account;Primary Income;Primary income receipts;14,58026656;USD million
01/03/26;ZWE;Zimbabwe;Monthly;Current Account;Primary Income;Primary income receipts;12,71826365;USD million
01/04/26;ZWE;Zimbabwe;Monthly;Current Account;Primary Income;Primary income receipts;15,62235861;USD million
01/05/26;ZWE;Zimbabwe;Monthly;Current Account;Primary Income;Primary income receipts;13,93372809;USD million
01/06/26;ZWE;Zimbabwe;Monthly;Current Account;Primary Income;Primary income receipts;17,971896;USD million
01/07/26;ZWE;Zimbabwe;Monthly;Current Account;Primary Income;Primary income receipts;16,46111381;USD million
01/08/26;ZWE;Zimbabwe;Monthly;Current Account;Primary Income;Primary income receipts;18,83709639;USD million
01/09/26;ZWE;Zimbabwe;Monthly;Current Account;Primary Income;Primary income receipts;14,42987658;USD million
01/01/80;ZWE;Zimbabwe;Monthly;Current Account;Primary Income;Primary income payments;-25,18028538;USD million
01/02/80;ZWE;Zimbabwe;Monthly;Current Account;Primary Income;Primary income payments;-28,76845211;USD million
01/03/80;ZWE;Zimbabwe;Monthly;Current Account;Primary Income;Primary income payments;-29,47919167;USD million
01/04/80;ZWE;Zimbabwe;Monthly;Current Account;Primary Income;Primary income payments;-29,95654787;USD million
01/05/80;ZWE;Zimbabwe;Monthly;Current Account;Primary Income;Primary income payments;-27,54069535;USD million
01/06/80;ZWE;Zimbabwe;Monthly;Current Account;Primary Income;Primary income payments;-38,51738033;USD million
01/07/80;ZWE;Zimbabwe;Monthly;Current Account;Primary Income;Primary income payments;-24,37558661;USD million
01/08/80;ZWE;Zimbabwe;Monthly;Current Account;Primary Income;Primary income payments;-29,58901467;USD million
01/09/80;ZWE;Zimbabwe;Monthly;Current Account;Primary Income;Primary income payments;-25,82308396;USD million
01/10/80;ZWE;Zimbabwe;Monthly;Current Account;Primary Income;Primary income payments;-31,80557183;USD million
01/11/80;ZWE;Zimbabwe;Monthly;Current Account;Primary Income;Primary income payments;-22,87980721;USD million
01/12/80;ZWE;Zimbabwe;Monthly;Current Account;Primary Income;Primary income payments;-28,02228124;USD million
01/01/81;ZWE;Zimbabwe;Monthly;Current Account;Primary Income;Primary income payments;-24,24175637;USD million
01/02/81;ZWE;Zimbabwe;Monthly;Current Account;Primary Income;Primary income payments;-36,42926689;USD million
01/03/81;ZWE;Zimbabwe;Monthly;Current Account;Primary Income;Primary income payments;-20,72958297;USD million
01/04/81;ZWE;Zimbabwe;Monthly;Current Account;Primary Income;Primary income payments;-23,10671546;USD million
01/05/81;ZWE;Zimbabwe;Monthly;Current Account;Primary Income;Primary income payments;-31,05949282;USD million
01/06/81;ZWE;Zimbabwe;Monthly;Current Account;Primary Income;Primary income payments;-28,36610734;USD million
01/07/81;ZWE;Zimbabwe;Monthly;Current Account;Primary Income;Primary income payments;-25,26726276;USD million
01/08/81;ZWE;Zimbabwe;Monthly;Current Account;Primary Income;Primary income payments;-27,49508937;USD million
01/09/81;ZWE;Zimbabwe;Monthly;Current Account;Primary Income;Primary income payments;-28,90326492;USD million
01/10/81;ZWE;Zimbabwe;Monthly;Current Account;Primary Income;Primary income payments;-22,75128606;USD million
01/11/81;ZWE;Zimbabwe;Monthly;Current Account;Primary Income;Primary income payments;-34,78383803;USD million
01/12/81;ZWE;Zimbabwe;Monthly;Current Account;Primary Income;Primary income payments;-21,5142597;USD million
01/01/82;ZWE;Zimbabwe;Monthly;Current Account;Primary Income;Primary income payments;-35,08688094;USD million
01/02/82;ZWE;Zimbabwe;Monthly;Current Account;Primary Income;Primary income payments;-35,47316089;USD million
01/03/82;ZWE;Zimbabwe;Monthly;Current Account;Primary Income;Primary income payments;-30,11001067;USD million
01/04/82;ZWE;Zimbabwe;Monthly;Current Account;Primary Income;Primary income payments;-22,98000461;USD million
01/05/82;ZWE;Zimbabwe;Monthly;Current Account;Primary Income;Primary income payments;-28,35138693;USD million
01/06/82;ZWE;Zimbabwe;Monthly;Current Account;Primary Income;Primary income payments;-24,26259143;USD million
01/07/82;ZWE;Zimbabwe;Monthly;Current Account;Primary Income;Primary income payments;-29,9138996;USD million
01/08/82;ZWE;Zimbabwe;Monthly;Current Account;Primary Income;Primary income payments;-26,76162426;USD million
01/09/82;ZWE;Zimbabwe;Monthly;Current Account;Primary Income;Primary income payments;-31,28017111;USD million
01/10/82;ZWE;Zimbabwe;Monthly;Current Account;Primary Income;Primary income payments;-23,55653935;USD million
01/11/82;ZWE;Zimbabwe;Monthly;Current Account;Primary Income;Primary income payments;-32,4435496;USD million
01/12/82;ZWE;Zimbabwe;Monthly;Current Account;Primary Income;Primary income payments;-29,13332074;USD million
01/01/83;ZWE;Zimbabwe;Monthly;Current Account;Primary Income;Primary income payments;-29,64080473;USD million
01/02/83;ZWE;Zimbabwe;Monthly;Current Account;Primary Income;Primary income payments;-32,42048487;USD million
01/03/83;ZWE;Zimbabwe;Monthly;Current Account;Primary Income;Primary income payments;-32,23035539;USD million
01/04/83;ZWE;Zimbabwe;Monthly;Current Account;Primary Income;Primary income payments;-24,32975749;USD million
01/05/83;ZWE;Zimbabwe;Monthly;Current Account;Primary Income;Primary income payments;-24,61671759;USD million
01/06/83;ZWE;Zimbabwe;Monthly;Current Account;Primary Income;Primary income payments;-21,31946031;USD million
01/07/83;ZWE;Zimbabwe;Monthly;Current Account;Primary Income;Primary income payments;-26,68813867;USD million
01/08/83;ZWE;Zimbabwe;Monthly;Current Account;Primary Income;Primary income payments;-33,50109796;USD million
01/09/83;ZWE;Zimbabwe;Monthly;Current Account;Primary Income;Primary income payments;-28,63120067;USD million
01/10/83;ZWE;Zimbabwe;Monthly;Current Account;Primary Income;Primary income payments;-32,57316258;USD million
01/11/83;ZWE;Zimbabwe;Monthly;Current Account;Primary Income;Primary income payments;-27,25049655;USD million
01/12/83;ZWE;Zimbabwe;Monthly;Current Account;Primary Income;Primary income payments;-22,41816033;USD million
01/01/84;ZWE;Zimbabwe;Monthly;Current Account;Primary Income;Primary income payments;-32,3138404;USD million
01/02/84;ZWE;Zimbabwe;Monthly;Current Account;Primary Income;Primary income payments;-32,33104313;USD million
01/03/84;ZWE;Zimbabwe;Monthly;Current Account;Primary Income;Primary income payments;-30,99277003;USD million
01/04/84;ZWE;Zimbabwe;Monthly;Current Account;Primary Income;Primary income payments;-24,66010374;USD million
01/05/84;ZWE;Zimbabwe;Monthly;Current Account;Primary Income;Primary income payments;-31,10857392;USD million
01/06/84;ZWE;Zimbabwe;Monthly;Current Account;Primary Income;Primary income payments;-23,18266905;USD million
01/07/84;ZWE;Zimbabwe;Monthly;Current Account;Primary Income;Primary income payments;-29,96784647;USD million
01/08/84;ZWE;Zimbabwe;Monthly;Current Account;Primary Income;Primary income payments;-31,32301035;USD million
01/09/84;ZWE;Zimbabwe;Monthly;Current Account;Primary Income;Primary income payments;-24,037742;USD million
01/10/84;ZWE;Zimbabwe;Monthly;Current Account;Primary Income;Primary income payments;-23,28735087;USD million
01/11/84;ZWE;Zimbabwe;Monthly;Current Account;Primary Income;Primary income payments;-24,50197879;USD million
01/12/84;ZWE;Zimbabwe;Monthly;Current Account;Primary Income;Primary income payments;-23,53481435;USD million
01/01/85;ZWE;Zimbabwe;Monthly;Current Account;Primary Income;Primary income payments;-36,27845985;USD million
01/02/85;ZWE;Zimbabwe;Monthly;Current Account;Primary Income;Primary income payments;-29,53185709;USD million
01/03/85;ZWE;Zimbabwe;Monthly;Current Account;Primary Income;Primary income payments;-25,13022764;USD million
01/04/85;ZWE;Zimbabwe;Monthly;Current Account;Primary Income;Primary income payments;-26,42446095;USD million
01/05/85;ZWE;Zimbabwe;Monthly;Current Account;Primary Income;Primary income payments;-25,81943608;USD million
01/06/85;ZWE;Zimbabwe;Monthly;Current Account;Primary Income;Primary income payments;-25,21537973;USD million
01/07/85;ZWE;Zimbabwe;Monthly;Current Account;Primary Income;Primary income payments;-35,82815018;USD million
01/08/85;ZWE;Zimbabwe;Monthly;Current Account;Primary Income;Primary income payments;-32,102153;USD million
01/09/85;ZWE;Zimbabwe;Monthly;Current Account;Primary Income;Primary income payments;-28,5897227;USD million
01/10/85;ZWE;Zimbabwe;Monthly;Current Account;Primary Income;Primary income payments;-28,88206838;USD million
01/11/85;ZWE;Zimbabwe;Monthly;Current Account;Primary Income;Primary income payments;-29,15504527;USD million
01/12/85;ZWE;Zimbabwe;Monthly;Current Account;Primary Income;Primary income payments;-29,65451044;USD million
01/01/86;ZWE;Zimbabwe;Monthly;Current Account;Primary Income;Primary income payments;-27,55292956;USD million
01/02/86;ZWE;Zimbabwe;Monthly;Current Account;Primary Income;Primary income payments;-27,30174206;USD million
01/03/86;ZWE;Zimbabwe;Monthly;Current Account;Primary Income;Primary income payments;-23,28447133;USD million
01/04/86;ZWE;Zimbabwe;Monthly;Current Account;Primary Income;Primary income payments;-29,33210032;USD million
01/05/86;ZWE;Zimbabwe;Monthly;Current Account;Primary Income;Primary income payments;-26,27966012;USD million
01/06/86;ZWE;Zimbabwe;Monthly;Current Account;Primary Income;Primary income payments;-34,5765556;USD million
01/07/86;ZWE;Zimbabwe;Monthly;Current Account;Primary Income;Primary income payments;-31,44221172;USD million
01/08/86;ZWE;Zimbabwe;Monthly;Current Account;Primary Income;Primary income payments;-20,58175291;USD million
01/09/86;ZWE;Zimbabwe;Monthly;Current Account;Primary Income;Primary income payments;-28,04628959;USD million
01/10/86;ZWE;Zimbabwe;Monthly;Current Account;Primary Income;Primary income payments;-28,685682;USD million
01/11/86;ZWE;Zimbabwe;Monthly;Current Account;Primary Income;Primary income payments;-26,17664309;USD million
01/12/86;ZWE;Zimbabwe;Monthly;Current Account;Primary Income;Primary income payments;-25,53480586;USD million
01/01/87;ZWE;Zimbabwe;Monthly;Current Account;Primary Income;Primary income payments;-25,2168481;USD million
01/02/87;ZWE;Zimbabwe;Monthly;Current Account;Primary Income;Primary income payments;-34,07735298;USD million
01/03/87;ZWE;Zimbabwe;Monthly;Current Account;Primary Income;Primary income payments;-29,01578591;USD million
01/04/87;ZWE;Zimbabwe;Monthly;Current Account;Primary Income;Primary income payments;-29,557565;USD million
01/05/87;ZWE;Zimbabwe;Monthly;Current Account;Primary Income;Primary income payments;-36,05119021;USD million
01/06/87;ZWE;Zimbabwe;Monthly;Current Account;Primary Income;Primary income payments;-35,0988072;USD million
01/07/87;ZWE;Zimbabwe;Monthly;Current Account;Primary Income;Primary income payments;-38,72283942;USD million
01/08/87;ZWE;Zimbabwe;Monthly;Current Account;Primary Income;Primary income payments;-24,8651121;USD million
01/09/87;ZWE;Zimbabwe;Monthly;Current Account;Primary Income;Primary income payments;-30,60651439;USD million
01/10/87;ZWE;Zimbabwe;Monthly;Current Account;Primary Income;Primary income payments;-32,10589862;USD million
01/11/87;ZWE;Zimbabwe;Monthly;Current Account;Primary Income;Primary income payments;-21,95369858;USD million
01/12/87;ZWE;Zimbabwe;Monthly;Current Account;Primary Income;Primary income payments;-36,34210185;USD million
01/01/88;ZWE;Zimbabwe;Monthly;Current Account;Primary Income;Primary income payments;-33,53045006;USD million
01/02/88;ZWE;Zimbabwe;Monthly;Current Account;Primary Income;Primary income payments;-33,85781725;USD million
01/03/88;ZWE;Zimbabwe;Monthly;Current Account;Primary Income;Primary income payments;-23,61283252;USD million
01/04/88;ZWE;Zimbabwe;Monthly;Current Account;Primary Income;Primary income payments;-31,23301892;USD million
01/05/88;ZWE;Zimbabwe;Monthly;Current Account;Primary Income;Primary income payments;-37,04672768;USD million
01/06/88;ZWE;Zimbabwe;Monthly;Current Account;Primary Income;Primary income payments;-26,63558698;USD million
01/07/88;ZWE;Zimbabwe;Monthly;Current Account;Primary Income;Primary income payments;-42,44789484;USD million
01/08/88;ZWE;Zimbabwe;Monthly;Current Account;Primary Income;Primary income payments;-27,65491155;USD million
01/09/88;ZWE;Zimbabwe;Monthly;Current Account;Primary Income;Primary income payments;-34,32899187;USD million
01/10/88;ZWE;Zimbabwe;Monthly;Current Account;Primary Income;Primary income payments;-31,52355986;USD million
01/11/88;ZWE;Zimbabwe;Monthly;Current Account;Primary Income;Primary income payments;-29,24661808;USD million
01/12/88;ZWE;Zimbabwe;Monthly;Current Account;Primary Income;Primary income payments;-32,24635694;USD million
01/01/89;ZWE;Zimbabwe;Monthly;Current Account;Primary Income;Primary income payments;-26,60305819;USD million
01/02/89;ZWE;Zimbabwe;Monthly;Current Account;Primary Income;Primary income payments;-31,02464478;USD million
01/03/89;ZWE;Zimbabwe;Monthly;Current Account;Primary Income;Primary income payments;-28,15334354;USD million
01/04/89;ZWE;Zimbabwe;Monthly;Current Account;Primary Income;Primary income payments;-25,6240786;USD million
01/05/89;ZWE;Zimbabwe;Monthly;Current Account;Primary Income;Primary income payments;-24,89169458;USD million
01/06/89;ZWE;Zimbabwe;Monthly;Current Account;Primary Income;Primary income payments;-25,49381454;USD million
01/07/89;ZWE;Zimbabwe;Monthly;Current Account;Primary Income;Primary income payments;-37,08978744;USD million
01/08/89;ZWE;Zimbabwe;Monthly;Current Account;Primary Income;Primary income payments;-23,28589817;USD million
01/09/89;ZWE;Zimbabwe;Monthly;Current Account;Primary Income;Primary income payments;-29,87696725;USD million
01/10/89;ZWE;Zimbabwe;Monthly;Current Account;Primary Income;Primary income payments;-23,05304616;USD million
01/11/89;ZWE;Zimbabwe;Monthly;Current Account;Primary Income;Primary income payments;-31,71235577;USD million
01/12/89;ZWE;Zimbabwe;Monthly;Current Account;Primary Income;Primary income payments;-24,99015851;USD million
01/01/90;ZWE;Zimbabwe;Monthly;Current Account;Primary Income;Primary income payments;-25,76707134;USD million
01/02/90;ZWE;Zimbabwe;Monthly;Current Account;Primary Income;Primary income payments;-26,94727893;USD million
01/03/90;ZWE;Zimbabwe;Monthly;Current Account;Primary Income;Primary income payments;-31,26868385;USD million
01/04/90;ZWE;Zimbabwe;Monthly;Current Account;Primary Income;Primary income payments;-26,29629242;USD million
01/05/90;ZWE;Zimbabwe;Monthly;Current Account;Primary Income;Primary income payments;-26,19692399;USD million
01/06/90;ZWE;Zimbabwe;Monthly;Current Account;Primary Income;Primary income payments;-26,79933611;USD million
01/07/90;ZWE;Zimbabwe;Monthly;Current Account;Primary Income;Primary income payments;-31,0256522;USD million
01/08/90;ZWE;Zimbabwe;Monthly;Current Account;Primary Income;Primary income payments;-28,06162966;USD million
01/09/90;ZWE;Zimbabwe;Monthly;Current Account;Primary Income;Primary income payments;-29,68447889;USD million
01/10/90;ZWE;Zimbabwe;Monthly;Current Account;Primary Income;Primary income payments;-28,96211511;USD million
01/11/90;ZWE;Zimbabwe;Monthly;Current Account;Primary Income;Primary income payments;-36,66681637;USD million
01/12/90;ZWE;Zimbabwe;Monthly;Current Account;Primary Income;Primary income payments;-35,20090308;USD million
01/01/91;ZWE;Zimbabwe;Monthly;Current Account;Primary Income;Primary income payments;-29,61092066;USD million
01/02/91;ZWE;Zimbabwe;Monthly;Current Account;Primary Income;Primary income payments;-29,37292174;USD million
01/03/91;ZWE;Zimbabwe;Monthly;Current Account;Primary Income;Primary income payments;-26,69104212;USD million
01/04/91;ZWE;Zimbabwe;Monthly;Current Account;Primary Income;Primary income payments;-38,70629448;USD million
01/05/91;ZWE;Zimbabwe;Monthly;Current Account;Primary Income;Primary income payments;-29,7637983;USD million
01/06/91;ZWE;Zimbabwe;Monthly;Current Account;Primary Income;Primary income payments;-32,02273032;USD million
01/07/91;ZWE;Zimbabwe;Monthly;Current Account;Primary Income;Primary income payments;-27,76564647;USD million
01/08/91;ZWE;Zimbabwe;Monthly;Current Account;Primary Income;Primary income payments;-23,2050469;USD million
01/09/91;ZWE;Zimbabwe;Monthly;Current Account;Primary Income;Primary income payments;-30,22723277;USD million
01/10/91;ZWE;Zimbabwe;Monthly;Current Account;Primary Income;Primary income payments;-24,39309647;USD million
01/11/91;ZWE;Zimbabwe;Monthly;Current Account;Primary Income;Primary income payments;-36,22797996;USD million
01/12/91;ZWE;Zimbabwe;Monthly;Current Account;Primary Income;Primary income payments;-32,27095902;USD million
01/01/92;ZWE;Zimbabwe;Monthly;Current Account;Primary Income;Primary income payments;-31,90208973;USD million
01/02/92;ZWE;Zimbabwe;Monthly;Current Account;Primary Income;Primary income payments;-43,45395737;USD million
01/03/92;ZWE;Zimbabwe;Monthly;Current Account;Primary Income;Primary income payments;-30,00291135;USD million
01/04/92;ZWE;Zimbabwe;Monthly;Current Account;Primary Income;Primary income payments;-27,70857882;USD million
01/05/92;ZWE;Zimbabwe;Monthly;Current Account;Primary Income;Primary income payments;-25,24520306;USD million
01/06/92;ZWE;Zimbabwe;Monthly;Current Account;Primary Income;Primary income payments;-25,70499115;USD million
01/07/92;ZWE;Zimbabwe;Monthly;Current Account;Primary Income;Primary income payments;-30,13597279;USD million
01/08/92;ZWE;Zimbabwe;Monthly;Current Account;Primary Income;Primary income payments;-31,66298715;USD million
01/09/92;ZWE;Zimbabwe;Monthly;Current Account;Primary Income;Primary income payments;-34,72488049;USD million
01/10/92;ZWE;Zimbabwe;Monthly;Current Account;Primary Income;Primary income payments;-26,67979386;USD million
01/11/92;ZWE;Zimbabwe;Monthly;Current Account;Primary Income;Primary income payments;-33,09786222;USD million
01/12/92;ZWE;Zimbabwe;Monthly;Current Account;Primary Income;Primary income payments;-29,74514824;USD million
01/01/93;ZWE;Zimbabwe;Monthly;Current Account;Primary Income;Primary income payments;-29,14045532;USD million
01/02/93;ZWE;Zimbabwe;Monthly;Current Account;Primary Income;Primary income payments;-40,20703768;USD million
01/03/93;ZWE;Zimbabwe;Monthly;Current Account;Primary Income;Primary income payments;-31,04167047;USD million
01/04/93;ZWE;Zimbabwe;Monthly;Current Account;Primary Income;Primary income payments;-31,25328429;USD million
01/05/93;ZWE;Zimbabwe;Monthly;Current Account;Primary Income;Primary income payments;-29,91045246;USD million
01/06/93;ZWE;Zimbabwe;Monthly;Current Account;Primary Income;Primary income payments;-36,25257805;USD million
01/07/93;ZWE;Zimbabwe;Monthly;Current Account;Primary Income;Primary income payments;-25,07217883;USD million
01/08/93;ZWE;Zimbabwe;Monthly;Current Account;Primary Income;Primary income payments;-33,54355906;USD million
01/09/93;ZWE;Zimbabwe;Monthly;Current Account;Primary Income;Primary income payments;-25,05622799;USD million
01/10/93;ZWE;Zimbabwe;Monthly;Current Account;Primary Income;Primary income payments;-34,56162343;USD million
01/11/93;ZWE;Zimbabwe;Monthly;Current Account;Primary Income;Primary income payments;-24,06485401;USD million
01/12/93;ZWE;Zimbabwe;Monthly;Current Account;Primary Income;Primary income payments;-27,2213669;USD million
01/01/94;ZWE;Zimbabwe;Monthly;Current Account;Primary Income;Primary income payments;-24,36675345;USD million
01/02/94;ZWE;Zimbabwe;Monthly;Current Account;Primary Income;Primary income payments;-29,42901379;USD million
01/03/94;ZWE;Zimbabwe;Monthly;Current Account;Primary Income;Primary income payments;-26,28368923;USD million
01/04/94;ZWE;Zimbabwe;Monthly;Current Account;Primary Income;Primary income payments;-26,93860288;USD million
01/05/94;ZWE;Zimbabwe;Monthly;Current Account;Primary Income;Primary income payments;-38,68841986;USD million
01/06/94;ZWE;Zimbabwe;Monthly;Current Account;Primary Income;Primary income payments;-36,31695594;USD million
01/07/94;ZWE;Zimbabwe;Monthly;Current Account;Primary Income;Primary income payments;-26,77445642;USD million
01/08/94;ZWE;Zimbabwe;Monthly;Current Account;Primary Income;Primary income payments;-34,19620341;USD million
01/09/94;ZWE;Zimbabwe;Monthly;Current Account;Primary Income;Primary income payments;-35,08658826;USD million
01/10/94;ZWE;Zimbabwe;Monthly;Current Account;Primary Income;Primary income payments;-28,99300631;USD million
01/11/94;ZWE;Zimbabwe;Monthly;Current Account;Primary Income;Primary income payments;-25,51583451;USD million
01/12/94;ZWE;Zimbabwe;Monthly;Current Account;Primary Income;Primary income payments;-27,86529559;USD million
01/01/95;ZWE;Zimbabwe;Monthly;Current Account;Primary Income;Primary income payments;-33,28132158;USD million
01/02/95;ZWE;Zimbabwe;Monthly;Current Account;Primary Income;Primary income payments;-32,59579858;USD million
01/03/95;ZWE;Zimbabwe;Monthly;Current Account;Primary Income;Primary income payments;-32,13511712;USD million
01/04/95;ZWE;Zimbabwe;Monthly;Current Account;Primary Income;Primary income payments;-32,37906649;USD million
01/05/95;ZWE;Zimbabwe;Monthly;Current Account;Primary Income;Primary income payments;-27,28832534;USD million
01/06/95;ZWE;Zimbabwe;Monthly;Current Account;Primary Income;Primary income payments;-39,38028801;USD million
01/07/95;ZWE;Zimbabwe;Monthly;Current Account;Primary Income;Primary income payments;-26,26627782;USD million
01/08/95;ZWE;Zimbabwe;Monthly;Current Account;Primary Income;Primary income payments;-32,48256235;USD million
01/09/95;ZWE;Zimbabwe;Monthly;Current Account;Primary Income;Primary income payments;-31,43023796;USD million
01/10/95;ZWE;Zimbabwe;Monthly;Current Account;Primary Income;Primary income payments;-29,15357398;USD million
01/11/95;ZWE;Zimbabwe;Monthly;Current Account;Primary Income;Primary income payments;-31,55990949;USD million
01/12/95;ZWE;Zimbabwe;Monthly;Current Account;Primary Income;Primary income payments;-26,3027348;USD million
01/01/96;ZWE;Zimbabwe;Monthly;Current Account;Primary Income;Primary income payments;-28,01836466;USD million
01/02/96;ZWE;Zimbabwe;Monthly;Current Account;Primary Income;Primary income payments;-33,12798739;USD million
01/03/96;ZWE;Zimbabwe;Monthly;Current Account;Primary Income;Primary income payments;-27,18953618;USD million
01/04/96;ZWE;Zimbabwe;Monthly;Current Account;Primary Income;Primary income payments;-26,93529223;USD million
01/05/96;ZWE;Zimbabwe;Monthly;Current Account;Primary Income;Primary income payments;-23,78654333;USD million
01/06/96;ZWE;Zimbabwe;Monthly;Current Account;Primary Income;Primary income payments;-23,79265081;USD million
01/07/96;ZWE;Zimbabwe;Monthly;Current Account;Primary Income;Primary income payments;-32,79166069;USD million
01/08/96;ZWE;Zimbabwe;Monthly;Current Account;Primary Income;Primary income payments;-25,35785536;USD million
01/09/96;ZWE;Zimbabwe;Monthly;Current Account;Primary Income;Primary income payments;-45,30762914;USD million
01/10/96;ZWE;Zimbabwe;Monthly;Current Account;Primary Income;Primary income payments;-24,02173752;USD million
01/11/96;ZWE;Zimbabwe;Monthly;Current Account;Primary Income;Primary income payments;-34,54683617;USD million
01/12/96;ZWE;Zimbabwe;Monthly;Current Account;Primary Income;Primary income payments;-35,19298002;USD million
01/01/97;ZWE;Zimbabwe;Monthly;Current Account;Primary Income;Primary income payments;-29,26469883;USD million
01/02/97;ZWE;Zimbabwe;Monthly;Current Account;Primary Income;Primary income payments;-32,96731022;USD million
01/03/97;ZWE;Zimbabwe;Monthly;Current Account;Primary Income;Primary income payments;-32,42367131;USD million
01/04/97;ZWE;Zimbabwe;Monthly;Current Account;Primary Income;Primary income payments;-26,98590755;USD million
01/05/97;ZWE;Zimbabwe;Monthly;Current Account;Primary Income;Primary income payments;-26,00999343;USD million
01/06/97;ZWE;Zimbabwe;Monthly;Current Account;Primary Income;Primary income payments;-34,36780925;USD million
01/07/97;ZWE;Zimbabwe;Monthly;Current Account;Primary Income;Primary income payments;-24,63065465;USD million
01/08/97;ZWE;Zimbabwe;Monthly;Current Account;Primary Income;Primary income payments;-26,48284635;USD million
01/09/97;ZWE;Zimbabwe;Monthly;Current Account;Primary Income;Primary income payments;-35,81517731;USD million
01/10/97;ZWE;Zimbabwe;Monthly;Current Account;Primary Income;Primary income payments;-33,36097577;USD million
01/11/97;ZWE;Zimbabwe;Monthly;Current Account;Primary Income;Primary income payments;-36,36524332;USD million
01/12/97;ZWE;Zimbabwe;Monthly;Current Account;Primary Income;Primary income payments;-37,69778178;USD million
01/01/98;ZWE;Zimbabwe;Monthly;Current Account;Primary Income;Primary income payments;-33,11998595;USD million
01/02/98;ZWE;Zimbabwe;Monthly;Current Account;Primary Income;Primary income payments;-28,99233808;USD million
01/03/98;ZWE;Zimbabwe;Monthly;Current Account;Primary Income;Primary income payments;-33,02144302;USD million
01/04/98;ZWE;Zimbabwe;Monthly;Current Account;Primary Income;Primary income payments;-30,15620361;USD million
01/05/98;ZWE;Zimbabwe;Monthly;Current Account;Primary Income;Primary income payments;-28,18732366;USD million
01/06/98;ZWE;Zimbabwe;Monthly;Current Account;Primary Income;Primary income payments;-29,13184158;USD million
01/07/98;ZWE;Zimbabwe;Monthly;Current Account;Primary Income;Primary income payments;-27,77996162;USD million
01/08/98;ZWE;Zimbabwe;Monthly;Current Account;Primary Income;Primary income payments;-20,27691522;USD million
01/09/98;ZWE;Zimbabwe;Monthly;Current Account;Primary Income;Primary income payments;-37,31646516;USD million
01/10/98;ZWE;Zimbabwe;Monthly;Current Account;Primary Income;Primary income payments;-27,9404699;USD million
01/11/98;ZWE;Zimbabwe;Monthly;Current Account;Primary Income;Primary income payments;-31,98327105;USD million
01/12/98;ZWE;Zimbabwe;Monthly;Current Account;Primary Income;Primary income payments;-35,7054687;USD million
01/01/99;ZWE;Zimbabwe;Monthly;Current Account;Primary Income;Primary income payments;-21,93492002;USD million
01/02/99;ZWE;Zimbabwe;Monthly;Current Account;Primary Income;Primary income payments;-26,38814714;USD million
01/03/99;ZWE;Zimbabwe;Monthly;Current Account;Primary Income;Primary income payments;-22,2504585;USD million
01/04/99;ZWE;Zimbabwe;Monthly;Current Account;Primary Income;Primary income payments;-30,39691639;USD million
01/05/99;ZWE;Zimbabwe;Monthly;Current Account;Primary Income;Primary income payments;-29,29074774;USD million
01/06/99;ZWE;Zimbabwe;Monthly;Current Account;Primary Income;Primary income payments;-39,10933142;USD million
01/07/99;ZWE;Zimbabwe;Monthly;Current Account;Primary Income;Primary income payments;-34,23819049;USD million
01/08/99;ZWE;Zimbabwe;Monthly;Current Account;Primary Income;Primary income payments;-32,30493817;USD million
01/09/99;ZWE;Zimbabwe;Monthly;Current Account;Primary Income;Primary income payments;-25,89695307;USD million
01/10/99;ZWE;Zimbabwe;Monthly;Current Account;Primary Income;Primary income payments;-30,07636836;USD million
01/11/99;ZWE;Zimbabwe;Monthly;Current Account;Primary Income;Primary income payments;-28,49942015;USD million
01/12/99;ZWE;Zimbabwe;Monthly;Current Account;Primary Income;Primary income payments;-29,11429694;USD million
01/01/00;ZWE;Zimbabwe;Monthly;Current Account;Primary Income;Primary income payments;-28,9929742;USD million
01/02/00;ZWE;Zimbabwe;Monthly;Current Account;Primary Income;Primary income payments;-38,52546808;USD million
01/03/00;ZWE;Zimbabwe;Monthly;Current Account;Primary Income;Primary income payments;-37,6296322;USD million
01/04/00;ZWE;Zimbabwe;Monthly;Current Account;Primary Income;Primary income payments;-28,14384401;USD million
01/05/00;ZWE;Zimbabwe;Monthly;Current Account;Primary Income;Primary income payments;-26,76623479;USD million
01/06/00;ZWE;Zimbabwe;Monthly;Current Account;Primary Income;Primary income payments;-31,79813913;USD million
01/07/00;ZWE;Zimbabwe;Monthly;Current Account;Primary Income;Primary income payments;-33,65620953;USD million
01/08/00;ZWE;Zimbabwe;Monthly;Current Account;Primary Income;Primary income payments;-27,97379132;USD million
01/09/00;ZWE;Zimbabwe;Monthly;Current Account;Primary Income;Primary income payments;-27,06665217;USD million
01/10/00;ZWE;Zimbabwe;Monthly;Current Account;Primary Income;Primary income payments;-31,88779633;USD million
01/11/00;ZWE;Zimbabwe;Monthly;Current Account;Primary Income;Primary income payments;-37,29628045;USD million
01/12/00;ZWE;Zimbabwe;Monthly;Current Account;Primary Income;Primary income payments;-33,19832897;USD million
01/01/01;ZWE;Zimbabwe;Monthly;Current Account;Primary Income;Primary income payments;-28,08946284;USD million
01/02/01;ZWE;Zimbabwe;Monthly;Current Account;Primary Income;Primary income payments;-33,95026855;USD million
01/03/01;ZWE;Zimbabwe;Monthly;Current Account;Primary Income;Primary income payments;-35,49205536;USD million
01/04/01;ZWE;Zimbabwe;Monthly;Current Account;Primary Income;Primary income payments;-31,39813017;USD million
01/05/01;ZWE;Zimbabwe;Monthly;Current Account;Primary Income;Primary income payments;-26,68237066;USD million
01/06/01;ZWE;Zimbabwe;Monthly;Current Account;Primary Income;Primary income payments;-27,2813801;USD million
01/07/01;ZWE;Zimbabwe;Monthly;Current Account;Primary Income;Primary income payments;-30,60327505;USD million
01/08/01;ZWE;Zimbabwe;Monthly;Current Account;Primary Income;Primary income payments;-29,50118732;USD million
01/09/01;ZWE;Zimbabwe;Monthly;Current Account;Primary Income;Primary income payments;-29,97172027;USD million
01/10/01;ZWE;Zimbabwe;Monthly;Current Account;Primary Income;Primary income payments;-35,06310891;USD million
01/11/01;ZWE;Zimbabwe;Monthly;Current Account;Primary Income;Primary income payments;-26,44698713;USD million
01/12/01;ZWE;Zimbabwe;Monthly;Current Account;Primary Income;Primary income payments;-30,96666406;USD million
01/01/02;ZWE;Zimbabwe;Monthly;Current Account;Primary Income;Primary income payments;-30,94469581;USD million
01/02/02;ZWE;Zimbabwe;Monthly;Current Account;Primary Income;Primary income payments;-37,62974277;USD million
01/03/02;ZWE;Zimbabwe;Monthly;Current Account;Primary Income;Primary income payments;-39,67567269;USD million
01/04/02;ZWE;Zimbabwe;Monthly;Current Account;Primary Income;Primary income payments;-31,35700189;USD million
01/05/02;ZWE;Zimbabwe;Monthly;Current Account;Primary Income;Primary income payments;-30,89077638;USD million
01/06/02;ZWE;Zimbabwe;Monthly;Current Account;Primary Income;Primary income payments;-28,42075089;USD million
01/07/02;ZWE;Zimbabwe;Monthly;Current Account;Primary Income;Primary income payments;-30,43780618;USD million
01/08/02;ZWE;Zimbabwe;Monthly;Current Account;Primary Income;Primary income payments;-29,48074403;USD million
01/09/02;ZWE;Zimbabwe;Monthly;Current Account;Primary Income;Primary income payments;-27,83799159;USD million
01/10/02;ZWE;Zimbabwe;Monthly;Current Account;Primary Income;Primary income payments;-33,26950638;USD million
01/11/02;ZWE;Zimbabwe;Monthly;Current Account;Primary Income;Primary income payments;-29,20270602;USD million
01/12/02;ZWE;Zimbabwe;Monthly;Current Account;Primary Income;Primary income payments;-38,21393385;USD million
01/01/03;ZWE;Zimbabwe;Monthly;Current Account;Primary Income;Primary income payments;-35,54315854;USD million
01/02/03;ZWE;Zimbabwe;Monthly;Current Account;Primary Income;Primary income payments;-26,3046245;USD million
01/03/03;ZWE;Zimbabwe;Monthly;Current Account;Primary Income;Primary income payments;-40,43319319;USD million
01/04/03;ZWE;Zimbabwe;Monthly;Current Account;Primary Income;Primary income payments;-24,99166604;USD million
01/05/03;ZWE;Zimbabwe;Monthly;Current Account;Primary Income;Primary income payments;-32,25381511;USD million
01/06/03;ZWE;Zimbabwe;Monthly;Current Account;Primary Income;Primary income payments;-36,46183527;USD million
01/07/03;ZWE;Zimbabwe;Monthly;Current Account;Primary Income;Primary income payments;-31,79571063;USD million
01/08/03;ZWE;Zimbabwe;Monthly;Current Account;Primary Income;Primary income payments;-23,53416867;USD million
01/09/03;ZWE;Zimbabwe;Monthly;Current Account;Primary Income;Primary income payments;-31,18792055;USD million
01/10/03;ZWE;Zimbabwe;Monthly;Current Account;Primary Income;Primary income payments;-28,55539976;USD million
01/11/03;ZWE;Zimbabwe;Monthly;Current Account;Primary Income;Primary income payments;-27,0862484;USD million
01/12/03;ZWE;Zimbabwe;Monthly;Current Account;Primary Income;Primary income payments;-35,24926274;USD million
01/01/04;ZWE;Zimbabwe;Monthly;Current Account;Primary Income;Primary income payments;-33,45400616;USD million
01/02/04;ZWE;Zimbabwe;Monthly;Current Account;Primary Income;Primary income payments;-33,31948783;USD million
01/03/04;ZWE;Zimbabwe;Monthly;Current Account;Primary Income;Primary income payments;-37,88280622;USD million
01/04/04;ZWE;Zimbabwe;Monthly;Current Account;Primary Income;Primary income payments;-35,3953887;USD million
01/05/04;ZWE;Zimbabwe;Monthly;Current Account;Primary Income;Primary income payments;-37,01687157;USD million
01/06/04;ZWE;Zimbabwe;Monthly;Current Account;Primary Income;Primary income payments;-31,56969736;USD million
01/07/04;ZWE;Zimbabwe;Monthly;Current Account;Primary Income;Primary income payments;-36,41241421;USD million
01/08/04;ZWE;Zimbabwe;Monthly;Current Account;Primary Income;Primary income payments;-35,51399591;USD million
01/09/04;ZWE;Zimbabwe;Monthly;Current Account;Primary Income;Primary income payments;-38,1301965;USD million
01/10/04;ZWE;Zimbabwe;Monthly;Current Account;Primary Income;Primary income payments;-30,94562064;USD million
01/11/04;ZWE;Zimbabwe;Monthly;Current Account;Primary Income;Primary income payments;-29,62739253;USD million
01/12/04;ZWE;Zimbabwe;Monthly;Current Account;Primary Income;Primary income payments;-35,28699827;USD million
01/01/05;ZWE;Zimbabwe;Monthly;Current Account;Primary Income;Primary income payments;-31,84002563;USD million
01/02/05;ZWE;Zimbabwe;Monthly;Current Account;Primary Income;Primary income payments;-44,61926469;USD million
01/03/05;ZWE;Zimbabwe;Monthly;Current Account;Primary Income;Primary income payments;-38,02064285;USD million
01/04/05;ZWE;Zimbabwe;Monthly;Current Account;Primary Income;Primary income payments;-36,19619668;USD million
01/05/05;ZWE;Zimbabwe;Monthly;Current Account;Primary Income;Primary income payments;-32,06818341;USD million
01/06/05;ZWE;Zimbabwe;Monthly;Current Account;Primary Income;Primary income payments;-29,74817983;USD million
01/07/05;ZWE;Zimbabwe;Monthly;Current Account;Primary Income;Primary income payments;-37,89105048;USD million
01/08/05;ZWE;Zimbabwe;Monthly;Current Account;Primary Income;Primary income payments;-27,4262929;USD million
01/09/05;ZWE;Zimbabwe;Monthly;Current Account;Primary Income;Primary income payments;-35,82259457;USD million
01/10/05;ZWE;Zimbabwe;Monthly;Current Account;Primary Income;Primary income payments;-27,86153453;USD million
01/11/05;ZWE;Zimbabwe;Monthly;Current Account;Primary Income;Primary income payments;-27,64901015;USD million
01/12/05;ZWE;Zimbabwe;Monthly;Current Account;Primary Income;Primary income payments;-32,77857372;USD million
01/01/06;ZWE;Zimbabwe;Monthly;Current Account;Primary Income;Primary income payments;-31,86729188;USD million
01/02/06;ZWE;Zimbabwe;Monthly;Current Account;Primary Income;Primary income payments;-33,21441931;USD million
01/03/06;ZWE;Zimbabwe;Monthly;Current Account;Primary Income;Primary income payments;-27,00339639;USD million
01/04/06;ZWE;Zimbabwe;Monthly;Current Account;Primary Income;Primary income payments;-31,01431316;USD million
01/05/06;ZWE;Zimbabwe;Monthly;Current Account;Primary Income;Primary income payments;-28,36718905;USD million
01/06/06;ZWE;Zimbabwe;Monthly;Current Account;Primary Income;Primary income payments;-40,29911441;USD million
01/07/06;ZWE;Zimbabwe;Monthly;Current Account;Primary Income;Primary income payments;-30,1670716;USD million
01/08/06;ZWE;Zimbabwe;Monthly;Current Account;Primary Income;Primary income payments;-39,4562258;USD million
01/09/06;ZWE;Zimbabwe;Monthly;Current Account;Primary Income;Primary income payments;-38,82971286;USD million
01/10/06;ZWE;Zimbabwe;Monthly;Current Account;Primary Income;Primary income payments;-33,81054809;USD million
01/11/06;ZWE;Zimbabwe;Monthly;Current Account;Primary Income;Primary income payments;-35,69683087;USD million
01/12/06;ZWE;Zimbabwe;Monthly;Current Account;Primary Income;Primary income payments;-39,99158025;USD million
01/01/07;ZWE;Zimbabwe;Monthly;Current Account;Primary Income;Primary income payments;-34,56941165;USD million
01/02/07;ZWE;Zimbabwe;Monthly;Current Account;Primary Income;Primary income payments;-42,95077123;USD million
01/03/07;ZWE;Zimbabwe;Monthly;Current Account;Primary Income;Primary income payments;-37,20380686;USD million
01/04/07;ZWE;Zimbabwe;Monthly;Current Account;Primary Income;Primary income payments;-32,47085925;USD million
01/05/07;ZWE;Zimbabwe;Monthly;Current Account;Primary Income;Primary income payments;-32,98050157;USD million
01/06/07;ZWE;Zimbabwe;Monthly;Current Account;Primary Income;Primary income payments;-29,50623347;USD million
01/07/07;ZWE;Zimbabwe;Monthly;Current Account;Primary Income;Primary income payments;-36,65542405;USD million
01/08/07;ZWE;Zimbabwe;Monthly;Current Account;Primary Income;Primary income payments;-31,65666228;USD million
01/09/07;ZWE;Zimbabwe;Monthly;Current Account;Primary Income;Primary income payments;-29,54101698;USD million
01/10/07;ZWE;Zimbabwe;Monthly;Current Account;Primary Income;Primary income payments;-25,61749764;USD million
01/11/07;ZWE;Zimbabwe;Monthly;Current Account;Primary Income;Primary income payments;-34,83979068;USD million
01/12/07;ZWE;Zimbabwe;Monthly;Current Account;Primary Income;Primary income payments;-33,02221684;USD million
01/01/08;ZWE;Zimbabwe;Monthly;Current Account;Primary Income;Primary income payments;-38,10623863;USD million
01/02/08;ZWE;Zimbabwe;Monthly;Current Account;Primary Income;Primary income payments;-38,17402651;USD million
01/03/08;ZWE;Zimbabwe;Monthly;Current Account;Primary Income;Primary income payments;-32,27420472;USD million
01/04/08;ZWE;Zimbabwe;Monthly;Current Account;Primary Income;Primary income payments;-29,41323267;USD million
01/05/08;ZWE;Zimbabwe;Monthly;Current Account;Primary Income;Primary income payments;-25,14586674;USD million
01/06/08;ZWE;Zimbabwe;Monthly;Current Account;Primary Income;Primary income payments;-26,5694707;USD million
01/07/08;ZWE;Zimbabwe;Monthly;Current Account;Primary Income;Primary income payments;-29,63234174;USD million
01/08/08;ZWE;Zimbabwe;Monthly;Current Account;Primary Income;Primary income payments;-27,32093579;USD million
01/09/08;ZWE;Zimbabwe;Monthly;Current Account;Primary Income;Primary income payments;-30,76572264;USD million
01/10/08;ZWE;Zimbabwe;Monthly;Current Account;Primary Income;Primary income payments;-32,3098961;USD million
01/11/08;ZWE;Zimbabwe;Monthly;Current Account;Primary Income;Primary income payments;-30,42701548;USD million
01/12/08;ZWE;Zimbabwe;Monthly;Current Account;Primary Income;Primary income payments;-26,49723793;USD million
01/01/09;ZWE;Zimbabwe;Monthly;Current Account;Primary Income;Primary income payments;-37,20848887;USD million
01/02/09;ZWE;Zimbabwe;Monthly;Current Account;Primary Income;Primary income payments;-28,98647426;USD million
01/03/09;ZWE;Zimbabwe;Monthly;Current Account;Primary Income;Primary income payments;-38,37138794;USD million
01/04/09;ZWE;Zimbabwe;Monthly;Current Account;Primary Income;Primary income payments;-35,55316787;USD million
01/05/09;ZWE;Zimbabwe;Monthly;Current Account;Primary Income;Primary income payments;-33,70447098;USD million
01/06/09;ZWE;Zimbabwe;Monthly;Current Account;Primary Income;Primary income payments;-39,47499395;USD million
01/07/09;ZWE;Zimbabwe;Monthly;Current Account;Primary Income;Primary income payments;-31,44354125;USD million
01/08/09;ZWE;Zimbabwe;Monthly;Current Account;Primary Income;Primary income payments;-30,25646761;USD million
01/09/09;ZWE;Zimbabwe;Monthly;Current Account;Primary Income;Primary income payments;-28,03304905;USD million
01/10/09;ZWE;Zimbabwe;Monthly;Current Account;Primary Income;Primary income payments;-31,0617151;USD million
01/11/09;ZWE;Zimbabwe;Monthly;Current Account;Primary Income;Primary income payments;-34,01833478;USD million
01/12/09;ZWE;Zimbabwe;Monthly;Current Account;Primary Income;Primary income payments;-27,71163005;USD million
01/01/10;ZWE;Zimbabwe;Monthly;Current Account;Primary Income;Primary income payments;-29,60812053;USD million
01/02/10;ZWE;Zimbabwe;Monthly;Current Account;Primary Income;Primary income payments;-36,97957553;USD million
01/03/10;ZWE;Zimbabwe;Monthly;Current Account;Primary Income;Primary income payments;-24,96078495;USD million
01/04/10;ZWE;Zimbabwe;Monthly;Current Account;Primary Income;Primary income payments;-30,99712686;USD million
01/05/10;ZWE;Zimbabwe;Monthly;Current Account;Primary Income;Primary income payments;-24,46326744;USD million
01/06/10;ZWE;Zimbabwe;Monthly;Current Account;Primary Income;Primary income payments;-39,32086328;USD million
01/07/10;ZWE;Zimbabwe;Monthly;Current Account;Primary Income;Primary income payments;-28,01519409;USD million
01/08/10;ZWE;Zimbabwe;Monthly;Current Account;Primary Income;Primary income payments;-29,3379394;USD million
01/09/10;ZWE;Zimbabwe;Monthly;Current Account;Primary Income;Primary income payments;-29,03785666;USD million
01/10/10;ZWE;Zimbabwe;Monthly;Current Account;Primary Income;Primary income payments;-33,85935129;USD million
01/11/10;ZWE;Zimbabwe;Monthly;Current Account;Primary Income;Primary income payments;-31,09022702;USD million
01/12/10;ZWE;Zimbabwe;Monthly;Current Account;Primary Income;Primary income payments;-29,89800395;USD million
01/01/11;ZWE;Zimbabwe;Monthly;Current Account;Primary Income;Primary income payments;-30,31388499;USD million
01/02/11;ZWE;Zimbabwe;Monthly;Current Account;Primary Income;Primary income payments;-32,67257501;USD million
01/03/11;ZWE;Zimbabwe;Monthly;Current Account;Primary Income;Primary income payments;-30,29520288;USD million
01/04/11;ZWE;Zimbabwe;Monthly;Current Account;Primary Income;Primary income payments;-38,28732867;USD million
01/05/11;ZWE;Zimbabwe;Monthly;Current Account;Primary Income;Primary income payments;-39,0581629;USD million
01/06/11;ZWE;Zimbabwe;Monthly;Current Account;Primary Income;Primary income payments;-46,98426065;USD million
01/07/11;ZWE;Zimbabwe;Monthly;Current Account;Primary Income;Primary income payments;-36,92328064;USD million
01/08/11;ZWE;Zimbabwe;Monthly;Current Account;Primary Income;Primary income payments;-36,87914916;USD million
01/09/11;ZWE;Zimbabwe;Monthly;Current Account;Primary Income;Primary income payments;-37,62375036;USD million
01/10/11;ZWE;Zimbabwe;Monthly;Current Account;Primary Income;Primary income payments;-25,11568463;USD million
01/11/11;ZWE;Zimbabwe;Monthly;Current Account;Primary Income;Primary income payments;-36,63823825;USD million
01/12/11;ZWE;Zimbabwe;Monthly;Current Account;Primary Income;Primary income payments;-32,45912836;USD million
01/01/12;ZWE;Zimbabwe;Monthly;Current Account;Primary Income;Primary income payments;-40,2812366;USD million
01/02/12;ZWE;Zimbabwe;Monthly;Current Account;Primary Income;Primary income payments;-38,73266815;USD million
01/03/12;ZWE;Zimbabwe;Monthly;Current Account;Primary Income;Primary income payments;-40,96652547;USD million
01/04/12;ZWE;Zimbabwe;Monthly;Current Account;Primary Income;Primary income payments;-41,8642696;USD million
01/05/12;ZWE;Zimbabwe;Monthly;Current Account;Primary Income;Primary income payments;-31,61558547;USD million
01/06/12;ZWE;Zimbabwe;Monthly;Current Account;Primary Income;Primary income payments;-32,59957139;USD million
01/07/12;ZWE;Zimbabwe;Monthly;Current Account;Primary Income;Primary income payments;-34,44690303;USD million
01/08/12;ZWE;Zimbabwe;Monthly;Current Account;Primary Income;Primary income payments;-30,35724434;USD million
01/09/12;ZWE;Zimbabwe;Monthly;Current Account;Primary Income;Primary income payments;-34,75069768;USD million
01/10/12;ZWE;Zimbabwe;Monthly;Current Account;Primary Income;Primary income payments;-36,44215053;USD million
01/11/12;ZWE;Zimbabwe;Monthly;Current Account;Primary Income;Primary income payments;-34,25910402;USD million
01/12/12;ZWE;Zimbabwe;Monthly;Current Account;Primary Income;Primary income payments;-33,17115002;USD million
01/01/13;ZWE;Zimbabwe;Monthly;Current Account;Primary Income;Primary income payments;-43,04165276;USD million
01/02/13;ZWE;Zimbabwe;Monthly;Current Account;Primary Income;Primary income payments;-40,324151;USD million
01/03/13;ZWE;Zimbabwe;Monthly;Current Account;Primary Income;Primary income payments;-36,38340708;USD million
01/04/13;ZWE;Zimbabwe;Monthly;Current Account;Primary Income;Primary income payments;-44,6794718;USD million
01/05/13;ZWE;Zimbabwe;Monthly;Current Account;Primary Income;Primary income payments;-32,87348709;USD million
01/06/13;ZWE;Zimbabwe;Monthly;Current Account;Primary Income;Primary income payments;-27,71879234;USD million
01/07/13;ZWE;Zimbabwe;Monthly;Current Account;Primary Income;Primary income payments;-42,18032856;USD million
01/08/13;ZWE;Zimbabwe;Monthly;Current Account;Primary Income;Primary income payments;-41,48276808;USD million
01/09/13;ZWE;Zimbabwe;Monthly;Current Account;Primary Income;Primary income payments;-32,24562049;USD million
01/10/13;ZWE;Zimbabwe;Monthly;Current Account;Primary Income;Primary income payments;-39,20695899;USD million
01/11/13;ZWE;Zimbabwe;Monthly;Current Account;Primary Income;Primary income payments;-33,80183022;USD million
01/12/13;ZWE;Zimbabwe;Monthly;Current Account;Primary Income;Primary income payments;-33,65912811;USD million
01/01/14;ZWE;Zimbabwe;Monthly;Current Account;Primary Income;Primary income payments;-42,95839435;USD million
01/02/14;ZWE;Zimbabwe;Monthly;Current Account;Primary Income;Primary income payments;-31,75672927;USD million
01/03/14;ZWE;Zimbabwe;Monthly;Current Account;Primary Income;Primary income payments;-34,95752992;USD million
01/04/14;ZWE;Zimbabwe;Monthly;Current Account;Primary Income;Primary income payments;-30,48031268;USD million
01/05/14;ZWE;Zimbabwe;Monthly;Current Account;Primary Income;Primary income payments;-37,38847763;USD million
01/06/14;ZWE;Zimbabwe;Monthly;Current Account;Primary Income;Primary income payments;-36,23058744;USD million
01/07/14;ZWE;Zimbabwe;Monthly;Current Account;Primary Income;Primary income payments;-42,74906771;USD million
01/08/14;ZWE;Zimbabwe;Monthly;Current Account;Primary Income;Primary income payments;-31,73199743;USD million
01/09/14;ZWE;Zimbabwe;Monthly;Current Account;Primary Income;Primary income payments;-34,78813782;USD million
01/10/14;ZWE;Zimbabwe;Monthly;Current Account;Primary Income;Primary income payments;-43,85896529;USD million
01/11/14;ZWE;Zimbabwe;Monthly;Current Account;Primary Income;Primary income payments;-32,00689362;USD million
01/12/14;ZWE;Zimbabwe;Monthly;Current Account;Primary Income;Primary income payments;-31,63082505;USD million
01/01/15;ZWE;Zimbabwe;Monthly;Current Account;Primary Income;Primary income payments;-42,64860745;USD million
01/02/15;ZWE;Zimbabwe;Monthly;Current Account;Primary Income;Primary income payments;-35,74779356;USD million
01/03/15;ZWE;Zimbabwe;Monthly;Current Account;Primary Income;Primary income payments;-42,52869479;USD million
01/04/15;ZWE;Zimbabwe;Monthly;Current Account;Primary Income;Primary income payments;-33,63236765;USD million
01/05/15;ZWE;Zimbabwe;Monthly;Current Account;Primary Income;Primary income payments;-43,1821875;USD million
01/06/15;ZWE;Zimbabwe;Monthly;Current Account;Primary Income;Primary income payments;-34,35232164;USD million
01/07/15;ZWE;Zimbabwe;Monthly;Current Account;Primary Income;Primary income payments;-33,05853926;USD million
01/08/15;ZWE;Zimbabwe;Monthly;Current Account;Primary Income;Primary income payments;-29,93706972;USD million
01/09/15;ZWE;Zimbabwe;Monthly;Current Account;Primary Income;Primary income payments;-35,39328599;USD million
01/10/15;ZWE;Zimbabwe;Monthly;Current Account;Primary Income;Primary income payments;-37,11262275;USD million
01/11/15;ZWE;Zimbabwe;Monthly;Current Account;Primary Income;Primary income payments;-38,62796322;USD million
01/12/15;ZWE;Zimbabwe;Monthly;Current Account;Primary Income;Primary income payments;-36,4107698;USD million
01/01/16;ZWE;Zimbabwe;Monthly;Current Account;Primary Income;Primary income payments;-27,54180822;USD million
01/02/16;ZWE;Zimbabwe;Monthly;Current Account;Primary Income;Primary income payments;-34,02929201;USD million
01/03/16;ZWE;Zimbabwe;Monthly;Current Account;Primary Income;Primary income payments;-42,54524404;USD million
01/04/16;ZWE;Zimbabwe;Monthly;Current Account;Primary Income;Primary income payments;-36,83104441;USD million
01/05/16;ZWE;Zimbabwe;Monthly;Current Account;Primary Income;Primary income payments;-37,12831041;USD million
01/06/16;ZWE;Zimbabwe;Monthly;Current Account;Primary Income;Primary income payments;-46,62515364;USD million
01/07/16;ZWE;Zimbabwe;Monthly;Current Account;Primary Income;Primary income payments;-38,25770894;USD million
01/08/16;ZWE;Zimbabwe;Monthly;Current Account;Primary Income;Primary income payments;-39,07125288;USD million
01/09/16;ZWE;Zimbabwe;Monthly;Current Account;Primary Income;Primary income payments;-42,24210494;USD million
01/10/16;ZWE;Zimbabwe;Monthly;Current Account;Primary Income;Primary income payments;-33,88411846;USD million
01/11/16;ZWE;Zimbabwe;Monthly;Current Account;Primary Income;Primary income payments;-32,95983486;USD million
01/12/16;ZWE;Zimbabwe;Monthly;Current Account;Primary Income;Primary income payments;-35,41258571;USD million
01/01/17;ZWE;Zimbabwe;Monthly;Current Account;Primary Income;Primary income payments;-37,0240811;USD million
01/02/17;ZWE;Zimbabwe;Monthly;Current Account;Primary Income;Primary income payments;-37,37468355;USD million
01/03/17;ZWE;Zimbabwe;Monthly;Current Account;Primary Income;Primary income payments;-41,82077567;USD million
01/04/17;ZWE;Zimbabwe;Monthly;Current Account;Primary Income;Primary income payments;-39,29077698;USD million
01/05/17;ZWE;Zimbabwe;Monthly;Current Account;Primary Income;Primary income payments;-51,8227965;USD million
01/06/17;ZWE;Zimbabwe;Monthly;Current Account;Primary Income;Primary income payments;-33,09768904;USD million
01/07/17;ZWE;Zimbabwe;Monthly;Current Account;Primary Income;Primary income payments;-28,80748609;USD million
01/08/17;ZWE;Zimbabwe;Monthly;Current Account;Primary Income;Primary income payments;-32,25803161;USD million
01/09/17;ZWE;Zimbabwe;Monthly;Current Account;Primary Income;Primary income payments;-32,13668644;USD million
01/10/17;ZWE;Zimbabwe;Monthly;Current Account;Primary Income;Primary income payments;-33,27177817;USD million
01/11/17;ZWE;Zimbabwe;Monthly;Current Account;Primary Income;Primary income payments;-34,90538394;USD million
01/12/17;ZWE;Zimbabwe;Monthly;Current Account;Primary Income;Primary income payments;-42,38442328;USD million
01/01/18;ZWE;Zimbabwe;Monthly;Current Account;Primary Income;Primary income payments;-31,37635266;USD million
01/02/18;ZWE;Zimbabwe;Monthly;Current Account;Primary Income;Primary income payments;-43,53417017;USD million
01/03/18;ZWE;Zimbabwe;Monthly;Current Account;Primary Income;Primary income payments;-34,01792205;USD million
01/04/18;ZWE;Zimbabwe;Monthly;Current Account;Primary Income;Primary income payments;-34,85088687;USD million
01/05/18;ZWE;Zimbabwe;Monthly;Current Account;Primary Income;Primary income payments;-36,42625924;USD million
01/06/18;ZWE;Zimbabwe;Monthly;Current Account;Primary Income;Primary income payments;-32,93296749;USD million
01/07/18;ZWE;Zimbabwe;Monthly;Current Account;Primary Income;Primary income payments;-27,75890297;USD million
01/08/18;ZWE;Zimbabwe;Monthly;Current Account;Primary Income;Primary income payments;-47,36510134;USD million
01/09/18;ZWE;Zimbabwe;Monthly;Current Account;Primary Income;Primary income payments;-39,88288595;USD million
01/10/18;ZWE;Zimbabwe;Monthly;Current Account;Primary Income;Primary income payments;-37,48849578;USD million
01/11/18;ZWE;Zimbabwe;Monthly;Current Account;Primary Income;Primary income payments;-34,42926996;USD million
01/12/18;ZWE;Zimbabwe;Monthly;Current Account;Primary Income;Primary income payments;-35,76559396;USD million
01/01/19;ZWE;Zimbabwe;Monthly;Current Account;Primary Income;Primary income payments;-36,3979498;USD million
01/02/19;ZWE;Zimbabwe;Monthly;Current Account;Primary Income;Primary income payments;-34,59302953;USD million
01/03/19;ZWE;Zimbabwe;Monthly;Current Account;Primary Income;Primary income payments;-32,57200945;USD million
01/04/19;ZWE;Zimbabwe;Monthly;Current Account;Primary Income;Primary income payments;-29,12550566;USD million
01/05/19;ZWE;Zimbabwe;Monthly;Current Account;Primary Income;Primary income payments;-29,56853963;USD million
01/06/19;ZWE;Zimbabwe;Monthly;Current Account;Primary Income;Primary income payments;-49,21592717;USD million
01/07/19;ZWE;Zimbabwe;Monthly;Current Account;Primary Income;Primary income payments;-29,73379923;USD million
01/08/19;ZWE;Zimbabwe;Monthly;Current Account;Primary Income;Primary income payments;-38,26179546;USD million
01/09/19;ZWE;Zimbabwe;Monthly;Current Account;Primary Income;Primary income payments;-40,89412789;USD million
01/10/19;ZWE;Zimbabwe;Monthly;Current Account;Primary Income;Primary income payments;-42,5910762;USD million
01/11/19;ZWE;Zimbabwe;Monthly;Current Account;Primary Income;Primary income payments;-39,21066829;USD million
01/12/19;ZWE;Zimbabwe;Monthly;Current Account;Primary Income;Primary income payments;-41,73192;USD million
01/01/20;ZWE;Zimbabwe;Monthly;Current Account;Primary Income;Primary income payments;-32,87248979;USD million
01/02/20;ZWE;Zimbabwe;Monthly;Current Account;Primary Income;Primary income payments;-42,11411016;USD million
01/03/20;ZWE;Zimbabwe;Monthly;Current Account;Primary Income;Primary income payments;-40,39543602;USD million
01/04/20;ZWE;Zimbabwe;Monthly;Current Account;Primary Income;Primary income payments;-40,32387697;USD million
01/05/20;ZWE;Zimbabwe;Monthly;Current Account;Primary Income;Primary income payments;-39,15923686;USD million
01/06/20;ZWE;Zimbabwe;Monthly;Current Account;Primary Income;Primary income payments;-38,39608047;USD million
01/07/20;ZWE;Zimbabwe;Monthly;Current Account;Primary Income;Primary income payments;-37,00122059;USD million
01/08/20;ZWE;Zimbabwe;Monthly;Current Account;Primary Income;Primary income payments;-38,94970587;USD million
01/09/20;ZWE;Zimbabwe;Monthly;Current Account;Primary Income;Primary income payments;-41,13165441;USD million
01/10/20;ZWE;Zimbabwe;Monthly;Current Account;Primary Income;Primary income payments;-39,9272237;USD million
01/11/20;ZWE;Zimbabwe;Monthly;Current Account;Primary Income;Primary income payments;-32,98010026;USD million
01/12/20;ZWE;Zimbabwe;Monthly;Current Account;Primary Income;Primary income payments;-28,51612162;USD million
01/01/21;ZWE;Zimbabwe;Monthly;Current Account;Primary Income;Primary income payments;-34,72159115;USD million
01/02/21;ZWE;Zimbabwe;Monthly;Current Account;Primary Income;Primary income payments;-26,51507483;USD million
01/03/21;ZWE;Zimbabwe;Monthly;Current Account;Primary Income;Primary income payments;-39,86061866;USD million
01/04/21;ZWE;Zimbabwe;Monthly;Current Account;Primary Income;Primary income payments;-34,73911045;USD million
01/05/21;ZWE;Zimbabwe;Monthly;Current Account;Primary Income;Primary income payments;-39,37076461;USD million
01/06/21;ZWE;Zimbabwe;Monthly;Current Account;Primary Income;Primary income payments;-28,94754501;USD million
01/07/21;ZWE;Zimbabwe;Monthly;Current Account;Primary Income;Primary income payments;-32,98170002;USD million
01/08/21;ZWE;Zimbabwe;Monthly;Current Account;Primary Income;Primary income payments;-50,98903191;USD million
01/09/21;ZWE;Zimbabwe;Monthly;Current Account;Primary Income;Primary income payments;-41,73805434;USD million
01/10/21;ZWE;Zimbabwe;Monthly;Current Account;Primary Income;Primary income payments;-32,05711258;USD million
01/11/21;ZWE;Zimbabwe;Monthly;Current Account;Primary Income;Primary income payments;-30,64773138;USD million
01/12/21;ZWE;Zimbabwe;Monthly;Current Account;Primary Income;Primary income payments;-35,36159535;USD million
01/01/22;ZWE;Zimbabwe;Monthly;Current Account;Primary Income;Primary income payments;-31,12642708;USD million
01/02/22;ZWE;Zimbabwe;Monthly;Current Account;Primary Income;Primary income payments;-35,1778541;USD million
01/03/22;ZWE;Zimbabwe;Monthly;Current Account;Primary Income;Primary income payments;-33,53532838;USD million
01/04/22;ZWE;Zimbabwe;Monthly;Current Account;Primary Income;Primary income payments;-42,48458631;USD million
01/05/22;ZWE;Zimbabwe;Monthly;Current Account;Primary Income;Primary income payments;-51,2836333;USD million
01/06/22;ZWE;Zimbabwe;Monthly;Current Account;Primary Income;Primary income payments;-31,87428409;USD million
01/07/22;ZWE;Zimbabwe;Monthly;Current Account;Primary Income;Primary income payments;-30,35993931;USD million
01/08/22;ZWE;Zimbabwe;Monthly;Current Account;Primary Income;Primary income payments;-38,58318042;USD million
01/09/22;ZWE;Zimbabwe;Monthly;Current Account;Primary Income;Primary income payments;-37,60046066;USD million
01/10/22;ZWE;Zimbabwe;Monthly;Current Account;Primary Income;Primary income payments;-43,64364903;USD million
01/11/22;ZWE;Zimbabwe;Monthly;Current Account;Primary Income;Primary income payments;-41,3163185;USD million
01/12/22;ZWE;Zimbabwe;Monthly;Current Account;Primary Income;Primary income payments;-43,57690744;USD million
01/01/23;ZWE;Zimbabwe;Monthly;Current Account;Primary Income;Primary income payments;-39,84417716;USD million
01/02/23;ZWE;Zimbabwe;Monthly;Current Account;Primary Income;Primary income payments;-40,16934203;USD million
01/03/23;ZWE;Zimbabwe;Monthly;Current Account;Primary Income;Primary income payments;-35,93607721;USD million
01/04/23;ZWE;Zimbabwe;Monthly;Current Account;Primary Income;Primary income payments;-32,86592836;USD million
01/05/23;ZWE;Zimbabwe;Monthly;Current Account;Primary Income;Primary income payments;-40,57789558;USD million
01/06/23;ZWE;Zimbabwe;Monthly;Current Account;Primary Income;Primary income payments;-47,83296006;USD million
01/07/23;ZWE;Zimbabwe;Monthly;Current Account;Primary Income;Primary income payments;-32,85619861;USD million
01/08/23;ZWE;Zimbabwe;Monthly;Current Account;Primary Income;Primary income payments;-40,62000685;USD million
01/09/23;ZWE;Zimbabwe;Monthly;Current Account;Primary Income;Primary income payments;-38,00770793;USD million
01/10/23;ZWE;Zimbabwe;Monthly;Current Account;Primary Income;Primary income payments;-33,01487206;USD million
01/11/23;ZWE;Zimbabwe;Monthly;Current Account;Primary Income;Primary income payments;-62,63296725;USD million
01/12/23;ZWE;Zimbabwe;Monthly;Current Account;Primary Income;Primary income payments;-31,85411073;USD million
01/01/24;ZWE;Zimbabwe;Monthly;Current Account;Primary Income;Primary income payments;-36,99015904;USD million
01/02/24;ZWE;Zimbabwe;Monthly;Current Account;Primary Income;Primary income payments;-42,17946517;USD million
01/03/24;ZWE;Zimbabwe;Monthly;Current Account;Primary Income;Primary income payments;-47,74774263;USD million
01/04/24;ZWE;Zimbabwe;Monthly;Current Account;Primary Income;Primary income payments;-40,10885959;USD million
01/05/24;ZWE;Zimbabwe;Monthly;Current Account;Primary Income;Primary income payments;-46,8165465;USD million
01/06/24;ZWE;Zimbabwe;Monthly;Current Account;Primary Income;Primary income payments;-47,14186976;USD million
01/07/24;ZWE;Zimbabwe;Monthly;Current Account;Primary Income;Primary income payments;-40,24205093;USD million
01/08/24;ZWE;Zimbabwe;Monthly;Current Account;Primary Income;Primary income payments;-43,05200041;USD million
01/09/24;ZWE;Zimbabwe;Monthly;Current Account;Primary Income;Primary income payments;-42,52556849;USD million
01/10/24;ZWE;Zimbabwe;Monthly;Current Account;Primary Income;Primary income payments;-34,23556669;USD million
01/11/24;ZWE;Zimbabwe;Monthly;Current Account;Primary Income;Primary income payments;-34,76814426;USD million
01/12/24;ZWE;Zimbabwe;Monthly;Current Account;Primary Income;Primary income payments;-49,38234512;USD million
01/01/25;ZWE;Zimbabwe;Monthly;Current Account;Primary Income;Primary income payments;-32,98519748;USD million
01/02/25;ZWE;Zimbabwe;Monthly;Current Account;Primary Income;Primary income payments;-38,46840842;USD million
01/03/25;ZWE;Zimbabwe;Monthly;Current Account;Primary Income;Primary income payments;-47,37219078;USD million
01/04/25;ZWE;Zimbabwe;Monthly;Current Account;Primary Income;Primary income payments;-37,56222435;USD million
01/05/25;ZWE;Zimbabwe;Monthly;Current Account;Primary Income;Primary income payments;-39,83658379;USD million
01/06/25;ZWE;Zimbabwe;Monthly;Current Account;Primary Income;Primary income payments;-49,3524378;USD million
01/07/25;ZWE;Zimbabwe;Monthly;Current Account;Primary Income;Primary income payments;-36,86076335;USD million
01/08/25;ZWE;Zimbabwe;Monthly;Current Account;Primary Income;Primary income payments;-40,00788839;USD million
01/09/25;ZWE;Zimbabwe;Monthly;Current Account;Primary Income;Primary income payments;-31,15797895;USD million
01/10/25;ZWE;Zimbabwe;Monthly;Current Account;Primary Income;Primary income payments;-36,24295676;USD million
01/11/25;ZWE;Zimbabwe;Monthly;Current Account;Primary Income;Primary income payments;-40,07711884;USD million
01/12/25;ZWE;Zimbabwe;Monthly;Current Account;Primary Income;Primary income payments;-46,21125487;USD million
01/01/26;ZWE;Zimbabwe;Monthly;Current Account;Primary Income;Primary income payments;-31,68767755;USD million
01/02/26;ZWE;Zimbabwe;Monthly;Current Account;Primary Income;Primary income payments;-44,15834675;USD million
01/03/26;ZWE;Zimbabwe;Monthly;Current Account;Primary Income;Primary income payments;-33,04136182;USD million
01/04/26;ZWE;Zimbabwe;Monthly;Current Account;Primary Income;Primary income payments;-33,11265241;USD million
01/05/26;ZWE;Zimbabwe;Monthly;Current Account;Primary Income;Primary income payments;-44,7373765;USD million
01/06/26;ZWE;Zimbabwe;Monthly;Current Account;Primary Income;Primary income payments;-40,78938401;USD million
01/07/26;ZWE;Zimbabwe;Monthly;Current Account;Primary Income;Primary income payments;-32,82431563;USD million
01/08/26;ZWE;Zimbabwe;Monthly;Current Account;Primary Income;Primary income payments;-36,19226349;USD million
01/09/26;ZWE;Zimbabwe;Monthly;Current Account;Primary Income;Primary income payments;-36,68944095;USD million
01/01/80;ZWE;Zimbabwe;Monthly;Current Account;Secondary Income;Personal remittances;36,71960277;USD million
01/02/80;ZWE;Zimbabwe;Monthly;Current Account;Secondary Income;Personal remittances;38,92438093;USD million
01/03/80;ZWE;Zimbabwe;Monthly;Current Account;Secondary Income;Personal remittances;44,11287954;USD million
01/04/80;ZWE;Zimbabwe;Monthly;Current Account;Secondary Income;Personal remittances;24,06022398;USD million
01/05/80;ZWE;Zimbabwe;Monthly;Current Account;Secondary Income;Personal remittances;29,22816134;USD million
01/06/80;ZWE;Zimbabwe;Monthly;Current Account;Secondary Income;Personal remittances;33,03777964;USD million
01/07/80;ZWE;Zimbabwe;Monthly;Current Account;Secondary Income;Personal remittances;26,21481824;USD million
01/08/80;ZWE;Zimbabwe;Monthly;Current Account;Secondary Income;Personal remittances;36,62374798;USD million
01/09/80;ZWE;Zimbabwe;Monthly;Current Account;Secondary Income;Personal remittances;29,30461956;USD million
01/10/80;ZWE;Zimbabwe;Monthly;Current Account;Secondary Income;Personal remittances;34,48475646;USD million
01/11/80;ZWE;Zimbabwe;Monthly;Current Account;Secondary Income;Personal remittances;33,91561744;USD million
01/12/80;ZWE;Zimbabwe;Monthly;Current Account;Secondary Income;Personal remittances;31,20466597;USD million
01/01/81;ZWE;Zimbabwe;Monthly;Current Account;Secondary Income;Personal remittances;25,20549021;USD million
01/02/81;ZWE;Zimbabwe;Monthly;Current Account;Secondary Income;Personal remittances;32,6611291;USD million
01/03/81;ZWE;Zimbabwe;Monthly;Current Account;Secondary Income;Personal remittances;32,49918854;USD million
01/04/81;ZWE;Zimbabwe;Monthly;Current Account;Secondary Income;Personal remittances;37,35299896;USD million
01/05/81;ZWE;Zimbabwe;Monthly;Current Account;Secondary Income;Personal remittances;36,14926769;USD million
01/06/81;ZWE;Zimbabwe;Monthly;Current Account;Secondary Income;Personal remittances;29,5889465;USD million
01/07/81;ZWE;Zimbabwe;Monthly;Current Account;Secondary Income;Personal remittances;30,98896436;USD million
01/08/81;ZWE;Zimbabwe;Monthly;Current Account;Secondary Income;Personal remittances;36,46217856;USD million
01/09/81;ZWE;Zimbabwe;Monthly;Current Account;Secondary Income;Personal remittances;37,23278298;USD million
01/10/81;ZWE;Zimbabwe;Monthly;Current Account;Secondary Income;Personal remittances;36,71059507;USD million
01/11/81;ZWE;Zimbabwe;Monthly;Current Account;Secondary Income;Personal remittances;38,24239144;USD million
01/12/81;ZWE;Zimbabwe;Monthly;Current Account;Secondary Income;Personal remittances;31,95822944;USD million
01/01/82;ZWE;Zimbabwe;Monthly;Current Account;Secondary Income;Personal remittances;34,10950343;USD million
01/02/82;ZWE;Zimbabwe;Monthly;Current Account;Secondary Income;Personal remittances;41,21908218;USD million
01/03/82;ZWE;Zimbabwe;Monthly;Current Account;Secondary Income;Personal remittances;27,4942085;USD million
01/04/82;ZWE;Zimbabwe;Monthly;Current Account;Secondary Income;Personal remittances;30,66479874;USD million
01/05/82;ZWE;Zimbabwe;Monthly;Current Account;Secondary Income;Personal remittances;37,36884164;USD million
01/06/82;ZWE;Zimbabwe;Monthly;Current Account;Secondary Income;Personal remittances;30,47246854;USD million
01/07/82;ZWE;Zimbabwe;Monthly;Current Account;Secondary Income;Personal remittances;32,97586792;USD million
01/08/82;ZWE;Zimbabwe;Monthly;Current Account;Secondary Income;Personal remittances;33,02083447;USD million
01/09/82;ZWE;Zimbabwe;Monthly;Current Account;Secondary Income;Personal remittances;28,75628787;USD million
01/10/82;ZWE;Zimbabwe;Monthly;Current Account;Secondary Income;Personal remittances;38,40773216;USD million
01/11/82;ZWE;Zimbabwe;Monthly;Current Account;Secondary Income;Personal remittances;29,59493352;USD million
01/12/82;ZWE;Zimbabwe;Monthly;Current Account;Secondary Income;Personal remittances;34,33767651;USD million
01/01/83;ZWE;Zimbabwe;Monthly;Current Account;Secondary Income;Personal remittances;30,07143092;USD million
01/02/83;ZWE;Zimbabwe;Monthly;Current Account;Secondary Income;Personal remittances;40,49004501;USD million
01/03/83;ZWE;Zimbabwe;Monthly;Current Account;Secondary Income;Personal remittances;41,35914718;USD million
01/04/83;ZWE;Zimbabwe;Monthly;Current Account;Secondary Income;Personal remittances;32,35545989;USD million
01/05/83;ZWE;Zimbabwe;Monthly;Current Account;Secondary Income;Personal remittances;38,58008934;USD million
01/06/83;ZWE;Zimbabwe;Monthly;Current Account;Secondary Income;Personal remittances;25,88111023;USD million
01/07/83;ZWE;Zimbabwe;Monthly;Current Account;Secondary Income;Personal remittances;34,64162192;USD million
01/08/83;ZWE;Zimbabwe;Monthly;Current Account;Secondary Income;Personal remittances;39,39982767;USD million
01/09/83;ZWE;Zimbabwe;Monthly;Current Account;Secondary Income;Personal remittances;34,98239598;USD million
01/10/83;ZWE;Zimbabwe;Monthly;Current Account;Secondary Income;Personal remittances;35,85759612;USD million
01/11/83;ZWE;Zimbabwe;Monthly;Current Account;Secondary Income;Personal remittances;37,04985909;USD million
01/12/83;ZWE;Zimbabwe;Monthly;Current Account;Secondary Income;Personal remittances;33,04837942;USD million
01/01/84;ZWE;Zimbabwe;Monthly;Current Account;Secondary Income;Personal remittances;38,3864057;USD million
01/02/84;ZWE;Zimbabwe;Monthly;Current Account;Secondary Income;Personal remittances;27,81153895;USD million
01/03/84;ZWE;Zimbabwe;Monthly;Current Account;Secondary Income;Personal remittances;35,9461342;USD million
01/04/84;ZWE;Zimbabwe;Monthly;Current Account;Secondary Income;Personal remittances;28,75069726;USD million
01/05/84;ZWE;Zimbabwe;Monthly;Current Account;Secondary Income;Personal remittances;31,18526235;USD million
01/06/84;ZWE;Zimbabwe;Monthly;Current Account;Secondary Income;Personal remittances;32,17038863;USD million
01/07/84;ZWE;Zimbabwe;Monthly;Current Account;Secondary Income;Personal remittances;33,24821002;USD million
01/08/84;ZWE;Zimbabwe;Monthly;Current Account;Secondary Income;Personal remittances;35,9239741;USD million
01/09/84;ZWE;Zimbabwe;Monthly;Current Account;Secondary Income;Personal remittances;27,5214851;USD million
01/10/84;ZWE;Zimbabwe;Monthly;Current Account;Secondary Income;Personal remittances;33,15364998;USD million
01/11/84;ZWE;Zimbabwe;Monthly;Current Account;Secondary Income;Personal remittances;43,03013423;USD million
01/12/84;ZWE;Zimbabwe;Monthly;Current Account;Secondary Income;Personal remittances;30,00284166;USD million
01/01/85;ZWE;Zimbabwe;Monthly;Current Account;Secondary Income;Personal remittances;42,59249883;USD million
01/02/85;ZWE;Zimbabwe;Monthly;Current Account;Secondary Income;Personal remittances;36,67943253;USD million
01/03/85;ZWE;Zimbabwe;Monthly;Current Account;Secondary Income;Personal remittances;37,68614242;USD million
01/04/85;ZWE;Zimbabwe;Monthly;Current Account;Secondary Income;Personal remittances;33,31896835;USD million
01/05/85;ZWE;Zimbabwe;Monthly;Current Account;Secondary Income;Personal remittances;40,89525261;USD million
01/06/85;ZWE;Zimbabwe;Monthly;Current Account;Secondary Income;Personal remittances;33,30969584;USD million
01/07/85;ZWE;Zimbabwe;Monthly;Current Account;Secondary Income;Personal remittances;32,89726547;USD million
01/08/85;ZWE;Zimbabwe;Monthly;Current Account;Secondary Income;Personal remittances;38,86919542;USD million
01/09/85;ZWE;Zimbabwe;Monthly;Current Account;Secondary Income;Personal remittances;35,53132634;USD million
01/10/85;ZWE;Zimbabwe;Monthly;Current Account;Secondary Income;Personal remittances;43,02461932;USD million
01/11/85;ZWE;Zimbabwe;Monthly;Current Account;Secondary Income;Personal remittances;28,59993596;USD million
01/12/85;ZWE;Zimbabwe;Monthly;Current Account;Secondary Income;Personal remittances;31,48299854;USD million
01/01/86;ZWE;Zimbabwe;Monthly;Current Account;Secondary Income;Personal remittances;45,3414548;USD million
01/02/86;ZWE;Zimbabwe;Monthly;Current Account;Secondary Income;Personal remittances;35,88741783;USD million
01/03/86;ZWE;Zimbabwe;Monthly;Current Account;Secondary Income;Personal remittances;31,18832383;USD million
01/04/86;ZWE;Zimbabwe;Monthly;Current Account;Secondary Income;Personal remittances;34,81792855;USD million
01/05/86;ZWE;Zimbabwe;Monthly;Current Account;Secondary Income;Personal remittances;31,56963843;USD million
01/06/86;ZWE;Zimbabwe;Monthly;Current Account;Secondary Income;Personal remittances;34,09520348;USD million
01/07/86;ZWE;Zimbabwe;Monthly;Current Account;Secondary Income;Personal remittances;36,33445761;USD million
01/08/86;ZWE;Zimbabwe;Monthly;Current Account;Secondary Income;Personal remittances;38,68795502;USD million
01/09/86;ZWE;Zimbabwe;Monthly;Current Account;Secondary Income;Personal remittances;41,61913746;USD million
01/10/86;ZWE;Zimbabwe;Monthly;Current Account;Secondary Income;Personal remittances;38,72402724;USD million
01/11/86;ZWE;Zimbabwe;Monthly;Current Account;Secondary Income;Personal remittances;35,34974391;USD million
01/12/86;ZWE;Zimbabwe;Monthly;Current Account;Secondary Income;Personal remittances;31,910274;USD million
01/01/87;ZWE;Zimbabwe;Monthly;Current Account;Secondary Income;Personal remittances;28,7451605;USD million
01/02/87;ZWE;Zimbabwe;Monthly;Current Account;Secondary Income;Personal remittances;40,87323952;USD million
01/03/87;ZWE;Zimbabwe;Monthly;Current Account;Secondary Income;Personal remittances;33,78115896;USD million
01/04/87;ZWE;Zimbabwe;Monthly;Current Account;Secondary Income;Personal remittances;54,03860301;USD million
01/05/87;ZWE;Zimbabwe;Monthly;Current Account;Secondary Income;Personal remittances;41,72010709;USD million
01/06/87;ZWE;Zimbabwe;Monthly;Current Account;Secondary Income;Personal remittances;40,67542348;USD million
01/07/87;ZWE;Zimbabwe;Monthly;Current Account;Secondary Income;Personal remittances;35,11861555;USD million
01/08/87;ZWE;Zimbabwe;Monthly;Current Account;Secondary Income;Personal remittances;26,68456153;USD million
01/09/87;ZWE;Zimbabwe;Monthly;Current Account;Secondary Income;Personal remittances;41,53338273;USD million
01/10/87;ZWE;Zimbabwe;Monthly;Current Account;Secondary Income;Personal remittances;42,54031897;USD million
01/11/87;ZWE;Zimbabwe;Monthly;Current Account;Secondary Income;Personal remittances;34,19369704;USD million
01/12/87;ZWE;Zimbabwe;Monthly;Current Account;Secondary Income;Personal remittances;36,27426218;USD million
01/01/88;ZWE;Zimbabwe;Monthly;Current Account;Secondary Income;Personal remittances;28,75924092;USD million
01/02/88;ZWE;Zimbabwe;Monthly;Current Account;Secondary Income;Personal remittances;37,3314126;USD million
01/03/88;ZWE;Zimbabwe;Monthly;Current Account;Secondary Income;Personal remittances;39,49339816;USD million
01/04/88;ZWE;Zimbabwe;Monthly;Current Account;Secondary Income;Personal remittances;34,31091689;USD million
01/05/88;ZWE;Zimbabwe;Monthly;Current Account;Secondary Income;Personal remittances;32,34244172;USD million
01/06/88;ZWE;Zimbabwe;Monthly;Current Account;Secondary Income;Personal remittances;35,08141318;USD million
01/07/88;ZWE;Zimbabwe;Monthly;Current Account;Secondary Income;Personal remittances;36,84812095;USD million
01/08/88;ZWE;Zimbabwe;Monthly;Current Account;Secondary Income;Personal remittances;35,08134254;USD million
01/09/88;ZWE;Zimbabwe;Monthly;Current Account;Secondary Income;Personal remittances;35,45930883;USD million
01/10/88;ZWE;Zimbabwe;Monthly;Current Account;Secondary Income;Personal remittances;46,6426311;USD million
01/11/88;ZWE;Zimbabwe;Monthly;Current Account;Secondary Income;Personal remittances;32,71155121;USD million
01/12/88;ZWE;Zimbabwe;Monthly;Current Account;Secondary Income;Personal remittances;37,82688968;USD million
01/01/89;ZWE;Zimbabwe;Monthly;Current Account;Secondary Income;Personal remittances;34,78933227;USD million
01/02/89;ZWE;Zimbabwe;Monthly;Current Account;Secondary Income;Personal remittances;37,84653508;USD million
01/03/89;ZWE;Zimbabwe;Monthly;Current Account;Secondary Income;Personal remittances;36,18972598;USD million
01/04/89;ZWE;Zimbabwe;Monthly;Current Account;Secondary Income;Personal remittances;41,70442844;USD million
01/05/89;ZWE;Zimbabwe;Monthly;Current Account;Secondary Income;Personal remittances;34,48011952;USD million
01/06/89;ZWE;Zimbabwe;Monthly;Current Account;Secondary Income;Personal remittances;34,59844717;USD million
01/07/89;ZWE;Zimbabwe;Monthly;Current Account;Secondary Income;Personal remittances;33,37231618;USD million
01/08/89;ZWE;Zimbabwe;Monthly;Current Account;Secondary Income;Personal remittances;36,34183124;USD million
01/09/89;ZWE;Zimbabwe;Monthly;Current Account;Secondary Income;Personal remittances;29,48482332;USD million
01/10/89;ZWE;Zimbabwe;Monthly;Current Account;Secondary Income;Personal remittances;50,39206423;USD million
01/11/89;ZWE;Zimbabwe;Monthly;Current Account;Secondary Income;Personal remittances;47,22434913;USD million
01/12/89;ZWE;Zimbabwe;Monthly;Current Account;Secondary Income;Personal remittances;41,36591792;USD million
01/01/90;ZWE;Zimbabwe;Monthly;Current Account;Secondary Income;Personal remittances;43,12337059;USD million
01/02/90;ZWE;Zimbabwe;Monthly;Current Account;Secondary Income;Personal remittances;39,71704049;USD million
01/03/90;ZWE;Zimbabwe;Monthly;Current Account;Secondary Income;Personal remittances;47,24959196;USD million
01/04/90;ZWE;Zimbabwe;Monthly;Current Account;Secondary Income;Personal remittances;37,94584883;USD million
01/05/90;ZWE;Zimbabwe;Monthly;Current Account;Secondary Income;Personal remittances;36,31680843;USD million
01/06/90;ZWE;Zimbabwe;Monthly;Current Account;Secondary Income;Personal remittances;36,34683085;USD million
01/07/90;ZWE;Zimbabwe;Monthly;Current Account;Secondary Income;Personal remittances;40,51355881;USD million
01/08/90;ZWE;Zimbabwe;Monthly;Current Account;Secondary Income;Personal remittances;42,49956812;USD million
01/09/90;ZWE;Zimbabwe;Monthly;Current Account;Secondary Income;Personal remittances;30,61413663;USD million
01/10/90;ZWE;Zimbabwe;Monthly;Current Account;Secondary Income;Personal remittances;47,09997597;USD million
01/11/90;ZWE;Zimbabwe;Monthly;Current Account;Secondary Income;Personal remittances;31,61909588;USD million
01/12/90;ZWE;Zimbabwe;Monthly;Current Account;Secondary Income;Personal remittances;45,07020544;USD million
01/01/91;ZWE;Zimbabwe;Monthly;Current Account;Secondary Income;Personal remittances;34,42434637;USD million
01/02/91;ZWE;Zimbabwe;Monthly;Current Account;Secondary Income;Personal remittances;39,3756474;USD million
01/03/91;ZWE;Zimbabwe;Monthly;Current Account;Secondary Income;Personal remittances;50,27728431;USD million
01/04/91;ZWE;Zimbabwe;Monthly;Current Account;Secondary Income;Personal remittances;41,78528969;USD million
01/05/91;ZWE;Zimbabwe;Monthly;Current Account;Secondary Income;Personal remittances;49,1448979;USD million
01/06/91;ZWE;Zimbabwe;Monthly;Current Account;Secondary Income;Personal remittances;35,30951209;USD million
01/07/91;ZWE;Zimbabwe;Monthly;Current Account;Secondary Income;Personal remittances;44,24059063;USD million
01/08/91;ZWE;Zimbabwe;Monthly;Current Account;Secondary Income;Personal remittances;55,78727593;USD million
01/09/91;ZWE;Zimbabwe;Monthly;Current Account;Secondary Income;Personal remittances;40,73317882;USD million
01/10/91;ZWE;Zimbabwe;Monthly;Current Account;Secondary Income;Personal remittances;37,72900627;USD million
01/11/91;ZWE;Zimbabwe;Monthly;Current Account;Secondary Income;Personal remittances;43,14632544;USD million
01/12/91;ZWE;Zimbabwe;Monthly;Current Account;Secondary Income;Personal remittances;42,1335156;USD million
01/01/92;ZWE;Zimbabwe;Monthly;Current Account;Secondary Income;Personal remittances;30,04969589;USD million
01/02/92;ZWE;Zimbabwe;Monthly;Current Account;Secondary Income;Personal remittances;52,69239175;USD million
01/03/92;ZWE;Zimbabwe;Monthly;Current Account;Secondary Income;Personal remittances;44,34278559;USD million
01/04/92;ZWE;Zimbabwe;Monthly;Current Account;Secondary Income;Personal remittances;50,11382402;USD million
01/05/92;ZWE;Zimbabwe;Monthly;Current Account;Secondary Income;Personal remittances;49,17720631;USD million
01/06/92;ZWE;Zimbabwe;Monthly;Current Account;Secondary Income;Personal remittances;36,77778876;USD million
01/07/92;ZWE;Zimbabwe;Monthly;Current Account;Secondary Income;Personal remittances;40,9804837;USD million
01/08/92;ZWE;Zimbabwe;Monthly;Current Account;Secondary Income;Personal remittances;37,04301084;USD million
01/09/92;ZWE;Zimbabwe;Monthly;Current Account;Secondary Income;Personal remittances;33,5950006;USD million
01/10/92;ZWE;Zimbabwe;Monthly;Current Account;Secondary Income;Personal remittances;35,13425354;USD million
01/11/92;ZWE;Zimbabwe;Monthly;Current Account;Secondary Income;Personal remittances;33,36303853;USD million
01/12/92;ZWE;Zimbabwe;Monthly;Current Account;Secondary Income;Personal remittances;40,55639748;USD million
01/01/93;ZWE;Zimbabwe;Monthly;Current Account;Secondary Income;Personal remittances;40,2722213;USD million
01/02/93;ZWE;Zimbabwe;Monthly;Current Account;Secondary Income;Personal remittances;35,70111525;USD million
01/03/93;ZWE;Zimbabwe;Monthly;Current Account;Secondary Income;Personal remittances;41,00660839;USD million
01/04/93;ZWE;Zimbabwe;Monthly;Current Account;Secondary Income;Personal remittances;41,29349281;USD million
01/05/93;ZWE;Zimbabwe;Monthly;Current Account;Secondary Income;Personal remittances;35,99833026;USD million
01/06/93;ZWE;Zimbabwe;Monthly;Current Account;Secondary Income;Personal remittances;37,82641982;USD million
01/07/93;ZWE;Zimbabwe;Monthly;Current Account;Secondary Income;Personal remittances;33,29333121;USD million
01/08/93;ZWE;Zimbabwe;Monthly;Current Account;Secondary Income;Personal remittances;39,86331092;USD million
01/09/93;ZWE;Zimbabwe;Monthly;Current Account;Secondary Income;Personal remittances;32,37546886;USD million
01/10/93;ZWE;Zimbabwe;Monthly;Current Account;Secondary Income;Personal remittances;33,41829309;USD million
01/11/93;ZWE;Zimbabwe;Monthly;Current Account;Secondary Income;Personal remittances;36,28068047;USD million
01/12/93;ZWE;Zimbabwe;Monthly;Current Account;Secondary Income;Personal remittances;33,48792453;USD million
01/01/94;ZWE;Zimbabwe;Monthly;Current Account;Secondary Income;Personal remittances;38,00145873;USD million
01/02/94;ZWE;Zimbabwe;Monthly;Current Account;Secondary Income;Personal remittances;33,61472206;USD million
01/03/94;ZWE;Zimbabwe;Monthly;Current Account;Secondary Income;Personal remittances;35,31898056;USD million
01/04/94;ZWE;Zimbabwe;Monthly;Current Account;Secondary Income;Personal remittances;48,88824932;USD million
01/05/94;ZWE;Zimbabwe;Monthly;Current Account;Secondary Income;Personal remittances;30,62214125;USD million
01/06/94;ZWE;Zimbabwe;Monthly;Current Account;Secondary Income;Personal remittances;38,69214359;USD million
01/07/94;ZWE;Zimbabwe;Monthly;Current Account;Secondary Income;Personal remittances;33,39722174;USD million
01/08/94;ZWE;Zimbabwe;Monthly;Current Account;Secondary Income;Personal remittances;33,46723872;USD million
01/09/94;ZWE;Zimbabwe;Monthly;Current Account;Secondary Income;Personal remittances;36,7035462;USD million
01/10/94;ZWE;Zimbabwe;Monthly;Current Account;Secondary Income;Personal remittances;38,57644712;USD million
01/11/94;ZWE;Zimbabwe;Monthly;Current Account;Secondary Income;Personal remittances;35,84437115;USD million
01/12/94;ZWE;Zimbabwe;Monthly;Current Account;Secondary Income;Personal remittances;36,7083053;USD million
01/01/95;ZWE;Zimbabwe;Monthly;Current Account;Secondary Income;Personal remittances;38,67881652;USD million
01/02/95;ZWE;Zimbabwe;Monthly;Current Account;Secondary Income;Personal remittances;43,66499645;USD million
01/03/95;ZWE;Zimbabwe;Monthly;Current Account;Secondary Income;Personal remittances;30,62635795;USD million
01/04/95;ZWE;Zimbabwe;Monthly;Current Account;Secondary Income;Personal remittances;42,36475655;USD million
01/05/95;ZWE;Zimbabwe;Monthly;Current Account;Secondary Income;Personal remittances;46,34279998;USD million
01/06/95;ZWE;Zimbabwe;Monthly;Current Account;Secondary Income;Personal remittances;52,31115862;USD million
01/07/95;ZWE;Zimbabwe;Monthly;Current Account;Secondary Income;Personal remittances;33,16806897;USD million
01/08/95;ZWE;Zimbabwe;Monthly;Current Account;Secondary Income;Personal remittances;41,01138895;USD million
01/09/95;ZWE;Zimbabwe;Monthly;Current Account;Secondary Income;Personal remittances;49,42627492;USD million
01/10/95;ZWE;Zimbabwe;Monthly;Current Account;Secondary Income;Personal remittances;34,20141043;USD million
01/11/95;ZWE;Zimbabwe;Monthly;Current Account;Secondary Income;Personal remittances;39,51277801;USD million
01/12/95;ZWE;Zimbabwe;Monthly;Current Account;Secondary Income;Personal remittances;30,82355804;USD million
01/01/96;ZWE;Zimbabwe;Monthly;Current Account;Secondary Income;Personal remittances;44,81179387;USD million
01/02/96;ZWE;Zimbabwe;Monthly;Current Account;Secondary Income;Personal remittances;42,06662042;USD million
01/03/96;ZWE;Zimbabwe;Monthly;Current Account;Secondary Income;Personal remittances;37,68674666;USD million
01/04/96;ZWE;Zimbabwe;Monthly;Current Account;Secondary Income;Personal remittances;56,88029199;USD million
01/05/96;ZWE;Zimbabwe;Monthly;Current Account;Secondary Income;Personal remittances;43,41503982;USD million
01/06/96;ZWE;Zimbabwe;Monthly;Current Account;Secondary Income;Personal remittances;42,54744471;USD million
01/07/96;ZWE;Zimbabwe;Monthly;Current Account;Secondary Income;Personal remittances;42,78768951;USD million
01/08/96;ZWE;Zimbabwe;Monthly;Current Account;Secondary Income;Personal remittances;44,92298971;USD million
01/09/96;ZWE;Zimbabwe;Monthly;Current Account;Secondary Income;Personal remittances;33,86621235;USD million
01/10/96;ZWE;Zimbabwe;Monthly;Current Account;Secondary Income;Personal remittances;47,56017185;USD million
01/11/96;ZWE;Zimbabwe;Monthly;Current Account;Secondary Income;Personal remittances;45,34626304;USD million
01/12/96;ZWE;Zimbabwe;Monthly;Current Account;Secondary Income;Personal remittances;34,25645896;USD million
01/01/97;ZWE;Zimbabwe;Monthly;Current Account;Secondary Income;Personal remittances;42,54104533;USD million
01/02/97;ZWE;Zimbabwe;Monthly;Current Account;Secondary Income;Personal remittances;36,60573276;USD million
01/03/97;ZWE;Zimbabwe;Monthly;Current Account;Secondary Income;Personal remittances;38,20341656;USD million
01/04/97;ZWE;Zimbabwe;Monthly;Current Account;Secondary Income;Personal remittances;46,23864213;USD million
01/05/97;ZWE;Zimbabwe;Monthly;Current Account;Secondary Income;Personal remittances;45,33833019;USD million
01/06/97;ZWE;Zimbabwe;Monthly;Current Account;Secondary Income;Personal remittances;41,34698284;USD million
01/07/97;ZWE;Zimbabwe;Monthly;Current Account;Secondary Income;Personal remittances;42,42631381;USD million
01/08/97;ZWE;Zimbabwe;Monthly;Current Account;Secondary Income;Personal remittances;39,6054334;USD million
01/09/97;ZWE;Zimbabwe;Monthly;Current Account;Secondary Income;Personal remittances;32,57109035;USD million
01/10/97;ZWE;Zimbabwe;Monthly;Current Account;Secondary Income;Personal remittances;42,26902294;USD million
01/11/97;ZWE;Zimbabwe;Monthly;Current Account;Secondary Income;Personal remittances;39,19524556;USD million
01/12/97;ZWE;Zimbabwe;Monthly;Current Account;Secondary Income;Personal remittances;31,62549215;USD million
01/01/98;ZWE;Zimbabwe;Monthly;Current Account;Secondary Income;Personal remittances;40,85392069;USD million
01/02/98;ZWE;Zimbabwe;Monthly;Current Account;Secondary Income;Personal remittances;43,62001418;USD million
01/03/98;ZWE;Zimbabwe;Monthly;Current Account;Secondary Income;Personal remittances;37,51770751;USD million
01/04/98;ZWE;Zimbabwe;Monthly;Current Account;Secondary Income;Personal remittances;44,98941982;USD million
01/05/98;ZWE;Zimbabwe;Monthly;Current Account;Secondary Income;Personal remittances;36,65335117;USD million
01/06/98;ZWE;Zimbabwe;Monthly;Current Account;Secondary Income;Personal remittances;38,31947125;USD million
01/07/98;ZWE;Zimbabwe;Monthly;Current Account;Secondary Income;Personal remittances;52,69403107;USD million
01/08/98;ZWE;Zimbabwe;Monthly;Current Account;Secondary Income;Personal remittances;29,84373602;USD million
01/09/98;ZWE;Zimbabwe;Monthly;Current Account;Secondary Income;Personal remittances;36,21121727;USD million
01/10/98;ZWE;Zimbabwe;Monthly;Current Account;Secondary Income;Personal remittances;53,92968896;USD million
01/11/98;ZWE;Zimbabwe;Monthly;Current Account;Secondary Income;Personal remittances;38,81874075;USD million
01/12/98;ZWE;Zimbabwe;Monthly;Current Account;Secondary Income;Personal remittances;41,49069926;USD million
01/01/99;ZWE;Zimbabwe;Monthly;Current Account;Secondary Income;Personal remittances;33,4820695;USD million
01/02/99;ZWE;Zimbabwe;Monthly;Current Account;Secondary Income;Personal remittances;39,90127173;USD million
01/03/99;ZWE;Zimbabwe;Monthly;Current Account;Secondary Income;Personal remittances;32,68661494;USD million
01/04/99;ZWE;Zimbabwe;Monthly;Current Account;Secondary Income;Personal remittances;32,04837102;USD million
01/05/99;ZWE;Zimbabwe;Monthly;Current Account;Secondary Income;Personal remittances;43,00064492;USD million
01/06/99;ZWE;Zimbabwe;Monthly;Current Account;Secondary Income;Personal remittances;32,36398686;USD million
01/07/99;ZWE;Zimbabwe;Monthly;Current Account;Secondary Income;Personal remittances;40,44282335;USD million
01/08/99;ZWE;Zimbabwe;Monthly;Current Account;Secondary Income;Personal remittances;39,39742906;USD million
01/09/99;ZWE;Zimbabwe;Monthly;Current Account;Secondary Income;Personal remittances;37,4429712;USD million
01/10/99;ZWE;Zimbabwe;Monthly;Current Account;Secondary Income;Personal remittances;39,34651123;USD million
01/11/99;ZWE;Zimbabwe;Monthly;Current Account;Secondary Income;Personal remittances;35,35773339;USD million
01/12/99;ZWE;Zimbabwe;Monthly;Current Account;Secondary Income;Personal remittances;45,18460247;USD million
01/01/00;ZWE;Zimbabwe;Monthly;Current Account;Secondary Income;Personal remittances;28,42417483;USD million
01/02/00;ZWE;Zimbabwe;Monthly;Current Account;Secondary Income;Personal remittances;36,34245712;USD million
01/03/00;ZWE;Zimbabwe;Monthly;Current Account;Secondary Income;Personal remittances;37,57623607;USD million
01/04/00;ZWE;Zimbabwe;Monthly;Current Account;Secondary Income;Personal remittances;55,91500675;USD million
01/05/00;ZWE;Zimbabwe;Monthly;Current Account;Secondary Income;Personal remittances;36,8917287;USD million
01/06/00;ZWE;Zimbabwe;Monthly;Current Account;Secondary Income;Personal remittances;43,3290734;USD million
01/07/00;ZWE;Zimbabwe;Monthly;Current Account;Secondary Income;Personal remittances;37,1969526;USD million
01/08/00;ZWE;Zimbabwe;Monthly;Current Account;Secondary Income;Personal remittances;41,5367092;USD million
01/09/00;ZWE;Zimbabwe;Monthly;Current Account;Secondary Income;Personal remittances;44,51113476;USD million
01/10/00;ZWE;Zimbabwe;Monthly;Current Account;Secondary Income;Personal remittances;42,12343797;USD million
01/11/00;ZWE;Zimbabwe;Monthly;Current Account;Secondary Income;Personal remittances;29,7326332;USD million
01/12/00;ZWE;Zimbabwe;Monthly;Current Account;Secondary Income;Personal remittances;51,25461163;USD million
01/01/01;ZWE;Zimbabwe;Monthly;Current Account;Secondary Income;Personal remittances;36,13579812;USD million
01/02/01;ZWE;Zimbabwe;Monthly;Current Account;Secondary Income;Personal remittances;33,00157169;USD million
01/03/01;ZWE;Zimbabwe;Monthly;Current Account;Secondary Income;Personal remittances;40,89359869;USD million
01/04/01;ZWE;Zimbabwe;Monthly;Current Account;Secondary Income;Personal remittances;40,92659233;USD million
01/05/01;ZWE;Zimbabwe;Monthly;Current Account;Secondary Income;Personal remittances;41,70171463;USD million
01/06/01;ZWE;Zimbabwe;Monthly;Current Account;Secondary Income;Personal remittances;45,81319661;USD million
01/07/01;ZWE;Zimbabwe;Monthly;Current Account;Secondary Income;Personal remittances;35,67631859;USD million
01/08/01;ZWE;Zimbabwe;Monthly;Current Account;Secondary Income;Personal remittances;28,57174008;USD million
01/09/01;ZWE;Zimbabwe;Monthly;Current Account;Secondary Income;Personal remittances;46,05590177;USD million
01/10/01;ZWE;Zimbabwe;Monthly;Current Account;Secondary Income;Personal remittances;41,88777289;USD million
01/11/01;ZWE;Zimbabwe;Monthly;Current Account;Secondary Income;Personal remittances;42,90960082;USD million
01/12/01;ZWE;Zimbabwe;Monthly;Current Account;Secondary Income;Personal remittances;45,48001375;USD million
01/01/02;ZWE;Zimbabwe;Monthly;Current Account;Secondary Income;Personal remittances;42,42734247;USD million
01/02/02;ZWE;Zimbabwe;Monthly;Current Account;Secondary Income;Personal remittances;36,40638316;USD million
01/03/02;ZWE;Zimbabwe;Monthly;Current Account;Secondary Income;Personal remittances;39,26749919;USD million
01/04/02;ZWE;Zimbabwe;Monthly;Current Account;Secondary Income;Personal remittances;43,61105777;USD million
01/05/02;ZWE;Zimbabwe;Monthly;Current Account;Secondary Income;Personal remittances;39,74716748;USD million
01/06/02;ZWE;Zimbabwe;Monthly;Current Account;Secondary Income;Personal remittances;53,17563506;USD million
01/07/02;ZWE;Zimbabwe;Monthly;Current Account;Secondary Income;Personal remittances;45,45564905;USD million
01/08/02;ZWE;Zimbabwe;Monthly;Current Account;Secondary Income;Personal remittances;47,17574719;USD million
01/09/02;ZWE;Zimbabwe;Monthly;Current Account;Secondary Income;Personal remittances;46,14525345;USD million
01/10/02;ZWE;Zimbabwe;Monthly;Current Account;Secondary Income;Personal remittances;39,26424296;USD million
01/11/02;ZWE;Zimbabwe;Monthly;Current Account;Secondary Income;Personal remittances;58,17092341;USD million
01/12/02;ZWE;Zimbabwe;Monthly;Current Account;Secondary Income;Personal remittances;47,15498116;USD million
01/01/03;ZWE;Zimbabwe;Monthly;Current Account;Secondary Income;Personal remittances;54,19857708;USD million
01/02/03;ZWE;Zimbabwe;Monthly;Current Account;Secondary Income;Personal remittances;44,42239054;USD million
01/03/03;ZWE;Zimbabwe;Monthly;Current Account;Secondary Income;Personal remittances;45,68825457;USD million
01/04/03;ZWE;Zimbabwe;Monthly;Current Account;Secondary Income;Personal remittances;42,24520138;USD million
01/05/03;ZWE;Zimbabwe;Monthly;Current Account;Secondary Income;Personal remittances;36,88358914;USD million
01/06/03;ZWE;Zimbabwe;Monthly;Current Account;Secondary Income;Personal remittances;54,46397479;USD million
01/07/03;ZWE;Zimbabwe;Monthly;Current Account;Secondary Income;Personal remittances;48,17408239;USD million
01/08/03;ZWE;Zimbabwe;Monthly;Current Account;Secondary Income;Personal remittances;48,86834815;USD million
01/09/03;ZWE;Zimbabwe;Monthly;Current Account;Secondary Income;Personal remittances;45,07914921;USD million
01/10/03;ZWE;Zimbabwe;Monthly;Current Account;Secondary Income;Personal remittances;38,39583942;USD million
01/11/03;ZWE;Zimbabwe;Monthly;Current Account;Secondary Income;Personal remittances;40,87708095;USD million
01/12/03;ZWE;Zimbabwe;Monthly;Current Account;Secondary Income;Personal remittances;44,01289462;USD million
01/01/04;ZWE;Zimbabwe;Monthly;Current Account;Secondary Income;Personal remittances;39,8644158;USD million
01/02/04;ZWE;Zimbabwe;Monthly;Current Account;Secondary Income;Personal remittances;35,69924635;USD million
01/03/04;ZWE;Zimbabwe;Monthly;Current Account;Secondary Income;Personal remittances;48,17500337;USD million
01/04/04;ZWE;Zimbabwe;Monthly;Current Account;Secondary Income;Personal remittances;55,48649144;USD million
01/05/04;ZWE;Zimbabwe;Monthly;Current Account;Secondary Income;Personal remittances;40,5781825;USD million
01/06/04;ZWE;Zimbabwe;Monthly;Current Account;Secondary Income;Personal remittances;43,64654255;USD million
01/07/04;ZWE;Zimbabwe;Monthly;Current Account;Secondary Income;Personal remittances;56,05349243;USD million
01/08/04;ZWE;Zimbabwe;Monthly;Current Account;Secondary Income;Personal remittances;57,36239657;USD million
01/09/04;ZWE;Zimbabwe;Monthly;Current Account;Secondary Income;Personal remittances;40,44525627;USD million
01/10/04;ZWE;Zimbabwe;Monthly;Current Account;Secondary Income;Personal remittances;51,68284786;USD million
01/11/04;ZWE;Zimbabwe;Monthly;Current Account;Secondary Income;Personal remittances;50,30562129;USD million
01/12/04;ZWE;Zimbabwe;Monthly;Current Account;Secondary Income;Personal remittances;40,67945226;USD million
01/01/05;ZWE;Zimbabwe;Monthly;Current Account;Secondary Income;Personal remittances;30,85833077;USD million
01/02/05;ZWE;Zimbabwe;Monthly;Current Account;Secondary Income;Personal remittances;41,78814096;USD million
01/03/05;ZWE;Zimbabwe;Monthly;Current Account;Secondary Income;Personal remittances;27,59592866;USD million
01/04/05;ZWE;Zimbabwe;Monthly;Current Account;Secondary Income;Personal remittances;49,5435685;USD million
01/05/05;ZWE;Zimbabwe;Monthly;Current Account;Secondary Income;Personal remittances;39,30506223;USD million
01/06/05;ZWE;Zimbabwe;Monthly;Current Account;Secondary Income;Personal remittances;50,03233681;USD million
01/07/05;ZWE;Zimbabwe;Monthly;Current Account;Secondary Income;Personal remittances;49,68199178;USD million
01/08/05;ZWE;Zimbabwe;Monthly;Current Account;Secondary Income;Personal remittances;43,04502495;USD million
01/09/05;ZWE;Zimbabwe;Monthly;Current Account;Secondary Income;Personal remittances;39,64722003;USD million
01/10/05;ZWE;Zimbabwe;Monthly;Current Account;Secondary Income;Personal remittances;50,31849543;USD million
01/11/05;ZWE;Zimbabwe;Monthly;Current Account;Secondary Income;Personal remittances;43,23916529;USD million
01/12/05;ZWE;Zimbabwe;Monthly;Current Account;Secondary Income;Personal remittances;45,23596121;USD million
01/01/06;ZWE;Zimbabwe;Monthly;Current Account;Secondary Income;Personal remittances;41,83353006;USD million
01/02/06;ZWE;Zimbabwe;Monthly;Current Account;Secondary Income;Personal remittances;42,40511162;USD million
01/03/06;ZWE;Zimbabwe;Monthly;Current Account;Secondary Income;Personal remittances;62,74323357;USD million
01/04/06;ZWE;Zimbabwe;Monthly;Current Account;Secondary Income;Personal remittances;51,76444455;USD million
01/05/06;ZWE;Zimbabwe;Monthly;Current Account;Secondary Income;Personal remittances;46,23006687;USD million
01/06/06;ZWE;Zimbabwe;Monthly;Current Account;Secondary Income;Personal remittances;37,45586509;USD million
01/07/06;ZWE;Zimbabwe;Monthly;Current Account;Secondary Income;Personal remittances;40,0795097;USD million
01/08/06;ZWE;Zimbabwe;Monthly;Current Account;Secondary Income;Personal remittances;33,47532338;USD million
01/09/06;ZWE;Zimbabwe;Monthly;Current Account;Secondary Income;Personal remittances;37,46741145;USD million
01/10/06;ZWE;Zimbabwe;Monthly;Current Account;Secondary Income;Personal remittances;39,35765974;USD million
01/11/06;ZWE;Zimbabwe;Monthly;Current Account;Secondary Income;Personal remittances;40,59871754;USD million
01/12/06;ZWE;Zimbabwe;Monthly;Current Account;Secondary Income;Personal remittances;49,98605294;USD million
01/01/07;ZWE;Zimbabwe;Monthly;Current Account;Secondary Income;Personal remittances;44,42334348;USD million
01/02/07;ZWE;Zimbabwe;Monthly;Current Account;Secondary Income;Personal remittances;42,39546056;USD million
01/03/07;ZWE;Zimbabwe;Monthly;Current Account;Secondary Income;Personal remittances;47,31289712;USD million
01/04/07;ZWE;Zimbabwe;Monthly;Current Account;Secondary Income;Personal remittances;40,2614251;USD million
01/05/07;ZWE;Zimbabwe;Monthly;Current Account;Secondary Income;Personal remittances;44,46845246;USD million
01/06/07;ZWE;Zimbabwe;Monthly;Current Account;Secondary Income;Personal remittances;41,79154837;USD million
01/07/07;ZWE;Zimbabwe;Monthly;Current Account;Secondary Income;Personal remittances;46,108146;USD million
01/08/07;ZWE;Zimbabwe;Monthly;Current Account;Secondary Income;Personal remittances;37,52735934;USD million
01/09/07;ZWE;Zimbabwe;Monthly;Current Account;Secondary Income;Personal remittances;41,76814334;USD million
01/10/07;ZWE;Zimbabwe;Monthly;Current Account;Secondary Income;Personal remittances;43,52720073;USD million
01/11/07;ZWE;Zimbabwe;Monthly;Current Account;Secondary Income;Personal remittances;50,11234529;USD million
01/12/07;ZWE;Zimbabwe;Monthly;Current Account;Secondary Income;Personal remittances;40,32858078;USD million
01/01/08;ZWE;Zimbabwe;Monthly;Current Account;Secondary Income;Personal remittances;44,5449811;USD million
01/02/08;ZWE;Zimbabwe;Monthly;Current Account;Secondary Income;Personal remittances;37,51998759;USD million
01/03/08;ZWE;Zimbabwe;Monthly;Current Account;Secondary Income;Personal remittances;44,27776915;USD million
01/04/08;ZWE;Zimbabwe;Monthly;Current Account;Secondary Income;Personal remittances;39,10247922;USD million
01/05/08;ZWE;Zimbabwe;Monthly;Current Account;Secondary Income;Personal remittances;38,75153892;USD million
01/06/08;ZWE;Zimbabwe;Monthly;Current Account;Secondary Income;Personal remittances;44,94522585;USD million
01/07/08;ZWE;Zimbabwe;Monthly;Current Account;Secondary Income;Personal remittances;48,91486603;USD million
01/08/08;ZWE;Zimbabwe;Monthly;Current Account;Secondary Income;Personal remittances;49,8545704;USD million
01/09/08;ZWE;Zimbabwe;Monthly;Current Account;Secondary Income;Personal remittances;27,95218108;USD million
01/10/08;ZWE;Zimbabwe;Monthly;Current Account;Secondary Income;Personal remittances;44,22953689;USD million
01/11/08;ZWE;Zimbabwe;Monthly;Current Account;Secondary Income;Personal remittances;41,954456;USD million
01/12/08;ZWE;Zimbabwe;Monthly;Current Account;Secondary Income;Personal remittances;39,21106174;USD million
01/01/09;ZWE;Zimbabwe;Monthly;Current Account;Secondary Income;Personal remittances;50,2869945;USD million
01/02/09;ZWE;Zimbabwe;Monthly;Current Account;Secondary Income;Personal remittances;48,14421042;USD million
01/03/09;ZWE;Zimbabwe;Monthly;Current Account;Secondary Income;Personal remittances;52,87223266;USD million
01/04/09;ZWE;Zimbabwe;Monthly;Current Account;Secondary Income;Personal remittances;48,78525234;USD million
01/05/09;ZWE;Zimbabwe;Monthly;Current Account;Secondary Income;Personal remittances;46,14282385;USD million
01/06/09;ZWE;Zimbabwe;Monthly;Current Account;Secondary Income;Personal remittances;34,44832216;USD million
01/07/09;ZWE;Zimbabwe;Monthly;Current Account;Secondary Income;Personal remittances;60,87760618;USD million
01/08/09;ZWE;Zimbabwe;Monthly;Current Account;Secondary Income;Personal remittances;39,24128113;USD million
01/09/09;ZWE;Zimbabwe;Monthly;Current Account;Secondary Income;Personal remittances;42,27026863;USD million
01/10/09;ZWE;Zimbabwe;Monthly;Current Account;Secondary Income;Personal remittances;47,17258712;USD million
01/11/09;ZWE;Zimbabwe;Monthly;Current Account;Secondary Income;Personal remittances;37,22823905;USD million
01/12/09;ZWE;Zimbabwe;Monthly;Current Account;Secondary Income;Personal remittances;42,89928289;USD million
01/01/10;ZWE;Zimbabwe;Monthly;Current Account;Secondary Income;Personal remittances;46,25701031;USD million
01/02/10;ZWE;Zimbabwe;Monthly;Current Account;Secondary Income;Personal remittances;44,99569206;USD million
01/03/10;ZWE;Zimbabwe;Monthly;Current Account;Secondary Income;Personal remittances;37,62353614;USD million
01/04/10;ZWE;Zimbabwe;Monthly;Current Account;Secondary Income;Personal remittances;46,68503223;USD million
01/05/10;ZWE;Zimbabwe;Monthly;Current Account;Secondary Income;Personal remittances;35,28095618;USD million
01/06/10;ZWE;Zimbabwe;Monthly;Current Account;Secondary Income;Personal remittances;35,99147389;USD million
01/07/10;ZWE;Zimbabwe;Monthly;Current Account;Secondary Income;Personal remittances;45,63206673;USD million
01/08/10;ZWE;Zimbabwe;Monthly;Current Account;Secondary Income;Personal remittances;53,79345731;USD million
01/09/10;ZWE;Zimbabwe;Monthly;Current Account;Secondary Income;Personal remittances;44,07053208;USD million
01/10/10;ZWE;Zimbabwe;Monthly;Current Account;Secondary Income;Personal remittances;33,92644742;USD million
01/11/10;ZWE;Zimbabwe;Monthly;Current Account;Secondary Income;Personal remittances;43,86918862;USD million
01/12/10;ZWE;Zimbabwe;Monthly;Current Account;Secondary Income;Personal remittances;56,95928509;USD million
01/01/11;ZWE;Zimbabwe;Monthly;Current Account;Secondary Income;Personal remittances;57,99048724;USD million
01/02/11;ZWE;Zimbabwe;Monthly;Current Account;Secondary Income;Personal remittances;49,08063372;USD million
01/03/11;ZWE;Zimbabwe;Monthly;Current Account;Secondary Income;Personal remittances;69,39423214;USD million
01/04/11;ZWE;Zimbabwe;Monthly;Current Account;Secondary Income;Personal remittances;43,26429467;USD million
01/05/11;ZWE;Zimbabwe;Monthly;Current Account;Secondary Income;Personal remittances;45,17093171;USD million
01/06/11;ZWE;Zimbabwe;Monthly;Current Account;Secondary Income;Personal remittances;51,37796124;USD million
01/07/11;ZWE;Zimbabwe;Monthly;Current Account;Secondary Income;Personal remittances;61,37327482;USD million
01/08/11;ZWE;Zimbabwe;Monthly;Current Account;Secondary Income;Personal remittances;48,51891737;USD million
01/09/11;ZWE;Zimbabwe;Monthly;Current Account;Secondary Income;Personal remittances;37,70687209;USD million
01/10/11;ZWE;Zimbabwe;Monthly;Current Account;Secondary Income;Personal remittances;31,75629878;USD million
01/11/11;ZWE;Zimbabwe;Monthly;Current Account;Secondary Income;Personal remittances;50,33101353;USD million
01/12/11;ZWE;Zimbabwe;Monthly;Current Account;Secondary Income;Personal remittances;44,89814023;USD million
01/01/12;ZWE;Zimbabwe;Monthly;Current Account;Secondary Income;Personal remittances;60,66635309;USD million
01/02/12;ZWE;Zimbabwe;Monthly;Current Account;Secondary Income;Personal remittances;54,07511927;USD million
01/03/12;ZWE;Zimbabwe;Monthly;Current Account;Secondary Income;Personal remittances;39,42952647;USD million
01/04/12;ZWE;Zimbabwe;Monthly;Current Account;Secondary Income;Personal remittances;75,86459106;USD million
01/05/12;ZWE;Zimbabwe;Monthly;Current Account;Secondary Income;Personal remittances;51,00309304;USD million
01/06/12;ZWE;Zimbabwe;Monthly;Current Account;Secondary Income;Personal remittances;64,99200996;USD million
01/07/12;ZWE;Zimbabwe;Monthly;Current Account;Secondary Income;Personal remittances;47,48145185;USD million
01/08/12;ZWE;Zimbabwe;Monthly;Current Account;Secondary Income;Personal remittances;55,66582451;USD million
01/09/12;ZWE;Zimbabwe;Monthly;Current Account;Secondary Income;Personal remittances;56,1358521;USD million
01/10/12;ZWE;Zimbabwe;Monthly;Current Account;Secondary Income;Personal remittances;56,52560791;USD million
01/11/12;ZWE;Zimbabwe;Monthly;Current Account;Secondary Income;Personal remittances;54,58802524;USD million
01/12/12;ZWE;Zimbabwe;Monthly;Current Account;Secondary Income;Personal remittances;70,37753728;USD million
01/01/13;ZWE;Zimbabwe;Monthly;Current Account;Secondary Income;Personal remittances;54,16969449;USD million
01/02/13;ZWE;Zimbabwe;Monthly;Current Account;Secondary Income;Personal remittances;73,82273304;USD million
01/03/13;ZWE;Zimbabwe;Monthly;Current Account;Secondary Income;Personal remittances;47,02955425;USD million
01/04/13;ZWE;Zimbabwe;Monthly;Current Account;Secondary Income;Personal remittances;54,71232925;USD million
01/05/13;ZWE;Zimbabwe;Monthly;Current Account;Secondary Income;Personal remittances;50,61972856;USD million
01/06/13;ZWE;Zimbabwe;Monthly;Current Account;Secondary Income;Personal remittances;61,19291903;USD million
01/07/13;ZWE;Zimbabwe;Monthly;Current Account;Secondary Income;Personal remittances;46,83907528;USD million
01/08/13;ZWE;Zimbabwe;Monthly;Current Account;Secondary Income;Personal remittances;38,40206424;USD million
01/09/13;ZWE;Zimbabwe;Monthly;Current Account;Secondary Income;Personal remittances;40,45883187;USD million
01/10/13;ZWE;Zimbabwe;Monthly;Current Account;Secondary Income;Personal remittances;46,27452333;USD million
01/11/13;ZWE;Zimbabwe;Monthly;Current Account;Secondary Income;Personal remittances;51,95766154;USD million
01/12/13;ZWE;Zimbabwe;Monthly;Current Account;Secondary Income;Personal remittances;50,12282393;USD million
01/01/14;ZWE;Zimbabwe;Monthly;Current Account;Secondary Income;Personal remittances;49,15927195;USD million
01/02/14;ZWE;Zimbabwe;Monthly;Current Account;Secondary Income;Personal remittances;52,59596396;USD million
01/03/14;ZWE;Zimbabwe;Monthly;Current Account;Secondary Income;Personal remittances;57,93448211;USD million
01/04/14;ZWE;Zimbabwe;Monthly;Current Account;Secondary Income;Personal remittances;44,76818742;USD million
01/05/14;ZWE;Zimbabwe;Monthly;Current Account;Secondary Income;Personal remittances;43,52670258;USD million
01/06/14;ZWE;Zimbabwe;Monthly;Current Account;Secondary Income;Personal remittances;47,0080123;USD million
01/07/14;ZWE;Zimbabwe;Monthly;Current Account;Secondary Income;Personal remittances;53,42127367;USD million
01/08/14;ZWE;Zimbabwe;Monthly;Current Account;Secondary Income;Personal remittances;44,42523758;USD million
01/09/14;ZWE;Zimbabwe;Monthly;Current Account;Secondary Income;Personal remittances;48,39289137;USD million
01/10/14;ZWE;Zimbabwe;Monthly;Current Account;Secondary Income;Personal remittances;56,20408022;USD million
01/11/14;ZWE;Zimbabwe;Monthly;Current Account;Secondary Income;Personal remittances;53,87484576;USD million
01/12/14;ZWE;Zimbabwe;Monthly;Current Account;Secondary Income;Personal remittances;42,66795822;USD million
01/01/15;ZWE;Zimbabwe;Monthly;Current Account;Secondary Income;Personal remittances;48,60841795;USD million
01/02/15;ZWE;Zimbabwe;Monthly;Current Account;Secondary Income;Personal remittances;49,57319337;USD million
01/03/15;ZWE;Zimbabwe;Monthly;Current Account;Secondary Income;Personal remittances;52,46824837;USD million
01/04/15;ZWE;Zimbabwe;Monthly;Current Account;Secondary Income;Personal remittances;41,14833782;USD million
01/05/15;ZWE;Zimbabwe;Monthly;Current Account;Secondary Income;Personal remittances;50,38174992;USD million
01/06/15;ZWE;Zimbabwe;Monthly;Current Account;Secondary Income;Personal remittances;56,23529825;USD million
01/07/15;ZWE;Zimbabwe;Monthly;Current Account;Secondary Income;Personal remittances;47,39851369;USD million
01/08/15;ZWE;Zimbabwe;Monthly;Current Account;Secondary Income;Personal remittances;55,47075563;USD million
01/09/15;ZWE;Zimbabwe;Monthly;Current Account;Secondary Income;Personal remittances;56,30196711;USD million
01/10/15;ZWE;Zimbabwe;Monthly;Current Account;Secondary Income;Personal remittances;49,10926458;USD million
01/11/15;ZWE;Zimbabwe;Monthly;Current Account;Secondary Income;Personal remittances;61,40475741;USD million
01/12/15;ZWE;Zimbabwe;Monthly;Current Account;Secondary Income;Personal remittances;70,64164139;USD million
01/01/16;ZWE;Zimbabwe;Monthly;Current Account;Secondary Income;Personal remittances;54,15164921;USD million
01/02/16;ZWE;Zimbabwe;Monthly;Current Account;Secondary Income;Personal remittances;60,2232497;USD million
01/03/16;ZWE;Zimbabwe;Monthly;Current Account;Secondary Income;Personal remittances;64,50118927;USD million
01/04/16;ZWE;Zimbabwe;Monthly;Current Account;Secondary Income;Personal remittances;45,46771757;USD million
01/05/16;ZWE;Zimbabwe;Monthly;Current Account;Secondary Income;Personal remittances;68,02561948;USD million
01/06/16;ZWE;Zimbabwe;Monthly;Current Account;Secondary Income;Personal remittances;54,18262271;USD million
01/07/16;ZWE;Zimbabwe;Monthly;Current Account;Secondary Income;Personal remittances;52,22146218;USD million
01/08/16;ZWE;Zimbabwe;Monthly;Current Account;Secondary Income;Personal remittances;48,94272485;USD million
01/09/16;ZWE;Zimbabwe;Monthly;Current Account;Secondary Income;Personal remittances;40,2214468;USD million
01/10/16;ZWE;Zimbabwe;Monthly;Current Account;Secondary Income;Personal remittances;55,60488572;USD million
01/11/16;ZWE;Zimbabwe;Monthly;Current Account;Secondary Income;Personal remittances;56,90723798;USD million
01/12/16;ZWE;Zimbabwe;Monthly;Current Account;Secondary Income;Personal remittances;57,69816064;USD million
01/01/17;ZWE;Zimbabwe;Monthly;Current Account;Secondary Income;Personal remittances;43,15909004;USD million
01/02/17;ZWE;Zimbabwe;Monthly;Current Account;Secondary Income;Personal remittances;75,07756514;USD million
01/03/17;ZWE;Zimbabwe;Monthly;Current Account;Secondary Income;Personal remittances;54,88557165;USD million
01/04/17;ZWE;Zimbabwe;Monthly;Current Account;Secondary Income;Personal remittances;57,5993549;USD million
01/05/17;ZWE;Zimbabwe;Monthly;Current Account;Secondary Income;Personal remittances;52,45185746;USD million
01/06/17;ZWE;Zimbabwe;Monthly;Current Account;Secondary Income;Personal remittances;64,56924621;USD million
01/07/17;ZWE;Zimbabwe;Monthly;Current Account;Secondary Income;Personal remittances;67,9204399;USD million
01/08/17;ZWE;Zimbabwe;Monthly;Current Account;Secondary Income;Personal remittances;44,50543431;USD million
01/09/17;ZWE;Zimbabwe;Monthly;Current Account;Secondary Income;Personal remittances;54,71689548;USD million
01/10/17;ZWE;Zimbabwe;Monthly;Current Account;Secondary Income;Personal remittances;38,76423116;USD million
01/11/17;ZWE;Zimbabwe;Monthly;Current Account;Secondary Income;Personal remittances;61,07559492;USD million
01/12/17;ZWE;Zimbabwe;Monthly;Current Account;Secondary Income;Personal remittances;67,94183398;USD million
01/01/18;ZWE;Zimbabwe;Monthly;Current Account;Secondary Income;Personal remittances;46,72264955;USD million
01/02/18;ZWE;Zimbabwe;Monthly;Current Account;Secondary Income;Personal remittances;56,70974845;USD million
01/03/18;ZWE;Zimbabwe;Monthly;Current Account;Secondary Income;Personal remittances;50,90526118;USD million
01/04/18;ZWE;Zimbabwe;Monthly;Current Account;Secondary Income;Personal remittances;51,45530058;USD million
01/05/18;ZWE;Zimbabwe;Monthly;Current Account;Secondary Income;Personal remittances;57,2639288;USD million
01/06/18;ZWE;Zimbabwe;Monthly;Current Account;Secondary Income;Personal remittances;63,33080032;USD million
01/07/18;ZWE;Zimbabwe;Monthly;Current Account;Secondary Income;Personal remittances;44,15721603;USD million
01/08/18;ZWE;Zimbabwe;Monthly;Current Account;Secondary Income;Personal remittances;63,13979311;USD million
01/09/18;ZWE;Zimbabwe;Monthly;Current Account;Secondary Income;Personal remittances;46,25502173;USD million
01/10/18;ZWE;Zimbabwe;Monthly;Current Account;Secondary Income;Personal remittances;51,86105335;USD million
01/11/18;ZWE;Zimbabwe;Monthly;Current Account;Secondary Income;Personal remittances;54,71121965;USD million
01/12/18;ZWE;Zimbabwe;Monthly;Current Account;Secondary Income;Personal remittances;55,57146644;USD million
01/01/19;ZWE;Zimbabwe;Monthly;Current Account;Secondary Income;Personal remittances;59,30826279;USD million
01/02/19;ZWE;Zimbabwe;Monthly;Current Account;Secondary Income;Personal remittances;55,43423345;USD million
01/03/19;ZWE;Zimbabwe;Monthly;Current Account;Secondary Income;Personal remittances;52,07368862;USD million
01/04/19;ZWE;Zimbabwe;Monthly;Current Account;Secondary Income;Personal remittances;49,26487634;USD million
01/05/19;ZWE;Zimbabwe;Monthly;Current Account;Secondary Income;Personal remittances;67,69293109;USD million
01/06/19;ZWE;Zimbabwe;Monthly;Current Account;Secondary Income;Personal remittances;47,57806508;USD million
01/07/19;ZWE;Zimbabwe;Monthly;Current Account;Secondary Income;Personal remittances;59,49860844;USD million
01/08/19;ZWE;Zimbabwe;Monthly;Current Account;Secondary Income;Personal remittances;70,73308731;USD million
01/09/19;ZWE;Zimbabwe;Monthly;Current Account;Secondary Income;Personal remittances;59,8019405;USD million
01/10/19;ZWE;Zimbabwe;Monthly;Current Account;Secondary Income;Personal remittances;58,68258374;USD million
01/11/19;ZWE;Zimbabwe;Monthly;Current Account;Secondary Income;Personal remittances;67,15357584;USD million
01/12/19;ZWE;Zimbabwe;Monthly;Current Account;Secondary Income;Personal remittances;50,74821515;USD million
01/01/20;ZWE;Zimbabwe;Monthly;Current Account;Secondary Income;Personal remittances;42,64915317;USD million
01/02/20;ZWE;Zimbabwe;Monthly;Current Account;Secondary Income;Personal remittances;57,03104271;USD million
01/03/20;ZWE;Zimbabwe;Monthly;Current Account;Secondary Income;Personal remittances;55,8020521;USD million
01/04/20;ZWE;Zimbabwe;Monthly;Current Account;Secondary Income;Personal remittances;63,30184385;USD million
01/05/20;ZWE;Zimbabwe;Monthly;Current Account;Secondary Income;Personal remittances;67,9114061;USD million
01/06/20;ZWE;Zimbabwe;Monthly;Current Account;Secondary Income;Personal remittances;66,77266171;USD million
01/07/20;ZWE;Zimbabwe;Monthly;Current Account;Secondary Income;Personal remittances;41,93510155;USD million
01/08/20;ZWE;Zimbabwe;Monthly;Current Account;Secondary Income;Personal remittances;63,1641954;USD million
01/09/20;ZWE;Zimbabwe;Monthly;Current Account;Secondary Income;Personal remittances;57,23702687;USD million
01/10/20;ZWE;Zimbabwe;Monthly;Current Account;Secondary Income;Personal remittances;52,90456083;USD million
01/11/20;ZWE;Zimbabwe;Monthly;Current Account;Secondary Income;Personal remittances;55,95001804;USD million
01/12/20;ZWE;Zimbabwe;Monthly;Current Account;Secondary Income;Personal remittances;50,57589201;USD million
01/01/21;ZWE;Zimbabwe;Monthly;Current Account;Secondary Income;Personal remittances;58,1366512;USD million
01/02/21;ZWE;Zimbabwe;Monthly;Current Account;Secondary Income;Personal remittances;51,02938933;USD million
01/03/21;ZWE;Zimbabwe;Monthly;Current Account;Secondary Income;Personal remittances;53,94729437;USD million
01/04/21;ZWE;Zimbabwe;Monthly;Current Account;Secondary Income;Personal remittances;37,34921204;USD million
01/05/21;ZWE;Zimbabwe;Monthly;Current Account;Secondary Income;Personal remittances;38,47073554;USD million
01/06/21;ZWE;Zimbabwe;Monthly;Current Account;Secondary Income;Personal remittances;60,21910682;USD million
01/07/21;ZWE;Zimbabwe;Monthly;Current Account;Secondary Income;Personal remittances;45,6599199;USD million
01/08/21;ZWE;Zimbabwe;Monthly;Current Account;Secondary Income;Personal remittances;71,93916804;USD million
01/09/21;ZWE;Zimbabwe;Monthly;Current Account;Secondary Income;Personal remittances;53,3678274;USD million
01/10/21;ZWE;Zimbabwe;Monthly;Current Account;Secondary Income;Personal remittances;63,43703269;USD million
01/11/21;ZWE;Zimbabwe;Monthly;Current Account;Secondary Income;Personal remittances;47,39461586;USD million
01/12/21;ZWE;Zimbabwe;Monthly;Current Account;Secondary Income;Personal remittances;65,1258993;USD million
01/01/22;ZWE;Zimbabwe;Monthly;Current Account;Secondary Income;Personal remittances;61,74360528;USD million
01/02/22;ZWE;Zimbabwe;Monthly;Current Account;Secondary Income;Personal remittances;58,58185092;USD million
01/03/22;ZWE;Zimbabwe;Monthly;Current Account;Secondary Income;Personal remittances;48,89627367;USD million
01/04/22;ZWE;Zimbabwe;Monthly;Current Account;Secondary Income;Personal remittances;62,86914698;USD million
01/05/22;ZWE;Zimbabwe;Monthly;Current Account;Secondary Income;Personal remittances;65,36961504;USD million
01/06/22;ZWE;Zimbabwe;Monthly;Current Account;Secondary Income;Personal remittances;52,14024403;USD million
01/07/22;ZWE;Zimbabwe;Monthly;Current Account;Secondary Income;Personal remittances;68,03994103;USD million
01/08/22;ZWE;Zimbabwe;Monthly;Current Account;Secondary Income;Personal remittances;54,33668665;USD million
01/09/22;ZWE;Zimbabwe;Monthly;Current Account;Secondary Income;Personal remittances;62,03931437;USD million
01/10/22;ZWE;Zimbabwe;Monthly;Current Account;Secondary Income;Personal remittances;59,8525604;USD million
01/11/22;ZWE;Zimbabwe;Monthly;Current Account;Secondary Income;Personal remittances;73,3346969;USD million
01/12/22;ZWE;Zimbabwe;Monthly;Current Account;Secondary Income;Personal remittances;54,40931159;USD million
01/01/23;ZWE;Zimbabwe;Monthly;Current Account;Secondary Income;Personal remittances;68,1239085;USD million
01/02/23;ZWE;Zimbabwe;Monthly;Current Account;Secondary Income;Personal remittances;51,28787523;USD million
01/03/23;ZWE;Zimbabwe;Monthly;Current Account;Secondary Income;Personal remittances;64,42327048;USD million
01/04/23;ZWE;Zimbabwe;Monthly;Current Account;Secondary Income;Personal remittances;50,23371593;USD million
01/05/23;ZWE;Zimbabwe;Monthly;Current Account;Secondary Income;Personal remittances;55,88708807;USD million
01/06/23;ZWE;Zimbabwe;Monthly;Current Account;Secondary Income;Personal remittances;47,90322074;USD million
01/07/23;ZWE;Zimbabwe;Monthly;Current Account;Secondary Income;Personal remittances;59,98409766;USD million
01/08/23;ZWE;Zimbabwe;Monthly;Current Account;Secondary Income;Personal remittances;59,91100398;USD million
01/09/23;ZWE;Zimbabwe;Monthly;Current Account;Secondary Income;Personal remittances;57,2578334;USD million
01/10/23;ZWE;Zimbabwe;Monthly;Current Account;Secondary Income;Personal remittances;58,20585525;USD million
01/11/23;ZWE;Zimbabwe;Monthly;Current Account;Secondary Income;Personal remittances;60,31651226;USD million
01/12/23;ZWE;Zimbabwe;Monthly;Current Account;Secondary Income;Personal remittances;59,41773689;USD million
01/01/24;ZWE;Zimbabwe;Monthly;Current Account;Secondary Income;Personal remittances;53,10556749;USD million
01/02/24;ZWE;Zimbabwe;Monthly;Current Account;Secondary Income;Personal remittances;59,10614135;USD million
01/03/24;ZWE;Zimbabwe;Monthly;Current Account;Secondary Income;Personal remittances;53,40514837;USD million
01/04/24;ZWE;Zimbabwe;Monthly;Current Account;Secondary Income;Personal remittances;51,92422201;USD million
01/05/24;ZWE;Zimbabwe;Monthly;Current Account;Secondary Income;Personal remittances;58,01589564;USD million
01/06/24;ZWE;Zimbabwe;Monthly;Current Account;Secondary Income;Personal remittances;61,22815188;USD million
01/07/24;ZWE;Zimbabwe;Monthly;Current Account;Secondary Income;Personal remittances;49,86764014;USD million
01/08/24;ZWE;Zimbabwe;Monthly;Current Account;Secondary Income;Personal remittances;48,90873729;USD million
01/09/24;ZWE;Zimbabwe;Monthly;Current Account;Secondary Income;Personal remittances;76,72899796;USD million
01/10/24;ZWE;Zimbabwe;Monthly;Current Account;Secondary Income;Personal remittances;52,76957133;USD million
01/11/24;ZWE;Zimbabwe;Monthly;Current Account;Secondary Income;Personal remittances;50,44086946;USD million
01/12/24;ZWE;Zimbabwe;Monthly;Current Account;Secondary Income;Personal remittances;52,64513691;USD million
01/01/25;ZWE;Zimbabwe;Monthly;Current Account;Secondary Income;Personal remittances;60,35802339;USD million
01/02/25;ZWE;Zimbabwe;Monthly;Current Account;Secondary Income;Personal remittances;54,93025012;USD million
01/03/25;ZWE;Zimbabwe;Monthly;Current Account;Secondary Income;Personal remittances;61,39847468;USD million
01/04/25;ZWE;Zimbabwe;Monthly;Current Account;Secondary Income;Personal remittances;48,21340728;USD million
01/05/25;ZWE;Zimbabwe;Monthly;Current Account;Secondary Income;Personal remittances;57,13227704;USD million
01/06/25;ZWE;Zimbabwe;Monthly;Current Account;Secondary Income;Personal remittances;46,8533209;USD million
01/07/25;ZWE;Zimbabwe;Monthly;Current Account;Secondary Income;Personal remittances;55,35988445;USD million
01/08/25;ZWE;Zimbabwe;Monthly;Current Account;Secondary Income;Personal remittances;79,631509;USD million
01/09/25;ZWE;Zimbabwe;Monthly;Current Account;Secondary Income;Personal remittances;80,03335051;USD million
01/10/25;ZWE;Zimbabwe;Monthly;Current Account;Secondary Income;Personal remittances;66,75087227;USD million
01/11/25;ZWE;Zimbabwe;Monthly;Current Account;Secondary Income;Personal remittances;62,7319759;USD million
01/12/25;ZWE;Zimbabwe;Monthly;Current Account;Secondary Income;Personal remittances;62,56414837;USD million
01/01/26;ZWE;Zimbabwe;Monthly;Current Account;Secondary Income;Personal remittances;46,08473445;USD million
01/02/26;ZWE;Zimbabwe;Monthly;Current Account;Secondary Income;Personal remittances;76,30163688;USD million
01/03/26;ZWE;Zimbabwe;Monthly;Current Account;Secondary Income;Personal remittances;75,06943102;USD million
01/04/26;ZWE;Zimbabwe;Monthly;Current Account;Secondary Income;Personal remittances;56,80335025;USD million
01/05/26;ZWE;Zimbabwe;Monthly;Current Account;Secondary Income;Personal remittances;64,14685888;USD million
01/06/26;ZWE;Zimbabwe;Monthly;Current Account;Secondary Income;Personal remittances;65,24945737;USD million
01/07/26;ZWE;Zimbabwe;Monthly;Current Account;Secondary Income;Personal remittances;47,9638329;USD million
01/08/26;ZWE;Zimbabwe;Monthly;Current Account;Secondary Income;Personal remittances;66,72753904;USD million
01/09/26;ZWE;Zimbabwe;Monthly;Current Account;Secondary Income;Personal remittances;62,61414974;USD million
01/01/80;ZWE;Zimbabwe;Monthly;Current Account;Secondary Income;Other secondary income;9,016520683;USD million
01/02/80;ZWE;Zimbabwe;Monthly;Current Account;Secondary Income;Other secondary income;7,882736297;USD million
01/03/80;ZWE;Zimbabwe;Monthly;Current Account;Secondary Income;Other secondary income;8,016249852;USD million
01/04/80;ZWE;Zimbabwe;Monthly;Current Account;Secondary Income;Other secondary income;8,35382678;USD million
01/05/80;ZWE;Zimbabwe;Monthly;Current Account;Secondary Income;Other secondary income;9,581701913;USD million
01/06/80;ZWE;Zimbabwe;Monthly;Current Account;Secondary Income;Other secondary income;7,213185787;USD million
01/07/80;ZWE;Zimbabwe;Monthly;Current Account;Secondary Income;Other secondary income;8,277938874;USD million
01/08/80;ZWE;Zimbabwe;Monthly;Current Account;Secondary Income;Other secondary income;6,835597024;USD million
01/09/80;ZWE;Zimbabwe;Monthly;Current Account;Secondary Income;Other secondary income;8,619396105;USD million
01/10/80;ZWE;Zimbabwe;Monthly;Current Account;Secondary Income;Other secondary income;7,375759522;USD million
01/11/80;ZWE;Zimbabwe;Monthly;Current Account;Secondary Income;Other secondary income;8,403334843;USD million
01/12/80;ZWE;Zimbabwe;Monthly;Current Account;Secondary Income;Other secondary income;8,029880332;USD million
01/01/81;ZWE;Zimbabwe;Monthly;Current Account;Secondary Income;Other secondary income;7,836205211;USD million
01/02/81;ZWE;Zimbabwe;Monthly;Current Account;Secondary Income;Other secondary income;7,885765285;USD million
01/03/81;ZWE;Zimbabwe;Monthly;Current Account;Secondary Income;Other secondary income;7,812019279;USD million
01/04/81;ZWE;Zimbabwe;Monthly;Current Account;Secondary Income;Other secondary income;8,396222762;USD million
01/05/81;ZWE;Zimbabwe;Monthly;Current Account;Secondary Income;Other secondary income;7,519227189;USD million
01/06/81;ZWE;Zimbabwe;Monthly;Current Account;Secondary Income;Other secondary income;8,560605402;USD million
01/07/81;ZWE;Zimbabwe;Monthly;Current Account;Secondary Income;Other secondary income;7,239054163;USD million
01/08/81;ZWE;Zimbabwe;Monthly;Current Account;Secondary Income;Other secondary income;7,922184232;USD million
01/09/81;ZWE;Zimbabwe;Monthly;Current Account;Secondary Income;Other secondary income;6,273687892;USD million
01/10/81;ZWE;Zimbabwe;Monthly;Current Account;Secondary Income;Other secondary income;8,341711078;USD million
01/11/81;ZWE;Zimbabwe;Monthly;Current Account;Secondary Income;Other secondary income;8,896919421;USD million
01/12/81;ZWE;Zimbabwe;Monthly;Current Account;Secondary Income;Other secondary income;8,411405006;USD million
01/01/82;ZWE;Zimbabwe;Monthly;Current Account;Secondary Income;Other secondary income;8,663672061;USD million
01/02/82;ZWE;Zimbabwe;Monthly;Current Account;Secondary Income;Other secondary income;9,563644529;USD million
01/03/82;ZWE;Zimbabwe;Monthly;Current Account;Secondary Income;Other secondary income;7,780031877;USD million
01/04/82;ZWE;Zimbabwe;Monthly;Current Account;Secondary Income;Other secondary income;8,636928591;USD million
01/05/82;ZWE;Zimbabwe;Monthly;Current Account;Secondary Income;Other secondary income;7,000461103;USD million
01/06/82;ZWE;Zimbabwe;Monthly;Current Account;Secondary Income;Other secondary income;8,854511608;USD million
01/07/82;ZWE;Zimbabwe;Monthly;Current Account;Secondary Income;Other secondary income;6,654219028;USD million
01/08/82;ZWE;Zimbabwe;Monthly;Current Account;Secondary Income;Other secondary income;6,486331922;USD million
01/09/82;ZWE;Zimbabwe;Monthly;Current Account;Secondary Income;Other secondary income;7,717291373;USD million
01/10/82;ZWE;Zimbabwe;Monthly;Current Account;Secondary Income;Other secondary income;6,216169115;USD million
01/11/82;ZWE;Zimbabwe;Monthly;Current Account;Secondary Income;Other secondary income;8,074024787;USD million
01/12/82;ZWE;Zimbabwe;Monthly;Current Account;Secondary Income;Other secondary income;9,653362009;USD million
01/01/83;ZWE;Zimbabwe;Monthly;Current Account;Secondary Income;Other secondary income;9,739485946;USD million
01/02/83;ZWE;Zimbabwe;Monthly;Current Account;Secondary Income;Other secondary income;8,678315473;USD million
01/03/83;ZWE;Zimbabwe;Monthly;Current Account;Secondary Income;Other secondary income;9,257995639;USD million
01/04/83;ZWE;Zimbabwe;Monthly;Current Account;Secondary Income;Other secondary income;10,49360487;USD million
01/05/83;ZWE;Zimbabwe;Monthly;Current Account;Secondary Income;Other secondary income;7,928088954;USD million
01/06/83;ZWE;Zimbabwe;Monthly;Current Account;Secondary Income;Other secondary income;7,808817124;USD million
01/07/83;ZWE;Zimbabwe;Monthly;Current Account;Secondary Income;Other secondary income;8,851726767;USD million
01/08/83;ZWE;Zimbabwe;Monthly;Current Account;Secondary Income;Other secondary income;8,061442483;USD million
01/09/83;ZWE;Zimbabwe;Monthly;Current Account;Secondary Income;Other secondary income;7,296485898;USD million
01/10/83;ZWE;Zimbabwe;Monthly;Current Account;Secondary Income;Other secondary income;7,722072155;USD million
01/11/83;ZWE;Zimbabwe;Monthly;Current Account;Secondary Income;Other secondary income;7,542298819;USD million
01/12/83;ZWE;Zimbabwe;Monthly;Current Account;Secondary Income;Other secondary income;8,449844511;USD million
01/01/84;ZWE;Zimbabwe;Monthly;Current Account;Secondary Income;Other secondary income;10,36902924;USD million
01/02/84;ZWE;Zimbabwe;Monthly;Current Account;Secondary Income;Other secondary income;7,351119413;USD million
01/03/84;ZWE;Zimbabwe;Monthly;Current Account;Secondary Income;Other secondary income;8,385278794;USD million
01/04/84;ZWE;Zimbabwe;Monthly;Current Account;Secondary Income;Other secondary income;8,87973893;USD million
01/05/84;ZWE;Zimbabwe;Monthly;Current Account;Secondary Income;Other secondary income;7,637808065;USD million
01/06/84;ZWE;Zimbabwe;Monthly;Current Account;Secondary Income;Other secondary income;9,543263175;USD million
01/07/84;ZWE;Zimbabwe;Monthly;Current Account;Secondary Income;Other secondary income;8,632330488;USD million
01/08/84;ZWE;Zimbabwe;Monthly;Current Account;Secondary Income;Other secondary income;10,48045747;USD million
01/09/84;ZWE;Zimbabwe;Monthly;Current Account;Secondary Income;Other secondary income;6,844336942;USD million
01/10/84;ZWE;Zimbabwe;Monthly;Current Account;Secondary Income;Other secondary income;10,07279295;USD million
01/11/84;ZWE;Zimbabwe;Monthly;Current Account;Secondary Income;Other secondary income;6,495487905;USD million
01/12/84;ZWE;Zimbabwe;Monthly;Current Account;Secondary Income;Other secondary income;6,694615004;USD million
01/01/85;ZWE;Zimbabwe;Monthly;Current Account;Secondary Income;Other secondary income;8,324026507;USD million
01/02/85;ZWE;Zimbabwe;Monthly;Current Account;Secondary Income;Other secondary income;9,641501729;USD million
01/03/85;ZWE;Zimbabwe;Monthly;Current Account;Secondary Income;Other secondary income;7,773215402;USD million
01/04/85;ZWE;Zimbabwe;Monthly;Current Account;Secondary Income;Other secondary income;10,01515773;USD million
01/05/85;ZWE;Zimbabwe;Monthly;Current Account;Secondary Income;Other secondary income;7,56575288;USD million
01/06/85;ZWE;Zimbabwe;Monthly;Current Account;Secondary Income;Other secondary income;7,543243048;USD million
01/07/85;ZWE;Zimbabwe;Monthly;Current Account;Secondary Income;Other secondary income;7,701258894;USD million
01/08/85;ZWE;Zimbabwe;Monthly;Current Account;Secondary Income;Other secondary income;8,233311149;USD million
01/09/85;ZWE;Zimbabwe;Monthly;Current Account;Secondary Income;Other secondary income;9,508118147;USD million
01/10/85;ZWE;Zimbabwe;Monthly;Current Account;Secondary Income;Other secondary income;7,1751933;USD million
01/11/85;ZWE;Zimbabwe;Monthly;Current Account;Secondary Income;Other secondary income;8,361537314;USD million
01/12/85;ZWE;Zimbabwe;Monthly;Current Account;Secondary Income;Other secondary income;10,27636652;USD million
01/01/86;ZWE;Zimbabwe;Monthly;Current Account;Secondary Income;Other secondary income;8,860163941;USD million
01/02/86;ZWE;Zimbabwe;Monthly;Current Account;Secondary Income;Other secondary income;9,992760311;USD million
01/03/86;ZWE;Zimbabwe;Monthly;Current Account;Secondary Income;Other secondary income;7,922821057;USD million
01/04/86;ZWE;Zimbabwe;Monthly;Current Account;Secondary Income;Other secondary income;7,551582511;USD million
01/05/86;ZWE;Zimbabwe;Monthly;Current Account;Secondary Income;Other secondary income;7,533203199;USD million
01/06/86;ZWE;Zimbabwe;Monthly;Current Account;Secondary Income;Other secondary income;8,648266509;USD million
01/07/86;ZWE;Zimbabwe;Monthly;Current Account;Secondary Income;Other secondary income;8,121976533;USD million
01/08/86;ZWE;Zimbabwe;Monthly;Current Account;Secondary Income;Other secondary income;9,527317851;USD million
01/09/86;ZWE;Zimbabwe;Monthly;Current Account;Secondary Income;Other secondary income;6,409262678;USD million
01/10/86;ZWE;Zimbabwe;Monthly;Current Account;Secondary Income;Other secondary income;8,933639945;USD million
01/11/86;ZWE;Zimbabwe;Monthly;Current Account;Secondary Income;Other secondary income;11,30365552;USD million
01/12/86;ZWE;Zimbabwe;Monthly;Current Account;Secondary Income;Other secondary income;7,305091205;USD million
01/01/87;ZWE;Zimbabwe;Monthly;Current Account;Secondary Income;Other secondary income;8,321422808;USD million
01/02/87;ZWE;Zimbabwe;Monthly;Current Account;Secondary Income;Other secondary income;7,484569972;USD million
01/03/87;ZWE;Zimbabwe;Monthly;Current Account;Secondary Income;Other secondary income;10,95555696;USD million
01/04/87;ZWE;Zimbabwe;Monthly;Current Account;Secondary Income;Other secondary income;11,28511403;USD million
01/05/87;ZWE;Zimbabwe;Monthly;Current Account;Secondary Income;Other secondary income;8,837537226;USD million
01/06/87;ZWE;Zimbabwe;Monthly;Current Account;Secondary Income;Other secondary income;9,470917606;USD million
01/07/87;ZWE;Zimbabwe;Monthly;Current Account;Secondary Income;Other secondary income;6,817458015;USD million
01/08/87;ZWE;Zimbabwe;Monthly;Current Account;Secondary Income;Other secondary income;6,497194186;USD million
01/09/87;ZWE;Zimbabwe;Monthly;Current Account;Secondary Income;Other secondary income;6,45304362;USD million
01/10/87;ZWE;Zimbabwe;Monthly;Current Account;Secondary Income;Other secondary income;8,303074883;USD million
01/11/87;ZWE;Zimbabwe;Monthly;Current Account;Secondary Income;Other secondary income;6,547661238;USD million
01/12/87;ZWE;Zimbabwe;Monthly;Current Account;Secondary Income;Other secondary income;7,743150156;USD million
01/01/88;ZWE;Zimbabwe;Monthly;Current Account;Secondary Income;Other secondary income;8,485347503;USD million
01/02/88;ZWE;Zimbabwe;Monthly;Current Account;Secondary Income;Other secondary income;10,9908003;USD million
01/03/88;ZWE;Zimbabwe;Monthly;Current Account;Secondary Income;Other secondary income;9,124044859;USD million
01/04/88;ZWE;Zimbabwe;Monthly;Current Account;Secondary Income;Other secondary income;9,066945836;USD million
01/05/88;ZWE;Zimbabwe;Monthly;Current Account;Secondary Income;Other secondary income;9,251749005;USD million
01/06/88;ZWE;Zimbabwe;Monthly;Current Account;Secondary Income;Other secondary income;7,421826388;USD million
01/07/88;ZWE;Zimbabwe;Monthly;Current Account;Secondary Income;Other secondary income;8,587935956;USD million
01/08/88;ZWE;Zimbabwe;Monthly;Current Account;Secondary Income;Other secondary income;7,414216864;USD million
01/09/88;ZWE;Zimbabwe;Monthly;Current Account;Secondary Income;Other secondary income;8,703902639;USD million
01/10/88;ZWE;Zimbabwe;Monthly;Current Account;Secondary Income;Other secondary income;10,65000887;USD million
01/11/88;ZWE;Zimbabwe;Monthly;Current Account;Secondary Income;Other secondary income;8,995314439;USD million
01/12/88;ZWE;Zimbabwe;Monthly;Current Account;Secondary Income;Other secondary income;7,064094121;USD million
01/01/89;ZWE;Zimbabwe;Monthly;Current Account;Secondary Income;Other secondary income;6,381575737;USD million
01/02/89;ZWE;Zimbabwe;Monthly;Current Account;Secondary Income;Other secondary income;7,992996444;USD million
01/03/89;ZWE;Zimbabwe;Monthly;Current Account;Secondary Income;Other secondary income;7,482887772;USD million
01/04/89;ZWE;Zimbabwe;Monthly;Current Account;Secondary Income;Other secondary income;8,947575903;USD million
01/05/89;ZWE;Zimbabwe;Monthly;Current Account;Secondary Income;Other secondary income;8,868855502;USD million
01/06/89;ZWE;Zimbabwe;Monthly;Current Account;Secondary Income;Other secondary income;7,357311119;USD million
01/07/89;ZWE;Zimbabwe;Monthly;Current Account;Secondary Income;Other secondary income;7,979405681;USD million
01/08/89;ZWE;Zimbabwe;Monthly;Current Account;Secondary Income;Other secondary income;7,997227876;USD million
01/09/89;ZWE;Zimbabwe;Monthly;Current Account;Secondary Income;Other secondary income;9,381084458;USD million
01/10/89;ZWE;Zimbabwe;Monthly;Current Account;Secondary Income;Other secondary income;7,469728009;USD million
01/11/89;ZWE;Zimbabwe;Monthly;Current Account;Secondary Income;Other secondary income;8,864229723;USD million
01/12/89;ZWE;Zimbabwe;Monthly;Current Account;Secondary Income;Other secondary income;9,383951391;USD million
01/01/90;ZWE;Zimbabwe;Monthly;Current Account;Secondary Income;Other secondary income;7,72880679;USD million
01/02/90;ZWE;Zimbabwe;Monthly;Current Account;Secondary Income;Other secondary income;10,35701502;USD million
01/03/90;ZWE;Zimbabwe;Monthly;Current Account;Secondary Income;Other secondary income;9,13458588;USD million
01/04/90;ZWE;Zimbabwe;Monthly;Current Account;Secondary Income;Other secondary income;7,14409888;USD million
01/05/90;ZWE;Zimbabwe;Monthly;Current Account;Secondary Income;Other secondary income;7,575207958;USD million
01/06/90;ZWE;Zimbabwe;Monthly;Current Account;Secondary Income;Other secondary income;8,522925028;USD million
01/07/90;ZWE;Zimbabwe;Monthly;Current Account;Secondary Income;Other secondary income;8,935507764;USD million
01/08/90;ZWE;Zimbabwe;Monthly;Current Account;Secondary Income;Other secondary income;10,18709053;USD million
01/09/90;ZWE;Zimbabwe;Monthly;Current Account;Secondary Income;Other secondary income;10,2539075;USD million
01/10/90;ZWE;Zimbabwe;Monthly;Current Account;Secondary Income;Other secondary income;9,13458337;USD million
01/11/90;ZWE;Zimbabwe;Monthly;Current Account;Secondary Income;Other secondary income;10,61663963;USD million
01/12/90;ZWE;Zimbabwe;Monthly;Current Account;Secondary Income;Other secondary income;10,99801813;USD million
01/01/91;ZWE;Zimbabwe;Monthly;Current Account;Secondary Income;Other secondary income;7,974652116;USD million
01/02/91;ZWE;Zimbabwe;Monthly;Current Account;Secondary Income;Other secondary income;9,21531083;USD million
01/03/91;ZWE;Zimbabwe;Monthly;Current Account;Secondary Income;Other secondary income;7,347128256;USD million
01/04/91;ZWE;Zimbabwe;Monthly;Current Account;Secondary Income;Other secondary income;8,370434411;USD million
01/05/91;ZWE;Zimbabwe;Monthly;Current Account;Secondary Income;Other secondary income;8,026611463;USD million
01/06/91;ZWE;Zimbabwe;Monthly;Current Account;Secondary Income;Other secondary income;10,15345485;USD million
01/07/91;ZWE;Zimbabwe;Monthly;Current Account;Secondary Income;Other secondary income;10,7727609;USD million
01/08/91;ZWE;Zimbabwe;Monthly;Current Account;Secondary Income;Other secondary income;11,00072805;USD million
01/09/91;ZWE;Zimbabwe;Monthly;Current Account;Secondary Income;Other secondary income;8,907398281;USD million
01/10/91;ZWE;Zimbabwe;Monthly;Current Account;Secondary Income;Other secondary income;8,755511553;USD million
01/11/91;ZWE;Zimbabwe;Monthly;Current Account;Secondary Income;Other secondary income;8,927139334;USD million
01/12/91;ZWE;Zimbabwe;Monthly;Current Account;Secondary Income;Other secondary income;8,543131265;USD million
01/01/92;ZWE;Zimbabwe;Monthly;Current Account;Secondary Income;Other secondary income;8,869499896;USD million
01/02/92;ZWE;Zimbabwe;Monthly;Current Account;Secondary Income;Other secondary income;7,061815922;USD million
01/03/92;ZWE;Zimbabwe;Monthly;Current Account;Secondary Income;Other secondary income;7,699508501;USD million
01/04/92;ZWE;Zimbabwe;Monthly;Current Account;Secondary Income;Other secondary income;8,754869543;USD million
01/05/92;ZWE;Zimbabwe;Monthly;Current Account;Secondary Income;Other secondary income;8,070933284;USD million
01/06/92;ZWE;Zimbabwe;Monthly;Current Account;Secondary Income;Other secondary income;8,228843488;USD million
01/07/92;ZWE;Zimbabwe;Monthly;Current Account;Secondary Income;Other secondary income;8,678260377;USD million
01/08/92;ZWE;Zimbabwe;Monthly;Current Account;Secondary Income;Other secondary income;8,572809316;USD million
01/09/92;ZWE;Zimbabwe;Monthly;Current Account;Secondary Income;Other secondary income;10,19166816;USD million
01/10/92;ZWE;Zimbabwe;Monthly;Current Account;Secondary Income;Other secondary income;10,80145631;USD million
01/11/92;ZWE;Zimbabwe;Monthly;Current Account;Secondary Income;Other secondary income;8,671552888;USD million
01/12/92;ZWE;Zimbabwe;Monthly;Current Account;Secondary Income;Other secondary income;9,914722176;USD million
01/01/93;ZWE;Zimbabwe;Monthly;Current Account;Secondary Income;Other secondary income;6,415326802;USD million
01/02/93;ZWE;Zimbabwe;Monthly;Current Account;Secondary Income;Other secondary income;7,685456392;USD million
01/03/93;ZWE;Zimbabwe;Monthly;Current Account;Secondary Income;Other secondary income;10,20774587;USD million
01/04/93;ZWE;Zimbabwe;Monthly;Current Account;Secondary Income;Other secondary income;10,90780837;USD million
01/05/93;ZWE;Zimbabwe;Monthly;Current Account;Secondary Income;Other secondary income;6,286035012;USD million
01/06/93;ZWE;Zimbabwe;Monthly;Current Account;Secondary Income;Other secondary income;8,068063514;USD million
01/07/93;ZWE;Zimbabwe;Monthly;Current Account;Secondary Income;Other secondary income;9,24625684;USD million
01/08/93;ZWE;Zimbabwe;Monthly;Current Account;Secondary Income;Other secondary income;6,755785445;USD million
01/09/93;ZWE;Zimbabwe;Monthly;Current Account;Secondary Income;Other secondary income;7,029795362;USD million
01/10/93;ZWE;Zimbabwe;Monthly;Current Account;Secondary Income;Other secondary income;9,239554396;USD million
01/11/93;ZWE;Zimbabwe;Monthly;Current Account;Secondary Income;Other secondary income;7,236068095;USD million
01/12/93;ZWE;Zimbabwe;Monthly;Current Account;Secondary Income;Other secondary income;7,189371304;USD million
01/01/94;ZWE;Zimbabwe;Monthly;Current Account;Secondary Income;Other secondary income;10,05234509;USD million
01/02/94;ZWE;Zimbabwe;Monthly;Current Account;Secondary Income;Other secondary income;7,604880867;USD million
01/03/94;ZWE;Zimbabwe;Monthly;Current Account;Secondary Income;Other secondary income;9,348994757;USD million
01/04/94;ZWE;Zimbabwe;Monthly;Current Account;Secondary Income;Other secondary income;7,63370746;USD million
01/05/94;ZWE;Zimbabwe;Monthly;Current Account;Secondary Income;Other secondary income;8,847205732;USD million
01/06/94;ZWE;Zimbabwe;Monthly;Current Account;Secondary Income;Other secondary income;9,180911664;USD million
01/07/94;ZWE;Zimbabwe;Monthly;Current Account;Secondary Income;Other secondary income;6,849262085;USD million
01/08/94;ZWE;Zimbabwe;Monthly;Current Account;Secondary Income;Other secondary income;9,887034082;USD million
01/09/94;ZWE;Zimbabwe;Monthly;Current Account;Secondary Income;Other secondary income;10,21235665;USD million
01/10/94;ZWE;Zimbabwe;Monthly;Current Account;Secondary Income;Other secondary income;7,011949128;USD million
01/11/94;ZWE;Zimbabwe;Monthly;Current Account;Secondary Income;Other secondary income;6,621218676;USD million
01/12/94;ZWE;Zimbabwe;Monthly;Current Account;Secondary Income;Other secondary income;9,385611897;USD million
01/01/95;ZWE;Zimbabwe;Monthly;Current Account;Secondary Income;Other secondary income;8,118689252;USD million
01/02/95;ZWE;Zimbabwe;Monthly;Current Account;Secondary Income;Other secondary income;7,638291117;USD million
01/03/95;ZWE;Zimbabwe;Monthly;Current Account;Secondary Income;Other secondary income;8,759053306;USD million
01/04/95;ZWE;Zimbabwe;Monthly;Current Account;Secondary Income;Other secondary income;7,144784971;USD million
01/05/95;ZWE;Zimbabwe;Monthly;Current Account;Secondary Income;Other secondary income;8,461490761;USD million
01/06/95;ZWE;Zimbabwe;Monthly;Current Account;Secondary Income;Other secondary income;8,169356995;USD million
01/07/95;ZWE;Zimbabwe;Monthly;Current Account;Secondary Income;Other secondary income;9,406637259;USD million
01/08/95;ZWE;Zimbabwe;Monthly;Current Account;Secondary Income;Other secondary income;8,137127225;USD million
01/09/95;ZWE;Zimbabwe;Monthly;Current Account;Secondary Income;Other secondary income;7,372787753;USD million
01/10/95;ZWE;Zimbabwe;Monthly;Current Account;Secondary Income;Other secondary income;6,741557041;USD million
01/11/95;ZWE;Zimbabwe;Monthly;Current Account;Secondary Income;Other secondary income;9,722788069;USD million
01/12/95;ZWE;Zimbabwe;Monthly;Current Account;Secondary Income;Other secondary income;8,740249417;USD million
01/01/96;ZWE;Zimbabwe;Monthly;Current Account;Secondary Income;Other secondary income;6,928071207;USD million
01/02/96;ZWE;Zimbabwe;Monthly;Current Account;Secondary Income;Other secondary income;9,503953352;USD million
01/03/96;ZWE;Zimbabwe;Monthly;Current Account;Secondary Income;Other secondary income;8,918017151;USD million
01/04/96;ZWE;Zimbabwe;Monthly;Current Account;Secondary Income;Other secondary income;7,619367614;USD million
01/05/96;ZWE;Zimbabwe;Monthly;Current Account;Secondary Income;Other secondary income;7,632713178;USD million
01/06/96;ZWE;Zimbabwe;Monthly;Current Account;Secondary Income;Other secondary income;8,893517426;USD million
01/07/96;ZWE;Zimbabwe;Monthly;Current Account;Secondary Income;Other secondary income;10,16888796;USD million
01/08/96;ZWE;Zimbabwe;Monthly;Current Account;Secondary Income;Other secondary income;10,21261022;USD million
01/09/96;ZWE;Zimbabwe;Monthly;Current Account;Secondary Income;Other secondary income;11,08580565;USD million
01/10/96;ZWE;Zimbabwe;Monthly;Current Account;Secondary Income;Other secondary income;8,884196995;USD million
01/11/96;ZWE;Zimbabwe;Monthly;Current Account;Secondary Income;Other secondary income;9,234693393;USD million
01/12/96;ZWE;Zimbabwe;Monthly;Current Account;Secondary Income;Other secondary income;7,220090619;USD million
01/01/97;ZWE;Zimbabwe;Monthly;Current Account;Secondary Income;Other secondary income;8,483033477;USD million
01/02/97;ZWE;Zimbabwe;Monthly;Current Account;Secondary Income;Other secondary income;8,782881599;USD million
01/03/97;ZWE;Zimbabwe;Monthly;Current Account;Secondary Income;Other secondary income;9,820143992;USD million
01/04/97;ZWE;Zimbabwe;Monthly;Current Account;Secondary Income;Other secondary income;7,674575325;USD million
01/05/97;ZWE;Zimbabwe;Monthly;Current Account;Secondary Income;Other secondary income;9,835132955;USD million
01/06/97;ZWE;Zimbabwe;Monthly;Current Account;Secondary Income;Other secondary income;6,864627217;USD million
01/07/97;ZWE;Zimbabwe;Monthly;Current Account;Secondary Income;Other secondary income;7,487569758;USD million
01/08/97;ZWE;Zimbabwe;Monthly;Current Account;Secondary Income;Other secondary income;9,930822905;USD million
01/09/97;ZWE;Zimbabwe;Monthly;Current Account;Secondary Income;Other secondary income;9,121618023;USD million
01/10/97;ZWE;Zimbabwe;Monthly;Current Account;Secondary Income;Other secondary income;9,33529258;USD million
01/11/97;ZWE;Zimbabwe;Monthly;Current Account;Secondary Income;Other secondary income;8,550987598;USD million
01/12/97;ZWE;Zimbabwe;Monthly;Current Account;Secondary Income;Other secondary income;7,718332884;USD million
01/01/98;ZWE;Zimbabwe;Monthly;Current Account;Secondary Income;Other secondary income;10,99593068;USD million
01/02/98;ZWE;Zimbabwe;Monthly;Current Account;Secondary Income;Other secondary income;10,29134335;USD million
01/03/98;ZWE;Zimbabwe;Monthly;Current Account;Secondary Income;Other secondary income;9,149601733;USD million
01/04/98;ZWE;Zimbabwe;Monthly;Current Account;Secondary Income;Other secondary income;9,103474791;USD million
01/05/98;ZWE;Zimbabwe;Monthly;Current Account;Secondary Income;Other secondary income;9,807505035;USD million
01/06/98;ZWE;Zimbabwe;Monthly;Current Account;Secondary Income;Other secondary income;8,318835708;USD million
01/07/98;ZWE;Zimbabwe;Monthly;Current Account;Secondary Income;Other secondary income;11,63130815;USD million
01/08/98;ZWE;Zimbabwe;Monthly;Current Account;Secondary Income;Other secondary income;7,081226118;USD million
01/09/98;ZWE;Zimbabwe;Monthly;Current Account;Secondary Income;Other secondary income;9,768541376;USD million
01/10/98;ZWE;Zimbabwe;Monthly;Current Account;Secondary Income;Other secondary income;8,045522354;USD million
01/11/98;ZWE;Zimbabwe;Monthly;Current Account;Secondary Income;Other secondary income;9,081679375;USD million
01/12/98;ZWE;Zimbabwe;Monthly;Current Account;Secondary Income;Other secondary income;9,73976021;USD million
01/01/99;ZWE;Zimbabwe;Monthly;Current Account;Secondary Income;Other secondary income;11,24152219;USD million
01/02/99;ZWE;Zimbabwe;Monthly;Current Account;Secondary Income;Other secondary income;6,122931583;USD million
01/03/99;ZWE;Zimbabwe;Monthly;Current Account;Secondary Income;Other secondary income;9,419760499;USD million
01/04/99;ZWE;Zimbabwe;Monthly;Current Account;Secondary Income;Other secondary income;8,73023645;USD million
01/05/99;ZWE;Zimbabwe;Monthly;Current Account;Secondary Income;Other secondary income;7,955383029;USD million
01/06/99;ZWE;Zimbabwe;Monthly;Current Account;Secondary Income;Other secondary income;8,84378023;USD million
01/07/99;ZWE;Zimbabwe;Monthly;Current Account;Secondary Income;Other secondary income;8,445398583;USD million
01/08/99;ZWE;Zimbabwe;Monthly;Current Account;Secondary Income;Other secondary income;9,082841513;USD million
01/09/99;ZWE;Zimbabwe;Monthly;Current Account;Secondary Income;Other secondary income;8,045636854;USD million
01/10/99;ZWE;Zimbabwe;Monthly;Current Account;Secondary Income;Other secondary income;9,242906893;USD million
01/11/99;ZWE;Zimbabwe;Monthly;Current Account;Secondary Income;Other secondary income;8,660156888;USD million
01/12/99;ZWE;Zimbabwe;Monthly;Current Account;Secondary Income;Other secondary income;10,13345519;USD million
01/01/00;ZWE;Zimbabwe;Monthly;Current Account;Secondary Income;Other secondary income;7,351581;USD million
01/02/00;ZWE;Zimbabwe;Monthly;Current Account;Secondary Income;Other secondary income;9,255118618;USD million
01/03/00;ZWE;Zimbabwe;Monthly;Current Account;Secondary Income;Other secondary income;9,088666146;USD million
01/04/00;ZWE;Zimbabwe;Monthly;Current Account;Secondary Income;Other secondary income;8,378530107;USD million
01/05/00;ZWE;Zimbabwe;Monthly;Current Account;Secondary Income;Other secondary income;7,660292451;USD million
01/06/00;ZWE;Zimbabwe;Monthly;Current Account;Secondary Income;Other secondary income;7,576657616;USD million
01/07/00;ZWE;Zimbabwe;Monthly;Current Account;Secondary Income;Other secondary income;7,587946884;USD million
01/08/00;ZWE;Zimbabwe;Monthly;Current Account;Secondary Income;Other secondary income;10,97402662;USD million
01/09/00;ZWE;Zimbabwe;Monthly;Current Account;Secondary Income;Other secondary income;7,866457071;USD million
01/10/00;ZWE;Zimbabwe;Monthly;Current Account;Secondary Income;Other secondary income;9,996238546;USD million
01/11/00;ZWE;Zimbabwe;Monthly;Current Account;Secondary Income;Other secondary income;7,141652255;USD million
01/12/00;ZWE;Zimbabwe;Monthly;Current Account;Secondary Income;Other secondary income;8,20110369;USD million
01/01/01;ZWE;Zimbabwe;Monthly;Current Account;Secondary Income;Other secondary income;6,743337932;USD million
01/02/01;ZWE;Zimbabwe;Monthly;Current Account;Secondary Income;Other secondary income;9,591461228;USD million
01/03/01;ZWE;Zimbabwe;Monthly;Current Account;Secondary Income;Other secondary income;9,057426177;USD million
01/04/01;ZWE;Zimbabwe;Monthly;Current Account;Secondary Income;Other secondary income;7,646215054;USD million
01/05/01;ZWE;Zimbabwe;Monthly;Current Account;Secondary Income;Other secondary income;9,315773592;USD million
01/06/01;ZWE;Zimbabwe;Monthly;Current Account;Secondary Income;Other secondary income;9,395613633;USD million
01/07/01;ZWE;Zimbabwe;Monthly;Current Account;Secondary Income;Other secondary income;7,339670115;USD million
01/08/01;ZWE;Zimbabwe;Monthly;Current Account;Secondary Income;Other secondary income;9,241080278;USD million
01/09/01;ZWE;Zimbabwe;Monthly;Current Account;Secondary Income;Other secondary income;7,838971979;USD million
01/10/01;ZWE;Zimbabwe;Monthly;Current Account;Secondary Income;Other secondary income;9,631216773;USD million
01/11/01;ZWE;Zimbabwe;Monthly;Current Account;Secondary Income;Other secondary income;7,062681803;USD million
01/12/01;ZWE;Zimbabwe;Monthly;Current Account;Secondary Income;Other secondary income;10,97249963;USD million
01/01/02;ZWE;Zimbabwe;Monthly;Current Account;Secondary Income;Other secondary income;8,766007977;USD million
01/02/02;ZWE;Zimbabwe;Monthly;Current Account;Secondary Income;Other secondary income;9,470338681;USD million
01/03/02;ZWE;Zimbabwe;Monthly;Current Account;Secondary Income;Other secondary income;10,3162419;USD million
01/04/02;ZWE;Zimbabwe;Monthly;Current Account;Secondary Income;Other secondary income;8,777532183;USD million
01/05/02;ZWE;Zimbabwe;Monthly;Current Account;Secondary Income;Other secondary income;7,23640386;USD million
01/06/02;ZWE;Zimbabwe;Monthly;Current Account;Secondary Income;Other secondary income;10,48724623;USD million
01/07/02;ZWE;Zimbabwe;Monthly;Current Account;Secondary Income;Other secondary income;8,45944693;USD million
01/08/02;ZWE;Zimbabwe;Monthly;Current Account;Secondary Income;Other secondary income;9,630705687;USD million
01/09/02;ZWE;Zimbabwe;Monthly;Current Account;Secondary Income;Other secondary income;9,701633298;USD million
01/10/02;ZWE;Zimbabwe;Monthly;Current Account;Secondary Income;Other secondary income;10,29505843;USD million
01/11/02;ZWE;Zimbabwe;Monthly;Current Account;Secondary Income;Other secondary income;7,55160057;USD million
01/12/02;ZWE;Zimbabwe;Monthly;Current Account;Secondary Income;Other secondary income;8,56466552;USD million
01/01/03;ZWE;Zimbabwe;Monthly;Current Account;Secondary Income;Other secondary income;7,704764433;USD million
01/02/03;ZWE;Zimbabwe;Monthly;Current Account;Secondary Income;Other secondary income;9,195602185;USD million
01/03/03;ZWE;Zimbabwe;Monthly;Current Account;Secondary Income;Other secondary income;10,22927324;USD million
01/04/03;ZWE;Zimbabwe;Monthly;Current Account;Secondary Income;Other secondary income;7,714860762;USD million
01/05/03;ZWE;Zimbabwe;Monthly;Current Account;Secondary Income;Other secondary income;6,12135671;USD million
01/06/03;ZWE;Zimbabwe;Monthly;Current Account;Secondary Income;Other secondary income;7,256546472;USD million
01/07/03;ZWE;Zimbabwe;Monthly;Current Account;Secondary Income;Other secondary income;7,690350621;USD million
01/08/03;ZWE;Zimbabwe;Monthly;Current Account;Secondary Income;Other secondary income;10,22173623;USD million
01/09/03;ZWE;Zimbabwe;Monthly;Current Account;Secondary Income;Other secondary income;8,390733255;USD million
01/10/03;ZWE;Zimbabwe;Monthly;Current Account;Secondary Income;Other secondary income;7,181528295;USD million
01/11/03;ZWE;Zimbabwe;Monthly;Current Account;Secondary Income;Other secondary income;8,072843679;USD million
01/12/03;ZWE;Zimbabwe;Monthly;Current Account;Secondary Income;Other secondary income;8,529810302;USD million
01/01/04;ZWE;Zimbabwe;Monthly;Current Account;Secondary Income;Other secondary income;8,551328315;USD million
01/02/04;ZWE;Zimbabwe;Monthly;Current Account;Secondary Income;Other secondary income;9,461164523;USD million
01/03/04;ZWE;Zimbabwe;Monthly;Current Account;Secondary Income;Other secondary income;7,484618047;USD million
01/04/04;ZWE;Zimbabwe;Monthly;Current Account;Secondary Income;Other secondary income;9,346607506;USD million
01/05/04;ZWE;Zimbabwe;Monthly;Current Account;Secondary Income;Other secondary income;9,076509219;USD million
01/06/04;ZWE;Zimbabwe;Monthly;Current Account;Secondary Income;Other secondary income;7,13427364;USD million
01/07/04;ZWE;Zimbabwe;Monthly;Current Account;Secondary Income;Other secondary income;6,69051208;USD million
01/08/04;ZWE;Zimbabwe;Monthly;Current Account;Secondary Income;Other secondary income;9,707282588;USD million
01/09/04;ZWE;Zimbabwe;Monthly;Current Account;Secondary Income;Other secondary income;12,84964466;USD million
01/10/04;ZWE;Zimbabwe;Monthly;Current Account;Secondary Income;Other secondary income;9,147959195;USD million
01/11/04;ZWE;Zimbabwe;Monthly;Current Account;Secondary Income;Other secondary income;8,504846847;USD million
01/12/04;ZWE;Zimbabwe;Monthly;Current Account;Secondary Income;Other secondary income;7,75788162;USD million
01/01/05;ZWE;Zimbabwe;Monthly;Current Account;Secondary Income;Other secondary income;11,74168153;USD million
01/02/05;ZWE;Zimbabwe;Monthly;Current Account;Secondary Income;Other secondary income;7,003824525;USD million
01/03/05;ZWE;Zimbabwe;Monthly;Current Account;Secondary Income;Other secondary income;9,245303144;USD million
01/04/05;ZWE;Zimbabwe;Monthly;Current Account;Secondary Income;Other secondary income;12,22733033;USD million
01/05/05;ZWE;Zimbabwe;Monthly;Current Account;Secondary Income;Other secondary income;9,598532493;USD million
01/06/05;ZWE;Zimbabwe;Monthly;Current Account;Secondary Income;Other secondary income;10,42173726;USD million
01/07/05;ZWE;Zimbabwe;Monthly;Current Account;Secondary Income;Other secondary income;8,805558677;USD million
01/08/05;ZWE;Zimbabwe;Monthly;Current Account;Secondary Income;Other secondary income;9,807291694;USD million
01/09/05;ZWE;Zimbabwe;Monthly;Current Account;Secondary Income;Other secondary income;9,71611054;USD million
01/10/05;ZWE;Zimbabwe;Monthly;Current Account;Secondary Income;Other secondary income;8,546895915;USD million
01/11/05;ZWE;Zimbabwe;Monthly;Current Account;Secondary Income;Other secondary income;10,45283431;USD million
01/12/05;ZWE;Zimbabwe;Monthly;Current Account;Secondary Income;Other secondary income;8,34525371;USD million
01/01/06;ZWE;Zimbabwe;Monthly;Current Account;Secondary Income;Other secondary income;12,03961909;USD million
01/02/06;ZWE;Zimbabwe;Monthly;Current Account;Secondary Income;Other secondary income;9,430514805;USD million
01/03/06;ZWE;Zimbabwe;Monthly;Current Account;Secondary Income;Other secondary income;10,31778929;USD million
01/04/06;ZWE;Zimbabwe;Monthly;Current Account;Secondary Income;Other secondary income;8,614440559;USD million
01/05/06;ZWE;Zimbabwe;Monthly;Current Account;Secondary Income;Other secondary income;9,799304598;USD million
01/06/06;ZWE;Zimbabwe;Monthly;Current Account;Secondary Income;Other secondary income;11,12172628;USD million
01/07/06;ZWE;Zimbabwe;Monthly;Current Account;Secondary Income;Other secondary income;11,11592955;USD million
01/08/06;ZWE;Zimbabwe;Monthly;Current Account;Secondary Income;Other secondary income;10,14783307;USD million
01/09/06;ZWE;Zimbabwe;Monthly;Current Account;Secondary Income;Other secondary income;9,745897507;USD million
01/10/06;ZWE;Zimbabwe;Monthly;Current Account;Secondary Income;Other secondary income;8,041124773;USD million
01/11/06;ZWE;Zimbabwe;Monthly;Current Account;Secondary Income;Other secondary income;10,41370058;USD million
01/12/06;ZWE;Zimbabwe;Monthly;Current Account;Secondary Income;Other secondary income;11,58713685;USD million
01/01/07;ZWE;Zimbabwe;Monthly;Current Account;Secondary Income;Other secondary income;7,802229038;USD million
01/02/07;ZWE;Zimbabwe;Monthly;Current Account;Secondary Income;Other secondary income;13,21389426;USD million
01/03/07;ZWE;Zimbabwe;Monthly;Current Account;Secondary Income;Other secondary income;10,37432284;USD million
01/04/07;ZWE;Zimbabwe;Monthly;Current Account;Secondary Income;Other secondary income;6,48818997;USD million
01/05/07;ZWE;Zimbabwe;Monthly;Current Account;Secondary Income;Other secondary income;7,789880887;USD million
01/06/07;ZWE;Zimbabwe;Monthly;Current Account;Secondary Income;Other secondary income;5,463781508;USD million
01/07/07;ZWE;Zimbabwe;Monthly;Current Account;Secondary Income;Other secondary income;10,39984508;USD million
01/08/07;ZWE;Zimbabwe;Monthly;Current Account;Secondary Income;Other secondary income;9,319043267;USD million
01/09/07;ZWE;Zimbabwe;Monthly;Current Account;Secondary Income;Other secondary income;7,416843193;USD million
01/10/07;ZWE;Zimbabwe;Monthly;Current Account;Secondary Income;Other secondary income;8,76963854;USD million
01/11/07;ZWE;Zimbabwe;Monthly;Current Account;Secondary Income;Other secondary income;7,50162502;USD million
01/12/07;ZWE;Zimbabwe;Monthly;Current Account;Secondary Income;Other secondary income;12,78793067;USD million
01/01/08;ZWE;Zimbabwe;Monthly;Current Account;Secondary Income;Other secondary income;7,854421367;USD million
01/02/08;ZWE;Zimbabwe;Monthly;Current Account;Secondary Income;Other secondary income;8,920567339;USD million
01/03/08;ZWE;Zimbabwe;Monthly;Current Account;Secondary Income;Other secondary income;9,769123299;USD million
01/04/08;ZWE;Zimbabwe;Monthly;Current Account;Secondary Income;Other secondary income;11,14185528;USD million
01/05/08;ZWE;Zimbabwe;Monthly;Current Account;Secondary Income;Other secondary income;7,57693275;USD million
01/06/08;ZWE;Zimbabwe;Monthly;Current Account;Secondary Income;Other secondary income;8,079524499;USD million
01/07/08;ZWE;Zimbabwe;Monthly;Current Account;Secondary Income;Other secondary income;9,534328483;USD million
01/08/08;ZWE;Zimbabwe;Monthly;Current Account;Secondary Income;Other secondary income;7,421071962;USD million
01/09/08;ZWE;Zimbabwe;Monthly;Current Account;Secondary Income;Other secondary income;8,273844972;USD million
01/10/08;ZWE;Zimbabwe;Monthly;Current Account;Secondary Income;Other secondary income;6,601190721;USD million
01/11/08;ZWE;Zimbabwe;Monthly;Current Account;Secondary Income;Other secondary income;12,05464071;USD million
01/12/08;ZWE;Zimbabwe;Monthly;Current Account;Secondary Income;Other secondary income;9,505093533;USD million
01/01/09;ZWE;Zimbabwe;Monthly;Current Account;Secondary Income;Other secondary income;7,154649464;USD million
01/02/09;ZWE;Zimbabwe;Monthly;Current Account;Secondary Income;Other secondary income;7,330495717;USD million
01/03/09;ZWE;Zimbabwe;Monthly;Current Account;Secondary Income;Other secondary income;8,865292467;USD million
01/04/09;ZWE;Zimbabwe;Monthly;Current Account;Secondary Income;Other secondary income;12,29058414;USD million
01/05/09;ZWE;Zimbabwe;Monthly;Current Account;Secondary Income;Other secondary income;11,71084341;USD million
01/06/09;ZWE;Zimbabwe;Monthly;Current Account;Secondary Income;Other secondary income;6,678458729;USD million
01/07/09;ZWE;Zimbabwe;Monthly;Current Account;Secondary Income;Other secondary income;12,27446336;USD million
01/08/09;ZWE;Zimbabwe;Monthly;Current Account;Secondary Income;Other secondary income;10,30299049;USD million
01/09/09;ZWE;Zimbabwe;Monthly;Current Account;Secondary Income;Other secondary income;11,60758474;USD million
01/10/09;ZWE;Zimbabwe;Monthly;Current Account;Secondary Income;Other secondary income;8,566664333;USD million
01/11/09;ZWE;Zimbabwe;Monthly;Current Account;Secondary Income;Other secondary income;10,28253448;USD million
01/12/09;ZWE;Zimbabwe;Monthly;Current Account;Secondary Income;Other secondary income;10,11534633;USD million
01/01/10;ZWE;Zimbabwe;Monthly;Current Account;Secondary Income;Other secondary income;7,950879724;USD million
01/02/10;ZWE;Zimbabwe;Monthly;Current Account;Secondary Income;Other secondary income;7,124912733;USD million
01/03/10;ZWE;Zimbabwe;Monthly;Current Account;Secondary Income;Other secondary income;7,527822457;USD million
01/04/10;ZWE;Zimbabwe;Monthly;Current Account;Secondary Income;Other secondary income;11,53770234;USD million
01/05/10;ZWE;Zimbabwe;Monthly;Current Account;Secondary Income;Other secondary income;10,31375683;USD million
01/06/10;ZWE;Zimbabwe;Monthly;Current Account;Secondary Income;Other secondary income;9,766595665;USD million
01/07/10;ZWE;Zimbabwe;Monthly;Current Account;Secondary Income;Other secondary income;9,331463743;USD million
01/08/10;ZWE;Zimbabwe;Monthly;Current Account;Secondary Income;Other secondary income;10,24391887;USD million
01/09/10;ZWE;Zimbabwe;Monthly;Current Account;Secondary Income;Other secondary income;9,813710304;USD million
01/10/10;ZWE;Zimbabwe;Monthly;Current Account;Secondary Income;Other secondary income;9,660291866;USD million
01/11/10;ZWE;Zimbabwe;Monthly;Current Account;Secondary Income;Other secondary income;8,917459323;USD million
01/12/10;ZWE;Zimbabwe;Monthly;Current Account;Secondary Income;Other secondary income;9,600271097;USD million
01/01/11;ZWE;Zimbabwe;Monthly;Current Account;Secondary Income;Other secondary income;8,388333676;USD million
01/02/11;ZWE;Zimbabwe;Monthly;Current Account;Secondary Income;Other secondary income;8,132021886;USD million
01/03/11;ZWE;Zimbabwe;Monthly;Current Account;Secondary Income;Other secondary income;9,859348126;USD million
01/04/11;ZWE;Zimbabwe;Monthly;Current Account;Secondary Income;Other secondary income;13,78700363;USD million
01/05/11;ZWE;Zimbabwe;Monthly;Current Account;Secondary Income;Other secondary income;7,713678256;USD million
01/06/11;ZWE;Zimbabwe;Monthly;Current Account;Secondary Income;Other secondary income;8,343255565;USD million
01/07/11;ZWE;Zimbabwe;Monthly;Current Account;Secondary Income;Other secondary income;8,487807356;USD million
01/08/11;ZWE;Zimbabwe;Monthly;Current Account;Secondary Income;Other secondary income;8,350432046;USD million
01/09/11;ZWE;Zimbabwe;Monthly;Current Account;Secondary Income;Other secondary income;10,11847302;USD million
01/10/11;ZWE;Zimbabwe;Monthly;Current Account;Secondary Income;Other secondary income;7,218860198;USD million
01/11/11;ZWE;Zimbabwe;Monthly;Current Account;Secondary Income;Other secondary income;11,27753956;USD million
01/12/11;ZWE;Zimbabwe;Monthly;Current Account;Secondary Income;Other secondary income;8,259987465;USD million
01/01/12;ZWE;Zimbabwe;Monthly;Current Account;Secondary Income;Other secondary income;12,25185433;USD million
01/02/12;ZWE;Zimbabwe;Monthly;Current Account;Secondary Income;Other secondary income;9,189941;USD million
01/03/12;ZWE;Zimbabwe;Monthly;Current Account;Secondary Income;Other secondary income;12,18504479;USD million
01/04/12;ZWE;Zimbabwe;Monthly;Current Account;Secondary Income;Other secondary income;10,58185276;USD million
01/05/12;ZWE;Zimbabwe;Monthly;Current Account;Secondary Income;Other secondary income;8,549944978;USD million
01/06/12;ZWE;Zimbabwe;Monthly;Current Account;Secondary Income;Other secondary income;12,51439567;USD million
01/07/12;ZWE;Zimbabwe;Monthly;Current Account;Secondary Income;Other secondary income;11,93398013;USD million
01/08/12;ZWE;Zimbabwe;Monthly;Current Account;Secondary Income;Other secondary income;9,868808653;USD million
01/09/12;ZWE;Zimbabwe;Monthly;Current Account;Secondary Income;Other secondary income;11,13933156;USD million
01/10/12;ZWE;Zimbabwe;Monthly;Current Account;Secondary Income;Other secondary income;11,87553021;USD million
01/11/12;ZWE;Zimbabwe;Monthly;Current Account;Secondary Income;Other secondary income;9,745196475;USD million
01/12/12;ZWE;Zimbabwe;Monthly;Current Account;Secondary Income;Other secondary income;10,18080105;USD million
01/01/13;ZWE;Zimbabwe;Monthly;Current Account;Secondary Income;Other secondary income;9,99232679;USD million
01/02/13;ZWE;Zimbabwe;Monthly;Current Account;Secondary Income;Other secondary income;8,476655745;USD million
01/03/13;ZWE;Zimbabwe;Monthly;Current Account;Secondary Income;Other secondary income;10,7376965;USD million
01/04/13;ZWE;Zimbabwe;Monthly;Current Account;Secondary Income;Other secondary income;9,30867008;USD million
01/05/13;ZWE;Zimbabwe;Monthly;Current Account;Secondary Income;Other secondary income;11,29032337;USD million
01/06/13;ZWE;Zimbabwe;Monthly;Current Account;Secondary Income;Other secondary income;8,502483806;USD million
01/07/13;ZWE;Zimbabwe;Monthly;Current Account;Secondary Income;Other secondary income;11,26604898;USD million
01/08/13;ZWE;Zimbabwe;Monthly;Current Account;Secondary Income;Other secondary income;11,96516808;USD million
01/09/13;ZWE;Zimbabwe;Monthly;Current Account;Secondary Income;Other secondary income;10,11951891;USD million
01/10/13;ZWE;Zimbabwe;Monthly;Current Account;Secondary Income;Other secondary income;10,02530945;USD million
01/11/13;ZWE;Zimbabwe;Monthly;Current Account;Secondary Income;Other secondary income;10,32506325;USD million
01/12/13;ZWE;Zimbabwe;Monthly;Current Account;Secondary Income;Other secondary income;10,11566647;USD million
01/01/14;ZWE;Zimbabwe;Monthly;Current Account;Secondary Income;Other secondary income;13,3694296;USD million
01/02/14;ZWE;Zimbabwe;Monthly;Current Account;Secondary Income;Other secondary income;9,124208289;USD million
01/03/14;ZWE;Zimbabwe;Monthly;Current Account;Secondary Income;Other secondary income;10,82413509;USD million
01/04/14;ZWE;Zimbabwe;Monthly;Current Account;Secondary Income;Other secondary income;12,87477222;USD million
01/05/14;ZWE;Zimbabwe;Monthly;Current Account;Secondary Income;Other secondary income;13,0890247;USD million
01/06/14;ZWE;Zimbabwe;Monthly;Current Account;Secondary Income;Other secondary income;8,46854291;USD million
01/07/14;ZWE;Zimbabwe;Monthly;Current Account;Secondary Income;Other secondary income;10,80020273;USD million
01/08/14;ZWE;Zimbabwe;Monthly;Current Account;Secondary Income;Other secondary income;8,925206331;USD million
01/09/14;ZWE;Zimbabwe;Monthly;Current Account;Secondary Income;Other secondary income;9,080522755;USD million
01/10/14;ZWE;Zimbabwe;Monthly;Current Account;Secondary Income;Other secondary income;7,673540849;USD million
01/11/14;ZWE;Zimbabwe;Monthly;Current Account;Secondary Income;Other secondary income;9,275161577;USD million
01/12/14;ZWE;Zimbabwe;Monthly;Current Account;Secondary Income;Other secondary income;9,867306071;USD million
01/01/15;ZWE;Zimbabwe;Monthly;Current Account;Secondary Income;Other secondary income;8,231631336;USD million
01/02/15;ZWE;Zimbabwe;Monthly;Current Account;Secondary Income;Other secondary income;10,10526284;USD million
01/03/15;ZWE;Zimbabwe;Monthly;Current Account;Secondary Income;Other secondary income;13,18146158;USD million
01/04/15;ZWE;Zimbabwe;Monthly;Current Account;Secondary Income;Other secondary income;9,424138528;USD million
01/05/15;ZWE;Zimbabwe;Monthly;Current Account;Secondary Income;Other secondary income;9,094331252;USD million
01/06/15;ZWE;Zimbabwe;Monthly;Current Account;Secondary Income;Other secondary income;10,85028413;USD million
01/07/15;ZWE;Zimbabwe;Monthly;Current Account;Secondary Income;Other secondary income;10,0716182;USD million
01/08/15;ZWE;Zimbabwe;Monthly;Current Account;Secondary Income;Other secondary income;9,100193312;USD million
01/09/15;ZWE;Zimbabwe;Monthly;Current Account;Secondary Income;Other secondary income;11,8737606;USD million
01/10/15;ZWE;Zimbabwe;Monthly;Current Account;Secondary Income;Other secondary income;7,86354655;USD million
01/11/15;ZWE;Zimbabwe;Monthly;Current Account;Secondary Income;Other secondary income;9,529687929;USD million
01/12/15;ZWE;Zimbabwe;Monthly;Current Account;Secondary Income;Other secondary income;9,486458525;USD million
01/01/16;ZWE;Zimbabwe;Monthly;Current Account;Secondary Income;Other secondary income;9,866647756;USD million
01/02/16;ZWE;Zimbabwe;Monthly;Current Account;Secondary Income;Other secondary income;11,9074201;USD million
01/03/16;ZWE;Zimbabwe;Monthly;Current Account;Secondary Income;Other secondary income;11,19290583;USD million
01/04/16;ZWE;Zimbabwe;Monthly;Current Account;Secondary Income;Other secondary income;13,02008582;USD million
01/05/16;ZWE;Zimbabwe;Monthly;Current Account;Secondary Income;Other secondary income;8,496237033;USD million
01/06/16;ZWE;Zimbabwe;Monthly;Current Account;Secondary Income;Other secondary income;8,591658138;USD million
01/07/16;ZWE;Zimbabwe;Monthly;Current Account;Secondary Income;Other secondary income;8,347471334;USD million
01/08/16;ZWE;Zimbabwe;Monthly;Current Account;Secondary Income;Other secondary income;9,349072053;USD million
01/09/16;ZWE;Zimbabwe;Monthly;Current Account;Secondary Income;Other secondary income;10,100481;USD million
01/10/16;ZWE;Zimbabwe;Monthly;Current Account;Secondary Income;Other secondary income;11,00807185;USD million
01/11/16;ZWE;Zimbabwe;Monthly;Current Account;Secondary Income;Other secondary income;11,12521668;USD million
01/12/16;ZWE;Zimbabwe;Monthly;Current Account;Secondary Income;Other secondary income;8,125940218;USD million
01/01/17;ZWE;Zimbabwe;Monthly;Current Account;Secondary Income;Other secondary income;9,631244492;USD million
01/02/17;ZWE;Zimbabwe;Monthly;Current Account;Secondary Income;Other secondary income;8,510735552;USD million
01/03/17;ZWE;Zimbabwe;Monthly;Current Account;Secondary Income;Other secondary income;10,44731972;USD million
01/04/17;ZWE;Zimbabwe;Monthly;Current Account;Secondary Income;Other secondary income;11,22371817;USD million
01/05/17;ZWE;Zimbabwe;Monthly;Current Account;Secondary Income;Other secondary income;10,15026592;USD million
01/06/17;ZWE;Zimbabwe;Monthly;Current Account;Secondary Income;Other secondary income;7,239222131;USD million
01/07/17;ZWE;Zimbabwe;Monthly;Current Account;Secondary Income;Other secondary income;10,67816911;USD million
01/08/17;ZWE;Zimbabwe;Monthly;Current Account;Secondary Income;Other secondary income;7,46714623;USD million
01/09/17;ZWE;Zimbabwe;Monthly;Current Account;Secondary Income;Other secondary income;10,7662389;USD million
01/10/17;ZWE;Zimbabwe;Monthly;Current Account;Secondary Income;Other secondary income;11,36546892;USD million
01/11/17;ZWE;Zimbabwe;Monthly;Current Account;Secondary Income;Other secondary income;11,11212373;USD million
01/12/17;ZWE;Zimbabwe;Monthly;Current Account;Secondary Income;Other secondary income;8,841855428;USD million
01/01/18;ZWE;Zimbabwe;Monthly;Current Account;Secondary Income;Other secondary income;7,591008567;USD million
01/02/18;ZWE;Zimbabwe;Monthly;Current Account;Secondary Income;Other secondary income;13,1707332;USD million
01/03/18;ZWE;Zimbabwe;Monthly;Current Account;Secondary Income;Other secondary income;9,987595981;USD million
01/04/18;ZWE;Zimbabwe;Monthly;Current Account;Secondary Income;Other secondary income;9,34250167;USD million
01/05/18;ZWE;Zimbabwe;Monthly;Current Account;Secondary Income;Other secondary income;7,905479616;USD million
01/06/18;ZWE;Zimbabwe;Monthly;Current Account;Secondary Income;Other secondary income;7,949512511;USD million
01/07/18;ZWE;Zimbabwe;Monthly;Current Account;Secondary Income;Other secondary income;11,12210246;USD million
01/08/18;ZWE;Zimbabwe;Monthly;Current Account;Secondary Income;Other secondary income;9,917757697;USD million
01/09/18;ZWE;Zimbabwe;Monthly;Current Account;Secondary Income;Other secondary income;13,20963209;USD million
01/10/18;ZWE;Zimbabwe;Monthly;Current Account;Secondary Income;Other secondary income;12,24290244;USD million
01/11/18;ZWE;Zimbabwe;Monthly;Current Account;Secondary Income;Other secondary income;9,829892602;USD million
01/12/18;ZWE;Zimbabwe;Monthly;Current Account;Secondary Income;Other secondary income;9,479391094;USD million
01/01/19;ZWE;Zimbabwe;Monthly;Current Account;Secondary Income;Other secondary income;10,38195646;USD million
01/02/19;ZWE;Zimbabwe;Monthly;Current Account;Secondary Income;Other secondary income;10,16733074;USD million
01/03/19;ZWE;Zimbabwe;Monthly;Current Account;Secondary Income;Other secondary income;7,902204779;USD million
01/04/19;ZWE;Zimbabwe;Monthly;Current Account;Secondary Income;Other secondary income;8,471432269;USD million
01/05/19;ZWE;Zimbabwe;Monthly;Current Account;Secondary Income;Other secondary income;9,904414777;USD million
01/06/19;ZWE;Zimbabwe;Monthly;Current Account;Secondary Income;Other secondary income;10,90773741;USD million
01/07/19;ZWE;Zimbabwe;Monthly;Current Account;Secondary Income;Other secondary income;10,81508521;USD million
01/08/19;ZWE;Zimbabwe;Monthly;Current Account;Secondary Income;Other secondary income;8,75910186;USD million
01/09/19;ZWE;Zimbabwe;Monthly;Current Account;Secondary Income;Other secondary income;9,507502525;USD million
01/10/19;ZWE;Zimbabwe;Monthly;Current Account;Secondary Income;Other secondary income;8,657274704;USD million
01/11/19;ZWE;Zimbabwe;Monthly;Current Account;Secondary Income;Other secondary income;13,96895402;USD million
01/12/19;ZWE;Zimbabwe;Monthly;Current Account;Secondary Income;Other secondary income;10,16462901;USD million
01/01/20;ZWE;Zimbabwe;Monthly;Current Account;Secondary Income;Other secondary income;10,36945198;USD million
01/02/20;ZWE;Zimbabwe;Monthly;Current Account;Secondary Income;Other secondary income;11,33869496;USD million
01/03/20;ZWE;Zimbabwe;Monthly;Current Account;Secondary Income;Other secondary income;8,557138836;USD million
01/04/20;ZWE;Zimbabwe;Monthly;Current Account;Secondary Income;Other secondary income;11,3877531;USD million
01/05/20;ZWE;Zimbabwe;Monthly;Current Account;Secondary Income;Other secondary income;9,621751642;USD million
01/06/20;ZWE;Zimbabwe;Monthly;Current Account;Secondary Income;Other secondary income;9,134364729;USD million
01/07/20;ZWE;Zimbabwe;Monthly;Current Account;Secondary Income;Other secondary income;10,98748313;USD million
01/08/20;ZWE;Zimbabwe;Monthly;Current Account;Secondary Income;Other secondary income;11,56722219;USD million
01/09/20;ZWE;Zimbabwe;Monthly;Current Account;Secondary Income;Other secondary income;13,4630033;USD million
01/10/20;ZWE;Zimbabwe;Monthly;Current Account;Secondary Income;Other secondary income;11,67185348;USD million
01/11/20;ZWE;Zimbabwe;Monthly;Current Account;Secondary Income;Other secondary income;10,17793679;USD million
01/12/20;ZWE;Zimbabwe;Monthly;Current Account;Secondary Income;Other secondary income;9,235244064;USD million
01/01/21;ZWE;Zimbabwe;Monthly;Current Account;Secondary Income;Other secondary income;10,66191371;USD million
01/02/21;ZWE;Zimbabwe;Monthly;Current Account;Secondary Income;Other secondary income;8,260621948;USD million
01/03/21;ZWE;Zimbabwe;Monthly;Current Account;Secondary Income;Other secondary income;9,802513834;USD million
01/04/21;ZWE;Zimbabwe;Monthly;Current Account;Secondary Income;Other secondary income;9,5769171;USD million
01/05/21;ZWE;Zimbabwe;Monthly;Current Account;Secondary Income;Other secondary income;7,957502139;USD million
01/06/21;ZWE;Zimbabwe;Monthly;Current Account;Secondary Income;Other secondary income;9,214597555;USD million
01/07/21;ZWE;Zimbabwe;Monthly;Current Account;Secondary Income;Other secondary income;8,889107097;USD million
01/08/21;ZWE;Zimbabwe;Monthly;Current Account;Secondary Income;Other secondary income;11,58102322;USD million
01/09/21;ZWE;Zimbabwe;Monthly;Current Account;Secondary Income;Other secondary income;13,08614078;USD million
01/10/21;ZWE;Zimbabwe;Monthly;Current Account;Secondary Income;Other secondary income;9,178084739;USD million
01/11/21;ZWE;Zimbabwe;Monthly;Current Account;Secondary Income;Other secondary income;12,04734828;USD million
01/12/21;ZWE;Zimbabwe;Monthly;Current Account;Secondary Income;Other secondary income;10,96975757;USD million
01/01/22;ZWE;Zimbabwe;Monthly;Current Account;Secondary Income;Other secondary income;12,72066665;USD million
01/02/22;ZWE;Zimbabwe;Monthly;Current Account;Secondary Income;Other secondary income;11,64179637;USD million
01/03/22;ZWE;Zimbabwe;Monthly;Current Account;Secondary Income;Other secondary income;9,106161492;USD million
01/04/22;ZWE;Zimbabwe;Monthly;Current Account;Secondary Income;Other secondary income;7,696045498;USD million
01/05/22;ZWE;Zimbabwe;Monthly;Current Account;Secondary Income;Other secondary income;11,47716374;USD million
01/06/22;ZWE;Zimbabwe;Monthly;Current Account;Secondary Income;Other secondary income;8,732014107;USD million
01/07/22;ZWE;Zimbabwe;Monthly;Current Account;Secondary Income;Other secondary income;12,6341258;USD million
01/08/22;ZWE;Zimbabwe;Monthly;Current Account;Secondary Income;Other secondary income;10,35182731;USD million
01/09/22;ZWE;Zimbabwe;Monthly;Current Account;Secondary Income;Other secondary income;10,18976621;USD million
01/10/22;ZWE;Zimbabwe;Monthly;Current Account;Secondary Income;Other secondary income;8,13699235;USD million
01/11/22;ZWE;Zimbabwe;Monthly;Current Account;Secondary Income;Other secondary income;10,9705213;USD million
01/12/22;ZWE;Zimbabwe;Monthly;Current Account;Secondary Income;Other secondary income;6,925477217;USD million
01/01/23;ZWE;Zimbabwe;Monthly;Current Account;Secondary Income;Other secondary income;9,783438352;USD million
01/02/23;ZWE;Zimbabwe;Monthly;Current Account;Secondary Income;Other secondary income;11,44199835;USD million
01/03/23;ZWE;Zimbabwe;Monthly;Current Account;Secondary Income;Other secondary income;13,51776471;USD million
01/04/23;ZWE;Zimbabwe;Monthly;Current Account;Secondary Income;Other secondary income;10,54043468;USD million
01/05/23;ZWE;Zimbabwe;Monthly;Current Account;Secondary Income;Other secondary income;13,34635487;USD million
01/06/23;ZWE;Zimbabwe;Monthly;Current Account;Secondary Income;Other secondary income;11,75116285;USD million
01/07/23;ZWE;Zimbabwe;Monthly;Current Account;Secondary Income;Other secondary income;11,70137345;USD million
01/08/23;ZWE;Zimbabwe;Monthly;Current Account;Secondary Income;Other secondary income;10,12531613;USD million
01/09/23;ZWE;Zimbabwe;Monthly;Current Account;Secondary Income;Other secondary income;9,730505464;USD million
01/10/23;ZWE;Zimbabwe;Monthly;Current Account;Secondary Income;Other secondary income;10,53168832;USD million
01/11/23;ZWE;Zimbabwe;Monthly;Current Account;Secondary Income;Other secondary income;14,03981192;USD million
01/12/23;ZWE;Zimbabwe;Monthly;Current Account;Secondary Income;Other secondary income;14,91028996;USD million
01/01/24;ZWE;Zimbabwe;Monthly;Current Account;Secondary Income;Other secondary income;7,721426711;USD million
01/02/24;ZWE;Zimbabwe;Monthly;Current Account;Secondary Income;Other secondary income;9,983461904;USD million
01/03/24;ZWE;Zimbabwe;Monthly;Current Account;Secondary Income;Other secondary income;11,77559929;USD million
01/04/24;ZWE;Zimbabwe;Monthly;Current Account;Secondary Income;Other secondary income;10,94036805;USD million
01/05/24;ZWE;Zimbabwe;Monthly;Current Account;Secondary Income;Other secondary income;7,877309285;USD million
01/06/24;ZWE;Zimbabwe;Monthly;Current Account;Secondary Income;Other secondary income;9,218194987;USD million
01/07/24;ZWE;Zimbabwe;Monthly;Current Account;Secondary Income;Other secondary income;10,98992965;USD million
01/08/24;ZWE;Zimbabwe;Monthly;Current Account;Secondary Income;Other secondary income;10,75108386;USD million
01/09/24;ZWE;Zimbabwe;Monthly;Current Account;Secondary Income;Other secondary income;11,75471932;USD million
01/10/24;ZWE;Zimbabwe;Monthly;Current Account;Secondary Income;Other secondary income;10,00678693;USD million
01/11/24;ZWE;Zimbabwe;Monthly;Current Account;Secondary Income;Other secondary income;11,27892193;USD million
01/12/24;ZWE;Zimbabwe;Monthly;Current Account;Secondary Income;Other secondary income;9,895595801;USD million
01/01/25;ZWE;Zimbabwe;Monthly;Current Account;Secondary Income;Other secondary income;8,814670704;USD million
01/02/25;ZWE;Zimbabwe;Monthly;Current Account;Secondary Income;Other secondary income;10,36300701;USD million
01/03/25;ZWE;Zimbabwe;Monthly;Current Account;Secondary Income;Other secondary income;10,18766652;USD million
01/04/25;ZWE;Zimbabwe;Monthly;Current Account;Secondary Income;Other secondary income;12,92138485;USD million
01/05/25;ZWE;Zimbabwe;Monthly;Current Account;Secondary Income;Other secondary income;10,68974544;USD million
01/06/25;ZWE;Zimbabwe;Monthly;Current Account;Secondary Income;Other secondary income;9,649902502;USD million
01/07/25;ZWE;Zimbabwe;Monthly;Current Account;Secondary Income;Other secondary income;8,301441118;USD million
01/08/25;ZWE;Zimbabwe;Monthly;Current Account;Secondary Income;Other secondary income;9,198218252;USD million
01/09/25;ZWE;Zimbabwe;Monthly;Current Account;Secondary Income;Other secondary income;10,40720358;USD million
01/10/25;ZWE;Zimbabwe;Monthly;Current Account;Secondary Income;Other secondary income;7,808066837;USD million
01/11/25;ZWE;Zimbabwe;Monthly;Current Account;Secondary Income;Other secondary income;11,36378647;USD million
01/12/25;ZWE;Zimbabwe;Monthly;Current Account;Secondary Income;Other secondary income;8,338928859;USD million
01/01/26;ZWE;Zimbabwe;Monthly;Current Account;Secondary Income;Other secondary income;11,55543138;USD million
01/02/26;ZWE;Zimbabwe;Monthly;Current Account;Secondary Income;Other secondary income;9,910848075;USD million
01/03/26;ZWE;Zimbabwe;Monthly;Current Account;Secondary Income;Other secondary income;11,7064351;USD million
01/04/26;ZWE;Zimbabwe;Monthly;Current Account;Secondary Income;Other secondary income;8,858445714;USD million
01/05/26;ZWE;Zimbabwe;Monthly;Current Account;Secondary Income;Other secondary income;11,60618397;USD million
01/06/26;ZWE;Zimbabwe;Monthly;Current Account;Secondary Income;Other secondary income;11,41021112;USD million
01/07/26;ZWE;Zimbabwe;Monthly;Current Account;Secondary Income;Other secondary income;8,750937529;USD million
01/08/26;ZWE;Zimbabwe;Monthly;Current Account;Secondary Income;Other secondary income;10,04084261;USD million
01/09/26;ZWE;Zimbabwe;Monthly;Current Account;Secondary Income;Other secondary income;10,31556458;USD million
01/01/80;ZWE;Zimbabwe;Monthly;Capital Account;Capital transfers;Capital account balance;4,109754206;USD million
01/02/80;ZWE;Zimbabwe;Monthly;Capital Account;Capital transfers;Capital account balance;6,153542034;USD million
01/03/80;ZWE;Zimbabwe;Monthly;Capital Account;Capital transfers;Capital account balance;4,327955894;USD million
01/04/80;ZWE;Zimbabwe;Monthly;Capital Account;Capital transfers;Capital account balance;8,473433248;USD million
01/05/80;ZWE;Zimbabwe;Monthly;Capital Account;Capital transfers;Capital account balance;3,299724373;USD million
01/06/80;ZWE;Zimbabwe;Monthly;Capital Account;Capital transfers;Capital account balance;6,485151651;USD million
01/07/80;ZWE;Zimbabwe;Monthly;Capital Account;Capital transfers;Capital account balance;9,561412055;USD million
01/08/80;ZWE;Zimbabwe;Monthly;Capital Account;Capital transfers;Capital account balance;4,231683512;USD million
01/09/80;ZWE;Zimbabwe;Monthly;Capital Account;Capital transfers;Capital account balance;9,382112554;USD million
01/10/80;ZWE;Zimbabwe;Monthly;Capital Account;Capital transfers;Capital account balance;4,238593814;USD million
01/11/80;ZWE;Zimbabwe;Monthly;Capital Account;Capital transfers;Capital account balance;7,778100307;USD million
01/12/80;ZWE;Zimbabwe;Monthly;Capital Account;Capital transfers;Capital account balance;5,271401577;USD million
01/01/81;ZWE;Zimbabwe;Monthly;Capital Account;Capital transfers;Capital account balance;4,071066374;USD million
01/02/81;ZWE;Zimbabwe;Monthly;Capital Account;Capital transfers;Capital account balance;-1,157268572;USD million
01/03/81;ZWE;Zimbabwe;Monthly;Capital Account;Capital transfers;Capital account balance;5,61204495;USD million
01/04/81;ZWE;Zimbabwe;Monthly;Capital Account;Capital transfers;Capital account balance;1,698873665;USD million
01/05/81;ZWE;Zimbabwe;Monthly;Capital Account;Capital transfers;Capital account balance;5,902130709;USD million
01/06/81;ZWE;Zimbabwe;Monthly;Capital Account;Capital transfers;Capital account balance;1,376756242;USD million
01/07/81;ZWE;Zimbabwe;Monthly;Capital Account;Capital transfers;Capital account balance;7,152315021;USD million
01/08/81;ZWE;Zimbabwe;Monthly;Capital Account;Capital transfers;Capital account balance;2,819725188;USD million
01/09/81;ZWE;Zimbabwe;Monthly;Capital Account;Capital transfers;Capital account balance;3,813096086;USD million
01/10/81;ZWE;Zimbabwe;Monthly;Capital Account;Capital transfers;Capital account balance;1,411882355;USD million
01/11/81;ZWE;Zimbabwe;Monthly;Capital Account;Capital transfers;Capital account balance;6,30197573;USD million
01/12/81;ZWE;Zimbabwe;Monthly;Capital Account;Capital transfers;Capital account balance;3,84524838;USD million
01/01/82;ZWE;Zimbabwe;Monthly;Capital Account;Capital transfers;Capital account balance;6,36469603;USD million
01/02/82;ZWE;Zimbabwe;Monthly;Capital Account;Capital transfers;Capital account balance;7,847078592;USD million
01/03/82;ZWE;Zimbabwe;Monthly;Capital Account;Capital transfers;Capital account balance;2,325631034;USD million
01/04/82;ZWE;Zimbabwe;Monthly;Capital Account;Capital transfers;Capital account balance;-1,583785951;USD million
01/05/82;ZWE;Zimbabwe;Monthly;Capital Account;Capital transfers;Capital account balance;10,05594503;USD million
01/06/82;ZWE;Zimbabwe;Monthly;Capital Account;Capital transfers;Capital account balance;5,201315607;USD million
01/07/82;ZWE;Zimbabwe;Monthly;Capital Account;Capital transfers;Capital account balance;0,829875636;USD million
01/08/82;ZWE;Zimbabwe;Monthly;Capital Account;Capital transfers;Capital account balance;7,979940475;USD million
01/09/82;ZWE;Zimbabwe;Monthly;Capital Account;Capital transfers;Capital account balance;3,244270511;USD million
01/10/82;ZWE;Zimbabwe;Monthly;Capital Account;Capital transfers;Capital account balance;2,052260482;USD million
01/11/82;ZWE;Zimbabwe;Monthly;Capital Account;Capital transfers;Capital account balance;7,086223916;USD million
01/12/82;ZWE;Zimbabwe;Monthly;Capital Account;Capital transfers;Capital account balance;1,77628155;USD million
01/01/83;ZWE;Zimbabwe;Monthly;Capital Account;Capital transfers;Capital account balance;2,929385351;USD million
01/02/83;ZWE;Zimbabwe;Monthly;Capital Account;Capital transfers;Capital account balance;8,120137658;USD million
01/03/83;ZWE;Zimbabwe;Monthly;Capital Account;Capital transfers;Capital account balance;-2,879606669;USD million
01/04/83;ZWE;Zimbabwe;Monthly;Capital Account;Capital transfers;Capital account balance;5,328722276;USD million
01/05/83;ZWE;Zimbabwe;Monthly;Capital Account;Capital transfers;Capital account balance;9,891527563;USD million
01/06/83;ZWE;Zimbabwe;Monthly;Capital Account;Capital transfers;Capital account balance;5,192947453;USD million
01/07/83;ZWE;Zimbabwe;Monthly;Capital Account;Capital transfers;Capital account balance;3,865245528;USD million
01/08/83;ZWE;Zimbabwe;Monthly;Capital Account;Capital transfers;Capital account balance;7,221501815;USD million
01/09/83;ZWE;Zimbabwe;Monthly;Capital Account;Capital transfers;Capital account balance;9,886771907;USD million
01/10/83;ZWE;Zimbabwe;Monthly;Capital Account;Capital transfers;Capital account balance;7,708176564;USD million
01/11/83;ZWE;Zimbabwe;Monthly;Capital Account;Capital transfers;Capital account balance;0,067998119;USD million
01/12/83;ZWE;Zimbabwe;Monthly;Capital Account;Capital transfers;Capital account balance;5,109127084;USD million
01/01/84;ZWE;Zimbabwe;Monthly;Capital Account;Capital transfers;Capital account balance;6,135016289;USD million
01/02/84;ZWE;Zimbabwe;Monthly;Capital Account;Capital transfers;Capital account balance;8,393176445;USD million
01/03/84;ZWE;Zimbabwe;Monthly;Capital Account;Capital transfers;Capital account balance;3,484479375;USD million
01/04/84;ZWE;Zimbabwe;Monthly;Capital Account;Capital transfers;Capital account balance;0,464741751;USD million
01/05/84;ZWE;Zimbabwe;Monthly;Capital Account;Capital transfers;Capital account balance;5,314633612;USD million
01/06/84;ZWE;Zimbabwe;Monthly;Capital Account;Capital transfers;Capital account balance;5,0250936;USD million
01/07/84;ZWE;Zimbabwe;Monthly;Capital Account;Capital transfers;Capital account balance;-0,322478943;USD million
01/08/84;ZWE;Zimbabwe;Monthly;Capital Account;Capital transfers;Capital account balance;1,14077521;USD million
01/09/84;ZWE;Zimbabwe;Monthly;Capital Account;Capital transfers;Capital account balance;6,19337357;USD million
01/10/84;ZWE;Zimbabwe;Monthly;Capital Account;Capital transfers;Capital account balance;2,154141713;USD million
01/11/84;ZWE;Zimbabwe;Monthly;Capital Account;Capital transfers;Capital account balance;0,992499611;USD million
01/12/84;ZWE;Zimbabwe;Monthly;Capital Account;Capital transfers;Capital account balance;2,695425796;USD million
01/01/85;ZWE;Zimbabwe;Monthly;Capital Account;Capital transfers;Capital account balance;7,469303027;USD million
01/02/85;ZWE;Zimbabwe;Monthly;Capital Account;Capital transfers;Capital account balance;0,953370321;USD million
01/03/85;ZWE;Zimbabwe;Monthly;Capital Account;Capital transfers;Capital account balance;0,54709275;USD million
01/04/85;ZWE;Zimbabwe;Monthly;Capital Account;Capital transfers;Capital account balance;7,179394129;USD million
01/05/85;ZWE;Zimbabwe;Monthly;Capital Account;Capital transfers;Capital account balance;5,736973134;USD million
01/06/85;ZWE;Zimbabwe;Monthly;Capital Account;Capital transfers;Capital account balance;7,981051704;USD million
01/07/85;ZWE;Zimbabwe;Monthly;Capital Account;Capital transfers;Capital account balance;4,356471213;USD million
01/08/85;ZWE;Zimbabwe;Monthly;Capital Account;Capital transfers;Capital account balance;5,409876245;USD million
01/09/85;ZWE;Zimbabwe;Monthly;Capital Account;Capital transfers;Capital account balance;0,095201667;USD million
01/10/85;ZWE;Zimbabwe;Monthly;Capital Account;Capital transfers;Capital account balance;5,551846944;USD million
01/11/85;ZWE;Zimbabwe;Monthly;Capital Account;Capital transfers;Capital account balance;4,598215185;USD million
01/12/85;ZWE;Zimbabwe;Monthly;Capital Account;Capital transfers;Capital account balance;4,180593957;USD million
01/01/86;ZWE;Zimbabwe;Monthly;Capital Account;Capital transfers;Capital account balance;6,535583563;USD million
01/02/86;ZWE;Zimbabwe;Monthly;Capital Account;Capital transfers;Capital account balance;6,265971519;USD million
01/03/86;ZWE;Zimbabwe;Monthly;Capital Account;Capital transfers;Capital account balance;1,64045859;USD million
01/04/86;ZWE;Zimbabwe;Monthly;Capital Account;Capital transfers;Capital account balance;5,403746504;USD million
01/05/86;ZWE;Zimbabwe;Monthly;Capital Account;Capital transfers;Capital account balance;5,443999453;USD million
01/06/86;ZWE;Zimbabwe;Monthly;Capital Account;Capital transfers;Capital account balance;6,320135816;USD million
01/07/86;ZWE;Zimbabwe;Monthly;Capital Account;Capital transfers;Capital account balance;-0,259243293;USD million
01/08/86;ZWE;Zimbabwe;Monthly;Capital Account;Capital transfers;Capital account balance;10,21690108;USD million
01/09/86;ZWE;Zimbabwe;Monthly;Capital Account;Capital transfers;Capital account balance;9,64634921;USD million
01/10/86;ZWE;Zimbabwe;Monthly;Capital Account;Capital transfers;Capital account balance;4,846931307;USD million
01/11/86;ZWE;Zimbabwe;Monthly;Capital Account;Capital transfers;Capital account balance;7,182099562;USD million
01/12/86;ZWE;Zimbabwe;Monthly;Capital Account;Capital transfers;Capital account balance;0,651151439;USD million
01/01/87;ZWE;Zimbabwe;Monthly;Capital Account;Capital transfers;Capital account balance;0,659309083;USD million
01/02/87;ZWE;Zimbabwe;Monthly;Capital Account;Capital transfers;Capital account balance;3,490855392;USD million
01/03/87;ZWE;Zimbabwe;Monthly;Capital Account;Capital transfers;Capital account balance;7,108806917;USD million
01/04/87;ZWE;Zimbabwe;Monthly;Capital Account;Capital transfers;Capital account balance;6,113804733;USD million
01/05/87;ZWE;Zimbabwe;Monthly;Capital Account;Capital transfers;Capital account balance;4,996082009;USD million
01/06/87;ZWE;Zimbabwe;Monthly;Capital Account;Capital transfers;Capital account balance;3,480938385;USD million
01/07/87;ZWE;Zimbabwe;Monthly;Capital Account;Capital transfers;Capital account balance;7,246467886;USD million
01/08/87;ZWE;Zimbabwe;Monthly;Capital Account;Capital transfers;Capital account balance;7,512655058;USD million
01/09/87;ZWE;Zimbabwe;Monthly;Capital Account;Capital transfers;Capital account balance;4,302319542;USD million
01/10/87;ZWE;Zimbabwe;Monthly;Capital Account;Capital transfers;Capital account balance;4,443564691;USD million
01/11/87;ZWE;Zimbabwe;Monthly;Capital Account;Capital transfers;Capital account balance;7,681814155;USD million
01/12/87;ZWE;Zimbabwe;Monthly;Capital Account;Capital transfers;Capital account balance;-1,281074808;USD million
01/01/88;ZWE;Zimbabwe;Monthly;Capital Account;Capital transfers;Capital account balance;4,157935116;USD million
01/02/88;ZWE;Zimbabwe;Monthly;Capital Account;Capital transfers;Capital account balance;2,141132138;USD million
01/03/88;ZWE;Zimbabwe;Monthly;Capital Account;Capital transfers;Capital account balance;6,268024096;USD million
01/04/88;ZWE;Zimbabwe;Monthly;Capital Account;Capital transfers;Capital account balance;5,330426352;USD million
01/05/88;ZWE;Zimbabwe;Monthly;Capital Account;Capital transfers;Capital account balance;7,142902051;USD million
01/06/88;ZWE;Zimbabwe;Monthly;Capital Account;Capital transfers;Capital account balance;6,303389752;USD million
01/07/88;ZWE;Zimbabwe;Monthly;Capital Account;Capital transfers;Capital account balance;3,062805384;USD million
01/08/88;ZWE;Zimbabwe;Monthly;Capital Account;Capital transfers;Capital account balance;-1,007985129;USD million
01/09/88;ZWE;Zimbabwe;Monthly;Capital Account;Capital transfers;Capital account balance;4,739339219;USD million
01/10/88;ZWE;Zimbabwe;Monthly;Capital Account;Capital transfers;Capital account balance;5,737530686;USD million
01/11/88;ZWE;Zimbabwe;Monthly;Capital Account;Capital transfers;Capital account balance;6,537574566;USD million
01/12/88;ZWE;Zimbabwe;Monthly;Capital Account;Capital transfers;Capital account balance;3,464911844;USD million
01/01/89;ZWE;Zimbabwe;Monthly;Capital Account;Capital transfers;Capital account balance;7,339265077;USD million
01/02/89;ZWE;Zimbabwe;Monthly;Capital Account;Capital transfers;Capital account balance;12,54848072;USD million
01/03/89;ZWE;Zimbabwe;Monthly;Capital Account;Capital transfers;Capital account balance;0,411850464;USD million
01/04/89;ZWE;Zimbabwe;Monthly;Capital Account;Capital transfers;Capital account balance;3,876573997;USD million
01/05/89;ZWE;Zimbabwe;Monthly;Capital Account;Capital transfers;Capital account balance;7,400327206;USD million
01/06/89;ZWE;Zimbabwe;Monthly;Capital Account;Capital transfers;Capital account balance;5,338366404;USD million
01/07/89;ZWE;Zimbabwe;Monthly;Capital Account;Capital transfers;Capital account balance;4,521205794;USD million
01/08/89;ZWE;Zimbabwe;Monthly;Capital Account;Capital transfers;Capital account balance;4,509121907;USD million
01/09/89;ZWE;Zimbabwe;Monthly;Capital Account;Capital transfers;Capital account balance;4,43079897;USD million
01/10/89;ZWE;Zimbabwe;Monthly;Capital Account;Capital transfers;Capital account balance;1,094049036;USD million
01/11/89;ZWE;Zimbabwe;Monthly;Capital Account;Capital transfers;Capital account balance;5,331156043;USD million
01/12/89;ZWE;Zimbabwe;Monthly;Capital Account;Capital transfers;Capital account balance;7,719382407;USD million
01/01/90;ZWE;Zimbabwe;Monthly;Capital Account;Capital transfers;Capital account balance;6,925256505;USD million
01/02/90;ZWE;Zimbabwe;Monthly;Capital Account;Capital transfers;Capital account balance;1,318571087;USD million
01/03/90;ZWE;Zimbabwe;Monthly;Capital Account;Capital transfers;Capital account balance;4,499223608;USD million
01/04/90;ZWE;Zimbabwe;Monthly;Capital Account;Capital transfers;Capital account balance;9,47080828;USD million
01/05/90;ZWE;Zimbabwe;Monthly;Capital Account;Capital transfers;Capital account balance;2,050286936;USD million
01/06/90;ZWE;Zimbabwe;Monthly;Capital Account;Capital transfers;Capital account balance;9,114191135;USD million
01/07/90;ZWE;Zimbabwe;Monthly;Capital Account;Capital transfers;Capital account balance;4,222211994;USD million
01/08/90;ZWE;Zimbabwe;Monthly;Capital Account;Capital transfers;Capital account balance;3,962708166;USD million
01/09/90;ZWE;Zimbabwe;Monthly;Capital Account;Capital transfers;Capital account balance;2,735035292;USD million
01/10/90;ZWE;Zimbabwe;Monthly;Capital Account;Capital transfers;Capital account balance;0,65537902;USD million
01/11/90;ZWE;Zimbabwe;Monthly;Capital Account;Capital transfers;Capital account balance;8,011265056;USD million
01/12/90;ZWE;Zimbabwe;Monthly;Capital Account;Capital transfers;Capital account balance;6,055512101;USD million
01/01/91;ZWE;Zimbabwe;Monthly;Capital Account;Capital transfers;Capital account balance;0,849240503;USD million
01/02/91;ZWE;Zimbabwe;Monthly;Capital Account;Capital transfers;Capital account balance;9,183340214;USD million
01/03/91;ZWE;Zimbabwe;Monthly;Capital Account;Capital transfers;Capital account balance;5,339273832;USD million
01/04/91;ZWE;Zimbabwe;Monthly;Capital Account;Capital transfers;Capital account balance;6,254735057;USD million
01/05/91;ZWE;Zimbabwe;Monthly;Capital Account;Capital transfers;Capital account balance;2,790534725;USD million
01/06/91;ZWE;Zimbabwe;Monthly;Capital Account;Capital transfers;Capital account balance;5,756513992;USD million
01/07/91;ZWE;Zimbabwe;Monthly;Capital Account;Capital transfers;Capital account balance;3,646566864;USD million
01/08/91;ZWE;Zimbabwe;Monthly;Capital Account;Capital transfers;Capital account balance;3,997144564;USD million
01/09/91;ZWE;Zimbabwe;Monthly;Capital Account;Capital transfers;Capital account balance;3,180937668;USD million
01/10/91;ZWE;Zimbabwe;Monthly;Capital Account;Capital transfers;Capital account balance;-0,000447516;USD million
01/11/91;ZWE;Zimbabwe;Monthly;Capital Account;Capital transfers;Capital account balance;6,222346924;USD million
01/12/91;ZWE;Zimbabwe;Monthly;Capital Account;Capital transfers;Capital account balance;3,043742856;USD million
01/01/92;ZWE;Zimbabwe;Monthly;Capital Account;Capital transfers;Capital account balance;7,369489682;USD million
01/02/92;ZWE;Zimbabwe;Monthly;Capital Account;Capital transfers;Capital account balance;2,246588962;USD million
01/03/92;ZWE;Zimbabwe;Monthly;Capital Account;Capital transfers;Capital account balance;-1,195360888;USD million
01/04/92;ZWE;Zimbabwe;Monthly;Capital Account;Capital transfers;Capital account balance;11,45433957;USD million
01/05/92;ZWE;Zimbabwe;Monthly;Capital Account;Capital transfers;Capital account balance;3,100811482;USD million
01/06/92;ZWE;Zimbabwe;Monthly;Capital Account;Capital transfers;Capital account balance;3,639381618;USD million
01/07/92;ZWE;Zimbabwe;Monthly;Capital Account;Capital transfers;Capital account balance;5,022542643;USD million
01/08/92;ZWE;Zimbabwe;Monthly;Capital Account;Capital transfers;Capital account balance;6,306357893;USD million
01/09/92;ZWE;Zimbabwe;Monthly;Capital Account;Capital transfers;Capital account balance;3,049239714;USD million
01/10/92;ZWE;Zimbabwe;Monthly;Capital Account;Capital transfers;Capital account balance;2,893911759;USD million
01/11/92;ZWE;Zimbabwe;Monthly;Capital Account;Capital transfers;Capital account balance;11,6331032;USD million
01/12/92;ZWE;Zimbabwe;Monthly;Capital Account;Capital transfers;Capital account balance;-1,041791628;USD million
01/01/93;ZWE;Zimbabwe;Monthly;Capital Account;Capital transfers;Capital account balance;2,388889984;USD million
01/02/93;ZWE;Zimbabwe;Monthly;Capital Account;Capital transfers;Capital account balance;5,084847834;USD million
01/03/93;ZWE;Zimbabwe;Monthly;Capital Account;Capital transfers;Capital account balance;3,449899711;USD million
01/04/93;ZWE;Zimbabwe;Monthly;Capital Account;Capital transfers;Capital account balance;3,376485864;USD million
01/05/93;ZWE;Zimbabwe;Monthly;Capital Account;Capital transfers;Capital account balance;6,10399164;USD million
01/06/93;ZWE;Zimbabwe;Monthly;Capital Account;Capital transfers;Capital account balance;3,066154617;USD million
01/07/93;ZWE;Zimbabwe;Monthly;Capital Account;Capital transfers;Capital account balance;-0,048922518;USD million
01/08/93;ZWE;Zimbabwe;Monthly;Capital Account;Capital transfers;Capital account balance;0,835422769;USD million
01/09/93;ZWE;Zimbabwe;Monthly;Capital Account;Capital transfers;Capital account balance;10,14764483;USD million
01/10/93;ZWE;Zimbabwe;Monthly;Capital Account;Capital transfers;Capital account balance;2,889571031;USD million
01/11/93;ZWE;Zimbabwe;Monthly;Capital Account;Capital transfers;Capital account balance;0,827829297;USD million
01/12/93;ZWE;Zimbabwe;Monthly;Capital Account;Capital transfers;Capital account balance;5,720831565;USD million
01/01/94;ZWE;Zimbabwe;Monthly;Capital Account;Capital transfers;Capital account balance;10,55609355;USD million
01/02/94;ZWE;Zimbabwe;Monthly;Capital Account;Capital transfers;Capital account balance;4,907945209;USD million
01/03/94;ZWE;Zimbabwe;Monthly;Capital Account;Capital transfers;Capital account balance;3,714506075;USD million
01/04/94;ZWE;Zimbabwe;Monthly;Capital Account;Capital transfers;Capital account balance;5,482638258;USD million
01/05/94;ZWE;Zimbabwe;Monthly;Capital Account;Capital transfers;Capital account balance;5,451146574;USD million
01/06/94;ZWE;Zimbabwe;Monthly;Capital Account;Capital transfers;Capital account balance;9,613512891;USD million
01/07/94;ZWE;Zimbabwe;Monthly;Capital Account;Capital transfers;Capital account balance;3,055655452;USD million
01/08/94;ZWE;Zimbabwe;Monthly;Capital Account;Capital transfers;Capital account balance;8,512791647;USD million
01/09/94;ZWE;Zimbabwe;Monthly;Capital Account;Capital transfers;Capital account balance;4,5159086;USD million
01/10/94;ZWE;Zimbabwe;Monthly;Capital Account;Capital transfers;Capital account balance;8,707524894;USD million
01/11/94;ZWE;Zimbabwe;Monthly;Capital Account;Capital transfers;Capital account balance;4,582045244;USD million
01/12/94;ZWE;Zimbabwe;Monthly;Capital Account;Capital transfers;Capital account balance;0,793000604;USD million
01/01/95;ZWE;Zimbabwe;Monthly;Capital Account;Capital transfers;Capital account balance;7,825100247;USD million
01/02/95;ZWE;Zimbabwe;Monthly;Capital Account;Capital transfers;Capital account balance;2,08411502;USD million
01/03/95;ZWE;Zimbabwe;Monthly;Capital Account;Capital transfers;Capital account balance;7,238323557;USD million
01/04/95;ZWE;Zimbabwe;Monthly;Capital Account;Capital transfers;Capital account balance;11,7778036;USD million
01/05/95;ZWE;Zimbabwe;Monthly;Capital Account;Capital transfers;Capital account balance;9,077577975;USD million
01/06/95;ZWE;Zimbabwe;Monthly;Capital Account;Capital transfers;Capital account balance;7,186349528;USD million
01/07/95;ZWE;Zimbabwe;Monthly;Capital Account;Capital transfers;Capital account balance;1,888836842;USD million
01/08/95;ZWE;Zimbabwe;Monthly;Capital Account;Capital transfers;Capital account balance;8,517759247;USD million
01/09/95;ZWE;Zimbabwe;Monthly;Capital Account;Capital transfers;Capital account balance;11,09261434;USD million
01/10/95;ZWE;Zimbabwe;Monthly;Capital Account;Capital transfers;Capital account balance;5,816354097;USD million
01/11/95;ZWE;Zimbabwe;Monthly;Capital Account;Capital transfers;Capital account balance;7,363799655;USD million
01/12/95;ZWE;Zimbabwe;Monthly;Capital Account;Capital transfers;Capital account balance;7,390153012;USD million
01/01/96;ZWE;Zimbabwe;Monthly;Capital Account;Capital transfers;Capital account balance;4,743071101;USD million
01/02/96;ZWE;Zimbabwe;Monthly;Capital Account;Capital transfers;Capital account balance;5,033411715;USD million
01/03/96;ZWE;Zimbabwe;Monthly;Capital Account;Capital transfers;Capital account balance;2,58330725;USD million
01/04/96;ZWE;Zimbabwe;Monthly;Capital Account;Capital transfers;Capital account balance;3,05111375;USD million
01/05/96;ZWE;Zimbabwe;Monthly;Capital Account;Capital transfers;Capital account balance;7,649002308;USD million
01/06/96;ZWE;Zimbabwe;Monthly;Capital Account;Capital transfers;Capital account balance;4,131131181;USD million
01/07/96;ZWE;Zimbabwe;Monthly;Capital Account;Capital transfers;Capital account balance;-0,485193854;USD million
01/08/96;ZWE;Zimbabwe;Monthly;Capital Account;Capital transfers;Capital account balance;6,486353206;USD million
01/09/96;ZWE;Zimbabwe;Monthly;Capital Account;Capital transfers;Capital account balance;5,759022283;USD million
01/10/96;ZWE;Zimbabwe;Monthly;Capital Account;Capital transfers;Capital account balance;7,219522776;USD million
01/11/96;ZWE;Zimbabwe;Monthly;Capital Account;Capital transfers;Capital account balance;5,043723747;USD million
01/12/96;ZWE;Zimbabwe;Monthly;Capital Account;Capital transfers;Capital account balance;1,343123672;USD million
01/01/97;ZWE;Zimbabwe;Monthly;Capital Account;Capital transfers;Capital account balance;6,535794215;USD million
01/02/97;ZWE;Zimbabwe;Monthly;Capital Account;Capital transfers;Capital account balance;6,755668149;USD million
01/03/97;ZWE;Zimbabwe;Monthly;Capital Account;Capital transfers;Capital account balance;5,206211241;USD million
01/04/97;ZWE;Zimbabwe;Monthly;Capital Account;Capital transfers;Capital account balance;8,492711349;USD million
01/05/97;ZWE;Zimbabwe;Monthly;Capital Account;Capital transfers;Capital account balance;3,909160601;USD million
01/06/97;ZWE;Zimbabwe;Monthly;Capital Account;Capital transfers;Capital account balance;5,834489497;USD million
01/07/97;ZWE;Zimbabwe;Monthly;Capital Account;Capital transfers;Capital account balance;5,338098302;USD million
01/08/97;ZWE;Zimbabwe;Monthly;Capital Account;Capital transfers;Capital account balance;6,092125107;USD million
01/09/97;ZWE;Zimbabwe;Monthly;Capital Account;Capital transfers;Capital account balance;8,401563477;USD million
01/10/97;ZWE;Zimbabwe;Monthly;Capital Account;Capital transfers;Capital account balance;6,331699004;USD million
01/11/97;ZWE;Zimbabwe;Monthly;Capital Account;Capital transfers;Capital account balance;7,093743119;USD million
01/12/97;ZWE;Zimbabwe;Monthly;Capital Account;Capital transfers;Capital account balance;7,383801394;USD million
01/01/98;ZWE;Zimbabwe;Monthly;Capital Account;Capital transfers;Capital account balance;5,86717567;USD million
01/02/98;ZWE;Zimbabwe;Monthly;Capital Account;Capital transfers;Capital account balance;7,099269865;USD million
01/03/98;ZWE;Zimbabwe;Monthly;Capital Account;Capital transfers;Capital account balance;4,125030505;USD million
01/04/98;ZWE;Zimbabwe;Monthly;Capital Account;Capital transfers;Capital account balance;-0,234465455;USD million
01/05/98;ZWE;Zimbabwe;Monthly;Capital Account;Capital transfers;Capital account balance;4,514673549;USD million
01/06/98;ZWE;Zimbabwe;Monthly;Capital Account;Capital transfers;Capital account balance;4,754878542;USD million
01/07/98;ZWE;Zimbabwe;Monthly;Capital Account;Capital transfers;Capital account balance;-0,643952423;USD million
01/08/98;ZWE;Zimbabwe;Monthly;Capital Account;Capital transfers;Capital account balance;4,691022655;USD million
01/09/98;ZWE;Zimbabwe;Monthly;Capital Account;Capital transfers;Capital account balance;6,434099093;USD million
01/10/98;ZWE;Zimbabwe;Monthly;Capital Account;Capital transfers;Capital account balance;7,543142612;USD million
01/11/98;ZWE;Zimbabwe;Monthly;Capital Account;Capital transfers;Capital account balance;1,599606532;USD million
01/12/98;ZWE;Zimbabwe;Monthly;Capital Account;Capital transfers;Capital account balance;4,037305113;USD million
01/01/99;ZWE;Zimbabwe;Monthly;Capital Account;Capital transfers;Capital account balance;5,484545151;USD million
01/02/99;ZWE;Zimbabwe;Monthly;Capital Account;Capital transfers;Capital account balance;4,472804555;USD million
01/03/99;ZWE;Zimbabwe;Monthly;Capital Account;Capital transfers;Capital account balance;6,451908413;USD million
01/04/99;ZWE;Zimbabwe;Monthly;Capital Account;Capital transfers;Capital account balance;6,394204063;USD million
01/05/99;ZWE;Zimbabwe;Monthly;Capital Account;Capital transfers;Capital account balance;2,891261636;USD million
01/06/99;ZWE;Zimbabwe;Monthly;Capital Account;Capital transfers;Capital account balance;9,410334614;USD million
01/07/99;ZWE;Zimbabwe;Monthly;Capital Account;Capital transfers;Capital account balance;0,902194487;USD million
01/08/99;ZWE;Zimbabwe;Monthly;Capital Account;Capital transfers;Capital account balance;9,601212751;USD million
01/09/99;ZWE;Zimbabwe;Monthly;Capital Account;Capital transfers;Capital account balance;6,675879797;USD million
01/10/99;ZWE;Zimbabwe;Monthly;Capital Account;Capital transfers;Capital account balance;4,796309229;USD million
01/11/99;ZWE;Zimbabwe;Monthly;Capital Account;Capital transfers;Capital account balance;2,596691205;USD million
01/12/99;ZWE;Zimbabwe;Monthly;Capital Account;Capital transfers;Capital account balance;5,281258144;USD million
01/01/00;ZWE;Zimbabwe;Monthly;Capital Account;Capital transfers;Capital account balance;5,022723668;USD million
01/02/00;ZWE;Zimbabwe;Monthly;Capital Account;Capital transfers;Capital account balance;-1,250130843;USD million
01/03/00;ZWE;Zimbabwe;Monthly;Capital Account;Capital transfers;Capital account balance;7,787494862;USD million
01/04/00;ZWE;Zimbabwe;Monthly;Capital Account;Capital transfers;Capital account balance;4,182646349;USD million
01/05/00;ZWE;Zimbabwe;Monthly;Capital Account;Capital transfers;Capital account balance;7,662160412;USD million
01/06/00;ZWE;Zimbabwe;Monthly;Capital Account;Capital transfers;Capital account balance;2,002194913;USD million
01/07/00;ZWE;Zimbabwe;Monthly;Capital Account;Capital transfers;Capital account balance;4,979238778;USD million
01/08/00;ZWE;Zimbabwe;Monthly;Capital Account;Capital transfers;Capital account balance;3,910810911;USD million
01/09/00;ZWE;Zimbabwe;Monthly;Capital Account;Capital transfers;Capital account balance;6,673517036;USD million
01/10/00;ZWE;Zimbabwe;Monthly;Capital Account;Capital transfers;Capital account balance;15,96781959;USD million
01/11/00;ZWE;Zimbabwe;Monthly;Capital Account;Capital transfers;Capital account balance;1,915623828;USD million
01/12/00;ZWE;Zimbabwe;Monthly;Capital Account;Capital transfers;Capital account balance;4,300263351;USD million
01/01/01;ZWE;Zimbabwe;Monthly;Capital Account;Capital transfers;Capital account balance;1,883266042;USD million
01/02/01;ZWE;Zimbabwe;Monthly;Capital Account;Capital transfers;Capital account balance;9,496737213;USD million
01/03/01;ZWE;Zimbabwe;Monthly;Capital Account;Capital transfers;Capital account balance;6,519567143;USD million
01/04/01;ZWE;Zimbabwe;Monthly;Capital Account;Capital transfers;Capital account balance;4,55586136;USD million
01/05/01;ZWE;Zimbabwe;Monthly;Capital Account;Capital transfers;Capital account balance;0,610141554;USD million
01/06/01;ZWE;Zimbabwe;Monthly;Capital Account;Capital transfers;Capital account balance;5,215169035;USD million
01/07/01;ZWE;Zimbabwe;Monthly;Capital Account;Capital transfers;Capital account balance;7,034762078;USD million
01/08/01;ZWE;Zimbabwe;Monthly;Capital Account;Capital transfers;Capital account balance;2,475266353;USD million
01/09/01;ZWE;Zimbabwe;Monthly;Capital Account;Capital transfers;Capital account balance;8,451663081;USD million
01/10/01;ZWE;Zimbabwe;Monthly;Capital Account;Capital transfers;Capital account balance;6,131182107;USD million
01/11/01;ZWE;Zimbabwe;Monthly;Capital Account;Capital transfers;Capital account balance;8,741309477;USD million
01/12/01;ZWE;Zimbabwe;Monthly;Capital Account;Capital transfers;Capital account balance;3,393457217;USD million
01/01/02;ZWE;Zimbabwe;Monthly;Capital Account;Capital transfers;Capital account balance;11,71439666;USD million
01/02/02;ZWE;Zimbabwe;Monthly;Capital Account;Capital transfers;Capital account balance;4,123671471;USD million
01/03/02;ZWE;Zimbabwe;Monthly;Capital Account;Capital transfers;Capital account balance;11,82329191;USD million
01/04/02;ZWE;Zimbabwe;Monthly;Capital Account;Capital transfers;Capital account balance;-2,683875094;USD million
01/05/02;ZWE;Zimbabwe;Monthly;Capital Account;Capital transfers;Capital account balance;8,113073897;USD million
01/06/02;ZWE;Zimbabwe;Monthly;Capital Account;Capital transfers;Capital account balance;-0,189943862;USD million
01/07/02;ZWE;Zimbabwe;Monthly;Capital Account;Capital transfers;Capital account balance;5,006423209;USD million
01/08/02;ZWE;Zimbabwe;Monthly;Capital Account;Capital transfers;Capital account balance;3,232600711;USD million
01/09/02;ZWE;Zimbabwe;Monthly;Capital Account;Capital transfers;Capital account balance;4,370096204;USD million
01/10/02;ZWE;Zimbabwe;Monthly;Capital Account;Capital transfers;Capital account balance;6,163103918;USD million
01/11/02;ZWE;Zimbabwe;Monthly;Capital Account;Capital transfers;Capital account balance;5,061825584;USD million
01/12/02;ZWE;Zimbabwe;Monthly;Capital Account;Capital transfers;Capital account balance;10,26904885;USD million
01/01/03;ZWE;Zimbabwe;Monthly;Capital Account;Capital transfers;Capital account balance;8,118555938;USD million
01/02/03;ZWE;Zimbabwe;Monthly;Capital Account;Capital transfers;Capital account balance;3,762099374;USD million
01/03/03;ZWE;Zimbabwe;Monthly;Capital Account;Capital transfers;Capital account balance;1,037467742;USD million
01/04/03;ZWE;Zimbabwe;Monthly;Capital Account;Capital transfers;Capital account balance;8,9407957;USD million
01/05/03;ZWE;Zimbabwe;Monthly;Capital Account;Capital transfers;Capital account balance;4,411400096;USD million
01/06/03;ZWE;Zimbabwe;Monthly;Capital Account;Capital transfers;Capital account balance;9,990071186;USD million
01/07/03;ZWE;Zimbabwe;Monthly;Capital Account;Capital transfers;Capital account balance;9,275179903;USD million
01/08/03;ZWE;Zimbabwe;Monthly;Capital Account;Capital transfers;Capital account balance;2,718656321;USD million
01/09/03;ZWE;Zimbabwe;Monthly;Capital Account;Capital transfers;Capital account balance;4,621126303;USD million
01/10/03;ZWE;Zimbabwe;Monthly;Capital Account;Capital transfers;Capital account balance;5,814230008;USD million
01/11/03;ZWE;Zimbabwe;Monthly;Capital Account;Capital transfers;Capital account balance;2,310118248;USD million
01/12/03;ZWE;Zimbabwe;Monthly;Capital Account;Capital transfers;Capital account balance;3,907667934;USD million
01/01/04;ZWE;Zimbabwe;Monthly;Capital Account;Capital transfers;Capital account balance;1,349441252;USD million
01/02/04;ZWE;Zimbabwe;Monthly;Capital Account;Capital transfers;Capital account balance;5,056682396;USD million
01/03/04;ZWE;Zimbabwe;Monthly;Capital Account;Capital transfers;Capital account balance;9,77498592;USD million
01/04/04;ZWE;Zimbabwe;Monthly;Capital Account;Capital transfers;Capital account balance;3,620732886;USD million
01/05/04;ZWE;Zimbabwe;Monthly;Capital Account;Capital transfers;Capital account balance;8,895424469;USD million
01/06/04;ZWE;Zimbabwe;Monthly;Capital Account;Capital transfers;Capital account balance;3,595280775;USD million
01/07/04;ZWE;Zimbabwe;Monthly;Capital Account;Capital transfers;Capital account balance;4,139925222;USD million
01/08/04;ZWE;Zimbabwe;Monthly;Capital Account;Capital transfers;Capital account balance;9,032559576;USD million
01/09/04;ZWE;Zimbabwe;Monthly;Capital Account;Capital transfers;Capital account balance;4,297463507;USD million
01/10/04;ZWE;Zimbabwe;Monthly;Capital Account;Capital transfers;Capital account balance;5,961860896;USD million
01/11/04;ZWE;Zimbabwe;Monthly;Capital Account;Capital transfers;Capital account balance;4,06666817;USD million
01/12/04;ZWE;Zimbabwe;Monthly;Capital Account;Capital transfers;Capital account balance;8,318159354;USD million
01/01/05;ZWE;Zimbabwe;Monthly;Capital Account;Capital transfers;Capital account balance;1,168564069;USD million
01/02/05;ZWE;Zimbabwe;Monthly;Capital Account;Capital transfers;Capital account balance;5,326955223;USD million
01/03/05;ZWE;Zimbabwe;Monthly;Capital Account;Capital transfers;Capital account balance;4,982251785;USD million
01/04/05;ZWE;Zimbabwe;Monthly;Capital Account;Capital transfers;Capital account balance;4,995933929;USD million
01/05/05;ZWE;Zimbabwe;Monthly;Capital Account;Capital transfers;Capital account balance;7,979652997;USD million
01/06/05;ZWE;Zimbabwe;Monthly;Capital Account;Capital transfers;Capital account balance;7,306846175;USD million
01/07/05;ZWE;Zimbabwe;Monthly;Capital Account;Capital transfers;Capital account balance;0,64879039;USD million
01/08/05;ZWE;Zimbabwe;Monthly;Capital Account;Capital transfers;Capital account balance;9,060199269;USD million
01/09/05;ZWE;Zimbabwe;Monthly;Capital Account;Capital transfers;Capital account balance;2,556447184;USD million
01/10/05;ZWE;Zimbabwe;Monthly;Capital Account;Capital transfers;Capital account balance;3,180219226;USD million
01/11/05;ZWE;Zimbabwe;Monthly;Capital Account;Capital transfers;Capital account balance;2,597284465;USD million
01/12/05;ZWE;Zimbabwe;Monthly;Capital Account;Capital transfers;Capital account balance;4,221281716;USD million
01/01/06;ZWE;Zimbabwe;Monthly;Capital Account;Capital transfers;Capital account balance;-0,287469288;USD million
01/02/06;ZWE;Zimbabwe;Monthly;Capital Account;Capital transfers;Capital account balance;4,092074727;USD million
01/03/06;ZWE;Zimbabwe;Monthly;Capital Account;Capital transfers;Capital account balance;6,545231493;USD million
01/04/06;ZWE;Zimbabwe;Monthly;Capital Account;Capital transfers;Capital account balance;3,841254736;USD million
01/05/06;ZWE;Zimbabwe;Monthly;Capital Account;Capital transfers;Capital account balance;5,989656454;USD million
01/06/06;ZWE;Zimbabwe;Monthly;Capital Account;Capital transfers;Capital account balance;5,902432352;USD million
01/07/06;ZWE;Zimbabwe;Monthly;Capital Account;Capital transfers;Capital account balance;6,936923193;USD million
01/08/06;ZWE;Zimbabwe;Monthly;Capital Account;Capital transfers;Capital account balance;12,77409424;USD million
01/09/06;ZWE;Zimbabwe;Monthly;Capital Account;Capital transfers;Capital account balance;9,217469309;USD million
01/10/06;ZWE;Zimbabwe;Monthly;Capital Account;Capital transfers;Capital account balance;5,457602466;USD million
01/11/06;ZWE;Zimbabwe;Monthly;Capital Account;Capital transfers;Capital account balance;4,275212675;USD million
01/12/06;ZWE;Zimbabwe;Monthly;Capital Account;Capital transfers;Capital account balance;0,014911647;USD million
01/01/07;ZWE;Zimbabwe;Monthly;Capital Account;Capital transfers;Capital account balance;6,517424515;USD million
01/02/07;ZWE;Zimbabwe;Monthly;Capital Account;Capital transfers;Capital account balance;5,562538756;USD million
01/03/07;ZWE;Zimbabwe;Monthly;Capital Account;Capital transfers;Capital account balance;1,779946858;USD million
01/04/07;ZWE;Zimbabwe;Monthly;Capital Account;Capital transfers;Capital account balance;7,438824301;USD million
01/05/07;ZWE;Zimbabwe;Monthly;Capital Account;Capital transfers;Capital account balance;6,675672311;USD million
01/06/07;ZWE;Zimbabwe;Monthly;Capital Account;Capital transfers;Capital account balance;2,829478592;USD million
01/07/07;ZWE;Zimbabwe;Monthly;Capital Account;Capital transfers;Capital account balance;3,096653571;USD million
01/08/07;ZWE;Zimbabwe;Monthly;Capital Account;Capital transfers;Capital account balance;4,110787543;USD million
01/09/07;ZWE;Zimbabwe;Monthly;Capital Account;Capital transfers;Capital account balance;6,070451287;USD million
01/10/07;ZWE;Zimbabwe;Monthly;Capital Account;Capital transfers;Capital account balance;6,186498467;USD million
01/11/07;ZWE;Zimbabwe;Monthly;Capital Account;Capital transfers;Capital account balance;5,54772138;USD million
01/12/07;ZWE;Zimbabwe;Monthly;Capital Account;Capital transfers;Capital account balance;3,30617464;USD million
01/01/08;ZWE;Zimbabwe;Monthly;Capital Account;Capital transfers;Capital account balance;10,84795779;USD million
01/02/08;ZWE;Zimbabwe;Monthly;Capital Account;Capital transfers;Capital account balance;3,299682825;USD million
01/03/08;ZWE;Zimbabwe;Monthly;Capital Account;Capital transfers;Capital account balance;4,496463518;USD million
01/04/08;ZWE;Zimbabwe;Monthly;Capital Account;Capital transfers;Capital account balance;8,958140082;USD million
01/05/08;ZWE;Zimbabwe;Monthly;Capital Account;Capital transfers;Capital account balance;4,168799893;USD million
01/06/08;ZWE;Zimbabwe;Monthly;Capital Account;Capital transfers;Capital account balance;3,739171582;USD million
01/07/08;ZWE;Zimbabwe;Monthly;Capital Account;Capital transfers;Capital account balance;10,94935833;USD million
01/08/08;ZWE;Zimbabwe;Monthly;Capital Account;Capital transfers;Capital account balance;5,771834466;USD million
01/09/08;ZWE;Zimbabwe;Monthly;Capital Account;Capital transfers;Capital account balance;6,54492146;USD million
01/10/08;ZWE;Zimbabwe;Monthly;Capital Account;Capital transfers;Capital account balance;2,333729873;USD million
01/11/08;ZWE;Zimbabwe;Monthly;Capital Account;Capital transfers;Capital account balance;3,61861276;USD million
01/12/08;ZWE;Zimbabwe;Monthly;Capital Account;Capital transfers;Capital account balance;10,76708235;USD million
01/01/09;ZWE;Zimbabwe;Monthly;Capital Account;Capital transfers;Capital account balance;0,700547638;USD million
01/02/09;ZWE;Zimbabwe;Monthly;Capital Account;Capital transfers;Capital account balance;5,578269315;USD million
01/03/09;ZWE;Zimbabwe;Monthly;Capital Account;Capital transfers;Capital account balance;5,79395849;USD million
01/04/09;ZWE;Zimbabwe;Monthly;Capital Account;Capital transfers;Capital account balance;3,214254518;USD million
01/05/09;ZWE;Zimbabwe;Monthly;Capital Account;Capital transfers;Capital account balance;2,0297227;USD million
01/06/09;ZWE;Zimbabwe;Monthly;Capital Account;Capital transfers;Capital account balance;7,493587533;USD million
01/07/09;ZWE;Zimbabwe;Monthly;Capital Account;Capital transfers;Capital account balance;10,57579905;USD million
01/08/09;ZWE;Zimbabwe;Monthly;Capital Account;Capital transfers;Capital account balance;0,317578256;USD million
01/09/09;ZWE;Zimbabwe;Monthly;Capital Account;Capital transfers;Capital account balance;3,926513944;USD million
01/10/09;ZWE;Zimbabwe;Monthly;Capital Account;Capital transfers;Capital account balance;7,769178108;USD million
01/11/09;ZWE;Zimbabwe;Monthly;Capital Account;Capital transfers;Capital account balance;2,083294616;USD million
01/12/09;ZWE;Zimbabwe;Monthly;Capital Account;Capital transfers;Capital account balance;1,651938113;USD million
01/01/10;ZWE;Zimbabwe;Monthly;Capital Account;Capital transfers;Capital account balance;10,41845091;USD million
01/02/10;ZWE;Zimbabwe;Monthly;Capital Account;Capital transfers;Capital account balance;6,187240411;USD million
01/03/10;ZWE;Zimbabwe;Monthly;Capital Account;Capital transfers;Capital account balance;8,338765951;USD million
01/04/10;ZWE;Zimbabwe;Monthly;Capital Account;Capital transfers;Capital account balance;8,978917487;USD million
01/05/10;ZWE;Zimbabwe;Monthly;Capital Account;Capital transfers;Capital account balance;6,367046543;USD million
01/06/10;ZWE;Zimbabwe;Monthly;Capital Account;Capital transfers;Capital account balance;4,740326939;USD million
01/07/10;ZWE;Zimbabwe;Monthly;Capital Account;Capital transfers;Capital account balance;3,985428155;USD million
01/08/10;ZWE;Zimbabwe;Monthly;Capital Account;Capital transfers;Capital account balance;0,445076599;USD million
01/09/10;ZWE;Zimbabwe;Monthly;Capital Account;Capital transfers;Capital account balance;4,413675535;USD million
01/10/10;ZWE;Zimbabwe;Monthly;Capital Account;Capital transfers;Capital account balance;6,367880851;USD million
01/11/10;ZWE;Zimbabwe;Monthly;Capital Account;Capital transfers;Capital account balance;1,916940918;USD million
01/12/10;ZWE;Zimbabwe;Monthly;Capital Account;Capital transfers;Capital account balance;0,879870324;USD million
01/01/11;ZWE;Zimbabwe;Monthly;Capital Account;Capital transfers;Capital account balance;4,541388648;USD million
01/02/11;ZWE;Zimbabwe;Monthly;Capital Account;Capital transfers;Capital account balance;8,157528914;USD million
01/03/11;ZWE;Zimbabwe;Monthly;Capital Account;Capital transfers;Capital account balance;6,307453411;USD million
01/04/11;ZWE;Zimbabwe;Monthly;Capital Account;Capital transfers;Capital account balance;5,836439579;USD million
01/05/11;ZWE;Zimbabwe;Monthly;Capital Account;Capital transfers;Capital account balance;4,80165786;USD million
01/06/11;ZWE;Zimbabwe;Monthly;Capital Account;Capital transfers;Capital account balance;7,584172349;USD million
01/07/11;ZWE;Zimbabwe;Monthly;Capital Account;Capital transfers;Capital account balance;4,34245937;USD million
01/08/11;ZWE;Zimbabwe;Monthly;Capital Account;Capital transfers;Capital account balance;6,464740773;USD million
01/09/11;ZWE;Zimbabwe;Monthly;Capital Account;Capital transfers;Capital account balance;3,149766288;USD million
01/10/11;ZWE;Zimbabwe;Monthly;Capital Account;Capital transfers;Capital account balance;3,695827407;USD million
01/11/11;ZWE;Zimbabwe;Monthly;Capital Account;Capital transfers;Capital account balance;3,035644605;USD million
01/12/11;ZWE;Zimbabwe;Monthly;Capital Account;Capital transfers;Capital account balance;3,48846962;USD million
01/01/12;ZWE;Zimbabwe;Monthly;Capital Account;Capital transfers;Capital account balance;3,247006122;USD million
01/02/12;ZWE;Zimbabwe;Monthly;Capital Account;Capital transfers;Capital account balance;5,235498798;USD million
01/03/12;ZWE;Zimbabwe;Monthly;Capital Account;Capital transfers;Capital account balance;4,989211953;USD million
01/04/12;ZWE;Zimbabwe;Monthly;Capital Account;Capital transfers;Capital account balance;5,065039176;USD million
01/05/12;ZWE;Zimbabwe;Monthly;Capital Account;Capital transfers;Capital account balance;1,914022819;USD million
01/06/12;ZWE;Zimbabwe;Monthly;Capital Account;Capital transfers;Capital account balance;2,519882341;USD million
01/07/12;ZWE;Zimbabwe;Monthly;Capital Account;Capital transfers;Capital account balance;6,14177411;USD million
01/08/12;ZWE;Zimbabwe;Monthly;Capital Account;Capital transfers;Capital account balance;-1,395915148;USD million
01/09/12;ZWE;Zimbabwe;Monthly;Capital Account;Capital transfers;Capital account balance;5,279542935;USD million
01/10/12;ZWE;Zimbabwe;Monthly;Capital Account;Capital transfers;Capital account balance;1,547147296;USD million
01/11/12;ZWE;Zimbabwe;Monthly;Capital Account;Capital transfers;Capital account balance;9,347789109;USD million
01/12/12;ZWE;Zimbabwe;Monthly;Capital Account;Capital transfers;Capital account balance;11,7583962;USD million
01/01/13;ZWE;Zimbabwe;Monthly;Capital Account;Capital transfers;Capital account balance;3,343979271;USD million
01/02/13;ZWE;Zimbabwe;Monthly;Capital Account;Capital transfers;Capital account balance;6,915493084;USD million
01/03/13;ZWE;Zimbabwe;Monthly;Capital Account;Capital transfers;Capital account balance;5,452360254;USD million
01/04/13;ZWE;Zimbabwe;Monthly;Capital Account;Capital transfers;Capital account balance;0,798587876;USD million
01/05/13;ZWE;Zimbabwe;Monthly;Capital Account;Capital transfers;Capital account balance;-1,5285746;USD million
01/06/13;ZWE;Zimbabwe;Monthly;Capital Account;Capital transfers;Capital account balance;3,779884436;USD million
01/07/13;ZWE;Zimbabwe;Monthly;Capital Account;Capital transfers;Capital account balance;7,130403572;USD million
01/08/13;ZWE;Zimbabwe;Monthly;Capital Account;Capital transfers;Capital account balance;8,832994919;USD million
01/09/13;ZWE;Zimbabwe;Monthly;Capital Account;Capital transfers;Capital account balance;4,373192868;USD million
01/10/13;ZWE;Zimbabwe;Monthly;Capital Account;Capital transfers;Capital account balance;3,740865722;USD million
01/11/13;ZWE;Zimbabwe;Monthly;Capital Account;Capital transfers;Capital account balance;11,65300347;USD million
01/12/13;ZWE;Zimbabwe;Monthly;Capital Account;Capital transfers;Capital account balance;3,72269321;USD million
01/01/14;ZWE;Zimbabwe;Monthly;Capital Account;Capital transfers;Capital account balance;-1,784299487;USD million
01/02/14;ZWE;Zimbabwe;Monthly;Capital Account;Capital transfers;Capital account balance;8,345566843;USD million
01/03/14;ZWE;Zimbabwe;Monthly;Capital Account;Capital transfers;Capital account balance;7,47457738;USD million
01/04/14;ZWE;Zimbabwe;Monthly;Capital Account;Capital transfers;Capital account balance;1,859546747;USD million
01/05/14;ZWE;Zimbabwe;Monthly;Capital Account;Capital transfers;Capital account balance;2,974932432;USD million
01/06/14;ZWE;Zimbabwe;Monthly;Capital Account;Capital transfers;Capital account balance;1,715177431;USD million
01/07/14;ZWE;Zimbabwe;Monthly;Capital Account;Capital transfers;Capital account balance;7,081881398;USD million
01/08/14;ZWE;Zimbabwe;Monthly;Capital Account;Capital transfers;Capital account balance;5,52956338;USD million
01/09/14;ZWE;Zimbabwe;Monthly;Capital Account;Capital transfers;Capital account balance;5,990160152;USD million
01/10/14;ZWE;Zimbabwe;Monthly;Capital Account;Capital transfers;Capital account balance;6,849392916;USD million
01/11/14;ZWE;Zimbabwe;Monthly;Capital Account;Capital transfers;Capital account balance;10,75453998;USD million
01/12/14;ZWE;Zimbabwe;Monthly;Capital Account;Capital transfers;Capital account balance;9,564404976;USD million
01/01/15;ZWE;Zimbabwe;Monthly;Capital Account;Capital transfers;Capital account balance;6,880821757;USD million
01/02/15;ZWE;Zimbabwe;Monthly;Capital Account;Capital transfers;Capital account balance;1,860030592;USD million
01/03/15;ZWE;Zimbabwe;Monthly;Capital Account;Capital transfers;Capital account balance;3,590841116;USD million
01/04/15;ZWE;Zimbabwe;Monthly;Capital Account;Capital transfers;Capital account balance;6,908182126;USD million
01/05/15;ZWE;Zimbabwe;Monthly;Capital Account;Capital transfers;Capital account balance;10,50391568;USD million
01/06/15;ZWE;Zimbabwe;Monthly;Capital Account;Capital transfers;Capital account balance;4,783009454;USD million
01/07/15;ZWE;Zimbabwe;Monthly;Capital Account;Capital transfers;Capital account balance;8,09856107;USD million
01/08/15;ZWE;Zimbabwe;Monthly;Capital Account;Capital transfers;Capital account balance;5,999602345;USD million
01/09/15;ZWE;Zimbabwe;Monthly;Capital Account;Capital transfers;Capital account balance;5,061236842;USD million
01/10/15;ZWE;Zimbabwe;Monthly;Capital Account;Capital transfers;Capital account balance;5,3486804;USD million
01/11/15;ZWE;Zimbabwe;Monthly;Capital Account;Capital transfers;Capital account balance;3,256019154;USD million
01/12/15;ZWE;Zimbabwe;Monthly;Capital Account;Capital transfers;Capital account balance;3,7479512;USD million
01/01/16;ZWE;Zimbabwe;Monthly;Capital Account;Capital transfers;Capital account balance;3,904709977;USD million
01/02/16;ZWE;Zimbabwe;Monthly;Capital Account;Capital transfers;Capital account balance;1,169765131;USD million
01/03/16;ZWE;Zimbabwe;Monthly;Capital Account;Capital transfers;Capital account balance;2,381861649;USD million
01/04/16;ZWE;Zimbabwe;Monthly;Capital Account;Capital transfers;Capital account balance;6,16359131;USD million
01/05/16;ZWE;Zimbabwe;Monthly;Capital Account;Capital transfers;Capital account balance;3,494149841;USD million
01/06/16;ZWE;Zimbabwe;Monthly;Capital Account;Capital transfers;Capital account balance;0,716169355;USD million
01/07/16;ZWE;Zimbabwe;Monthly;Capital Account;Capital transfers;Capital account balance;-0,13200173;USD million
01/08/16;ZWE;Zimbabwe;Monthly;Capital Account;Capital transfers;Capital account balance;0,96126261;USD million
01/09/16;ZWE;Zimbabwe;Monthly;Capital Account;Capital transfers;Capital account balance;5,056010917;USD million
01/10/16;ZWE;Zimbabwe;Monthly;Capital Account;Capital transfers;Capital account balance;4,147719551;USD million
01/11/16;ZWE;Zimbabwe;Monthly;Capital Account;Capital transfers;Capital account balance;7,436955947;USD million
01/12/16;ZWE;Zimbabwe;Monthly;Capital Account;Capital transfers;Capital account balance;3,965908715;USD million
01/01/17;ZWE;Zimbabwe;Monthly;Capital Account;Capital transfers;Capital account balance;-0,84946352;USD million
01/02/17;ZWE;Zimbabwe;Monthly;Capital Account;Capital transfers;Capital account balance;5,431926198;USD million
01/03/17;ZWE;Zimbabwe;Monthly;Capital Account;Capital transfers;Capital account balance;4,323164589;USD million
01/04/17;ZWE;Zimbabwe;Monthly;Capital Account;Capital transfers;Capital account balance;4,753311273;USD million
01/05/17;ZWE;Zimbabwe;Monthly;Capital Account;Capital transfers;Capital account balance;5,829783421;USD million
01/06/17;ZWE;Zimbabwe;Monthly;Capital Account;Capital transfers;Capital account balance;3,350626672;USD million
01/07/17;ZWE;Zimbabwe;Monthly;Capital Account;Capital transfers;Capital account balance;4,113114665;USD million
01/08/17;ZWE;Zimbabwe;Monthly;Capital Account;Capital transfers;Capital account balance;-0,003604349;USD million
01/09/17;ZWE;Zimbabwe;Monthly;Capital Account;Capital transfers;Capital account balance;5,657438106;USD million
01/10/17;ZWE;Zimbabwe;Monthly;Capital Account;Capital transfers;Capital account balance;3,972433081;USD million
01/11/17;ZWE;Zimbabwe;Monthly;Capital Account;Capital transfers;Capital account balance;5,127551275;USD million
01/12/17;ZWE;Zimbabwe;Monthly;Capital Account;Capital transfers;Capital account balance;4,166590015;USD million
01/01/18;ZWE;Zimbabwe;Monthly;Capital Account;Capital transfers;Capital account balance;2,350861346;USD million
01/02/18;ZWE;Zimbabwe;Monthly;Capital Account;Capital transfers;Capital account balance;9,807768396;USD million
01/03/18;ZWE;Zimbabwe;Monthly;Capital Account;Capital transfers;Capital account balance;10,27684156;USD million
01/04/18;ZWE;Zimbabwe;Monthly;Capital Account;Capital transfers;Capital account balance;3,358903281;USD million
01/05/18;ZWE;Zimbabwe;Monthly;Capital Account;Capital transfers;Capital account balance;5,133376652;USD million
01/06/18;ZWE;Zimbabwe;Monthly;Capital Account;Capital transfers;Capital account balance;5,244492663;USD million
01/07/18;ZWE;Zimbabwe;Monthly;Capital Account;Capital transfers;Capital account balance;12,16137295;USD million
01/08/18;ZWE;Zimbabwe;Monthly;Capital Account;Capital transfers;Capital account balance;8,450407178;USD million
01/09/18;ZWE;Zimbabwe;Monthly;Capital Account;Capital transfers;Capital account balance;2,519117243;USD million
01/10/18;ZWE;Zimbabwe;Monthly;Capital Account;Capital transfers;Capital account balance;6,831534932;USD million
01/11/18;ZWE;Zimbabwe;Monthly;Capital Account;Capital transfers;Capital account balance;6,507038016;USD million
01/12/18;ZWE;Zimbabwe;Monthly;Capital Account;Capital transfers;Capital account balance;6,959029111;USD million
01/01/19;ZWE;Zimbabwe;Monthly;Capital Account;Capital transfers;Capital account balance;-1,192410956;USD million
01/02/19;ZWE;Zimbabwe;Monthly;Capital Account;Capital transfers;Capital account balance;9,520774203;USD million
01/03/19;ZWE;Zimbabwe;Monthly;Capital Account;Capital transfers;Capital account balance;7,592266788;USD million
01/04/19;ZWE;Zimbabwe;Monthly;Capital Account;Capital transfers;Capital account balance;2,298619884;USD million
01/05/19;ZWE;Zimbabwe;Monthly;Capital Account;Capital transfers;Capital account balance;8,51625443;USD million
01/06/19;ZWE;Zimbabwe;Monthly;Capital Account;Capital transfers;Capital account balance;3,486857782;USD million
01/07/19;ZWE;Zimbabwe;Monthly;Capital Account;Capital transfers;Capital account balance;3,316473516;USD million
01/08/19;ZWE;Zimbabwe;Monthly;Capital Account;Capital transfers;Capital account balance;7,86296417;USD million
01/09/19;ZWE;Zimbabwe;Monthly;Capital Account;Capital transfers;Capital account balance;3,708515008;USD million
01/10/19;ZWE;Zimbabwe;Monthly;Capital Account;Capital transfers;Capital account balance;3,75882381;USD million
01/11/19;ZWE;Zimbabwe;Monthly;Capital Account;Capital transfers;Capital account balance;11,97754259;USD million
01/12/19;ZWE;Zimbabwe;Monthly;Capital Account;Capital transfers;Capital account balance;8,179752664;USD million
01/01/20;ZWE;Zimbabwe;Monthly;Capital Account;Capital transfers;Capital account balance;7,057550026;USD million
01/02/20;ZWE;Zimbabwe;Monthly;Capital Account;Capital transfers;Capital account balance;-3,534483457;USD million
01/03/20;ZWE;Zimbabwe;Monthly;Capital Account;Capital transfers;Capital account balance;5,038091842;USD million
01/04/20;ZWE;Zimbabwe;Monthly;Capital Account;Capital transfers;Capital account balance;6,48666624;USD million
01/05/20;ZWE;Zimbabwe;Monthly;Capital Account;Capital transfers;Capital account balance;7,982812111;USD million
01/06/20;ZWE;Zimbabwe;Monthly;Capital Account;Capital transfers;Capital account balance;6,166698138;USD million
01/07/20;ZWE;Zimbabwe;Monthly;Capital Account;Capital transfers;Capital account balance;3,896655395;USD million
01/08/20;ZWE;Zimbabwe;Monthly;Capital Account;Capital transfers;Capital account balance;2,610434908;USD million
01/09/20;ZWE;Zimbabwe;Monthly;Capital Account;Capital transfers;Capital account balance;1,405740524;USD million
01/10/20;ZWE;Zimbabwe;Monthly;Capital Account;Capital transfers;Capital account balance;5,212457384;USD million
01/11/20;ZWE;Zimbabwe;Monthly;Capital Account;Capital transfers;Capital account balance;2,702631449;USD million
01/12/20;ZWE;Zimbabwe;Monthly;Capital Account;Capital transfers;Capital account balance;0,609683012;USD million
01/01/21;ZWE;Zimbabwe;Monthly;Capital Account;Capital transfers;Capital account balance;8,756789701;USD million
01/02/21;ZWE;Zimbabwe;Monthly;Capital Account;Capital transfers;Capital account balance;6,26776265;USD million
01/03/21;ZWE;Zimbabwe;Monthly;Capital Account;Capital transfers;Capital account balance;10,36047823;USD million
01/04/21;ZWE;Zimbabwe;Monthly;Capital Account;Capital transfers;Capital account balance;1,371774006;USD million
01/05/21;ZWE;Zimbabwe;Monthly;Capital Account;Capital transfers;Capital account balance;4,366423392;USD million
01/06/21;ZWE;Zimbabwe;Monthly;Capital Account;Capital transfers;Capital account balance;5,176648748;USD million
01/07/21;ZWE;Zimbabwe;Monthly;Capital Account;Capital transfers;Capital account balance;-1,97276642;USD million
01/08/21;ZWE;Zimbabwe;Monthly;Capital Account;Capital transfers;Capital account balance;6,485272486;USD million
01/09/21;ZWE;Zimbabwe;Monthly;Capital Account;Capital transfers;Capital account balance;-0,719224148;USD million
01/10/21;ZWE;Zimbabwe;Monthly;Capital Account;Capital transfers;Capital account balance;2,780784844;USD million
01/11/21;ZWE;Zimbabwe;Monthly;Capital Account;Capital transfers;Capital account balance;1,214269983;USD million
01/12/21;ZWE;Zimbabwe;Monthly;Capital Account;Capital transfers;Capital account balance;9,464916728;USD million
01/01/22;ZWE;Zimbabwe;Monthly;Capital Account;Capital transfers;Capital account balance;9,844444417;USD million
01/02/22;ZWE;Zimbabwe;Monthly;Capital Account;Capital transfers;Capital account balance;10,76010325;USD million
01/03/22;ZWE;Zimbabwe;Monthly;Capital Account;Capital transfers;Capital account balance;6,974611238;USD million
01/04/22;ZWE;Zimbabwe;Monthly;Capital Account;Capital transfers;Capital account balance;6,076350498;USD million
01/05/22;ZWE;Zimbabwe;Monthly;Capital Account;Capital transfers;Capital account balance;1,406209605;USD million
01/06/22;ZWE;Zimbabwe;Monthly;Capital Account;Capital transfers;Capital account balance;7,050790315;USD million
01/07/22;ZWE;Zimbabwe;Monthly;Capital Account;Capital transfers;Capital account balance;4,550871567;USD million
01/08/22;ZWE;Zimbabwe;Monthly;Capital Account;Capital transfers;Capital account balance;5,517939351;USD million
01/09/22;ZWE;Zimbabwe;Monthly;Capital Account;Capital transfers;Capital account balance;3,741633914;USD million
01/10/22;ZWE;Zimbabwe;Monthly;Capital Account;Capital transfers;Capital account balance;-0,645522961;USD million
01/11/22;ZWE;Zimbabwe;Monthly;Capital Account;Capital transfers;Capital account balance;4,20112026;USD million
01/12/22;ZWE;Zimbabwe;Monthly;Capital Account;Capital transfers;Capital account balance;5,993945142;USD million
01/01/23;ZWE;Zimbabwe;Monthly;Capital Account;Capital transfers;Capital account balance;4,53711921;USD million
01/02/23;ZWE;Zimbabwe;Monthly;Capital Account;Capital transfers;Capital account balance;1,285086227;USD million
01/03/23;ZWE;Zimbabwe;Monthly;Capital Account;Capital transfers;Capital account balance;3,891840605;USD million
01/04/23;ZWE;Zimbabwe;Monthly;Capital Account;Capital transfers;Capital account balance;6,615337376;USD million
01/05/23;ZWE;Zimbabwe;Monthly;Capital Account;Capital transfers;Capital account balance;3,833954877;USD million
01/06/23;ZWE;Zimbabwe;Monthly;Capital Account;Capital transfers;Capital account balance;5,02778165;USD million
01/07/23;ZWE;Zimbabwe;Monthly;Capital Account;Capital transfers;Capital account balance;5,897761637;USD million
01/08/23;ZWE;Zimbabwe;Monthly;Capital Account;Capital transfers;Capital account balance;1,506944463;USD million
01/09/23;ZWE;Zimbabwe;Monthly;Capital Account;Capital transfers;Capital account balance;7,172179495;USD million
01/10/23;ZWE;Zimbabwe;Monthly;Capital Account;Capital transfers;Capital account balance;4,574094784;USD million
01/11/23;ZWE;Zimbabwe;Monthly;Capital Account;Capital transfers;Capital account balance;2,048537697;USD million
01/12/23;ZWE;Zimbabwe;Monthly;Capital Account;Capital transfers;Capital account balance;8,046527154;USD million
01/01/24;ZWE;Zimbabwe;Monthly;Capital Account;Capital transfers;Capital account balance;-1,473281894;USD million
01/02/24;ZWE;Zimbabwe;Monthly;Capital Account;Capital transfers;Capital account balance;3,655329757;USD million
01/03/24;ZWE;Zimbabwe;Monthly;Capital Account;Capital transfers;Capital account balance;2,03472076;USD million
01/04/24;ZWE;Zimbabwe;Monthly;Capital Account;Capital transfers;Capital account balance;5,734723753;USD million
01/05/24;ZWE;Zimbabwe;Monthly;Capital Account;Capital transfers;Capital account balance;2,17417249;USD million
01/06/24;ZWE;Zimbabwe;Monthly;Capital Account;Capital transfers;Capital account balance;-2,55497686;USD million
01/07/24;ZWE;Zimbabwe;Monthly;Capital Account;Capital transfers;Capital account balance;0,831170998;USD million
01/08/24;ZWE;Zimbabwe;Monthly;Capital Account;Capital transfers;Capital account balance;7,566693368;USD million
01/09/24;ZWE;Zimbabwe;Monthly;Capital Account;Capital transfers;Capital account balance;3,708503431;USD million
01/10/24;ZWE;Zimbabwe;Monthly;Capital Account;Capital transfers;Capital account balance;8,52761178;USD million
01/11/24;ZWE;Zimbabwe;Monthly;Capital Account;Capital transfers;Capital account balance;6,313762506;USD million
01/12/24;ZWE;Zimbabwe;Monthly;Capital Account;Capital transfers;Capital account balance;6,385373588;USD million
01/01/25;ZWE;Zimbabwe;Monthly;Capital Account;Capital transfers;Capital account balance;1,931042668;USD million
01/02/25;ZWE;Zimbabwe;Monthly;Capital Account;Capital transfers;Capital account balance;3,684836095;USD million
01/03/25;ZWE;Zimbabwe;Monthly;Capital Account;Capital transfers;Capital account balance;4,341792085;USD million
01/04/25;ZWE;Zimbabwe;Monthly;Capital Account;Capital transfers;Capital account balance;4,388015109;USD million
01/05/25;ZWE;Zimbabwe;Monthly;Capital Account;Capital transfers;Capital account balance;3,411985857;USD million
01/06/25;ZWE;Zimbabwe;Monthly;Capital Account;Capital transfers;Capital account balance;5,503641293;USD million
01/07/25;ZWE;Zimbabwe;Monthly;Capital Account;Capital transfers;Capital account balance;3,723856843;USD million
01/08/25;ZWE;Zimbabwe;Monthly;Capital Account;Capital transfers;Capital account balance;3,709619473;USD million
01/09/25;ZWE;Zimbabwe;Monthly;Capital Account;Capital transfers;Capital account balance;4,060918707;USD million
01/10/25;ZWE;Zimbabwe;Monthly;Capital Account;Capital transfers;Capital account balance;2,569518017;USD million
01/11/25;ZWE;Zimbabwe;Monthly;Capital Account;Capital transfers;Capital account balance;2,893647224;USD million
01/12/25;ZWE;Zimbabwe;Monthly;Capital Account;Capital transfers;Capital account balance;4,281951018;USD million
01/01/26;ZWE;Zimbabwe;Monthly;Capital Account;Capital transfers;Capital account balance;1,910777696;USD million
01/02/26;ZWE;Zimbabwe;Monthly;Capital Account;Capital transfers;Capital account balance;6,77421562;USD million
01/03/26;ZWE;Zimbabwe;Monthly;Capital Account;Capital transfers;Capital account balance;5,586531699;USD million
01/04/26;ZWE;Zimbabwe;Monthly;Capital Account;Capital transfers;Capital account balance;4,802763102;USD million
01/05/26;ZWE;Zimbabwe;Monthly;Capital Account;Capital transfers;Capital account balance;3,959668114;USD million
01/06/26;ZWE;Zimbabwe;Monthly;Capital Account;Capital transfers;Capital account balance;10,76044502;USD million
01/07/26;ZWE;Zimbabwe;Monthly;Capital Account;Capital transfers;Capital account balance;7,095146506;USD million
01/08/26;ZWE;Zimbabwe;Monthly;Capital Account;Capital transfers;Capital account balance;3,858648372;USD million
01/09/26;ZWE;Zimbabwe;Monthly;Capital Account;Capital transfers;Capital account balance;7,76110736;USD million