date;iso3;country;gdp_index;global_demand_index;world_trade_index;reer_index;nominal_fx_index;inflation_pct;terms_of_trade_index;rainfall_anomaly_sd;temperature_anomaly_c;drought_index;climate_shock_index;gold_price;platinum_price;coal_price;copper_price;tobacco_price;lithium_price;maize_price;crude_oil_price;petroleum_price
01/01/80;ZWE;Zimbabwe;99,74659067;101,1334895;101,8781694;100,8752048;0,93189029;7,044846304;99,13091594;0,630078481;-0,821300786;0;0,205325196;519,839895;439,1677457;50,7987514;1,262777048;1,442421906;4298,8195;95,91519404;25,87714808;27,94651625
01/02/80;ZWE;Zimbabwe;100,252576;99,66806599;102,1869823;102,1505766;0,939944557;4,03166582;99,39777506;-0,394214985;-0,63975021;0,394214985;0,554152537;522,7290952;455,1841851;51,40594082;1,249852951;1,502240939;4387,516526;96,99278368;24,82773568;25,19430907
01/03/80;ZWE;Zimbabwe;101,7906762;100,843142;101,1923383;100,3451042;0,933273389;5,13357557;99,69165987;-1,368106753;0,703572426;1,368106753;1,54399986;515,5227032;424,4256373;51,16637271;1,261727247;1,461953824;4729,315636;97,72063264;24,41141103;25,27365781
01/04/80;ZWE;Zimbabwe;101,0992853;99,15674152;101,7300524;100,3492222;0,973725109;8,402163205;96,65956501;-0,669501739;-0,203094388;0,669501739;0,720275336;504,6623047;441,3192895;56,7036537;1,229925726;1,584160902;4875,758;93,65377932;23,56330771;23,87876242
01/05/80;ZWE;Zimbabwe;100,8698517;98,71762082;103,2479088;98,9520262;0,950690236;7,331770661;99,53647937;-0,435194997;-0,019449523;0,435194997;0,440057378;513,2525022;461,5199708;58,91878549;1,155179991;1,570252619;4764,905455;93,22036454;22,92616287;22,36442863
01/06/80;ZWE;Zimbabwe;100,7629232;99,43882757;102,6242141;99,52975941;0,949328639;6,920177719;101,8629628;-0,127901928;0,740068159;0,127901928;0,312918968;488,3621591;453,2130965;61,24852294;1,193346965;1,52747432;4837,784771;92,20542343;22,690378;22,91699541
01/07/80;ZWE;Zimbabwe;99,27669433;100,0751814;102,4242576;99,39460273;0,93945542;4,248420036;98,01243441;0,079229817;0,307774406;0;0,076943601;497,9566618;458,6366342;61,01831738;1,286667569;1,425396964;4762,742325;89,94394146;21,40226577;22,51844045
01/08/80;ZWE;Zimbabwe;98,79803696;100,4135043;100,0799507;99,31574141;0,950015777;6,242172371;100,7867824;-0,668123425;0,793045351;0,668123425;0,866384762;477,3754111;470,131641;62,50992627;1,184072566;1,352720725;4920,699618;97,69780131;20,5007692;20,30346164
01/09/80;ZWE;Zimbabwe;98,69028912;99,94695323;102,1288673;99,4681044;0,935077951;3,975924916;103,2627654;-1,482497665;-0,143937893;1,482497665;1,518482138;491,9072014;469,5766954;64,52016024;1,214983159;1,363605028;5022,915698;100,8997102;21,85406316;23,36292046
01/10/80;ZWE;Zimbabwe;99,77669109;100,3559382;101,9457456;99,02457054;0,91527293;8,076002762;96,87561625;0,291805058;-0,558569701;0;0,139642425;491,2737334;457,2955582;63,70402711;1,214161047;1,394847244;3999,305125;102,3035208;23,32990807;24,08286817
01/11/80;ZWE;Zimbabwe;99,48435944;101,6192947;103,2143592;99,32104648;0,961813865;8,791697737;96,92320896;-0,111076302;0,675781863;0,111076302;0,280021768;510,766007;490,251723;66,81311026;1,274867236;1,376133684;4250,978428;102,700315;25,42527159;25,77720106
01/12/80;ZWE;Zimbabwe;98,22478034;102,3192364;101,9217476;99,7984699;0,986451666;8,061105676;93,28357155;-0,908828472;0,434522635;0,908828472;1,017459131;494,4515544;456,1711136;63,05261223;1,20196468;1,396012454;5302,354324;107,4925328;23,93235385;25,87083638
01/01/81;ZWE;Zimbabwe;96,96832969;103,9614884;99,9616384;100,1016451;0,98627939;9,619455236;93,06032464;-0,152231511;0,569420213;0,152231511;0,294586564;488,6753494;483,6165353;66,19669304;1,221213595;1,465977805;5731,805339;110,1747274;22,53464419;23,87033168
01/02/81;ZWE;Zimbabwe;97,46892696;104,0817411;100,1974112;99,37133247;1,02036347;6,703051311;95,28742319;1,284246557;0,953352327;0;0,238338082;481,0791856;490,2091999;67,12933271;1,274652297;1,478003049;6144,504931;110,960186;22,9283209;23,99285594
01/03/81;ZWE;Zimbabwe;99,26727299;104,4280884;101,0749789;103,3217927;1,030869459;6,18263935;99,08600652;0,833809393;0,61958173;0;0,154895432;446,2753548;468,3245687;66,38538899;1,297616558;1,577819045;6057,258716;106,721783;23,23248311;24,92783705
01/04/81;ZWE;Zimbabwe;100,5044643;104,8481549;98,98340117;104,6045768;1,023479002;6,505749174;107,9149162;0,488465519;-0,034082812;0;0,008520703;438,3798051;472,8428244;64,11766211;1,322103145;1,639855843;6621,404762;103,5641529;22,82894767;22,90900519
01/05/81;ZWE;Zimbabwe;100,9670001;106,0241341;100,2981592;108,6331666;1,04130108;8,22992592;106,1626558;1,035501229;0,43944966;0;0,109862415;444,3062766;478,2954744;68,53251348;1,335081102;1,660085145;6505,718817;101,6099599;22,36055886;24,86692665
01/06/81;ZWE;Zimbabwe;102,4853169;106,921572;99,84560383;108,7976457;1,047992987;9,664967906;107,1462398;-0,241227792;0,001916818;0,241227792;0,241706996;458,8892338;497,4116328;65,65035149;1,255563745;1,737781927;7416,510342;99,36942728;21,41231796;22,90642112
01/07/81;ZWE;Zimbabwe;102,2397432;106,9193002;100,6573339;109,0367275;1,041107707;6,893486752;104,6645254;-0,785123337;0,010635166;0,785123337;0,787782129;441,351954;483,5101686;64,32982225;1,285726595;1,756257115;8146,306797;95,56226274;20,44093572;21,06933425
01/08/81;ZWE;Zimbabwe;101,7361125;106,8539605;100,2455711;107,3937936;1,045304338;5,194471845;106,0306419;0,776443604;-1,971605977;0;0,492901494;456,1982038;458,4917934;62,62737199;1,309437557;1,757190225;8608,999933;100,1031173;18,67294237;19,31994548
01/09/81;ZWE;Zimbabwe;101,5179468;106,3635745;103,2227891;107,8742024;1,05915265;7,854490366;102,9096645;-0,036918202;-0,568887815;0,036918202;0,179140156;439,9763515;488,7345727;61,3002915;1,380490855;1,764108814;8575,931464;113,1869644;18,34437061;18,42240698
01/10/81;ZWE;Zimbabwe;101,9621335;107,9345283;102,3645635;108,8067412;1,089945563;8,63137095;98,7308957;0,967864771;1,268940161;0;0,31723504;450,0765842;479,5165844;58,51608433;1,415821204;1,770979825;8580,159757;116,6945123;18,09152487;18,27209375
01/11/81;ZWE;Zimbabwe;102,5819359;107,9369163;101,2789056;108,7104433;1,104523322;6,882470147;97,47920175;0,761056967;0,086886713;0;0,021721678;455,4845455;483,8039654;54,49243679;1,407060286;1,772595814;7887,555065;112,2283725;17,09482303;18,77112646
01/12/81;ZWE;Zimbabwe;103,3958321;106,0244112;101,5605298;108,2889244;1,19993558;8,634679452;96,79318777;0,178496377;0,665991503;0;0,166497876;446,8213524;490,4845583;54,63232246;1,320806996;1,831898041;7945,477743;115,4744646;15,92167557;16,85068812
01/01/82;ZWE;Zimbabwe;103,4265127;106,9423783;100,2011287;108,5524605;1,192352343;8,565860862;94,83123249;-0,756703532;-0,961229922;0,756703532;0,997011012;444,7544061;460,6377533;55,96034536;1,219921419;1,755817562;7856,511628;111,4422624;16,53034853;16,70439295
01/02/82;ZWE;Zimbabwe;104,3511653;107,244563;100,9718464;108,4850977;1,177905102;6,445075745;94,78563101;1,509547605;0,402451007;0;0,100612752;445,3341598;464,6703582;50,7086764;1,236622135;1,707529079;7834,448316;113,1650946;15,69587875;17,36518641
01/03/82;ZWE;Zimbabwe;104,97873;104,9888239;101,3688436;110,7410995;1,196537251;6,327183517;95,30043599;0,549516447;-0,106251461;0;0,026562865;462,9768539;439,4768004;48,26545335;1,19704989;1,791422934;7121,329468;117,9738794;14,62970962;15,14859022
01/04/82;ZWE;Zimbabwe;105,5643414;103,5876765;101,1060952;110,1674397;1,242185417;6,817839608;97,74046079;0,206101136;1,041062996;0;0,260265749;464,2920307;428,6016522;48,40011676;1,257247252;1,782286234;6864,304111;110,997122;13,88195754;14,29714726
01/05/82;ZWE;Zimbabwe;104,6228839;102,3045633;100,2193208;111,5042493;1,224829759;7,515069388;102,2553013;-1,149443381;-0,7178182;1,149443381;1,328897931;470,8234533;419,5223333;44,92946386;1,299546667;1,853422404;6866,441642;116,7868298;14,13837967;14,67226559
01/06/82;ZWE;Zimbabwe;104,3832739;102,8234428;101,341235;111,5808523;1,194884924;7,502773029;103,9666129;0,374039399;-0,128726608;0;0,032181652;457,9337205;422,8201024;38,91935819;1,316000495;1,74430293;7292,492001;114,1518362;13,65958818;13,95191276
01/07/82;ZWE;Zimbabwe;105,9157705;102,5998988;98,10050158;113,6511603;1,188627063;6,639699578;100,4552974;-1,540860847;0,489974789;1,540860847;1,663354544;446,4847728;458,7354212;36,73773626;1,301851731;1,744989211;7105,610383;121,5382558;13,51891286;13,10721476
01/08/82;ZWE;Zimbabwe;107,8618392;99,95991334;97,65960117;112,2509933;1,170285912;8,614952144;95,04552304;-0,278397583;-0,445166997;0,278397583;0,389689333;449,6249897;472,6906357;38,5880029;1,299660135;1,722583714;7444,223671;121,8628873;13,25594998;13,66297286
01/09/82;ZWE;Zimbabwe;107,5369706;101,7423542;96,10256144;110,345569;1,143274099;6,778947294;93,35324417;0,350023407;0,281074736;0;0,070268684;440,4817338;490,190433;35,8054605;1,377987575;1,801992719;7349,246179;125,3037458;12,28000826;12,76639597
01/10/82;ZWE;Zimbabwe;108,5249586;103,1074318;96,64143968;113,5411817;1,147132017;9,239504787;92,70589148;-1,593672546;-1,02212586;1,593672546;1,849204011;426,2173999;495,0014259;31,34860844;1,334531469;1,741444582;7853,097449;125,7994293;12,6017231;13,36419011
01/11/82;ZWE;Zimbabwe;109,0933892;103,6663018;97,56468265;114,663995;1,180955427;9,241645269;94,73976457;-0,978223854;-0,019373781;0,978223854;0,983067299;435,1511477;533,6309804;30,79500034;1,394498794;1,763956866;7175,004334;126,3773761;12,30636501;12,20360845
01/12/82;ZWE;Zimbabwe;108,5942758;102,785035;97,70162881;116,1051919;1,180038783;8,734138256;90,92417478;-0,475007182;-0,098767305;0,475007182;0,499699008;425,6487051;540,8863291;28,90597277;1,310049485;1,793257717;6997,203721;117,9839608;12,0377975;12,24659603
01/01/83;ZWE;Zimbabwe;108,4696003;100,1199958;96,83296041;115,3287733;1,150730137;9,06589311;91,04436013;0,675682281;-0,393720393;0;0,098430098;415,3268398;526,8388061;30,75885161;1,348965257;1,794187825;6784,330167;112,0265982;11,77861262;12,81324638
01/02/83;ZWE;Zimbabwe;108,4867248;97,43673501;95,45892702;114,46097;1,116783509;9,315063502;92,38370657;0,693494717;-0,791949868;0;0,197987467;402,5851289;544,909951;32,36563978;1,458560795;1,75313185;6549,48967;111,3013785;13,59808397;14,4726407
01/03/83;ZWE;Zimbabwe;108,8391857;99,47267863;96,02653212;115,4021295;1,160043373;7,532664982;91,48675901;1,441747287;1,0325478;0;0,25813695;385,5091335;561,5266326;34,08475969;1,549630372;1,709478045;7000,388028;108,1816672;11,84916649;12,85534496
01/04/83;ZWE;Zimbabwe;108,0653141;100,3286897;97,36635825;118,8436683;1,16458405;6,520021734;95,57526976;-0,870745119;-0,61035074;0,870745119;1,023332804;392,7209648;580,4659175;33,8333181;1,435293359;1,689221553;6779,786089;105,1047676;10,79233442;11,22633144
01/05/83;ZWE;Zimbabwe;107,3595358;100,2548775;98,37268728;118,8790539;1,21490603;5,932186265;94,49124657;-0,727088452;0,258533768;0,727088452;0,791721894;397,7766598;605,4733766;32,33282194;1,470681764;1,586706195;6735,181288;108,5073702;10,37650899;10,36183664
01/06/83;ZWE;Zimbabwe;107,6648378;101,7860852;99,47447302;124,1210106;1,178023898;6,220162389;94,36912535;-0,562918198;0,340145947;0,562918198;0,647954685;413,5293884;627,8155797;30,32503352;1,444448361;1,62043462;6785,039663;102,8073438;10,52167008;10,40279899
01/07/83;ZWE;Zimbabwe;108,4133826;102,6551249;98,5592809;121,9015083;1,195757461;6,388486115;97,55807302;0,477232109;-0,041857821;0;0,010464455;412,8767078;617,2728816;30,0178317;1,428646206;1,722645791;6385,101974;99,24808915;10,41197523;10,45819383
01/08/83;ZWE;Zimbabwe;108,3734012;102,491894;98,31334399;120,424822;1,200155211;6,547369923;100,6312734;0,239533602;0,587771079;0;0,14694277;413,5725548;628,9290265;29,39154361;1,319441643;1,771594939;6246,377879;99,58356095;9,967057273;10,29303717
01/09/83;ZWE;Zimbabwe;107,80368;104,4863599;95,89143617;122,4050267;1,160579126;6,726613884;103,4615651;-0,999253526;0,340059525;0,999253526;1,084268407;392,5477316;672,8258969;28,55111999;1,26257048;1,671382282;6387,48684;93,66045486;10,40004554;10,25227433
01/10/83;ZWE;Zimbabwe;109,2322658;104,3801937;94,20402641;123,3881836;1,109489032;6,007915208;108,4749038;-0,653062362;-0,774113364;0,653062362;0,846590703;409,2546947;738,8470157;28,91592606;1,294950758;1,688694363;6447,191811;95,23476908;10,18258592;11,24057704
01/11/83;ZWE;Zimbabwe;109,5928775;104,7834231;95,09275659;122,872601;1,092413143;5,720623744;114,0246813;-0,03636408;-0,264216853;0,03636408;0,102418294;414,1965949;729,9832296;28,46521265;1,205359781;1,691021008;5582,614203;93,8321047;9,696322231;10,14862321
01/12/83;ZWE;Zimbabwe;109,8094127;106,0013603;97,10107085;121,770087;1,080360451;7,935542351;112,4287327;-0,864537377;-0,134612151;0,864537377;0,898190415;416,925791;694,5999641;29,08148673;1,180220494;1,837797897;5821,20139;95,82629432;10,28755873;10,65270633
01/01/84;ZWE;Zimbabwe;111,0435087;106,4731167;96,93675821;124,1606888;1,075102642;5,432962449;110,5503244;1,811094772;0,705742463;0;0,176435616;416,8993295;710,027974;27,62405748;1,121069996;1,77215819;5776,992131;92,50622858;10,45665156;11,25439442
01/02/84;ZWE;Zimbabwe;111,5874607;106,9077174;97,99820769;123,9548374;1,066696178;6,518968538;102,2773129;0,062461906;-0,817888067;0;0,204472017;421,860132;639,0974881;28,732738;1,161807256;1,76958563;5712,969673;97,93557543;11,20524471;10,92371565
01/03/84;ZWE;Zimbabwe;112,4361573;110,5519104;100,503157;124,0760856;1,077652508;4,233735458;103,6617253;-0,351138725;0,562552865;0,351138725;0,491776941;424,3736549;627,330235;28,41940908;1,217748947;1,78694731;6060,53931;93,33690119;11,49340176;12,68757274
01/04/84;ZWE;Zimbabwe;112,3881364;110,2793765;100,0768066;120,7538976;1,065606713;5,140157109;106,5848019;1,470416088;0,326653441;0;0,08166336;434,9509635;641,8829822;27,02118878;1,215923243;1,830902442;5298,367633;92,68525465;12,00931199;12,44369282
01/05/84;ZWE;Zimbabwe;114,1079233;109,6760536;100,2295375;117,686601;1,096202246;5,375320509;103,099139;1,381204111;-0,123147059;0;0,030786765;426,3242053;593,9797129;26,62338711;1,145725482;1,789883383;4535,847527;94,72034213;12,01776051;12,73642797
01/06/84;ZWE;Zimbabwe;113,8077753;110,411373;101,2912074;114,3303982;1,052012159;7,062675603;98,15982621;-0,36962205;-0,18606976;0,36962205;0,41613949;410,7130099;564,5931546;27,31761971;1,126872585;1,817270048;4778,524805;96,2343359;11,05260894;11,62872024
01/07/84;ZWE;Zimbabwe;114,2221207;111,2856418;101,3870762;111,6038669;1,010624924;6,688645728;99,05503746;-0,805293914;-0,045145438;0,805293914;0,816580274;405,123287;568,3692392;28,57269036;1,103798678;1,91332027;4310,297908;100,894694;10,15535061;10,64489405
01/08/84;ZWE;Zimbabwe;114,4318812;108,8481659;101,5504824;111,0659491;1,038225466;6,583198511;101,287284;-0,129310061;0,211288428;0,129310061;0,182132168;418,566806;566,2081149;30,09819176;1,064257501;1,915601011;3686,22811;99,03137474;10,05213363;10,02391532
01/09/84;ZWE;Zimbabwe;114,4505996;107,3036088;100,4159654;108,7237027;1,003931215;5,03738551;103,6145898;-0,556570991;0,006143888;0,556570991;0,558106963;411,9811319;563,1300737;30,55732828;1,040398352;1,908973356;3594,682377;101,8035855;9,555853217;10,04138295
01/10/84;ZWE;Zimbabwe;114,11307;107,3544832;101,9160091;105,9213222;1,001481905;4,750936448;111,0403115;-1,334014065;-0,536675984;1,334014065;1,468183061;416,3554059;539,0514594;33,81356847;1,016667433;1,819599089;4433,025911;94,7292335;9,027772495;9,476810527
01/11/84;ZWE;Zimbabwe;115,1044754;106,5166472;99,48090022;105,7049253;0,953657778;4,884261141;111,589971;0,231108726;1,254387059;0;0,313596765;385,498528;482,6147549;33,48676118;0,969962569;1,823752037;4364,391697;92,05448046;9,777706974;10,47996759
01/12/84;ZWE;Zimbabwe;115,8587029;108,4024454;98,65595344;104,6848156;0,974837948;5,738655688;115,0307775;-0,290002392;0,177607744;0,290002392;0,334404328;377,5958333;507,2900177;32,78749369;0,941406259;1,946918546;4598,943335;92,02321454;9,424637778;9,554512455
01/01/85;ZWE;Zimbabwe;116,4299503;108,7227325;98,78306794;102,4360505;0,973739787;4,439714709;113,7908528;0,450359678;1,572462046;0;0,393115511;370,9742926;505,0746806;32,94971263;0,953868803;1,897955658;4924,291799;85,57131011;9,368983742;10,28894152
01/02/85;ZWE;Zimbabwe;117,5546588;109,6278512;98,17759548;105,7450146;1,006062322;6,206996009;113,0770332;-1,428458259;0,816817258;1,428458259;1,632662573;383,3984971;513,5304735;32,41726509;0,920797852;1,961715022;5336,448965;87,20024246;9,04373079;9,923213215
01/03/85;ZWE;Zimbabwe;117,1950308;109,504515;98,37953663;105,6952472;1,004871417;6,406755266;113,2807197;-0,399491138;0,457032333;0,399491138;0,513749221;397,2822721;528,8983397;31,22827335;0,833936322;1,938831749;4835,796408;89,31687041;8,670466659;8,966061025
01/04/85;ZWE;Zimbabwe;116,2071488;111,2534668;98,13305954;104,9981791;1,017728482;6,814318237;107,1414888;0,176569899;1,18961321;0;0,297403302;397,6362037;515,5912944;29,29757141;0,81324193;1,947871495;4734,331165;85,94950796;8,754460716;9,096916403
01/05/85;ZWE;Zimbabwe;117,0925504;109,9120254;96,56214698;106,6211502;1,007901361;5,465628565;108,1284339;0,386987185;-0,88647997;0;0,221619993;390,5422561;505,1061762;29,85927831;0,745703714;1,914675319;4547,304077;90,68729512;8,759449984;9,073368796
01/06/85;ZWE;Zimbabwe;116,8198597;112,6280887;98,73535336;104,2851797;0,987730761;6,647541745;99,54119809;0,665743475;0,550957862;0;0,137739465;407,1675767;486,4144897;28,84726057;0,778016861;1,881421651;4239,499537;90,052124;8,594570105;9,256148325
01/07/85;ZWE;Zimbabwe;116,840481;113,2603937;98,25987126;106,0335981;1,018466803;4,990200911;97,21897076;-0,410049503;1,638776247;0,410049503;0,819743565;397,1577673;505,9685131;28,02435507;0,807464645;1,894082801;4257,330749;86,88564863;8,837935286;9,618148227
01/08/85;ZWE;Zimbabwe;116,4886961;116,0572348;98,51133178;107,2220059;1,028123608;3,352680627;96,61231697;-0,629186848;0,623568039;0,629186848;0,785078857;393,6369607;503,9436416;25,71822954;0,80891556;1,860060236;3779,935637;90,89058238;9,870915245;10,22928511
01/09/85;ZWE;Zimbabwe;116,2327928;115,1767787;98,96013824;109,2517136;0,99825076;4,876893347;97,27789403;-2,62182003;-0,063793179;2,62182003;2,637768325;390,9391342;514,1812263;25,51857949;0,822725207;1,962027824;3859,162717;86,66256904;10,00861234;10,36007418
01/10/85;ZWE;Zimbabwe;117,2876881;111,9524037;98,76328024;108,190861;0,955412278;4,408361223;96,17115848;-1,047613037;-1,573584612;1,047613037;1,44100919;408,4877354;498,6231036;24,50161541;0,763935131;2,017232541;4224,023104;84,53217455;9,592843399;9,987269727
01/11/85;ZWE;Zimbabwe;117,1881273;109,1691617;99,13128162;108,0179976;0,936980441;5,250566546;97,63671897;-1,272420671;0,021837629;1,272420671;1,277880078;393,8936324;530,431662;25,01848942;0,761981843;1,997283925;4387,177156;82,87636195;9,087310613;9,817794742
01/12/85;ZWE;Zimbabwe;117,6313377;110,2987333;98,25611783;107,8077472;0,968775924;4,863902926;97,22325758;0,129774141;-0,248850936;0;0,062212734;373,7809192;530,8092299;25,84768883;0,756719887;2,018936225;4693,650625;85,25745735;8,59028124;8,914481784
01/01/86;ZWE;Zimbabwe;117,3996778;111,8865374;99,9900423;105,2209507;0,93827925;2,84980115;97,95396735;-0,637655171;0,381910264;0,637655171;0,733132738;385,0619748;526,1519605;24,81909578;0,837252156;1,976232859;4545,768321;82,08230571;8,302452403;8,911757614
01/02/86;ZWE;Zimbabwe;117,6327297;112,52031;100,3130665;107,2655204;0,94826855;3,654577069;99,74337209;1,168698235;0,417680852;0;0,104420213;400,048702;504,195234;24,03010983;0,872806019;2,013059918;4511,236842;78,9744482;8,052739285;8,381202021
01/03/86;ZWE;Zimbabwe;119,0768076;110,7404519;103,1069335;109,9366045;0,952198288;6,637328613;97,66944348;-0,977347362;-0,177646665;0,977347362;1,021759028;400,0860209;500,0544127;25,27085724;0,867240944;2,073790021;4519,064784;77,79086873;7,297973879;7,426564009
01/04/86;ZWE;Zimbabwe;119,5118096;111,3375438;104,7914749;109,9163467;0,96776614;5,569743895;98,25056357;0,250025671;0,111063883;0;0,027765971;404,2037648;522,2983868;28,32708673;0,88120384;2,16986947;4530,74031;74,96686983;6,728673667;7,347759543
01/05/86;ZWE;Zimbabwe;119,6491382;110,4603142;103,02601;110,1993988;0,975698419;2,546101946;98,43538452;0,832283139;-0,838774613;0;0,209693653;414,6853918;569,7922783;29,87636848;0,856175214;2,091108342;4634,692344;73,95917057;7,080112459;7,25989253
01/06/86;ZWE;Zimbabwe;121,103355;110,9006726;103,5607017;110,0389763;0,955150994;7,976110655;94,67389607;-1,790214208;0,220919305;1,790214208;1,845444034;411,7723338;552,7245171;30,83261226;0,880874058;2,179893024;4519,469808;71,63307626;7,440254588;7,884758363
01/07/86;ZWE;Zimbabwe;120,6601394;109,3897519;104,5192838;113,5013981;0,977121809;6,986757414;94,88253841;-0,168329324;-0,008267239;0,168329324;0,170396134;429,043843;551,8956775;31,54861449;0,822269298;2,11817389;4610,564826;68,47872701;6,790784091;7,083387138
01/08/86;ZWE;Zimbabwe;121,0005721;108,783594;105,8648013;112,3343412;0,975687485;5,178640297;94,10043452;0,897430512;0,714944506;0;0,178736126;414,2460858;579,9108886;32,05651934;0,800051067;2,196159798;4962,360737;71,41275063;6,207388839;6,743318052
01/09/86;ZWE;Zimbabwe;121,4311957;109,0844541;104,7417041;117,3895909;0,986717554;6,612966282;96,03312732;-1,453823151;0,0640823;1,453823151;1,469843726;432,9444151;577,9218255;34,61714701;0,759811283;2,148684017;4981,402218;71,16787081;6,327976735;6,743745146
01/10/86;ZWE;Zimbabwe;122,4714912;108,9309363;106,7443333;119,6403245;0,987442769;5,555348539;100,4330608;0,8007845;-0,336562556;0;0,084140639;443,1178942;626,1940625;32,18531572;0,726765544;2,131814282;4997,62988;70,82744332;6,29042383;6,378964397
01/11/86;ZWE;Zimbabwe;121,5557598;109,3826074;108,6649839;121,7822145;0,996168042;5,91610398;95,67367379;0,437022012;-1,01292445;0;0,253231113;461,7602907;627,2209362;34,36816686;0,737237955;2,236206076;5236,402551;70,05885207;6,571023427;6,764964549
01/12/86;ZWE;Zimbabwe;120,3893788;107,4731392;108,9289167;120,7502342;1,021856082;6,683141887;100,0309941;-1,632658792;0,669235524;1,632658792;1,799967673;466,4461677;627,922168;36,21064903;0,768999536;2,19794133;5563,143131;64,49973104;7,169509105;7,17987861
01/01/87;ZWE;Zimbabwe;122,0322161;107,9941428;108,9222387;121,8731672;1,03955128;4,588998743;96,69622339;-0,28365235;0,455853944;0,28365235;0,397615836;450,331998;639,6056096;38,08779556;0,769487836;2,385365652;6553,836396;70,80056387;7,325803442;7,465117188
01/02/87;ZWE;Zimbabwe;122,8478831;109,8642828;109,6517948;120,3075748;0,989903635;4,263700035;97,19955053;0,304739937;1,026886104;0;0,256721526;463,9927349;668,3750985;38,79694699;0,680528657;2,467828064;7134,99201;72,53113648;8,100204287;8,277644668
01/03/87;ZWE;Zimbabwe;124,8790391;109,953844;112,1116407;120,2068074;1,004368128;5,1856379;95,22095924;0,133351276;-0,324454065;0;0,081113516;467,6747033;682,6041211;39,52520072;0,688692528;2,350947325;7077,359136;71,36576737;8,050480738;8,230250274
01/04/87;ZWE;Zimbabwe;125,8647096;109,3722449;110,456042;120,5419764;0,964739289;7,10423189;94,03612836;1,349724683;0,599009787;0;0,149752447;438,4638628;663,8425573;39,27431792;0,63338776;2,427586447;6924,763395;73,50930261;7,77146962;8,051545298
01/05/87;ZWE;Zimbabwe;124,5113076;110,4445948;113,1119764;126,0237673;0,944514979;6,786417607;93,96238549;-0,414512127;0,173126923;0,414512127;0,457793858;438,728583;664,1109297;40,82285948;0,610898657;2,472417256;7039,674607;75,00855935;7,40645614;7,252505661
01/06/87;ZWE;Zimbabwe;122,3178378;111,9988423;114,78875;123,1067904;0,962258561;4,546918815;88,11922746;-0,599018502;0,55665933;0,599018502;0,738183334;429,3389592;689,0146431;39,9960875;0,650599087;2,456548713;7266,200719;76,40054864;7,250496739;7,454471286
01/07/87;ZWE;Zimbabwe;121,449504;112,6124004;112,2255835;121,4075193;0,925085455;5,401835425;83,33094127;0,607360727;0,132144119;0;0,03303603;415,8404939;747,6891404;40,54147469;0,687983931;2,531402972;6350,274917;77,30381836;7,225200878;7,626781711
01/08/87;ZWE;Zimbabwe;120,9923266;114,0055621;111,2763304;117,3062562;0,919113715;4,507397539;80,85544916;-0,176853497;0,154111094;0,176853497;0,21538127;407,3050598;807,4067608;40,17105291;0,673341362;2,501072708;6715,839131;74,88594928;7,056207377;7,26524226
01/09/87;ZWE;Zimbabwe;121,9619833;115,0067619;112,6371293;115,5596535;0,909354266;5,108636185;80,69575353;1,057740017;-0,314611114;0;0,078652778;400,0658134;792,2448112;43,78787616;0,645706582;2,544038941;6634,025153;75,29645827;6,283845099;6,566436103
01/10/87;ZWE;Zimbabwe;122,1198328;113,6548622;115,9960846;118,2236107;0,899584479;4,486394626;78,832579;1,470004519;-0,683748127;0;0,170937032;391,0435041;803,2366858;40,69446821;0,619717623;2,429252621;6368,79177;74,56100296;5,808318787;5,938181932
01/11/87;ZWE;Zimbabwe;121,2057355;113,0372511;116,3033439;121,8369355;0,941458109;5,301230126;80,28093937;0,60127044;-0,236348689;0;0,059087172;401,9871865;836,2290784;40,97628984;0,5803103;2,49659088;6783,749618;72,75523892;6,185735981;6,375277817
01/12/87;ZWE;Zimbabwe;120,6476045;110,8427077;114,2388597;121,204415;0,938043961;4,635114943;86,29570215;-1,203895493;-0,073058413;1,203895493;1,222160096;387,7817437;837,2392499;40,62420839;0,598174259;2,499892209;6705,875412;71,70005718;6,234966188;6,643735466
01/01/88;ZWE;Zimbabwe;121,4966898;112,5992386;112,2886127;121,7222055;0,964273487;3,783732127;91,43459143;0,087996073;-0,078677517;0;0,019669379;385,7717719;781,7309376;39,4688014;0,578276256;2,513742052;6124,564845;73,53026881;7,231033674;7,481846617
01/02/88;ZWE;Zimbabwe;122,6895361;110,8842776;113,305735;124,6763369;0,962282471;4,97913498;91,78363312;1,818939094;-0,146459643;0;0,036614911;393,4669245;774,2693021;36,72439123;0,566295021;2,462947333;6092,337094;71,97590246;7,622118498;7,918536837
01/03/88;ZWE;Zimbabwe;122,9681728;110,0113549;113,6141911;118,8764462;0,957011896;5,430617551;90,91192406;-0,015169353;-1,668287793;0,015169353;0,432241302;396,1425288;728,8859907;37,35485357;0,562701147;2,456840871;5960,811875;70,02862754;7,341051438;7,369438852
01/04/88;ZWE;Zimbabwe;122,1492873;111,1057899;114,0794036;118,6619156;0,961892487;6,164695826;85,33044993;1,702343181;-0,802691717;0;0,200672929;393,5119266;695,6301488;38,10052323;0,571886859;2,355368499;6628,197088;70,31710724;8,349816411;8,981090863
01/05/88;ZWE;Zimbabwe;121,153031;111,4691456;113,7883723;116,4648027;0,962122223;7,455703004;87,15253197;1,120054067;-0,873586684;0;0,218396671;381,0602421;686,269452;40,20211195;0,575140883;2,304962862;6584,07781;70,36796484;7,904710946;8,504277819
01/06/88;ZWE;Zimbabwe;119,8673983;112,28243;111,8785886;116,8148741;0,984353542;4,150037488;86,34035112;0,010927952;0,979048477;0;0,244762119;383,5529644;705,4890757;42,50474705;0,57093528;2,358705954;6733,154081;67,95229754;7,988589343;8,075866773
01/07/88;ZWE;Zimbabwe;121,4101559;113,9513823;113,3319797;120,7308955;1,069837304;4,767843904;86,19269528;0,209698642;0,293024725;0;0,073256181;372,9065956;688,994443;41,47359848;0,574548825;2,242627799;6390,719402;62,73546142;8,447289267;9,064242526
01/08/88;ZWE;Zimbabwe;121,147879;113,7592836;114,4162358;122,7507902;1,11304442;7,210043195;90,13147581;0,542235849;0,118499237;0;0,029624809;372,5160815;650,5202512;37,7396828;0,573867292;2,198963289;7170,610743;64,96902635;8,605797737;8,973422719
01/09/88;ZWE;Zimbabwe;121,9085279;113,0185417;117,1750231;122,5524506;1,120880453;6,360338835;89,66697832;-0,099114179;0,26326847;0,099114179;0,164931296;380,8856615;663,9042361;38,54483833;0,593473417;2,254954066;6790,334512;62,86937377;8,263413851;9,154585394
01/10/88;ZWE;Zimbabwe;122,3200135;111,692866;114,8504315;121,9978336;1,126009652;7,84943228;96,52757265;0,816153414;0,758164045;0;0,189541011;368,5006482;645,2469869;37,59914694;0,549991984;2,236561125;6631,744102;61,80667634;8,380898293;8,657483963
01/11/88;ZWE;Zimbabwe;123,1666621;112,4424624;117,4413697;123,0833297;1,075541308;5,311772522;99,41452511;0,85888334;-0,018276894;0;0,004569223;363,3866664;627,9113433;37,79548348;0,557613524;2,363446142;6165,909607;61,10959221;8,351633948;8,881492346
01/12/88;ZWE;Zimbabwe;124,1750534;116,2071522;117,2545044;126,0751024;1,041887062;4,995883917;95,35291782;1,315038336;-0,672848109;0;0,168212027;351,1563897;670,1610707;40,24403653;0,548485061;2,302203828;6810,015291;60,34842477;8,573335819;8,639889406
01/01/89;ZWE;Zimbabwe;122,330933;117,7782095;117,361594;126,9583416;1,06309813;7,106956663;97,73530352;-0,277821659;-0,283410257;0,277821659;0,348674223;356,9359455;677,3656359;39,72079637;0,555120206;2,352474856;7178,220637;58,50505932;9,227510495;9,377899668
01/02/89;ZWE;Zimbabwe;123,7933451;118,1831313;116,431594;128,9302884;1,054689203;5,417120353;99,25809823;1,777735927;-0,991709609;0;0,247927402;357,5940631;683,5357348;40,41088755;0,551110453;2,317142889;7360,942997;60,13934329;10,18512169;10,38220672
01/03/89;ZWE;Zimbabwe;124,2746135;119,2414623;118,8139683;132,8960967;1,05723597;6,093432947;91,00558324;0,653541789;-1,86029045;0;0,465072612;354,2089639;669,5830164;38,74792403;0,512713805;2,403341656;6984,747524;62,43740849;9,430863994;10,06291761
01/04/89;ZWE;Zimbabwe;125,1826532;123,1121021;118,2261809;133,9795417;1,104388288;6,592894001;85,79195103;1,329750534;0,187300361;0;0,04682509;364,6823865;678,8163501;39,11487236;0,506677197;2,387050913;6820,818391;60,71402878;10,49369373;11,56208565
01/05/89;ZWE;Zimbabwe;125,0229367;122,7753741;119,3063578;133,421046;1,139712164;5,644812582;89,07513601;1,139527995;-1,809965113;0;0,452491278;386,1532835;662,5496714;37,12966238;0,503766201;2,139012553;6185,744423;59,75264117;10,68369379;11,46841737
01/06/89;ZWE;Zimbabwe;124,2064659;124,9944299;122,0939743;135,0554678;1,169917382;6,026422671;97,46684715;0,590528573;-0,489983689;0;0,122495922;397,8628025;656,3918688;39,07922563;0,493236808;2,201185495;5811,375232;59,7603596;10,42575838;11,4135521
01/07/89;ZWE;Zimbabwe;124,8320528;125,2380891;123,0232128;132,7881596;1,137491326;6,299496084;94,47498704;0,737409082;-0,103149653;0;0,025787413;386,2973439;668,3843015;40,11283423;0,480478887;2,255341091;5859,796415;59,9357884;10,78215995;10,18626161
01/08/89;ZWE;Zimbabwe;126,4414985;127,2343709;122,6818295;133,510077;1,130450632;5,573745969;99,87404684;0,785954759;-0,797888748;0;0,199472187;366,5518962;637,6802926;39,6701743;0,498451053;2,268138052;5945,37551;58,42930719;10,54811512;10,80122299
01/09/89;ZWE;Zimbabwe;126,7950841;129,0365755;123,5516599;133,6434941;1,142795723;7,916327418;99,76343675;1,355075074;-0,441228413;0;0,110307103;376,2388863;652,3571513;39,77602874;0,460140488;2,243523815;6081,159876;59,97259386;11,04650432;11,63763804
01/10/89;ZWE;Zimbabwe;127,9590111;127,6286913;122,4109868;133,6008119;1,123259144;7,434141026;104,6508145;0,911847886;0,391006372;0;0,097751593;372,6333995;642,4515147;37,92707827;0,464318598;2,220114234;5876,308617;59,50755538;9,550203767;10,02894239
01/11/89;ZWE;Zimbabwe;127,8646954;128,2789493;121,4330101;130,4875909;1,18223126;7,569669914;105,1652771;0,42250075;0,441105563;0;0,110276391;365,8588083;631,5915042;38,10077668;0,464247545;2,261296023;5991,873947;61,56867553;9,294314204;9,427459983
01/12/89;ZWE;Zimbabwe;126,7806473;131,2798588;120,7268103;129,4596511;1,149444773;8,827750389;103,6479939;-0,270247842;-0,643658774;0,270247842;0,431162535;369,0864017;644,3662967;35,60028988;0,476795037;2,23360951;6289,154673;61,01886511;8,766207904;9,246457459
01/01/90;ZWE;Zimbabwe;128,2312353;132,0020515;122,1872144;127,5709362;1,139569067;6,351247362;96,48507288;-1,153044418;-0,430557371;1,153044418;1,26068376;369,2443414;691,2888719;36,48188348;0,48369788;2,202281007;6369,73114;56,09157387;8,310600679;8,648084306
01/02/90;ZWE;Zimbabwe;127,7402513;130,2533914;122,9762563;128,6759722;1,136664868;6,558509712;98,21052991;-1,985088504;-0,911998423;1,985088504;2,213088109;364,1040828;695,3360132;37,27751505;0,463645639;2,311602166;7042,48863;58,82789418;7,538572549;8,315979763
01/03/90;ZWE;Zimbabwe;128,5223735;130,361464;120,8584799;124,8776695;1,099496188;9,00228708;95,87417366;1,3282241;-0,699709417;0;0,174927354;374,155181;684,5930869;38,84263997;0,443131914;2,307741964;7045,379237;60,82878613;7,673735292;8,557583743
01/04/90;ZWE;Zimbabwe;127,6188411;131,0536443;123,1153868;127,0221554;1,131839317;4,360561355;95,85703306;-0,96086676;-0,280145136;0,96086676;1,030903044;371,2848595;694,514485;38,50836946;0,434547364;2,305885903;7004,425462;61,06021854;7,058216522;7,431444825
01/05/90;ZWE;Zimbabwe;126,4975333;131,9093787;122,2108145;128,6770925;1,123047979;6,47196482;93,21657054;-1,042712415;0,825883055;1,042712415;1,249183179;379,484836;659,025577;37,90470719;0,406990537;2,333337026;7447,804885;59,61550122;7,240365967;7,422335317
01/06/90;ZWE;Zimbabwe;124,8563048;132,9840936;120,6155755;127,816982;1,131722004;6,880660577;96,98892186;0,456586412;0,156888787;0;0,039222197;392,836651;649,419723;37,86021229;0,412886281;2,220282471;7158,591023;62,61094722;7,079523919;7,362111538
01/07/90;ZWE;Zimbabwe;124,2459626;134,5384031;121,1461075;127,8380179;1,143059069;6,120028282;98,0819723;-0,316333401;-0,312740017;0,316333401;0,394518406;397,4560922;640,4799928;40,02267511;0,38085627;2,15516112;7188,755561;63,85982398;6,710248564;7,444187929
01/08/90;ZWE;Zimbabwe;126,7251266;136,509456;120,0686059;126,7657793;1,115147498;7,301187821;98,37678072;-1,043807662;-0,089721579;1,043807662;1,066238057;390,0324701;630,00102;42,72513096;0,403402676;2,003485557;6583,038361;66,41467229;6,397465236;6,779700772
01/09/90;ZWE;Zimbabwe;126,7459369;136,1525695;118,7745071;122,6219454;1,107022583;6,532310576;104,1455743;-0,387186774;0,980364353;0,387186774;0,632277863;390,5379145;653,0723287;44,55733745;0,429163192;1,973482823;6169,18453;63,28077199;6,605033302;7,104569677
01/10/90;ZWE;Zimbabwe;127,9451591;134,4877147;122,0053943;123,5548286;1,117353307;6,919229897;101,2408469;0,289246903;-0,722230712;0;0,180557678;376,9418978;633,5600637;46,16078141;0,418784408;2,016406907;6992,12568;63,48824393;6,497287101;7,112653014
01/11/90;ZWE;Zimbabwe;127,6491912;134,7192899;120,2955389;122,9157847;1,156588551;5,070029878;104,5101589;-0,19414899;0,082983855;0,19414899;0,214894954;368,4145915;655,3483026;48,04912809;0,422617691;2,10512087;7887,102272;65,49949053;6,449964322;6,617544084
01/12/90;ZWE;Zimbabwe;127,0088126;137,3035;119,4854239;119,8972579;1,119850796;6,492599568;102,4213664;-0,810927994;-2,240520941;0,810927994;1,371058229;365,1165976;645,9658604;48,44769486;0,443611852;2,076690601;7732,077671;65,54278784;6,99863678;7,678213093
01/01/91;ZWE;Zimbabwe;125,3959078;135,922516;117,5225598;121,1986116;1,14385795;5,835199343;105,7178174;0,586152527;-0,342615518;0;0,08565388;347,9757495;623,392389;49,26506104;0,451858645;1,954293403;7750,659684;62,50927456;7,245120667;7,989645717
01/02/91;ZWE;Zimbabwe;126,6976616;134,6689414;114,9951398;125,4122552;1,161201414;7,117017786;106,6740874;-0,121378132;0,156023513;0,121378132;0,16038401;345,2503838;672,0579041;49,69574806;0,461368819;2,074345153;7317,086971;67,06801315;7,186672143;7,746726199
01/03/91;ZWE;Zimbabwe;127,4337623;134,5076607;117,4731454;120,343967;1,142327243;6,791745243;106,8410947;0,683437645;0,161164101;0;0,040291025;347,4480122;721,3736957;48,97086018;0,460051426;2,100793559;7780,266788;69,55472293;7,241677911;7,731659397
01/04/91;ZWE;Zimbabwe;127,737915;134,4125767;115,167368;121,4087871;1,157639765;5,950701174;108,2909367;-0,252748765;0,758277812;0,252748765;0,442318218;373,1533223;729,135227;49,99045416;0,426802546;2,137220613;7613,437369;69,90056852;7,885225754;8,293242732
01/05/91;ZWE;Zimbabwe;128,2280697;132,5455928;114,3867705;119,2354718;1,175049542;7,233186185;114,1892107;-1,03629197;-0,437075541;1,03629197;1,145560855;369,8478215;736,7750886;51,99086899;0,415782381;2,290281322;7273,211926;70,96322631;8,559176625;8,846512245
01/06/91;ZWE;Zimbabwe;128,9986463;134,008618;116,4853594;115,6796113;1,164208851;8,230104017;119,2352051;-0,307021959;-0,123415379;0,307021959;0,337875804;369,2175111;693,5992227;54,59126526;0,403128377;2,294291255;7186,842907;73,62916842;8,885150065;9,05460872
01/07/91;ZWE;Zimbabwe;130,3837738;133,5140262;117,4356156;112,6758084;1,160434215;6,639618103;112,5119194;0,569161139;0,10372183;0;0,025930458;365,6425326;668,6680159;57,1029153;0,423053691;2,273442206;6767,853899;72,9089423;8,357945344;8,97928492
01/08/91;ZWE;Zimbabwe;131,5305211;131,0311688;117,6757975;111,1931497;1,188965728;5,112847433;111,6349853;-1,85139628;-0,717297984;1,85139628;2,030720776;345,4341724;676,8765132;58,92141736;0,436512946;2,359721401;6952,87113;78,52746828;8,536566593;8,555682285
01/09/91;ZWE;Zimbabwe;130,5208525;131,3598845;120,5347804;106,4988885;1,214621014;6,614786823;115,8873863;-1,650066041;-1,753685803;1,650066041;2,088487492;344,4708313;687,6269254;60,70675374;0,450269847;2,42957121;7267,241386;74,64459298;8,972788234;8,861139455
01/10/91;ZWE;Zimbabwe;130,8101941;131,8914562;121,9548667;106,5430751;1,254133042;5,865039461;112,1357047;-0,608583401;-0,371103376;0,608583401;0,701359245;346,6211899;702,659791;63,30037291;0,460787406;2,494442643;6927,883018;69,49682307;9,837841276;10,31573612
01/11/91;ZWE;Zimbabwe;129,8290721;130,6107239;120,6169435;106,5420752;1,268778949;8,261992945;110,1965956;0,140352021;0,561174467;0;0,140293617;333,2997315;708,89316;64,98918726;0,446212579;2,408276998;6720,896908;71,24780245;9,848475067;10,08933602
01/12/91;ZWE;Zimbabwe;130,4155331;130,3934613;121,8519919;104,4731757;1,267539601;6,13721471;113,507706;-1,923389676;0,453981372;1,923389676;2,036885019;328,2452918;674,7662969;63,23607299;0,484155252;2,321120774;6792,547538;68,46022932;9,50260108;10,0726674
01/01/92;ZWE;Zimbabwe;130,1443744;128,4840749;123,4909409;106,4596134;1,271428097;6,455133359;115,3194864;-0,483264972;0,27906532;0,483264972;0,553031302;307,529327;655,2664736;70,34793392;0,49836201;2,308273218;6617,954885;67,35844293;9,5321361;10,2987878
01/02/92;ZWE;Zimbabwe;129,0293126;130,7649457;127,1801587;107,2636866;1,230885362;8,174229149;115,1556268;-0,299166949;0,432072539;0,299166949;0,407185083;304,7550702;651,2387481;73,7983669;0,506628214;2,225664058;6558,077208;63,55639744;9,35348933;9,947623732
01/03/92;ZWE;Zimbabwe;127,9569161;131,1682872;130,3002424;107,4390037;1,208392118;4,831705748;116,6552586;1,285103065;-0,45751582;0;0,114378955;290,6334908;698,2918976;71,61797794;0,543385901;2,292255232;6399,760617;58,48800321;9,455206818;9,246172296
01/04/92;ZWE;Zimbabwe;129,2639577;130,7570397;133,0703998;106,9192038;1,219307876;7,611512964;115,6478279;-0,175547239;-0,388802141;0,175547239;0,272747774;275,959997;670,4295521;67,11785278;0,56077619;2,369618918;6738,757106;57,06442769;10,12082531;10,83064964
01/05/92;ZWE;Zimbabwe;129,641556;131,2927602;132,4723703;107,3373618;1,207713711;7,881535028;120,1951476;0,73594861;0,690385884;0;0,172596471;285,9270427;633,2870398;64,85244264;0,583416384;2,332402225;6818,901245;55,75598507;10,14752367;10,22471063
01/06/92;ZWE;Zimbabwe;130,5854361;132,0211235;134,9565597;108,533624;1,239432153;7,319645517;121,2864782;-0,477389817;1,195312623;0,477389817;0,776217973;282,7733586;650,5127528;64,08053355;0,546059983;2,358633263;6940,084765;56,74320148;9,581662991;9,874069021
01/07/92;ZWE;Zimbabwe;130,7858689;130,3529673;135,567008;110,5589476;1,250262727;7,375719146;119,1351646;1,719410693;-1,19383399;0;0,298458497;300,6176974;626,2093745;69,51019819;0,548035532;2,409049022;7610,128892;56,72701844;9,942301995;10,78716368
01/08/92;ZWE;Zimbabwe;129,9019706;130,6703741;137,7642817;113,4481938;1,266652416;7,906322935;115,2026583;-0,348144706;-0,369485799;0,348144706;0,440516156;302,4877662;618,203281;67,74453822;0,539578113;2,383553932;7971,077284;55,13528724;9,830608567;10,36849637
01/09/92;ZWE;Zimbabwe;130,2302585;130,732574;140,0320652;111,9747736;1,331717664;8,305028127;117,1163249;0,342279355;-0,045131133;0;0,011282783;311,0327244;596,6228966;61,95871983;0,51634259;2,574554174;7681,37897;54,30630023;10,01143231;9,936373541
01/10/92;ZWE;Zimbabwe;129,1686938;129,9408949;141,1585945;109,5348229;1,333827261;9,478874514;121,0260467;-0,531900873;0,110914997;0,531900873;0,559629622;304,5589218;600,0890722;61,37751523;0,507268431;2,532081862;7126,950952;55,93608782;9,783520527;10,21552504
01/11/92;ZWE;Zimbabwe;127,9646794;130,0300907;142,7083348;107,7281448;1,294585547;7,854425707;126,2322654;0,188285763;-0,849279287;0;0,212319822;291,2316988;606,2959009;62,02389176;0,500859739;2,560065343;6626,246695;54,64604979;9,676919882;10,01110287
01/12/92;ZWE;Zimbabwe;128,3827176;134,7930766;141,7036422;104,986015;1,295485296;5,460946567;128,9834195;-0,160871296;0,083471289;0,160871296;0,181739118;315,0167039;600,9577026;66,59656707;0,486324038;2,602718521;7587,363734;52,8463418;10,55054698;11,31157125
01/01/93;ZWE;Zimbabwe;128,834423;134,608526;142,4922006;98,31839613;1,359547106;4,066476201;130,3586597;-1,276077118;0,987411927;1,276077118;1,5229301;313,8297303;561,6968663;67,08700894;0,467500351;2,633952503;8455,867355;53,05141556;10,01563036;10,97956158
01/02/93;ZWE;Zimbabwe;129,6902217;134,1406554;144,0568115;96,09577112;1,390295281;5,653736139;127,9246884;-0,76689537;-1,038288606;0,76689537;1,026467521;336,0374228;529,8257541;66,12576359;0,471150143;2,750765149;7949,249724;53,86073112;10,14163884;10,43328679
01/03/93;ZWE;Zimbabwe;129,8317679;135,1222492;143,6647791;96,4234317;1,386840956;6,988895433;129,2409345;0,81518901;-1,052591635;0;0,263147909;330,4460334;526,5299421;67,15061825;0,493740431;2,693061078;8501,223245;54,35437209;10,2740185;10,50902198
01/04/93;ZWE;Zimbabwe;130,9204627;133,5057835;144,2822466;96,79363167;1,408379907;4,803938445;128,9632884;0,094897918;-0,847118192;0;0,211779548;348,0178547;530,9575504;67,48798285;0,462738978;2,682320027;9228,157681;51,30163353;9,600025122;10,1270863
01/05/93;ZWE;Zimbabwe;129,0934548;134,7586346;144,5673021;95,12845374;1,411589667;5,457886032;129,9575566;-0,478269176;0,632922327;0,478269176;0,636499758;350,331358;523,9330384;63,26811481;0,441668117;2,640227162;8201,571038;51,75205219;9,794008351;9,937415101
01/06/93;ZWE;Zimbabwe;130,2415232;133,9585595;143,9092898;97,03591251;1,333553959;6,802814532;132,5569303;-1,399053422;0,057208489;1,399053422;1,413355545;343,5460518;527,5980925;61,85484075;0,470396779;2,71173277;8450,730267;55,14603198;9,107591511;9,372965052
01/07/93;ZWE;Zimbabwe;130,6461225;135,1451662;145,89764;97,1992368;1,302467096;5,068125076;133,3611062;1,196952201;-0,257957739;0;0,064489435;350,2576459;552,0746279;70,16508985;0,485085063;2,545925529;8723,963923;53,06034781;9,091458808;9,241950345
01/08/93;ZWE;Zimbabwe;130,3943454;136,1890096;145,3611683;97,56956911;1,303635474;7,753615137;137,1689442;0,063480676;0,831094802;0;0,207773701;337,9181611;514,3723081;72,73111055;0,481504742;2,49695125;7957,368547;52,90857501;9,352419238;9,809523719
01/09/93;ZWE;Zimbabwe;131,0919977;135,7336197;146,4003374;96,45937122;1,228919491;2,676904597;136,1978113;-0,474512868;0,063557506;0,474512868;0,490402244;338,2914389;542,7037687;71,10808444;0,482734124;2,413559815;8024,975849;51,8981386;8,739735407;9,248668629
01/10/93;ZWE;Zimbabwe;132,6348087;134,9534487;147,5852582;92,92970998;1,18346982;5,14741082;130,976953;0,167589323;0,733137432;0;0,183284358;344,8091509;516,0452791;68,34947828;0,496081286;2,342487839;9023,957609;52,48294697;8,705429886;8,482898238
01/11/93;ZWE;Zimbabwe;132,727534;133,894547;149,4619802;90,59026959;1,204467677;4,419824745;129,6251954;0,046530988;1,18654607;0;0,296636518;332,7819728;508,6821625;64,40802019;0,514152506;2,442936623;10396,08406;53,26514182;9,078049051;8,964107645
01/12/93;ZWE;Zimbabwe;133,0366286;131,8664964;154,6557515;89,84374967;1,214343179;6,312350747;133,0545374;-1,363307463;-0,264012849;1,363307463;1,429310675;335,9710117;523,4419384;65,36197121;0,490492081;2,582991172;10894,27804;52,55313066;8,390878567;8,853130812
01/01/94;ZWE;Zimbabwe;132,7050417;133,6163879;153,9843811;88,35954212;1,193906913;6,750752873;131,9274388;0,125694197;0,724688119;0;0,18117203;312,0986555;553,0981285;66,44033124;0,498860597;2,523984769;10850,02636;52,88318032;8,285026989;8,903254138
01/02/94;ZWE;Zimbabwe;133,7260644;133,7707552;152,844614;88,764708;1,168327882;6,412185283;128,132996;0,561313764;0,008567326;0;0,002141831;302,0413301;547,6285999;66,33069278;0,476557791;2,487881374;10451,80355;55,59701297;8,6998987;8,65458825
01/03/94;ZWE;Zimbabwe;133,1797615;132,6324385;153,7818342;87,68616323;1,192073744;5,287479633;133,0423755;0,671468575;-0,757221827;0;0,189305457;294,4557697;559,190938;61,23418045;0,492560087;2,618548558;9890,226509;53,93460171;8,158297084;8,382239072
01/04/94;ZWE;Zimbabwe;135,3789549;132,7617883;155,5417419;87,44899718;1,176809992;3,697954101;126,6126983;1,558985915;-0,444925685;0;0,111231421;297,7014085;576,3577181;63,88241898;0,476815276;2,675102182;9112,868698;50,13254629;8,717375151;9,305791484
01/05/94;ZWE;Zimbabwe;135,961108;135,0731604;155,0683485;85,35146408;1,18610377;6,210031433;132,1439488;-0,4412339;-0,774627901;0,4412339;0,634890876;293,72274;545,0258728;66,73100945;0,470068527;2,813045333;9394,858174;49,21644556;8,507280921;9,180378999
01/06/94;ZWE;Zimbabwe;134,7898815;137,0563604;160,3874086;85,90906843;1,194177054;3,357380888;128,9763887;1,053444994;-0,942757377;0;0,235689344;293,2455285;535,411813;67,2884735;0,506221007;2,882958953;9580,571259;50,16110353;7,374271008;7,566915277
01/07/94;ZWE;Zimbabwe;133,9850682;136,6394253;158,3953655;85,8012908;1,183403956;5,390576231;125,6299201;-0,174465193;0,237496271;0,174465193;0,233839261;302,1865467;544,5784978;65,38159844;0,496694318;2,866898346;10226,04562;50,33581948;7,720788436;8,108638191
01/08/94;ZWE;Zimbabwe;134,1843565;137,0446208;156,9845203;85,05064706;1,209750525;2,467478246;124,6549242;-1,905619256;0,765955904;1,905619256;2,097108232;304,2125644;544,2618478;63,51675923;0,470472645;2,829712895;10067,80585;47,30428877;7,581312631;7,653794708
01/09/94;ZWE;Zimbabwe;135,5312349;139,414875;156,9236767;85,61143637;1,223218059;4,935568097;126,2444696;1,545595542;-1,621869948;0;0,405467487;303,553168;575,4001359;57,12680683;0,46388113;2,726341895;10971,64613;44,83110837;7,372109493;7,777629298
01/10/94;ZWE;Zimbabwe;134,1871441;140,2914409;157,8299143;87,0543504;1,207422007;3,254003396;121,85845;-0,553570805;0,066667468;0,553570805;0,570237672;312,5379929;608,2577933;58,22601039;0,473145908;2,803258022;10766,10435;46,56973034;7,275895447;7,722829696
01/11/94;ZWE;Zimbabwe;134,3234586;138,3583065;160,9825939;90,26477364;1,128895599;2,977979952;116,4245115;1,101278745;0,73752716;0;0,18438179;299,0117127;545,6229897;56,93885231;0,469133988;2,810037231;10852,51769;46,53617302;7,235331098;7,803574854
01/12/94;ZWE;Zimbabwe;136,9772999;140,6454552;162,4218047;89,70372558;1,172763769;3,645855319;111,0209032;-0,171821864;0,050968295;0,171821864;0,184563938;302,0113407;532,1875688;57,802172;0,468974514;2,702278871;11320,76174;46,21125711;6,871088333;7,087113659
01/01/95;ZWE;Zimbabwe;136,7351075;142,1682375;164,3312217;87,50151414;1,1717289;4,389907512;109,8687915;0,071147968;0,870059448;0;0,217514862;318,3651111;472,5086856;55,79286294;0,475773312;2,800704844;10693,70626;44,18942564;6,972645384;7,153502782
01/02/95;ZWE;Zimbabwe;137,2982027;141,9870295;162,181646;90,63390833;1,195510066;4,181022347;111,2937546;-0,080106848;0,17896057;0,080106848;0,124846991;324,9916201;482,2701741;53,12849667;0,51195975;2,554454663;10595,3665;46,77473455;7,022461318;7,371443344
01/03/95;ZWE;Zimbabwe;137,98534;142,871524;164,7371486;89,68544893;1,233590965;3,779671453;111,1881601;-1,251384896;0,430115623;1,251384896;1,358913801;343,5159822;466,9849075;54,13230709;0,51714465;2,577163713;10239,22688;44,58334596;6,792273538;7,035203545
01/04/95;ZWE;Zimbabwe;138,7226759;142,2905153;165,2318692;87,5743181;1,231727545;6,462756823;111,972726;0,700745592;0,709418873;0;0,177354718;343,5757286;443,197752;56,9762345;0,530040504;2,544735108;11005,49411;42,7986702;6,937374945;7,126921776
01/05/95;ZWE;Zimbabwe;139,6058605;142,3319132;162,4263213;87,58700795;1,273783831;3,992156285;110,168998;1,332213125;0,768114596;0;0,192028649;326,0553854;446,329967;56,14781909;0,55071427;2,663439519;11087,21;42,02343587;7,718357404;8,173368777
01/06/95;ZWE;Zimbabwe;139,8390653;143,6793111;159,2763559;88,59876596;1,287900663;4,542313448;116,7785633;-1,775494188;0,676287924;1,775494188;1,944566169;325,5514396;445,7540258;54,29285325;0,579694843;2,699918417;10943,98947;44,65899417;7,564108939;8,194130677
01/07/95;ZWE;Zimbabwe;138,8514979;144,6975905;162,1076853;89,71142991;1,275992694;4,595201246;114,9642939;0,888997752;-0,739388246;0;0,184847061;338,0966035;411,1931648;55,54691814;0,567915207;2,904243796;10048,57004;44,45413824;7,851132952;8,313425218
01/08/95;ZWE;Zimbabwe;139,8958728;142,2923852;162,2868863;88,49114291;1,223315075;3,213638343;118,83568;0,694910289;-0,313807775;0;0,078451944;339,4025315;418,6095955;58,45891107;0,544210845;2,976558961;9191,274204;44,09317626;8,014024149;8,496498517
01/09/95;ZWE;Zimbabwe;139,1156748;142,0253971;162,9850959;91,88392299;1,167221864;3,975425584;120,6469816;-1,709054786;0,729949585;1,709054786;1,891542183;349,7020934;437,5345382;56,50244927;0,536788942;2,883053954;9336,359108;43,10651877;8,164569447;8,678681012
01/10/95;ZWE;Zimbabwe;141,3897956;142,6015697;163,1750381;92,66277244;1,155336733;4,102623284;136,8398618;-0,58320462;-0,704978472;0,58320462;0,759449238;379,0047857;431,6147657;50,09725662;0,523771727;3,071982767;10593,78241;39,76853353;8,312788259;8,833703709
01/11/95;ZWE;Zimbabwe;139,8651019;140,5489838;163,4689708;89,25429367;1,104222066;6,766560763;141,8320873;1,064372476;0,250986647;0;0,062746662;400,6510711;428,848179;47,60729177;0,519426289;2,982373214;10124,82723;41,83348372;8,008863336;8,268576751
01/12/95;ZWE;Zimbabwe;140,1382542;138,7658073;160,9123333;88,61528413;1,11972273;5,921108551;149,5023973;0,506145813;1,503450653;0;0,375862663;406,8829744;415,1669698;44,65654429;0,537738526;3,049947904;10369,9012;42,80381983;7,254951549;7,408209517
01/01/96;ZWE;Zimbabwe;140,369918;139,6534486;162,4415805;89,29739534;1,113083468;5,139546414;147,9036628;-0,079090875;-0,238902965;0,079090875;0,138816616;413,9139624;395,9004887;43,74700491;0,561132665;3,095693507;10343,38848;44,57555799;6,660587451;7,042853164
01/02/96;ZWE;Zimbabwe;142,0324205;140,4838103;162,9660866;90,08089987;1,104564342;6,292711114;146,6803434;-0,491268019;0,334233952;0,491268019;0,574826507;394,6955487;401,5325817;45,89150504;0,608257881;3,070223384;10868,52966;46,36921723;6,397842736;6,853674154
01/03/96;ZWE;Zimbabwe;141,1641477;141,2082843;160,0616193;89,29296556;1,064833212;2,820293024;143,8235016;1,078234799;0,220931203;0;0,055232801;411,5086976;398,0210158;49,36288895;0,5994845;3,097337918;11231,68108;46,67628507;6,152255989;6,594544155
01/04/96;ZWE;Zimbabwe;138,3701361;144,3856283;162,8248559;88,28669705;1,091740038;4,965179603;145,5217498;0,593641652;0,045627071;0;0,011406768;380,9265166;410,2440587;50,05664307;0,587790477;3,091661844;11576,95058;46,26009437;5,78603091;6,015577353
01/05/96;ZWE;Zimbabwe;138,6360468;146,3866143;161,0160178;87,85463962;1,069435947;4,794153646;147,7158771;0,73087772;1,100307425;0;0,275076856;396,0039488;414,7385781;48,70526115;0,621998381;2,971963526;11664,04617;46,49226641;5,906566144;6,245284609
01/06/96;ZWE;Zimbabwe;140,4477451;145,9392731;169,0675072;87,11826149;1,062416117;5,066142892;147,6668074;-0,374531993;0,541982515;0,374531993;0,510027622;394,2879191;404,5796102;48,63354049;0,620708254;3,01980441;12395,27621;46,06803124;5,653705467;5,665580585
01/07/96;ZWE;Zimbabwe;140,5561952;147,7906785;167,4301352;86,27913686;1,155172663;3,255078647;141,8774666;-0,585938174;0,116893957;0,585938174;0,615161663;397,1190807;389,5798052;50,0772244;0,630118989;3,070527732;12736,34593;45,03613822;5,434759567;5,663779858
01/08/96;ZWE;Zimbabwe;139,0279452;148,2325896;165,1682138;85,77756552;1,184264015;5,767948869;138,7834396;-0,237352115;-0,318533849;0,237352115;0,316985577;390,1831315;370,9686803;52,60472703;0,658168832;3,142538963;11836,14897;44,25032959;5,942996105;6,215186502
01/09/96;ZWE;Zimbabwe;140,85042;149,2172325;161,4805943;86,25948965;1,167374727;5,066601918;133,9430914;1,579877324;0,497317063;0;0,124329266;381,5013755;383,5145733;51,8192651;0,645475592;3,282928927;11628,30677;46,32010608;5,787591233;6,248341575
01/10/96;ZWE;Zimbabwe;139,8104876;150,7306579;160,6294273;86,18286521;1,197786817;6,186968485;135,0838362;-0,286102574;-0,348303698;0,286102574;0,373178498;406,715605;386,7976641;50,76336691;0,648058042;3,391650237;11181,55217;44,39013885;6,049019982;6,474453027
01/11/96;ZWE;Zimbabwe;143,0235244;146,9845068;158,8847886;87,31930743;1,192217953;7,436421753;138,9019155;-0,197226103;0,840355695;0,197226103;0,407315026;407,8984892;388,4651097;50,38593195;0,656351572;3,327592365;11779,78547;44,9582947;6,141214851;6,536438192
01/12/96;ZWE;Zimbabwe;142,5263079;151,6966271;157,9204715;85,48787445;1,173146897;7,110256118;137,4908682;-0,273449376;-0,218986984;0,273449376;0,328196122;406,7296096;371,4891261;50,58546664;0,628868126;3,356096331;10628,47736;44,91280692;5,985961814;6,431651388
01/01/97;ZWE;Zimbabwe;141,1525694;151,7750733;159,2855579;85,26679332;1,192585722;2,069635785;139,6305256;0,187008263;0,567084784;0;0,141771196;404,4617291;373,3135051;49,74770779;0,585872476;3,536023344;10305,90188;45,112665;6,188138121;6,446560406
01/02/97;ZWE;Zimbabwe;142,0511204;150,4361793;157,5233258;89,6919045;1,163055713;6,000607675;136,4071944;-0,208204742;-0,06392007;0,208204742;0,224184759;408,3113882;357,811716;50,90367671;0,579541397;3,676010481;10269,49572;46,62766617;6,160221557;6,459093041
01/03/97;ZWE;Zimbabwe;139,1348761;146,7705127;157,6894344;88,64356021;1,15752833;4,897740324;135,2649937;-0,334806289;1,280051728;0,334806289;0,654819221;400,3303459;354,3551987;50,42275573;0,524288548;3,63699826;10376,48094;46,89399486;5,856993457;6,028790755
01/04/97;ZWE;Zimbabwe;139,0424039;145,7209376;161,7275407;89,37956113;1,150523502;5,688784398;135,5542792;-2,240017671;1,574048558;2,240017671;2,633529811;402,9100423;363,6021009;53,73869039;0,548916154;3,535747939;10524,71918;46,76211379;5,174057351;5,604560776
01/05/97;ZWE;Zimbabwe;139,0441101;148,4993086;162,5588406;90,46149866;1,156313557;4,592976742;131,2782281;-0,956972831;0,127407856;0,956972831;0,988824795;399,8793844;363,9928457;55,90622573;0,533806854;3,437733673;10408,55476;44,12395949;4,744805907;4,914651592
01/06/97;ZWE;Zimbabwe;138,3908938;149,4622966;160,9011112;89,58637125;1,12217369;7,963116977;134,6774101;-0,223964942;0,601115315;0,223964942;0,374243771;387,0300909;343,7469366;57,41345382;0,571815111;3,434096776;11172,93989;47,1089049;4,560100375;4,702958769
01/07/97;ZWE;Zimbabwe;138,4643471;146,1176288;161,9583682;90,79059666;1,125796027;7,031886147;137,3673304;0,720259113;0,868293202;0;0,217073301;403,1142799;357,7333891;57,81389248;0,596062925;3,56237556;12724,75182;47,51918735;4,472505864;4,513497946
01/08/97;ZWE;Zimbabwe;139,4706462;148,1454663;158,3390194;92,97486887;1,15708964;4,874995659;130,5442263;0,820279694;-1,250835359;0;0,31270884;393,2006762;341,9040934;50,72287407;0,663144465;3,660962455;12353,84721;47,52140408;4,043117094;4,253022535
01/09/97;ZWE;Zimbabwe;140,4746213;148,6273275;160,7187317;94,56603734;1,196023532;7,093999613;131,938344;-0,613733064;-0,172923607;0,613733064;0,656963965;406,1741259;346,5350168;50,49642752;0,635198022;3,7818951;11144,00587;45,70996757;4,27918745;4,458811065
01/10/97;ZWE;Zimbabwe;139,7167449;149,3918293;164,0506237;92,57559392;1,142260372;7,37952839;130,299649;0,797968129;-0,299538208;0;0,074884552;406,0728877;341,14856;53,7817721;0,640351789;3,955071098;12162,34337;47,63761505;4,303729483;4,22724927
01/11/97;ZWE;Zimbabwe;139,6016925;150,8727361;167,3218452;91,91895727;1,142747914;5,685461257;129,4625478;1,906880908;0,10540625;0;0,026351563;402,8489311;318,1396935;54,42973794;0,639852993;3,910667895;12164,72134;48,2557939;4,403265147;4,753786288
01/12/97;ZWE;Zimbabwe;138,5067514;148,5942533;170,0737813;90,98311718;1,150283713;8,192264093;132,1593551;-0,370647649;0,393291622;0,370647649;0,468970555;412,4259169;308,4010384;55,99030102;0,62556282;3,932639115;12048,56584;50,2857017;4,416373582;4,647374286
01/01/98;ZWE;Zimbabwe;139,0100452;150,2193942;168,9422914;89,88736492;1,150036704;6,833956417;126,7814239;0,065593431;-0,258823433;0;0,064705858;435,4209819;299,1881133;55,61730044;0,616586916;4,023723999;12109,61497;47,06161687;4,249563698;4,618456428
01/02/98;ZWE;Zimbabwe;140,418748;150,7778571;165,2744349;87,34194555;1,156062706;6,555381406;126,2294379;-1,475259214;-0,976791469;1,475259214;1,719457081;441,6639877;309,0457819;52,52474921;0,627443644;4,151591825;11725,90811;49,67825908;4,250360077;4,497541636
01/03/98;ZWE;Zimbabwe;139,4493906;151,6640159;166,449584;87,21102427;1,144907688;6,800520939;129,3911016;0,438328271;0,228855508;0;0,057213877;426,9791363;317,6953149;53,21309028;0,617842648;3,991086846;12313,84326;50,30814897;4,30945828;4,484489695
01/04/98;ZWE;Zimbabwe;139,7122566;152,4666056;165,9647575;87,95006826;1,139509105;6,541223681;128,3037458;-0,762410448;-0,819793521;0,762410448;0,967358828;444,4657597;308,0987378;51,77588026;0,617069313;3,890608006;12300,08547;49,84018752;4,3946107;4,548478529
01/05/98;ZWE;Zimbabwe;139,7001304;150,6176881;165,1439149;88,5341546;1,166961138;6,525826472;137,0060791;2,137981233;-0,611731344;0;0,152932836;446,194358;316,019658;52,50955764;0,610401611;3,889808178;14142,482;51,55442002;4,703383963;4,75016786
01/06/98;ZWE;Zimbabwe;138,354976;153,869977;167,8000986;89,0621465;1,217930292;5,054076497;140,3806965;0,185485579;0,104509851;0;0,026127463;449,6600143;313,8384724;52,02878143;0,590665327;3,939166463;14766,96767;54,43666607;4,744775298;5,023313632
01/07/98;ZWE;Zimbabwe;139,4603886;153,3046009;167,9506979;90,39590402;1,273273728;5,510218602;138,3773818;-1,808317794;-0,17756485;1,808317794;1,852709006;472,8913473;323,9275905;53,48141804;0,636921238;4,128737354;14112,68447;55,52951988;4,668899963;4,701637636
01/08/98;ZWE;Zimbabwe;137,8386636;153,766934;168,8065386;90,28611657;1,295687521;4,824513646;137,7066398;0,646831514;0,036977733;0;0,009244433;466,9107524;316,2238008;48,6516875;0,590968843;4,087409107;13315,62187;56,64351666;4,960331293;5,289714029
01/09/98;ZWE;Zimbabwe;139,633982;155,5022707;170,7456818;90,37067574;1,307406083;4,131429036;139,4859105;0,136426637;-0,964739082;0;0,24118477;473,2074347;331,8795213;51,11900241;0,570052832;4,071183588;12230,29551;58,25053625;5,072996741;5,105499346
01/10/98;ZWE;Zimbabwe;138,680666;154,8162221;170,2439049;90,78180355;1,302532918;7,601315688;141,6037891;0,01545741;-0,237503597;0;0,059375899;470,2269685;335,4914453;51,79514855;0,607381336;4,013520717;12590,46651;59,66542627;5,380544532;5,411970307
01/11/98;ZWE;Zimbabwe;138,277904;154,5120238;173,6823791;91,08414853;1,290131624;10,46509787;140,8664891;0,395689393;-0,94296262;0;0,235740655;467,518155;334,6242509;46,67020954;0,611453611;3,894889059;12729,40299;58,17009474;5,248423714;5,388243568
01/12/98;ZWE;Zimbabwe;140,0267322;153,0638875;176,3388813;93,80378803;1,258069843;7,990090696;135,5451271;0,044671804;-1,452455626;0;0,363113907;492,7106951;318,3704671;46,538338;0,639041222;3,937461479;11366,70081;55,48919769;5,433932802;5,475990026
01/01/99;ZWE;Zimbabwe;141,3834414;154,68644;177,1747707;95,81740297;1,294971168;5,110292886;135,9455639;1,079240104;0,754873698;0;0,188718424;502,5301932;327,541254;47,91889998;0,603658574;3,905800158;12028,86532;56,65115284;5,635321952;5,830871275
01/02/99;ZWE;Zimbabwe;141,7385863;151,1599262;178,3624311;93,18665355;1,295687496;5,969226357;134,4438861;0,873820398;-0,115209484;0;0,028802371;513,7188795;333,450272;49,70101153;0,584663561;3,849961983;11632,28595;57,56609401;5,980989697;6,433215194
01/03/99;ZWE;Zimbabwe;141,2726787;151,2553677;178,2614121;93,24416708;1,32731389;6,541402532;135,4570414;-0,754831943;-0,984403986;0,754831943;1,00093294;495,2688382;319,6927754;47,48076967;0,588277068;3,851343341;12185,84476;59,68824738;5,865905977;6,032807583
01/04/99;ZWE;Zimbabwe;141,5908449;151,1042902;178,7190323;92,0008829;1,3684157;8,050082302;132,3454314;0,123224583;-0,966259974;0;0,241564994;484,2984249;324,3668164;42,02897114;0,560694281;3,728535456;12452,18297;58,58681498;6,145860881;6,222005181
01/05/99;ZWE;Zimbabwe;140,8457645;152,4670603;177,446473;94,4484145;1,347316359;9,258247554;141,2015962;0,44793837;1,047253576;0;0,261813394;454,1904757;339,7443849;43,83280585;0,572754876;3,680240155;10879,50468;61,01842315;6,166488423;6,137413553
01/06/99;ZWE;Zimbabwe;140,5094297;153,3309684;180,2752345;92,74523652;1,374932993;8,502247166;142,4664708;1,034607607;-0,001664499;0;0,000416125;459,0219777;335,9713158;43,05545228;0,622583681;3,81290319;10865,33895;63,90018904;6,150229696;6,421780004
01/07/99;ZWE;Zimbabwe;140,5604918;157,0360225;181,6793581;93,12875688;1,45411514;5,609566188;139,2055213;1,004191804;0,620484956;0;0,155121239;452,3681684;334,9826963;46,03411893;0,634188925;3,789230615;10763,11367;64,49376196;6,240690718;6,802885515
01/08/99;ZWE;Zimbabwe;141,6258059;157,8090286;181,5256453;96,39389484;1,496936665;6,703725501;132,624815;1,367574833;-0,413681812;0;0,103420453;463,4355745;338,6623799;49,08314864;0,639748231;3,779235049;11041,12069;67,16074743;6,234240181;6,236136456
01/09/99;ZWE;Zimbabwe;141,3461096;154,8915511;179,4885344;95,56968566;1,481484378;5,042962979;139,9603395;1,640219278;0,803701722;0;0,20092543;473,5964054;317,0312409;45,52891845;0,607876675;3,659096716;12353,01134;64,1277018;6,204837187;6,340041491
01/10/99;ZWE;Zimbabwe;141,8060679;160,0817317;179,530963;95,04166845;1,478315841;7,184794525;138,3908209;-1,042294671;1,335462558;1,042294671;1,376160311;463,8000655;294,6566807;44,91109152;0,591748665;3,952115864;12123,17805;62,92710585;6,546382445;6,916923264
01/11/99;ZWE;Zimbabwe;141,5312686;160,9750459;174,9441628;94,72333111;1,466454656;8,588232658;140,1702349;1,682613877;-0,106526005;0;0,026631501;472,5045546;297,5167284;45,78644338;0,588377967;3,978332003;11710,07865;62,03144365;7,377700681;7,887869478
01/12/99;ZWE;Zimbabwe;141,2835111;161,5028442;176,2621062;96,41196462;1,512314992;7,801671992;150,6835023;-0,122456994;-0,368001321;0,122456994;0,214457324;479,4876497;311,6569969;49,28430097;0,611355198;4,07868303;10962,73362;61,84193303;7,106378335;7,067338704
01/01/00;ZWE;Zimbabwe;140,7186465;161,95943;176,6023042;94,70144221;1,536160168;7,463567564;141,3729367;-0,559356363;-0,042024941;0,559356363;0,569862598;463,2324612;320,1782656;46,88444386;0,586600743;4,127468361;9971,227159;64,12496146;7,260389972;7,293269315
01/02/00;ZWE;Zimbabwe;140,1709688;162,5699925;177,3247302;95,4611478;1,560534171;6,148337104;138,6415204;0,757583766;0,114370763;0;0,028592691;458,5944875;315,1073818;49,04918702;0,592317231;4,190086512;10301,08913;61,41900729;6,68342648;6,495956074
01/03/00;ZWE;Zimbabwe;142,3092599;161,9423359;177,8350171;93,49422875;1,609240297;4,645493955;132,5720955;-1,361015334;-1,335998615;1,361015334;1,695014988;503,1750423;323,9414082;49,45877791;0,544428452;4,247312636;10669,9115;62,75617794;6,287319461;6,961408655
01/04/00;ZWE;Zimbabwe;142,4749473;165,5702284;176,4596328;93,88167864;1,643920005;7,341321568;132,3360014;-0,884320526;-0,555887622;0,884320526;1,023292432;515,4608652;316,0251438;47,31748988;0,550291288;4,318544478;10791,51444;60,22996245;6,067528576;6,520426549
01/05/00;ZWE;Zimbabwe;144,396756;164,0155472;178,6074959;95,72527831;1,639373688;6,992832186;135,5014438;-0,755072672;-0,72131001;0,755072672;0,935400175;499,6210244;312,658267;45,05661525;0,561770654;4,222752811;10714,50078;59,35821864;5,630269625;5,957384813
01/06/00;ZWE;Zimbabwe;144,909587;167,5631958;182,5213351;94,81497424;1,65994583;2,448816838;129,3947704;-0,361747534;0,673975418;0,361747534;0,530241388;512,3325868;302,8103244;48,10494942;0,553690365;4,16847627;9625,234216;59,14034279;5,754290443;5,766429273
01/07/00;ZWE;Zimbabwe;147,6169582;168,530741;187,8004116;96,05939938;1,69682581;6,827530689;133,6826768;-0,400186924;-0,801853818;0,400186924;0,600650378;529,1402002;314,7701862;43,61213057;0,59565061;3,880169454;9168,955899;58,80558482;6,218824447;6,348395771
01/08/00;ZWE;Zimbabwe;146,7050505;165,2674975;192,5593249;97,71738886;1,718636045;7,13127316;136,2597968;-0,979209549;0,148554846;0,979209549;1,016348261;501,645255;322,9300173;42,60368407;0,581049237;3,933175717;9619,90011;59,36464995;6,302843914;6,640996158
01/09/00;ZWE;Zimbabwe;147,9805204;168,7304823;195,3879391;96,99606047;1,755008784;5,837589019;132,6553244;0,323434973;0,190441958;0;0,047610489;502,0531541;328,5723852;40,29110712;0,567302857;4,018577603;10241,04972;57,12063115;6,324607945;6,431623369
01/10/00;ZWE;Zimbabwe;149,5131779;171,1803083;198,2466465;96,65675132;1,730446313;6,587205737;125,5013508;1,386015785;-0,692318645;0;0,173079661;510,0843828;322,4707982;40,16797541;0,56585179;4,208133354;10511,01091;55,03480174;6,129442382;6,013623251
01/11/00;ZWE;Zimbabwe;150,8705335;171,9678006;195,3046335;93,26210391;1,758463292;8,533214828;118,7847531;-0,117541457;-0,123290372;0,117541457;0,14836405;502,5526738;305,0532551;43,29603592;0,52789969;4,039068448;9164,158049;57,27741191;6,120672109;6,179785497
01/12/00;ZWE;Zimbabwe;151,223832;170,8011388;202,5772904;92,84946493;1,777280699;8,852513395;119,7198748;2,026066413;0,347841623;0;0,086960406;490,1156513;305,3845206;44,97571945;0,523999443;4,013711491;8747,120953;55,40781165;6,424990022;6,903871071
01/01/01;ZWE;Zimbabwe;153,3001054;173,5875019;206,4648913;90,67167071;1,852134414;9,735693878;109,4373114;-0,3800846;0,458240696;0,3800846;0,494644774;507,733125;294,2962966;47,0604709;0,540410782;3,87091244;9650,412306;54,84800766;6,669903274;6,846054182
01/02/01;ZWE;Zimbabwe;153,7565512;174,5304804;205,8436229;92,00404317;1,771532453;7,666725806;103,9878927;0,912787207;0,601020484;0;0,150255121;478,5383486;294,5403506;46,85510561;0,570033215;3,716267969;10204,68442;53,58151243;6,507350636;6,527477112
01/03/01;ZWE;Zimbabwe;154,152721;176,5653882;203,0413685;90,8019404;1,702094957;6,107096788;110,8356753;0,530600786;-0,498017549;0;0,124504387;474,2628762;297,5439394;45,93590649;0,599606098;3,689723256;10359,95142;54,93315042;6,029897313;5,965430567
01/04/01;ZWE;Zimbabwe;154,9029551;177,8704085;198,6514015;92,06016353;1,740270098;8,796055729;112,0888297;0,424547007;0,115582378;0;0,028895594;481,6632364;295,4991434;47,20690335;0,616915359;3,767091579;10543,10198;58,29165365;5,523935656;5,361346915
01/05/01;ZWE;Zimbabwe;155,9698268;179,2453777;197,9807682;90,7551621;1,688565707;6,43701383;112,5852145;0,860350228;-0,321684558;0;0,08042114;483,3983513;295,7699426;52,1681196;0,643438593;3,608845426;10502,61688;62,80860791;5,696244901;5,972272738
01/06/01;ZWE;Zimbabwe;155,9635765;177,114594;196,5179707;89,33826888;1,76061963;7,770292765;109,7917397;-0,84971585;-0,294144283;0,84971585;0,92325192;484,3698765;296,2493671;50,06586912;0,63680525;3,658450787;10516,08924;60,34479321;5,452963162;5,591344714
01/07/01;ZWE;Zimbabwe;157,2296211;172,9070741;193,2189378;90,38883098;1,788712248;5,407772525;110,8812751;0,103405544;0,951461977;0;0,237865494;456,293102;311,2065467;50,89278544;0,664155048;3,889761429;10132,68232;61,00058759;5,733429878;5,826091629
01/08/01;ZWE;Zimbabwe;156,9965383;172,9526699;195,6451923;91,64728501;1,837225848;5,86620405;111,113903;0,528027069;-0,15495842;0;0,038739605;436,6362114;282,0329339;51,06940969;0,638682309;4,291126263;9157,367842;57,55138339;5,347847603;5,859937984
01/09/01;ZWE;Zimbabwe;156,0090307;176,1642643;197,2866561;91,1293172;1,845576401;6,025997829;105,3208521;1,268595008;-0,009262898;0;0,002315725;438,0218669;275,8855274;49,60413325;0,657308288;4,315015923;9063,565061;55,49173401;5,2284413;5,061903167
01/10/01;ZWE;Zimbabwe;154,7963496;174,6553624;199,8133998;90,62849986;1,945150053;6,043141855;106,2664268;-0,474516307;0,191318713;0,474516307;0,522345985;430,9117117;290,0154493;49,70341588;0,637140416;4,293851155;8788,96001;58,5264835;5,767751822;6,178754774
01/11/01;ZWE;Zimbabwe;154,2491508;174,4293939;202,6436401;90,30146738;1,922916129;4,474379094;105,5297972;1,183945691;1,158425541;0;0,289606385;447,9495237;279,0840018;51,25181733;0,683250943;4,278686122;8734,940013;58,66942119;6,157658407;6,245207524
01/12/01;ZWE;Zimbabwe;155,9315196;174,5196891;206,8350267;91,24461699;1,894204991;4,535008662;103,2554363;-1,234225511;-0,967661282;1,234225511;1,476140831;465,1210406;273,0819801;51,91078081;0,69846826;4,186842378;8468,319333;55,3290919;5,983540888;5,970149638
01/01/02;ZWE;Zimbabwe;157,0689109;178,1811863;209,8764323;92,33305393;1,949345144;7,053174151;102,0534075;0,103139209;-1,310855235;0;0,327713809;452,8028263;269,2276668;51,2844698;0,698730777;4,308462696;8347,381793;54,49713698;5,688444628;5,937380474
01/02/02;ZWE;Zimbabwe;158,6912502;177,6162924;207,1333143;93,46010031;1,926021501;7,444876927;99,12119244;-0,23485434;-1,969523581;0,23485434;0,727235235;451,8868159;274,8417079;52,97093909;0,71259685;4,50080518;9326,60076;54,52714225;5,978119727;6,111482067
01/03/02;ZWE;Zimbabwe;160,3526709;175,6339181;206,0259724;94,90343558;1,934351025;6,36501633;100,9714017;1,156932332;-0,047437892;0;0,011859473;461,9507978;281,4508318;52,84408782;0,730377266;4,580056101;8805,044415;57,5910363;6,03136502;6,287375599
01/04/02;ZWE;Zimbabwe;159,5597821;175,1649827;208,6458299;93,7812044;1,902873975;6,554285958;105,3156395;0,274978594;0,115115041;0;0,02877876;444,641393;277,8795738;56,95198327;0,764989133;4,53013155;9102,62626;58,12233865;6,290832251;6,753478871
01/05/02;ZWE;Zimbabwe;160,5111404;176,6049166;206,9057245;94,18288443;1,945707539;7,524407399;105,6945179;-0,481635671;0,664664377;0,481635671;0,647801766;447,668658;281,8256433;56,01053453;0,714509621;4,546200502;8946,350062;55,35488987;5,660096757;5,940369933
01/06/02;ZWE;Zimbabwe;160,7750139;180,2958204;208,9130252;93,46809644;1,94710186;8,252821675;106,3516613;-0,431319661;0,281937457;0,431319661;0,501804025;460,6027987;283,3992456;53,09263795;0,739442736;4,610665349;8726,405488;55,51441453;5,05975587;5,368380025
01/07/02;ZWE;Zimbabwe;162,0814346;178,64068;207,5447687;93,89311223;2,050995463;5,179753041;110,1457482;0,401219793;0,259668524;0;0,064917131;485,7601304;270,3465147;54,62187947;0,701061313;4,612996351;10205,96703;51,61015332;4,911118291;5,100684873
01/08/02;ZWE;Zimbabwe;162,5063491;180,895701;207,9910667;95,06359864;2,046109517;5,591817665;116,9676577;-0,427918528;-1,18675382;0,427918528;0,724606983;523,2947489;269,3159226;59,31593417;0,721797455;4,489559693;9370,047258;48,54942376;4,924433954;4,91014382
01/09/02;ZWE;Zimbabwe;162,2199243;178,1762262;211,1875766;92,39933929;2,033702841;4,080045873;114,6817778;0,249678225;-0,597165674;0;0,149291419;537,6609573;253,3662392;61,81964885;0,736181404;4,374245749;10617,77183;44,95343016;4,640995462;4,671590967
01/10/02;ZWE;Zimbabwe;165,7779969;179,374851;207,4181844;93,29416528;2,037036592;7,40658;114,2112244;0,043526006;-0,441353827;0;0,110338457;528,972352;248,8504369;61,95193091;0,748916638;4,317248963;10552,34138;45,6733415;4,578317979;4,947084472
01/11/02;ZWE;Zimbabwe;166,6884296;174,1626322;207,374237;89,66756555;2,016153232;5,962656607;122,7983837;-1,706815706;1,718610495;1,706815706;2,136468329;552,7568494;234,4297839;56,50495514;0,793758748;4,285215384;10550,66474;45,46855557;4,897064251;4,95504152
01/12/02;ZWE;Zimbabwe;166,0175361;173,9476806;209,2926349;90,94335813;1,990773801;5,825967121;124,1255384;-0,608287512;-0,509396389;0,608287512;0,735636609;546,8504496;236,3610752;57,02207843;0,798617728;4,355223477;10756,54412;44,86858511;4,671463163;4,769846071
01/01/03;ZWE;Zimbabwe;167,6102351;175,6907838;207,4777181;88,62134348;2,010857543;7,182225573;126,6237698;-2,240977002;0,752061566;2,240977002;2,428992394;539,266457;249,8405749;61,85009906;0,870339729;4,334025848;13401,41021;45,00620657;4,741198911;4,870863167
01/02/03;ZWE;Zimbabwe;166,6780151;175,4333246;204,6282654;89,03936564;1,997935153;4,000314172;125,4600872;1,142321806;0,10164408;0;0,02541102;537,0167667;254,5576103;66,74133816;0,904280416;4,26677937;13899,14213;45,35186001;4,482397405;4,743165929
01/03/03;ZWE;Zimbabwe;167,1153819;178,2459527;201,7730987;89,03613845;1,917335608;5,872199556;123,9148079;-0,685693244;-0,537048527;0,685693244;0,819955376;526,7998883;257,2132836;64,47771795;0,941326748;4,02843068;13243,60281;42,23661416;4,117409757;4,254506986
01/04/03;ZWE;Zimbabwe;167,01044;182,5331548;202,2422401;91,07854574;1,920052717;5,030931944;122,2439343;-0,090358818;-0,362128771;0,090358818;0,18089101;553,3423731;273,4001846;65,50740431;0,877872757;4,13976182;13226,56926;42,19497144;4,090464834;4,222143947
01/05/03;ZWE;Zimbabwe;167,0048;182,3155401;205,678851;89,95498478;1,961751675;5,244263656;124,459685;1,69285734;1,232435901;0;0,308108975;566,7758799;287,6694493;64,88746636;0,897891867;4,214865989;12774,74872;42,12663078;4,181380819;4,677387773
01/06/03;ZWE;Zimbabwe;167,6918525;180,4197141;203,8382067;91,25019918;1,976597758;5,643181507;129,9085001;0,279685758;-1,143682758;0;0,28592069;540,9400677;272,446715;62,16382753;0,919736;4,314589495;14722,26916;41,63554095;4,300921591;4,428406594
01/07/03;ZWE;Zimbabwe;169,0115266;182,5521187;200,2250198;91,89276238;1,942595186;5,493200231;127,255221;-0,458717539;0,272994414;0,458717539;0,526966142;547,6910064;267,6919698;62,36592707;0,863368823;4,321451422;15485,76445;39,68339537;4,157506046;4,312023918
01/08/03;ZWE;Zimbabwe;167,7524592;181,966679;198,0137969;92,83802011;1,90203294;5,551345567;124,6757703;-0,402289334;-0,333078775;0,402289334;0,485559028;566,401729;261,3766169;63,60815025;0,875921341;4,158333904;14637,33414;39,96417394;4,214100437;4,444855964
01/09/03;ZWE;Zimbabwe;170,49825;181,9791649;197,2781431;91,53587109;2,010052066;4,147187456;122,3056129;1,290083554;0,960481703;0;0,240120426;557,028992;261,1479557;66,67201976;0,890745912;4,022129188;14686,41619;40,40599794;4,04453342;4,154502546
01/10/03;ZWE;Zimbabwe;170,1013298;182,3556354;194,2977788;89,07324535;2,074324189;4,923092168;119,1336006;-0,559777357;0,685244274;0,559777357;0,731088426;525,9244662;247,5302444;67,89011267;0,89831841;4,35202774;14630,59345;40,12085454;4,002083633;4,146342829
01/11/03;ZWE;Zimbabwe;169,8777567;185,4847689;191,0797503;90,836717;2,111184912;4,427087488;117,3692678;-0,627242893;1,598923244;0,627242893;1,026973704;526,6167911;237,8983389;70,2367962;0,841434719;4,770047791;15119,65015;39,77995692;3,694994028;3,904537833
01/12/03;ZWE;Zimbabwe;171,0472554;187,647819;195,5625163;90,07593291;2,148599979;4,877343837;114,6757236;-0,434330439;-1,524008992;0,434330439;0,815332687;521,4650482;247,8774499;72,77967673;0,899621642;4,678889434;15202,3326;37,77832417;3,87387635;3,987301349
01/01/04;ZWE;Zimbabwe;171,032944;188,1674071;193,7016091;91,93780061;2,18863162;4,254485214;115,9642363;1,609003903;-0,332237999;0;0,0830595;503,5414451;251,0927137;77,31780552;0,892229319;4,765815654;16040,30521;39,79127743;4,471919088;4,604636862
01/02/04;ZWE;Zimbabwe;171,4402641;185,3869833;196,9969262;92,83026861;2,178021597;3,983731357;109,9724655;-1,179693219;0,507710044;1,179693219;1,30662073;458,3603477;243,9810917;78,51385947;0,899681982;4,624263545;17277,02186;38,90057879;4,326394995;4,480862435
01/03/04;ZWE;Zimbabwe;171,5332092;183,7648549;197,8547492;92,44625454;2,308052036;5,541008988;102,2595614;0,446518761;-2,105210541;0;0,526302635;443,0787555;221,1577079;80,03634213;0,857787948;4,708912676;18628,3411;37,55263451;4,306551626;4,370599798
01/04/04;ZWE;Zimbabwe;170,0708411;185,7282795;198,3131502;87,94370286;2,345014625;7,632618639;100,06556;0,631066244;-0,370376482;0;0,092594121;431,1687279;217,4333453;75,46950899;0,886871579;4,602176151;18729,66152;35,87242957;4,131839036;4,304288074
01/05/04;ZWE;Zimbabwe;170,1871381;190,0780382;207,639073;85,23247452;2,330431736;6,618584934;102,0996184;-0,973078274;-0,316995375;0,973078274;1,052327118;428,9473822;236,3745416;73,49556149;0,902426069;4,567404496;20631,24067;35,1373855;4,387652218;4,331669977
01/06/04;ZWE;Zimbabwe;168,8214738;189,1443169;209,2842348;86,19511427;2,398040907;5,170328792;103,5405267;0,148243046;-0,74683;0;0,1867075;432,5476056;224,1553971;74,26737977;0,864654964;4,894530682;23272,00597;36,407952;4,324497611;4,590136023
01/07/04;ZWE;Zimbabwe;168,2087801;191,5758022;211,578022;84,30161675;2,389448981;5,34814181;108,178912;-0,641893465;-0,894740941;0,641893465;0,8655787;431,416062;223,8125292;79,75154913;0,88018471;5,016250663;21544,42035;34,86417562;4,035863756;4,3227064
01/08/04;ZWE;Zimbabwe;167,9259211;192,1122532;213,3111543;84,17320552;2,343779653;4,156559668;110,2775752;-0,434373447;-0,092965977;0,434373447;0,457614942;432,1335129;215,1882911;80,97948536;0,885657199;5,207973794;21154,64671;34,95009425;4,21659054;4,298840263
01/09/04;ZWE;Zimbabwe;170,2186864;195,7070496;213,4479878;86,10239246;2,222456156;6,414398269;111,2148803;1,423862174;0,400693578;0;0,100173395;421,7830004;205,3239119;85,68241144;0,851227422;5,181777008;23875,63104;35,26678814;4,464197502;4,822391603
01/10/04;ZWE;Zimbabwe;171,441511;197,4540122;210,2534927;85,32945103;2,286088709;6,030134733;118,6938201;-0,896130635;0,035102659;0,896130635;0,9049063;424,0963425;204,9352119;86,8827297;0,854257332;5,283345276;23623,23491;36,84148738;4,564710267;4,831542991
01/11/04;ZWE;Zimbabwe;172,0262509;201,6630784;211,5665691;87,69925487;2,307078357;3,248745449;113,5279294;-0,28892054;0,05111033;0,28892054;0,301698122;425,7483911;209,5497833;95,44326257;0,800139066;5,157953391;25683,9975;38,06791957;4,596474051;4,542833619
01/12/04;ZWE;Zimbabwe;171,2763375;205,1467898;210,9339072;89,26082912;2,30475867;3,947636464;115,9055296;1,07144813;0,217477028;0;0,054369257;446,2092936;196,2518735;95,624431;0,828707277;5,346120113;24976,95097;36,06834392;4,781984831;4,874018102
01/01/05;ZWE;Zimbabwe;171,5678468;208,7338906;214,2053082;88,99593004;2,348624556;5,159613489;118,4602248;1,192938416;-0,193353902;0;0,048338476;428,9897456;184,2498975;93,86165307;0,879505957;5,280827611;25487,68271;35,60124465;5,243500295;5,508574464
01/02/05;ZWE;Zimbabwe;172,6207235;210,4653128;215,3586196;86,70348453;2,290095576;6,494594563;119,3127424;-0,377036274;-1,504201844;0,377036274;0,753086735;415,549992;186,2202532;95,36264638;0,855495002;5,32176429;25467,17902;37,7626855;5,183408338;5,51883819
01/03/05;ZWE;Zimbabwe;171,7140995;213,5142981;217,3376902;85,93376565;2,316741536;5,044911806;113,6740522;1,707586621;-0,360655995;0;0,090163999;435,5363004;177,0656941;100,5695081;0,897002615;5,399351773;27170,67663;35,69754104;5,432646207;5,615269248
01/04/05;ZWE;Zimbabwe;170,76646;209,1455888;223,239912;89,64787607;2,290085127;4,368754157;107,8362857;-0,246859626;1,079157594;0,246859626;0,516649025;459,9275367;176,4612404;97,52476012;0,899832278;5,478801491;27196,08837;34,5197447;5,890795464;6,209858122
01/05/05;ZWE;Zimbabwe;172,5569471;208,0139564;224,4068605;88,50506682;2,164167876;7,327725183;108,8568124;1,481359855;-0,094526036;0;0,023631509;463,283257;175,0359097;94,85776663;0,8941951;5,638980209;29076,58539;33,15716573;6,041782343;6,232962564
01/06/05;ZWE;Zimbabwe;174,7084746;210,1320048;221,0963607;90,98942697;2,146733164;4,942330454;107,8635957;2,008121578;0,274459276;0;0,068614819;472,4147485;179,1869622;90,69776181;0,884990201;6,283619307;29283,21712;33,1486408;5,780909911;6,153132183
01/07/05;ZWE;Zimbabwe;173,6065597;216,7070109;219,9797321;90,418692;2,207015321;6,050043659;106,2530751;-1,67699142;-0,051233205;1,67699142;1,689799721;455,7566277;184,1200479;91,95058356;0,874295244;6,231444062;31744,86496;33,3347846;6,12078428;6,278269533
01/08/05;ZWE;Zimbabwe;172,7890516;218,2066096;220,1624996;87,65732187;2,128425377;5,419997556;106,0104235;-1,063335385;-0,603037841;1,063335385;1,214094845;435,360962;178,2174819;88,65283924;0,87700111;6,488994657;34664,38053;34,12570828;5,86262876;6,30257983
01/09/05;ZWE;Zimbabwe;173,1541293;216,1903069;221,0034902;87,8978431;2,094998876;2,576786754;109,2624356;1,236399867;0,766736696;0;0,191684174;444,1517359;186,9451636;96,05337088;0,894664791;6,534185183;35263,57572;33,20173;5,755702787;6,009150185
01/10/05;ZWE;Zimbabwe;173,3140059;217,4874132;220,3027664;88,23791329;2,175215196;4,646916102;119,0448109;0,637474382;1,266060106;0;0,316515026;444,3661393;190,6906943;93,64738346;0,871170009;6,792940239;37528,82261;33,56666752;5,881024661;6,030916645
01/11/05;ZWE;Zimbabwe;174,0036542;218,9504001;218,2289555;90,21991977;2,184068407;5,509682257;117,2295465;-0,526262207;0,175725543;0,526262207;0,570193593;437,9327766;186,4300323;99,09617995;0,80954673;7,182729092;36669,36046;34,00506539;5,68815033;5,82824382
01/12/05;ZWE;Zimbabwe;175,2905442;219,8339243;216,8348803;91,0378038;2,202217939;4,302899877;114,5095379;-0,257770169;-1,012266834;0,257770169;0,510836878;409,1909042;189,8494324;101,9860546;0,796772903;7,257051633;40450,67788;32,64219145;5,379662179;5,537927244
01/01/06;ZWE;Zimbabwe;174,1346295;218,1971274;217,3698842;88,36827585;2,147533033;4,865778624;115,9653412;0,520787168;-0,383576814;0;0,095894204;418,3333642;191,9569455;104,0272111;0,794809577;7,084807531;40720,87165;34,3461405;5,489430066;5,898987982
01/02/06;ZWE;Zimbabwe;172,3119299;222,1160557;220,2954807;88,35054018;2,124904152;5,683905602;110,8372672;-0,784187133;-0,884483473;0,784187133;1,005308001;420,1611268;201,7551759;101,6354537;0,81259385;6,952720979;36095,26058;34,62507195;5,577869046;5,825018537
01/03/06;ZWE;Zimbabwe;169,8205197;219,7015248;220,8167932;90,5612622;2,131341327;4,899523269;117,2344202;-3,324451265;0,631032262;3,324451265;3,482209331;418,0611375;203,9900816;104,1280547;0,770206737;6,825713168;37563,81252;35,17165774;5,792674399;5,875431854
01/04/06;ZWE;Zimbabwe;169,9074564;217,987561;223,9581129;91,07221454;2,186693042;6,600876635;119,617544;0,207004728;0,105346358;0;0,02633659;421,3959592;200,8915106;104,1658773;0,800232289;6,667943687;38517,83534;34,57836794;5,876411222;5,961272544
01/05/06;ZWE;Zimbabwe;169,6349514;219,5444886;224,1701278;92,58283488;2,107819669;6,310507043;110,449178;-0,652607859;-0,681032247;0,652607859;0,822865921;404,6448974;210,7936575;98,52051953;0,810518775;6,477829308;38061,06093;32,72851834;6,242246195;6,078688845
01/06/06;ZWE;Zimbabwe;171,0836277;222,0804518;228,2938157;93,01328006;2,155455269;8,870059113;108,6551153;2,046294484;0,611034532;0;0,152758633;410,6115213;215,0528525;90,37310928;0,869346382;6,074450118;41193,39098;33,81987651;6,561440232;6,70075103
01/07/06;ZWE;Zimbabwe;169,3723108;224,4385809;229,4919669;92,62352513;2,169073405;6,476170266;108,4167426;-1,063356164;-0,373775909;1,063356164;1,156800142;441,0209746;204,7551929;91,71358925;0,925210277;6,217546423;38924,34035;36,12041072;6,396524049;6,871024727
01/08/06;ZWE;Zimbabwe;168,9613018;226,687179;231,2861024;91,90417626;2,151645421;6,427733103;103,3338293;0,401665849;-0,953375711;0;0,238343928;438,2405738;190,0634061;90,61079302;0,95167237;6,304423856;39200,46099;35,63268867;6,887110965;7,556047296
01/09/06;ZWE;Zimbabwe;170,1679715;224,2594392;228,801317;89,91139061;2,168820213;5,762952406;98,18115234;0,533641921;0,822113613;0;0,205528403;472,6069025;193,330916;92,00525672;0,973271283;6,436840393;35931,38782;34,00381562;6,358324006;6,780223926
01/10/06;ZWE;Zimbabwe;169,1057665;225,9061505;229,8431325;89,19429842;2,187075123;5,889454193;100,2330772;-0,062451397;0,412367675;0,062451397;0,165543316;476,8179357;189,8693859;86,75082661;0,96440367;6,187203584;32653,22415;34,43976713;6,893634686;7,102333905
01/11/06;ZWE;Zimbabwe;170,3620538;221,3018648;232,5470338;90,71121285;2,188886221;7,9656704;98,71162894;-0,862240761;0,449435032;0,862240761;0,974599519;463,5118509;187,8563636;91,23790204;0,977395047;5,944162024;30852,68488;33,64451698;7,522497879;7,99000679
01/12/06;ZWE;Zimbabwe;171,224257;226,0378027;226,5426026;92,91560672;2,169694786;6,754165227;97,36095073;0,07876803;-0,593227593;0;0,148306898;478,1242114;192,3788232;92,48429957;0,949327497;5,697669964;26751,10702;33,16250899;8,242715172;8,096028225
01/01/07;ZWE;Zimbabwe;169,7067237;222,7217182;230,4852386;90,02587996;2,219774205;4,894132682;101,0233864;1,488014646;0,48015676;0;0,12003919;494,3000662;194,0786525;88,10510184;0,919632013;5,507961992;27774,07118;32,94750536;7,768976626;8,179447187
01/02/07;ZWE;Zimbabwe;172,4308395;224,8333077;236,6722974;91,86465126;2,195624545;6,215025574;96,99776717;0,841354371;0,617569715;0;0,154392429;491,1118506;201,3670511;86,43701854;1,002878866;5,679497438;30231,9197;33,26182088;8,289442991;8,363406974
01/03/07;ZWE;Zimbabwe;173,3779535;229,1521894;229,4852707;89,83458427;2,164237386;5,181384432;92,52911553;0,136161617;1,836476127;0;0,459119032;454,5428232;188,1031672;89,47983124;1,070001938;5,831068861;30666,67365;33,98092586;8,420343531;9,031138905
01/04/07;ZWE;Zimbabwe;173,0780421;238,0139579;232,3986519;90,37295669;2,09733761;5,989308054;95,32768968;0,55999847;0,285273784;0;0,071318446;475,3214339;188,0801802;83,15286698;1,060878553;5,650903296;31317,76113;36,55015887;8,875907425;9,137821675
01/05/07;ZWE;Zimbabwe;171,4384689;237,4402425;234,1830113;89,60780142;2,053470538;8,443156227;92,2749487;-0,50912293;0,593502088;0,50912293;0,657498452;477,4096476;205,7038977;85,36020468;1,13728782;5,903719899;28749,40957;37,21862238;8,922328704;9,451763239
01/06/07;ZWE;Zimbabwe;170,6969234;238,0825017;231,0909834;87,76439579;2,109067802;5,526951367;91,66848117;-0,936779554;-0,681089632;0,936779554;1,107051962;499,2702352;216,4258977;86,90901939;1,149361501;6,294405856;30482,82698;37,3353437;8,262058;8,985247257
01/07/07;ZWE;Zimbabwe;171,2139418;242,494063;228,4175633;89,76743776;2,154535529;7,659854895;85,61266109;0,077217523;0,800803177;0;0,200200794;492,7555673;221,2578805;90,92721384;1,119187713;6,503646938;33834,51303;38,41378045;8,388883801;8,762442944
01/08/07;ZWE;Zimbabwe;172,5153895;238,8326274;221,3554631;89,95596789;2,314321411;5,935295747;83,30522216;-0,360121691;0,16556403;0,360121691;0,401512699;510,5642183;205,7085498;87,41319435;1,125941893;6,183339398;36880,45825;39,82927402;8,246145391;8,768783436
01/09/07;ZWE;Zimbabwe;172,084429;241,8601191;224,4525854;88,90844379;2,293817739;7,77787326;86,05324152;-1,537666914;-0,416981665;1,537666914;1,64191233;513,8543495;203,1716404;87,31854055;1,196752659;6,151373;34699,53021;38,27817248;8,968073977;9,187544955
01/10/07;ZWE;Zimbabwe;171,8553525;239,5117308;221,3487341;89,5697758;2,415118127;7,615044723;86,25931708;1,525105691;0,554877737;0;0,138719434;536,8386715;199,7565095;86,62837021;1,216939643;5,908994851;34979,37089;39,7768438;9,223912983;9,625525267
01/11/07;ZWE;Zimbabwe;171,8404324;239,1270761;228,206961;89,75287461;2,427511279;5,154420652;83,52734588;-1,234475348;0,728434905;1,234475348;1,416584074;508,8768739;219,1988982;83,95858926;1,166357527;5,979775789;33898,12714;39,04017007;9,335263715;9,470550576
01/12/07;ZWE;Zimbabwe;174,1813044;240,445498;226,7190024;88,66140346;2,414627824;8,404961552;85,84890622;0,400168797;0,217409471;0;0,054352368;504,4434787;209,021087;85,94432265;1,169699143;5,798680444;35274,81227;39,062755;9,556354559;10,48268642
01/01/08;ZWE;Zimbabwe;176,0979989;241,3426483;228,3705321;87,66677256;2,380258701;6,048722699;81,4268698;0,071999244;1,26277238;0;0,315693095;486,6998564;199,8992614;87,71137705;1,150395659;5,831810433;34098,34069;38,33486272;8,678872023;8,926728604
01/02/08;ZWE;Zimbabwe;176,4945265;245,7750718;225,6545086;87,99717542;2,403164312;6,265821516;84,90123503;-0,139194937;0,574887177;0,139194937;0,282916731;498,9465653;193,915746;90,94355769;1,220038961;5,5969;33174,78428;38,94562452;9,196901427;9,725105448
01/03/08;ZWE;Zimbabwe;178,8034416;243,866847;224,7539019;87,60738007;2,487422288;5,176455792;84,66406184;1,587996933;0,353535065;0;0,088383766;499,6463446;182,2939251;94,27111302;1,305373044;5,492783811;40502,18159;41,17519182;9,482994268;10,02392702
01/04/08;ZWE;Zimbabwe;178,0438444;245,9278562;223,5885514;88,13085138;2,466408534;7,884705402;89,87556421;-0,355868888;0,087995489;0,355868888;0,37786776;499,6681464;193,9207674;97,96670585;1,395691211;5,478424468;38864,93516;41,62497885;9,488332113;9,920294933
01/05/08;ZWE;Zimbabwe;177,5789555;243,4337597;228,2367739;89,36472692;2,409051896;7,869145645;89,69129682;1,763901615;-0,253466178;0;0,063366545;510,2350741;213,4148669;104,0841626;1,379043937;5,542461192;33716,87768;39,55166784;10,13075589;11,14252072
01/06/08;ZWE;Zimbabwe;176,2448616;245,0085423;232,0599328;88,80037937;2,554316385;6,352707081;93,00633679;-0,548573714;-0,185853297;0,548573714;0,595037038;515,8793887;212,734039;103,3091246;1,490054415;5,517744803;34673,67966;39,41610142;10,61401732;11,38766189
01/07/08;ZWE;Zimbabwe;175,3902165;239,0247415;228,6203645;91,75057525;2,42396127;5,683848367;91,1126708;0,806483308;-0,287623168;0;0,071905792;499,3254541;209,2816965;100,0801443;1,486536053;5,591350072;34588,20941;41,52189791;10,38323796;10,59868414
01/08/08;ZWE;Zimbabwe;175,7555992;238,0129607;230,1378623;90,85934413;2,350840966;6,962526782;85,22561145;-1,709954881;0,55260428;1,709954881;1,848105951;468,261238;208,8975628;103,1724155;1,569664653;5,203896916;35715,40157;39,9693458;10,90956428;11,33084265
01/09/08;ZWE;Zimbabwe;175,0509575;241,5410631;227,8964828;87,00282203;2,475092751;8,159900835;79,55579104;-0,142568504;-1,063888626;0,142568504;0,40854066;448,6424918;213,3982359;102,1501688;1,604250205;5,126430905;32203,86215;40,73162789;10,8275317;11,03313223
01/10/08;ZWE;Zimbabwe;176,3787256;239,2892466;227,3252674;87,17637552;2,526293544;7,569173811;85,64358433;1,798101691;0,994601466;0;0,248650366;415,4941164;210,8635766;111,0027038;1,683639037;5,008486329;29828,71143;41,82729924;10,68666675;10,92314103
01/11/08;ZWE;Zimbabwe;177,8333572;236,4092979;229,520962;87,62145715;2,625794966;7,061250175;83,78071559;0,558222144;-0,159352737;0;0,039838184;399,8314124;210,0448496;108,1993123;1,707373729;4,717124284;31912,74112;40,7837558;11,00915333;11,17988024
01/12/08;ZWE;Zimbabwe;178,2207887;235,7104353;233,7085779;86,48197815;2,626601924;6,878985765;88,34195045;0,740846334;0,651325619;0;0,162831405;415,7428155;215,7365591;104,0864453;1,623897333;4,716427375;31611,22688;42,11958196;10,56749034;11,12938572
01/01/09;ZWE;Zimbabwe;178,362828;236,1586552;230,9772817;85,60922929;2,68685201;5,140230911;92,25557262;-3,013169892;-1,037473686;3,013169892;3,272538314;393,1958689;218,8638683;94,25453151;1,611976374;4,621082721;30851,34523;42,7996819;10,79617618;10,87115534
01/02/09;ZWE;Zimbabwe;179,1800069;233,3676431;230,4504686;85,71248908;2,79198704;8,036380233;87,4832395;1,151185839;-0,115013003;0;0,028753251;386,2235885;227,4715024;95,27810303;1,644270974;5,049703712;28374,78158;44,27033586;10,89601015;10,9301821
01/03/09;ZWE;Zimbabwe;176,608223;233,4938427;231,3540883;86,61415591;2,798849125;8,831778944;88,22788645;1,503888311;0,501186443;0;0,125296611;397,6081634;238,3772857;86,28490385;1,696352618;5,051755531;30690,58205;43,58720439;10,7908128;11,3045198
01/04/09;ZWE;Zimbabwe;176,8345407;234,0017488;231,1522047;86,32289159;2,902382252;7,020951836;83,56019256;-0,635587542;-0,038786436;0,635587542;0,645284151;375,4136045;233,1460643;85,64703834;1,651807809;4,918665425;29098,11602;41,84195636;10,82467125;11,4279907
01/05/09;ZWE;Zimbabwe;176,6116715;236,2998466;225,6159795;85,17924024;2,835143837;6,66987562;79,23834294;-0,622469175;-1,173452592;0,622469175;0,915832323;385,5331814;238,6477277;89,03745454;1,632239577;5,121517329;29450,06841;42,13543734;10,71559174;11,04710008
01/06/09;ZWE;Zimbabwe;177,5645643;235,8825662;230,6775713;83,21838409;2,93183591;5,81073195;81,3306806;1,671962958;-0,37743979;0;0,094359948;397,8615932;241,130025;93,9068115;1,613656361;5,094242598;28171,54305;41,84973841;10,26134332;11,00902891
01/07/09;ZWE;Zimbabwe;177,9218304;235,6415761;236,2787348;81,91345517;2,97204619;8,184263478;76,81606934;-0,257802754;0,823852174;0,257802754;0,463765797;404,860778;229,5993563;91,63829688;1,546169433;5,374207556;31129,75961;40,95731133;10,62486648;10,65368149
01/08/09;ZWE;Zimbabwe;178,5784737;235,455627;239,2695606;80,68315928;3,020783107;7,251853927;76,21158041;0,145302592;-0,928463634;0;0,232115908;427,7017995;229,5405247;89,70209472;1,506786696;5,374295714;36048,17961;38,33849424;9,540051857;9,588616922
01/09/09;ZWE;Zimbabwe;178,5764277;238,1675377;237,0534162;79,48552751;3,05541332;5,363454392;74,61709023;-1,259220406;0,222033404;1,259220406;1,314728757;406,1356204;235,2226155;89,41090974;1,493604441;5,678450897;40210,24202;37,82434378;9,240080927;9,900595521
01/10/09;ZWE;Zimbabwe;177,437644;239,214764;244,8437188;80,96208549;3,054703526;7,159297837;74,59617568;1,423923493;1,053607024;0;0,263401756;408,6453176;238,5064963;85,62685474;1,524938629;5,967466186;41101,37232;36,96423827;9,561488613;9,623849947
01/11/09;ZWE;Zimbabwe;179,0455603;236,3424244;239,6869334;82,95364842;3,144315386;6,280818715;72,83697112;0,525091147;-0,276603067;0;0,069150767;427,8285856;243,4149923;82,0363832;1,427657099;6,036004797;33855,01805;38,12456671;9,300065838;9,423328173
01/12/09;ZWE;Zimbabwe;180,8230513;237,3378891;238,8996109;81,52525228;3,088447745;6,012397815;72,29399292;1,002343895;-0,385059543;0;0,096264886;442,4807445;246,0923866;77,16916024;1,47589293;6,41330385;32862,86472;37,83290896;8,730733641;8,761526644
01/01/10;ZWE;Zimbabwe;181,3282262;241,532958;235,8324497;80,06600235;3,153591162;7,426557383;75,5991444;0,817626442;-0,35694907;0;0,089237267;457,9040758;247,803746;78,00267597;1,444993833;6,546156957;35575,66998;39,0423416;8,018219239;8,893360539
01/02/10;ZWE;Zimbabwe;180,9492008;244,1242422;234,4538585;78,90735046;3,25349072;5,793510334;76,82897412;0,760714214;-0,683268419;0;0,170817105;462,1746163;270,8931724;75,71248286;1,452901173;6,501836435;34635,71485;36,72066398;8,176189069;8,268872092
01/03/10;ZWE;Zimbabwe;179,9878834;246,7444379;235,4723549;76,79349316;3,347166368;8,5874515;74,11150789;0,320460753;0,050339783;0;0,012584946;435,0674152;251,9141837;79,9354055;1,420967252;6,574936531;36475,69928;37,25385814;7,655212543;8,06536329
01/04/10;ZWE;Zimbabwe;182,3201021;249,6355457;239,8833327;76,69699665;3,342780519;3,688441016;72,24203696;-0,184166358;0,246928571;0,184166358;0,245898501;452,3989188;240,7945136;81,85058783;1,374614951;6,458499634;38605,59876;36,77149634;7,527300918;7,711299017
01/05/10;ZWE;Zimbabwe;182,5573836;253,5397031;233,8741747;76,33110481;3,298560225;6,198375439;70,87540274;1,512013601;0,785706663;0;0,196426666;424,5449161;229,4712521;76,85223115;1,39936661;6,4858241;37297,0259;36,27284167;7,466872358;7,761753355
01/06/10;ZWE;Zimbabwe;184,2943129;251,8475155;236,0000181;77,61374894;3,23447668;5,536866485;75,24494648;0,490825702;-0,931426036;0;0,232856509;416,4484157;232,0588744;74,35308291;1,389967884;6,275161741;39504,3254;37,95930916;7,568015902;7,944826943
01/07/10;ZWE;Zimbabwe;184,2781433;249,161163;233,6434566;77,59936379;3,325686992;7,027098771;77,50741331;0,499979384;-0,978443925;0;0,244610981;403,4634109;221,7947266;66,92637837;1,435939876;6,228784432;39554,44347;38,42573268;7,46232942;7,793505994
01/08/10;ZWE;Zimbabwe;184,4960446;250,2150152;234,3672235;77,84332185;3,32960813;5,728412779;80,05329559;1,516358962;-2,567101543;0;0,641775386;393,7098646;211,2618936;66,89684658;1,423680271;6,281237314;39043,64559;36,73893532;7,076494424;7,228261559
01/09/10;ZWE;Zimbabwe;184,7071282;253,7718076;235,3903322;75,27558267;3,512781494;3,798752879;76,8868369;0,025586934;-0,594124195;0;0,148531049;390,3044957;197,5553594;66,62701022;1,301421997;6,519123809;39672,41556;34,98427101;6,942882761;6,905671067
01/10/10;ZWE;Zimbabwe;185,300333;254,0925625;233,8710618;73,98744306;3,477644296;7,367577913;74,30502659;-0,102256627;0,121679454;0,102256627;0,13267649;407,3102748;200,8917569;68,91530356;1,2717925;6,625126756;36673,84151;34,47460866;7,444315575;7,650368658
01/11/10;ZWE;Zimbabwe;188,1957683;256,1317361;234,8407715;74,8943806;3,571034557;3,956726516;74,89053902;0,873683165;0,59646519;0;0,149116297;412,2196066;206,7417523;70,2668655;1,243941133;6,265678561;37399,42123;33,82548159;8,08639347;8,622683504
01/12/10;ZWE;Zimbabwe;190,5202401;253,151137;236,5111784;74,39734883;3,602413718;3,23298521;76,6565835;-0,826080366;1,075847874;0,826080366;1,095042334;403,6491505;204,6457607;70,13265402;1,195786426;6,669423327;35637,96526;34,45586805;7,866844451;8,625196651
01/01/11;ZWE;Zimbabwe;192,3921931;254,0495863;238,8899382;74,54103072;3,522286374;6,942254773;72,73128615;0,033639391;-0,705307723;0;0,176326931;401,0481114;190,0646166;69,73688202;1,169084113;6,895378696;38004,75951;34,19855778;7,748936427;8,003276988
01/02/11;ZWE;Zimbabwe;196,4305048;255,2412244;242,8455733;73,58055868;3,477957598;5,938827074;75,38530678;1,000173696;-0,530963331;0;0,132740833;408,7746183;194,3859139;73,61576026;1,267223422;7,0032158;35836,12432;33,02730369;8,2451297;8,209298421
01/03/11;ZWE;Zimbabwe;196,0553642;253,0368428;238,7768802;73,32256256;3,361706542;5,100398071;77,68274319;0,140623538;0,29166647;0;0,072916617;406,7191603;192,8857851;76,91472256;1,187474875;7,243521414;36692,35349;33,28218823;8,533260268;9,112402132
01/04/11;ZWE;Zimbabwe;194,9546561;254,9167645;237,2783534;71,70578959;3,568601415;5,30380991;80,05243674;1,610702324;0,539580875;0;0,134895219;391,3643036;206,092163;76,39571329;1,182975202;7,32572435;35235,76354;34,20564771;8,15141256;8,982866588
01/05/11;ZWE;Zimbabwe;196,7778987;254,8793212;239,0164615;72,05579615;3,596945352;5,591852724;81,54266891;1,903582118;-1,107016766;0;0,276754191;372,9552737;202,7699541;77,80197859;1,180800841;7,479731891;34149,12457;33,77463836;8,266955622;8,56976688
01/06/11;ZWE;Zimbabwe;197,4133766;255,9995125;238,5090496;72,64850442;3,386857663;4,556810696;82,55323628;-0,108708593;0,551868072;0,108708593;0,246675611;389,4092541;196,5169751;73,05418254;1,127997994;7,533999583;37022,42954;34,97890532;8,016027429;8,411305368
01/07/11;ZWE;Zimbabwe;200,9799468;257,1597388;240,1476214;71,35418929;3,317290449;5,585896912;81,61981293;-1,348747809;0,325589901;1,348747809;1,430145284;385,1354968;188,1662884;73,90478755;1,090857025;7,143519309;38748,76665;35,90404688;8,069426564;8,423378213
01/08/11;ZWE;Zimbabwe;202,0378046;255,0281101;246,9651412;69,91919643;3,266507969;6,250734723;77,736881;-1,875944261;-0,625049847;1,875944261;2,032206723;379,4023442;189,6893935;72,63485419;1,135772145;7,034658244;44580,22176;35,36423262;7,477234877;7,695355391
01/09/11;ZWE;Zimbabwe;204,7125377;250,1579492;241,8483019;70,89191012;3,255475057;6,345862157;83,56501827;-0,801814751;-0,134771719;0,801814751;0,835507681;387,5452061;179,2225899;71,92729373;1,178521215;6,861065211;39702,7209;33,69715251;7,767215105;7,986191119
01/10/11;ZWE;Zimbabwe;207,3284517;251,0089945;241,9011516;73,40652795;3,234780157;5,937807413;85,26762912;0,019405243;0,064013923;0;0,016003481;386,7436461;185,0829256;69,4884412;1,114918226;6,818022495;44584,88371;33,39020462;7,695776343;8,642619884
01/11/11;ZWE;Zimbabwe;210,6570075;252,5227965;246,3777578;72,94212091;3,094136761;5,520119785;87,2854481;1,263553874;-0,601713832;0;0,150428458;384,7687775;181,3403408;67,6105363;1,065103025;6,77982198;42338,5256;31,89940734;7,375799394;7,937184581
01/12/11;ZWE;Zimbabwe;214,1670854;253,8590339;243,9766044;72,09861028;3,026129566;6,061952178;88,85842317;1,017276875;0,504574722;0;0,12614368;367,805142;173,5260182;73,10346335;1,067027774;6,810223609;46421,36504;31,95095019;7,337470744;7,673249173
01/01/12;ZWE;Zimbabwe;217,2063338;256,2475996;248,9290106;70,55290058;3,069791433;6,111111644;88,11435243;0,048435564;-0,313770183;0;0,078442546;357,1781197;175,4715783;75,15553639;1,01893524;7,342541646;54354,97972;30,55893229;6,976492693;7,196271302
01/02/12;ZWE;Zimbabwe;218,0580472;254,3479447;250,8500724;72,07139838;3,06444708;5,281345489;87,92316903;-0,336085392;0,521213933;0,336085392;0,466388876;360,8087654;171,8828067;70,76646221;1,081091138;7,282397823;51025,9204;32,73042127;7,851252936;8,024093423
01/03/12;ZWE;Zimbabwe;219,2642828;246,904443;252,6887111;72,07210467;2,979521429;3,463502894;94,76548769;0,90289468;-0,24644741;0;0,061611852;350,5495114;177,2364698;67,55672361;1,06853726;7,237344363;47579,97393;34,08918233;7,455967496;7,609908976
01/04/12;ZWE;Zimbabwe;221,4161706;249,7987276;255,401361;72,17124272;3,144930769;6,146698155;95,72615752;-1,069788991;-1,115994983;1,069788991;1,348787736;345,1837202;180,7567493;66,90135439;1,028209755;7,240639314;41782,77342;34,9298299;6,943137126;7,460670168
01/05/12;ZWE;Zimbabwe;222,6014531;250,348692;256,8633617;72,10962099;3,248325855;3,768731407;102,2625193;-0,540990849;0,728275429;0,540990849;0,723059706;349,4478284;176,6201938;68,10436389;1,037615943;6,913437608;44523,89598;35,69640013;6,916601654;7,079855414
01/06/12;ZWE;Zimbabwe;221,5510709;249,8008452;253,2736785;71,07767687;3,254765272;3,834077547;103,7842898;-0,200996816;-0,312791272;0,200996816;0,279194634;358,6938013;173,8510242;67,01964525;1,057433872;6,969097845;44846,61782;36,21636011;6,871648643;7,206694664
01/07/12;ZWE;Zimbabwe;222,9219315;252,8618264;251,4607491;69,88755463;3,314341675;6,285487195;104,9382033;0,90966898;-0,096980147;0;0,024245037;378,0686785;177,5007552;67,46421501;1,035178025;7,274561164;42656,62457;36,83648777;6,996749744;7,078697563
01/08/12;ZWE;Zimbabwe;222,5477991;254,8318754;256,3777771;69,51156776;3,439293077;5,082923608;102,5233192;0,070309794;0,295132684;0;0,073783171;365,3208522;187,1150679;73,49114706;0,951089961;6,872193953;41296,49966;35,65800957;6,737281072;7,012328821
01/09/12;ZWE;Zimbabwe;224,371471;257,2440162;257,5741301;68,85440428;3,518759879;4,002744793;98,73095817;-0,445929444;0,772796609;0,445929444;0,639128597;370,0861858;182,8540294;75,5395716;0,989234749;7,282702342;40043,40674;35,45821743;6,421687313;6,346001768
01/10/12;ZWE;Zimbabwe;223,8326341;260,5172793;259,9877034;68,93189991;3,427478828;5,97327098;92,32127888;1,336909969;-0,238279617;0;0,059569904;354,7605378;177,6231005;78,00903479;0,965837489;6,913291203;39124,39269;34,40345567;6,460139399;6,807576802
01/11/12;ZWE;Zimbabwe;226,728392;257,5667444;268,9696044;68,5412811;3,44069755;4,196790446;87,79639164;-1,134463574;0,110030116;1,134463574;1,161971103;360,7390791;181,738969;81,67426056;0,984489079;7,332768323;41333,7168;34,51035117;6,406291963;6,424747003
01/12/12;ZWE;Zimbabwe;226,6855393;256,2316962;272,9683423;65,90722886;3,385195273;5,909357995;87,65037299;-0,563546865;-0,756640682;0,563546865;0,752707035;356,8028516;178,7329842;79,49439213;0,967478693;6,986249029;43593,68393;35,90669707;6,6184259;6,921813333
01/01/13;ZWE;Zimbabwe;225,9535322;256,2227162;266,3990033;65,92697832;3,44305931;4,166405783;87,06376061;1,115766509;-0,356352147;0;0,089088037;327,9197244;176,6701024;77,67783743;0,893857534;7,334679485;45440,72478;36,57750149;6,356557666;6,607338132
01/02/13;ZWE;Zimbabwe;224,7825547;258,9992909;273,0193373;68,36150075;3,425919984;4,425283769;88,48827936;0,675952612;-0,631168611;0;0,157792153;335,101986;169,823859;75,02629139;0,838876497;7,19677458;39332,11565;38,96031261;6,126747056;6,465251836
01/03/13;ZWE;Zimbabwe;224,3038251;256,3458161;271,2407239;69,69299663;3,313451559;3,542872453;87,23601022;-0,969922242;0,345835713;0,969922242;1,05638117;343,7418546;177,716263;75,89384402;0,87011499;6,709155218;40804,23382;38,85600341;6,154872521;6,471699382
01/04/13;ZWE;Zimbabwe;226,2648906;254,0101039;274,2404464;69,55596951;3,382960507;6,574167715;89,18993911;0,235502325;-0,820392608;0;0,205098152;330,9551279;171,1772398;77,55506311;0,870703822;6,910057317;38571,89804;37,20794212;5,603792272;5,796043152
01/05/13;ZWE;Zimbabwe;226,5278617;260,1462723;267,6950026;68,70602979;3,559542927;4,747383963;87,08535801;1,767304634;-0,681230457;0;0,170307614;319,8143141;180,4908734;82,75930472;0,816413867;7,05465578;43072,174;39,27612624;5,470308922;5,744136722
01/06/13;ZWE;Zimbabwe;227,871081;258,6140904;266,3109071;70,77121432;3,566402464;5,474632005;88,28722211;-0,831271471;0,209894699;0,831271471;0,883745145;321,1301847;179,9621447;75,01352542;0,828364739;6,99939155;43967,96686;41,57444655;5,458707413;5,657094292
01/07/13;ZWE;Zimbabwe;229,9567097;256,3704729;265,0732962;70,18951835;3,437249249;6,11660025;89,44377856;0,122939228;-0,029966299;0;0,007491575;295,7681197;173,7981075;78,07815977;0,80146681;6,851754869;43167,94197;41,84246359;6,017553429;6,304218276
01/08/13;ZWE;Zimbabwe;228,687477;257,4090015;269,1328708;71,24105248;3,351077343;4,905298116;86,75023408;-0,181410284;-0,077350644;0,181410284;0,200747945;282,6107685;166,1502135;76,62665587;0,877189244;6,415278319;42477,8178;41,18777909;6,067311438;6,381776999
01/09/13;ZWE;Zimbabwe;227,4622592;263,7702044;273,3096553;69,87527578;3,447211548;6,129161591;87,73744906;0,334675516;-0,560795736;0;0,140198934;259,9894736;177,0595101;69,05733267;0,901183579;6,49730564;35397,06232;40,89287781;6,277074488;6,523847172
01/10/13;ZWE;Zimbabwe;228,2257418;264,4025274;275,2895203;72,72082778;3,505565402;6,75744422;84,28852679;-1,805186518;-0,335350034;1,805186518;1,889024026;262,3670308;173,4400892;64,44362969;0,862683481;6,702259456;34589,23928;43,39747894;6,708800968;6,97711548
01/11/13;ZWE;Zimbabwe;227,7493829;264,4268292;274,1372094;75,08409586;3,503699088;3,582001061;76,93473869;-0,427534508;0,692224456;0,427534508;0,600590622;270,2697592;171,6939741;62,15017906;0,841815666;6,903065038;31758,4209;41,47840472;6,783521636;6,908595634
01/12/13;ZWE;Zimbabwe;227,4570508;262,3785432;275,1691059;74,11815631;3,533682597;2,828898382;73,17059686;0,469014699;-0,580105605;0;0,145026401;268,8121518;168,422986;62,74433599;0,82754291;7,315364864;32252,67676;42,17845584;7,366551459;7,688852075
01/01/14;ZWE;Zimbabwe;227,0775539;262,0324231;277,8849634;71,87791183;3,500973841;2,244180633;70,42772773;1,103053137;-0,382971543;0;0,095742886;265,5983306;164,3643705;58,1056222;0,898339912;7,576110819;32667,49524;46,12568271;7,480635534;7,879125742
01/02/14;ZWE;Zimbabwe;224,4718801;258,7811464;275,5437748;71,23571602;3,666199211;6,414669405;69,69501839;-0,580646106;0,263770707;0,580646106;0,646588783;277,0799729;165,9843929;56,97918789;0,876754943;7,741033643;33538,88358;45,91888696;7,625985034;8,181655203
01/03/14;ZWE;Zimbabwe;224,0535662;260,5787918;274,6627759;72,07843703;3,758042086;4,26707509;70,61988065;-0,07453613;-0,364655051;0,07453613;0,165699893;264,0540415;165,3582221;57,6292811;0,906531114;7,544129207;33028,84177;48,36125802;7,618646858;7,724818667
01/04/14;ZWE;Zimbabwe;228,4822158;263,1959081;275,2102664;70,5981125;3,695328195;7,523716088;72,28045624;0,224064771;1,069238586;0;0,267309646;272,0759771;167,6263198;55,21700309;0,955349615;7,039117727;37646,50828;46,85555844;7,707167326;8,038287216
01/05/14;ZWE;Zimbabwe;231,9627098;264,5523687;281,0550948;72,17467956;3,752317733;6,657526414;76,33073038;0,465911753;-0,486030189;0;0,121507547;286,9176534;164,2978277;58,44765158;0,9828172;6,896121996;36765,01921;47,31261048;8,085261317;8,512259671
01/06/14;ZWE;Zimbabwe;232,9830839;261,6427715;279,220299;73,72253606;3,763765914;4,08669353;79,51722918;1,034966098;0,804331422;0;0,201082855;291,1317835;158,7501943;55,84345003;0,975281432;6,929143092;36672,57637;48,46143972;7,603247748;7,533282452
01/07/14;ZWE;Zimbabwe;229,4708747;256,6425868;277,2340211;74,22260885;3,739114413;4,779751833;77,79984395;-0,311330433;0,37499036;0,311330433;0,405078023;293,4333068;159,2388551;55,50388528;0,926733796;7,111861938;38771,09644;49,93792091;8,100564144;8,009239828
01/08/14;ZWE;Zimbabwe;228,7717099;256,4911657;276,9924471;74,10197384;3,629003028;4,772992155;77,82944272;-0,072011726;0,210803399;0,072011726;0,124712576;276,2235766;158,1730103;59,63857626;0,890767665;6,509718917;38374,07051;50,59031367;8,752321291;9,031464953
01/09/14;ZWE;Zimbabwe;229,5247263;256,0171516;273,3197591;76,00377938;3,720467117;6,218853699;75,32354255;-1,141493746;0,99219976;1,141493746;1,389543686;271,7584972;157,359729;59,89058308;0,968679065;6,516238451;33887,46642;50,38402776;9,140415291;9,591760547
01/10/14;ZWE;Zimbabwe;230,5733802;258,1789434;271,6645515;76,84116408;3,88090771;5,297088501;73,50926628;0,769432169;0,254784783;0;0,063696196;273,7425199;158,5112681;56,56580192;1,050094712;6,751535171;33924,83776;53,43279179;7,959140866;7,742770184
01/11/14;ZWE;Zimbabwe;227,6227885;256,8239556;272,7768067;78,25106827;3,807692312;4,975645674;75,20683846;-0,232626003;0,391712088;0,232626003;0,330554025;274,5983196;162,1519481;57,1510284;1,022035187;6,571129573;29828,65625;54,34353293;8,678113073;8,947229204
01/12/14;ZWE;Zimbabwe;227,832281;255,5576439;267,7843839;77,63383723;3,932964572;5,471693142;76,25659852;1,886780451;-0,482285408;0;0,120571352;264,9194725;158,5394936;55,55393924;0,938390505;6,744185314;30869,87819;58,79639285;9,02879186;9,424431196
01/01/15;ZWE;Zimbabwe;228,7464278;257,951608;269,9712785;76,03324967;3,909161104;5,54124521;79,42821404;0,295954376;1,339637259;0;0,334909315;265,8111841;162,4281491;56,30522365;0,972231534;6,360358475;26797,09863;57,83641359;8,545451944;9,345882095
01/02/15;ZWE;Zimbabwe;227,9146795;256,2425877;275,1077465;74,53861341;3,879406334;5,954171897;82,24389628;0,642071488;1,041423345;0;0,260355836;256,0936291;163,4456314;59,41504885;0,979884254;6,320120681;25918,90262;60,1508558;8,549096416;8,624945395
01/03/15;ZWE;Zimbabwe;225,9326947;255,4570646;272,2816445;75,19655058;3,770659294;7,591393689;82,7776863;-1,282367467;0,658823809;1,282367467;1,447073419;256,3108132;169,0381137;62,56317611;1,063342864;6,577520749;24147,34279;58,86523282;8,65603253;9,595641732
01/04/15;ZWE;Zimbabwe;226,2399308;254,9025365;274,2872544;75,35830914;3,753152236;6,229378877;84,15740703;-0,229495058;-1,245525799;0,229495058;0,540876508;258,753142;157,400103;62,22889502;1,052424746;6,194119955;21111,56983;56,7802563;8,326159929;9,244774118
01/05/15;ZWE;Zimbabwe;225,9439192;257,2756915;278,4013166;77,19698603;3,767562642;6,374937584;86,64027888;-0,923645524;0,114577504;0,923645524;0,9522899;266,6317517;151,1152433;65,0071768;1,054607431;6,061409802;21168,98359;58,83533082;8,504988119;9,314670232
01/06/15;ZWE;Zimbabwe;226,199358;253,8509629;279,278408;78,57611889;3,75132431;7,589223197;85,45998121;0,456391483;-0,764599032;0;0,191149758;270,2065599;153,8462105;68,34849546;1,08142494;6,229169808;18478,90611;60,60748875;8,586077519;8,920363375
01/07/15;ZWE;Zimbabwe;225,8731219;250,9669979;277,7588782;81,26900615;3,752141692;6,273286045;82,41440198;1,180573856;-0,151461444;0;0,037865361;277,8622016;137,4166865;66,89671638;1,052726959;6,324612251;19110,34676;59,03705687;8,500692633;8,781378845
01/08/15;ZWE;Zimbabwe;225,2284944;248,6067653;281,6543056;82,14696703;3,695079368;5,632864282;85,61630188;-1,864020596;1,362706196;1,864020596;2,204697145;279,1954218;141,2675559;71,51479348;0,99314821;6,565435531;17860,37796;56,06656556;8,866623338;8,940083779
01/09/15;ZWE;Zimbabwe;223,5996609;246,7350286;285,5544337;79,84185244;3,723560272;6,100195473;87,51313254;0,353828377;0,5555157;0;0,138878925;275,6325138;135,7744756;80,68951002;1,057678405;6,404441792;16921,84843;51,50212577;8,465743974;9,024281051
01/10/15;ZWE;Zimbabwe;224,4717967;247,9497655;286,8206023;80,47289048;3,779669329;6,663479219;91,54019734;0,712898393;-0,49541857;0;0,123854643;287,5004223;139,1577564;84,25681636;1,034628646;6,859231325;17087,34015;53,0643999;8,91161234;9,40251705
01/11/15;ZWE;Zimbabwe;226,6810885;249,6710275;288,9805973;82,45926322;3,765814347;5,548313444;91,19003014;-0,825464034;0,071281055;0,825464034;0,843284298;294,2832452;144,0412933;86,59222609;1,001745238;6,621142635;18291,23739;55,74486922;9,36127525;9,628061076
01/12/15;ZWE;Zimbabwe;228,6375061;249,0833097;285,8707423;81,74880777;3,778396564;6,326509472;95,67667809;1,93941352;1,337964497;0;0,334491124;294,7942167;143,8101011;86,69296462;0,975338057;6,425802312;17834,19799;53,20755542;8,762352721;8,489957606
01/01/16;ZWE;Zimbabwe;234,8744053;249,3980414;283,5069368;82,15282365;3,705515223;4,447471949;97,77117638;0,951869664;-0,213091427;0;0,053272857;283,3252513;145,298773;81,03613609;1,045522432;6,278529421;17432,34969;55,23162;7,885420624;8,690193909
01/02/16;ZWE;Zimbabwe;235,8559345;245,3503838;286,6610574;81,21546496;3,834496327;5,163771079;93,02024191;0,843183983;0,55354698;0;0,138386745;294,4659219;151,4876989;79,26763468;1,053041217;5,98330698;15931,24759;52,20687391;7,381551277;7,469852292
01/03/16;ZWE;Zimbabwe;236,0699915;245,8569657;287,957977;79,94181249;3,806015064;8,511549513;95,73534816;1,182073169;-0,383406482;0;0,095851621;303,4506684;143,6895771;73,60203463;1,015337284;6,298979235;17230,70354;51,97487083;7,465969653;7,757324903
01/04/16;ZWE;Zimbabwe;234,7203399;249,4737019;294,5952449;81,18237952;3,682841303;5,509010008;95,52828776;0,884536123;-0,35633696;0;0,08908424;300,5743938;144,822394;74,61118108;1,047106574;6,882987154;17606,97309;52,56407946;7,875856125;8,117655509
01/05/16;ZWE;Zimbabwe;234,8049717;251,4064909;286,8195425;79,97021086;3,65128153;6,944889725;90,91368959;0,273473717;1,110919894;0;0,277729973;316,6480516;151,1460577;80,05990513;1,096872483;6,724595108;17580,60124;49,61372324;7,835885208;8,397603638
01/06/16;ZWE;Zimbabwe;233,3769672;253,6671575;283,1151208;80,45923588;3,839991285;8,297491535;91,43259843;1,459781528;-0,429329836;0;0,107332459;307,6510207;154,5279774;75,37076119;1,116007729;6,483015566;17046,21025;50,68822948;8,597131178;8,998303341
01/07/16;ZWE;Zimbabwe;234,7266596;253,4816405;279,0214258;81,76960849;4,071421097;5,242832224;93,86805184;0,49385499;-0,216183924;0;0,054045981;311,9053691;155,6217399;74,58312232;1,140987918;6,597894674;14836,04905;52,48201158;9,142365722;9,373072431
01/08/16;ZWE;Zimbabwe;234,3719465;255,3283412;280,0641776;84,48279542;4,03361629;6,614674476;90,93601866;-0,31548221;1,499803912;0,31548221;0,690433188;306,7418443;175,9620384;76,6428401;1,102772047;6,351307985;15569,6256;53,51344485;8,985857759;9,038892137
01/09/16;ZWE;Zimbabwe;230,7576792;258,32192;278,9665745;83,77448154;4,08265928;6,391961922;91,03018525;-0,115565272;-0,403271354;0,115565272;0,216383111;310,4934371;178,1914554;74,9448559;1,137033397;6,420866275;12446,79231;53,77578857;8,303716643;8,619047088
01/10/16;ZWE;Zimbabwe;228,6234351;260,6112353;276,8790273;84,4765211;4,077873484;8,145708687;91,32602631;1,378446633;-0,207544135;0;0,051886034;336,5757066;189,7917623;76,29271744;1,206240848;6,453534477;12656,73784;54,58250472;8,013536087;8,157917308
01/11/16;ZWE;Zimbabwe;226,6448163;261,3406845;276,122387;82,9609417;4,148598371;5,140107511;92,05275892;-0,407881345;-1,041405274;0,407881345;0,668232663;351,2849581;184,5512979;78,10913166;1,205435028;6,339887139;14938,13385;55,23314701;7,818417062;8,344198441
01/12/16;ZWE;Zimbabwe;228,8880322;261,8043762;281,0066532;84,68690129;4,27020742;5,732864218;92,67106372;-0,873199981;0,856333894;0,873199981;1,087283455;338,4903313;193,012302;81,39662549;1,253130651;6,236135701;15122,57926;52,8220412;7,548019117;7,980938154
01/01/17;ZWE;Zimbabwe;231,8662769;255,6439702;279,0657626;82,47847963;4,406921081;8,552435944;96,69254074;-0,194150124;-0,555039585;0,194150124;0,33291002;353,202482;198,1092769;85,07093707;1,259891697;6,091026213;14820,30677;52,5882593;7,247554478;7,598520368
01/02/17;ZWE;Zimbabwe;230,1409829;252,6685017;281,6681999;80,70469522;4,393260537;7,742599572;99,91624194;0,644248433;0,144104741;0;0,036026185;362,0536116;197,8205497;88,2379556;1,266702498;6,179197691;16187,69015;56,68976898;7,069751879;7,259670444
01/03/17;ZWE;Zimbabwe;229,8251963;252,1091922;283,6609815;78,5266162;4,59899651;7,281521143;96,7466674;-0,246236155;0,637176951;0,246236155;0,405530393;364,5669849;196,5481407;101,0223614;1,309705723;6,239951345;16791,4729;55,88837757;7,328662299;7,401595771
01/04/17;ZWE;Zimbabwe;229,6964575;255,230932;288,9384259;79,3989575;4,629656166;5,935701746;96,45689504;0,229649233;-0,625262469;0;0,156315617;375,9803942;193,8593519;97,06544538;1,476333914;5,972474109;16103,96643;55,66052316;7,70049527;8,287511946
01/05/17;ZWE;Zimbabwe;230,812649;249,4102143;289,0334119;77,44423272;4,667741556;6,272776264;99,86317158;0,564347513;0,204763258;0;0,051190814;372,2019468;199,9824337;101,6415429;1,483212565;5,846228016;15141,28741;56,76848408;7,731688428;8,398055478
01/06/17;ZWE;Zimbabwe;230,6226752;251,0501265;290,0649084;74,77055002;4,522940522;6,823891351;103,3702322;0,03479703;-0,587136476;0;0,146784119;366,4335342;198,5131782;106,954404;1,551685796;5,767370433;14593,06637;55,25377455;8,411315826;8,344864987
01/07/17;ZWE;Zimbabwe;230,2006739;245,368839;290,3193154;73,91273735;4,637701905;6,830626803;98,03014586;-0,286947205;-0,08208148;0,286947205;0,307467575;370,8073285;190,205783;109,749164;1,546238016;5,729898891;13286,48398;56,79865719;9,069954679;9,386206214
01/08/17;ZWE;Zimbabwe;231,7988071;243,4355242;291,029842;72,16187473;4,440373643;8,434969085;101,2853478;1,593081773;-0,401918239;0;0,10047956;354,7895001;194,0116532;111,6308545;1,537106532;6,242122409;13886,68998;60,37460206;9,813275596;10,46653446
01/09/17;ZWE;Zimbabwe;232,9671361;248,4122014;290,1699983;71,47421973;4,596012635;7,553377747;96,50652372;0,213689686;0,771887007;0;0,192971752;338,7203774;189,5489819;113,0190655;1,495736856;5,970503907;14622,83694;61,88438346;10,05957183;10,09960146
01/10/17;ZWE;Zimbabwe;235,563853;246,2994559;293,1406376;71,02580537;4,47662206;7,087193664;90,40391922;0,726053323;-0,277139201;0;0,0692848;361,9143753;199,0911293;109,8420103;1,497822075;5,780902327;14587,15518;65,49767869;10,52620614;11,08422775
01/11/17;ZWE;Zimbabwe;238,2895645;245,350643;287,662527;71,67306485;4,558819578;7,571507677;92,24535035;-0,211064605;-0,451976838;0,211064605;0,324058814;377,7818698;200,7101799;108,7634109;1,613919443;5,669089864;13903,61249;68,90982852;11,33971562;11,55462243
01/12/17;ZWE;Zimbabwe;240,2281072;250,2409983;289,3861656;72,57742799;4,453945266;9,568645435;96,38775509;-0,562383188;0,286055663;0,562383188;0,633897104;364,0131622;195,2373504;103,1535864;1,653473384;5,773464361;14977,00935;69,06886827;10,68597383;11,78600702
01/01/18;ZWE;Zimbabwe;241,7428969;250,2767795;301,1490058;74,68940131;4,502132509;7,400435119;95,3962079;-0,515792365;0,765955953;0,515792365;0,707281353;355,1452645;207,3617045;104,1880394;1,716838011;5,803862691;14456,12991;70,2841873;11,32554388;12,08542057
01/02/18;ZWE;Zimbabwe;242,1051881;254,4762609;303,0296953;71,85585406;4,535276283;6,608811772;93,49587272;0,59354354;0,44333461;0;0,110833653;339,9247782;223,2548325;102,6474813;1,768116896;5,81555425;13863,60977;68,96887372;10,02494961;10,73252095
01/03/18;ZWE;Zimbabwe;239,4268903;249,3798728;300,8253501;71,65997685;4,66819057;8,390344929;92,77047472;0,549638704;0,026635472;0;0,006658868;352,7037892;216,3277788;102,4268347;1,697227442;5,613293051;14537,61741;66,91197788;9,969657774;10,64134364
01/04/18;ZWE;Zimbabwe;241,3844618;247,9865013;303,5868283;70,53411735;4,689591658;6,523922867;94,19779046;0,164243409;-0,935107647;0;0,233776912;353,3800351;232,6987297;101,2601835;1,685046167;5,393405084;15268,70145;62,92012258;10,20570898;10,22463415
01/05/18;ZWE;Zimbabwe;242,6042785;253,0271155;304,8110716;69,18886684;4,712186701;9,573019383;97,2064153;-0,167292423;-0,314349617;0,167292423;0,245879828;331,3732589;243,7180129;101,1721664;1,641771928;5,574304813;17886,15387;58,91356687;10,38660367;10,70965221
01/06/18;ZWE;Zimbabwe;244,3717866;251,9464164;314,4687132;68,29621986;4,676124312;6,820691204;93,62173674;-1,156235708;-0,833216633;1,156235708;1,364539866;330,7698575;233,3114304;105,2257467;1,585378492;5,468367656;19308,66302;62,62676463;10,93069374;11,34097613
01/07/18;ZWE;Zimbabwe;244,9273287;253,8469538;309,2695392;67,52676579;4,517442255;6,636282386;92,51885043;-1,37773691;-0,561998011;1,37773691;1,518236412;332,8462112;254,4165732;103,4973263;1,664514832;5,404674073;21034,80585;64,61924416;11,56212627;12,00754038
01/08/18;ZWE;Zimbabwe;246,6483459;256,6316373;310,299797;66,91752028;4,626080348;6,893073168;91,99369809;-0,317286016;-0,236138207;0,317286016;0,376320568;330,8933572;259,8888343;101,409535;1,517019633;5,379217908;22223,43138;65,24064772;11,91527432;12,17083614
01/09/18;ZWE;Zimbabwe;246,4854086;259,3218785;312,3462865;65,75050203;4,710096759;5,75639378;90,76650838;0,380358253;0,341638351;0;0,085409588;332,4246181;253,490599;101,8144777;1,483113189;5,327149396;23146,27732;67,07956366;11,29299551;11,65407093
01/10/18;ZWE;Zimbabwe;245,8735735;259,2020583;319,0882424;68,07795548;4,652947482;7,214589069;96,17567292;-0,385858866;0,983453481;0,385858866;0,631722237;324,4262055;259,7898438;104,6074183;1,445174372;5,349943724;20447,51617;65,86575645;11,5212564;11,59860706
01/11/18;ZWE;Zimbabwe;249,7002944;260,3797362;323,8037935;68,80167008;4,619708482;6,186151538;100,5675198;1,313189712;-0,170392425;0;0,042598106;320,0394586;279,2416398;101,7213817;1,509129657;5,318679001;22541,55536;63,19372739;11,1035455;10,97176865
01/12/18;ZWE;Zimbabwe;250,1096989;261,9277695;333,2022644;67,84192698;4,704638172;5,062794007;102,3505504;-0,442745696;0,683222532;0,442745696;0,613551329;315,432584;276,4415052;108,2491558;1,556023384;5,145190892;24882,22585;63,74102504;11,57481538;11,37209757
01/01/19;ZWE;Zimbabwe;254,3908367;262,3856731;332,48847;65,88177308;4,540390752;4,715486533;105,4238214;-0,936207619;-0,108669317;0,936207619;0,963374948;303,4078146;283,1403917;107,1385088;1,619409652;4,848130436;23619,5097;65,81507233;10,72845336;11,25813005
01/02/19;ZWE;Zimbabwe;254,3895976;266,7603434;335,6679844;66,77582857;4,458025354;5,282481452;106,6137507;2,319225819;-0,022336295;0;0,005584074;296,0414132;283,4861478;105,1960817;1,588689398;4,679045145;21349,79387;64,48505396;10,81363141;11,31314687
01/03/19;ZWE;Zimbabwe;252,4237471;267,6541931;331,7111018;66,16232264;4,361842689;6,640435588;111,5051023;-1,218987012;-0,319643344;1,218987012;1,298897848;276,3437368;312,5564085;112,2749981;1,644094683;4,67606508;20327,64639;56,31562481;11,11214527;10,99192786
01/04/19;ZWE;Zimbabwe;252,4229267;262,6159425;326,9074602;64,45514178;4,076712786;6,16051104;108,6620195;0,238130537;1,112978197;0;0,278244549;273,5990513;329,419811;121,286343;1,576067271;5,05090205;19312,56959;57,39868531;11,18509161;11,27721188
01/05/19;ZWE;Zimbabwe;250,2044766;268,4812643;322,5892562;63,71487825;4,196085912;5,694777479;108,3618838;0,724553325;-0,972500421;0;0,243125105;281,6691817;305,6438756;123,066505;1,685683782;4,985568716;17754,18333;53,0667176;11,22732625;11,4693142
01/06/19;ZWE;Zimbabwe;248,6113904;268,0456439;322,3580045;61,20430125;4,069216237;7,216303127;101,1199272;0,120264205;0,432934547;0;0,108233637;297,2316593;314,0585279;121,9156626;1,720183996;5,156770187;19027,62547;51,22032585;11,45270746;12,7849229
01/07/19;ZWE;Zimbabwe;251,7277579;267,2400542;325,2705907;60,34384365;3,991041439;8,175958722;104,8077411;0,805811401;-1,105284435;0;0,276321109;287,8842748;324,5857507;114,6534216;1,699651332;5,026624308;18551,3519;53,82899902;11,56087878;11,83538106
01/08/19;ZWE;Zimbabwe;249,1511467;265,854954;319,3444883;62,23669788;4,015301991;5,630851198;109,8518784;-0,340004017;0,190413043;0,340004017;0,387607278;300,0587923;341,2094152;123,6668089;1,686280612;4,939020095;18258,82944;55,59390639;11,32622474;12,13628125
01/09/19;ZWE;Zimbabwe;248,215514;266,8489818;323,0330861;63,98181525;4,059131616;6,256629272;102,8934543;1,226306169;-1,004022928;0;0,251005732;301,3549082;333,886352;115,1594321;1,670643572;5,459182346;19458,21686;55,19022398;12,11710381;12,84642825
01/10/19;ZWE;Zimbabwe;246,0449169;265,6302038;324,5751557;62,63247464;4,183850739;5,630758611;108,7715097;-1,298618455;0,324236814;1,298618455;1,379677658;298,021201;318,7384929;116,0561686;1,715865486;5,471814827;18120,37951;55,14147685;11,88542529;12,34915755
01/11/19;ZWE;Zimbabwe;248,0400637;271,6244929;327,4513149;63,89122446;4,117874289;6,541889707;109,2105376;-2,375482749;-0,133015463;2,375482749;2,408736615;299,9911859;324,9859384;114,6374448;1,723036361;5,365639609;17647,65402;55,92109468;11,94930574;13,28266808
01/12/19;ZWE;Zimbabwe;247,6111798;274,7109226;335,2513454;62,94567733;4,093359658;2,789207125;111,5806064;-1,425385349;0,451429814;1,425385349;1,538242803;307,647117;324,2809621;117,466352;1,717999981;5,448184174;18222,16072;58,66418563;11,48205375;11,7796486
01/01/20;ZWE;Zimbabwe;248,0798904;274,4694474;325,7719807;62,92833583;4,025151563;7,855457259;111,4967734;-0,084323464;-1,00335565;0,084323464;0,335162377;296,1435478;332,494302;122,8438195;1,775767907;5,590637614;18227,09258;60,3766197;11,42615263;11,74241199
01/02/20;ZWE;Zimbabwe;247,8949567;278,4182722;326,929497;60,56192789;4,064515415;4,094195311;109,9006959;0,059512916;0,466487433;0;0,116621858;290,1591023;323,0573641;122,0511576;1,695545122;5,824272102;18905,6155;62,1329415;10,83169376;11,47535498
01/03/20;ZWE;Zimbabwe;251,2229552;276,7807126;333,7456688;59,01042983;4,063188805;6,030476961;108,3131048;1,147044064;0,38362538;0;0,095906345;282,3965315;311,7035243;115,5477105;1,62409134;5,95414944;19022,53703;60,58301744;10,81683824;11,69518653
01/04/20;ZWE;Zimbabwe;251,0366774;276,8064105;329,5190209;59,20686068;3,963784351;5,841824436;106,7190508;-2,109974864;0,661310677;2,109974864;2,275302533;279,9602498;311,3401076;114,6038546;1,500609288;5,899687297;19109,80904;60,80075287;10,69948305;11,29915449
01/05/20;ZWE;Zimbabwe;254,7576654;282,4041477;337,9431781;57,58989079;4,051424751;4,750381849;102,1629212;-0,540310326;-0,386008409;0,540310326;0,636812428;280,1188581;327,8157082;112,3783619;1,548973268;5,241162719;19383,25685;61,40359326;11,05391228;11,76100617
01/06/20;ZWE;Zimbabwe;254,983475;283,7506617;336,357297;56,985938;3,957189725;3,346410531;100,4321724;1,416156686;-0,901653558;0;0,225413389;287,3274044;314,5248603;110,2258526;1,531334988;4,886989975;17347,89681;58,17980102;10,77318128;11,56910012
01/07/20;ZWE;Zimbabwe;253,4384836;285,6859606;336,7470545;56,30138386;4,082454943;8,040072357;104,8621997;-0,324252422;1,035223127;0,324252422;0,583058204;298,9950673;310,6405253;102,7206252;1,548571806;5,072071783;18187,25397;55,80224636;10,61016968;10,95048247
01/08/20;ZWE;Zimbabwe;257,2149883;284,664233;331,5847545;57,44364791;4,177460415;4,311123573;104,0201206;0,0818437;-1,136597745;0;0,284149436;303,6212421;317,4764759;97,58679209;1,46624885;5,08956474;18985,22555;54,06708689;10,8038108;11,4326003
01/09/20;ZWE;Zimbabwe;255,5337609;284,386333;338,1010618;56,05247182;4,108749765;6,257835586;105,0390769;0,561181715;-0,674448263;0;0,168612066;310,6835961;331,8075252;103,7601027;1,511655514;4,854495162;19843,12324;52,590859;11,52854272;11,54152382
01/10/20;ZWE;Zimbabwe;256,4682061;286,6103078;340,0449747;55,51337599;4,213399679;4,937707095;102,7438118;0,367284596;0,671531364;0;0,167882841;315,299293;321,8427671;105,7388947;1,448577787;4,863745628;18177,25295;50,70086674;11,73508864;12,10993178
01/11/20;ZWE;Zimbabwe;257,9282337;285,2684283;339,5217215;55,0697825;4,293410719;3,856541184;101,6954849;2,443887004;1,059852692;0;0,264963173;318,5733453;327,1103145;104,5424693;1,40862229;5,033269182;17369,11799;47,39268148;11,32113831;11,11141453
01/12/20;ZWE;Zimbabwe;258,5374191;285,3227616;339,2776165;56,44295736;4,388119945;7,8557812;103,4762546;0,444981867;0,323960566;0;0,080990141;331,1196264;334,4129487;107,7530979;1,401571656;5,080740313;19423,04345;46,21593862;10,17882239;10,7332532
01/01/21;ZWE;Zimbabwe;257,7677787;287,4983529;345,6799872;56,87319909;4,37570908;4,732186435;101,0025618;-0,820274863;0,2007322;0,820274863;0,870457913;343,0360355;343,867088;103,7663032;1,310942694;4,882605317;20919,91277;47,02855904;10,33678559;10,5979534
01/02/21;ZWE;Zimbabwe;258,6291234;287,387513;347,8610362;57,30090863;4,361134019;4,137937523;94,38694203;0,382062537;0,461796022;0;0,115449005;337,8591606;332,5358226;103,6559343;1,276695363;4,949078914;18597,33065;46,37432532;11,08076351;11,84469709
01/03/21;ZWE;Zimbabwe;261,2998694;287,6943576;344,3270144;55,99221198;4,245092661;4,062148667;95,60411779;1,439072995;0,89379874;0;0,223449685;330,5687221;311,0318887;106,4693981;1,196721035;4,849993035;18209,46711;46,50509296;10,8309711;11,19985985
01/04/21;ZWE;Zimbabwe;262,211551;286,6888699;342,6784726;56,53799363;4,341342444;1,283631489;96,0794042;1,012585231;0,105441554;0;0,026360389;328,5141185;325,8122521;111,5319474;1,218224549;4,574927104;20680,8012;48,14250389;10,98974579;11,83956921
01/05/21;ZWE;Zimbabwe;263,4448337;285,1514313;354,0781834;55,07875766;4,30207483;4,259142842;98,39455993;0,142130838;-0,273623527;0;0,068405882;339,1061227;334,6999591;106,869422;1,283805997;4,722532813;21656,95751;47,4363454;11,56505451;12,12355793
01/06/21;ZWE;Zimbabwe;264,5145559;281,3022114;356,7126581;55,55958466;4,278742797;2,858803836;96,37899824;1,061776067;-0,519680834;0;0,129920209;344,1932136;302,2408301;105,5433363;1,314867489;4,965052951;20156,14519;46,96902129;11,47613665;12,28689293
01/07/21;ZWE;Zimbabwe;265,3371854;284,7668801;356,2390405;55,95620056;4,143124181;5,998255455;97,44462499;-0,287111582;0,070461027;0,287111582;0,304726839;349,8457283;298,6318544;108,7439479;1,223719498;5,081849169;21061,56732;47,54916085;10,5406951;10,93750921
01/08/21;ZWE;Zimbabwe;267,6689563;285,0239965;365,4935064;55,16526728;3,935079061;6,502573954;99,21883913;-0,857252319;0,16570933;0,857252319;0,898679652;369,4779119;301,3563166;103,4780471;1,212160426;5,307146081;18930,42565;47,67745182;10,71488535;11,04154544
01/09/21;ZWE;Zimbabwe;264,9055776;288,4187509;377,8293025;55,75907085;3,983269974;5,726190683;101,5218624;-0,314454666;-0,83510319;0,314454666;0,523230463;368,1247622;293,2279058;101,8100451;1,225034033;5,193364972;16931,55712;49,74873152;10,48614061;10,96820828
01/10/21;ZWE;Zimbabwe;263,8017696;288,834482;382,4603837;55,09935668;3,854744189;4,341135255;101,8731878;0,074936488;-0,192001118;0;0,04800028;380,5753216;302,3043916;114,478269;1,200162532;4,925325545;16928,59821;50,0658381;10,99650285;11,6368001
01/11/21;ZWE;Zimbabwe;263,6829438;291,6888466;387,3807335;55,69467185;3,766975057;5,623175564;100,2282395;-0,519308916;0,286331785;0,519308916;0,590891862;380,0747862;294,6038321;108,5924607;1,283635985;5,071545592;15898,28726;50,60549385;11,54968427;11,72820879
01/12/21;ZWE;Zimbabwe;262,5074018;291,474323;394,8814842;57,03613341;4,070436676;4,749073226;93,96483782;0,364311849;0,890290291;0;0,222572573;382,8767121;280,4459062;105,3377691;1,264035382;4,943801652;17540,29482;50,37105731;10,40383296;11,13109523
01/01/22;ZWE;Zimbabwe;263,7756362;300,7416412;390,7399094;57,21142005;4,067090442;6,273668355;90,17850366;-0,475705965;-0,103300751;0,475705965;0,501531153;362,9890896;291,4445062;107,1348016;1,281182672;5,509996258;19180,64205;52,28955154;9,828052907;10,77554441
01/02/22;ZWE;Zimbabwe;265,9220722;302,7788885;391,0302423;57,01524678;4,192210774;7,557272288;93,9211383;1,491134541;-0,254721682;0;0,063680421;380,9118765;278,3454385;109,799047;1,282622205;5,53616191;19787,88382;50,81764222;9,40456089;10,17572811
01/03/22;ZWE;Zimbabwe;263,8402805;304,9327477;394,5566426;57,50100554;4,33646767;4,642069214;93,97870331;0,390508963;-0,502715798;0;0,125678949;366,7850301;272,5306029;120,5295257;1,27397852;5,483948656;18130,32258;45,93710535;10,00813568;10,37733348
01/04/22;ZWE;Zimbabwe;263,9160839;307,999881;394,5687474;57,75042751;4,394774759;5,242794182;92,58832346;0,106779351;-0,026921597;0;0,006730399;361,7283997;272,4145934;122,4178156;1,254491957;5,250951583;17774,06322;46,40385826;11,44845628;12,01010589
01/05/22;ZWE;Zimbabwe;266,0498088;304,2139852;390,8138293;56,18818411;4,455384944;4,9347189;90,09941538;0,60278049;-0,288430033;0;0,072107508;375,2724767;273,141216;118,7522546;1,160317793;5,207949879;16226,93239;47,4058709;11,54916563;11,97676786
01/06/22;ZWE;Zimbabwe;270,4394993;299,7557757;390,2115046;56,15970827;4,499551175;5,295191472;91,47391894;0,760843503;-0,062097118;0;0,015524279;378,377934;286,4450392;121,6034379;1,225677956;5,32033497;16813,1399;48,53424557;11,45187929;11,36752213
01/07/22;ZWE;Zimbabwe;272,5175361;295,1547412;388,0260989;56,45974087;4,407303108;6,205684188;88,86757603;0,000948885;1,462009889;0;0,365502472;368,6453815;301,5787184;115,5643849;1,374721681;5,202988927;18507,97335;47,99178647;11,70153119;11,90098422
01/08/22;ZWE;Zimbabwe;271,8029849;292,0715941;394,3828436;55,56253542;4,325982843;4,545415617;92,67254418;-0,484016225;-0,245037517;0,484016225;0,545275605;371,4109576;297,2784889;124,0711615;1,449312569;5,454567986;18671,98878;49,69752022;10,97318262;11,32737675
01/09/22;ZWE;Zimbabwe;272,7179317;290,5295923;395,5920829;57,5528534;4,359773054;4,128862269;93,10984848;-2,305927672;0,442202868;2,305927672;2,416478389;371,6764297;298,1074234;127,5857623;1,426240202;5,551741732;18461,20378;46,78157643;10,50559409;10,90796179
01/10/22;ZWE;Zimbabwe;272,1772775;284,0732415;400,6431827;57,43947256;4,58277879;3,94185548;97,24464056;-0,222319034;0,119026886;0,222319034;0,252075755;358,7603043;325,1530847;126,8886285;1,423903077;5,446499271;18234,92816;47,1338803;11,32359456;11,93928545
01/11/22;ZWE;Zimbabwe;274,5389366;289,2378009;396,848075;57,7122854;4,774605364;3,7897739;100,1456277;0,678028303;-0,645865919;0;0,16146648;344,9593136;326,1302303;131,3065409;1,44263641;5,578650614;17286,68954;48,76727965;11,67024698;11,94829332
01/12/22;ZWE;Zimbabwe;275,8605478;286,6999939;401,3189785;56,99074615;4,719592084;5,083702403;106,6376124;1,445643868;0,197770151;0;0,049442538;341,332434;335,8490832;128,8244054;1,490282585;5,938686668;16924,53885;45,3235989;11,42305396;12,21968482
01/01/23;ZWE;Zimbabwe;275,1172881;292,3257202;386,2887177;57,31825588;4,621194462;6,090741739;104,7247804;-1,216698746;-1,380293639;1,216698746;1,561772156;341,1136421;358,6410827;119,2441726;1,33973361;6,057856433;18446,36533;47,76851622;12,41033387;12,93264309
01/02/23;ZWE;Zimbabwe;276,3825455;293,4779877;387,5220349;58,04047707;4,734291873;5,025163083;102,5870139;-0,523873065;-0,051946506;0,523873065;0,536859691;321,7266617;350,2038955;112,1963048;1,295691203;6,004291329;18918,57274;52,11410659;12,98633123;14,02797115
01/03/23;ZWE;Zimbabwe;279,2978236;295,4680357;385,3269741;58,03519881;4,645659938;4,232335563;101,9924771;-1,884627821;1,484593141;1,884627821;2,255776107;309,169016;351,9420788;120,3261013;1,365352469;5,832730495;18851,70528;51,61675731;13,89001742;14,32319382
01/04/23;ZWE;Zimbabwe;279,4692137;296,7841478;392,1193146;57,87114715;4,531596885;3,024252193;106,3074711;-0,428248493;0,122979848;0,428248493;0,458993455;331,3467088;345,4678295;126,7412416;1,458052247;5,550576097;17462,82685;53,15915803;15,01601444;15,79564949
01/05/23;ZWE;Zimbabwe;279,5779541;296,6774411;390,1399484;56,44045702;4,460022945;6,912276796;108,9241873;1,153277934;-0,383412819;0;0,095853205;359,7725215;331,4598057;132,7508793;1,466500086;5,465147549;18726,53042;54,50571076;13,66283245;14,38938982
01/06/23;ZWE;Zimbabwe;273,3113896;303,8148421;392,9391393;58,69842421;4,625648746;5,211451288;112,7944246;1,686063778;-0,408512908;0;0,102128227;347,1138091;322,2001951;137,3206057;1,509936454;5,572918334;18692,43422;56,21150349;13,56853399;13,20298063
01/07/23;ZWE;Zimbabwe;273,0752313;301,8029422;389,5596362;60,54925202;4,590083156;5,243425041;111,2976651;-0,662356946;-0,861030626;0,662356946;0,877614602;354,5124959;334,7480732;139,8949044;1,506908635;5,569232239;17544,79502;61,19232034;13,85766941;13,50556259
01/08/23;ZWE;Zimbabwe;274,8904378;296,2580953;391,3789929;61,32255578;4,5948287;7,258216812;114,8376753;0,142037142;-0,220926061;0;0,055231515;342,6533473;355,2919252;143,5696183;1,518704919;5,661829008;19379,94624;61,30837808;14,33358547;14,63543393
01/09/23;ZWE;Zimbabwe;272,4363647;297,0666102;395,5211697;59,78204516;4,736776446;4,525101173;117,4837206;0,284068927;0,402191776;0;0,100547944;348,8537501;377,4623722;145,240793;1,524321731;5,426031919;20139,4582;58,88933802;14,36170678;14,68256807
01/10/23;ZWE;Zimbabwe;276,246504;296,3641296;392,518149;59,50625655;4,843057293;5,178717621;123,259181;-1,072161678;0,594500201;1,072161678;1,220786728;349,8970459;384,1501267;152,6661973;1,55088524;5,495490372;20638,48702;59,97640682;13,94715241;13,96406128
01/11/23;ZWE;Zimbabwe;277,7101765;291,7749759;396,0371342;60,33350456;4,873796133;4,021023664;127,935342;-0,606440399;1,369961073;0,606440399;0,948930668;337,1823212;409,3379008;155,4447172;1,61843753;5,471709969;20033,63667;60,35883435;14,12053535;15,40324605
01/12/23;ZWE;Zimbabwe;278,8982522;291,3472837;389,3126307;59,42762911;4,829175916;5,106464228;126,4847252;0,524365651;0,593120188;0;0,148280047;332,8888197;410,6235632;159,6089492;1,591733443;5,451881725;20028,12632;63,74956143;13,94665588;14,94349451
01/01/24;ZWE;Zimbabwe;278,0422897;292,9841838;386,9193686;60,77998099;4,726555442;5,505008622;118,0444452;-0,695670973;-1,81773382;0,695670973;1,150104428;345,9137155;411,4176724;151,0484356;1,612540249;5,420387371;18635,36431;61,49859455;13,96648885;14,08477502
01/02/24;ZWE;Zimbabwe;280,0897469;296,4699991;388,7938243;59,44835115;4,79191235;6,467052159;117,3176725;0,850518534;-0,727229207;0;0,181807302;380,3397461;447,1114709;141,2422192;1,650780904;5,485772908;18417,10703;59,33189643;15,23171321;16,61728716
01/03/24;ZWE;Zimbabwe;278,0078091;300,3632474;395,0514743;57,97705744;4,762556168;6,4208226;119,9818901;1,491794903;-0,126000554;0;0,031500138;373,1872178;429,0956539;135,4351151;1,64804497;5,503873354;17721,80774;60,35760258;13,55466738;14,00731084
01/04/24;ZWE;Zimbabwe;278,8435109;296,6118385;395,3146927;57,93389907;4,869330835;5,346647098;122,6193117;-0,501716815;-0,277508582;0,501716815;0,571093961;363,1616718;440,9843824;137,4434258;1,724465958;5,379405089;19379,94588;60,80374379;14,43523835;14,77478349
01/05/24;ZWE;Zimbabwe;280,3947011;294,8853814;393,6072422;58,77314777;5,018186927;5,166320256;119,8612759;-0,006612719;-1,585722655;0,006612719;0,403043383;352,2111853;435,8844627;145,8811005;1,762939351;5,293429348;20476,86707;61,40511565;14,6475799;14,74593015
01/06/24;ZWE;Zimbabwe;278,7843419;298,5912124;391,4968497;59,28690606;5,120571189;7,152494811;123,0581571;0,007848755;-0,853290679;0;0,21332267;366,8505266;474,1952375;141,9087453;1,720156248;5,398663469;20401,98363;62,62917831;15,06200958;15,13384043
01/07/24;ZWE;Zimbabwe;282,5454778;297,1041437;389,058844;57,04537642;4,997966093;4,840882943;114,3323851;0,37916023;0,185351521;0;0,04633788;347,4874995;466,0286644;138,7765363;1,756939241;5,386614003;20243,90623;60,59237008;15,04605338;15,68536045
01/08/24;ZWE;Zimbabwe;282,7578232;295,3592396;389,1825989;55,76548391;5,123222779;5,843001038;115,8282451;0,470733318;-0,859048688;0;0,214762172;336,5407821;465,2260085;143,3283818;1,63662099;5,16544993;23153,99216;60,85091592;14,01321614;14,84535626
01/09/24;ZWE;Zimbabwe;281,3535955;292,180788;393,4624465;56,9742954;5,222597433;4,685767986;119,4474284;0,950343514;0,344751525;0;0,086187881;327,9681881;465,0259589;148,7127568;1,698609175;5,473211747;21747,69497;65,33570097;15,82593538;17,01512544
01/10/24;ZWE;Zimbabwe;281,1567931;291,7990248;400,4243164;55,78676843;5,456940874;6,878866808;122,6424217;1,64477722;0,280029734;0;0,070007433;331,2388491;442,6533544;152,8190815;1,689268551;5,655624767;22898,23573;68,7878312;16,72454186;17,93594452
01/11/24;ZWE;Zimbabwe;288,8439684;291,7808459;392,8451153;55,19277209;5,487922236;10,68369541;124,4754373;0,31988827;-0,011249189;0;0,002812297;347,6630055;434,7067898;153,1747374;1,634137518;5,772922372;25224,95793;68,75799035;15,45531659;16,4651203
01/12/24;ZWE;Zimbabwe;289,0772943;287,0878576;400,5686572;55,11124616;5,50564188;8,692203733;124,5283618;-0,502958491;-0,293227968;0,502958491;0,576265483;351,8605309;444,9451547;153,9111741;1,673679116;5,584255744;26518,92235;70,63831998;14,50688259;14,95363961
01/01/25;ZWE;Zimbabwe;289,2156811;282,109273;395,473665;55,1178223;5,273105548;7,667840065;135,6139592;-1,201016928;0,500227822;1,201016928;1,326073883;361,5113303;432,3368531;144,6853373;1,601996073;5,753917082;27844,56797;73,83272794;15,66923624;15,98905991
01/02/25;ZWE;Zimbabwe;288,0491043;278,7757317;390,9503867;55,37920821;5,353420892;4,847509776;137,6703198;0,008065503;-0,264503285;0;0,066125821;382,6776315;382,7495514;153,1079897;1,546716758;5,739675442;28323,09254;73,35147088;15,43104458;15,69030996
01/03/25;ZWE;Zimbabwe;287,9953255;273,6421955;401,6795931;55,67675082;5,418576917;5,460725832;135,3571296;-0,303035094;1,573221499;0,303035094;0,696340469;376,0948012;382,537808;152,2657931;1,620358103;5,551192354;31582,58428;71,01174496;14,84349115;15,63720355
01/04/25;ZWE;Zimbabwe;286,9939777;279,4212023;404,4240911;58,59637435;5,320239233;3,757364563;134,1329364;0,964954797;0,512985229;0;0,128246307;379,9674344;389,9521966;155,064993;1,567506128;5,406518823;32606,98968;75,51518503;14,30153537;15,45952566
01/05/25;ZWE;Zimbabwe;288,3310498;276,7829591;408,7392719;58,84901481;5,491172209;6,614518351;141,3456743;1,719224101;0,311817586;0;0,077954396;374,0417896;372,5613762;157,1350525;1,591578174;5,237114002;31658,80331;77,05195756;14,973344;15,86093482
01/06/25;ZWE;Zimbabwe;289,611293;278,7689311;397,0613853;61,13139043;5,399968394;6,825094725;139,6900737;-0,515440168;-0,874514254;0,515440168;0,734068731;359,2386445;360,4113011;152,339593;1,754222265;5,361428305;38952,21184;77,61351048;14,91329723;16,17881714
01/07/25;ZWE;Zimbabwe;290,7476601;280,1542085;398,0961765;60,95937412;5,606065312;6,440044307;142,2746294;-0,414869973;0,552541876;0,414869973;0,553005442;345,0975683;347,4316349;154,5422556;1,756713571;5,205191635;39295,693;81,28325503;14,93260983;15,07339855
01/08/25;ZWE;Zimbabwe;293,2218506;277,4212263;393,0264304;59,47737489;5,800742802;6,377359278;137,5122752;-0,445513151;-0,229275056;0,445513151;0,502831915;337,8438318;338,6363768;153,0550905;1,825728614;5,272684807;41848,2142;81,15085307;16,35563504;17,29235784
01/09/25;ZWE;Zimbabwe;297,9016054;280,5866991;398,1952402;60,49022742;5,780888836;5,442865092;131,6580625;1,503649198;0,188944821;0;0,047236205;352,9258457;343,1240742;160,4141526;1,934902503;5,333665209;40644,84188;83,46193073;15,78957921;16,01273142
01/10/25;ZWE;Zimbabwe;299,3894745;284,617393;411,4713087;61,0373237;5,584904982;8,185984399;121,2674254;0,261685543;1,083192338;0;0,270798084;349,6262703;324,0931104;160,655529;1,900313866;5,211997218;39472,94029;90,7584372;16,72874991;17,78858632
01/11/25;ZWE;Zimbabwe;302,3097542;282,4377642;410,2028346;62,00357508;5,658896184;6,920823535;120,7408261;0,617047833;-0,147366091;0;0,036841523;341,1188353;300,6387548;154,136241;1,871050775;4,925721298;35857,17382;90,39638056;14,86189469;15,49143126
01/12/25;ZWE;Zimbabwe;303,2761626;281,8503175;412,4867784;63,6576216;5,608331454;6,18699332;119,7583159;-0,062917344;0,659548836;0,062917344;0,227804554;341,9860327;299,8916612;142,0045448;1,815167657;5,233866604;38230,25359;88,20780135;14,43470167;15,24651903
01/01/26;ZWE;Zimbabwe;301,1411766;289,260708;420,2145562;63,79848612;5,473811792;4,273095487;118,0058109;1,202457121;1,850756569;0;0,462689142;336,4655221;317,4751719;151,9069383;1,90980284;5,546848804;37282,46041;88,87894791;16,61754858;17,34144294
01/02/26;ZWE;Zimbabwe;302,0482148;288,7067952;416,0290101;65,31357752;5,803173534;7,128651745;117,5834707;0,394372293;-0,576138829;0;0,144034707;358,1982491;305,6422633;156,2642125;1,874184078;5,696935554;34561,59161;87,63022098;16,5126974;16,67713463
01/03/26;ZWE;Zimbabwe;301,8659968;281,5626026;410,6354701;64,95548884;5,927367086;6,036842815;120,3796517;0,653020643;-0,288412677;0;0,072103169;348,0480699;327,5230341;156,4893553;1,95749717;5,685532591;36031,43175;87,10758247;15,13740288;15,40638789
01/04/26;ZWE;Zimbabwe;304,0404225;284,9813405;415,6338452;64,19914672;5,855066557;7,619200606;131,3695721;-1,332114721;-0,801024848;1,332114721;1,532370933;343,5882678;337,0886086;149,7395326;1,944709493;6,0157721;36631,51365;84,7222077;14,83767338;14,78525986
01/05/26;ZWE;Zimbabwe;307,6448925;291,43856;411,5201175;64,50823045;5,908992906;6,426405469;129,6857253;-0,202011742;0,079811628;0,202011742;0,221964648;355,5516767;358,5322839;144,0272153;2,063250776;6,14634777;39755,25542;81,24270525;13,96090715;14,66277015
01/06/26;ZWE;Zimbabwe;303,9602615;291,773463;418,3265379;63,10249399;6,042179017;7,661039823;133,1337938;1,966443541;-0,517902261;0;0,129475565;361,3796292;367,6665106;145,4755998;2,033419935;6,168057537;42721,35691;79,62006851;12,83043272;13,38984864
01/07/26;ZWE;Zimbabwe;301,017126;296,1871259;414,3034687;63,38073623;5,812992057;7,80476746;127,6116755;-1,058181016;-0,588391669;1,058181016;1,205278933;385,4124129;367,4871588;144,8449824;1,96523382;5,987477505;41301,21078;78,6797759;12,87683262;12,9477769
01/08/26;ZWE;Zimbabwe;298,8062902;292,7312241;425,1915133;63,3907479;6,021655783;7,715042315;119,8733462;-1,132145019;-0,203323534;1,132145019;1,182975902;366,2844034;380,5334272;142,8542857;1,951333027;6,141782489;41970,88617;81,95141144;12,00669861;12,49201447
01/09/26;ZWE;Zimbabwe;298,4346645;298,4165696;433,9844167;62,14227336;6,2265101;7,899204782;115,3788541;0,159002932;0,004004938;0;0,001001235;383,0538597;397,3490976;137,2166152;1,89477988;5,805424442;40056,37875;78,323594;11,57753982;11,44646844