iso3;country;debt_type;unit;period;outstanding;interest_rate_pct;interest_payment;principal_repayment;new_borrowing;frequency;date
ZWE;Zimbabwe;Bilateral Loans;USD million / percent;1980-Q1;824,9130942;5,815452142;11,59700162;13,12051374;46,30182312;Quarterly;01/01/80
ZWE;Zimbabwe;Bilateral Loans;USD million / percent;1980-Q2;834,3901726;5,50877488;11,32105948;10,74575216;53,38412602;Quarterly;01/01/80
ZWE;Zimbabwe;Bilateral Loans;USD million / percent;1980-Q3;750,1423485;5,196340788;10,11851437;26,42276064;49,21813754;Quarterly;01/01/80
ZWE;Zimbabwe;Bilateral Loans;USD million / percent;1980-Q4;788,6991019;5,810493971;11,46266204;39,38277775;42,68443009;Quarterly;01/01/80
ZWE;Zimbabwe;Bilateral Loans;USD million / percent;1981-Q1;803,4265799;5,724709474;11,48568271;32,69266038;49,09022062;Quarterly;01/01/80
ZWE;Zimbabwe;Bilateral Loans;USD million / percent;1981-Q2;793,3515056;5,085820312;10,36231464;30,30040623;22,48334494;Quarterly;01/01/80
ZWE;Zimbabwe;Bilateral Loans;USD million / percent;1981-Q3;789,813145;4,544625448;8,98222592;20,89289474;38,3456114;Quarterly;01/01/80
ZWE;Zimbabwe;Bilateral Loans;USD million / percent;1981-Q4;814,9373923;5,327019118;10,81593305;15,2705723;57,31143912;Quarterly;01/01/80
ZWE;Zimbabwe;Bilateral Loans;USD million / percent;1982-Q1;829,3065561;5,87107268;12,27558589;12,2229024;18,59768236;Quarterly;01/01/80
ZWE;Zimbabwe;Bilateral Loans;USD million / percent;1982-Q2;846,3597171;4,308360334;9,166401193;14,58447924;55,71820562;Quarterly;01/01/80
ZWE;Zimbabwe;Bilateral Loans;USD million / percent;1982-Q3;870,0371971;5,066150689;10,88008525;30,04463733;26,70579465;Quarterly;01/01/80
ZWE;Zimbabwe;Bilateral Loans;USD million / percent;1982-Q4;832,1086763;4,759037455;10,0134529;25,710783;44,28001666;Quarterly;01/01/80
ZWE;Zimbabwe;Bilateral Loans;USD million / percent;1983-Q1;886,4111479;5,838848004;12,52519001;32,49745633;18,99638195;Quarterly;01/01/80
ZWE;Zimbabwe;Bilateral Loans;USD million / percent;1983-Q2;905,299882;4,547486855;10,38500824;25,67960001;24,53257185;Quarterly;01/01/80
ZWE;Zimbabwe;Bilateral Loans;USD million / percent;1983-Q3;901,6638705;5,314721159;12,34880171;33,32855531;39,5663076;Quarterly;01/01/80
ZWE;Zimbabwe;Bilateral Loans;USD million / percent;1983-Q4;895,4933229;5,774578232;12,85350504;29,05925569;24,6628633;Quarterly;01/01/80
ZWE;Zimbabwe;Bilateral Loans;USD million / percent;1984-Q1;895,7537212;5,71679582;12,69517217;9,714913486;48,12657408;Quarterly;01/01/80
ZWE;Zimbabwe;Bilateral Loans;USD million / percent;1984-Q2;938,5717726;6,183364276;14,35292503;28,94397382;35,70098045;Quarterly;01/01/80
ZWE;Zimbabwe;Bilateral Loans;USD million / percent;1984-Q3;951,1261316;5,558952582;13,07360404;20,52583268;24,29293125;Quarterly;01/01/80
ZWE;Zimbabwe;Bilateral Loans;USD million / percent;1984-Q4;968,1057191;6,093205335;14,69603053;33,13542375;26,94147712;Quarterly;01/01/80
ZWE;Zimbabwe;Bilateral Loans;USD million / percent;1985-Q1;955,0977947;6,15403595;14,83356666;10,97537258;51,99118359;Quarterly;01/01/80
ZWE;Zimbabwe;Bilateral Loans;USD million / percent;1985-Q2;975,7083279;4,586792437;11,23754384;18,30624974;44,96462691;Quarterly;01/01/80
ZWE;Zimbabwe;Bilateral Loans;USD million / percent;1985-Q3;1008,526736;5,412329967;13,35466671;21,81630036;27,98210322;Quarterly;01/01/80
ZWE;Zimbabwe;Bilateral Loans;USD million / percent;1985-Q4;1003,482626;5,739172682;14,48187629;26,80094371;39,12284262;Quarterly;01/01/80
ZWE;Zimbabwe;Bilateral Loans;USD million / percent;1986-Q1;1024,254552;4,538191633;11,62885453;13,08828699;32,56823704;Quarterly;01/01/80
ZWE;Zimbabwe;Bilateral Loans;USD million / percent;1986-Q2;1060,92087;5,368927558;14,144914;24,09023837;49,66278291;Quarterly;01/01/80
ZWE;Zimbabwe;Bilateral Loans;USD million / percent;1986-Q3;1052,454481;4,863380598;12,79586793;21,61269526;38,44888085;Quarterly;01/01/80
ZWE;Zimbabwe;Bilateral Loans;USD million / percent;1986-Q4;1016,907956;6,13725361;15,73793979;20,64965095;37,94126896;Quarterly;01/01/80
ZWE;Zimbabwe;Bilateral Loans;USD million / percent;1987-Q1;1026,54623;6,351047647;16,44918058;34,03222625;40,19768797;Quarterly;01/01/80
ZWE;Zimbabwe;Bilateral Loans;USD million / percent;1987-Q2;1106,854677;5,611688167;15,26465108;8,223941368;60,96376231;Quarterly;01/01/80
ZWE;Zimbabwe;Bilateral Loans;USD million / percent;1987-Q3;1120,67932;6,311516156;17,59588444;25,85982351;24,74676024;Quarterly;01/01/80
ZWE;Zimbabwe;Bilateral Loans;USD million / percent;1987-Q4;1159,426974;5,335688606;15,32032484;16,38182322;39,14874084;Quarterly;01/01/80
ZWE;Zimbabwe;Bilateral Loans;USD million / percent;1988-Q1;1142,645755;4,83053393;13,88360228;35,35225716;52,88321871;Quarterly;01/01/80
ZWE;Zimbabwe;Bilateral Loans;USD million / percent;1988-Q2;1137,990834;6,998994341;19,81408506;27,82485787;51,15963911;Quarterly;01/01/80
ZWE;Zimbabwe;Bilateral Loans;USD million / percent;1988-Q3;1182,610012;6,080477544;17,80937988;15,97640486;52,96760659;Quarterly;01/01/80
ZWE;Zimbabwe;Bilateral Loans;USD million / percent;1988-Q4;1190,585967;5,489001264;16,3877974;17,49290753;53,58045596;Quarterly;01/01/80
ZWE;Zimbabwe;Bilateral Loans;USD million / percent;1989-Q1;1173,594817;4,135245309;12,16108712;31,37800257;54,2276104;Quarterly;01/01/80
ZWE;Zimbabwe;Bilateral Loans;USD million / percent;1989-Q2;1164,071082;6,710411956;19,58773731;30,40819501;32,62860417;Quarterly;01/01/80
ZWE;Zimbabwe;Bilateral Loans;USD million / percent;1989-Q3;1214,096524;5,499661332;16,59671805;19,94235228;41,06899729;Quarterly;01/01/80
ZWE;Zimbabwe;Bilateral Loans;USD million / percent;1989-Q4;1268,495194;5,272623963;16,35690364;31,25892979;38,80848924;Quarterly;01/01/80
ZWE;Zimbabwe;Bilateral Loans;USD million / percent;1990-Q1;1308,339816;6,100441858;19,98460527;28,23533092;50,86297558;Quarterly;01/01/80
ZWE;Zimbabwe;Bilateral Loans;USD million / percent;1990-Q2;1297,827357;6,778185621;21,91201026;25,99167455;29,71813462;Quarterly;01/01/80
ZWE;Zimbabwe;Bilateral Loans;USD million / percent;1990-Q3;1332,078093;5,900155223;19,65868623;13,85950583;39,90634765;Quarterly;01/01/80
ZWE;Zimbabwe;Bilateral Loans;USD million / percent;1990-Q4;1331,268622;5,355788615;17,81013939;24,91867431;17,39584877;Quarterly;01/01/80
ZWE;Zimbabwe;Bilateral Loans;USD million / percent;1991-Q1;1343,537361;5,308786345;17,73096886;30,81039467;31,34114159;Quarterly;01/01/80
ZWE;Zimbabwe;Bilateral Loans;USD million / percent;1991-Q2;1335,34515;5,657689515;18,99133728;43,05180053;37,11258591;Quarterly;01/01/80
ZWE;Zimbabwe;Bilateral Loans;USD million / percent;1991-Q3;1358,715265;5,587230186;19,17587888;20,04999617;33,8006148;Quarterly;01/01/80
ZWE;Zimbabwe;Bilateral Loans;USD million / percent;1991-Q4;1369,746455;5,382470469;18,41859108;14,27624048;47,21979477;Quarterly;01/01/80
ZWE;Zimbabwe;Bilateral Loans;USD million / percent;1992-Q1;1385,193021;5,056738572;17,43629344;19,45187852;49,0072838;Quarterly;01/01/80
ZWE;Zimbabwe;Bilateral Loans;USD million / percent;1992-Q2;1413,459284;5,001153086;17,52031352;19,17049618;56,39495664;Quarterly;01/01/80
ZWE;Zimbabwe;Bilateral Loans;USD million / percent;1992-Q3;1379,215213;6,486876149;22,63066692;28,11142251;35,97307972;Quarterly;01/01/80
ZWE;Zimbabwe;Bilateral Loans;USD million / percent;1992-Q4;1412,400546;5,840738846;20,37258433;37,96902664;10,93232763;Quarterly;01/01/80
ZWE;Zimbabwe;Bilateral Loans;USD million / percent;1993-Q1;1394,753172;6,51887059;23,02371932;16,88633771;18,63194996;Quarterly;01/01/80
ZWE;Zimbabwe;Bilateral Loans;USD million / percent;1993-Q2;1391,782322;5,762049843;20,22472317;18,61053247;42,8524987;Quarterly;01/01/80
ZWE;Zimbabwe;Bilateral Loans;USD million / percent;1993-Q3;1399,415308;5,114120775;17,99152161;15,00604112;49,4792822;Quarterly;01/01/80
ZWE;Zimbabwe;Bilateral Loans;USD million / percent;1993-Q4;1393,292992;5,010475514;17,49977011;27,21335561;30,9823623;Quarterly;01/01/80
ZWE;Zimbabwe;Bilateral Loans;USD million / percent;1994-Q1;1416,635828;5,275445681;18,52800201;32,24312104;47,95030039;Quarterly;01/01/80
ZWE;Zimbabwe;Bilateral Loans;USD million / percent;1994-Q2;1409,399912;5,578816488;19,77848469;35,94017137;28,43348092;Quarterly;01/01/80
ZWE;Zimbabwe;Bilateral Loans;USD million / percent;1994-Q3;1433,009624;4,262974491;15,15775241;28,69693017;34,07638273;Quarterly;01/01/80
ZWE;Zimbabwe;Bilateral Loans;USD million / percent;1994-Q4;1455,468966;6,857187158;25,01341874;25,21038326;53,53500473;Quarterly;01/01/80
ZWE;Zimbabwe;Bilateral Loans;USD million / percent;1995-Q1;1481,446317;6,230152114;23,11482155;22,68074455;18,14687909;Quarterly;01/01/80
ZWE;Zimbabwe;Bilateral Loans;USD million / percent;1995-Q2;1523,752541;3,83467912;14,52279317;20,94694688;28,37346228;Quarterly;01/01/80
ZWE;Zimbabwe;Bilateral Loans;USD million / percent;1995-Q3;1586,423269;4,703310513;18,23186343;16,00842611;17,02924162;Quarterly;01/01/80
ZWE;Zimbabwe;Bilateral Loans;USD million / percent;1995-Q4;1576,18884;6,329114507;24,86329136;26,77120012;44,38811149;Quarterly;01/01/80
ZWE;Zimbabwe;Bilateral Loans;USD million / percent;1996-Q1;1593,079115;5,485134994;21,83346841;24,24483247;38,32035008;Quarterly;01/01/80
ZWE;Zimbabwe;Bilateral Loans;USD million / percent;1996-Q2;1563,286745;5,566561768;22,04078633;15,53716251;69,27905299;Quarterly;01/01/80
ZWE;Zimbabwe;Bilateral Loans;USD million / percent;1996-Q3;1614,782059;6,636640392;26,645308;26,95989889;22,35595306;Quarterly;01/01/80
ZWE;Zimbabwe;Bilateral Loans;USD million / percent;1996-Q4;1609,623209;5,066407156;20,53510164;22,85404062;24,48895492;Quarterly;01/01/80
ZWE;Zimbabwe;Bilateral Loans;USD million / percent;1997-Q1;1636,871054;6,223694989;25,35599394;11,26492495;12,52515667;Quarterly;01/01/80
ZWE;Zimbabwe;Bilateral Loans;USD million / percent;1997-Q2;1677,66697;6,034502329;25,24243361;28,30370655;42,22461195;Quarterly;01/01/80
ZWE;Zimbabwe;Bilateral Loans;USD million / percent;1997-Q3;1633,624841;5,575396968;22,78030827;33,55469939;40,75813917;Quarterly;01/01/80
ZWE;Zimbabwe;Bilateral Loans;USD million / percent;1997-Q4;1629,422035;7,1030977;28,98418412;16,64776536;61,95131021;Quarterly;01/01/80
ZWE;Zimbabwe;Bilateral Loans;USD million / percent;1998-Q1;1641,259616;6,406887616;26,39949759;39,85102437;34,9554315;Quarterly;01/01/80
ZWE;Zimbabwe;Bilateral Loans;USD million / percent;1998-Q2;1626,346756;4,749177363;19,59901363;26,95052848;34,9258451;Quarterly;01/01/80
ZWE;Zimbabwe;Bilateral Loans;USD million / percent;1998-Q3;1611,519267;5,981306962;24,10046746;13,46919316;36,33283668;Quarterly;01/01/80
ZWE;Zimbabwe;Bilateral Loans;USD million / percent;1998-Q4;1614,884392;4,629779861;18,80476233;25,52235503;20,39993315;Quarterly;01/01/80
ZWE;Zimbabwe;Bilateral Loans;USD million / percent;1999-Q1;1590,909118;5,372183493;21,42405438;40,21488965;51,34005653;Quarterly;01/01/80
ZWE;Zimbabwe;Bilateral Loans;USD million / percent;1999-Q2;1586,851019;5,812379517;22,96116859;27,14239915;41,84879716;Quarterly;01/01/80
ZWE;Zimbabwe;Bilateral Loans;USD million / percent;1999-Q3;1591,335659;4,302765969;17,14450199;29,26709897;32,38806523;Quarterly;01/01/80
ZWE;Zimbabwe;Bilateral Loans;USD million / percent;1999-Q4;1649,01073;5,268945471;21,61143444;34,01459573;45,21403041;Quarterly;01/01/80
ZWE;Zimbabwe;Bilateral Loans;USD million / percent;2000-Q1;1626,078969;5,908653552;24,23127545;30,74785053;40,69333421;Quarterly;01/01/80
ZWE;Zimbabwe;Bilateral Loans;USD million / percent;2000-Q2;1606,161063;3,744759246;15,09121442;28,62491179;41,18913538;Quarterly;01/01/80
ZWE;Zimbabwe;Bilateral Loans;USD million / percent;2000-Q3;1574,942264;6,0297429;23,88392294;37,84671187;22,81760122;Quarterly;01/01/80
ZWE;Zimbabwe;Bilateral Loans;USD million / percent;2000-Q4;1525,316156;4,359311924;16,58836185;17,00606273;15,69061859;Quarterly;01/01/80
ZWE;Zimbabwe;Bilateral Loans;USD million / percent;2001-Q1;1587,528676;4,681746494;18,39343991;20,14457065;49,76711744;Quarterly;01/01/80
ZWE;Zimbabwe;Bilateral Loans;USD million / percent;2001-Q2;1562,821634;6,428210156;25,3734829;36,63804912;24,69922552;Quarterly;01/01/80
ZWE;Zimbabwe;Bilateral Loans;USD million / percent;2001-Q3;1616,424718;3,666763508;14,63863986;23,06324833;46,66692655;Quarterly;01/01/80
ZWE;Zimbabwe;Bilateral Loans;USD million / percent;2001-Q4;1576,51417;5,085963197;20,303842;29,12143934;33,03618887;Quarterly;01/01/80
ZWE;Zimbabwe;Bilateral Loans;USD million / percent;2002-Q1;1602,97615;5,112276085;20,36235631;43,49485484;41,51973559;Quarterly;01/01/80
ZWE;Zimbabwe;Bilateral Loans;USD million / percent;2002-Q2;1579,219565;5,646232513;22,37350478;14,36351742;37,2328708;Quarterly;01/01/80
ZWE;Zimbabwe;Bilateral Loans;USD million / percent;2002-Q3;1593,719057;5,058667497;20,13765179;13,73651326;37,92384432;Quarterly;01/01/80
ZWE;Zimbabwe;Bilateral Loans;USD million / percent;2002-Q4;1620,84955;5,270338946;21,20862146;20,89171478;47,69990088;Quarterly;01/01/80
ZWE;Zimbabwe;Bilateral Loans;USD million / percent;2003-Q1;1686,035674;5,134965703;21,3232319;37,73127782;48,91738585;Quarterly;01/01/80
ZWE;Zimbabwe;Bilateral Loans;USD million / percent;2003-Q2;1700,86438;5,007499877;21,13841821;16,8751092;33,50176279;Quarterly;01/01/80
ZWE;Zimbabwe;Bilateral Loans;USD million / percent;2003-Q3;1708,814269;4,942794553;21,12071763;17,89927583;31,21240585;Quarterly;01/01/80
ZWE;Zimbabwe;Bilateral Loans;USD million / percent;2003-Q4;1769,541714;6,313348728;27,77011205;25,34919589;26,73798916;Quarterly;01/01/80
ZWE;Zimbabwe;Bilateral Loans;USD million / percent;2004-Q1;1750,455914;4,825784799;21,40805482;19,94364693;50,05181783;Quarterly;01/01/80
ZWE;Zimbabwe;Bilateral Loans;USD million / percent;2004-Q2;1744,707897;6,107956516;26,82214774;18,9831752;7,371137534;Quarterly;01/01/80
ZWE;Zimbabwe;Bilateral Loans;USD million / percent;2004-Q3;1727,898536;4,976709742;21,37538418;35,28474095;26,81050944;Quarterly;01/01/80
ZWE;Zimbabwe;Bilateral Loans;USD million / percent;2004-Q4;1762,828732;6,302242066;27,73873378;2,488703443;37,40840528;Quarterly;01/01/80
ZWE;Zimbabwe;Bilateral Loans;USD million / percent;2005-Q1;1789,888867;5,804114568;25,88165565;16,21448952;33,04681108;Quarterly;01/01/80
ZWE;Zimbabwe;Bilateral Loans;USD million / percent;2005-Q2;1793,523628;4,456492862;19,95795482;24,077655;40,23416576;Quarterly;01/01/80
ZWE;Zimbabwe;Bilateral Loans;USD million / percent;2005-Q3;1772,234694;5,10147656;22,65338983;18,18768559;38,5516799;Quarterly;01/01/80
ZWE;Zimbabwe;Bilateral Loans;USD million / percent;2005-Q4;1795,798761;5,039799365;22,55554157;12,3370123;38,35425295;Quarterly;01/01/80
ZWE;Zimbabwe;Bilateral Loans;USD million / percent;2006-Q1;1819,323847;5,233354537;23,67208227;21,84957917;31,45079819;Quarterly;01/01/80
ZWE;Zimbabwe;Bilateral Loans;USD million / percent;2006-Q2;1831,956128;4,513220124;20,48185573;25,39065055;61,49001806;Quarterly;01/01/80
ZWE;Zimbabwe;Bilateral Loans;USD million / percent;2006-Q3;1804,053639;5,181968911;23,24944975;35,11927022;26,43004774;Quarterly;01/01/80
ZWE;Zimbabwe;Bilateral Loans;USD million / percent;2006-Q4;1805,481814;4,599218115;20,65370917;21,29780239;25,34576079;Quarterly;01/01/80
ZWE;Zimbabwe;Bilateral Loans;USD million / percent;2007-Q1;1813,715061;4,654298379;21,02202368;18,20271068;43,39885424;Quarterly;01/01/80
ZWE;Zimbabwe;Bilateral Loans;USD million / percent;2007-Q2;1784,585625;5,775397219;26,07079737;17,08947981;40,28844233;Quarterly;01/01/80
ZWE;Zimbabwe;Bilateral Loans;USD million / percent;2007-Q3;1769,152366;4,69711974;20,88855275;38,24112499;45,03528263;Quarterly;01/01/80
ZWE;Zimbabwe;Bilateral Loans;USD million / percent;2007-Q4;1750,182778;6,060401669;26,47604155;18,65719156;36,96491312;Quarterly;01/01/80
ZWE;Zimbabwe;Bilateral Loans;USD million / percent;2008-Q1;1743,646427;5,484891954;23,96013816;29,16475526;32,70821013;Quarterly;01/01/80
ZWE;Zimbabwe;Bilateral Loans;USD million / percent;2008-Q2;1768,668472;6,221497155;27,17858266;19,93299615;28,40696259;Quarterly;01/01/80
ZWE;Zimbabwe;Bilateral Loans;USD million / percent;2008-Q3;1715,04275;6,802852334;29,54552075;24,9847601;44,42632569;Quarterly;01/01/80
ZWE;Zimbabwe;Bilateral Loans;USD million / percent;2008-Q4;1729,746121;6,808299571;29,36169062;9,900157509;45,49135266;Quarterly;01/01/80
ZWE;Zimbabwe;Bilateral Loans;USD million / percent;2009-Q1;1751,010731;5,334713565;23,43248136;42,27150172;10,33931238;Quarterly;01/01/80
ZWE;Zimbabwe;Bilateral Loans;USD million / percent;2009-Q2;1721,062938;4,080369928;17,76651025;20,51820679;25,81729788;Quarterly;01/01/80
ZWE;Zimbabwe;Bilateral Loans;USD million / percent;2009-Q3;1723,441654;5,93059177;25,57868175;13,70714096;49,05830934;Quarterly;01/01/80
ZWE;Zimbabwe;Bilateral Loans;USD million / percent;2009-Q4;1715,911874;4,143413548;17,88175983;40,66847979;44,38332455;Quarterly;01/01/80
ZWE;Zimbabwe;Bilateral Loans;USD million / percent;2010-Q1;1800,269698;5,349302922;23,47026522;32,60741346;43,61090195;Quarterly;01/01/80
ZWE;Zimbabwe;Bilateral Loans;USD million / percent;2010-Q2;1820,701953;5,233999721;23,81040909;27,24683138;27,85240343;Quarterly;01/01/80
ZWE;Zimbabwe;Bilateral Loans;USD million / percent;2010-Q3;1827,509882;4,864491564;22,28218248;24,11331431;18,954697;Quarterly;01/01/80
ZWE;Zimbabwe;Bilateral Loans;USD million / percent;2010-Q4;1841,774026;6,469937291;29,86321843;34,01331318;29,8785103;Quarterly;01/01/80
ZWE;Zimbabwe;Bilateral Loans;USD million / percent;2011-Q1;1796,365661;6,345361828;28,81388024;15,89240796;22,34695243;Quarterly;01/01/80
ZWE;Zimbabwe;Bilateral Loans;USD million / percent;2011-Q2;1773,049373;4,029350799;17,92806168;26,16346597;31,70737083;Quarterly;01/01/80
ZWE;Zimbabwe;Bilateral Loans;USD million / percent;2011-Q3;1773,517108;5,956634558;26,16692329;28,42171793;33,74685971;Quarterly;01/01/80
ZWE;Zimbabwe;Bilateral Loans;USD million / percent;2011-Q4;1784,928128;5,452496354;24,40091387;22,69969508;34,7945077;Quarterly;01/01/80
ZWE;Zimbabwe;Bilateral Loans;USD million / percent;2012-Q1;1805,96053;4,68216175;21,04431903;21,28537987;37,5649709;Quarterly;01/01/80
ZWE;Zimbabwe;Bilateral Loans;USD million / percent;2012-Q2;1815,590225;7,201774646;32,70279648;20,7700014;44,73421388;Quarterly;01/01/80
ZWE;Zimbabwe;Bilateral Loans;USD million / percent;2012-Q3;1867,576028;4,368216576;20,10705258;19,05449517;38,6821225;Quarterly;01/01/80
ZWE;Zimbabwe;Bilateral Loans;USD million / percent;2012-Q4;1860,809593;5,896743236;27,76369789;25,15042806;36,61512629;Quarterly;01/01/80
ZWE;Zimbabwe;Bilateral Loans;USD million / percent;2013-Q1;1860,48976;5,371846818;25,11949993;8,54052577;24,46873726;Quarterly;01/01/80
ZWE;Zimbabwe;Bilateral Loans;USD million / percent;2013-Q2;1836,415244;6,438134217;29,492489;33,01777055;41,89919895;Quarterly;01/01/80
ZWE;Zimbabwe;Bilateral Loans;USD million / percent;2013-Q3;1862,346631;5,816886776;27,06316578;16,97100242;50,85100801;Quarterly;01/01/80
ZWE;Zimbabwe;Bilateral Loans;USD million / percent;2013-Q4;1925,347781;4,764571402;22,72529259;12,12762469;43,02082809;Quarterly;01/01/80
ZWE;Zimbabwe;Bilateral Loans;USD million / percent;2014-Q1;1965,544681;5,794507261;28,41538679;28,07988406;58,76903504;Quarterly;01/01/80
ZWE;Zimbabwe;Bilateral Loans;USD million / percent;2014-Q2;1956,411485;6,078769879;29,93430755;18,14298658;45,06265281;Quarterly;01/01/80
ZWE;Zimbabwe;Bilateral Loans;USD million / percent;2014-Q3;1927,196731;5,443821385;26,31405124;27,87569175;19,91527635;Quarterly;01/01/80
ZWE;Zimbabwe;Bilateral Loans;USD million / percent;2014-Q4;1873,286856;6,876485555;32,20755388;20,57824425;32,96816937;Quarterly;01/01/80
ZWE;Zimbabwe;Bilateral Loans;USD million / percent;2015-Q1;1871,531404;6,270094793;29,34660852;25,00027786;42,78135813;Quarterly;01/01/80
ZWE;Zimbabwe;Bilateral Loans;USD million / percent;2015-Q2;1869,182821;4,435133554;20,76667377;14,51411115;33,97095541;Quarterly;01/01/80
ZWE;Zimbabwe;Bilateral Loans;USD million / percent;2015-Q3;1885,166259;5,827788128;27,44053262;28,34911125;27,25355419;Quarterly;01/01/80
ZWE;Zimbabwe;Bilateral Loans;USD million / percent;2015-Q4;1852,733711;6,078431552;28,32045125;17,5540901;23,93163045;Quarterly;01/01/80
ZWE;Zimbabwe;Bilateral Loans;USD million / percent;2016-Q1;1859,82242;6,778795154;31,46909085;15,48968831;39,75120786;Quarterly;01/01/80
ZWE;Zimbabwe;Bilateral Loans;USD million / percent;2016-Q2;1876,692509;5,15561757;24,01018188;33,18303091;52,19335081;Quarterly;01/01/80
ZWE;Zimbabwe;Bilateral Loans;USD million / percent;2016-Q3;1885,196651;5,935111972;28,1231598;21,74441827;61,91579192;Quarterly;01/01/80
ZWE;Zimbabwe;Bilateral Loans;USD million / percent;2016-Q4;1866,234257;5,381769237;25,31771999;17,94153391;35,89148852;Quarterly;01/01/80
ZWE;Zimbabwe;Bilateral Loans;USD million / percent;2017-Q1;1830,064093;6,034436574;27,82347834;25,46191645;44,82241865;Quarterly;01/01/80
ZWE;Zimbabwe;Bilateral Loans;USD million / percent;2017-Q2;1854,09029;6,263831242;28,66818377;18,90438395;60,35666531;Quarterly;01/01/80
ZWE;Zimbabwe;Bilateral Loans;USD million / percent;2017-Q3;1837,732375;6,569750824;30,15344582;24,19463447;41,46417137;Quarterly;01/01/80
ZWE;Zimbabwe;Bilateral Loans;USD million / percent;2017-Q4;1832,727064;6,316984698;29,0617201;20,85611808;22,92267931;Quarterly;01/01/80
ZWE;Zimbabwe;Bilateral Loans;USD million / percent;2018-Q1;1828,956408;5,47505658;25,29645159;24,24886942;34,82880434;Quarterly;01/01/80
ZWE;Zimbabwe;Bilateral Loans;USD million / percent;2018-Q2;1857,68474;6,090920512;27,8979146;36,9950737;33,1855917;Quarterly;01/01/80
ZWE;Zimbabwe;Bilateral Loans;USD million / percent;2018-Q3;1931,207913;6,638879115;31,47442708;23,76345494;20,31015056;Quarterly;01/01/80
ZWE;Zimbabwe;Bilateral Loans;USD million / percent;2018-Q4;1920,919287;4,610593807;22,21185276;21,12589624;40,5442185;Quarterly;01/01/80
ZWE;Zimbabwe;Bilateral Loans;USD million / percent;2019-Q1;1966,210134;6,750341052;32,75057097;26,88034992;22,00288565;Quarterly;01/01/80
ZWE;Zimbabwe;Bilateral Loans;USD million / percent;2019-Q2;1947,043257;3,852336667;18,65060564;18,16113299;44,51921418;Quarterly;01/01/80
ZWE;Zimbabwe;Bilateral Loans;USD million / percent;2019-Q3;2044,497314;4,586819329;23,15582374;26,82574938;41,49780944;Quarterly;01/01/80
ZWE;Zimbabwe;Bilateral Loans;USD million / percent;2019-Q4;2032,832861;6,471330519;32,89988333;9,896139937;45,40572201;Quarterly;01/01/80
ZWE;Zimbabwe;Bilateral Loans;USD million / percent;2020-Q1;2044,65294;4,80372518;24,41673386;28,03210175;25,04620468;Quarterly;01/01/80
ZWE;Zimbabwe;Bilateral Loans;USD million / percent;2020-Q2;1990,335864;5,159622548;25,89940131;22,33850703;23,21687299;Quarterly;01/01/80
ZWE;Zimbabwe;Bilateral Loans;USD million / percent;2020-Q3;2010,203734;5,825946914;29,01683896;30,35262399;51,85840396;Quarterly;01/01/80
ZWE;Zimbabwe;Bilateral Loans;USD million / percent;2020-Q4;1996,939783;6,082435044;30,54708396;17,6618336;21,76977417;Quarterly;01/01/80
ZWE;Zimbabwe;Bilateral Loans;USD million / percent;2021-Q1;2017,027154;4,261121378;21,32858205;37,49675312;38,21907427;Quarterly;01/01/80
ZWE;Zimbabwe;Bilateral Loans;USD million / percent;2021-Q2;2006,592202;5,506579882;27,64179542;5,656149237;19,06970217;Quarterly;01/01/80
ZWE;Zimbabwe;Bilateral Loans;USD million / percent;2021-Q3;2025,007305;5,317175904;26,62466524;19,8668955;42,92782634;Quarterly;01/01/80
ZWE;Zimbabwe;Bilateral Loans;USD million / percent;2021-Q4;2097,429689;5,608891337;28,96674229;17,36458833;39,24783908;Quarterly;01/01/80
ZWE;Zimbabwe;Bilateral Loans;USD million / percent;2022-Q1;2080,387003;4,942633366;25,68912901;15,52633519;40,0305698;Quarterly;01/01/80
ZWE;Zimbabwe;Bilateral Loans;USD million / percent;2022-Q2;2132,606126;5,450974969;28,80626453;24,93893391;32,12138677;Quarterly;01/01/80
ZWE;Zimbabwe;Bilateral Loans;USD million / percent;2022-Q3;2167,168357;7,556816395;40,52393158;30,80922548;31,43398756;Quarterly;01/01/80
ZWE;Zimbabwe;Bilateral Loans;USD million / percent;2022-Q4;2157,03336;5,104068132;27,58163479;25,17142598;27,06780324;Quarterly;01/01/80
ZWE;Zimbabwe;Bilateral Loans;USD million / percent;2023-Q1;2128,750013;5,333394324;28,60287666;28,77142142;32,0778152;Quarterly;01/01/80
ZWE;Zimbabwe;Bilateral Loans;USD million / percent;2023-Q2;2163,450715;7,231159625;39,0197545;28,09387789;49,86799288;Quarterly;01/01/80
ZWE;Zimbabwe;Bilateral Loans;USD million / percent;2023-Q3;2153,629975;4,838995985;26,04889794;14,10315271;45,90507267;Quarterly;01/01/80
ZWE;Zimbabwe;Bilateral Loans;USD million / percent;2023-Q4;2166,302234;4,986317274;27,18115642;30,83237477;24,27611495;Quarterly;01/01/80
ZWE;Zimbabwe;Bilateral Loans;USD million / percent;2024-Q1;2169,783883;3,823044965;20,81763224;23,64206925;21,92097694;Quarterly;01/01/80
ZWE;Zimbabwe;Bilateral Loans;USD million / percent;2024-Q2;2189,037539;5,681850987;30,87908978;38,68979969;39,44675323;Quarterly;01/01/80
ZWE;Zimbabwe;Bilateral Loans;USD million / percent;2024-Q3;2205,984992;4,71214474;26,11602834;20,66811928;35,21229308;Quarterly;01/01/80
ZWE;Zimbabwe;Bilateral Loans;USD million / percent;2024-Q4;2271,225879;5,516977876;30,99549622;33,00927007;23,20464572;Quarterly;01/01/80
ZWE;Zimbabwe;Bilateral Loans;USD million / percent;2025-Q1;2270,059016;6,897520489;39,29706956;27,10773518;38,69581836;Quarterly;01/01/80
ZWE;Zimbabwe;Bilateral Loans;USD million / percent;2025-Q2;2232,962345;4,68329829;26,11138615;18,14352729;27,0973546;Quarterly;01/01/80
ZWE;Zimbabwe;Bilateral Loans;USD million / percent;2025-Q3;2211,208433;5,584926204;31,13789573;25,92542968;43,12095506;Quarterly;01/01/80
ZWE;Zimbabwe;Bilateral Loans;USD million / percent;2025-Q4;2169,714415;4,830959295;26,31964905;19,11804858;27,8373665;Quarterly;01/01/80
ZWE;Zimbabwe;Bilateral Loans;USD million / percent;2026-Q1;2199,629745;6,992339465;38,25123571;10,27965209;43,05804963;Quarterly;01/01/80
ZWE;Zimbabwe;Bilateral Loans;USD million / percent;2026-Q2;2161,005857;4,826989264;26,00630404;14,50677292;45,31088228;Quarterly;01/01/80
ZWE;Zimbabwe;Bilateral Loans;USD million / percent;2026-Q3;2207,170452;7,030167266;38,22422739;19,95456604;18,77912248;Quarterly;01/01/80
ZWE;Zimbabwe;Commercial Loans;USD million / percent;1980-Q1;1487,993568;5,21352358;19,32062114;27,62440295;59,14135504;Quarterly;01/01/80
ZWE;Zimbabwe;Commercial Loans;USD million / percent;1980-Q2;1441,863557;5,589924262;20,34177929;12,07852011;40,3744758;Quarterly;01/01/80
ZWE;Zimbabwe;Commercial Loans;USD million / percent;1980-Q3;1465,724354;6,74252882;24,59356919;40,90947286;41,88442517;Quarterly;01/01/80
ZWE;Zimbabwe;Commercial Loans;USD million / percent;1980-Q4;1438,809342;5,948012812;21,64238655;20,78157069;45,05394716;Quarterly;01/01/80
ZWE;Zimbabwe;Commercial Loans;USD million / percent;1981-Q1;1432,056494;6,276724511;22,93498036;26,65742883;56,1557254;Quarterly;01/01/80
ZWE;Zimbabwe;Commercial Loans;USD million / percent;1981-Q2;1456,510666;3,495082545;12,71506839;21,25404902;44,25071624;Quarterly;01/01/80
ZWE;Zimbabwe;Commercial Loans;USD million / percent;1981-Q3;1459,475343;4,843087598;17,55760463;35,97005962;46,21530171;Quarterly;01/01/80
ZWE;Zimbabwe;Commercial Loans;USD million / percent;1981-Q4;1449,113864;5,696765743;20,63178973;26,72327967;49,46858722;Quarterly;01/01/80
ZWE;Zimbabwe;Commercial Loans;USD million / percent;1982-Q1;1402,602207;5,742236242;20,26525121;18,1046007;13,56967813;Quarterly;01/01/80
ZWE;Zimbabwe;Commercial Loans;USD million / percent;1982-Q2;1381,525279;5,332368445;18,63555706;43,88816415;35,02618627;Quarterly;01/01/80
ZWE;Zimbabwe;Commercial Loans;USD million / percent;1982-Q3;1393,674157;5,291741357;18,31101726;26,63301866;29,85388672;Quarterly;01/01/80
ZWE;Zimbabwe;Commercial Loans;USD million / percent;1982-Q4;1428,080693;6,270741599;22,06644856;29,17760227;31,13958722;Quarterly;01/01/80
ZWE;Zimbabwe;Commercial Loans;USD million / percent;1983-Q1;1450,822841;5,813171963;20,87237874;19,68581974;40,43558686;Quarterly;01/01/80
ZWE;Zimbabwe;Commercial Loans;USD million / percent;1983-Q2;1453,032817;5,6525285;20,65487273;24,6354081;16,05201115;Quarterly;01/01/80
ZWE;Zimbabwe;Commercial Loans;USD million / percent;1983-Q3;1471,072404;4,304761132;15,73326472;19,8344581;43,38603804;Quarterly;01/01/80
ZWE;Zimbabwe;Commercial Loans;USD million / percent;1983-Q4;1500,803014;5,771796597;21,47627875;19,58770711;60,71074707;Quarterly;01/01/80
ZWE;Zimbabwe;Commercial Loans;USD million / percent;1984-Q1;1545,322052;5,9786904;22,72912896;39,21178647;59,85261654;Quarterly;01/01/80
ZWE;Zimbabwe;Commercial Loans;USD million / percent;1984-Q2;1518,489793;5,756085703;21,99277757;24,49960112;13,72416196;Quarterly;01/01/80
ZWE;Zimbabwe;Commercial Loans;USD million / percent;1984-Q3;1590,950748;6,046831718;23,59668251;10,99088331;35,15360437;Quarterly;01/01/80
ZWE;Zimbabwe;Commercial Loans;USD million / percent;1984-Q4;1601,73259;4,614230408;18,48359877;6,097147712;19,38691825;Quarterly;01/01/80
ZWE;Zimbabwe;Commercial Loans;USD million / percent;1985-Q1;1644,747912;5,658668711;22,91933592;22,5635729;25,7438656;Quarterly;01/01/80
ZWE;Zimbabwe;Commercial Loans;USD million / percent;1985-Q2;1599,830251;5,852318405;23,48605994;17,84561264;35,61443701;Quarterly;01/01/80
ZWE;Zimbabwe;Commercial Loans;USD million / percent;1985-Q3;1598,714774;5,622813013;22,54424175;30,72986849;22,12571841;Quarterly;01/01/80
ZWE;Zimbabwe;Commercial Loans;USD million / percent;1985-Q4;1642,225481;6,201023351;25,52931878;18,93466234;48,45234318;Quarterly;01/01/80
ZWE;Zimbabwe;Commercial Loans;USD million / percent;1986-Q1;1636,876134;5,292528515;21,70241557;30,39751494;40,10226632;Quarterly;01/01/80
ZWE;Zimbabwe;Commercial Loans;USD million / percent;1986-Q2;1653,993538;5,563671609;23,13920941;30,35503924;13,93162773;Quarterly;01/01/80
ZWE;Zimbabwe;Commercial Loans;USD million / percent;1986-Q3;1624,587212;5,130121591;21,11616256;16,03053482;52,69582558;Quarterly;01/01/80
ZWE;Zimbabwe;Commercial Loans;USD million / percent;1986-Q4;1677,219608;5,252003851;21,57767773;13,50868868;39,81672453;Quarterly;01/01/80
ZWE;Zimbabwe;Commercial Loans;USD million / percent;1987-Q1;1650,503948;5,190748113;21,30523347;27,53699855;46,95597829;Quarterly;01/01/80
ZWE;Zimbabwe;Commercial Loans;USD million / percent;1987-Q2;1623,19552;5,409832842;22,02950494;17,95146599;48,6227502;Quarterly;01/01/80
ZWE;Zimbabwe;Commercial Loans;USD million / percent;1987-Q3;1612,495846;5,334403189;21,51866301;12,56894232;47,4659506;Quarterly;01/01/80
ZWE;Zimbabwe;Commercial Loans;USD million / percent;1987-Q4;1677,974901;6,130939991;25,18377777;21,71429928;16,42347876;Quarterly;01/01/80
ZWE;Zimbabwe;Commercial Loans;USD million / percent;1988-Q1;1687,156471;5,701375998;23,83345026;40,68184628;22,6856052;Quarterly;01/01/80
ZWE;Zimbabwe;Commercial Loans;USD million / percent;1988-Q2;1677,832785;4,864459311;20,57441302;27,9284267;36,72735045;Quarterly;01/01/80
ZWE;Zimbabwe;Commercial Loans;USD million / percent;1988-Q3;1649,556007;6,269754249;25,77610976;27,63956824;28,08969369;Quarterly;01/01/80
ZWE;Zimbabwe;Commercial Loans;USD million / percent;1988-Q4;1706,923445;7,040869151;29,85925503;24,36477744;51,11529888;Quarterly;01/01/80
ZWE;Zimbabwe;Commercial Loans;USD million / percent;1989-Q1;1687,929322;6,4755691;27,32114462;16,54914277;29,87844492;Quarterly;01/01/80
ZWE;Zimbabwe;Commercial Loans;USD million / percent;1989-Q2;1685,410349;5,081819248;21,33563989;23,25052774;49,44737934;Quarterly;01/01/80
ZWE;Zimbabwe;Commercial Loans;USD million / percent;1989-Q3;1691,747763;6,577512786;27,72876863;23,04259934;41,47591463;Quarterly;01/01/80
ZWE;Zimbabwe;Commercial Loans;USD million / percent;1989-Q4;1691,26369;5,600318545;23,75235123;37,32501411;34,88013253;Quarterly;01/01/80
ZWE;Zimbabwe;Commercial Loans;USD million / percent;1990-Q1;1742,773072;5,079202929;21,72807272;15,7923463;39,28011094;Quarterly;01/01/80
ZWE;Zimbabwe;Commercial Loans;USD million / percent;1990-Q2;1761,668096;5,584442409;24,60939835;15,99174705;44,19113377;Quarterly;01/01/80
ZWE;Zimbabwe;Commercial Loans;USD million / percent;1990-Q3;1779,275994;5,364538168;23,86717343;5,324873503;27,17059577;Quarterly;01/01/80
ZWE;Zimbabwe;Commercial Loans;USD million / percent;1990-Q4;1728,555195;5,63634912;24,7297014;31,86181586;31,66174238;Quarterly;01/01/80
ZWE;Zimbabwe;Commercial Loans;USD million / percent;1991-Q1;1799,255035;5,55917222;24,86656265;26,47715454;42,12215416;Quarterly;01/01/80
ZWE;Zimbabwe;Commercial Loans;USD million / percent;1991-Q2;1836,062551;5,74558368;26,14485545;18,12636997;58,94947628;Quarterly;01/01/80
ZWE;Zimbabwe;Commercial Loans;USD million / percent;1991-Q3;1788,903997;5,184837738;23,43860489;33,64933185;27,26258826;Quarterly;01/01/80
ZWE;Zimbabwe;Commercial Loans;USD million / percent;1991-Q4;1750,962274;6,973157995;30,6815826;15,01126451;26,61997445;Quarterly;01/01/80
ZWE;Zimbabwe;Commercial Loans;USD million / percent;1992-Q1;1755,319283;6,87155085;30,33850397;23,81716016;35,2065529;Quarterly;01/01/80
ZWE;Zimbabwe;Commercial Loans;USD million / percent;1992-Q2;1792,925159;6,177686521;27,34297001;22,68470352;12,73190988;Quarterly;01/01/80
ZWE;Zimbabwe;Commercial Loans;USD million / percent;1992-Q3;1773,748063;4,884058273;21,68203449;21,90244466;19,62588711;Quarterly;01/01/80
ZWE;Zimbabwe;Commercial Loans;USD million / percent;1992-Q4;1797,306452;5,590804911;25,04778208;21,30006833;33,63823897;Quarterly;01/01/80
ZWE;Zimbabwe;Commercial Loans;USD million / percent;1993-Q1;1793,471694;5,426617606;24,36809472;29,79426967;34,24218733;Quarterly;01/01/80
ZWE;Zimbabwe;Commercial Loans;USD million / percent;1993-Q2;1834,009074;5,469747462;24,91121252;39,80089006;27,38321043;Quarterly;01/01/80
ZWE;Zimbabwe;Commercial Loans;USD million / percent;1993-Q3;1825,264468;4,825076939;22,14627136;32,00345185;46,23003606;Quarterly;01/01/80
ZWE;Zimbabwe;Commercial Loans;USD million / percent;1993-Q4;1845,504377;4,586128962;21,10819143;30,17293946;44,37383588;Quarterly;01/01/80
ZWE;Zimbabwe;Commercial Loans;USD million / percent;1994-Q1;1848,987848;4,32515085;20,07287848;21,38753344;14,5088836;Quarterly;01/01/80
ZWE;Zimbabwe;Commercial Loans;USD million / percent;1994-Q2;1863,120268;6,296370317;29,2419861;21,06514059;26,22333412;Quarterly;01/01/80
ZWE;Zimbabwe;Commercial Loans;USD million / percent;1994-Q3;1870,223372;4,555096164;21,43093104;9,840209659;34,89922473;Quarterly;01/01/80
ZWE;Zimbabwe;Commercial Loans;USD million / percent;1994-Q4;1882,366229;5,152452124;24,19916626;27,67622297;22,91799479;Quarterly;01/01/80
ZWE;Zimbabwe;Commercial Loans;USD million / percent;1995-Q1;1962,328332;5,269716062;25,55192581;7,000707032;15,85083821;Quarterly;01/01/80
ZWE;Zimbabwe;Commercial Loans;USD million / percent;1995-Q2;1923,509436;5,283253913;25,57685905;22,03811487;29,506085;Quarterly;01/01/80
ZWE;Zimbabwe;Commercial Loans;USD million / percent;1995-Q3;1905,267927;7,129987076;33,90319602;20,80580315;16,72441508;Quarterly;01/01/80
ZWE;Zimbabwe;Commercial Loans;USD million / percent;1995-Q4;1918,949245;6,376986112;30,4928095;33,10215714;22,59243667;Quarterly;01/01/80
ZWE;Zimbabwe;Commercial Loans;USD million / percent;1996-Q1;1959,220588;6,921368696;33,54243576;31,5249147;47,15516359;Quarterly;01/01/80
ZWE;Zimbabwe;Commercial Loans;USD million / percent;1996-Q2;1959,015148;7,2976152;35,66726052;41,48510853;34,67653596;Quarterly;01/01/80
ZWE;Zimbabwe;Commercial Loans;USD million / percent;1996-Q3;1985,361153;5,696135817;28,34084874;19,59967462;32,36606295;Quarterly;01/01/80
ZWE;Zimbabwe;Commercial Loans;USD million / percent;1996-Q4;1989,375419;4,607735985;23,01061998;23,79666545;40,48233824;Quarterly;01/01/80
ZWE;Zimbabwe;Commercial Loans;USD million / percent;1997-Q1;2080,771261;4,80764828;24,4712291;22,66140176;39,42277622;Quarterly;01/01/80
ZWE;Zimbabwe;Commercial Loans;USD million / percent;1997-Q2;2040,117632;5,593934502;28,78167296;31,0880218;28,22562389;Quarterly;01/01/80
ZWE;Zimbabwe;Commercial Loans;USD million / percent;1997-Q3;2035,145027;4,496424714;22,92447644;35,94625592;49,07355658;Quarterly;01/01/80
ZWE;Zimbabwe;Commercial Loans;USD million / percent;1997-Q4;2024,838631;4,57813182;23,06600827;30,31431049;37,08657206;Quarterly;01/01/80
ZWE;Zimbabwe;Commercial Loans;USD million / percent;1998-Q1;2014,566367;5,619474189;28,33187655;22,10735461;42,90117404;Quarterly;01/01/80
ZWE;Zimbabwe;Commercial Loans;USD million / percent;1998-Q2;1948,710124;6,283281307;31,10437656;23,06356753;32,84428832;Quarterly;01/01/80
ZWE;Zimbabwe;Commercial Loans;USD million / percent;1998-Q3;1928,226037;5,95876057;28,70873129;16,49768522;15,76453164;Quarterly;01/01/80
ZWE;Zimbabwe;Commercial Loans;USD million / percent;1998-Q4;1911,403502;5,221506008;24,86036641;34,05540894;26,94407578;Quarterly;01/01/80
ZWE;Zimbabwe;Commercial Loans;USD million / percent;1999-Q1;1885,616688;5,762403884;27,16313826;21,82461742;66,32064993;Quarterly;01/01/80
ZWE;Zimbabwe;Commercial Loans;USD million / percent;1999-Q2;1937,989884;6,086544094;29,31650791;22,28589275;49,40628296;Quarterly;01/01/80
ZWE;Zimbabwe;Commercial Loans;USD million / percent;1999-Q3;1879,300618;7,252223556;34,37567296;23,03694581;41,49207501;Quarterly;01/01/80
ZWE;Zimbabwe;Commercial Loans;USD million / percent;1999-Q4;1912,590953;6,324318828;30,264718;31,91037297;25,35119009;Quarterly;01/01/80
ZWE;Zimbabwe;Commercial Loans;USD million / percent;2000-Q1;1856,285433;5,28770715;24,84457595;17,92675399;31,47544002;Quarterly;01/01/80
ZWE;Zimbabwe;Commercial Loans;USD million / percent;2000-Q2;1869,66757;6,610014593;30,43906209;28,73208301;27,69200824;Quarterly;01/01/80
ZWE;Zimbabwe;Commercial Loans;USD million / percent;2000-Q3;1898,53419;5,893295032;27,86274914;17,31209813;52,55861435;Quarterly;01/01/80
ZWE;Zimbabwe;Commercial Loans;USD million / percent;2000-Q4;1878,606299;5,035971344;23,77057064;26,26642402;39,55875832;Quarterly;01/01/80
ZWE;Zimbabwe;Commercial Loans;USD million / percent;2001-Q1;1861,501083;4,685848216;21,97208246;13,94199363;32,26002999;Quarterly;01/01/80
ZWE;Zimbabwe;Commercial Loans;USD million / percent;2001-Q2;1880,211748;4,019957487;18,73216733;17,47614775;20,49941318;Quarterly;01/01/80
ZWE;Zimbabwe;Commercial Loans;USD million / percent;2001-Q3;1845,022559;5,342311793;24,77490621;19,41316519;53,5015276;Quarterly;01/01/80
ZWE;Zimbabwe;Commercial Loans;USD million / percent;2001-Q4;1962,658485;5,898438024;28,26416948;40,01536664;47,45578834;Quarterly;01/01/80
ZWE;Zimbabwe;Commercial Loans;USD million / percent;2002-Q1;1955,124722;4,672203085;22,62421374;12,71138302;32,71976746;Quarterly;01/01/80
ZWE;Zimbabwe;Commercial Loans;USD million / percent;2002-Q2;1951,996797;4,789288105;23,43153054;24,69021798;41,85319422;Quarterly;01/01/80
ZWE;Zimbabwe;Commercial Loans;USD million / percent;2002-Q3;1930,461838;5,575858268;27,00904884;27,98339767;31,00543442;Quarterly;01/01/80
ZWE;Zimbabwe;Commercial Loans;USD million / percent;2002-Q4;1933,380381;5,932560377;28,68755934;18,20405919;28,19506743;Quarterly;01/01/80
ZWE;Zimbabwe;Commercial Loans;USD million / percent;2003-Q1;1952,590183;5,85912139;28,45726134;15,84979069;57,14532847;Quarterly;01/01/80
ZWE;Zimbabwe;Commercial Loans;USD million / percent;2003-Q2;1976,96521;5,432848337;26,79223986;23,1348703;36,176614;Quarterly;01/01/80
ZWE;Zimbabwe;Commercial Loans;USD million / percent;2003-Q3;1917,140788;5,457258517;26,55809663;31,15384801;32,43238052;Quarterly;01/01/80
ZWE;Zimbabwe;Commercial Loans;USD million / percent;2003-Q4;1954,346812;5,613720626;27,20073218;44,01518991;18,59882227;Quarterly;01/01/80
ZWE;Zimbabwe;Commercial Loans;USD million / percent;2004-Q1;1982,44363;6,091247917;30,12556289;25,02958123;43,94625109;Quarterly;01/01/80
ZWE;Zimbabwe;Commercial Loans;USD million / percent;2004-Q2;2039,955578;5,723503208;29,03412964;27,84619472;46,43853241;Quarterly;01/01/80
ZWE;Zimbabwe;Commercial Loans;USD million / percent;2004-Q3;2026,863196;5,877533253;29,78360559;19,43177831;29,87332011;Quarterly;01/01/80
ZWE;Zimbabwe;Commercial Loans;USD million / percent;2004-Q4;2049,535604;5,782331461;29,21052065;13,50409731;32,21827693;Quarterly;01/01/80
ZWE;Zimbabwe;Commercial Loans;USD million / percent;2005-Q1;2093,011705;5,588870043;29,2405899;18,5343897;26,33421667;Quarterly;01/01/80
ZWE;Zimbabwe;Commercial Loans;USD million / percent;2005-Q2;2144,884762;4,185215304;22,1835613;39,92496127;39,02350928;Quarterly;01/01/80
ZWE;Zimbabwe;Commercial Loans;USD million / percent;2005-Q3;2134,64683;5,436388889;29,11076226;38,5570419;26,20634138;Quarterly;01/01/80
ZWE;Zimbabwe;Commercial Loans;USD million / percent;2005-Q4;2138,767651;5,352901173;28,93413207;33,65471608;33,29810459;Quarterly;01/01/80
ZWE;Zimbabwe;Commercial Loans;USD million / percent;2006-Q1;2145,270334;5,972510884;32,27133963;14,87411779;37,56513912;Quarterly;01/01/80
ZWE;Zimbabwe;Commercial Loans;USD million / percent;2006-Q2;2165,927053;5,115400442;27,70763816;26,81077917;30,03239754;Quarterly;01/01/80
ZWE;Zimbabwe;Commercial Loans;USD million / percent;2006-Q3;2172,558874;5,45769438;29,68805362;25,90424556;49,61603674;Quarterly;01/01/80
ZWE;Zimbabwe;Commercial Loans;USD million / percent;2006-Q4;2210,81074;6,37763697;35,21100546;28,17044987;13,46759872;Quarterly;01/01/80
ZWE;Zimbabwe;Commercial Loans;USD million / percent;2007-Q1;2258,927617;4,656695003;25,87672984;15,66787638;37,37585133;Quarterly;01/01/80
ZWE;Zimbabwe;Commercial Loans;USD million / percent;2007-Q2;2221,896174;5,303188213;29,52025064;29,91511902;50,21151074;Quarterly;01/01/80
ZWE;Zimbabwe;Commercial Loans;USD million / percent;2007-Q3;2202,159191;6,087261483;33,47883468;5,015642985;29,50814487;Quarterly;01/01/80
ZWE;Zimbabwe;Commercial Loans;USD million / percent;2007-Q4;2219,288315;6,613551684;36,62913589;23,4156581;39,3348796;Quarterly;01/01/80
ZWE;Zimbabwe;Commercial Loans;USD million / percent;2008-Q1;2229,771787;7,277677755;40,16594365;27,7698976;33,83256434;Quarterly;01/01/80
ZWE;Zimbabwe;Commercial Loans;USD million / percent;2008-Q2;2261,071052;5,759389723;32,35228808;27,94502898;19,97957883;Quarterly;01/01/80
ZWE;Zimbabwe;Commercial Loans;USD million / percent;2008-Q3;2256,173046;6,449987117;36,3585605;15,27308948;32,82266628;Quarterly;01/01/80
ZWE;Zimbabwe;Commercial Loans;USD million / percent;2008-Q4;2288,223498;5,14189787;29,23615625;8,878825664;52,74528272;Quarterly;01/01/80
ZWE;Zimbabwe;Commercial Loans;USD million / percent;2009-Q1;2343,023228;7,092961644;41,24391668;45,71504774;37,33531782;Quarterly;01/01/80
ZWE;Zimbabwe;Commercial Loans;USD million / percent;2009-Q2;2298,981383;6,62475054;38,28084826;22,14413226;45,79124995;Quarterly;01/01/80
ZWE;Zimbabwe;Commercial Loans;USD million / percent;2009-Q3;2339,999708;5,723680588;33,38259381;30,69468217;34,39236309;Quarterly;01/01/80
ZWE;Zimbabwe;Commercial Loans;USD million / percent;2009-Q4;2343,52244;5,487643972;32,05057286;18,15486639;49,05246948;Quarterly;01/01/80
ZWE;Zimbabwe;Commercial Loans;USD million / percent;2010-Q1;2346,699958;4,721699509;27,56286958;5,126389221;48,7516921;Quarterly;01/01/80
ZWE;Zimbabwe;Commercial Loans;USD million / percent;2010-Q2;2350,290446;4,665120513;27,61337388;9,220553423;20,21459849;Quarterly;01/01/80
ZWE;Zimbabwe;Commercial Loans;USD million / percent;2010-Q3;2422,092836;5,125625551;30,68657759;14,75844851;13,10082389;Quarterly;01/01/80
ZWE;Zimbabwe;Commercial Loans;USD million / percent;2010-Q4;2415,451251;4,894645935;29,56277028;27,24631964;34,26030008;Quarterly;01/01/80
ZWE;Zimbabwe;Commercial Loans;USD million / percent;2011-Q1;2409,460028;4,335971137;26,0339223;24,07744258;23,96479498;Quarterly;01/01/80
ZWE;Zimbabwe;Commercial Loans;USD million / percent;2011-Q2;2440,779491;5,819272889;35,10249037;34,4564795;36,69143095;Quarterly;01/01/80
ZWE;Zimbabwe;Commercial Loans;USD million / percent;2011-Q3;2444,60563;4,312707229;26,21574662;17,20546017;34,40751037;Quarterly;01/01/80
ZWE;Zimbabwe;Commercial Loans;USD million / percent;2011-Q4;2439,698177;5,409317142;32,78157287;26,87391471;15,60423764;Quarterly;01/01/80
ZWE;Zimbabwe;Commercial Loans;USD million / percent;2012-Q1;2502,153005;6,190864352;38,38335446;32,72696664;32,18916242;Quarterly;01/01/80
ZWE;Zimbabwe;Commercial Loans;USD million / percent;2012-Q2;2483,87738;5,403227937;33,72990242;29,89608042;54,48714264;Quarterly;01/01/80
ZWE;Zimbabwe;Commercial Loans;USD million / percent;2012-Q3;2517,787604;5,124000902;32,07463875;26,35754608;20,92150939;Quarterly;01/01/80
ZWE;Zimbabwe;Commercial Loans;USD million / percent;2012-Q4;2557,963596;4,942961822;31,57285195;34,83807142;21,53580731;Quarterly;01/01/80
ZWE;Zimbabwe;Commercial Loans;USD million / percent;2013-Q1;2594,178404;5,404124758;34,76956197;26,38478558;35,28892944;Quarterly;01/01/80
ZWE;Zimbabwe;Commercial Loans;USD million / percent;2013-Q2;2562,258261;5,27247954;33,89434721;31,24892101;62,89170742;Quarterly;01/01/80
ZWE;Zimbabwe;Commercial Loans;USD million / percent;2013-Q3;2563,16737;6,184217426;39,63884477;16,26629686;39,43521414;Quarterly;01/01/80
ZWE;Zimbabwe;Commercial Loans;USD million / percent;2013-Q4;2581,637581;6,300153177;40,32989626;22,60648201;32,7289772;Quarterly;01/01/80
ZWE;Zimbabwe;Commercial Loans;USD million / percent;2014-Q1;2610,199429;6,554079637;42,36718624;28,95061923;17,13541626;Quarterly;01/01/80
ZWE;Zimbabwe;Commercial Loans;USD million / percent;2014-Q2;2599,973278;6,05935452;39,36907887;30,94519731;36,84096658;Quarterly;01/01/80
ZWE;Zimbabwe;Commercial Loans;USD million / percent;2014-Q3;2615,406062;5,894953183;38,5354;23,48642269;47,37593412;Quarterly;01/01/80
ZWE;Zimbabwe;Commercial Loans;USD million / percent;2014-Q4;2578,456919;5,125148054;33,24232434;29,59764442;36,87456262;Quarterly;01/01/80
ZWE;Zimbabwe;Commercial Loans;USD million / percent;2015-Q1;2549,676576;5,43670869;34,73595055;26,3024316;62,95544514;Quarterly;01/01/80
ZWE;Zimbabwe;Commercial Loans;USD million / percent;2015-Q2;2530,444018;5,349278122;34,08496166;31,63665876;32,61877094;Quarterly;01/01/80
ZWE;Zimbabwe;Commercial Loans;USD million / percent;2015-Q3;2504,909009;5,399335001;33,81269555;20,34117013;34,25816655;Quarterly;01/01/80
ZWE;Zimbabwe;Commercial Loans;USD million / percent;2015-Q4;2548,608209;3,905819634;24,60742959;34,60485896;27,58747355;Quarterly;01/01/80
ZWE;Zimbabwe;Commercial Loans;USD million / percent;2016-Q1;2571,835278;6,065312391;38,72831249;35,89094756;13,66306287;Quarterly;01/01/80
ZWE;Zimbabwe;Commercial Loans;USD million / percent;2016-Q2;2581,625325;5,947534581;38,44928131;18,75104373;27,80114331;Quarterly;01/01/80
ZWE;Zimbabwe;Commercial Loans;USD million / percent;2016-Q3;2549,503183;5,532991249;35,63650385;14,28727595;32,59066911;Quarterly;01/01/80
ZWE;Zimbabwe;Commercial Loans;USD million / percent;2016-Q4;2596,085621;5,866997774;37,67622812;14,60145506;24,07721133;Quarterly;01/01/80
ZWE;Zimbabwe;Commercial Loans;USD million / percent;2017-Q1;2574,108202;6,558196428;42,07986712;25,64333029;37,6498585;Quarterly;01/01/80
ZWE;Zimbabwe;Commercial Loans;USD million / percent;2017-Q2;2569,238383;5,186000197;33,31895557;27,10165122;15,82975529;Quarterly;01/01/80
ZWE;Zimbabwe;Commercial Loans;USD million / percent;2017-Q3;2617,321736;5,250433959;33,81884046;38,17507571;44,65060374;Quarterly;01/01/80
ZWE;Zimbabwe;Commercial Loans;USD million / percent;2017-Q4;2656,779827;5,652166957;37,37345659;31,3390108;22,84838624;Quarterly;01/01/80
ZWE;Zimbabwe;Commercial Loans;USD million / percent;2018-Q1;2624,172577;5,705669142;37,72966125;37,2833963;27,68147256;Quarterly;01/01/80
ZWE;Zimbabwe;Commercial Loans;USD million / percent;2018-Q2;2646,55177;4,619609684;30,40214082;22,755711;36,49234381;Quarterly;01/01/80
ZWE;Zimbabwe;Commercial Loans;USD million / percent;2018-Q3;2625,699337;4,346467246;28,64364396;27,05167445;24,04564906;Quarterly;01/01/80
ZWE;Zimbabwe;Commercial Loans;USD million / percent;2018-Q4;2566,494595;5,334571925;34,69438394;27,45835595;29,40823027;Quarterly;01/01/80
ZWE;Zimbabwe;Commercial Loans;USD million / percent;2019-Q1;2571,427302;5,992441065;38,37234371;21,50284643;40,91228006;Quarterly;01/01/80
ZWE;Zimbabwe;Commercial Loans;USD million / percent;2019-Q2;2598,819376;6,673474705;43,32365878;37,88458885;53,36841021;Quarterly;01/01/80
ZWE;Zimbabwe;Commercial Loans;USD million / percent;2019-Q3;2609,770373;4,281372526;28,01799504;23,31691173;59,75970166;Quarterly;01/01/80
ZWE;Zimbabwe;Commercial Loans;USD million / percent;2019-Q4;2636,526038;5,039501946;33,32305148;20,06145833;49,63698933;Quarterly;01/01/80
ZWE;Zimbabwe;Commercial Loans;USD million / percent;2020-Q1;2668,847815;4,991153978;33,07284435;33,84255356;57,86222816;Quarterly;01/01/80
ZWE;Zimbabwe;Commercial Loans;USD million / percent;2020-Q2;2693,394981;6,019951352;40,47501425;20,21139959;31,98963976;Quarterly;01/01/80
ZWE;Zimbabwe;Commercial Loans;USD million / percent;2020-Q3;2753,758615;4,267682373;29,09856223;32,74945665;43,18120779;Quarterly;01/01/80
ZWE;Zimbabwe;Commercial Loans;USD million / percent;2020-Q4;2783,523017;4,749532258;32,93414106;23,83875343;22,11990442;Quarterly;01/01/80
ZWE;Zimbabwe;Commercial Loans;USD million / percent;2021-Q1;2772,763112;6,011030487;41,52094313;17,96567112;57,2711054;Quarterly;01/01/80
ZWE;Zimbabwe;Commercial Loans;USD million / percent;2021-Q2;2826,414793;5,087669345;35,75785998;34,68179151;19,48751743;Quarterly;01/01/80
ZWE;Zimbabwe;Commercial Loans;USD million / percent;2021-Q3;2821,65932;5,480375887;38,8072121;9,44575791;35,45256366;Quarterly;01/01/80
ZWE;Zimbabwe;Commercial Loans;USD million / percent;2021-Q4;2863,169802;6,02198024;42,94173113;31,42270453;63,61058913;Quarterly;01/01/80
ZWE;Zimbabwe;Commercial Loans;USD million / percent;2022-Q1;2848,341822;4,717582938;33,69700264;14,94797406;28,1666801;Quarterly;01/01/80
ZWE;Zimbabwe;Commercial Loans;USD million / percent;2022-Q2;2861,405352;4,962816402;35,44404447;21,41290347;32,16813954;Quarterly;01/01/80
ZWE;Zimbabwe;Commercial Loans;USD million / percent;2022-Q3;2866,197446;5,848214341;41,84417699;38,38315244;20,06912816;Quarterly;01/01/80
ZWE;Zimbabwe;Commercial Loans;USD million / percent;2022-Q4;2850,426138;6,732314304;48,04043137;20,47897454;31,93852655;Quarterly;01/01/80
ZWE;Zimbabwe;Commercial Loans;USD million / percent;2023-Q1;2825,36516;6,349040243;44,88507995;23,26251492;22,33946233;Quarterly;01/01/80
ZWE;Zimbabwe;Commercial Loans;USD million / percent;2023-Q2;2825,675506;5,054001608;35,82738178;14,7001229;38,69459677;Quarterly;01/01/80
ZWE;Zimbabwe;Commercial Loans;USD million / percent;2023-Q3;2840,975001;5,361624786;38,10733209;26,37606312;29,0202693;Quarterly;01/01/80
ZWE;Zimbabwe;Commercial Loans;USD million / percent;2023-Q4;2879,549875;5,297541395;38,20810862;10,01139801;57,57192182;Quarterly;01/01/80
ZWE;Zimbabwe;Commercial Loans;USD million / percent;2024-Q1;2866,882338;6,218917321;44,67304934;23,59783019;31,02996569;Quarterly;01/01/80
ZWE;Zimbabwe;Commercial Loans;USD million / percent;2024-Q2;2919,68059;4,845099265;35,10898054;19,17533332;27,30422038;Quarterly;01/01/80
ZWE;Zimbabwe;Commercial Loans;USD million / percent;2024-Q3;2918,474694;5,841394252;42,51828404;22,28952418;22,39533936;Quarterly;01/01/80
ZWE;Zimbabwe;Commercial Loans;USD million / percent;2024-Q4;2951,237152;4,930800747;36,30501261;22,94212982;39,38695649;Quarterly;01/01/80
ZWE;Zimbabwe;Commercial Loans;USD million / percent;2025-Q1;2964,079008;5,912264418;43,79595931;32,39657509;22,19909683;Quarterly;01/01/80
ZWE;Zimbabwe;Commercial Loans;USD million / percent;2025-Q2;2998,166654;5,488614326;40,85894552;18,34628214;50,3092214;Quarterly;01/01/80
ZWE;Zimbabwe;Commercial Loans;USD million / percent;2025-Q3;3007,67179;5,827801743;43,67219598;26,29385012;46,14569877;Quarterly;01/01/80
ZWE;Zimbabwe;Commercial Loans;USD million / percent;2025-Q4;3031,989432;6,451615479;48,51594701;36,95686163;28,03552819;Quarterly;01/01/80
ZWE;Zimbabwe;Commercial Loans;USD million / percent;2026-Q1;3040,194807;4,708328231;35,76350295;21,16111752;18,28646231;Quarterly;01/01/80
ZWE;Zimbabwe;Commercial Loans;USD million / percent;2026-Q2;3029,369128;4,231647619;32,31662305;15,4520433;34,03556214;Quarterly;01/01/80
ZWE;Zimbabwe;Commercial Loans;USD million / percent;2026-Q3;3110,153972;4,397062134;33,87254099;20,92317091;35,3639744;Quarterly;01/01/80
ZWE;Zimbabwe;Eurobonds;USD million / percent;1980-Q1;985,4855128;5,520663642;13,44059097;20,680104;39,99311901;Quarterly;01/01/80
ZWE;Zimbabwe;Eurobonds;USD million / percent;1980-Q2;1031,059053;4,859144227;12,33126646;40,01767501;36,01068817;Quarterly;01/01/80
ZWE;Zimbabwe;Eurobonds;USD million / percent;1980-Q3;1050,563909;5,612651793;14,32907139;16,46949689;19,73359674;Quarterly;01/01/80
ZWE;Zimbabwe;Eurobonds;USD million / percent;1980-Q4;1048,76756;5,749949556;15,19475156;29,72990766;56,89393204;Quarterly;01/01/80
ZWE;Zimbabwe;Eurobonds;USD million / percent;1981-Q1;1037,738671;5,546912007;14,39709723;27,74689292;29,68894243;Quarterly;01/01/80
ZWE;Zimbabwe;Eurobonds;USD million / percent;1981-Q2;1052,387179;5,839225675;15,53790481;31,81054227;31,20999352;Quarterly;01/01/80
ZWE;Zimbabwe;Eurobonds;USD million / percent;1981-Q3;1031,027762;4,882021698;12,49028103;26,15536916;34,83316884;Quarterly;01/01/80
ZWE;Zimbabwe;Eurobonds;USD million / percent;1981-Q4;1018,554993;6,081298903;15,77361244;39,81494838;41,14718873;Quarterly;01/01/80
ZWE;Zimbabwe;Eurobonds;USD million / percent;1982-Q1;1084,00872;5,315533857;14,36818078;21,22031861;20,74962853;Quarterly;01/01/80
ZWE;Zimbabwe;Eurobonds;USD million / percent;1982-Q2;1131,965796;5,434737696;14,99290776;21,16228533;40,05108562;Quarterly;01/01/80
ZWE;Zimbabwe;Eurobonds;USD million / percent;1982-Q3;1158,778939;5,516319521;15,99370137;24,03547581;27,84360697;Quarterly;01/01/80
ZWE;Zimbabwe;Eurobonds;USD million / percent;1982-Q4;1152,434006;5,820862193;16,79718257;22,39473906;28,12204577;Quarterly;01/01/80
ZWE;Zimbabwe;Eurobonds;USD million / percent;1983-Q1;1173,20819;6,332644318;18,22570202;32,2187858;34,94470704;Quarterly;01/01/80
ZWE;Zimbabwe;Eurobonds;USD million / percent;1983-Q2;1155,081818;6,600658379;19,02079814;24,04740582;43,64101266;Quarterly;01/01/80
ZWE;Zimbabwe;Eurobonds;USD million / percent;1983-Q3;1156,254419;6,211909858;17,83240833;12,64599539;30,33092806;Quarterly;01/01/80
ZWE;Zimbabwe;Eurobonds;USD million / percent;1983-Q4;1162,549996;5,627335163;16,45261371;21,27279744;58,00149752;Quarterly;01/01/80
ZWE;Zimbabwe;Eurobonds;USD million / percent;1984-Q1;1122,675096;5,470450784;15,70832172;21,94855784;36,43100821;Quarterly;01/01/80
ZWE;Zimbabwe;Eurobonds;USD million / percent;1984-Q2;1124,972993;6,321067619;17,96368285;12,000776;35,6201209;Quarterly;01/01/80
ZWE;Zimbabwe;Eurobonds;USD million / percent;1984-Q3;1203,354802;4,608310756;13,49878516;16,94052142;38,58181668;Quarterly;01/01/80
ZWE;Zimbabwe;Eurobonds;USD million / percent;1984-Q4;1193,951408;5,01713365;15,01138587;17,99581804;26,96178653;Quarterly;01/01/80
ZWE;Zimbabwe;Eurobonds;USD million / percent;1985-Q1;1266,071167;6,477713312;20,34603513;25,02551669;50,67120698;Quarterly;01/01/80
ZWE;Zimbabwe;Eurobonds;USD million / percent;1985-Q2;1303,934108;6,172458845;19,95854701;39,34926354;52,15250794;Quarterly;01/01/80
ZWE;Zimbabwe;Eurobonds;USD million / percent;1985-Q3;1345,335066;4,769746282;15,72092974;25,37257392;25,52948241;Quarterly;01/01/80
ZWE;Zimbabwe;Eurobonds;USD million / percent;1985-Q4;1420,490264;5,221648071;18,11599857;17,14857893;21,93169991;Quarterly;01/01/80
ZWE;Zimbabwe;Eurobonds;USD million / percent;1986-Q1;1465,437487;5,79985931;21,38570341;27,67749492;3,240280679;Quarterly;01/01/80
ZWE;Zimbabwe;Eurobonds;USD million / percent;1986-Q2;1516,620695;4,689509145;17,81069156;25,17441497;37,09596487;Quarterly;01/01/80
ZWE;Zimbabwe;Eurobonds;USD million / percent;1986-Q3;1504,032132;6,550897191;24,75790628;11,78832746;24,80589641;Quarterly;01/01/80
ZWE;Zimbabwe;Eurobonds;USD million / percent;1986-Q4;1433,791152;5,561286954;20,27167201;26,53712203;32,39793166;Quarterly;01/01/80
ZWE;Zimbabwe;Eurobonds;USD million / percent;1987-Q1;1428,818959;5,058122736;18,15658626;29,11411332;33,37269416;Quarterly;01/01/80
ZWE;Zimbabwe;Eurobonds;USD million / percent;1987-Q2;1462,318312;5,641848036;20,3320693;19,30858829;51,17816279;Quarterly;01/01/80
ZWE;Zimbabwe;Eurobonds;USD million / percent;1987-Q3;1446,951266;5,952232408;21,754287;6,168632714;40,37818598;Quarterly;01/01/80
ZWE;Zimbabwe;Eurobonds;USD million / percent;1987-Q4;1422,059606;5,241683199;18,78593042;25,97050426;27,30152099;Quarterly;01/01/80
ZWE;Zimbabwe;Eurobonds;USD million / percent;1988-Q1;1448,201385;5,543148275;20,02702095;26,80108959;21,61651489;Quarterly;01/01/80
ZWE;Zimbabwe;Eurobonds;USD million / percent;1988-Q2;1436,705022;5,316598867;19,11126721;28,05879473;26,74693214;Quarterly;01/01/80
ZWE;Zimbabwe;Eurobonds;USD million / percent;1988-Q3;1394,10045;6,376828214;22,59244863;26,63748917;30,80470237;Quarterly;01/01/80
ZWE;Zimbabwe;Eurobonds;USD million / percent;1988-Q4;1370,677935;5,315386774;18,17228248;32,09591982;36,32478003;Quarterly;01/01/80
ZWE;Zimbabwe;Eurobonds;USD million / percent;1989-Q1;1354,718052;6,269945905;21,12171776;28,6791362;51,74531273;Quarterly;01/01/80
ZWE;Zimbabwe;Eurobonds;USD million / percent;1989-Q2;1340,180146;5,72629446;19,20795916;27,51757824;45,97177608;Quarterly;01/01/80
ZWE;Zimbabwe;Eurobonds;USD million / percent;1989-Q3;1344,770127;5,07804189;16,92232333;40,00420225;19,28440074;Quarterly;01/01/80
ZWE;Zimbabwe;Eurobonds;USD million / percent;1989-Q4;1370,046568;5,23389154;17,76641482;27,401678;27,05404855;Quarterly;01/01/80
ZWE;Zimbabwe;Eurobonds;USD million / percent;1990-Q1;1349,400567;4,395048446;15,00057517;25,31596515;29,67221119;Quarterly;01/01/80
ZWE;Zimbabwe;Eurobonds;USD million / percent;1990-Q2;1389,137747;4,664426423;16,06063731;29,76379786;29,11347454;Quarterly;01/01/80
ZWE;Zimbabwe;Eurobonds;USD million / percent;1990-Q3;1420,402886;5,674769947;20,05922758;19,8194441;36,88940424;Quarterly;01/01/80
ZWE;Zimbabwe;Eurobonds;USD million / percent;1990-Q4;1408,747212;4,950077819;17,42525464;20,66077779;54,57720045;Quarterly;01/01/80
ZWE;Zimbabwe;Eurobonds;USD million / percent;1991-Q1;1419,846899;5,289303044;18,6381318;26,7871734;32,30958008;Quarterly;01/01/80
ZWE;Zimbabwe;Eurobonds;USD million / percent;1991-Q2;1417,648611;5,470125288;19,28025386;29,86352226;22,14090414;Quarterly;01/01/80
ZWE;Zimbabwe;Eurobonds;USD million / percent;1991-Q3;1425,877713;5,791997638;20,49286414;28,59239197;27,11211413;Quarterly;01/01/80
ZWE;Zimbabwe;Eurobonds;USD million / percent;1991-Q4;1422,293442;5,18626693;18,33507023;41,42597258;19,15189716;Quarterly;01/01/80
ZWE;Zimbabwe;Eurobonds;USD million / percent;1992-Q1;1464,625922;5,646834166;20,5671977;38,40864186;40,1416338;Quarterly;01/01/80
ZWE;Zimbabwe;Eurobonds;USD million / percent;1992-Q2;1487,085506;4,945888167;18,50931425;17,08621793;42,49846653;Quarterly;01/01/80
ZWE;Zimbabwe;Eurobonds;USD million / percent;1992-Q3;1445,921089;7,057374485;25,74845153;27,49829157;34,61349534;Quarterly;01/01/80
ZWE;Zimbabwe;Eurobonds;USD million / percent;1992-Q4;1414,666688;5,989369141;21,33908622;47,65224584;26,453575;Quarterly;01/01/80
ZWE;Zimbabwe;Eurobonds;USD million / percent;1993-Q1;1471,902192;5,664257462;20,25377109;22,96497884;51,49469707;Quarterly;01/01/80
ZWE;Zimbabwe;Eurobonds;USD million / percent;1993-Q2;1471,988544;5,445920928;19,85392331;39,57743159;16,0779583;Quarterly;01/01/80
ZWE;Zimbabwe;Eurobonds;USD million / percent;1993-Q3;1473,423558;5,504524986;20,23116698;25,37712288;35,46538129;Quarterly;01/01/80
ZWE;Zimbabwe;Eurobonds;USD million / percent;1993-Q4;1471,743991;5,305682559;19,55635217;22,76186099;33,77309075;Quarterly;01/01/80
ZWE;Zimbabwe;Eurobonds;USD million / percent;1994-Q1;1483,051941;5,93661372;21,95917913;20,56431457;29,87028893;Quarterly;01/01/80
ZWE;Zimbabwe;Eurobonds;USD million / percent;1994-Q2;1477,420726;5,269072975;19,69103029;21,14216898;35,73877359;Quarterly;01/01/80
ZWE;Zimbabwe;Eurobonds;USD million / percent;1994-Q3;1513,296446;5,872607991;22,14699942;13,28009135;40,47844749;Quarterly;01/01/80
ZWE;Zimbabwe;Eurobonds;USD million / percent;1994-Q4;1501,334473;5,092675131;19,19420898;12,99917317;13,36796666;Quarterly;01/01/80
ZWE;Zimbabwe;Eurobonds;USD million / percent;1995-Q1;1500,226353;3,927503252;14,76216273;24,53637352;16,82548725;Quarterly;01/01/80
ZWE;Zimbabwe;Eurobonds;USD million / percent;1995-Q2;1520,940896;3,953026732;15,01586577;21,66443083;65,90695775;Quarterly;01/01/80
ZWE;Zimbabwe;Eurobonds;USD million / percent;1995-Q3;1566,7728;5,589575322;21,65754192;9,187319128;40,57691439;Quarterly;01/01/80
ZWE;Zimbabwe;Eurobonds;USD million / percent;1995-Q4;1525,089275;5,436274662;20,8041364;33,38579121;29,82002299;Quarterly;01/01/80
ZWE;Zimbabwe;Eurobonds;USD million / percent;1996-Q1;1491,661322;6,251318809;23,56728474;26,15226444;28,46957395;Quarterly;01/01/80
ZWE;Zimbabwe;Eurobonds;USD million / percent;1996-Q2;1474,126387;4,855510536;17,98639058;26,23854788;43,02178384;Quarterly;01/01/80
ZWE;Zimbabwe;Eurobonds;USD million / percent;1996-Q3;1534,817177;5,487210964;20,88509707;41,96688389;33,23628445;Quarterly;01/01/80
ZWE;Zimbabwe;Eurobonds;USD million / percent;1996-Q4;1541,948689;4,854150174;18,7010777;19,80329423;36,95550381;Quarterly;01/01/80
ZWE;Zimbabwe;Eurobonds;USD million / percent;1997-Q1;1539,259117;6,215903599;24,04464815;33,56171262;57,23339871;Quarterly;01/01/80
ZWE;Zimbabwe;Eurobonds;USD million / percent;1997-Q2;1531,426816;5,466679105;21,11395056;31,22851613;39,70896186;Quarterly;01/01/80
ZWE;Zimbabwe;Eurobonds;USD million / percent;1997-Q3;1474,912943;5,46590413;20,43695576;24,57764247;31,81014446;Quarterly;01/01/80
ZWE;Zimbabwe;Eurobonds;USD million / percent;1997-Q4;1384,932823;5,456246104;19,21482182;18,30994218;24,80164183;Quarterly;01/01/80
ZWE;Zimbabwe;Eurobonds;USD million / percent;1998-Q1;1433,015161;5,036159087;17,75319943;21,29057615;52,04407028;Quarterly;01/01/80
ZWE;Zimbabwe;Eurobonds;USD million / percent;1998-Q2;1430,055678;7,117397112;25,62610128;24,5735536;38,18001035;Quarterly;01/01/80
ZWE;Zimbabwe;Eurobonds;USD million / percent;1998-Q3;1444,050853;5,099405416;18,37346662;28,89795185;35,50370136;Quarterly;01/01/80
ZWE;Zimbabwe;Eurobonds;USD million / percent;1998-Q4;1440,543032;5,250396006;18,77794429;16,7935162;52,0260703;Quarterly;01/01/80
ZWE;Zimbabwe;Eurobonds;USD million / percent;1999-Q1;1465,11944;5,353439;19,47488659;20,07013666;30,06372528;Quarterly;01/01/80
ZWE;Zimbabwe;Eurobonds;USD million / percent;1999-Q2;1521,289553;4,594176598;17,38202857;40,30957662;44,40720824;Quarterly;01/01/80
ZWE;Zimbabwe;Eurobonds;USD million / percent;1999-Q3;1458,927696;6,172170111;23,02067569;29,24762075;52,6624144;Quarterly;01/01/80
ZWE;Zimbabwe;Eurobonds;USD million / percent;1999-Q4;1438,557725;6,896484063;24,93192139;26,6474159;49,19737298;Quarterly;01/01/80
ZWE;Zimbabwe;Eurobonds;USD million / percent;2000-Q1;1470,267759;4,370113108;15,90715065;13,40695988;16,51878893;Quarterly;01/01/80
ZWE;Zimbabwe;Eurobonds;USD million / percent;2000-Q2;1394,103993;5,48437846;19,4546769;16,79187505;46,10067765;Quarterly;01/01/80
ZWE;Zimbabwe;Eurobonds;USD million / percent;2000-Q3;1389,347387;5,703468586;19,83919849;28,63884924;45,50282702;Quarterly;01/01/80
ZWE;Zimbabwe;Eurobonds;USD million / percent;2000-Q4;1361,625545;5,444907242;18,62209643;54,24264267;40,97241175;Quarterly;01/01/80
ZWE;Zimbabwe;Eurobonds;USD million / percent;2001-Q1;1319,436132;6,286899222;21,12121667;45,99367703;18,58001366;Quarterly;01/01/80
ZWE;Zimbabwe;Eurobonds;USD million / percent;2001-Q2;1270,493278;5,78104139;18,68693969;30,09561855;50,43778459;Quarterly;01/01/80
ZWE;Zimbabwe;Eurobonds;USD million / percent;2001-Q3;1253,691914;5,362768101;16,86441236;25,18706822;40,01915761;Quarterly;01/01/80
ZWE;Zimbabwe;Eurobonds;USD million / percent;2001-Q4;1225,726436;3,417380746;10,56796931;16,7729059;34,39963444;Quarterly;01/01/80
ZWE;Zimbabwe;Eurobonds;USD million / percent;2002-Q1;1236,88444;5,36624726;16,50311349;17,54267926;37,7677625;Quarterly;01/01/80
ZWE;Zimbabwe;Eurobonds;USD million / percent;2002-Q2;1207,192504;5,469109552;16,58297407;21,89798;44,78188257;Quarterly;01/01/80
ZWE;Zimbabwe;Eurobonds;USD million / percent;2002-Q3;1212,926217;6,111193871;18,52750227;25,02603178;38,85157902;Quarterly;01/01/80
ZWE;Zimbabwe;Eurobonds;USD million / percent;2002-Q4;1139,360831;6,10384808;17,75810765;13,33478918;41,66286655;Quarterly;01/01/80
ZWE;Zimbabwe;Eurobonds;USD million / percent;2003-Q1;1197,593577;5,808457927;16,86725551;12,97497265;41,86232778;Quarterly;01/01/80
ZWE;Zimbabwe;Eurobonds;USD million / percent;2003-Q2;1174,660679;6,173970318;18,14093839;15,74397682;55,07503401;Quarterly;01/01/80
ZWE;Zimbabwe;Eurobonds;USD million / percent;2003-Q3;1134,829658;5,259525699;15,2166729;30,10910484;55,43814318;Quarterly;01/01/80
ZWE;Zimbabwe;Eurobonds;USD million / percent;2003-Q4;1164,484971;5,700926921;16,28752976;26,37141111;40,94258472;Quarterly;01/01/80
ZWE;Zimbabwe;Eurobonds;USD million / percent;2004-Q1;1178,856652;5,571293398;16,47991852;14,64324485;34,30072984;Quarterly;01/01/80
ZWE;Zimbabwe;Eurobonds;USD million / percent;2004-Q2;1219,798075;5,314624647;16,11949389;19,50764564;43,10177863;Quarterly;01/01/80
ZWE;Zimbabwe;Eurobonds;USD million / percent;2004-Q3;1205,31911;5,156183778;15,38261861;37,32370803;28,11851593;Quarterly;01/01/80
ZWE;Zimbabwe;Eurobonds;USD million / percent;2004-Q4;1235,724347;5,047052224;15,58863883;13,0558284;48,69021932;Quarterly;01/01/80
ZWE;Zimbabwe;Eurobonds;USD million / percent;2005-Q1;1280,885119;5,631581341;17,7839463;31,35400314;31,20676057;Quarterly;01/01/80
ZWE;Zimbabwe;Eurobonds;USD million / percent;2005-Q2;1312,691758;6,116046045;19,73116163;17,74924114;46,06939895;Quarterly;01/01/80
ZWE;Zimbabwe;Eurobonds;USD million / percent;2005-Q3;1282,107314;5,744986519;18,39032568;30,55365671;33,87950315;Quarterly;01/01/80
ZWE;Zimbabwe;Eurobonds;USD million / percent;2005-Q4;1297,744913;5,019071482;16,23414729;14,14677886;9,757021257;Quarterly;01/01/80
ZWE;Zimbabwe;Eurobonds;USD million / percent;2006-Q1;1303,542564;5,551813191;18,22281046;24,16528776;38,56426552;Quarterly;01/01/80
ZWE;Zimbabwe;Eurobonds;USD million / percent;2006-Q2;1226,223876;5,756371161;17,89893943;34,37391271;37,27905564;Quarterly;01/01/80
ZWE;Zimbabwe;Eurobonds;USD million / percent;2006-Q3;1242,850694;6,373390052;19,48739472;19,31169644;37,21247562;Quarterly;01/01/80
ZWE;Zimbabwe;Eurobonds;USD million / percent;2006-Q4;1255,267557;5,503668312;17,37142376;27,57228819;24,03838415;Quarterly;01/01/80
ZWE;Zimbabwe;Eurobonds;USD million / percent;2007-Q1;1266,40873;5,567845789;17,75462049;37,71729624;8,131488445;Quarterly;01/01/80
ZWE;Zimbabwe;Eurobonds;USD million / percent;2007-Q2;1227,300026;4,596697071;14,19414605;36,78734151;51,19180431;Quarterly;01/01/80
ZWE;Zimbabwe;Eurobonds;USD million / percent;2007-Q3;1236,112229;5,724939794;17,66032532;19,35920284;57,38645144;Quarterly;01/01/80
ZWE;Zimbabwe;Eurobonds;USD million / percent;2007-Q4;1207,47115;5,339556856;16,26913564;19,96875655;40,98481538;Quarterly;01/01/80
ZWE;Zimbabwe;Eurobonds;USD million / percent;2008-Q1;1259,014315;5,054362888;15,77395735;27,46090763;44,10543766;Quarterly;01/01/80
ZWE;Zimbabwe;Eurobonds;USD million / percent;2008-Q2;1323,340621;5,163395137;16,74855271;18,51627312;18,49311207;Quarterly;01/01/80
ZWE;Zimbabwe;Eurobonds;USD million / percent;2008-Q3;1284,789003;5,910768792;19,12500489;6,070130767;29,49486314;Quarterly;01/01/80
ZWE;Zimbabwe;Eurobonds;USD million / percent;2008-Q4;1289,995187;5,828277728;18,68209368;36,99200023;44,60935783;Quarterly;01/01/80
ZWE;Zimbabwe;Eurobonds;USD million / percent;2009-Q1;1252,058656;6,591510754;20,9037765;17,02391602;20,87727718;Quarterly;01/01/80
ZWE;Zimbabwe;Eurobonds;USD million / percent;2009-Q2;1234,865481;7,590833936;23,80453859;35,27789843;26,26021905;Quarterly;01/01/80
ZWE;Zimbabwe;Eurobonds;USD million / percent;2009-Q3;1258,090488;6,366043065;20,16628227;26,94724065;28,34375813;Quarterly;01/01/80
ZWE;Zimbabwe;Eurobonds;USD million / percent;2009-Q4;1325,390202;6,369009681;20,99827529;28,79402852;20,88717029;Quarterly;01/01/80
ZWE;Zimbabwe;Eurobonds;USD million / percent;2010-Q1;1395,972609;5,481002224;18,89045513;22,18143855;34,85764108;Quarterly;01/01/80
ZWE;Zimbabwe;Eurobonds;USD million / percent;2010-Q2;1388,327311;5,549310322;19,50612252;8,945613134;37,66130149;Quarterly;01/01/80
ZWE;Zimbabwe;Eurobonds;USD million / percent;2010-Q3;1435,133093;6,788124662;24,26978202;21,72544004;67,19173701;Quarterly;01/01/80
ZWE;Zimbabwe;Eurobonds;USD million / percent;2010-Q4;1387,844555;5,516919535;19,31234433;20,28177582;6,980040994;Quarterly;01/01/80
ZWE;Zimbabwe;Eurobonds;USD million / percent;2011-Q1;1313,306251;7,64559183;25,77262395;29,29059602;35,14869448;Quarterly;01/01/80
ZWE;Zimbabwe;Eurobonds;USD million / percent;2011-Q2;1338,031526;5,775207892;19,47415943;23,00779875;43,88110035;Quarterly;01/01/80
ZWE;Zimbabwe;Eurobonds;USD million / percent;2011-Q3;1331,209659;5,265009688;17,4034512;14,25713954;22,1106174;Quarterly;01/01/80
ZWE;Zimbabwe;Eurobonds;USD million / percent;2011-Q4;1316,388015;6,35404362;21,27941447;18,04474591;54,85974842;Quarterly;01/01/80
ZWE;Zimbabwe;Eurobonds;USD million / percent;2012-Q1;1366,903249;6,119155522;20,6094845;17,01611469;42,48182874;Quarterly;01/01/80
ZWE;Zimbabwe;Eurobonds;USD million / percent;2012-Q2;1333,3499;5,261646654;17,75873821;14,13182331;39,29556267;Quarterly;01/01/80
ZWE;Zimbabwe;Eurobonds;USD million / percent;2012-Q3;1385,794676;5,39548395;18,34830223;17,47331128;15,18100838;Quarterly;01/01/80
ZWE;Zimbabwe;Eurobonds;USD million / percent;2012-Q4;1386,798777;6,310297019;21,84173307;32,20183746;27,77193566;Quarterly;01/01/80
ZWE;Zimbabwe;Eurobonds;USD million / percent;2013-Q1;1369,012295;6,003503044;20,42480741;19,26636167;29,41046533;Quarterly;01/01/80
ZWE;Zimbabwe;Eurobonds;USD million / percent;2013-Q2;1417,672689;5,200263298;18,16947838;23,95250165;23,93870823;Quarterly;01/01/80
ZWE;Zimbabwe;Eurobonds;USD million / percent;2013-Q3;1367,910292;5,407214607;18,86504391;6,807394136;40,53860136;Quarterly;01/01/80
ZWE;Zimbabwe;Eurobonds;USD million / percent;2013-Q4;1337,227122;4,694084231;15,61960745;29,28804386;40,30866615;Quarterly;01/01/80
ZWE;Zimbabwe;Eurobonds;USD million / percent;2014-Q1;1297,375825;6,036575476;19,97072201;34,86259032;40,65454213;Quarterly;01/01/80
ZWE;Zimbabwe;Eurobonds;USD million / percent;2014-Q2;1393,711278;6,493018373;22,05172548;20,97850813;23,32555641;Quarterly;01/01/80
ZWE;Zimbabwe;Eurobonds;USD million / percent;2014-Q3;1418,33105;4,255775869;15,07970327;30,287467;5,677920927;Quarterly;01/01/80
ZWE;Zimbabwe;Eurobonds;USD million / percent;2014-Q4;1395,05106;6,012000131;20,96032078;21,50892416;25,67449655;Quarterly;01/01/80
ZWE;Zimbabwe;Eurobonds;USD million / percent;2015-Q1;1480,834573;5,546227647;20,17827028;24,40327027;15,65202919;Quarterly;01/01/80
ZWE;Zimbabwe;Eurobonds;USD million / percent;2015-Q2;1510,020725;4,589216519;17,19498265;28,90372574;24,17307845;Quarterly;01/01/80
ZWE;Zimbabwe;Eurobonds;USD million / percent;2015-Q3;1551,723978;5,771343064;22,03208445;31,46973786;41,29232614;Quarterly;01/01/80
ZWE;Zimbabwe;Eurobonds;USD million / percent;2015-Q4;1618,510952;6,558168791;26,17861531;15,58851373;61,95461552;Quarterly;01/01/80
ZWE;Zimbabwe;Eurobonds;USD million / percent;2016-Q1;1574,039366;4,956594875;19,70510739;21,64086984;54,66498343;Quarterly;01/01/80
ZWE;Zimbabwe;Eurobonds;USD million / percent;2016-Q2;1582,522504;5,989473232;23,54199044;37,89978646;47,63459823;Quarterly;01/01/80
ZWE;Zimbabwe;Eurobonds;USD million / percent;2016-Q3;1642,348775;5,17691454;21,016373;22,97879336;34,99120369;Quarterly;01/01/80
ZWE;Zimbabwe;Eurobonds;USD million / percent;2016-Q4;1674,279573;4,710583519;19,66782613;25,44588381;33,56863584;Quarterly;01/01/80
ZWE;Zimbabwe;Eurobonds;USD million / percent;2017-Q1;1635,476861;5,266517495;21,70523856;11,50285703;40,589472;Quarterly;01/01/80
ZWE;Zimbabwe;Eurobonds;USD million / percent;2017-Q2;1617,377994;5,524027722;22,25177023;14,93062157;60,82315921;Quarterly;01/01/80
ZWE;Zimbabwe;Eurobonds;USD million / percent;2017-Q3;1604,186084;5,962226073;24,07775156;18,78922804;59,47818638;Quarterly;01/01/80
ZWE;Zimbabwe;Eurobonds;USD million / percent;2017-Q4;1555,12555;4,362284791;17,09959795;27,50043368;26,57313486;Quarterly;01/01/80
ZWE;Zimbabwe;Eurobonds;USD million / percent;2018-Q1;1564,880011;6,349527408;24,96044925;30,18619019;18,60811961;Quarterly;01/01/80
ZWE;Zimbabwe;Eurobonds;USD million / percent;2018-Q2;1553,114889;6,090950634;23,8800159;41,17087915;39,6597596;Quarterly;01/01/80
ZWE;Zimbabwe;Eurobonds;USD million / percent;2018-Q3;1533,987306;6,489028837;25,05260739;21,75171586;25,85667573;Quarterly;01/01/80
ZWE;Zimbabwe;Eurobonds;USD million / percent;2018-Q4;1517,585948;5,569079879;21,42523599;19,48474422;25,65371841;Quarterly;01/01/80
ZWE;Zimbabwe;Eurobonds;USD million / percent;2019-Q1;1620,228337;4,622718955;18,29820624;42,0655417;49,94065044;Quarterly;01/01/80
ZWE;Zimbabwe;Eurobonds;USD million / percent;2019-Q2;1705,334611;5,62781324;23,59554588;18,01509682;55,26949964;Quarterly;01/01/80
ZWE;Zimbabwe;Eurobonds;USD million / percent;2019-Q3;1764,246816;5,170173643;22,48825567;26,36257212;45,73354761;Quarterly;01/01/80
ZWE;Zimbabwe;Eurobonds;USD million / percent;2019-Q4;1812,007473;5,777822409;25,80364709;21,19022538;31,12261003;Quarterly;01/01/80
ZWE;Zimbabwe;Eurobonds;USD million / percent;2020-Q1;1758,098223;4,870553017;21,63300557;14,26123526;44,68218398;Quarterly;01/01/80
ZWE;Zimbabwe;Eurobonds;USD million / percent;2020-Q2;1751,043425;5,710055686;25,2788858;27,00678706;12,96906093;Quarterly;01/01/80
ZWE;Zimbabwe;Eurobonds;USD million / percent;2020-Q3;1806,582904;5,805723811;25,81572252;20,52532137;49,64567088;Quarterly;01/01/80
ZWE;Zimbabwe;Eurobonds;USD million / percent;2020-Q4;1839,815992;5,727599547;26,05150519;17,13580865;47,53712081;Quarterly;01/01/80
ZWE;Zimbabwe;Eurobonds;USD million / percent;2021-Q1;1802,365887;6,804802826;30,91287344;28,76643593;40,14613846;Quarterly;01/01/80
ZWE;Zimbabwe;Eurobonds;USD million / percent;2021-Q2;1812,290947;5,147464962;23,3422507;21,52546908;9,730960572;Quarterly;01/01/80
ZWE;Zimbabwe;Eurobonds;USD million / percent;2021-Q3;1822,05372;4,732277872;21,46567319;28,40939911;33,81478607;Quarterly;01/01/80
ZWE;Zimbabwe;Eurobonds;USD million / percent;2021-Q4;1879,604671;5,484067734;25,58369449;9,777936369;40,81562098;Quarterly;01/01/80
ZWE;Zimbabwe;Eurobonds;USD million / percent;2022-Q1;1846,629279;5,571034845;25,88186891;35,91061398;35,22700494;Quarterly;01/01/80
ZWE;Zimbabwe;Eurobonds;USD million / percent;2022-Q2;1928,451828;6,640323547;31,80860719;21,2977496;20,87526961;Quarterly;01/01/80
ZWE;Zimbabwe;Eurobonds;USD million / percent;2022-Q3;1887,130499;5,82607379;27,85873726;18,77930002;44,50142991;Quarterly;01/01/80
ZWE;Zimbabwe;Eurobonds;USD million / percent;2022-Q4;1884,864145;5,843870287;27,40818062;26,92546455;17,53373129;Quarterly;01/01/80
ZWE;Zimbabwe;Eurobonds;USD million / percent;2023-Q1;1887,458393;5,301492946;25,08904387;17,25319098;25,63930442;Quarterly;01/01/80
ZWE;Zimbabwe;Eurobonds;USD million / percent;2023-Q2;1905,876751;5,548898457;26,36808568;28,81217087;31,7042369;Quarterly;01/01/80
ZWE;Zimbabwe;Eurobonds;USD million / percent;2023-Q3;1914,429884;4,245544301;20,10733986;15,92026748;20,32370527;Quarterly;01/01/80
ZWE;Zimbabwe;Eurobonds;USD million / percent;2023-Q4;1914,834392;4,589241268;21,82015464;32,18283402;58,87062129;Quarterly;01/01/80
ZWE;Zimbabwe;Eurobonds;USD million / percent;2024-Q1;1935,281028;5,494540559;26,58867553;21,1296869;58,39385379;Quarterly;01/01/80
ZWE;Zimbabwe;Eurobonds;USD million / percent;2024-Q2;1911,252516;5,623610192;27,07711677;15,37937065;30,26807737;Quarterly;01/01/80
ZWE;Zimbabwe;Eurobonds;USD million / percent;2024-Q3;1990,1235;6,075529622;29,93292916;15,01642162;23,59313785;Quarterly;01/01/80
ZWE;Zimbabwe;Eurobonds;USD million / percent;2024-Q4;1990,299988;5,425756781;26,94060357;38,02813495;22,62386288;Quarterly;01/01/80
ZWE;Zimbabwe;Eurobonds;USD million / percent;2025-Q1;2012,370164;6,306226701;31,63998515;24,11667882;36,97220803;Quarterly;01/01/80
ZWE;Zimbabwe;Eurobonds;USD million / percent;2025-Q2;2014,676788;5,701400845;28,71543396;20,20874079;36,47126302;Quarterly;01/01/80
ZWE;Zimbabwe;Eurobonds;USD million / percent;2025-Q3;2038,294012;5,653573974;28,62555561;21,30066577;23,21397011;Quarterly;01/01/80
ZWE;Zimbabwe;Eurobonds;USD million / percent;2025-Q4;2039,472871;4,749582465;23,97169631;14,22880951;40,97331217;Quarterly;01/01/80
ZWE;Zimbabwe;Eurobonds;USD million / percent;2026-Q1;2078,290304;5,031242995;25,77866239;14,11328336;47,53314621;Quarterly;01/01/80
ZWE;Zimbabwe;Eurobonds;USD million / percent;2026-Q2;2096,502141;5,83805541;30,45290823;28,15788893;61,74587173;Quarterly;01/01/80
ZWE;Zimbabwe;Eurobonds;USD million / percent;2026-Q3;2071,512787;4,913375428;25,69231831;23,73172892;12,80460049;Quarterly;01/01/80
ZWE;Zimbabwe;Multilateral Loans;USD million / percent;1980-Q1;921,019215;5,278705342;12,1821351;20,58017671;30,02159608;Quarterly;01/01/80
ZWE;Zimbabwe;Multilateral Loans;USD million / percent;1980-Q2;886,2713069;5,948708702;13,28180298;24,02080414;27,08081785;Quarterly;01/01/80
ZWE;Zimbabwe;Multilateral Loans;USD million / percent;1980-Q3;874,2009652;4,884982248;10,70128789;14,03848195;30,44654736;Quarterly;01/01/80
ZWE;Zimbabwe;Multilateral Loans;USD million / percent;1980-Q4;860,133472;5,278910753;11,43637586;4,297607674;19,02149284;Quarterly;01/01/80
ZWE;Zimbabwe;Multilateral Loans;USD million / percent;1981-Q1;840,5170342;5,272861032;10,88530265;25,33688139;27,27259374;Quarterly;01/01/80
ZWE;Zimbabwe;Multilateral Loans;USD million / percent;1981-Q2;786,9082489;5,186970934;10,46673513;44,05791291;41,32330389;Quarterly;01/01/80
ZWE;Zimbabwe;Multilateral Loans;USD million / percent;1981-Q3;794,2096515;4,604086195;9,093789903;21,00627735;37,39211997;Quarterly;01/01/80
ZWE;Zimbabwe;Multilateral Loans;USD million / percent;1981-Q4;785,7496881;4,528648922;8,927300818;41,8922349;37,01800599;Quarterly;01/01/80
ZWE;Zimbabwe;Multilateral Loans;USD million / percent;1982-Q1;815,2815271;4,411727441;8,967622311;19,56178017;54,58996295;Quarterly;01/01/80
ZWE;Zimbabwe;Multilateral Loans;USD million / percent;1982-Q2;801,7867165;4,664106236;9,332633187;17,09787468;33,04104807;Quarterly;01/01/80
ZWE;Zimbabwe;Multilateral Loans;USD million / percent;1982-Q3;760,2320699;6,279514333;12,60593199;9,599613409;41,16445871;Quarterly;01/01/80
ZWE;Zimbabwe;Multilateral Loans;USD million / percent;1982-Q4;752,2877924;6,379220418;12,05244698;19,82461355;41,35011195;Quarterly;01/01/80
ZWE;Zimbabwe;Multilateral Loans;USD million / percent;1983-Q1;708,8471914;5,981268311;10,90647046;16,78179997;26,91613903;Quarterly;01/01/80
ZWE;Zimbabwe;Multilateral Loans;USD million / percent;1983-Q2;747,7081867;6,172821544;11,48710959;15,01188558;25,45274248;Quarterly;01/01/80
ZWE;Zimbabwe;Multilateral Loans;USD million / percent;1983-Q3;749,520335;5,399922422;10,05763909;25,03586181;32,68271435;Quarterly;01/01/80
ZWE;Zimbabwe;Multilateral Loans;USD million / percent;1983-Q4;799,9492943;6,330318555;12,40772899;34,03653991;49,22870348;Quarterly;01/01/80
ZWE;Zimbabwe;Multilateral Loans;USD million / percent;1984-Q1;797,0220411;5,880162002;11,80104948;24,66477741;24,62905415;Quarterly;01/01/80
ZWE;Zimbabwe;Multilateral Loans;USD million / percent;1984-Q2;745,9270023;5,7519907;11,05792802;20,61759854;30,19078976;Quarterly;01/01/80
ZWE;Zimbabwe;Multilateral Loans;USD million / percent;1984-Q3;695,356355;5,486779043;9,639783155;27,25334248;39,07076071;Quarterly;01/01/80
ZWE;Zimbabwe;Multilateral Loans;USD million / percent;1984-Q4;720,0430042;5,133943024;9,083360904;45,45943696;34,36825582;Quarterly;01/01/80
ZWE;Zimbabwe;Multilateral Loans;USD million / percent;1985-Q1;714,6454606;4,713459557;8,535581379;21,55165326;48,41454534;Quarterly;01/01/80
ZWE;Zimbabwe;Multilateral Loans;USD million / percent;1985-Q2;724,836401;4,350035539;7,813861628;14,81133702;34,60586941;Quarterly;01/01/80
ZWE;Zimbabwe;Multilateral Loans;USD million / percent;1985-Q3;720,1163183;6,267723572;11,32606775;6,208602293;26,13825642;Quarterly;01/01/80
ZWE;Zimbabwe;Multilateral Loans;USD million / percent;1985-Q4;755,4708751;4,393695389;8,231990821;18,00436435;19,88259114;Quarterly;01/01/80
ZWE;Zimbabwe;Multilateral Loans;USD million / percent;1986-Q1;749,604208;5,883767231;11,01719252;20,94879666;39,53840147;Quarterly;01/01/80
ZWE;Zimbabwe;Multilateral Loans;USD million / percent;1986-Q2;705,4576795;5,168430044;9,066754938;14,38205383;41,59936576;Quarterly;01/01/80
ZWE;Zimbabwe;Multilateral Loans;USD million / percent;1986-Q3;685,3714849;6,506845754;11,32926688;34,40290416;29,95689687;Quarterly;01/01/80
ZWE;Zimbabwe;Multilateral Loans;USD million / percent;1986-Q4;739,8321061;5,465846492;9,786585697;25,48797926;27,45805396;Quarterly;01/01/80
ZWE;Zimbabwe;Multilateral Loans;USD million / percent;1987-Q1;794,9270167;4,881854993;9,659945246;17,71032808;58,52371791;Quarterly;01/01/80
ZWE;Zimbabwe;Multilateral Loans;USD million / percent;1987-Q2;800,0971079;7,544205188;15,26872972;27,44030923;34,72727382;Quarterly;01/01/80
ZWE;Zimbabwe;Multilateral Loans;USD million / percent;1987-Q3;774,3300104;7,442950208;14,53777582;32,94297584;42,09115226;Quarterly;01/01/80
ZWE;Zimbabwe;Multilateral Loans;USD million / percent;1987-Q4;810,0540916;4,946214515;10,04471204;18,60025247;30,32691328;Quarterly;01/01/80
ZWE;Zimbabwe;Multilateral Loans;USD million / percent;1988-Q1;840,1540134;5,674667792;11,92358321;25,04928355;31,51542627;Quarterly;01/01/80
ZWE;Zimbabwe;Multilateral Loans;USD million / percent;1988-Q2;869,0502322;5,381132502;11,64673753;27,86291964;53,54720336;Quarterly;01/01/80
ZWE;Zimbabwe;Multilateral Loans;USD million / percent;1988-Q3;867,7816231;5,588288182;12,26414714;22,42246953;50,73946016;Quarterly;01/01/80
ZWE;Zimbabwe;Multilateral Loans;USD million / percent;1988-Q4;895,3289704;6,138870515;13,60908435;16,19578622;29,86843807;Quarterly;01/01/80
ZWE;Zimbabwe;Multilateral Loans;USD million / percent;1989-Q1;856,9459262;6,494284337;13,92726322;18,0533773;27,33971592;Quarterly;01/01/80
ZWE;Zimbabwe;Multilateral Loans;USD million / percent;1989-Q2;853,1726103;4,79797243;10,27952833;28,19171766;30,6997729;Quarterly;01/01/80
ZWE;Zimbabwe;Multilateral Loans;USD million / percent;1989-Q3;781,0774799;5,261208162;10,58473006;30,30760139;26,7700225;Quarterly;01/01/80
ZWE;Zimbabwe;Multilateral Loans;USD million / percent;1989-Q4;756,7309029;5,839099615;11,29996474;20,00465821;24,6072986;Quarterly;01/01/80
ZWE;Zimbabwe;Multilateral Loans;USD million / percent;1990-Q1;743,5726584;5,967173981;11,20555507;17,9417431;26,76998359;Quarterly;01/01/80
ZWE;Zimbabwe;Multilateral Loans;USD million / percent;1990-Q2;704,1354227;4,775637032;8,717447643;27,86169565;21,31060413;Quarterly;01/01/80
ZWE;Zimbabwe;Multilateral Loans;USD million / percent;1990-Q3;737,8897061;5,883515078;10,69341901;33,96164481;24,37866524;Quarterly;01/01/80
ZWE;Zimbabwe;Multilateral Loans;USD million / percent;1990-Q4;732,4743444;6,203616336;11,28618081;28,79429299;46,26231614;Quarterly;01/01/80
ZWE;Zimbabwe;Multilateral Loans;USD million / percent;1991-Q1;745,4906327;6,289855522;11,68304311;20,4336069;49,26703298;Quarterly;01/01/80
ZWE;Zimbabwe;Multilateral Loans;USD million / percent;1991-Q2;740,7032;5,288457838;9,747449581;9,629738392;53,84350016;Quarterly;01/01/80
ZWE;Zimbabwe;Multilateral Loans;USD million / percent;1991-Q3;744,055829;4,35816732;7,960208329;20,60951346;11,54382422;Quarterly;01/01/80
ZWE;Zimbabwe;Multilateral Loans;USD million / percent;1991-Q4;684,2528914;5,901785368;10,27424021;40,21497513;23,41125128;Quarterly;01/01/80
ZWE;Zimbabwe;Multilateral Loans;USD million / percent;1992-Q1;649,590542;6,214665186;10,3470405;19,64874768;51,34207981;Quarterly;01/01/80
ZWE;Zimbabwe;Multilateral Loans;USD million / percent;1992-Q2;653,2437553;5,498362644;8,76395744;31,9672319;16,27227601;Quarterly;01/01/80
ZWE;Zimbabwe;Multilateral Loans;USD million / percent;1992-Q3;625,2537863;5,969198692;9,447171362;5,960501809;54,43029791;Quarterly;01/01/80
ZWE;Zimbabwe;Multilateral Loans;USD million / percent;1992-Q4;652,1286856;4,246539926;6,712806169;13,07052992;42,96613443;Quarterly;01/01/80
ZWE;Zimbabwe;Multilateral Loans;USD million / percent;1993-Q1;653,9892932;5,392474155;8,75947265;15,68740243;66,75320644;Quarterly;01/01/80
ZWE;Zimbabwe;Multilateral Loans;USD million / percent;1993-Q2;627,0577963;6,178140567;9,889924861;24,8227311;54,55856154;Quarterly;01/01/80
ZWE;Zimbabwe;Multilateral Loans;USD million / percent;1993-Q3;635,3788675;3,999900841;6,283758031;4,447031959;25,0806275;Quarterly;01/01/80
ZWE;Zimbabwe;Multilateral Loans;USD million / percent;1993-Q4;632,7473736;4,558849196;7,150291673;34,06092226;34,03909331;Quarterly;01/01/80
ZWE;Zimbabwe;Multilateral Loans;USD million / percent;1994-Q1;671,7045008;7,482555204;12,52157608;24,54031483;48,66392683;Quarterly;01/01/80
ZWE;Zimbabwe;Multilateral Loans;USD million / percent;1994-Q2;614,7878566;5,205305725;8,191348924;17,44956216;29,51134737;Quarterly;01/01/80
ZWE;Zimbabwe;Multilateral Loans;USD million / percent;1994-Q3;622,7006751;5,674063156;8,610545701;19,38064888;59,90774607;Quarterly;01/01/80
ZWE;Zimbabwe;Multilateral Loans;USD million / percent;1994-Q4;651,4057166;5,094968216;8,177944237;29,32391841;27,1129989;Quarterly;01/01/80
ZWE;Zimbabwe;Multilateral Loans;USD million / percent;1995-Q1;647,5149861;6,116179043;9,561259867;19,85716797;6,718749578;Quarterly;01/01/80
ZWE;Zimbabwe;Multilateral Loans;USD million / percent;1995-Q2;615,456715;6,462813853;9,967611782;32,45381717;33,27988878;Quarterly;01/01/80
ZWE;Zimbabwe;Multilateral Loans;USD million / percent;1995-Q3;590,5667358;5,420578751;8,219758686;16,71706686;27,55923413;Quarterly;01/01/80
ZWE;Zimbabwe;Multilateral Loans;USD million / percent;1995-Q4;585,8893281;4,780810622;6,955986363;23,32988764;55,95974925;Quarterly;01/01/80
ZWE;Zimbabwe;Multilateral Loans;USD million / percent;1996-Q1;527,5355137;4,901017826;6,667932283;18,56742968;36,6401241;Quarterly;01/01/80
ZWE;Zimbabwe;Multilateral Loans;USD million / percent;1996-Q2;461,9449413;5,999295073;7,32356087;33,20813292;27,13781167;Quarterly;01/01/80
ZWE;Zimbabwe;Multilateral Loans;USD million / percent;1996-Q3;488,2739393;5,804471955;7,085419084;31,22212554;27,59147706;Quarterly;01/01/80
ZWE;Zimbabwe;Multilateral Loans;USD million / percent;1996-Q4;487,5424525;5,163045619;6,316659791;32,70731106;37,95488445;Quarterly;01/01/80
ZWE;Zimbabwe;Multilateral Loans;USD million / percent;1997-Q1;452,6829605;5,898688872;6,924396675;25,5035009;27,30146066;Quarterly;01/01/80
ZWE;Zimbabwe;Multilateral Loans;USD million / percent;1997-Q2;469,8607413;6,29077807;7,184528271;11,62390946;29,78829052;Quarterly;01/01/80
ZWE;Zimbabwe;Multilateral Loans;USD million / percent;1997-Q3;448,4365703;5,626023698;6,306686256;17,89594758;48,74158148;Quarterly;01/01/80
ZWE;Zimbabwe;Multilateral Loans;USD million / percent;1997-Q4;451,4718641;6,333034688;7,199205582;14,23666408;27,0414873;Quarterly;01/01/80
ZWE;Zimbabwe;Multilateral Loans;USD million / percent;1998-Q1;393,8453475;4,875225742;5,170109337;25,672087;49,63960509;Quarterly;01/01/80
ZWE;Zimbabwe;Multilateral Loans;USD million / percent;1998-Q2;357,7893064;5,416214498;5,034101441;41,15768389;30,77678579;Quarterly;01/01/80
ZWE;Zimbabwe;Multilateral Loans;USD million / percent;1998-Q3;353,8643176;4,587899418;4,037572055;10,4681384;26,87556095;Quarterly;01/01/80
ZWE;Zimbabwe;Multilateral Loans;USD million / percent;1998-Q4;314,7591877;6,216024115;5,129247239;20,27293786;37,7929422;Quarterly;01/01/80
ZWE;Zimbabwe;Multilateral Loans;USD million / percent;1999-Q1;347,5648431;5,428697501;4,569407414;30,98561029;27,07920072;Quarterly;01/01/80
ZWE;Zimbabwe;Multilateral Loans;USD million / percent;1999-Q2;364,9673963;5,985912919;5,301983532;20,86360577;39,82384966;Quarterly;01/01/80
ZWE;Zimbabwe;Multilateral Loans;USD million / percent;1999-Q3;382,5669372;5,475420932;4,999098842;22,68317195;29,41687449;Quarterly;01/01/80
ZWE;Zimbabwe;Multilateral Loans;USD million / percent;1999-Q4;394,5986682;5,256678967;4,990108883;31,64148282;63,19558191;Quarterly;01/01/80
ZWE;Zimbabwe;Multilateral Loans;USD million / percent;2000-Q1;387,6582956;5,332159629;5,366231776;18,99811527;21,89735846;Quarterly;01/01/80
ZWE;Zimbabwe;Multilateral Loans;USD million / percent;2000-Q2;421,6616138;4,355888859;4,58568481;26,78926022;35,39400896;Quarterly;01/01/80
ZWE;Zimbabwe;Multilateral Loans;USD million / percent;2000-Q3;414,8996678;4,300140417;4,520394012;12,33096893;31,5459204;Quarterly;01/01/80
ZWE;Zimbabwe;Multilateral Loans;USD million / percent;2000-Q4;385,5492298;6,379423196;6,228131307;12,04194712;28,9149949;Quarterly;01/01/80
ZWE;Zimbabwe;Multilateral Loans;USD million / percent;2001-Q1;351,5821661;6,676274869;6,145050494;25,3098852;31,73847235;Quarterly;01/01/80
ZWE;Zimbabwe;Multilateral Loans;USD million / percent;2001-Q2;361,9444042;3,892584451;3,55490788;33,47400349;35,55031617;Quarterly;01/01/80
ZWE;Zimbabwe;Multilateral Loans;USD million / percent;2001-Q3;368,9912966;5,635968443;5,093612734;31,13133683;21,42572619;Quarterly;01/01/80
ZWE;Zimbabwe;Multilateral Loans;USD million / percent;2001-Q4;331,415241;6,4578764;5,510527675;12,71196606;17,34483808;Quarterly;01/01/80
ZWE;Zimbabwe;Multilateral Loans;USD million / percent;2002-Q1;282,6741615;5,49976001;4,462214132;16,04655084;23,1355662;Quarterly;01/01/80
ZWE;Zimbabwe;Multilateral Loans;USD million / percent;2002-Q2;270,3369322;6,517851091;4,663718317;32,88142431;43,41816371;Quarterly;01/01/80
ZWE;Zimbabwe;Multilateral Loans;USD million / percent;2002-Q3;246,5984537;5,390545565;3,351140427;23,84380857;32,83376848;Quarterly;01/01/80
ZWE;Zimbabwe;Multilateral Loans;USD million / percent;2002-Q4;198,9661018;4,242198042;2,194156766;25,20761008;40,30517965;Quarterly;01/01/80
ZWE;Zimbabwe;Multilateral Loans;USD million / percent;2003-Q1;177,8911045;6,017549874;2,923868612;20,39035405;31,5849547;Quarterly;01/01/80
ZWE;Zimbabwe;Multilateral Loans;USD million / percent;2003-Q2;162,1589684;6,279333725;2,730986371;26,42223133;40,44025158;Quarterly;01/01/80
ZWE;Zimbabwe;Multilateral Loans;USD million / percent;2003-Q3;114,413557;3,089960843;0,973276111;22,39773971;34,71140295;Quarterly;01/01/80
ZWE;Zimbabwe;Multilateral Loans;USD million / percent;2003-Q4;180,3739776;5,433417251;2,014765174;23,44994062;21,78020599;Quarterly;01/01/80
ZWE;Zimbabwe;Multilateral Loans;USD million / percent;2004-Q1;189,0554256;4,830699348;2,126130362;26,16333509;58,84617587;Quarterly;01/01/80
ZWE;Zimbabwe;Multilateral Loans;USD million / percent;2004-Q2;222,281624;5,068757974;2,611384172;24,08984529;33,17591825;Quarterly;01/01/80
ZWE;Zimbabwe;Multilateral Loans;USD million / percent;2004-Q3;230,3493481;5,620968451;3,351826715;18,11243072;57,13603919;Quarterly;01/01/80
ZWE;Zimbabwe;Multilateral Loans;USD million / percent;2004-Q4;221,607634;5,521884688;3,024925654;28,66194453;21,11883522;Quarterly;01/01/80
ZWE;Zimbabwe;Multilateral Loans;USD million / percent;2005-Q1;272,3711473;5,739300031;3,722324656;25,10069546;36,94592292;Quarterly;01/01/80
ZWE;Zimbabwe;Multilateral Loans;USD million / percent;2005-Q2;304,4035777;5,189523969;3,821873625;24,18345226;48,35983413;Quarterly;01/01/80
ZWE;Zimbabwe;Multilateral Loans;USD million / percent;2005-Q3;345,7938527;5,220561187;4,395312147;31,95543993;18,05454624;Quarterly;01/01/80
ZWE;Zimbabwe;Multilateral Loans;USD million / percent;2005-Q4;371,6849074;4,533745163;4,205846318;18,18820231;46,14205446;Quarterly;01/01/80
ZWE;Zimbabwe;Multilateral Loans;USD million / percent;2006-Q1;370,0148158;5,698865379;5,353553073;24,50040703;57,02396491;Quarterly;01/01/80
ZWE;Zimbabwe;Multilateral Loans;USD million / percent;2006-Q2;394,5410535;4,835540475;4,784505512;12,8786287;28,24398151;Quarterly;01/01/80
ZWE;Zimbabwe;Multilateral Loans;USD million / percent;2006-Q3;400,6554198;5,949293845;6,010011057;25,38261669;45,12944034;Quarterly;01/01/80
ZWE;Zimbabwe;Multilateral Loans;USD million / percent;2006-Q4;430,3836262;6,328682366;6,516343083;16,05649747;23,45011486;Quarterly;01/01/80
ZWE;Zimbabwe;Multilateral Loans;USD million / percent;2007-Q1;383,1667634;5,189656818;5,168238541;26,14846552;39,18365917;Quarterly;01/01/80
ZWE;Zimbabwe;Multilateral Loans;USD million / percent;2007-Q2;396,4648978;5,65461835;5,583783176;31,3280517;30,57988203;Quarterly;01/01/80
ZWE;Zimbabwe;Multilateral Loans;USD million / percent;2007-Q3;383,3368659;5,590162796;5,479581094;17,66227251;18,77363674;Quarterly;01/01/80
ZWE;Zimbabwe;Multilateral Loans;USD million / percent;2007-Q4;434,7952207;5,66987752;5,864467111;23,48673849;30,45009108;Quarterly;01/01/80
ZWE;Zimbabwe;Multilateral Loans;USD million / percent;2008-Q1;558,7923437;5,162905945;6,579980051;17,24109145;56,05115802;Quarterly;01/01/80
ZWE;Zimbabwe;Multilateral Loans;USD million / percent;2008-Q2;563,926693;4,616880629;6,819673536;32,57152105;62,61373969;Quarterly;01/01/80
ZWE;Zimbabwe;Multilateral Loans;USD million / percent;2008-Q3;592,1991428;4,905667308;7,168070847;12,21530557;45,82688122;Quarterly;01/01/80
ZWE;Zimbabwe;Multilateral Loans;USD million / percent;2008-Q4;606,7642141;5,958388665;9,013076152;36,1549618;42,04547173;Quarterly;01/01/80
ZWE;Zimbabwe;Multilateral Loans;USD million / percent;2009-Q1;543,9222467;6,260697029;8,682217914;10,2710494;30,08969442;Quarterly;01/01/80
ZWE;Zimbabwe;Multilateral Loans;USD million / percent;2009-Q2;595,8631404;5,132061202;7,362395153;15,77553181;19,27590953;Quarterly;01/01/80
ZWE;Zimbabwe;Multilateral Loans;USD million / percent;2009-Q3;573,696535;5,964039096;8,699724759;18,45881264;39,40326671;Quarterly;01/01/80
ZWE;Zimbabwe;Multilateral Loans;USD million / percent;2009-Q4;558,5502241;5,383844571;7,45602;9,896549775;15,76690708;Quarterly;01/01/80
ZWE;Zimbabwe;Multilateral Loans;USD million / percent;2010-Q1;581,0815726;6,076650109;8,662692593;14,39663375;38,28361171;Quarterly;01/01/80
ZWE;Zimbabwe;Multilateral Loans;USD million / percent;2010-Q2;616,6980136;4,473733005;6,527138504;44,51561987;7,817935029;Quarterly;01/01/80
ZWE;Zimbabwe;Multilateral Loans;USD million / percent;2010-Q3;636,2549597;5,029745904;7,877827283;30,09582173;22,90230799;Quarterly;01/01/80
ZWE;Zimbabwe;Multilateral Loans;USD million / percent;2010-Q4;684,3351287;5,043903866;8,243746548;37,07053853;57,12405469;Quarterly;01/01/80
ZWE;Zimbabwe;Multilateral Loans;USD million / percent;2011-Q1;651,5582063;6,21352266;10,43014995;7,821815123;20,53230273;Quarterly;01/01/80
ZWE;Zimbabwe;Multilateral Loans;USD million / percent;2011-Q2;646,2372405;5,794775735;9,52003838;23,97641233;8,674121206;Quarterly;01/01/80
ZWE;Zimbabwe;Multilateral Loans;USD million / percent;2011-Q3;639,4288846;7,010161173;10,97034453;20,77470718;45,37265845;Quarterly;01/01/80
ZWE;Zimbabwe;Multilateral Loans;USD million / percent;2011-Q4;683,6132464;6,395268028;10,62186927;15,97402572;55,90373521;Quarterly;01/01/80
ZWE;Zimbabwe;Multilateral Loans;USD million / percent;2012-Q1;713,8872128;5,915852301;10,10552429;29,79193423;54,32934527;Quarterly;01/01/80
ZWE;Zimbabwe;Multilateral Loans;USD million / percent;2012-Q2;779,1220364;5,105143293;9,527649281;26,22831837;34,4895358;Quarterly;01/01/80
ZWE;Zimbabwe;Multilateral Loans;USD million / percent;2012-Q3;759,4141962;6,188734007;11,97140966;20,17607063;32,85535452;Quarterly;01/01/80
ZWE;Zimbabwe;Multilateral Loans;USD million / percent;2012-Q4;790,8496401;4,683445436;9,129766137;25,72271963;60,88353688;Quarterly;01/01/80
ZWE;Zimbabwe;Multilateral Loans;USD million / percent;2013-Q1;785,7615722;5,25513631;10,61645199;31,28236249;25,53548158;Quarterly;01/01/80
ZWE;Zimbabwe;Multilateral Loans;USD million / percent;2013-Q2;774,8962606;5,671108122;11,08273634;6,337955618;20,85930611;Quarterly;01/01/80
ZWE;Zimbabwe;Multilateral Loans;USD million / percent;2013-Q3;816,6764067;5,699375799;11,58251462;27,95208072;50,73771763;Quarterly;01/01/80
ZWE;Zimbabwe;Multilateral Loans;USD million / percent;2013-Q4;744,5775771;5,198325077;10,20384254;16,84464395;49,36610468;Quarterly;01/01/80
ZWE;Zimbabwe;Multilateral Loans;USD million / percent;2014-Q1;698,7222857;5,951172796;10,61979916;27,71587584;47,35044312;Quarterly;01/01/80
ZWE;Zimbabwe;Multilateral Loans;USD million / percent;2014-Q2;681,4358357;5,837902303;10,23596974;19,34065541;35,31423265;Quarterly;01/01/80
ZWE;Zimbabwe;Multilateral Loans;USD million / percent;2014-Q3;703,3894269;6,678930829;11,79823042;28,2349361;37,4618158;Quarterly;01/01/80
ZWE;Zimbabwe;Multilateral Loans;USD million / percent;2014-Q4;645,8570376;5,722279439;9,44749786;23,01833911;24,57603431;Quarterly;01/01/80
ZWE;Zimbabwe;Multilateral Loans;USD million / percent;2015-Q1;659,9768823;5,109449192;8,446201509;21,83559359;38,6601058;Quarterly;01/01/80
ZWE;Zimbabwe;Multilateral Loans;USD million / percent;2015-Q2;688,5082695;5,545296988;9,5258106;13,70052575;34,30877636;Quarterly;01/01/80
ZWE;Zimbabwe;Multilateral Loans;USD million / percent;2015-Q3;653,2488454;5,032813893;8,462689177;27,56943508;25,66845596;Quarterly;01/01/80
ZWE;Zimbabwe;Multilateral Loans;USD million / percent;2015-Q4;641,5659667;5,881428389;9,356927481;34,90655123;23,12693282;Quarterly;01/01/80
ZWE;Zimbabwe;Multilateral Loans;USD million / percent;2016-Q1;651,519148;6,422004578;10,17462579;18,63154092;13,03309774;Quarterly;01/01/80
ZWE;Zimbabwe;Multilateral Loans;USD million / percent;2016-Q2;659,4996729;5,899282717;9,560222498;32,51906919;27,57872571;Quarterly;01/01/80
ZWE;Zimbabwe;Multilateral Loans;USD million / percent;2016-Q3;694,4517554;6,163260451;10,33081249;31,43808127;23,6635337;Quarterly;01/01/80
ZWE;Zimbabwe;Multilateral Loans;USD million / percent;2016-Q4;683,1628878;4,433681771;7,578082722;36,66030546;45,89388583;Quarterly;01/01/80
ZWE;Zimbabwe;Multilateral Loans;USD million / percent;2017-Q1;746,4603262;5,122526839;9,217638405;11,5041239;32,20194667;Quarterly;01/01/80
ZWE;Zimbabwe;Multilateral Loans;USD million / percent;2017-Q2;766,6130077;6,029644011;11,27098478;19,80859572;51,07966531;Quarterly;01/01/80
ZWE;Zimbabwe;Multilateral Loans;USD million / percent;2017-Q3;817,79978;7,072469788;14,25160413;24,53867991;32,77845216;Quarterly;01/01/80
ZWE;Zimbabwe;Multilateral Loans;USD million / percent;2017-Q4;812,0321574;5,184913594;10,55156371;29,68708285;34,55008163;Quarterly;01/01/80
ZWE;Zimbabwe;Multilateral Loans;USD million / percent;2018-Q1;790,9030883;5,385027545;10,65705108;31,07243359;39,59648314;Quarterly;01/01/80
ZWE;Zimbabwe;Multilateral Loans;USD million / percent;2018-Q2;781,0925263;4,713318497;9,312366375;31,87036386;64,59785997;Quarterly;01/01/80
ZWE;Zimbabwe;Multilateral Loans;USD million / percent;2018-Q3;849,7719605;5,309093053;10,91037472;47,36541157;38,21702162;Quarterly;01/01/80
ZWE;Zimbabwe;Multilateral Loans;USD million / percent;2018-Q4;864,9709015;5,538540251;11,79685006;25,55646419;42,94166877;Quarterly;01/01/80
ZWE;Zimbabwe;Multilateral Loans;USD million / percent;2019-Q1;846,7183521;6,818155876;14,34669708;35,1082732;59,75167352;Quarterly;01/01/80
ZWE;Zimbabwe;Multilateral Loans;USD million / percent;2019-Q2;906,6974789;6,345514106;13,99238829;27,98959889;21,30751625;Quarterly;01/01/80
ZWE;Zimbabwe;Multilateral Loans;USD million / percent;2019-Q3;892,4806593;4,150902413;9,289782971;30,47834836;31,2110809;Quarterly;01/01/80
ZWE;Zimbabwe;Multilateral Loans;USD million / percent;2019-Q4;818,1506767;5,593565418;11,51390185;25,1337033;46,92185325;Quarterly;01/01/80
ZWE;Zimbabwe;Multilateral Loans;USD million / percent;2020-Q1;821,1522715;5,643483415;11,59436155;37,51864144;11,26589556;Quarterly;01/01/80
ZWE;Zimbabwe;Multilateral Loans;USD million / percent;2020-Q2;816,8483904;5,489835079;11,28735917;29,9088815;30,87642583;Quarterly;01/01/80
ZWE;Zimbabwe;Multilateral Loans;USD million / percent;2020-Q3;784,5226835;3,85765273;7,724137971;23,0049978;48,89798438;Quarterly;01/01/80
ZWE;Zimbabwe;Multilateral Loans;USD million / percent;2020-Q4;756,4345959;4,752824607;9,052843215;28,01702567;52,7941529;Quarterly;01/01/80
ZWE;Zimbabwe;Multilateral Loans;USD million / percent;2021-Q1;749,8739215;7,223006736;13,76223662;25,25177642;32,07008282;Quarterly;01/01/80
ZWE;Zimbabwe;Multilateral Loans;USD million / percent;2021-Q2;719,0316688;6,014474074;11,02806545;17,3826313;29,50339614;Quarterly;01/01/80
ZWE;Zimbabwe;Multilateral Loans;USD million / percent;2021-Q3;681,2335961;5,89364153;10,30204464;18,01151214;29,07557408;Quarterly;01/01/80
ZWE;Zimbabwe;Multilateral Loans;USD million / percent;2021-Q4;677,856295;5,882766418;9,846778555;23,11237683;31,85877599;Quarterly;01/01/80
ZWE;Zimbabwe;Multilateral Loans;USD million / percent;2022-Q1;664,3383847;4,022177768;6,643849738;23,18972696;55,16283476;Quarterly;01/01/80
ZWE;Zimbabwe;Multilateral Loans;USD million / percent;2022-Q2;660,1122948;5,505438307;8,796607264;25,4545959;23,65319249;Quarterly;01/01/80
ZWE;Zimbabwe;Multilateral Loans;USD million / percent;2022-Q3;678,5370451;5,580632707;9,377066045;22,94051779;54,04125371;Quarterly;01/01/80
ZWE;Zimbabwe;Multilateral Loans;USD million / percent;2022-Q4;709,3200744;5,544643471;9,660034794;22,22377919;29,36312874;Quarterly;01/01/80
ZWE;Zimbabwe;Multilateral Loans;USD million / percent;2023-Q1;687,8426705;5,198121055;8,988878672;16,14981099;36,97040577;Quarterly;01/01/80
ZWE;Zimbabwe;Multilateral Loans;USD million / percent;2023-Q2;667,4056133;5,43558838;8,944932254;24,48897157;55,71746858;Quarterly;01/01/80
ZWE;Zimbabwe;Multilateral Loans;USD million / percent;2023-Q3;681,4281936;4,407240978;7,276181747;24,61211541;55,22259031;Quarterly;01/01/80
ZWE;Zimbabwe;Multilateral Loans;USD million / percent;2023-Q4;678,9741559;4,671520979;7,962092511;19,774598;20,4821326;Quarterly;01/01/80
ZWE;Zimbabwe;Multilateral Loans;USD million / percent;2024-Q1;688,1249536;6,063740641;10,38145071;39,9423015;26,62366336;Quarterly;01/01/80
ZWE;Zimbabwe;Multilateral Loans;USD million / percent;2024-Q2;673,984018;5,171117707;8,569539331;13,794339;19,53972947;Quarterly;01/01/80
ZWE;Zimbabwe;Multilateral Loans;USD million / percent;2024-Q3;732,8718314;5,049045052;9,031430337;30,94563614;19,53250446;Quarterly;01/01/80
ZWE;Zimbabwe;Multilateral Loans;USD million / percent;2024-Q4;709,410331;5,513554219;9,902666056;22,99962651;26,26086801;Quarterly;01/01/80
ZWE;Zimbabwe;Multilateral Loans;USD million / percent;2025-Q1;675,2262054;5,856076657;10,10636536;38,12258344;39,43595731;Quarterly;01/01/80
ZWE;Zimbabwe;Multilateral Loans;USD million / percent;2025-Q2;664,1215178;4,919939418;8,088534886;29,35181502;28,76769153;Quarterly;01/01/80
ZWE;Zimbabwe;Multilateral Loans;USD million / percent;2025-Q3;749,669183;5,337777728;9,557266275;26,51394971;68,73381686;Quarterly;01/01/80
ZWE;Zimbabwe;Multilateral Loans;USD million / percent;2025-Q4;767,6338145;6,373704908;12,17726086;14,05972603;15,16655056;Quarterly;01/01/80
ZWE;Zimbabwe;Multilateral Loans;USD million / percent;2026-Q1;805,2176724;5,123266657;10,21612822;28,51198846;14,20442066;Quarterly;01/01/80
ZWE;Zimbabwe;Multilateral Loans;USD million / percent;2026-Q2;820,9367324;4,282402135;8,822118603;20,25547491;72,01366788;Quarterly;01/01/80
ZWE;Zimbabwe;Multilateral Loans;USD million / percent;2026-Q3;854,2331767;4,002314015;8,401380549;34,12451984;43,59949127;Quarterly;01/01/80
ZWE;Zimbabwe;Other External Debt;USD million / percent;1980-Q1;807,1185173;4,355900264;8,734054671;27,37096053;63,17165785;Quarterly;01/01/80
ZWE;Zimbabwe;Other External Debt;USD million / percent;1980-Q2;774,6597146;5,853562906;11,62079382;30,11142344;38,65184709;Quarterly;01/01/80
ZWE;Zimbabwe;Other External Debt;USD million / percent;1980-Q3;830,8555839;5,342938031;10,83889077;19,85151501;47,67788958;Quarterly;01/01/80
ZWE;Zimbabwe;Other External Debt;USD million / percent;1980-Q4;761,2205974;4,016951003;7,786441787;15,15661386;46,042833;Quarterly;01/01/80
ZWE;Zimbabwe;Other External Debt;USD million / percent;1981-Q1;798,8253107;6,469581851;12,57476424;7,694238087;49,2500236;Quarterly;01/01/80
ZWE;Zimbabwe;Other External Debt;USD million / percent;1981-Q2;866,3749622;4,690520763;9,735768068;23,4038671;41,87399133;Quarterly;01/01/80
ZWE;Zimbabwe;Other External Debt;USD million / percent;1981-Q3;891,6670602;4,823724983;10,74444481;24,94325714;21,24011375;Quarterly;01/01/80
ZWE;Zimbabwe;Other External Debt;USD million / percent;1981-Q4;905,6547492;5,359687197;12,18363294;18,58981097;46,88651283;Quarterly;01/01/80
ZWE;Zimbabwe;Other External Debt;USD million / percent;1982-Q1;927,9482225;5,238457564;12,06595461;19,24068197;36,27223133;Quarterly;01/01/80
ZWE;Zimbabwe;Other External Debt;USD million / percent;1982-Q2;975,1062165;5,203126723;12,5288346;22,08852701;35,716975;Quarterly;01/01/80
ZWE;Zimbabwe;Other External Debt;USD million / percent;1982-Q3;923,2654728;6,17326019;14,56130803;30,72205437;55,68065308;Quarterly;01/01/80
ZWE;Zimbabwe;Other External Debt;USD million / percent;1982-Q4;948,039343;4,873813084;11,61963768;18,46256954;29,1346537;Quarterly;01/01/80
ZWE;Zimbabwe;Other External Debt;USD million / percent;1983-Q1;946,6179189;3,977086245;9,435367664;20,89240433;19,50697946;Quarterly;01/01/80
ZWE;Zimbabwe;Other External Debt;USD million / percent;1983-Q2;899,2052165;5,422334865;12,65221683;40,23493515;28,3225207;Quarterly;01/01/80
ZWE;Zimbabwe;Other External Debt;USD million / percent;1983-Q3;920,6841424;4,669445701;10,73421503;16,47219647;37,63294243;Quarterly;01/01/80
ZWE;Zimbabwe;Other External Debt;USD million / percent;1983-Q4;965,890937;5,029511025;11,90104202;37,34553758;11,54479212;Quarterly;01/01/80
ZWE;Zimbabwe;Other External Debt;USD million / percent;1984-Q1;950,3377878;5,258403115;12,4954608;32,97979715;24,22585268;Quarterly;01/01/80
ZWE;Zimbabwe;Other External Debt;USD million / percent;1984-Q2;982,1473003;5,554974005;13,26434601;22,67883707;38,56795667;Quarterly;01/01/80
ZWE;Zimbabwe;Other External Debt;USD million / percent;1984-Q3;1000,574934;6,147973831;15,4441197;21,13694344;45,31359962;Quarterly;01/01/80
ZWE;Zimbabwe;Other External Debt;USD million / percent;1984-Q4;1033,773658;6,114860844;15,6082757;13,72472373;21,59820983;Quarterly;01/01/80
ZWE;Zimbabwe;Other External Debt;USD million / percent;1985-Q1;1040,15425;4,584980599;12,05132275;21,12135829;25,03913086;Quarterly;01/01/80
ZWE;Zimbabwe;Other External Debt;USD million / percent;1985-Q2;1031,739562;5,48575247;14,30946198;23,79994651;18,64856004;Quarterly;01/01/80
ZWE;Zimbabwe;Other External Debt;USD million / percent;1985-Q3;1024,646559;6,233436567;15,94537163;13,6319389;46,20800152;Quarterly;01/01/80
ZWE;Zimbabwe;Other External Debt;USD million / percent;1985-Q4;1094,235975;3,846454047;10,48238516;31,20358936;36,7663751;Quarterly;01/01/80
ZWE;Zimbabwe;Other External Debt;USD million / percent;1986-Q1;1114,711539;5,603540284;15,29529529;25,62682977;55,24690575;Quarterly;01/01/80
ZWE;Zimbabwe;Other External Debt;USD million / percent;1986-Q2;1035,093371;5,465698019;14,5352297;6,886278342;38,94339067;Quarterly;01/01/80
ZWE;Zimbabwe;Other External Debt;USD million / percent;1986-Q3;1068,13654;6,789746423;17,99041783;20,94694033;36,57757817;Quarterly;01/01/80
ZWE;Zimbabwe;Other External Debt;USD million / percent;1986-Q4;1073,665526;5,619991062;15,07808057;26,7679834;37,90563723;Quarterly;01/01/80
ZWE;Zimbabwe;Other External Debt;USD million / percent;1987-Q1;1087,000232;5,420559661;14,68860012;15,1739716;14,37888025;Quarterly;01/01/80
ZWE;Zimbabwe;Other External Debt;USD million / percent;1987-Q2;1060,855807;6,669035634;17,72279145;20,57380773;43,44105947;Quarterly;01/01/80
ZWE;Zimbabwe;Other External Debt;USD million / percent;1987-Q3;1037,179331;5,577123568;14,71761747;16,7694972;20,52339895;Quarterly;01/01/80
ZWE;Zimbabwe;Other External Debt;USD million / percent;1987-Q4;1035,828738;6,734529432;17,16322571;14,64859216;35,40307822;Quarterly;01/01/80
ZWE;Zimbabwe;Other External Debt;USD million / percent;1988-Q1;970,8590354;5,764956383;14,40878844;26,65593083;25,70772056;Quarterly;01/01/80
ZWE;Zimbabwe;Other External Debt;USD million / percent;1988-Q2;1030,428054;5,089574113;12,82135853;19,44350795;33,33646228;Quarterly;01/01/80
ZWE;Zimbabwe;Other External Debt;USD million / percent;1988-Q3;1041,329158;5,192433026;13,41089282;23,45737588;33,14788982;Quarterly;01/01/80
ZWE;Zimbabwe;Other External Debt;USD million / percent;1988-Q4;1027,935714;5,704619879;14,69460663;29,5827354;31,54834786;Quarterly;01/01/80
ZWE;Zimbabwe;Other External Debt;USD million / percent;1989-Q1;1044,849188;5,650560512;14,68345964;8,95527665;26,23131263;Quarterly;01/01/80
ZWE;Zimbabwe;Other External Debt;USD million / percent;1989-Q2;1021,416695;5,187384991;13,41058887;24,37517595;46,18627838;Quarterly;01/01/80
ZWE;Zimbabwe;Other External Debt;USD million / percent;1989-Q3;1023,597113;3,960790542;10,18566091;9,244916866;24,86358471;Quarterly;01/01/80
ZWE;Zimbabwe;Other External Debt;USD million / percent;1989-Q4;1037,490864;4,973817858;12,82741429;30,91791282;33,36744577;Quarterly;01/01/80
ZWE;Zimbabwe;Other External Debt;USD million / percent;1990-Q1;1092,354094;4,58920828;12,35942813;26,73523646;45,53754106;Quarterly;01/01/80
ZWE;Zimbabwe;Other External Debt;USD million / percent;1990-Q2;1077,862774;5,477822208;14,55150183;36,2510171;51,46177852;Quarterly;01/01/80
ZWE;Zimbabwe;Other External Debt;USD million / percent;1990-Q3;1078,81555;5,508977115;15,07960132;31,19234281;27,86717561;Quarterly;01/01/80
ZWE;Zimbabwe;Other External Debt;USD million / percent;1990-Q4;1086,633958;6,250145744;16,61637332;26,81227074;48,24049879;Quarterly;01/01/80
ZWE;Zimbabwe;Other External Debt;USD million / percent;1991-Q1;1067,6616;4,547007373;11,983575;11,47094786;45,76349862;Quarterly;01/01/80
ZWE;Zimbabwe;Other External Debt;USD million / percent;1991-Q2;1051,236593;4,677362957;12,38561088;23,49090058;41,75113408;Quarterly;01/01/80
ZWE;Zimbabwe;Other External Debt;USD million / percent;1991-Q3;1062,031179;6,35372226;16,66539516;26,34670814;54,02075211;Quarterly;01/01/80
ZWE;Zimbabwe;Other External Debt;USD million / percent;1991-Q4;1078,519283;5,364622988;14,35533854;31,41028002;13,14147179;Quarterly;01/01/80
ZWE;Zimbabwe;Other External Debt;USD million / percent;1992-Q1;1098,946674;4,545629947;12,48472282;14,68486772;21,63362618;Quarterly;01/01/80
ZWE;Zimbabwe;Other External Debt;USD million / percent;1992-Q2;1100,813013;4,888051987;13,48190008;34,76883999;50,66585568;Quarterly;01/01/80
ZWE;Zimbabwe;Other External Debt;USD million / percent;1992-Q3;1134,415141;5,433827577;15,08027946;19,91394394;33,64639024;Quarterly;01/01/80
ZWE;Zimbabwe;Other External Debt;USD million / percent;1992-Q4;1142,458669;6,685237405;18,86904269;24,32651461;35,38335998;Quarterly;01/01/80
ZWE;Zimbabwe;Other External Debt;USD million / percent;1993-Q1;1113,932542;5,071006286;14,22546604;9,216218166;17,45864312;Quarterly;01/01/80
ZWE;Zimbabwe;Other External Debt;USD million / percent;1993-Q2;1087,428649;5,869285788;15,84770832;9,886618014;22,25006408;Quarterly;01/01/80
ZWE;Zimbabwe;Other External Debt;USD million / percent;1993-Q3;1128,459033;5,48926374;15,16612721;14,65735081;51,28609834;Quarterly;01/01/80
ZWE;Zimbabwe;Other External Debt;USD million / percent;1993-Q4;1105,764102;5,262624516;14,55762648;17,53322595;26,92901062;Quarterly;01/01/80
ZWE;Zimbabwe;Other External Debt;USD million / percent;1994-Q1;1103,645319;4,833021602;13,5411008;13,7921355;24,71902803;Quarterly;01/01/80
ZWE;Zimbabwe;Other External Debt;USD million / percent;1994-Q2;1174,896636;6,120118518;17,37569386;27,96220156;28,10913951;Quarterly;01/01/80
ZWE;Zimbabwe;Other External Debt;USD million / percent;1994-Q3;1205,965795;5,708990851;16,75894413;35,89304569;42,92760549;Quarterly;01/01/80
ZWE;Zimbabwe;Other External Debt;USD million / percent;1994-Q4;1236,678174;6,754545359;20,90918199;21,2456266;29,05617325;Quarterly;01/01/80
ZWE;Zimbabwe;Other External Debt;USD million / percent;1995-Q1;1227,157389;6,302689448;19,31022327;36,12822256;52,56144429;Quarterly;01/01/80
ZWE;Zimbabwe;Other External Debt;USD million / percent;1995-Q2;1181,780241;5,482841894;16,55518929;19,29932346;46,20560435;Quarterly;01/01/80
ZWE;Zimbabwe;Other External Debt;USD million / percent;1995-Q3;1230,78214;5,534150399;16,89374827;19,20573066;34,10044361;Quarterly;01/01/80
ZWE;Zimbabwe;Other External Debt;USD million / percent;1995-Q4;1204,701216;4,513910402;13,45857801;27,24929314;28,16276037;Quarterly;01/01/80
ZWE;Zimbabwe;Other External Debt;USD million / percent;1996-Q1;1221,639416;4,837844939;14,69767342;19,25414629;34,35357928;Quarterly;01/01/80
ZWE;Zimbabwe;Other External Debt;USD million / percent;1996-Q2;1241,052444;5,426378887;16,7372065;35,52614825;28,8775103;Quarterly;01/01/80
ZWE;Zimbabwe;Other External Debt;USD million / percent;1996-Q3;1243,278389;4,232689973;13,16799886;31,11248556;36,2334435;Quarterly;01/01/80
ZWE;Zimbabwe;Other External Debt;USD million / percent;1996-Q4;1246,848027;5,679916109;17,57494212;40,39042204;42,86542746;Quarterly;01/01/80
ZWE;Zimbabwe;Other External Debt;USD million / percent;1997-Q1;1272,164097;5,09409696;16,1399374;24,0699187;59,40602775;Quarterly;01/01/80
ZWE;Zimbabwe;Other External Debt;USD million / percent;1997-Q2;1255,414415;5,325250744;16,63506747;20,52132427;31,9258675;Quarterly;01/01/80
ZWE;Zimbabwe;Other External Debt;USD million / percent;1997-Q3;1276,06269;5,493432132;17,13890547;38,56756726;24,32933006;Quarterly;01/01/80
ZWE;Zimbabwe;Other External Debt;USD million / percent;1997-Q4;1282,873164;4,934404744;15,87945011;9,929792119;63,70541864;Quarterly;01/01/80
ZWE;Zimbabwe;Other External Debt;USD million / percent;1998-Q1;1280,159749;4,677396557;14,96084547;27,47304705;34,82523673;Quarterly;01/01/80
ZWE;Zimbabwe;Other External Debt;USD million / percent;1998-Q2;1238,261459;5,547024229;17,2200016;8,031665504;22,5088782;Quarterly;01/01/80
ZWE;Zimbabwe;Other External Debt;USD million / percent;1998-Q3;1198,483524;7,015521303;21,80413673;26,39164184;32,01241896;Quarterly;01/01/80
ZWE;Zimbabwe;Other External Debt;USD million / percent;1998-Q4;1201,432892;5,445556058;16,40269264;18,90106034;29,05649864;Quarterly;01/01/80
ZWE;Zimbabwe;Other External Debt;USD million / percent;1999-Q1;1230,40235;5,283285566;16,03238576;17,97965596;43,0782852;Quarterly;01/01/80
ZWE;Zimbabwe;Other External Debt;USD million / percent;1999-Q2;1258,91661;5,491764423;17,25737617;22,50590329;38,68235699;Quarterly;01/01/80
ZWE;Zimbabwe;Other External Debt;USD million / percent;1999-Q3;1275,334583;6,954035517;22,08955342;25,61927708;29,79780987;Quarterly;01/01/80
ZWE;Zimbabwe;Other External Debt;USD million / percent;1999-Q4;1206,412257;4,62335488;14,14634778;34,22098255;28,86922045;Quarterly;01/01/80
ZWE;Zimbabwe;Other External Debt;USD million / percent;2000-Q1;1243,048485;6,682628835;20,76572955;26,56776407;6,355501714;Quarterly;01/01/80
ZWE;Zimbabwe;Other External Debt;USD million / percent;2000-Q2;1260,421703;5,097992527;15,84790108;12,95894828;40,30310249;Quarterly;01/01/80
ZWE;Zimbabwe;Other External Debt;USD million / percent;2000-Q3;1213,742732;5,655103215;17,15226954;32,21346169;44,25826063;Quarterly;01/01/80
ZWE;Zimbabwe;Other External Debt;USD million / percent;2000-Q4;1304,089276;6,74595473;21,58521171;36,66419972;28,37211308;Quarterly;01/01/80
ZWE;Zimbabwe;Other External Debt;USD million / percent;2001-Q1;1298,763297;4,676739026;15,21043431;26,65377077;57,0068569;Quarterly;01/01/80
ZWE;Zimbabwe;Other External Debt;USD million / percent;2001-Q2;1286,342557;3,220494523;10,22733923;26,65654372;32,90825649;Quarterly;01/01/80
ZWE;Zimbabwe;Other External Debt;USD million / percent;2001-Q3;1330,916767;5,856272458;19,37549526;33,13832697;43,15774904;Quarterly;01/01/80
ZWE;Zimbabwe;Other External Debt;USD million / percent;2001-Q4;1332,835664;4,446193693;14,82675269;24,80601711;10,96341093;Quarterly;01/01/80
ZWE;Zimbabwe;Other External Debt;USD million / percent;2002-Q1;1325,377893;5,020736082;16,86327623;40,53363859;44,955255;Quarterly;01/01/80
ZWE;Zimbabwe;Other External Debt;USD million / percent;2002-Q2;1339,916319;4,983453175;16,61965189;30,91273346;53,43165525;Quarterly;01/01/80
ZWE;Zimbabwe;Other External Debt;USD million / percent;2002-Q3;1386,276031;5,840648262;20,00890377;24,06461647;36,15983377;Quarterly;01/01/80
ZWE;Zimbabwe;Other External Debt;USD million / percent;2002-Q4;1404,384397;5,905220244;20,59627172;29,70379637;44,25129676;Quarterly;01/01/80
ZWE;Zimbabwe;Other External Debt;USD million / percent;2003-Q1;1385,418302;6,091699719;21,1054917;24,83256513;36,08390952;Quarterly;01/01/80
ZWE;Zimbabwe;Other External Debt;USD million / percent;2003-Q2;1416,258052;5,240505615;18,38801008;12,22902529;49,60364297;Quarterly;01/01/80
ZWE;Zimbabwe;Other External Debt;USD million / percent;2003-Q3;1471,721763;5,46990214;19,71676985;26,29497175;39,9068904;Quarterly;01/01/80
ZWE;Zimbabwe;Other External Debt;USD million / percent;2003-Q4;1522,150304;6,143221436;23,25252593;16,38829523;43,90263963;Quarterly;01/01/80
ZWE;Zimbabwe;Other External Debt;USD million / percent;2004-Q1;1501,472995;6,749109561;25,48372516;36,81972639;33,66916025;Quarterly;01/01/80
ZWE;Zimbabwe;Other External Debt;USD million / percent;2004-Q2;1472,478632;5,846440214;21,68457085;33,51694682;37,74822808;Quarterly;01/01/80
ZWE;Zimbabwe;Other External Debt;USD million / percent;2004-Q3;1544,501517;6,934831574;26,36606692;30,49746467;17,81847516;Quarterly;01/01/80
ZWE;Zimbabwe;Other External Debt;USD million / percent;2004-Q4;1473,455876;5,852018312;21,74078426;25,13580608;41,05364266;Quarterly;01/01/80
ZWE;Zimbabwe;Other External Debt;USD million / percent;2005-Q1;1442,837295;5,038883007;18,14507682;20,25498161;46,29239976;Quarterly;01/01/80
ZWE;Zimbabwe;Other External Debt;USD million / percent;2005-Q2;1489,305911;6,500286385;24,11594843;13,55027957;47,16660518;Quarterly;01/01/80
ZWE;Zimbabwe;Other External Debt;USD million / percent;2005-Q3;1454,748336;5,630527889;20,7174723;18,42804954;28,20251389;Quarterly;01/01/80
ZWE;Zimbabwe;Other External Debt;USD million / percent;2005-Q4;1483,300515;6,051636718;22,17833677;37,1307024;34,22931707;Quarterly;01/01/80
ZWE;Zimbabwe;Other External Debt;USD million / percent;2006-Q1;1552,696976;5,483588353;20,8088196;40,84321983;39,21440384;Quarterly;01/01/80
ZWE;Zimbabwe;Other External Debt;USD million / percent;2006-Q2;1517,027141;5,205204804;19,7157897;10,19154121;44,2538508;Quarterly;01/01/80
ZWE;Zimbabwe;Other External Debt;USD million / percent;2006-Q3;1541,152681;5,646145432;21,6387119;17,41053191;45,34572119;Quarterly;01/01/80
ZWE;Zimbabwe;Other External Debt;USD million / percent;2006-Q4;1553,728223;5,603461073;21,78932649;31,64911427;34,75769994;Quarterly;01/01/80
ZWE;Zimbabwe;Other External Debt;USD million / percent;2007-Q1;1603,903215;4,549432751;17,98527225;37,30007808;14,83137212;Quarterly;01/01/80
ZWE;Zimbabwe;Other External Debt;USD million / percent;2007-Q2;1674,299174;5,668659535;23,38179084;29,26408064;30,20635315;Quarterly;01/01/80
ZWE;Zimbabwe;Other External Debt;USD million / percent;2007-Q3;1681,837319;5,564393156;23,31150175;29,88809424;46,10375999;Quarterly;01/01/80
ZWE;Zimbabwe;Other External Debt;USD million / percent;2007-Q4;1698,625315;5,696846824;24,16753652;28,78516212;35,59598875;Quarterly;01/01/80
ZWE;Zimbabwe;Other External Debt;USD million / percent;2008-Q1;1708,559545;5,440311108;23,26653876;23,41231622;32,12007518;Quarterly;01/01/80
ZWE;Zimbabwe;Other External Debt;USD million / percent;2008-Q2;1654,499172;4,984321419;20,83015623;26,73845889;16,96061181;Quarterly;01/01/80
ZWE;Zimbabwe;Other External Debt;USD million / percent;2008-Q3;1648,192673;5,119849791;20,74906542;31,84475932;44,05552871;Quarterly;01/01/80
ZWE;Zimbabwe;Other External Debt;USD million / percent;2008-Q4;1661,281954;5,840569776;24,20773323;20,64400767;46,07520387;Quarterly;01/01/80
ZWE;Zimbabwe;Other External Debt;USD million / percent;2009-Q1;1685,016;5,569627198;23,7723637;14,01193198;37,51777746;Quarterly;01/01/80
ZWE;Zimbabwe;Other External Debt;USD million / percent;2009-Q2;1680,188848;4,881392416;20,33804618;8,903268421;8,004860727;Quarterly;01/01/80
ZWE;Zimbabwe;Other External Debt;USD million / percent;2009-Q3;1642,01598;6,614795825;27,4768081;35,47521837;50,87811679;Quarterly;01/01/80
ZWE;Zimbabwe;Other External Debt;USD million / percent;2009-Q4;1591,265831;5,068226331;20,3468708;28,2921086;43,97746766;Quarterly;01/01/80
ZWE;Zimbabwe;Other External Debt;USD million / percent;2010-Q1;1607,513076;6,379300989;25,38027902;36,68960864;59,13202192;Quarterly;01/01/80
ZWE;Zimbabwe;Other External Debt;USD million / percent;2010-Q2;1591,953749;6,361459588;25,16194241;25,38625187;28,63687267;Quarterly;01/01/80
ZWE;Zimbabwe;Other External Debt;USD million / percent;2010-Q3;1665,197917;5,538490225;22,65160649;10,93392443;52,48850548;Quarterly;01/01/80
ZWE;Zimbabwe;Other External Debt;USD million / percent;2010-Q4;1698,772531;5,358746341;22,7194922;23,59777509;31,0255253;Quarterly;01/01/80
ZWE;Zimbabwe;Other External Debt;USD million / percent;2011-Q1;1693,316061;4,578939474;19,24781653;13,94218968;21,57873337;Quarterly;01/01/80
ZWE;Zimbabwe;Other External Debt;USD million / percent;2011-Q2;1675,29991;6,631031587;27,85698711;5,522755994;50,89341109;Quarterly;01/01/80
ZWE;Zimbabwe;Other External Debt;USD million / percent;2011-Q3;1659,639879;6,540390252;27,48293697;22,20142287;47,56592334;Quarterly;01/01/80
ZWE;Zimbabwe;Other External Debt;USD million / percent;2011-Q4;1677,441127;5,306893299;22,25098803;30,91326467;39,84751163;Quarterly;01/01/80
ZWE;Zimbabwe;Other External Debt;USD million / percent;2012-Q1;1652,866944;4,150623;17,13448815;11,76839218;23,94267684;Quarterly;01/01/80
ZWE;Zimbabwe;Other External Debt;USD million / percent;2012-Q2;1620,805984;6,186530164;25,11448842;11,1816048;60,76960596;Quarterly;01/01/80
ZWE;Zimbabwe;Other External Debt;USD million / percent;2012-Q3;1624,3388;6,548432693;26,45742305;17,16882692;34,75361295;Quarterly;01/01/80
ZWE;Zimbabwe;Other External Debt;USD million / percent;2012-Q4;1628,477674;5,106914892;20,65415954;30,16451102;59,67612914;Quarterly;01/01/80
ZWE;Zimbabwe;Other External Debt;USD million / percent;2013-Q1;1583,704307;5,83790701;23,5039944;24,15637651;33,53402612;Quarterly;01/01/80
ZWE;Zimbabwe;Other External Debt;USD million / percent;2013-Q2;1515,065373;5,078299538;19,90603434;10,17731146;32,28455516;Quarterly;01/01/80
ZWE;Zimbabwe;Other External Debt;USD million / percent;2013-Q3;1477,311368;4,626543848;17,10712281;17,75882831;50,33041111;Quarterly;01/01/80
ZWE;Zimbabwe;Other External Debt;USD million / percent;2013-Q4;1494,214608;6,233589526;23,21584704;21,94412092;22,67014166;Quarterly;01/01/80
ZWE;Zimbabwe;Other External Debt;USD million / percent;2014-Q1;1502,146925;6,412083496;24,13104495;28,60028946;26,12855319;Quarterly;01/01/80
ZWE;Zimbabwe;Other External Debt;USD million / percent;2014-Q2;1539,762965;6,683960008;25,42797659;36,73940041;36,44126983;Quarterly;01/01/80
ZWE;Zimbabwe;Other External Debt;USD million / percent;2014-Q3;1515,576317;5,41604208;20,79524274;6,833978017;30,49977425;Quarterly;01/01/80
ZWE;Zimbabwe;Other External Debt;USD million / percent;2014-Q4;1569,942308;6,566902026;25,61112297;22,05256703;36,81750439;Quarterly;01/01/80
ZWE;Zimbabwe;Other External Debt;USD million / percent;2015-Q1;1572,66281;5,696526922;22,56675635;12,75417159;21,93734026;Quarterly;01/01/80
ZWE;Zimbabwe;Other External Debt;USD million / percent;2015-Q2;1533,359665;5,904819883;22,81686938;39,22999724;42,87196523;Quarterly;01/01/80
ZWE;Zimbabwe;Other External Debt;USD million / percent;2015-Q3;1598,672861;5,894785101;23,28122028;21,58392226;40,60324437;Quarterly;01/01/80
ZWE;Zimbabwe;Other External Debt;USD million / percent;2015-Q4;1637,801874;5,514181704;22,53455959;13,79165009;43,75197742;Quarterly;01/01/80
ZWE;Zimbabwe;Other External Debt;USD million / percent;2016-Q1;1644,732007;4,682361277;19,24472439;15,03916833;32,25415622;Quarterly;01/01/80
ZWE;Zimbabwe;Other External Debt;USD million / percent;2016-Q2;1642,497324;5,460896268;22,49571801;25,85188444;29,18857837;Quarterly;01/01/80
ZWE;Zimbabwe;Other External Debt;USD million / percent;2016-Q3;1600,443783;5,250674636;21,26085306;22,1249287;46,36078481;Quarterly;01/01/80
ZWE;Zimbabwe;Other External Debt;USD million / percent;2016-Q4;1588,892355;5,539609437;22,04103751;22,21592715;21,63896706;Quarterly;01/01/80
ZWE;Zimbabwe;Other External Debt;USD million / percent;2017-Q1;1590,121204;6,630971107;26,33121174;17,58187735;35,1391366;Quarterly;01/01/80
ZWE;Zimbabwe;Other External Debt;USD million / percent;2017-Q2;1629,159821;4,493752052;18,19229282;16,53537232;29,56533499;Quarterly;01/01/80
ZWE;Zimbabwe;Other External Debt;USD million / percent;2017-Q3;1592,143913;4,699376412;18,81887085;24,58582322;43,09027242;Quarterly;01/01/80
ZWE;Zimbabwe;Other External Debt;USD million / percent;2017-Q4;1618,532728;4,97396862;20,05909167;35,60824172;21,73347875;Quarterly;01/01/80
ZWE;Zimbabwe;Other External Debt;USD million / percent;2018-Q1;1618,086899;5,676252374;23,20338673;37,22108821;57,44427864;Quarterly;01/01/80
ZWE;Zimbabwe;Other External Debt;USD million / percent;2018-Q2;1585,300754;5,826451029;23,12131708;33,61217529;38,79687091;Quarterly;01/01/80
ZWE;Zimbabwe;Other External Debt;USD million / percent;2018-Q3;1588,075078;7,048269972;27,99857887;42,37370564;37,00320809;Quarterly;01/01/80
ZWE;Zimbabwe;Other External Debt;USD million / percent;2018-Q4;1654,27571;5,978737239;24,30837055;22,95779501;29,48906556;Quarterly;01/01/80
ZWE;Zimbabwe;Other External Debt;USD million / percent;2019-Q1;1640,72002;5,74168446;23,52367857;31,33289883;28,90745428;Quarterly;01/01/80
ZWE;Zimbabwe;Other External Debt;USD million / percent;2019-Q2;1653,742092;6,807988492;27,9035439;20,05193218;45,29998301;Quarterly;01/01/80
ZWE;Zimbabwe;Other External Debt;USD million / percent;2019-Q3;1646,700492;6,22316969;25,76712415;23,42645496;26,06198647;Quarterly;01/01/80
ZWE;Zimbabwe;Other External Debt;USD million / percent;2019-Q4;1654,94919;5,194677694;21,42285603;30,04784917;47,76554813;Quarterly;01/01/80
ZWE;Zimbabwe;Other External Debt;USD million / percent;2020-Q1;1671,485964;6,438780362;26,96481714;27,94397563;29,81639955;Quarterly;01/01/80
ZWE;Zimbabwe;Other External Debt;USD million / percent;2020-Q2;1729,797925;4,378925086;18,88952069;16,94228478;27,54033349;Quarterly;01/01/80
ZWE;Zimbabwe;Other External Debt;USD million / percent;2020-Q3;1766,635378;5,358277233;23,4254382;25,19118934;49,24716144;Quarterly;01/01/80
ZWE;Zimbabwe;Other External Debt;USD million / percent;2020-Q4;1785,927864;5,550732657;24,72052543;23,90863959;46,75930173;Quarterly;01/01/80
ZWE;Zimbabwe;Other External Debt;USD million / percent;2021-Q1;1793,541479;5,572504272;24,99473548;21,13030009;40,88103334;Quarterly;01/01/80
ZWE;Zimbabwe;Other External Debt;USD million / percent;2021-Q2;1794,143444;4,429057228;19,89240022;13,40051138;42,04988719;Quarterly;01/01/80
ZWE;Zimbabwe;Other External Debt;USD million / percent;2021-Q3;1803,113667;5,401424721;24,34105014;31,75804567;55,50573235;Quarterly;01/01/80
ZWE;Zimbabwe;Other External Debt;USD million / percent;2021-Q4;1823,418347;5,850828453;26,67184887;22,41065881;45,02732859;Quarterly;01/01/80
ZWE;Zimbabwe;Other External Debt;USD million / percent;2022-Q1;1804,431789;5,36516167;24,38123243;24,30605888;49,17163037;Quarterly;01/01/80
ZWE;Zimbabwe;Other External Debt;USD million / percent;2022-Q2;1785,110801;5,117174631;22,91865263;18,41936687;46,75269487;Quarterly;01/01/80
ZWE;Zimbabwe;Other External Debt;USD million / percent;2022-Q3;1795,987076;4,757805946;21,60072691;24,66826115;26,79965386;Quarterly;01/01/80
ZWE;Zimbabwe;Other External Debt;USD million / percent;2022-Q4;1819,973622;5,219570187;23,64868684;12,74032268;25,67142455;Quarterly;01/01/80
ZWE;Zimbabwe;Other External Debt;USD million / percent;2023-Q1;1856,188172;5,733460124;26,48920693;24,56454279;19,35169153;Quarterly;01/01/80
ZWE;Zimbabwe;Other External Debt;USD million / percent;2023-Q2;1860,657935;6,32542349;29,48309378;23,77005917;64,63187883;Quarterly;01/01/80
ZWE;Zimbabwe;Other External Debt;USD million / percent;2023-Q3;1850,742472;4,705821127;21,94667521;30,16676879;36,41375844;Quarterly;01/01/80
ZWE;Zimbabwe;Other External Debt;USD million / percent;2023-Q4;1884,111896;5,111173436;24,05205992;23,05519568;46,53825811;Quarterly;01/01/80
ZWE;Zimbabwe;Other External Debt;USD million / percent;2024-Q1;1845,518863;6,723713806;31,22837223;26,69255996;27,55917368;Quarterly;01/01/80
ZWE;Zimbabwe;Other External Debt;USD million / percent;2024-Q2;1857,814587;6,784756793;31,27645008;17,68553471;12,63405481;Quarterly;01/01/80
ZWE;Zimbabwe;Other External Debt;USD million / percent;2024-Q3;1827,896859;5,881560163;27,02673646;15,16732775;60,81250415;Quarterly;01/01/80
ZWE;Zimbabwe;Other External Debt;USD million / percent;2024-Q4;1902,567594;4,604658487;21,6709134;27,29202052;34,31886171;Quarterly;01/01/80
ZWE;Zimbabwe;Other External Debt;USD million / percent;2025-Q1;1896,921236;5,001650038;23,80454581;17,61166798;46,44905555;Quarterly;01/01/80
ZWE;Zimbabwe;Other External Debt;USD million / percent;2025-Q2;1899,670733;5,023975904;23,835422;18,65419235;9,096068323;Quarterly;01/01/80
ZWE;Zimbabwe;Other External Debt;USD million / percent;2025-Q3;1924,910605;5,151413512;24,54459343;22,19648002;25,28608625;Quarterly;01/01/80
ZWE;Zimbabwe;Other External Debt;USD million / percent;2025-Q4;1937,606753;6,662979611;32,4345718;20,06404449;48,31902029;Quarterly;01/01/80
ZWE;Zimbabwe;Other External Debt;USD million / percent;2026-Q1;1974,019629;6,614983776;32,51392643;23,94773224;30,20487217;Quarterly;01/01/80
ZWE;Zimbabwe;Other External Debt;USD million / percent;2026-Q2;1977,686715;4,750664568;23,53474914;24,23009114;28,64698111;Quarterly;01/01/80
ZWE;Zimbabwe;Other External Debt;USD million / percent;2026-Q3;1856,310385;5,385450707;25,59263385;19,44887932;46,56125892;Quarterly;01/01/80
ZWE;Zimbabwe;Sovereign Loans;USD million / percent;1980-Q1;392,0806631;4,45918595;4,388562341;20,24389023;13,22589251;Quarterly;01/01/80
ZWE;Zimbabwe;Sovereign Loans;USD million / percent;1980-Q2;371,5217947;6,439638516;6,173365279;25,96786014;30,36239944;Quarterly;01/01/80
ZWE;Zimbabwe;Sovereign Loans;USD million / percent;1980-Q3;382,838646;5,578872478;5,04119532;32,38026936;28,95049001;Quarterly;01/01/80
ZWE;Zimbabwe;Sovereign Loans;USD million / percent;1980-Q4;332,6628211;5,620997973;5,116672831;31,82665139;35,68362989;Quarterly;01/01/80
ZWE;Zimbabwe;Sovereign Loans;USD million / percent;1981-Q1;402,8866837;6,226442424;6,115968155;30,049904;22,5583916;Quarterly;01/01/80
ZWE;Zimbabwe;Sovereign Loans;USD million / percent;1981-Q2;400,2976985;4,96278724;4,872866918;17,82384428;33,67627027;Quarterly;01/01/80
ZWE;Zimbabwe;Sovereign Loans;USD million / percent;1981-Q3;418,7702628;5,635330839;6,030334271;26,7695398;22,11361556;Quarterly;01/01/80
ZWE;Zimbabwe;Sovereign Loans;USD million / percent;1981-Q4;444,163733;6,229085656;6,911083956;14,47671962;39,87480753;Quarterly;01/01/80
ZWE;Zimbabwe;Sovereign Loans;USD million / percent;1982-Q1;483,8905081;5,529386822;6,642747178;16,97273127;26,28442015;Quarterly;01/01/80
ZWE;Zimbabwe;Sovereign Loans;USD million / percent;1982-Q2;484,6497185;4,250814417;5,481241993;28,21925051;31,27401033;Quarterly;01/01/80
ZWE;Zimbabwe;Sovereign Loans;USD million / percent;1982-Q3;486,1642302;5,335352686;6,452919321;13,41546921;39,36650894;Quarterly;01/01/80
ZWE;Zimbabwe;Sovereign Loans;USD million / percent;1982-Q4;485,6980536;6,651765173;7,709377718;37,25091777;42,75342047;Quarterly;01/01/80
ZWE;Zimbabwe;Sovereign Loans;USD million / percent;1983-Q1;499,1618645;4,62256471;5,597626871;24,39079155;30,64028576;Quarterly;01/01/80
ZWE;Zimbabwe;Sovereign Loans;USD million / percent;1983-Q2;473,988996;6,001963442;7,298641266;26,47326052;30,00399871;Quarterly;01/01/80
ZWE;Zimbabwe;Sovereign Loans;USD million / percent;1983-Q3;486,6147986;3,951724996;4,692967395;12,12737768;23,62390734;Quarterly;01/01/80
ZWE;Zimbabwe;Sovereign Loans;USD million / percent;1983-Q4;538,3850935;4,249448325;5,47924717;24,79872168;33,8802246;Quarterly;01/01/80
ZWE;Zimbabwe;Sovereign Loans;USD million / percent;1984-Q1;621,4531822;5,751399383;8,439814765;27,32863779;48,26020992;Quarterly;01/01/80
ZWE;Zimbabwe;Sovereign Loans;USD million / percent;1984-Q2;645,082967;5,88909874;9,519071562;30,35414662;28,42992928;Quarterly;01/01/80
ZWE;Zimbabwe;Sovereign Loans;USD million / percent;1984-Q3;636,0328174;5,671116409;9,155555816;10,65154332;19,99610201;Quarterly;01/01/80
ZWE;Zimbabwe;Sovereign Loans;USD million / percent;1984-Q4;646,3840756;7,139605263;11,53622695;26,21995833;11,42263152;Quarterly;01/01/80
ZWE;Zimbabwe;Sovereign Loans;USD million / percent;1985-Q1;675,3835701;6,325886914;10,70465314;25,69848575;31,81698452;Quarterly;01/01/80
ZWE;Zimbabwe;Sovereign Loans;USD million / percent;1985-Q2;644,395107;5,397538899;8,820551198;31,69021148;48,25547995;Quarterly;01/01/80
ZWE;Zimbabwe;Sovereign Loans;USD million / percent;1985-Q3;604,4095152;5,745794258;8,918115045;19,88602952;27,15613533;Quarterly;01/01/80
ZWE;Zimbabwe;Sovereign Loans;USD million / percent;1985-Q4;595,7220107;5,642737914;8,37035416;30,11091251;47,6510155;Quarterly;01/01/80
ZWE;Zimbabwe;Sovereign Loans;USD million / percent;1986-Q1;570,5754518;5,18325785;7,405360235;23,33829969;55,55992313;Quarterly;01/01/80
ZWE;Zimbabwe;Sovereign Loans;USD million / percent;1986-Q2;519,6072793;6,270658434;8,525725228;25,08728383;37,47763909;Quarterly;01/01/80
ZWE;Zimbabwe;Sovereign Loans;USD million / percent;1986-Q3;540,7808316;4,851865013;6,401061585;25,57638321;40,56876599;Quarterly;01/01/80
ZWE;Zimbabwe;Sovereign Loans;USD million / percent;1986-Q4;531,7106704;5,565361642;7,441551953;22,16707213;56,62760368;Quarterly;01/01/80
ZWE;Zimbabwe;Sovereign Loans;USD million / percent;1987-Q1;541,7831994;5,267356718;7,124615057;17,61589074;21,00282028;Quarterly;01/01/80
ZWE;Zimbabwe;Sovereign Loans;USD million / percent;1987-Q2;590,4207836;5,156065544;7,423903184;26,39519101;47,0304455;Quarterly;01/01/80
ZWE;Zimbabwe;Sovereign Loans;USD million / percent;1987-Q3;575,4873269;5,506588918;8,401024403;19,36070743;16,23865703;Quarterly;01/01/80
ZWE;Zimbabwe;Sovereign Loans;USD million / percent;1987-Q4;589,58768;4,192245759;6,134585;22,0634177;28,12585953;Quarterly;01/01/80
ZWE;Zimbabwe;Sovereign Loans;USD million / percent;1988-Q1;548,4434278;5,318871969;7,265703665;15,0278601;54,0791693;Quarterly;01/01/80
ZWE;Zimbabwe;Sovereign Loans;USD million / percent;1988-Q2;599,0535958;5,644796457;8,100571312;25,45103395;46,63248854;Quarterly;01/01/80
ZWE;Zimbabwe;Sovereign Loans;USD million / percent;1988-Q3;595,851051;5,91271488;8,896747469;27,39602595;45,09719534;Quarterly;01/01/80
ZWE;Zimbabwe;Sovereign Loans;USD million / percent;1988-Q4;665,7175011;6,2397283;9,915623311;22,99574928;19,81701869;Quarterly;01/01/80
ZWE;Zimbabwe;Sovereign Loans;USD million / percent;1989-Q1;696,8188773;4,866058942;8,294018911;19,77091525;43,7488555;Quarterly;01/01/80
ZWE;Zimbabwe;Sovereign Loans;USD million / percent;1989-Q2;672,2654616;6,817635542;11,60912916;25,49178404;29,36617215;Quarterly;01/01/80
ZWE;Zimbabwe;Sovereign Loans;USD million / percent;1989-Q3;727,1227283;5,375002345;9,498609009;19,17551386;40,54476601;Quarterly;01/01/80
ZWE;Zimbabwe;Sovereign Loans;USD million / percent;1989-Q4;709,4542294;5,693380316;10,05673171;20,72088886;51,40374865;Quarterly;01/01/80
ZWE;Zimbabwe;Sovereign Loans;USD million / percent;1990-Q1;759,9033775;5,363861724;9,968020316;35,85451775;26,08520848;Quarterly;01/01/80
ZWE;Zimbabwe;Sovereign Loans;USD million / percent;1990-Q2;712,0960125;4,363353501;8,062615128;26,33597707;4,436072656;Quarterly;01/01/80
ZWE;Zimbabwe;Sovereign Loans;USD million / percent;1990-Q3;691,2294826;5,098881208;8,792371927;22,81001952;38,11338798;Quarterly;01/01/80
ZWE;Zimbabwe;Sovereign Loans;USD million / percent;1990-Q4;651,3014239;5,060818723;8,268469595;16,94574733;33,40149591;Quarterly;01/01/80
ZWE;Zimbabwe;Sovereign Loans;USD million / percent;1991-Q1;662,2379037;5,94939708;9,782681766;24,35221455;29,85792038;Quarterly;01/01/80
ZWE;Zimbabwe;Sovereign Loans;USD million / percent;1991-Q2;682,6052074;5,084028167;8,60043907;26,12897778;44,01642728;Quarterly;01/01/80
ZWE;Zimbabwe;Sovereign Loans;USD million / percent;1991-Q3;682,611344;6,117302;10,52600931;13,62842142;18,62453196;Quarterly;01/01/80
ZWE;Zimbabwe;Sovereign Loans;USD million / percent;1991-Q4;668,8025955;6,020053619;10,12028361;24,17827661;16,81358016;Quarterly;01/01/80
ZWE;Zimbabwe;Sovereign Loans;USD million / percent;1992-Q1;643,0949271;3,510657958;5,74616332;13,80270629;54,05919785;Quarterly;01/01/80
ZWE;Zimbabwe;Sovereign Loans;USD million / percent;1992-Q2;661,306848;6,251613832;10,22616768;26,84118753;34,88037185;Quarterly;01/01/80
ZWE;Zimbabwe;Sovereign Loans;USD million / percent;1992-Q3;662,637279;5,306923226;8,523500475;35,3636103;23,07814785;Quarterly;01/01/80
ZWE;Zimbabwe;Sovereign Loans;USD million / percent;1992-Q4;688,5282572;4,693521814;7,919385898;16,96747365;7,659115554;Quarterly;01/01/80
ZWE;Zimbabwe;Sovereign Loans;USD million / percent;1993-Q1;692,7026012;5,926633556;10,514216;35,5765638;52,57984009;Quarterly;01/01/80
ZWE;Zimbabwe;Sovereign Loans;USD million / percent;1993-Q2;736,3509086;6,896600034;12,34191676;19,67111615;12,00245408;Quarterly;01/01/80
ZWE;Zimbabwe;Sovereign Loans;USD million / percent;1993-Q3;759,4181427;5,512776153;10,27240264;17,9205445;49,17800131;Quarterly;01/01/80
ZWE;Zimbabwe;Sovereign Loans;USD million / percent;1993-Q4;796,4152204;5,022667897;9,792129623;25,32209892;53,55524716;Quarterly;01/01/80
ZWE;Zimbabwe;Sovereign Loans;USD million / percent;1994-Q1;785,3291804;6,186766092;12,04336906;25,85032185;38,65900791;Quarterly;01/01/80
ZWE;Zimbabwe;Sovereign Loans;USD million / percent;1994-Q2;779,400043;4,392251865;8,466099324;17,73328738;16,68074081;Quarterly;01/01/80
ZWE;Zimbabwe;Sovereign Loans;USD million / percent;1994-Q3;865,9312418;5,292354286;10,8373656;33,00701029;51,07899524;Quarterly;01/01/80
ZWE;Zimbabwe;Sovereign Loans;USD million / percent;1994-Q4;873,8140849;5,400932197;12,02225548;20,87776037;41,04790234;Quarterly;01/01/80
ZWE;Zimbabwe;Sovereign Loans;USD million / percent;1995-Q1;916,2002518;5,19524229;11,75737513;15,99627744;31,67582376;Quarterly;01/01/80
ZWE;Zimbabwe;Sovereign Loans;USD million / percent;1995-Q2;903,9597636;7,331106116;16,68597014;15,58784261;25,35104715;Quarterly;01/01/80
ZWE;Zimbabwe;Sovereign Loans;USD million / percent;1995-Q3;895,5329876;6,04531899;13,70797387;18,51579202;36,53752142;Quarterly;01/01/80
ZWE;Zimbabwe;Sovereign Loans;USD million / percent;1995-Q4;877,8493928;4,727955782;10,24889099;25,27471538;24,70579427;Quarterly;01/01/80
ZWE;Zimbabwe;Sovereign Loans;USD million / percent;1996-Q1;874,2328595;6,116243787;13,45028037;26,84793906;47,23415305;Quarterly;01/01/80
ZWE;Zimbabwe;Sovereign Loans;USD million / percent;1996-Q2;880,0919417;6,977386262;15,4891329;12,65262212;24,00181491;Quarterly;01/01/80
ZWE;Zimbabwe;Sovereign Loans;USD million / percent;1996-Q3;896,7588141;5,74635242;12,77459846;13,97130318;57,02586505;Quarterly;01/01/80
ZWE;Zimbabwe;Sovereign Loans;USD million / percent;1996-Q4;893,9983998;5,644119431;12,40836739;26,0579008;62,5040904;Quarterly;01/01/80
ZWE;Zimbabwe;Sovereign Loans;USD million / percent;1997-Q1;898,2148721;4,514516086;10,37579797;21,66628894;51,6218103;Quarterly;01/01/80
ZWE;Zimbabwe;Sovereign Loans;USD million / percent;1997-Q2;884,0256857;5,573505737;12,38857968;28,27030585;29,18808591;Quarterly;01/01/80
ZWE;Zimbabwe;Sovereign Loans;USD million / percent;1997-Q3;961,2899391;5,60646373;13,05103048;25,69940278;49,4440215;Quarterly;01/01/80
ZWE;Zimbabwe;Sovereign Loans;USD million / percent;1997-Q4;980,5851734;4,253881855;10,24185395;32,94343945;36,25689144;Quarterly;01/01/80
ZWE;Zimbabwe;Sovereign Loans;USD million / percent;1998-Q1;995,8786869;6,143946125;15,18946433;13,91196689;49,38397421;Quarterly;01/01/80
ZWE;Zimbabwe;Sovereign Loans;USD million / percent;1998-Q2;941,3907253;6,789098955;16,37018735;19,87436413;25,09091207;Quarterly;01/01/80
ZWE;Zimbabwe;Sovereign Loans;USD million / percent;1998-Q3;929,2149389;6,072300138;14,31861707;37,22083168;30,29827073;Quarterly;01/01/80
ZWE;Zimbabwe;Sovereign Loans;USD million / percent;1998-Q4;917,2461115;3,662464146;8,429791852;30,95247607;37,71953468;Quarterly;01/01/80
ZWE;Zimbabwe;Sovereign Loans;USD million / percent;1999-Q1;917,2020832;6,373791944;14,48203267;21,22055876;19,54046843;Quarterly;01/01/80
ZWE;Zimbabwe;Sovereign Loans;USD million / percent;1999-Q2;923,8664168;5,214234847;11,9760846;22,87775702;35,12105953;Quarterly;01/01/80
ZWE;Zimbabwe;Sovereign Loans;USD million / percent;1999-Q3;920,1333978;5,705966094;13,26901547;11,28833739;30,74274675;Quarterly;01/01/80
ZWE;Zimbabwe;Sovereign Loans;USD million / percent;1999-Q4;929,4501936;6,120226096;13,89310732;28,3654382;58,61625165;Quarterly;01/01/80
ZWE;Zimbabwe;Sovereign Loans;USD million / percent;2000-Q1;991,9937098;5,93794179;14,49404373;32,61648806;33,91374853;Quarterly;01/01/80
ZWE;Zimbabwe;Sovereign Loans;USD million / percent;2000-Q2;1000,304544;5,003680756;12,32491127;26,86933088;45,09174987;Quarterly;01/01/80
ZWE;Zimbabwe;Sovereign Loans;USD million / percent;2000-Q3;980,3653534;4,335516121;10,61526857;17,32633716;39,91064597;Quarterly;01/01/80
ZWE;Zimbabwe;Sovereign Loans;USD million / percent;2000-Q4;924,8755676;5,661278871;13,30262079;24,13636151;32,06209372;Quarterly;01/01/80
ZWE;Zimbabwe;Sovereign Loans;USD million / percent;2001-Q1;958,0170881;4,881063346;11,65547684;26,42657528;45,5359694;Quarterly;01/01/80
ZWE;Zimbabwe;Sovereign Loans;USD million / percent;2001-Q2;932,9467726;6,030709653;14,28351689;43,18423836;47,47234449;Quarterly;01/01/80
ZWE;Zimbabwe;Sovereign Loans;USD million / percent;2001-Q3;923,3791956;4,588684741;10,69656279;26,20866712;52,50952433;Quarterly;01/01/80
ZWE;Zimbabwe;Sovereign Loans;USD million / percent;2001-Q4;942,3912368;5,91055769;13,80052369;28,68802926;33,5530955;Quarterly;01/01/80
ZWE;Zimbabwe;Sovereign Loans;USD million / percent;2002-Q1;937,9177098;5,687670472;13,2924077;17,56392612;47,52823709;Quarterly;01/01/80
ZWE;Zimbabwe;Sovereign Loans;USD million / percent;2002-Q2;896,145914;5,22538897;11,6519755;24,15830797;40,25940434;Quarterly;01/01/80
ZWE;Zimbabwe;Sovereign Loans;USD million / percent;2002-Q3;842,4401462;5,613140952;12,27046722;21,43036703;31,18412219;Quarterly;01/01/80
ZWE;Zimbabwe;Sovereign Loans;USD million / percent;2002-Q4;892,2250518;4,912143307;10,48593508;38,90221223;42,15542909;Quarterly;01/01/80
ZWE;Zimbabwe;Sovereign Loans;USD million / percent;2003-Q1;962,4020332;6,461696918;15,31518751;43,38468671;39,85944006;Quarterly;01/01/80
ZWE;Zimbabwe;Sovereign Loans;USD million / percent;2003-Q2;998,1281598;6,013660815;14,75836538;29,80857841;30,03696905;Quarterly;01/01/80
ZWE;Zimbabwe;Sovereign Loans;USD million / percent;2003-Q3;1041,023776;5,648632043;14,68427075;16,93129973;36,49989955;Quarterly;01/01/80
ZWE;Zimbabwe;Sovereign Loans;USD million / percent;2003-Q4;1035,090157;4,388275319;11,42986279;17,27063333;41,20582858;Quarterly;01/01/80
ZWE;Zimbabwe;Sovereign Loans;USD million / percent;2004-Q1;1053,146943;6,062085171;16,21562664;30,42067404;18,2960804;Quarterly;01/01/80
ZWE;Zimbabwe;Sovereign Loans;USD million / percent;2004-Q2;1093,65286;3,637319703;9,849500372;32,37413348;61,25069581;Quarterly;01/01/80
ZWE;Zimbabwe;Sovereign Loans;USD million / percent;2004-Q3;1082,65144;5,851912827;15,74911329;24,39666572;25,5255967;Quarterly;01/01/80
ZWE;Zimbabwe;Sovereign Loans;USD million / percent;2004-Q4;1056,846129;4,386469588;11,67569455;26,98032847;33,37260128;Quarterly;01/01/80
ZWE;Zimbabwe;Sovereign Loans;USD million / percent;2005-Q1;1102,958672;5,743756662;15,45488184;16,70069949;21,7345214;Quarterly;01/01/80
ZWE;Zimbabwe;Sovereign Loans;USD million / percent;2005-Q2;1116,503751;5,385795095;14,96219517;35,43771237;42,32457558;Quarterly;01/01/80
ZWE;Zimbabwe;Sovereign Loans;USD million / percent;2005-Q3;1174,801049;3,64564822;10,50567685;5,872219172;40,75393586;Quarterly;01/01/80
ZWE;Zimbabwe;Sovereign Loans;USD million / percent;2005-Q4;1206,125521;6,552151733;19,79882446;18,40943612;31,31099911;Quarterly;01/01/80
ZWE;Zimbabwe;Sovereign Loans;USD million / percent;2006-Q1;1221,33094;5,262875395;16,2909268;17,20863149;37,18943603;Quarterly;01/01/80
ZWE;Zimbabwe;Sovereign Loans;USD million / percent;2006-Q2;1222,225806;5,515981717;16,99285375;29,55877108;34,67209678;Quarterly;01/01/80
ZWE;Zimbabwe;Sovereign Loans;USD million / percent;2006-Q3;1208,972246;5,386626653;16,31352696;16,8619581;37,87585309;Quarterly;01/01/80
ZWE;Zimbabwe;Sovereign Loans;USD million / percent;2006-Q4;1234,46875;5,130318484;15,5505736;11,41369106;32,75282278;Quarterly;01/01/80
ZWE;Zimbabwe;Sovereign Loans;USD million / percent;2007-Q1;1245,480828;5,436234011;16,91178962;26,34351597;30,85395093;Quarterly;01/01/80
ZWE;Zimbabwe;Sovereign Loans;USD million / percent;2007-Q2;1307,03087;5,348418294;17,35591573;20,5762469;21,76119737;Quarterly;01/01/80
ZWE;Zimbabwe;Sovereign Loans;USD million / percent;2007-Q3;1315,764278;5,853610218;19,26454563;35,30898394;41,23691872;Quarterly;01/01/80
ZWE;Zimbabwe;Sovereign Loans;USD million / percent;2007-Q4;1313,022753;5,750869617;18,95253643;21,26229005;20,20507254;Quarterly;01/01/80
ZWE;Zimbabwe;Sovereign Loans;USD million / percent;2008-Q1;1356,404849;4,199507249;13,98479343;20,11091612;27,4532512;Quarterly;01/01/80
ZWE;Zimbabwe;Sovereign Loans;USD million / percent;2008-Q2;1398,237543;5,546290791;19,43554599;18,41718627;57,57809291;Quarterly;01/01/80
ZWE;Zimbabwe;Sovereign Loans;USD million / percent;2008-Q3;1426,361683;5,413456107;19,19031147;31,63850523;23,08454576;Quarterly;01/01/80
ZWE;Zimbabwe;Sovereign Loans;USD million / percent;2008-Q4;1408,511425;4,974615304;17,49746951;29,39415832;36,84350515;Quarterly;01/01/80
ZWE;Zimbabwe;Sovereign Loans;USD million / percent;2009-Q1;1384,804141;5,510190615;19,15565468;15,85960208;50,88506259;Quarterly;01/01/80
ZWE;Zimbabwe;Sovereign Loans;USD million / percent;2009-Q2;1382,538714;5,366872863;18,62721677;10,6227395;28,32169075;Quarterly;01/01/80
ZWE;Zimbabwe;Sovereign Loans;USD million / percent;2009-Q3;1379,377383;5,83556455;19,87976456;11,93190952;36,08230617;Quarterly;01/01/80
ZWE;Zimbabwe;Sovereign Loans;USD million / percent;2009-Q4;1402,049881;5,162683556;17,95736928;7,195290122;12,74834629;Quarterly;01/01/80
ZWE;Zimbabwe;Sovereign Loans;USD million / percent;2010-Q1;1396,507443;5,190351803;18,24097876;31,68319628;35,56677552;Quarterly;01/01/80
ZWE;Zimbabwe;Sovereign Loans;USD million / percent;2010-Q2;1425,261232;5,360401344;18,81442674;21,14655786;68,71540628;Quarterly;01/01/80
ZWE;Zimbabwe;Sovereign Loans;USD million / percent;2010-Q3;1399,93875;5,391289677;19,04169992;22,36362308;30,06465362;Quarterly;01/01/80
ZWE;Zimbabwe;Sovereign Loans;USD million / percent;2010-Q4;1413,709961;5,773776022;20,30999675;24,93227314;40,73404962;Quarterly;01/01/80
ZWE;Zimbabwe;Sovereign Loans;USD million / percent;2011-Q1;1384,111121;6,839035212;23,80316751;28,19078767;19,85798034;Quarterly;01/01/80
ZWE;Zimbabwe;Sovereign Loans;USD million / percent;2011-Q2;1373,770629;5,16496777;17,70712452;12,15996277;40,70712117;Quarterly;01/01/80
ZWE;Zimbabwe;Sovereign Loans;USD million / percent;2011-Q3;1362,546315;6,62785508;23,01355851;21,15132529;45,25012067;Quarterly;01/01/80
ZWE;Zimbabwe;Sovereign Loans;USD million / percent;2011-Q4;1260,444782;4,775067835;15,43859696;17,32125292;27,37266412;Quarterly;01/01/80
ZWE;Zimbabwe;Sovereign Loans;USD million / percent;2012-Q1;1239,175319;5,07832696;15,79501906;33,16794861;38,16821682;Quarterly;01/01/80
ZWE;Zimbabwe;Sovereign Loans;USD million / percent;2012-Q2;1267,683116;6,514665883;20,39300535;24,32754496;41,40356939;Quarterly;01/01/80
ZWE;Zimbabwe;Sovereign Loans;USD million / percent;2012-Q3;1263,005085;5,903581093;18,69300293;37,0547739;67,08526398;Quarterly;01/01/80
ZWE;Zimbabwe;Sovereign Loans;USD million / percent;2012-Q4;1319,870465;6,080915026;19,75292412;28,09745511;43,3683376;Quarterly;01/01/80
ZWE;Zimbabwe;Sovereign Loans;USD million / percent;2013-Q1;1270,103163;4,61379666;14,72445236;28,01551084;37,71637904;Quarterly;01/01/80
ZWE;Zimbabwe;Sovereign Loans;USD million / percent;2013-Q2;1200,819071;5,85421692;17,80638835;15,83276967;30,0057709;Quarterly;01/01/80
ZWE;Zimbabwe;Sovereign Loans;USD million / percent;2013-Q3;1179,955768;4,885270659;14,48107315;32,8225039;55,34528605;Quarterly;01/01/80
ZWE;Zimbabwe;Sovereign Loans;USD million / percent;2013-Q4;1177,170357;5,279162648;15,74054038;25,77612732;8,402584897;Quarterly;01/01/80
ZWE;Zimbabwe;Sovereign Loans;USD million / percent;2014-Q1;1189,432212;5,699979369;16,9235305;19,4183242;39,91503594;Quarterly;01/01/80
ZWE;Zimbabwe;Sovereign Loans;USD million / percent;2014-Q2;1169,092178;5,131853367;14,96326576;32,52403337;23,58700406;Quarterly;01/01/80
ZWE;Zimbabwe;Sovereign Loans;USD million / percent;2014-Q3;1190,003316;4,732627121;13,98656582;26,93037351;21,41741813;Quarterly;01/01/80
ZWE;Zimbabwe;Sovereign Loans;USD million / percent;2014-Q4;1154,035365;5,362513541;15,80095627;47,94527693;38,66298083;Quarterly;01/01/80
ZWE;Zimbabwe;Sovereign Loans;USD million / percent;2015-Q1;1194,785727;5,927364403;17,33889317;17,75519047;65,53246294;Quarterly;01/01/80
ZWE;Zimbabwe;Sovereign Loans;USD million / percent;2015-Q2;1174,976854;4,503334747;13,45684032;37,16593908;33,04606917;Quarterly;01/01/80
ZWE;Zimbabwe;Sovereign Loans;USD million / percent;2015-Q3;1146,523381;4,005591447;11,63701794;18,76470293;13,59959015;Quarterly;01/01/80
ZWE;Zimbabwe;Sovereign Loans;USD million / percent;2015-Q4;1110,419222;5,206685375;14,5694537;22,5890005;51,38460648;Quarterly;01/01/80
ZWE;Zimbabwe;Sovereign Loans;USD million / percent;2016-Q1;1167,067037;4,797515291;13,74234638;13,77873415;42,32107538;Quarterly;01/01/80
ZWE;Zimbabwe;Sovereign Loans;USD million / percent;2016-Q2;1104,375983;4,458267644;12,34898663;8,097786993;11,84955268;Quarterly;01/01/80
ZWE;Zimbabwe;Sovereign Loans;USD million / percent;2016-Q3;1142,630289;7,119522605;19,87533617;47,00133566;46,95868191;Quarterly;01/01/80
ZWE;Zimbabwe;Sovereign Loans;USD million / percent;2016-Q4;1072,703232;5,882919535;16,10617697;18,3395076;27,78677019;Quarterly;01/01/80
ZWE;Zimbabwe;Sovereign Loans;USD million / percent;2017-Q1;1096,454726;4,636987996;12,57891824;18,84808042;7,375867596;Quarterly;01/01/80
ZWE;Zimbabwe;Sovereign Loans;USD million / percent;2017-Q2;1103,579053;4,243626295;11,68626689;32,20034514;74,99637837;Quarterly;01/01/80
ZWE;Zimbabwe;Sovereign Loans;USD million / percent;2017-Q3;1144,799681;6,71864073;19,13619792;25,58782316;32,73845243;Quarterly;01/01/80
ZWE;Zimbabwe;Sovereign Loans;USD million / percent;2017-Q4;1185,789756;4,988163201;14,62862288;12,29229173;33,87420139;Quarterly;01/01/80
ZWE;Zimbabwe;Sovereign Loans;USD million / percent;2018-Q1;1209,254751;6,917348891;21,0463733;21,98413538;49,88556339;Quarterly;01/01/80
ZWE;Zimbabwe;Sovereign Loans;USD million / percent;2018-Q2;1203,971089;4,671779451;14,02502618;33,01017046;23,59908688;Quarterly;01/01/80
ZWE;Zimbabwe;Sovereign Loans;USD million / percent;2018-Q3;1157,560227;4,141383486;12,29183726;19,33409882;15,93645598;Quarterly;01/01/80
ZWE;Zimbabwe;Sovereign Loans;USD million / percent;2018-Q4;1278,878298;5,180803912;16,27533735;28,54243496;48,88650504;Quarterly;01/01/80
ZWE;Zimbabwe;Sovereign Loans;USD million / percent;2019-Q1;1312,605313;5,921943946;19,41072807;26,70250215;15,52591539;Quarterly;01/01/80
ZWE;Zimbabwe;Sovereign Loans;USD million / percent;2019-Q2;1329,148313;6,590478239;21,78665165;32,96653077;38,27375552;Quarterly;01/01/80
ZWE;Zimbabwe;Sovereign Loans;USD million / percent;2019-Q3;1369,686001;4,479683621;15,01120623;23,23352095;84,08289161;Quarterly;01/01/80
ZWE;Zimbabwe;Sovereign Loans;USD million / percent;2019-Q4;1368,7867;6,704780502;22,97923699;16,57267618;21,22391241;Quarterly;01/01/80
ZWE;Zimbabwe;Sovereign Loans;USD million / percent;2020-Q1;1344,479576;5,32043823;18,04451212;19,75277093;60,68507645;Quarterly;01/01/80
ZWE;Zimbabwe;Sovereign Loans;USD million / percent;2020-Q2;1352,120537;5,111706652;17,31203825;23,81071952;37,82855022;Quarterly;01/01/80
ZWE;Zimbabwe;Sovereign Loans;USD million / percent;2020-Q3;1334,342137;6,588518718;22,10826945;29,50654418;23,96491194;Quarterly;01/01/80
ZWE;Zimbabwe;Sovereign Loans;USD million / percent;2020-Q4;1346,801327;5,979498393;19,97752565;14,86643724;31,13489867;Quarterly;01/01/80
ZWE;Zimbabwe;Sovereign Loans;USD million / percent;2021-Q1;1326,345279;4,526098786;15,28994945;39,89467273;34,71412409;Quarterly;01/01/80
ZWE;Zimbabwe;Sovereign Loans;USD million / percent;2021-Q2;1288,667824;5,397229111;17,42868023;34,02342779;52,5238226;Quarterly;01/01/80
ZWE;Zimbabwe;Sovereign Loans;USD million / percent;2021-Q3;1291,661182;5,9173993;19,00372244;19,54031151;42,75971152;Quarterly;01/01/80
ZWE;Zimbabwe;Sovereign Loans;USD million / percent;2021-Q4;1282,906706;4,252949249;13,51907668;35,2562836;41,46657828;Quarterly;01/01/80
ZWE;Zimbabwe;Sovereign Loans;USD million / percent;2022-Q1;1246,376389;5,334045457;16,78111465;28,08813581;25,53361197;Quarterly;01/01/80
ZWE;Zimbabwe;Sovereign Loans;USD million / percent;2022-Q2;1197,488051;4,511724749;13,70242619;29,55039364;38,77436673;Quarterly;01/01/80
ZWE;Zimbabwe;Sovereign Loans;USD million / percent;2022-Q3;1176,332463;4,944383601;14,61940907;6,43851265;77,06747679;Quarterly;01/01/80
ZWE;Zimbabwe;Sovereign Loans;USD million / percent;2022-Q4;1173,485189;6,652327299;19,65889741;31,97379909;47,42173734;Quarterly;01/01/80
ZWE;Zimbabwe;Sovereign Loans;USD million / percent;2023-Q1;1205,949358;4,727972828;14,1219848;2,57919782;48,57218817;Quarterly;01/01/80
ZWE;Zimbabwe;Sovereign Loans;USD million / percent;2023-Q2;1193,384574;4,903853817;14,83177862;27,48771731;38,4133079;Quarterly;01/01/80
ZWE;Zimbabwe;Sovereign Loans;USD million / percent;2023-Q3;1099,89444;4,900277605;13,93913763;16,04024321;34,75085705;Quarterly;01/01/80
ZWE;Zimbabwe;Sovereign Loans;USD million / percent;2023-Q4;1105,864558;6,195776997;16,96642909;24,2374371;42,11358144;Quarterly;01/01/80
ZWE;Zimbabwe;Sovereign Loans;USD million / percent;2024-Q1;1080,563743;4,930185544;13,51390963;21,87625684;47,63273417;Quarterly;01/01/80
ZWE;Zimbabwe;Sovereign Loans;USD million / percent;2024-Q2;1033,074965;6,032649889;15,87984838;29,83519001;60,27725237;Quarterly;01/01/80
ZWE;Zimbabwe;Sovereign Loans;USD million / percent;2024-Q3;1052,465277;5,716216997;15,00283018;25,54898141;51,58976527;Quarterly;01/01/80
ZWE;Zimbabwe;Sovereign Loans;USD million / percent;2024-Q4;1070,183415;4,705684088;12,54960691;33,33582814;39,92350195;Quarterly;01/01/80
ZWE;Zimbabwe;Sovereign Loans;USD million / percent;2025-Q1;1038,932516;4,492979025;11,92598595;17,65235575;36,88249257;Quarterly;01/01/80
ZWE;Zimbabwe;Sovereign Loans;USD million / percent;2025-Q2;1027,025259;5,059703912;13,00036346;19,69443462;18,91790939;Quarterly;01/01/80
ZWE;Zimbabwe;Sovereign Loans;USD million / percent;2025-Q3;1068,824191;5,097383989;13,38192359;13,33794273;21,90161254;Quarterly;01/01/80
ZWE;Zimbabwe;Sovereign Loans;USD million / percent;2025-Q4;1047,279457;5,362356009;14,17187612;24,10715498;36,10190964;Quarterly;01/01/80
ZWE;Zimbabwe;Sovereign Loans;USD million / percent;2026-Q1;1125,775627;6,450486283;17,62472152;29,26544817;20,32689923;Quarterly;01/01/80
ZWE;Zimbabwe;Sovereign Loans;USD million / percent;2026-Q2;1107,822609;6,039457768;16,91478941;13,97125359;23,62238346;Quarterly;01/01/80
ZWE;Zimbabwe;Sovereign Loans;USD million / percent;2026-Q3;1060,351147;5,731325312;15,46525611;25,26460833;47,1932802;Quarterly;01/01/80