date;sector;inflows;outflows;reinvested_earnings;net_fdi;iso3;country;unit
01/01/80;Mining;6,112883926;2,344180039;1,385545645;5,154249533;ZWE;Zimbabwe;USD million
01/01/80;Manufacturing;8,061472007;3,084414325;0,552580242;5,529637924;ZWE;Zimbabwe;USD million
01/01/80;Agriculture;1,564030577;0,415859938;0,206971954;1,355142593;ZWE;Zimbabwe;USD million
01/01/80;Energy;2,464024511;0,693922457;0,570003588;2,340105642;ZWE;Zimbabwe;USD million
01/01/80;Finance;9,202466597;0,478212928;3,019926484;11,74418015;ZWE;Zimbabwe;USD million
01/01/80;ICT;7,299478467;1,445209448;1,188769456;7,043038475;ZWE;Zimbabwe;USD million
01/01/80;Tourism;1,354536338;0,395766158;0,350440905;1,309211084;ZWE;Zimbabwe;USD million
01/01/80;Transport;4,013858335;0,767764982;0,626288958;3,87238231;ZWE;Zimbabwe;USD million
01/01/80;Other;2,68057694;0,520024022;0,379295605;2,539848524;ZWE;Zimbabwe;USD million
01/02/80;Mining;2,154217898;0,580455055;0,457228932;2,030991775;ZWE;Zimbabwe;USD million
01/02/80;Manufacturing;3,903508436;0,239876232;1,026360303;4,689992508;ZWE;Zimbabwe;USD million
01/02/80;Agriculture;6,047343572;2,126696241;1,840911757;5,761559087;ZWE;Zimbabwe;USD million
01/02/80;Energy;0,886979321;0,32571271;0,085684252;0,646950862;ZWE;Zimbabwe;USD million
01/02/80;Finance;7,022442074;1,025517426;1,6976565;7,694581149;ZWE;Zimbabwe;USD million
01/02/80;ICT;2,872829081;1,109002574;0,903807181;2,667633688;ZWE;Zimbabwe;USD million
01/02/80;Tourism;3,027205751;0,81163719;0,916243033;3,131811595;ZWE;Zimbabwe;USD million
01/02/80;Transport;10,58358319;3,956198189;3,136103531;9,76348853;ZWE;Zimbabwe;USD million
01/02/80;Other;7,320476844;2,656029781;1,788462032;6,452909095;ZWE;Zimbabwe;USD million
01/03/80;Mining;7,209157617;1,047226565;0,779779304;6,941710356;ZWE;Zimbabwe;USD million
01/03/80;Manufacturing;2,546284008;0,336632282;0,443944773;2,653596498;ZWE;Zimbabwe;USD million
01/03/80;Agriculture;4,631448122;1,849932527;0,918537063;3,700052658;ZWE;Zimbabwe;USD million
01/03/80;Energy;7,434394179;1,409092056;0,569749393;6,595051516;ZWE;Zimbabwe;USD million
01/03/80;Finance;2,11983484;0,172927266;0,216727087;2,163634661;ZWE;Zimbabwe;USD million
01/03/80;ICT;6,190045436;0,866710719;1,374542134;6,69787685;ZWE;Zimbabwe;USD million
01/03/80;Tourism;11,16612589;4,112281182;2,294785473;9,348630177;ZWE;Zimbabwe;USD million
01/03/80;Transport;2,420595767;0,65672579;0,568493039;2,332363016;ZWE;Zimbabwe;USD million
01/03/80;Other;3,157496964;0,217608489;1,029649785;3,96953826;ZWE;Zimbabwe;USD million
01/04/80;Mining;5,589514612;0,647454675;1,855541942;6,797601878;ZWE;Zimbabwe;USD million
01/04/80;Manufacturing;5,698092065;1,333936974;1,401634749;5,76578984;ZWE;Zimbabwe;USD million
01/04/80;Agriculture;2,865122705;0,870356336;0,633436732;2,6282031;ZWE;Zimbabwe;USD million
01/04/80;Energy;11,96538648;3,669590823;2,044410224;10,34020588;ZWE;Zimbabwe;USD million
01/04/80;Finance;7,384528137;1,369260905;2,31300978;8,328277012;ZWE;Zimbabwe;USD million
01/04/80;ICT;9,620607656;2,783124178;2,491333386;9,328816863;ZWE;Zimbabwe;USD million
01/04/80;Tourism;7,95602651;1,305925951;1,402926194;8,053026753;ZWE;Zimbabwe;USD million
01/04/80;Transport;5,05724012;1,824274695;1,428372445;4,66133787;ZWE;Zimbabwe;USD million
01/04/80;Other;3,419332965;1,19799752;1,086078473;3,307413918;ZWE;Zimbabwe;USD million
01/05/80;Mining;5,06426733;0,438968995;0,788231391;5,413529726;ZWE;Zimbabwe;USD million
01/05/80;Manufacturing;3,60571448;1,123996923;1,062801339;3,544518897;ZWE;Zimbabwe;USD million
01/05/80;Agriculture;2,514373128;0,673112304;0,161653341;2,002914164;ZWE;Zimbabwe;USD million
01/05/80;Energy;4,38778722;1,023103541;0,470906499;3,835590178;ZWE;Zimbabwe;USD million
01/05/80;Finance;1,878424092;0,168830612;0,204438069;1,914031548;ZWE;Zimbabwe;USD million
01/05/80;ICT;7,274805253;2,020460599;0,929274121;6,183618775;ZWE;Zimbabwe;USD million
01/05/80;Tourism;3,375421473;0,497900493;0,396134141;3,273655121;ZWE;Zimbabwe;USD million
01/05/80;Transport;5,992982747;2,246226688;2,030827927;5,777583986;ZWE;Zimbabwe;USD million
01/05/80;Other;4,076035576;0,427598851;1,219385142;4,867821867;ZWE;Zimbabwe;USD million
01/06/80;Mining;6,404019091;1,020292705;1,398125373;6,781851759;ZWE;Zimbabwe;USD million
01/06/80;Manufacturing;5,912893118;1,42846718;1,063017643;5,547443581;ZWE;Zimbabwe;USD million
01/06/80;Agriculture;1,913226616;0,437580236;0,320374619;1,796020999;ZWE;Zimbabwe;USD million
01/06/80;Energy;2,88967454;0,196085619;0,442982427;3,136571348;ZWE;Zimbabwe;USD million
01/06/80;Finance;3,834993714;1,397437948;0,254108703;2,691664469;ZWE;Zimbabwe;USD million
01/06/80;ICT;2,971564375;1,10382696;0,481309828;2,349047243;ZWE;Zimbabwe;USD million
01/06/80;Tourism;1,760717771;0,314228649;0,418209103;1,864698225;ZWE;Zimbabwe;USD million
01/06/80;Transport;1,711245322;0,486528142;0,457928376;1,682645556;ZWE;Zimbabwe;USD million
01/06/80;Other;4,777667538;0,380281138;0,298282635;4,695669034;ZWE;Zimbabwe;USD million
01/07/80;Mining;2,765872721;0,402320029;0,68826666;3,051819352;ZWE;Zimbabwe;USD million
01/07/80;Manufacturing;3,768233484;1,267021029;0,406878667;2,908091122;ZWE;Zimbabwe;USD million
01/07/80;Agriculture;1,659874826;0,272555508;0,173589428;1,560908747;ZWE;Zimbabwe;USD million
01/07/80;Energy;2,174493746;0,523422029;0,749777692;2,400849409;ZWE;Zimbabwe;USD million
01/07/80;Finance;6,209889113;1,040911767;1,812970753;6,981948099;ZWE;Zimbabwe;USD million
01/07/80;ICT;7,40153496;0,883309649;0,855692808;7,373918119;ZWE;Zimbabwe;USD million
01/07/80;Tourism;7,553567845;2,887928961;1,731160525;6,396799409;ZWE;Zimbabwe;USD million
01/07/80;Transport;7,813724121;1,498940753;1,90104548;8,215828847;ZWE;Zimbabwe;USD million
01/07/80;Other;4,967766373;1,604901774;1,493246428;4,856111027;ZWE;Zimbabwe;USD million
01/08/80;Mining;2,927299245;0,761967788;0,747838012;2,913169469;ZWE;Zimbabwe;USD million
01/08/80;Manufacturing;3,732624914;0,241524701;0,320780224;3,811880437;ZWE;Zimbabwe;USD million
01/08/80;Agriculture;8,405187264;3,158762614;1,225277894;6,471702544;ZWE;Zimbabwe;USD million
01/08/80;Energy;9,496184877;3,601655878;2,024790814;7,919319813;ZWE;Zimbabwe;USD million
01/08/80;Finance;6,652881279;0,55146646;1,690681653;7,792096471;ZWE;Zimbabwe;USD million
01/08/80;ICT;2,711777847;0,327293849;0,426892911;2,811376909;ZWE;Zimbabwe;USD million
01/08/80;Tourism;3,589416566;0,56745513;1,155774032;4,177735468;ZWE;Zimbabwe;USD million
01/08/80;Transport;9,138049197;2,205731363;1,273434601;8,205752435;ZWE;Zimbabwe;USD million
01/08/80;Other;4,166796149;0,287884116;0,903781077;4,78269311;ZWE;Zimbabwe;USD million
01/09/80;Mining;2,115106812;0,584790046;0,297781657;1,828098424;ZWE;Zimbabwe;USD million
01/09/80;Manufacturing;5,874356371;1,035117196;1,400254034;6,239493208;ZWE;Zimbabwe;USD million
01/09/80;Agriculture;2,645243951;0,724934032;0,285952188;2,206262108;ZWE;Zimbabwe;USD million
01/09/80;Energy;4,19046437;1,309721731;1,140966816;4,021709455;ZWE;Zimbabwe;USD million
01/09/80;Finance;3,519556099;0,578087141;0,370969283;3,312438241;ZWE;Zimbabwe;USD million
01/09/80;ICT;3,754088224;1,325059225;0,375740347;2,804769346;ZWE;Zimbabwe;USD million
01/09/80;Tourism;6,621809569;1,260822587;1,316334338;6,67732132;ZWE;Zimbabwe;USD million
01/09/80;Transport;2,613023738;0,824838445;0,538120235;2,326305528;ZWE;Zimbabwe;USD million
01/09/80;Other;2,769235924;0,161770775;0,71497166;3,322436809;ZWE;Zimbabwe;USD million
01/10/80;Mining;5,956538672;0,752115822;1,053422292;6,257845142;ZWE;Zimbabwe;USD million
01/10/80;Manufacturing;5,354770655;0,876838018;0,580041025;5,057973662;ZWE;Zimbabwe;USD million
01/10/80;Agriculture;7,68736212;2,492289257;1,813326286;7,008399148;ZWE;Zimbabwe;USD million
01/10/80;Energy;4,109076476;1,222750404;0,853647832;3,739973904;ZWE;Zimbabwe;USD million
01/10/80;Finance;7,201450469;1,94348942;0,449037814;5,706998863;ZWE;Zimbabwe;USD million
01/10/80;ICT;5,442618414;1,170669495;1,588972235;5,860921155;ZWE;Zimbabwe;USD million
01/10/80;Tourism;7,912270085;0,846354096;0,865422187;7,931338176;ZWE;Zimbabwe;USD million
01/10/80;Transport;1,021968251;0,312112089;0,181531384;0,891387546;ZWE;Zimbabwe;USD million
01/10/80;Other;6,040283121;0,358911298;1,930796416;7,612168239;ZWE;Zimbabwe;USD million
01/11/80;Mining;2,236309857;0,756129804;0,32751835;1,807698403;ZWE;Zimbabwe;USD million
01/11/80;Manufacturing;9,557727334;2,245825659;0,811171593;8,123073269;ZWE;Zimbabwe;USD million
01/11/80;Agriculture;4,550011107;0,925518187;1,409092734;5,033585654;ZWE;Zimbabwe;USD million
01/11/80;Energy;3,927823415;0,535004236;0,206224454;3,599043633;ZWE;Zimbabwe;USD million
01/11/80;Finance;3,313573159;1,182818119;0,843387784;2,974142824;ZWE;Zimbabwe;USD million
01/11/80;ICT;2,060286329;0,330001998;0,586839632;2,317123964;ZWE;Zimbabwe;USD million
01/11/80;Tourism;1,836241401;0,357802728;0,300902535;1,779341208;ZWE;Zimbabwe;USD million
01/11/80;Transport;3,058352715;0,588480143;0,689511751;3,159384324;ZWE;Zimbabwe;USD million
01/11/80;Other;7,553635312;2,166544284;0,826139589;6,213230617;ZWE;Zimbabwe;USD million
01/12/80;Mining;7,705261492;0,952293264;2,367406881;9,120375109;ZWE;Zimbabwe;USD million
01/12/80;Manufacturing;1,189935806;0,080936659;0,100436787;1,209435934;ZWE;Zimbabwe;USD million
01/12/80;Agriculture;7,916439379;0,487946304;0,801604025;8,230097101;ZWE;Zimbabwe;USD million
01/12/80;Energy;5,997454499;1,273017384;0,400548458;5,124985573;ZWE;Zimbabwe;USD million
01/12/80;Finance;8,141187878;1,183426033;1,070460735;8,02822258;ZWE;Zimbabwe;USD million
01/12/80;ICT;1,993438413;0,70303489;0,158914428;1,449317951;ZWE;Zimbabwe;USD million
01/12/80;Tourism;4,286747434;0,300542355;0,334988653;4,321193731;ZWE;Zimbabwe;USD million
01/12/80;Transport;5,534091837;1,74373166;1,625850425;5,416210601;ZWE;Zimbabwe;USD million
01/12/80;Other;1,064674809;0,41093692;0,091400248;0,745138138;ZWE;Zimbabwe;USD million
01/01/81;Mining;6,651946974;0,757443477;0,620849226;6,515352723;ZWE;Zimbabwe;USD million
01/01/81;Manufacturing;6,874135324;1,905221936;1,509577805;6,478491193;ZWE;Zimbabwe;USD million
01/01/81;Agriculture;2,328623447;0,169518995;0,625779445;2,784883897;ZWE;Zimbabwe;USD million
01/01/81;Energy;1,707767309;0,289753424;0,395796688;1,813810573;ZWE;Zimbabwe;USD million
01/01/81;Finance;9,033212548;3,421193441;0,834875513;6,446894621;ZWE;Zimbabwe;USD million
01/01/81;ICT;3,76896667;1,469102192;0,193266446;2,493130925;ZWE;Zimbabwe;USD million
01/01/81;Tourism;7,502417871;2,778690584;0,829132532;5,55285982;ZWE;Zimbabwe;USD million
01/01/81;Transport;6,578574128;0,380222615;1,076768197;7,275119709;ZWE;Zimbabwe;USD million
01/01/81;Other;2,567225389;0,59291876;0,262434993;2,236741622;ZWE;Zimbabwe;USD million
01/02/81;Mining;3,149375136;0,661591189;0,878375123;3,36615907;ZWE;Zimbabwe;USD million
01/02/81;Manufacturing;3,161866332;1,099844677;0,764126327;2,826147981;ZWE;Zimbabwe;USD million
01/02/81;Agriculture;5,716680946;0,954674516;1,506484371;6,268490801;ZWE;Zimbabwe;USD million
01/02/81;Energy;3,651431624;0,592473678;0,236892972;3,295850918;ZWE;Zimbabwe;USD million
01/02/81;Finance;5,077201435;0,90726031;1,416082993;5,586024118;ZWE;Zimbabwe;USD million
01/02/81;ICT;7,988490939;1,673133453;1,480565784;7,79592327;ZWE;Zimbabwe;USD million
01/02/81;Tourism;6,144027701;2,402994904;2,122029911;5,863062708;ZWE;Zimbabwe;USD million
01/02/81;Transport;4,338947516;0,884047457;0,280364184;3,735264244;ZWE;Zimbabwe;USD million
01/02/81;Other;10,45881871;1,839137611;2,46288863;11,08256973;ZWE;Zimbabwe;USD million
01/03/81;Mining;7,284434018;1,581804346;1,060599419;6,763229092;ZWE;Zimbabwe;USD million
01/03/81;Manufacturing;4,861376249;0,838997611;1,67296951;5,695348147;ZWE;Zimbabwe;USD million
01/03/81;Agriculture;7,547805551;1,474044313;0,387767994;6,461529231;ZWE;Zimbabwe;USD million
01/03/81;Energy;3,562052243;1,273140805;0,379696436;2,668607874;ZWE;Zimbabwe;USD million
01/03/81;Finance;3,625717768;0,378075943;1,07492973;4,322571555;ZWE;Zimbabwe;USD million
01/03/81;ICT;1,163949079;0,306162336;0,233519468;1,091306211;ZWE;Zimbabwe;USD million
01/03/81;Tourism;4,485396928;0,462341532;0,748979975;4,772035372;ZWE;Zimbabwe;USD million
01/03/81;Transport;6,594036349;0,89311363;0,508616399;6,209539118;ZWE;Zimbabwe;USD million
01/03/81;Other;5,38972499;0,280251541;0,423260967;5,532734417;ZWE;Zimbabwe;USD million
01/04/81;Mining;4,07354276;0,254344948;0,819765683;4,638963495;ZWE;Zimbabwe;USD million
01/04/81;Manufacturing;2,748494409;0,559625089;0,519219529;2,708088848;ZWE;Zimbabwe;USD million
01/04/81;Agriculture;5,611938832;1,916406973;1,036055201;4,73158706;ZWE;Zimbabwe;USD million
01/04/81;Energy;3,819361046;0,693494398;0,304241048;3,430107696;ZWE;Zimbabwe;USD million
01/04/81;Finance;3,343467106;0,43311363;0,517754239;3,428107716;ZWE;Zimbabwe;USD million
01/04/81;ICT;6,660963541;1,547500409;0,724758739;5,838221871;ZWE;Zimbabwe;USD million
01/04/81;Tourism;5,277735256;0,776069272;0,305653182;4,807319166;ZWE;Zimbabwe;USD million
01/04/81;Transport;4,645078875;0,434643171;0,87739585;5,087831555;ZWE;Zimbabwe;USD million
01/04/81;Other;2,928269545;0,282438568;0,897516417;3,543347394;ZWE;Zimbabwe;USD million
01/05/81;Mining;3,315395984;1,284381319;1,127383643;3,158398308;ZWE;Zimbabwe;USD million
01/05/81;Manufacturing;3,561158712;0,482017651;0,625794742;3,704935802;ZWE;Zimbabwe;USD million
01/05/81;Agriculture;2,770430764;0,141583008;0,945983833;3,574831589;ZWE;Zimbabwe;USD million
01/05/81;Energy;8,036390473;2,593529177;1,583706619;7,026567915;ZWE;Zimbabwe;USD million
01/05/81;Finance;1,725295229;0,613521794;0,171578507;1,283351942;ZWE;Zimbabwe;USD million
01/05/81;ICT;4,836889509;1,349703195;0,600560616;4,08774693;ZWE;Zimbabwe;USD million
01/05/81;Tourism;3,229712119;0,384012205;0,768864354;3,614564267;ZWE;Zimbabwe;USD million
01/05/81;Transport;9,703506606;1,710384625;3,158626713;11,15174869;ZWE;Zimbabwe;USD million
01/05/81;Other;6,147059317;1,1844944;0,613407983;5,5759729;ZWE;Zimbabwe;USD million
01/06/81;Mining;4,48864818;0,952479308;1,15909585;4,695264722;ZWE;Zimbabwe;USD million
01/06/81;Manufacturing;7,064691336;2,209125009;2,213185639;7,068751966;ZWE;Zimbabwe;USD million
01/06/81;Agriculture;5,397999811;0,368571378;1,091286522;6,120714956;ZWE;Zimbabwe;USD million
01/06/81;Energy;10,84660229;1,180582147;1,237154086;10,90317423;ZWE;Zimbabwe;USD million
01/06/81;Finance;9,75847309;2,821177436;1,909123191;8,846418846;ZWE;Zimbabwe;USD million
01/06/81;ICT;5,571101487;1,8304497;1,013123985;4,753775773;ZWE;Zimbabwe;USD million
01/06/81;Tourism;3,897615644;0,536373518;0,930424976;4,291667102;ZWE;Zimbabwe;USD million
01/06/81;Transport;5,779509001;1,131365985;1,358917239;6,007060256;ZWE;Zimbabwe;USD million
01/06/81;Other;8,177912615;2,130132492;2,218912864;8,266692987;ZWE;Zimbabwe;USD million
01/07/81;Mining;7,434617789;1,607692824;0,937054422;6,763979387;ZWE;Zimbabwe;USD million
01/07/81;Manufacturing;4,17640024;0,734417654;1,352235575;4,794218161;ZWE;Zimbabwe;USD million
01/07/81;Agriculture;9,496007489;2,45862067;1,04660637;8,083993189;ZWE;Zimbabwe;USD million
01/07/81;Energy;6,11412044;1,92250859;0,576871065;4,768482916;ZWE;Zimbabwe;USD million
01/07/81;Finance;2,589621606;0,316951561;0,669783944;2,942453989;ZWE;Zimbabwe;USD million
01/07/81;ICT;2,037107264;0,190986833;0,613790201;2,459910631;ZWE;Zimbabwe;USD million
01/07/81;Tourism;11,48540541;2,380591339;2,449498463;11,55431254;ZWE;Zimbabwe;USD million
01/07/81;Transport;1,941643559;0,282877806;0,484961006;2,143726759;ZWE;Zimbabwe;USD million
01/07/81;Other;5,3551066;1,633770769;1,151166399;4,872502231;ZWE;Zimbabwe;USD million
01/08/81;Mining;2,843781758;0,23380455;0,736318483;3,346295691;ZWE;Zimbabwe;USD million
01/08/81;Manufacturing;1,507545316;0,115140475;0,445492439;1,837897281;ZWE;Zimbabwe;USD million
01/08/81;Agriculture;9,414879407;2,850525473;2,569659378;9,134013311;ZWE;Zimbabwe;USD million
01/08/81;Energy;1,914838961;0,098485021;0,367179201;2,183533141;ZWE;Zimbabwe;USD million
01/08/81;Finance;7,967124068;3,169776031;2,74480497;7,542153007;ZWE;Zimbabwe;USD million
01/08/81;ICT;3,540598177;0,453985307;0,331981319;3,418594189;ZWE;Zimbabwe;USD million
01/08/81;Tourism;11,02124889;4,288427498;3,254942384;9,987763772;ZWE;Zimbabwe;USD million
01/08/81;Transport;6,17297441;1,765216677;0,64848196;5,056239693;ZWE;Zimbabwe;USD million
01/08/81;Other;2,579013424;0,878137628;0,888869578;2,589745375;ZWE;Zimbabwe;USD million
01/09/81;Mining;3,76060423;0,377027473;0,200381766;3,583958522;ZWE;Zimbabwe;USD million
01/09/81;Manufacturing;5,81784337;1,996665871;0,349509034;4,170686533;ZWE;Zimbabwe;USD million
01/09/81;Agriculture;7,320727091;1,728902729;2,53995849;8,131782852;ZWE;Zimbabwe;USD million
01/09/81;Energy;3,922979717;0,643525685;0,27161797;3,551072002;ZWE;Zimbabwe;USD million
01/09/81;Finance;2,66081243;0,825393477;0,266914399;2,102333352;ZWE;Zimbabwe;USD million
01/09/81;ICT;2,909955729;0,642255389;0,460525929;2,728226269;ZWE;Zimbabwe;USD million
01/09/81;Tourism;4,702078247;1,058307388;1,059370909;4,703141769;ZWE;Zimbabwe;USD million
01/09/81;Transport;3,800084889;0,816985109;0,821911723;3,805011503;ZWE;Zimbabwe;USD million
01/09/81;Other;6,944033661;2,713264818;0,782018432;5,012787275;ZWE;Zimbabwe;USD million
01/10/81;Mining;8,908136891;2,959038996;2,210997488;8,160095383;ZWE;Zimbabwe;USD million
01/10/81;Manufacturing;2,052220546;0,681412744;0,526830229;1,897638031;ZWE;Zimbabwe;USD million
01/10/81;Agriculture;3,985119212;0,433633733;0,243528421;3,795013901;ZWE;Zimbabwe;USD million
01/10/81;Energy;5,613779198;1,306431245;0,890673877;5,198021829;ZWE;Zimbabwe;USD million
01/10/81;Finance;3,527192855;1,171869004;0,269043801;2,624367652;ZWE;Zimbabwe;USD million
01/10/81;ICT;1,481995485;0,121585104;0,162209193;1,522619574;ZWE;Zimbabwe;USD million
01/10/81;Tourism;2,450324722;0,653310634;0,60981147;2,406825557;ZWE;Zimbabwe;USD million
01/10/81;Transport;3,576329485;0,415657142;0,890893405;4,051565748;ZWE;Zimbabwe;USD million
01/10/81;Other;4,444311037;0,527830369;0,223773197;4,140253865;ZWE;Zimbabwe;USD million
01/11/81;Mining;3,447570772;0,664227939;0,902965029;3,686307862;ZWE;Zimbabwe;USD million
01/11/81;Manufacturing;5,514888599;1,603519091;1,873359924;5,784729431;ZWE;Zimbabwe;USD million
01/11/81;Agriculture;2,635305494;0,953629388;0,365071322;2,046747428;ZWE;Zimbabwe;USD million
01/11/81;Energy;6,105844149;0,390816879;1,32347097;7,03849824;ZWE;Zimbabwe;USD million
01/11/81;Finance;2,666568517;0,496145506;0,16641293;2,33683594;ZWE;Zimbabwe;USD million
01/11/81;ICT;8,497595526;0,809740941;1,595952457;9,283807043;ZWE;Zimbabwe;USD million
01/11/81;Tourism;6,792975686;0,471421172;1,736225207;8,057779721;ZWE;Zimbabwe;USD million
01/11/81;Transport;6,300507667;1,196452785;1,47720297;6,581257852;ZWE;Zimbabwe;USD million
01/11/81;Other;4,012378243;1,546285088;1,002199987;3,468293143;ZWE;Zimbabwe;USD million
01/12/81;Mining;8,375989781;0,494604377;0,73453385;8,615919255;ZWE;Zimbabwe;USD million
01/12/81;Manufacturing;3,461581295;1,32209386;0,292116959;2,431604394;ZWE;Zimbabwe;USD million
01/12/81;Agriculture;3,950970454;1,094267404;0,90035308;3,75705613;ZWE;Zimbabwe;USD million
01/12/81;Energy;5,547462376;1,968943105;1,287035529;4,8655548;ZWE;Zimbabwe;USD million
01/12/81;Finance;3,922777074;0,197474343;0,919344788;4,644647519;ZWE;Zimbabwe;USD million
01/12/81;ICT;8,378159642;0,748552679;1,056346619;8,685953581;ZWE;Zimbabwe;USD million
01/12/81;Tourism;12,83853706;4,882847989;4,108239937;12,063929;ZWE;Zimbabwe;USD million
01/12/81;Transport;9,35270288;3,641420053;0,478841144;6,190123971;ZWE;Zimbabwe;USD million
01/12/81;Other;3,176586478;0,86686599;0,37342222;2,683142708;ZWE;Zimbabwe;USD million
01/01/82;Mining;2,330960566;0,457155041;0,141607617;2,015413142;ZWE;Zimbabwe;USD million
01/01/82;Manufacturing;7,557389311;0,943265144;2,438356861;9,052481029;ZWE;Zimbabwe;USD million
01/01/82;Agriculture;5,829613059;2,310763645;1,594176067;5,113025481;ZWE;Zimbabwe;USD million
01/01/82;Energy;1,651849951;0,221436818;0,559779172;1,990192305;ZWE;Zimbabwe;USD million
01/01/82;Finance;2,744414714;1,061345671;0,789008465;2,472077508;ZWE;Zimbabwe;USD million
01/01/82;ICT;2,235218053;0,816283336;0,133755244;1,552689961;ZWE;Zimbabwe;USD million
01/01/82;Tourism;2,375023179;0,864392857;0,371972584;1,882602906;ZWE;Zimbabwe;USD million
01/01/82;Transport;2,419291925;0,706821202;0,794205593;2,506676316;ZWE;Zimbabwe;USD million
01/01/82;Other;9,945459479;2,669980762;1,180504379;8,455983097;ZWE;Zimbabwe;USD million
01/02/82;Mining;5,211451491;1,814291202;0,627659426;4,024819714;ZWE;Zimbabwe;USD million
01/02/82;Manufacturing;1,301543483;0,422340432;0,35297412;1,23217717;ZWE;Zimbabwe;USD million
01/02/82;Agriculture;6,067250105;1,231020675;2,094111371;6,930340801;ZWE;Zimbabwe;USD million
01/02/82;Energy;15,48093705;4,691940254;2,829206579;13,61820337;ZWE;Zimbabwe;USD million
01/02/82;Finance;2,001812544;0,782620794;0,414122052;1,633313802;ZWE;Zimbabwe;USD million
01/02/82;ICT;4,359328762;0,547454017;1,35696737;5,168842115;ZWE;Zimbabwe;USD million
01/02/82;Tourism;3,641833798;1,314101772;0,687537806;3,015269832;ZWE;Zimbabwe;USD million
01/02/82;Transport;5,266302376;1,097524717;0,986358553;5,155136211;ZWE;Zimbabwe;USD million
01/02/82;Other;8,545783842;1,720611938;2,886413966;9,71158587;ZWE;Zimbabwe;USD million
01/03/82;Mining;7,446657142;2,143134693;1,981189681;7,28471213;ZWE;Zimbabwe;USD million
01/03/82;Manufacturing;5,960697527;1,842001425;0,521927656;4,640623758;ZWE;Zimbabwe;USD million
01/03/82;Agriculture;1,682458928;0,349951781;0,367745142;1,700252289;ZWE;Zimbabwe;USD million
01/03/82;Energy;3,804202512;0,663230291;0,55507895;3,696051171;ZWE;Zimbabwe;USD million
01/03/82;Finance;8,344228776;3,021882025;1,852222278;7,174569029;ZWE;Zimbabwe;USD million
01/03/82;ICT;8,935737113;0,480542878;1,908134945;10,36332918;ZWE;Zimbabwe;USD million
01/03/82;Tourism;4,417518412;0,997610495;1,329995997;4,749903913;ZWE;Zimbabwe;USD million
01/03/82;Transport;4,778648382;1,411325698;1,179498548;4,546821231;ZWE;Zimbabwe;USD million
01/03/82;Other;1,46409036;0,07466839;0,213772558;1,603194528;ZWE;Zimbabwe;USD million
01/04/82;Mining;5,114652995;1,066404818;0,703222429;4,751470606;ZWE;Zimbabwe;USD million
01/04/82;Manufacturing;7,654670001;1,857949036;0,413846118;6,210567083;ZWE;Zimbabwe;USD million
01/04/82;Agriculture;3,527740738;0,838708356;1,110174153;3,799206536;ZWE;Zimbabwe;USD million
01/04/82;Energy;8,040511236;2,622139991;1,668914941;7,087286187;ZWE;Zimbabwe;USD million
01/04/82;Finance;8,487298295;2,786850965;0,807288861;6,50773619;ZWE;Zimbabwe;USD million
01/04/82;ICT;1,821264451;0,290356059;0,124482038;1,655390429;ZWE;Zimbabwe;USD million
01/04/82;Tourism;8,257007484;2,857896684;2,524435816;7,923546616;ZWE;Zimbabwe;USD million
01/04/82;Transport;7,019738347;1,856917587;0,806213677;5,969034437;ZWE;Zimbabwe;USD million
01/04/82;Other;4,669804853;1,171317175;0,607341964;4,105829642;ZWE;Zimbabwe;USD million
01/05/82;Mining;1,293342336;0,300153969;0,080855781;1,074044147;ZWE;Zimbabwe;USD million
01/05/82;Manufacturing;9,177589584;2,271330381;2,311372376;9,217631578;ZWE;Zimbabwe;USD million
01/05/82;Agriculture;9,378815446;2,779615642;1,013734168;7,612933973;ZWE;Zimbabwe;USD million
01/05/82;Energy;6,705994529;0,353765015;0,58407806;6,936307574;ZWE;Zimbabwe;USD million
01/05/82;Finance;1,214048054;0,425993656;0,290030131;1,078084529;ZWE;Zimbabwe;USD million
01/05/82;ICT;2,536341452;0,396478427;0,35217453;2,492037555;ZWE;Zimbabwe;USD million
01/05/82;Tourism;2,409386405;0,794148498;0,6152384;2,230476307;ZWE;Zimbabwe;USD million
01/05/82;Transport;4,934529708;0,414950498;1,372295253;5,891874463;ZWE;Zimbabwe;USD million
01/05/82;Other;8,921616272;0,799214995;2,939579544;11,06198082;ZWE;Zimbabwe;USD million
01/06/82;Mining;6,361516495;0,438886931;1,818531111;7,741160675;ZWE;Zimbabwe;USD million
01/06/82;Manufacturing;2,220370575;0,466279355;0,451816114;2,205907334;ZWE;Zimbabwe;USD million
01/06/82;Agriculture;2,433111971;0,884268435;0,466001474;2,01484501;ZWE;Zimbabwe;USD million
01/06/82;Energy;5,5859461;0,87471412;0,670589268;5,381821248;ZWE;Zimbabwe;USD million
01/06/82;Finance;5,367062428;1,589046236;0,765601636;4,543617828;ZWE;Zimbabwe;USD million
01/06/82;ICT;3,315418058;0,84975095;0,54232765;3,007994758;ZWE;Zimbabwe;USD million
01/06/82;Tourism;9,860398181;2,475223412;2,628608653;10,01378342;ZWE;Zimbabwe;USD million
01/06/82;Transport;6,404096302;2,051561297;1,857229836;6,209764842;ZWE;Zimbabwe;USD million
01/06/82;Other;1,545129106;0,532766298;0,319334445;1,331697252;ZWE;Zimbabwe;USD million
01/07/82;Mining;2,068179402;0,181127109;0,716480948;2,603533241;ZWE;Zimbabwe;USD million
01/07/82;Manufacturing;2,352603528;0,59381319;0,576792015;2,335582353;ZWE;Zimbabwe;USD million
01/07/82;Agriculture;4,894284924;1,385522875;1,34270659;4,851468639;ZWE;Zimbabwe;USD million
01/07/82;Energy;13,43399194;0,977846555;0,76319569;13,21934107;ZWE;Zimbabwe;USD million
01/07/82;Finance;8,203970465;1,75965505;0,611463496;7,055778911;ZWE;Zimbabwe;USD million
01/07/82;ICT;2,450566298;0,173197949;0,743995776;3,021364125;ZWE;Zimbabwe;USD million
01/07/82;Tourism;4,639683073;0,893233506;0,844052079;4,590501646;ZWE;Zimbabwe;USD million
01/07/82;Transport;6,139238764;0,321161512;2,101617056;7,919694308;ZWE;Zimbabwe;USD million
01/07/82;Other;1,477732513;0,543308282;0,455817178;1,390241409;ZWE;Zimbabwe;USD million
01/08/82;Mining;2,510906542;0,230699315;0,37481275;2,655019977;ZWE;Zimbabwe;USD million
01/08/82;Manufacturing;3,030154722;0,3610299;0,548218237;3,217343059;ZWE;Zimbabwe;USD million
01/08/82;Agriculture;2,163927592;0,164972465;0,547173478;2,546128604;ZWE;Zimbabwe;USD million
01/08/82;Energy;9,221818216;1,502148577;0,997548258;8,717217897;ZWE;Zimbabwe;USD million
01/08/82;Finance;5,709688626;0,401921847;1,038983955;6,346750735;ZWE;Zimbabwe;USD million
01/08/82;ICT;8,364566061;1,170631739;1,560547974;8,754482296;ZWE;Zimbabwe;USD million
01/08/82;Tourism;3,783212107;0,648621918;0,326953463;3,461543651;ZWE;Zimbabwe;USD million
01/08/82;Transport;2,913115842;0,774805783;0,928890852;3,067200912;ZWE;Zimbabwe;USD million
01/08/82;Other;2,182645105;0,329961696;0,190417869;2,043101279;ZWE;Zimbabwe;USD million
01/09/82;Mining;5,788537087;0,745366617;1,177356306;6,220526776;ZWE;Zimbabwe;USD million
01/09/82;Manufacturing;8,517249852;3,237888141;2,705618092;7,984979803;ZWE;Zimbabwe;USD million
01/09/82;Agriculture;6,036917035;0,78284115;1,026770835;6,28084672;ZWE;Zimbabwe;USD million
01/09/82;Energy;5,536321779;2,095894168;0,387316171;3,827743782;ZWE;Zimbabwe;USD million
01/09/82;Finance;4,168860679;1,268050453;1,415269835;4,31608006;ZWE;Zimbabwe;USD million
01/09/82;ICT;2,087957926;0,585111067;0,684189623;2,187036481;ZWE;Zimbabwe;USD million
01/09/82;Tourism;4,732939962;0,323107479;0,363768032;4,773600515;ZWE;Zimbabwe;USD million
01/09/82;Transport;5,323348868;1,770350208;1,664432388;5,217431049;ZWE;Zimbabwe;USD million
01/09/82;Other;3,405950275;0,711704248;0,193481149;2,887727176;ZWE;Zimbabwe;USD million
01/10/82;Mining;3,412453249;0,88723908;0,353594055;2,878808224;ZWE;Zimbabwe;USD million
01/10/82;Manufacturing;7,197006213;1,610175482;0,632904956;6,219735687;ZWE;Zimbabwe;USD million
01/10/82;Agriculture;2,767602144;0,787066055;0,367365974;2,347902063;ZWE;Zimbabwe;USD million
01/10/82;Energy;5,459127284;1,169186465;0,367703896;4,657644715;ZWE;Zimbabwe;USD million
01/10/82;Finance;8,807270285;2,618428618;2,071294996;8,260136663;ZWE;Zimbabwe;USD million
01/10/82;ICT;8,041143419;2,872318163;1,22708025;6,395905506;ZWE;Zimbabwe;USD million
01/10/82;Tourism;4,024398862;1,552871177;0,372051437;2,843579121;ZWE;Zimbabwe;USD million
01/10/82;Transport;5,191996846;1,68825503;0,761377259;4,265119075;ZWE;Zimbabwe;USD million
01/10/82;Other;7,035553884;2,806457126;0,78534604;5,014442798;ZWE;Zimbabwe;USD million
01/11/82;Mining;7,280666941;1,429236633;0,433236233;6,284666541;ZWE;Zimbabwe;USD million
01/11/82;Manufacturing;6,37682534;1,779565291;0,847817588;5,445077637;ZWE;Zimbabwe;USD million
01/11/82;Agriculture;2,68719769;0,204320653;0,765077136;3,247954172;ZWE;Zimbabwe;USD million
01/11/82;Energy;1,241750609;0,319767766;0,067652894;0,989635737;ZWE;Zimbabwe;USD million
01/11/82;Finance;5,993107236;0,32272809;1,892673997;7,563053143;ZWE;Zimbabwe;USD million
01/11/82;ICT;4,828881604;0,772355472;1,309228714;5,365754845;ZWE;Zimbabwe;USD million
01/11/82;Tourism;6,951038219;1,255468818;1,768299486;7,463868887;ZWE;Zimbabwe;USD million
01/11/82;Transport;2,004907564;0,169421367;0,582729793;2,41821599;ZWE;Zimbabwe;USD million
01/11/82;Other;2,441401306;0,139955119;0,712755982;3,014202169;ZWE;Zimbabwe;USD million
01/12/82;Mining;5,88571407;2,302319337;1,888697155;5,472091888;ZWE;Zimbabwe;USD million
01/12/82;Manufacturing;11,02889474;0,807424528;3,539708393;13,76117861;ZWE;Zimbabwe;USD million
01/12/82;Agriculture;6,121668168;1,876002828;2,078586545;6,324251885;ZWE;Zimbabwe;USD million
01/12/82;Energy;8,399064658;1,307909141;2,28640904;9,377564557;ZWE;Zimbabwe;USD million
01/12/82;Finance;2,827423832;0,805748916;0,297079419;2,318754334;ZWE;Zimbabwe;USD million
01/12/82;ICT;1,939428257;0,223478004;0,478251668;2,194201921;ZWE;Zimbabwe;USD million
01/12/82;Tourism;9,531686115;2,916721797;1,621350165;8,236314483;ZWE;Zimbabwe;USD million
01/12/82;Transport;3,986039127;1,292566128;0,441760623;3,135233622;ZWE;Zimbabwe;USD million
01/12/82;Other;6,085000099;0,373321682;0,938503266;6,650181683;ZWE;Zimbabwe;USD million
01/01/83;Mining;7,724704851;0,405978385;2,58253276;9,901259226;ZWE;Zimbabwe;USD million
01/01/83;Manufacturing;17,37502256;6,416827233;5,757826936;16,71602226;ZWE;Zimbabwe;USD million
01/01/83;Agriculture;7,158409446;2,444205043;1,152213136;5,866417539;ZWE;Zimbabwe;USD million
01/01/83;Energy;2,153534874;0,452491256;0,285445945;1,986489563;ZWE;Zimbabwe;USD million
01/01/83;Finance;3,612618398;1,236000671;0,829515118;3,206132845;ZWE;Zimbabwe;USD million
01/01/83;ICT;2,358194725;0,478384701;0,465601005;2,345411029;ZWE;Zimbabwe;USD million
01/01/83;Tourism;6,406114323;0,697168026;1,534494409;7,243440706;ZWE;Zimbabwe;USD million
01/01/83;Transport;8,925801903;1,144039464;2,494361913;10,27612435;ZWE;Zimbabwe;USD million
01/01/83;Other;2,085941257;0,441183598;0,139757286;1,784514945;ZWE;Zimbabwe;USD million
01/02/83;Mining;10,71764583;2,652857878;1,026964327;9,09175228;ZWE;Zimbabwe;USD million
01/02/83;Manufacturing;13,22551329;2,408988633;2,850760488;13,66728515;ZWE;Zimbabwe;USD million
01/02/83;Agriculture;4,968269882;0,342833772;0,984138131;5,609574241;ZWE;Zimbabwe;USD million
01/02/83;Energy;2,939744689;0,526002649;0,996130962;3,409873003;ZWE;Zimbabwe;USD million
01/02/83;Finance;6,906822213;1,649916191;1,993448099;7,250354121;ZWE;Zimbabwe;USD million
01/02/83;ICT;4,117407666;1,519405882;0,271964082;2,869965866;ZWE;Zimbabwe;USD million
01/02/83;Tourism;9,588427958;1,584766723;2,352935809;10,35659704;ZWE;Zimbabwe;USD million
01/02/83;Transport;1,831498916;0,131926476;0,120622856;1,820195296;ZWE;Zimbabwe;USD million
01/02/83;Other;4,201132348;1,624902567;1,46833642;4,044566201;ZWE;Zimbabwe;USD million
01/03/83;Mining;8,566871956;1,075414932;0,766327796;8,25778482;ZWE;Zimbabwe;USD million
01/03/83;Manufacturing;1,622577092;0,361026159;0,325181339;1,586732272;ZWE;Zimbabwe;USD million
01/03/83;Agriculture;3,537927522;1,091998049;1,142341505;3,588270979;ZWE;Zimbabwe;USD million
01/03/83;Energy;6,613211981;1,860174521;1,111945693;5,864983152;ZWE;Zimbabwe;USD million
01/03/83;Finance;5,037799256;1,079275419;1,603599551;5,562123388;ZWE;Zimbabwe;USD million
01/03/83;ICT;5,806181196;0,721613797;0,300429353;5,384996752;ZWE;Zimbabwe;USD million
01/03/83;Tourism;11,16952933;2,118847926;2,037248498;11,0879299;ZWE;Zimbabwe;USD million
01/03/83;Transport;10,00599361;0,769350406;3,121537688;12,3581809;ZWE;Zimbabwe;USD million
01/03/83;Other;5,406681349;2,156010396;0,294420185;3,545091138;ZWE;Zimbabwe;USD million
01/04/83;Mining;3,504893235;1,067431598;0,573775179;3,011236816;ZWE;Zimbabwe;USD million
01/04/83;Manufacturing;2,506962941;0,87237954;0,381460365;2,016043766;ZWE;Zimbabwe;USD million
01/04/83;Agriculture;1,741029172;0,216390165;0,23822161;1,762860617;ZWE;Zimbabwe;USD million
01/04/83;Energy;0,948128826;0,058822293;0,068635599;0,957942133;ZWE;Zimbabwe;USD million
01/04/83;Finance;8,275787743;1,01575578;1,415898569;8,675930532;ZWE;Zimbabwe;USD million
01/04/83;ICT;2,480345617;0,203030648;0,639668764;2,916983733;ZWE;Zimbabwe;USD million
01/04/83;Tourism;4,381427526;0,356219199;0,818445688;4,843654015;ZWE;Zimbabwe;USD million
01/04/83;Transport;2,850637547;1,067518729;0,314011542;2,09713036;ZWE;Zimbabwe;USD million
01/04/83;Other;5,609756673;1,553394393;1,210463865;5,266826145;ZWE;Zimbabwe;USD million
01/05/83;Mining;1,766137855;0,474142888;0,5448072;1,836802167;ZWE;Zimbabwe;USD million
01/05/83;Manufacturing;3,28988105;0,418009368;0,454095607;3,325967289;ZWE;Zimbabwe;USD million
01/05/83;Agriculture;6,104567064;2,137041984;0,319041909;4,286566989;ZWE;Zimbabwe;USD million
01/05/83;Energy;9,868401233;2,143017035;1,766122279;9,491506477;ZWE;Zimbabwe;USD million
01/05/83;Finance;6,715630271;1,76358138;0,641134559;5,593183451;ZWE;Zimbabwe;USD million
01/05/83;ICT;4,85682315;0,851434863;1,351936043;5,357324329;ZWE;Zimbabwe;USD million
01/05/83;Tourism;10,44230478;2,050267918;2,139620534;10,53165739;ZWE;Zimbabwe;USD million
01/05/83;Transport;9,919910234;3,264723845;2,066545043;8,721731432;ZWE;Zimbabwe;USD million
01/05/83;Other;2,816251941;0,644740953;0,603422231;2,77493322;ZWE;Zimbabwe;USD million
01/06/83;Mining;4,087795787;0,403276354;1,063477498;4,747996932;ZWE;Zimbabwe;USD million
01/06/83;Manufacturing;5,574955049;0,389816619;1,586791584;6,771930014;ZWE;Zimbabwe;USD million
01/06/83;Agriculture;4,096982155;1,590926189;1,352981042;3,859037008;ZWE;Zimbabwe;USD million
01/06/83;Energy;8,195425111;2,44695044;0,574742919;6,323217591;ZWE;Zimbabwe;USD million
01/06/83;Finance;3,139522981;0,433013731;0,687938332;3,394447582;ZWE;Zimbabwe;USD million
01/06/83;ICT;2,141060274;0,623983578;0,201850642;1,718927337;ZWE;Zimbabwe;USD million
01/06/83;Tourism;7,913541196;2,170017078;1,899155057;7,642679175;ZWE;Zimbabwe;USD million
01/06/83;Transport;7,124942848;0,872181985;2,352633663;8,605394526;ZWE;Zimbabwe;USD million
01/06/83;Other;5,412156485;0,665524756;0,385287882;5,131919611;ZWE;Zimbabwe;USD million
01/07/83;Mining;3,392696283;0,241397529;0,563202353;3,714501107;ZWE;Zimbabwe;USD million
01/07/83;Manufacturing;10,76632916;2,588885867;2,277576546;10,45501984;ZWE;Zimbabwe;USD million
01/07/83;Agriculture;3,366960095;0,423092267;0,92893573;3,872803558;ZWE;Zimbabwe;USD million
01/07/83;Energy;2,065734519;0,118533212;0,695328153;2,642529461;ZWE;Zimbabwe;USD million
01/07/83;Finance;4,092220795;0,469904884;1,081621429;4,70393734;ZWE;Zimbabwe;USD million
01/07/83;ICT;3,386946264;0,731642136;0,376437127;3,031741256;ZWE;Zimbabwe;USD million
01/07/83;Tourism;7,215857764;1,751421143;0,734171168;6,198607789;ZWE;Zimbabwe;USD million
01/07/83;Transport;9,561806602;3,192808334;0,972705703;7,341703971;ZWE;Zimbabwe;USD million
01/07/83;Other;11,03582833;1,109067368;1,078212892;11,00497386;ZWE;Zimbabwe;USD million
01/08/83;Mining;2,405302541;0,764398188;0,416835002;2,057739355;ZWE;Zimbabwe;USD million
01/08/83;Manufacturing;5,400161761;2,057652409;0,821492625;4,164001977;ZWE;Zimbabwe;USD million
01/08/83;Agriculture;1,461704895;0,413895484;0,224777182;1,272586593;ZWE;Zimbabwe;USD million
01/08/83;Energy;7,846656546;3,078685511;2,729005657;7,496976692;ZWE;Zimbabwe;USD million
01/08/83;Finance;6,103744428;0,783470576;0,946579997;6,266853848;ZWE;Zimbabwe;USD million
01/08/83;ICT;7,678725588;0,798560756;0,413788685;7,293953518;ZWE;Zimbabwe;USD million
01/08/83;Tourism;2,118928264;0,750059884;0,483258285;1,852126665;ZWE;Zimbabwe;USD million
01/08/83;Transport;7,371976453;0,758536094;1,540441755;8,153882114;ZWE;Zimbabwe;USD million
01/08/83;Other;4,026982933;1,110406797;0,962078767;3,878654904;ZWE;Zimbabwe;USD million
01/09/83;Mining;7,407049555;2,388027108;0,846749145;5,865771592;ZWE;Zimbabwe;USD million
01/09/83;Manufacturing;2,644266752;0,246695454;0,622394446;3,019965744;ZWE;Zimbabwe;USD million
01/09/83;Agriculture;3,49699626;0,610400604;0,393612214;3,28020787;ZWE;Zimbabwe;USD million
01/09/83;Energy;7,255658704;2,127015862;0,963842827;6,092485669;ZWE;Zimbabwe;USD million
01/09/83;Finance;5,249437738;1,341178779;0,302764256;4,211023214;ZWE;Zimbabwe;USD million
01/09/83;ICT;8,365089597;2,943627721;1,63437788;7,055839756;ZWE;Zimbabwe;USD million
01/09/83;Tourism;2,635821019;0,162389661;0,571252186;3,044683543;ZWE;Zimbabwe;USD million
01/09/83;Transport;4,696107615;0,695597566;0,537609593;4,538119642;ZWE;Zimbabwe;USD million
01/09/83;Other;8,009599586;1,177898423;1,512076284;8,343777447;ZWE;Zimbabwe;USD million
01/10/83;Mining;2,775060627;0,574701467;0,209854933;2,410214093;ZWE;Zimbabwe;USD million
01/10/83;Manufacturing;2,026344562;0,226955626;0,581941207;2,381330143;ZWE;Zimbabwe;USD million
01/10/83;Agriculture;3,11524361;0,501966737;1,064537506;3,67781438;ZWE;Zimbabwe;USD million
01/10/83;Energy;6,458161644;2,374733494;0,568271049;4,651699199;ZWE;Zimbabwe;USD million
01/10/83;Finance;4,424115212;1,237903154;0,756313667;3,942525725;ZWE;Zimbabwe;USD million
01/10/83;ICT;6,874132694;1,411280704;2,334238361;7,797090351;ZWE;Zimbabwe;USD million
01/10/83;Tourism;8,134414722;2,830149933;1,091578641;6,395843429;ZWE;Zimbabwe;USD million
01/10/83;Transport;9,341609935;3,5701521;0,771697183;6,543155017;ZWE;Zimbabwe;USD million
01/10/83;Other;4,064389071;1,08217534;0,910783759;3,892997489;ZWE;Zimbabwe;USD million
01/11/83;Mining;2,016059592;0,612561002;0,151745538;1,555244128;ZWE;Zimbabwe;USD million
01/11/83;Manufacturing;8,165106956;1,355628232;1,300252424;8,109731147;ZWE;Zimbabwe;USD million
01/11/83;Agriculture;7,507565774;1,903118156;0,895304141;6,499751758;ZWE;Zimbabwe;USD million
01/11/83;Energy;5,58034817;0,73033115;0,988224689;5,838241709;ZWE;Zimbabwe;USD million
01/11/83;Finance;7,824347725;2,270279226;0,55396512;6,108033619;ZWE;Zimbabwe;USD million
01/11/83;ICT;2,19235101;0,277289279;0,692013795;2,607075526;ZWE;Zimbabwe;USD million
01/11/83;Tourism;8,741538389;2,558627524;1,663741895;7,84665276;ZWE;Zimbabwe;USD million
01/11/83;Transport;4,159221871;0,764033379;0,444049626;3,839238117;ZWE;Zimbabwe;USD million
01/11/83;Other;1,611902953;0,60945097;0,230171266;1,232623249;ZWE;Zimbabwe;USD million
01/12/83;Mining;2,011166377;0,289351534;0,471944914;2,193759758;ZWE;Zimbabwe;USD million
01/12/83;Manufacturing;5,367168211;0,319408012;0,278121717;5,325881917;ZWE;Zimbabwe;USD million
01/12/83;Agriculture;8,498013988;1,205672888;2,21841243;9,51075353;ZWE;Zimbabwe;USD million
01/12/83;Energy;3,617586337;0,998939905;0,99730134;3,615947772;ZWE;Zimbabwe;USD million
01/12/83;Finance;1,895105463;0,35399332;0,378987118;1,920099261;ZWE;Zimbabwe;USD million
01/12/83;ICT;8,077751126;1,868884709;1,493945524;7,702811941;ZWE;Zimbabwe;USD million
01/12/83;Tourism;8,013698404;2,891683092;2,429708666;7,551723978;ZWE;Zimbabwe;USD million
01/12/83;Transport;3,573865388;0,46628005;0,402198214;3,509783552;ZWE;Zimbabwe;USD million
01/12/83;Other;6,419812094;2,478614807;0,624618705;4,565815993;ZWE;Zimbabwe;USD million
01/01/84;Mining;7,379726712;2,772620761;0,459740105;5,066846055;ZWE;Zimbabwe;USD million
01/01/84;Manufacturing;7,301022714;1,966830005;2,549553759;7,883746468;ZWE;Zimbabwe;USD million
01/01/84;Agriculture;11,52640391;4,446461011;3,130733975;10,21067687;ZWE;Zimbabwe;USD million
01/01/84;Energy;2,919728622;0,753019089;0,150268703;2,316978236;ZWE;Zimbabwe;USD million
01/01/84;Finance;9,394488865;2,536728969;0,976046683;7,833806579;ZWE;Zimbabwe;USD million
01/01/84;ICT;5,093812484;1,533181785;1,02647125;4,58710195;ZWE;Zimbabwe;USD million
01/01/84;Tourism;5,096105036;1,975312652;0,414074918;3,534867302;ZWE;Zimbabwe;USD million
01/01/84;Transport;2,521607966;0,975845061;0,286547898;1,832310803;ZWE;Zimbabwe;USD million
01/01/84;Other;4,897392141;0,379063964;1,165958195;5,684286372;ZWE;Zimbabwe;USD million
01/02/84;Mining;4,416084899;0,6244794;0,856623616;4,648229115;ZWE;Zimbabwe;USD million
01/02/84;Manufacturing;2,455820869;0,734732471;0,801611878;2,522700276;ZWE;Zimbabwe;USD million
01/02/84;Agriculture;3,8936124;0,735961589;0,828258781;3,985909593;ZWE;Zimbabwe;USD million
01/02/84;Energy;2,400551546;0,715042586;0,739496656;2,425005616;ZWE;Zimbabwe;USD million
01/02/84;Finance;7,611541767;1,074754404;2,073902322;8,610689684;ZWE;Zimbabwe;USD million
01/02/84;ICT;2,975062269;1,12541833;0,960226691;2,80987063;ZWE;Zimbabwe;USD million
01/02/84;Tourism;6,279405387;1,896954951;2,085541228;6,467991664;ZWE;Zimbabwe;USD million
01/02/84;Transport;1,925038303;0,471568398;0,3923046;1,845774506;ZWE;Zimbabwe;USD million
01/02/84;Other;2,142524976;0,792761969;0,286712516;1,636475523;ZWE;Zimbabwe;USD million
01/03/84;Mining;5,58996541;1,920540753;1,800643203;5,470067861;ZWE;Zimbabwe;USD million
01/03/84;Manufacturing;9,295562079;2,177681644;1,41845751;8,536337946;ZWE;Zimbabwe;USD million
01/03/84;Agriculture;3,559276724;0,82622276;0,587209396;3,320263359;ZWE;Zimbabwe;USD million
01/03/84;Energy;3,301658628;0,509287904;0,258280969;3,050651693;ZWE;Zimbabwe;USD million
01/03/84;Finance;4,75071078;0,830984556;0,778425758;4,698151982;ZWE;Zimbabwe;USD million
01/03/84;ICT;2,443467454;0,542688145;0,199218354;2,099997663;ZWE;Zimbabwe;USD million
01/03/84;Tourism;11,31794715;3,852848293;2,485865574;9,950964429;ZWE;Zimbabwe;USD million
01/03/84;Transport;4,903993302;1,955166061;1,42717855;4,376005791;ZWE;Zimbabwe;USD million
01/03/84;Other;3,104607603;0,697932224;0,632152955;3,038828334;ZWE;Zimbabwe;USD million
01/04/84;Mining;6,353900351;0,512931067;0,919973951;6,760943235;ZWE;Zimbabwe;USD million
01/04/84;Manufacturing;8,367109262;1,79011996;1,537908557;8,114897859;ZWE;Zimbabwe;USD million
01/04/84;Agriculture;9,92755339;3,422730259;1,476824922;7,981648053;ZWE;Zimbabwe;USD million
01/04/84;Energy;2,101989591;0,479217468;0,444934225;2,067706348;ZWE;Zimbabwe;USD million
01/04/84;Finance;6,543529497;2,515691608;0,976364178;5,004202068;ZWE;Zimbabwe;USD million
01/04/84;ICT;3,901326686;0,609536847;0,377803251;3,66959309;ZWE;Zimbabwe;USD million
01/04/84;Tourism;6,815265048;1,108277119;1,945105496;7,652093425;ZWE;Zimbabwe;USD million
01/04/84;Transport;3,682181554;1,078626695;0,572349629;3,175904487;ZWE;Zimbabwe;USD million
01/04/84;Other;3,428432122;1,08721486;1,034210915;3,375428177;ZWE;Zimbabwe;USD million
01/05/84;Mining;7,2508189;1,144945123;2,261791307;8,367665084;ZWE;Zimbabwe;USD million
01/05/84;Manufacturing;7,13774794;0,611212995;1,541809175;8,06834412;ZWE;Zimbabwe;USD million
01/05/84;Agriculture;8,310197364;0,435017506;1,856685214;9,731865072;ZWE;Zimbabwe;USD million
01/05/84;Energy;3,16096536;1,084993314;0,258753478;2,334725523;ZWE;Zimbabwe;USD million
01/05/84;Finance;6,727983506;1,582025377;1,918963798;7,064921927;ZWE;Zimbabwe;USD million
01/05/84;ICT;4,371767106;1,30292017;0,257328617;3,326175553;ZWE;Zimbabwe;USD million
01/05/84;Tourism;2,055551556;0,513221066;0,485806384;2,028136875;ZWE;Zimbabwe;USD million
01/05/84;Transport;7,040781871;1,398075958;0,381524493;6,024230406;ZWE;Zimbabwe;USD million
01/05/84;Other;9,128348273;3,262555839;0,742167901;6,607960335;ZWE;Zimbabwe;USD million
01/06/84;Mining;4,459827698;1,401819489;0,835481131;3,89348934;ZWE;Zimbabwe;USD million
01/06/84;Manufacturing;4,123608207;0,644185258;1,116965361;4,596388311;ZWE;Zimbabwe;USD million
01/06/84;Agriculture;8,232496392;1,061211522;2,250564011;9,421848881;ZWE;Zimbabwe;USD million
01/06/84;Energy;9,232279754;0,572449421;1,392809272;10,0526396;ZWE;Zimbabwe;USD million
01/06/84;Finance;2,061197216;0,370505294;0,148605146;1,839297067;ZWE;Zimbabwe;USD million
01/06/84;ICT;5,945151733;0,732667468;0,857305065;6,06978933;ZWE;Zimbabwe;USD million
01/06/84;Tourism;1,77261543;0,675088649;0,173172166;1,270698947;ZWE;Zimbabwe;USD million
01/06/84;Transport;1,751865693;0,089064413;0,25836654;1,921167819;ZWE;Zimbabwe;USD million
01/06/84;Other;6,310794847;0,848006278;0,737812774;6,200601344;ZWE;Zimbabwe;USD million
01/07/84;Mining;9,602874703;2,110935369;2,292467668;9,784407002;ZWE;Zimbabwe;USD million
01/07/84;Manufacturing;8,983248125;2,12146204;3,016761857;9,878547942;ZWE;Zimbabwe;USD million
01/07/84;Agriculture;3,976095405;0,944728755;0,661892276;3,693258925;ZWE;Zimbabwe;USD million
01/07/84;Energy;8,287457588;3,043631881;2,505933512;7,74975922;ZWE;Zimbabwe;USD million
01/07/84;Finance;4,48259444;1,206746169;1,194075964;4,469924235;ZWE;Zimbabwe;USD million
01/07/84;ICT;3,922682356;0,893009931;0,620264575;3,649936999;ZWE;Zimbabwe;USD million
01/07/84;Tourism;6,523668656;0,905249845;1,190482498;6,808901309;ZWE;Zimbabwe;USD million
01/07/84;Transport;4,527035323;1,554623598;0,514251308;3,486663033;ZWE;Zimbabwe;USD million
01/07/84;Other;4,251657329;0,754265271;0,726636151;4,224028209;ZWE;Zimbabwe;USD million
01/08/84;Mining;1,477090209;0,423465958;0,138078906;1,191703157;ZWE;Zimbabwe;USD million
01/08/84;Manufacturing;6,237228953;1,965108903;1,458516892;5,730636942;ZWE;Zimbabwe;USD million
01/08/84;Agriculture;2,669203405;0,587127391;0,159632505;2,24170852;ZWE;Zimbabwe;USD million
01/08/84;Energy;5,268752072;0,51706546;0,708241072;5,459927684;ZWE;Zimbabwe;USD million
01/08/84;Finance;2,404933988;0,800932143;0,689620043;2,293621889;ZWE;Zimbabwe;USD million
01/08/84;ICT;9,026273473;2,08435016;0,974260698;7,91618401;ZWE;Zimbabwe;USD million
01/08/84;Tourism;7,048162672;1,406799539;1,582460533;7,223823665;ZWE;Zimbabwe;USD million
01/08/84;Transport;4,808934914;0,971341314;1,340500602;5,178094202;ZWE;Zimbabwe;USD million
01/08/84;Other;6,757648227;1,297480326;1,457364638;6,917532539;ZWE;Zimbabwe;USD million
01/09/84;Mining;6,529093145;0,833063012;1,037064452;6,733094584;ZWE;Zimbabwe;USD million
01/09/84;Manufacturing;6,401689775;1,286427518;0,543133745;5,658396002;ZWE;Zimbabwe;USD million
01/09/84;Agriculture;4,015844075;0,346433832;1,17811097;4,847521213;ZWE;Zimbabwe;USD million
01/09/84;Energy;7,409728157;1,604899123;2,14985449;7,954683524;ZWE;Zimbabwe;USD million
01/09/84;Finance;1,951821448;0,201192477;0,352572573;2,103201544;ZWE;Zimbabwe;USD million
01/09/84;ICT;4,393219953;0,513228926;1,323806323;5,20379735;ZWE;Zimbabwe;USD million
01/09/84;Tourism;2,73424598;1,070470427;0,491165749;2,154941302;ZWE;Zimbabwe;USD million
01/09/84;Transport;3,704059367;0,508478308;0,817562935;4,013143995;ZWE;Zimbabwe;USD million
01/09/84;Other;0,721713459;0,190021872;0,24837923;0,780070818;ZWE;Zimbabwe;USD million
01/10/84;Mining;3,040516381;0,381052944;0,737876892;3,397340329;ZWE;Zimbabwe;USD million
01/10/84;Manufacturing;3,066278951;0,805649542;0,783079699;3,043709108;ZWE;Zimbabwe;USD million
01/10/84;Agriculture;5,54056275;1,110502678;0,997785077;5,427845149;ZWE;Zimbabwe;USD million
01/10/84;Energy;3,141401389;0,301770286;0,35593825;3,195569354;ZWE;Zimbabwe;USD million
01/10/84;Finance;3,997273492;0,980606201;0,744325741;3,760993032;ZWE;Zimbabwe;USD million
01/10/84;ICT;6,838546293;2,702828552;1,01994656;5,155664301;ZWE;Zimbabwe;USD million
01/10/84;Tourism;6,355787856;1,254247017;1,8922277;6,993768539;ZWE;Zimbabwe;USD million
01/10/84;Transport;4,89246977;1,777144113;1,125496616;4,240822273;ZWE;Zimbabwe;USD million
01/10/84;Other;0,925287586;0,247763622;0,070931696;0,74845566;ZWE;Zimbabwe;USD million
01/11/84;Mining;1,936088947;0,277627892;0,534119664;2,192580718;ZWE;Zimbabwe;USD million
01/11/84;Manufacturing;6,339393164;1,73909334;0,756246436;5,35654626;ZWE;Zimbabwe;USD million
01/11/84;Agriculture;1,771359148;0,236512578;0,227189481;1,762036051;ZWE;Zimbabwe;USD million
01/11/84;Energy;7,329336504;1,501412582;1,359041753;7,186965675;ZWE;Zimbabwe;USD million
01/11/84;Finance;11,28525632;2,134718344;2,384745584;11,53528356;ZWE;Zimbabwe;USD million
01/11/84;ICT;2,006668442;0,234142889;0,534475415;2,307000968;ZWE;Zimbabwe;USD million
01/11/84;Tourism;2,669208486;0,66337644;0,176951962;2,182784007;ZWE;Zimbabwe;USD million
01/11/84;Transport;3,690892988;0,62302347;0,3261714;3,394040918;ZWE;Zimbabwe;USD million
01/11/84;Other;2,982399669;0,605903657;0,589963053;2,966459065;ZWE;Zimbabwe;USD million
01/12/84;Mining;11,19512969;3,345728657;1,02760954;8,877010568;ZWE;Zimbabwe;USD million
01/12/84;Manufacturing;13,08590428;1,101760371;3,748560416;15,73270432;ZWE;Zimbabwe;USD million
01/12/84;Agriculture;9,765216053;3,87375685;2,047823575;7,939282778;ZWE;Zimbabwe;USD million
01/12/84;Energy;2,510052616;0,236445015;0,35339126;2,626998861;ZWE;Zimbabwe;USD million
01/12/84;Finance;8,857308318;2,655085703;0,966660511;7,168883127;ZWE;Zimbabwe;USD million
01/12/84;ICT;3,837121725;0,825141254;0,345720163;3,357700634;ZWE;Zimbabwe;USD million
01/12/84;Tourism;3,472504183;1,25962993;0,237618257;2,45049251;ZWE;Zimbabwe;USD million
01/12/84;Transport;4,672618191;1,764222788;0,374292669;3,282688072;ZWE;Zimbabwe;USD million
01/12/84;Other;3,083498224;0,806302378;0,832013331;3,109209177;ZWE;Zimbabwe;USD million
01/01/85;Mining;1,606139261;0,427097096;0,385715125;1,56475729;ZWE;Zimbabwe;USD million
01/01/85;Manufacturing;5,151807138;0,629046035;1,500565377;6,02332648;ZWE;Zimbabwe;USD million
01/01/85;Agriculture;7,926501406;1,747227709;1,048984467;7,228258164;ZWE;Zimbabwe;USD million
01/01/85;Energy;7,535037288;2,665369316;2,065685881;6,935353853;ZWE;Zimbabwe;USD million
01/01/85;Finance;3,802488885;0,380556794;0,209792763;3,631724854;ZWE;Zimbabwe;USD million
01/01/85;ICT;8,275716544;3,136936581;2,240102509;7,378882472;ZWE;Zimbabwe;USD million
01/01/85;Tourism;2,987781979;0,48009114;0,794179454;3,301870292;ZWE;Zimbabwe;USD million
01/01/85;Transport;4,314585061;0,543387487;1,087425049;4,858622623;ZWE;Zimbabwe;USD million
01/01/85;Other;7,164525368;2,474399595;1,145010995;5,835136768;ZWE;Zimbabwe;USD million
01/02/85;Mining;4,408802112;1,713011628;0,440793469;3,136583953;ZWE;Zimbabwe;USD million
01/02/85;Manufacturing;5,391243904;0,867161692;1,702619878;6,22670209;ZWE;Zimbabwe;USD million
01/02/85;Agriculture;2,792639758;0,468098648;0,411389118;2,735930228;ZWE;Zimbabwe;USD million
01/02/85;Energy;2,459739578;0,81731692;0,687670487;2,330093145;ZWE;Zimbabwe;USD million
01/02/85;Finance;5,478795923;1,962478681;0,864674101;4,380991343;ZWE;Zimbabwe;USD million
01/02/85;ICT;12,22624916;1,420426385;3,073522672;13,87934544;ZWE;Zimbabwe;USD million
01/02/85;Tourism;7,727275167;2,75559116;1,948044281;6,919728287;ZWE;Zimbabwe;USD million
01/02/85;Transport;4,9424147;1,340422451;0,726315511;4,32830776;ZWE;Zimbabwe;USD million
01/02/85;Other;8,401981303;1,056337273;2,43853514;9,78417917;ZWE;Zimbabwe;USD million
01/03/85;Mining;2,305436419;0,255263309;0,480770992;2,530944102;ZWE;Zimbabwe;USD million
01/03/85;Manufacturing;3,794484881;0,682911159;0,316627221;3,428200942;ZWE;Zimbabwe;USD million
01/03/85;Agriculture;4,771852408;1,108784697;0,288803542;3,951871253;ZWE;Zimbabwe;USD million
01/03/85;Energy;5,801353269;1,616636486;1,634150288;5,818867071;ZWE;Zimbabwe;USD million
01/03/85;Finance;6,605243886;0,690642744;0,819541978;6,73414312;ZWE;Zimbabwe;USD million
01/03/85;ICT;3,373043067;1,044025417;0,346873047;2,675890697;ZWE;Zimbabwe;USD million
01/03/85;Tourism;2,274306401;0,616942636;0,779484522;2,436848287;ZWE;Zimbabwe;USD million
01/03/85;Transport;6,600688068;0,365104449;1,960663049;8,196246668;ZWE;Zimbabwe;USD million
01/03/85;Other;7,687321819;2,704943719;2,5454714;7,5278495;ZWE;Zimbabwe;USD million
01/04/85;Mining;0,992045532;0,162673194;0,30014397;1,129516308;ZWE;Zimbabwe;USD million
01/04/85;Manufacturing;5,570255711;1,42433084;0,381761675;4,527686546;ZWE;Zimbabwe;USD million
01/04/85;Agriculture;4,176791218;1,667765507;1,366998502;3,876024212;ZWE;Zimbabwe;USD million
01/04/85;Energy;4,037153865;1,534929187;0,578574661;3,080799339;ZWE;Zimbabwe;USD million
01/04/85;Finance;1,233865393;0,439329296;0,096583909;0,891120006;ZWE;Zimbabwe;USD million
01/04/85;ICT;2,38778843;0,808862016;0,266845627;1,845772041;ZWE;Zimbabwe;USD million
01/04/85;Tourism;5,802986443;1,679060907;1,592425248;5,716350784;ZWE;Zimbabwe;USD million
01/04/85;Transport;3,148575355;1,227881005;0,689643193;2,610337543;ZWE;Zimbabwe;USD million
01/04/85;Other;7,827731027;1,726755669;2,277844842;8,378820201;ZWE;Zimbabwe;USD million
01/05/85;Mining;9,837329165;3,130068734;1,645810531;8,353070961;ZWE;Zimbabwe;USD million
01/05/85;Manufacturing;9,375131711;0,805979337;1,770214715;10,33936709;ZWE;Zimbabwe;USD million
01/05/85;Agriculture;7,850343521;3,108233381;2,361802843;7,103912983;ZWE;Zimbabwe;USD million
01/05/85;Energy;8,184256323;2,835828087;1,149710652;6,498138888;ZWE;Zimbabwe;USD million
01/05/85;Finance;5,262648828;0,978441246;1,173962233;5,458169814;ZWE;Zimbabwe;USD million
01/05/85;ICT;0,734884093;0,090963708;0,093040556;0,73696094;ZWE;Zimbabwe;USD million
01/05/85;Tourism;3,531056418;0,971268335;0,573273256;3,133061339;ZWE;Zimbabwe;USD million
01/05/85;Transport;2,122346341;0,826314685;0,44450721;1,740538865;ZWE;Zimbabwe;USD million
01/05/85;Other;2,883784837;0,208943457;0,668143322;3,342984702;ZWE;Zimbabwe;USD million
01/06/85;Mining;5,240580445;1,001967977;0,344893795;4,583506263;ZWE;Zimbabwe;USD million
01/06/85;Manufacturing;6,504552153;1,774275907;1,004927944;5,735204191;ZWE;Zimbabwe;USD million
01/06/85;Agriculture;5,364741981;1,602910921;0,863663373;4,625494433;ZWE;Zimbabwe;USD million
01/06/85;Energy;2,168378776;0,207445847;0,538492137;2,499425066;ZWE;Zimbabwe;USD million
01/06/85;Finance;4,619761939;1,384503677;1,072802244;4,308060505;ZWE;Zimbabwe;USD million
01/06/85;ICT;3,614892233;0,496052516;1,036622357;4,155462075;ZWE;Zimbabwe;USD million
01/06/85;Tourism;2,715923516;0,435826867;0,902257608;3,182354257;ZWE;Zimbabwe;USD million
01/06/85;Transport;1,840253787;0,538828028;0,430463729;1,731889487;ZWE;Zimbabwe;USD million
01/06/85;Other;5,54658922;1,66770107;0,520650048;4,399538198;ZWE;Zimbabwe;USD million
01/07/85;Mining;9,201416128;0,55863307;1,780580483;10,42336354;ZWE;Zimbabwe;USD million
01/07/85;Manufacturing;5,154478964;0,942473634;1,005210171;5,217215501;ZWE;Zimbabwe;USD million
01/07/85;Agriculture;8,624169632;0,451608408;0,857837281;9,030398505;ZWE;Zimbabwe;USD million
01/07/85;Energy;5,479735254;0,756882256;0,637650008;5,360503005;ZWE;Zimbabwe;USD million
01/07/85;Finance;3,458770977;1,112034752;0,198455284;2,545191509;ZWE;Zimbabwe;USD million
01/07/85;ICT;5,4371524;2,017418961;0,308385747;3,728119186;ZWE;Zimbabwe;USD million
01/07/85;Tourism;6,540738844;0,401508651;2,006454714;8,145684907;ZWE;Zimbabwe;USD million
01/07/85;Transport;4,757214675;0,665022471;0,726050122;4,818242325;ZWE;Zimbabwe;USD million
01/07/85;Other;6,131991903;1,611722478;1,015857535;5,53612696;ZWE;Zimbabwe;USD million
01/08/85;Mining;7,289409304;1,12117352;1,75155952;7,919795304;ZWE;Zimbabwe;USD million
01/08/85;Manufacturing;4,09898649;1,269136269;0,518340247;3,348190468;ZWE;Zimbabwe;USD million
01/08/85;Agriculture;4,058118124;1,515993726;0,335191635;2,877316033;ZWE;Zimbabwe;USD million
01/08/85;Energy;4,829206652;1,198996045;1,13071085;4,760921457;ZWE;Zimbabwe;USD million
01/08/85;Finance;8,933237616;1,249965735;1,232420169;8,915692051;ZWE;Zimbabwe;USD million
01/08/85;ICT;6,595958248;2,081633133;1,259399344;5,773724459;ZWE;Zimbabwe;USD million
01/08/85;Tourism;5,948361166;0,542734471;0,581186715;5,98681341;ZWE;Zimbabwe;USD million
01/08/85;Transport;8,687004092;0,949318546;2,589128983;10,32681453;ZWE;Zimbabwe;USD million
01/08/85;Other;2,649278987;0,621666403;0,165875921;2,193488506;ZWE;Zimbabwe;USD million
01/09/85;Mining;2,58731731;0,945749866;0,268365491;1,909932935;ZWE;Zimbabwe;USD million
01/09/85;Manufacturing;4,161878375;0,585512743;1,129868444;4,706234076;ZWE;Zimbabwe;USD million
01/09/85;Agriculture;10,81645642;2,339751617;1,838316762;10,31502157;ZWE;Zimbabwe;USD million
01/09/85;Energy;1,213526007;0,134192592;0,20558106;1,284914475;ZWE;Zimbabwe;USD million
01/09/85;Finance;3,15953473;0,655280543;0,7879869;3,292241086;ZWE;Zimbabwe;USD million
01/09/85;ICT;8,2698248;1,18005959;0,649285493;7,739050703;ZWE;Zimbabwe;USD million
01/09/85;Tourism;6,441805606;1,606369476;1,383388034;6,218824163;ZWE;Zimbabwe;USD million
01/09/85;Transport;8,003894445;3,117904031;1,042298456;5,92828887;ZWE;Zimbabwe;USD million
01/09/85;Other;2,042780699;0,329496529;0,628320451;2,341604621;ZWE;Zimbabwe;USD million
01/10/85;Mining;6,163465434;1,534330037;0,523975003;5,1531104;ZWE;Zimbabwe;USD million
01/10/85;Manufacturing;4,02551926;0,291947278;0,366947433;4,100519415;ZWE;Zimbabwe;USD million
01/10/85;Agriculture;5,32563317;0,286303265;0,929696663;5,969026569;ZWE;Zimbabwe;USD million
01/10/85;Energy;7,576476141;0,786717651;1,187147361;7,976905851;ZWE;Zimbabwe;USD million
01/10/85;Finance;2,395986591;0,925825413;0,837096758;2,307257935;ZWE;Zimbabwe;USD million
01/10/85;ICT;4,505783309;0,551826022;1,193805196;5,147762483;ZWE;Zimbabwe;USD million
01/10/85;Tourism;5,043862014;1,779193892;0,329026478;3,5936946;ZWE;Zimbabwe;USD million
01/10/85;Transport;7,11527955;1,470364869;1,997700592;7,642615273;ZWE;Zimbabwe;USD million
01/10/85;Other;3,266849961;0,970069887;0,4147949;2,711574974;ZWE;Zimbabwe;USD million
01/11/85;Mining;6,725377576;0,698823757;1,824541281;7,8510951;ZWE;Zimbabwe;USD million
01/11/85;Manufacturing;8,213758938;3,091808555;2,635705006;7,757655389;ZWE;Zimbabwe;USD million
01/11/85;Agriculture;5,220564156;1,332058954;1,435842499;5,324347701;ZWE;Zimbabwe;USD million
01/11/85;Energy;12,09358109;3,610293511;3,863196618;12,34648419;ZWE;Zimbabwe;USD million
01/11/85;Finance;7,652080407;0,831712784;2,213201105;9,033568728;ZWE;Zimbabwe;USD million
01/11/85;ICT;5,515441737;2,046247861;0,653252695;4,122446571;ZWE;Zimbabwe;USD million
01/11/85;Tourism;2,446849013;0,423603112;0,421612176;2,444858077;ZWE;Zimbabwe;USD million
01/11/85;Transport;1,775892287;0,6335771;0,168525302;1,310840489;ZWE;Zimbabwe;USD million
01/11/85;Other;5,68267684;1,35557087;1,309619892;5,636725863;ZWE;Zimbabwe;USD million
01/12/85;Mining;14,56988656;5,687947527;4,299373858;13,18131289;ZWE;Zimbabwe;USD million
01/12/85;Manufacturing;2,024969496;0,537693208;0,207411298;1,694687586;ZWE;Zimbabwe;USD million
01/12/85;Agriculture;8,163290969;2,081439375;1,651151412;7,733003005;ZWE;Zimbabwe;USD million
01/12/85;Energy;6,509705843;0,537552034;1,576484;7,54863781;ZWE;Zimbabwe;USD million
01/12/85;Finance;3,808497296;0,98392049;0,474248862;3,298825667;ZWE;Zimbabwe;USD million
01/12/85;ICT;2,221311436;0,461213057;0,66171686;2,42181524;ZWE;Zimbabwe;USD million
01/12/85;Tourism;6,404459126;0,387292233;1,239842535;7,257009429;ZWE;Zimbabwe;USD million
01/12/85;Transport;3,65813038;1,1836571;0,791887818;3,266361097;ZWE;Zimbabwe;USD million
01/12/85;Other;7,299439563;0,986736053;1,133228972;7,445932483;ZWE;Zimbabwe;USD million
01/01/86;Mining;6,226567742;0,781427325;1,901232381;7,346372798;ZWE;Zimbabwe;USD million
01/01/86;Manufacturing;4,626028306;1,800570565;1,191104868;4,016562608;ZWE;Zimbabwe;USD million
01/01/86;Agriculture;3,4729683;0,260279479;0,862044101;4,074732922;ZWE;Zimbabwe;USD million
01/01/86;Energy;3,447432685;0,327276591;0,949855961;4,070012055;ZWE;Zimbabwe;USD million
01/01/86;Finance;3,526072794;0,993101062;0,613310274;3,146282006;ZWE;Zimbabwe;USD million
01/01/86;ICT;8,413816924;1,8081552;1,744196401;8,349858126;ZWE;Zimbabwe;USD million
01/01/86;Tourism;4,453684031;1,324467262;0,812324842;3,941541611;ZWE;Zimbabwe;USD million
01/01/86;Transport;7,826190058;2,118076067;1,670002049;7,37811604;ZWE;Zimbabwe;USD million
01/01/86;Other;9,528372855;3,106233709;3,086813071;9,508952217;ZWE;Zimbabwe;USD million
01/02/86;Mining;8,11354561;1,156684995;0,519503632;7,476364247;ZWE;Zimbabwe;USD million
01/02/86;Manufacturing;5,014679564;1,578068047;0,451195007;3,887806523;ZWE;Zimbabwe;USD million
01/02/86;Agriculture;4,515340192;0,438537782;0,314014888;4,390817299;ZWE;Zimbabwe;USD million
01/02/86;Energy;5,312895819;2,122011161;1,220160451;4,41104511;ZWE;Zimbabwe;USD million
01/02/86;Finance;5,358951881;1,135332105;1,629339616;5,852959392;ZWE;Zimbabwe;USD million
01/02/86;ICT;4,776312696;0,355219903;0,522070889;4,943163682;ZWE;Zimbabwe;USD million
01/02/86;Tourism;3,644933613;0,264416557;0,767087725;4,14760478;ZWE;Zimbabwe;USD million
01/02/86;Transport;7,810062506;2,679681548;2,334475899;7,464856857;ZWE;Zimbabwe;USD million
01/02/86;Other;11,4375852;3,018492254;0,875719252;9,294812202;ZWE;Zimbabwe;USD million
01/03/86;Mining;8,848041736;2,407650347;2,022370875;8,462762264;ZWE;Zimbabwe;USD million
01/03/86;Manufacturing;4,879731673;0,684077495;1,525240894;5,720895072;ZWE;Zimbabwe;USD million
01/03/86;Agriculture;2,492149486;0,70263149;0,16162841;1,951146406;ZWE;Zimbabwe;USD million
01/03/86;Energy;6,235643359;2,076403441;1,191105405;5,350345322;ZWE;Zimbabwe;USD million
01/03/86;Finance;9,446321951;2,097639717;2,962203473;10,31088571;ZWE;Zimbabwe;USD million
01/03/86;ICT;7,950541975;2,908470694;1,204046424;6,246117704;ZWE;Zimbabwe;USD million
01/03/86;Tourism;2,633887137;1,022340397;0,640286325;2,251833065;ZWE;Zimbabwe;USD million
01/03/86;Transport;4,913126379;1,699377104;0,387633559;3,601382835;ZWE;Zimbabwe;USD million
01/03/86;Other;0,986328827;0,256138554;0,299580689;1,029770962;ZWE;Zimbabwe;USD million
01/04/86;Mining;4,09486779;1,022197403;1,305529252;4,37819964;ZWE;Zimbabwe;USD million
01/04/86;Manufacturing;3,461435652;0,83057489;0,679431507;3,310292269;ZWE;Zimbabwe;USD million
01/04/86;Agriculture;4,07846146;1,562483815;0,611849176;3,127826821;ZWE;Zimbabwe;USD million
01/04/86;Energy;1,937957808;0,304595519;0,534375872;2,167738161;ZWE;Zimbabwe;USD million
01/04/86;Finance;4,726793044;1,393036788;1,153822162;4,487578418;ZWE;Zimbabwe;USD million
01/04/86;ICT;6,863104865;1,238793804;0,574939296;6,199250357;ZWE;Zimbabwe;USD million
01/04/86;Tourism;2,201088016;0,509874482;0,430195443;2,121408977;ZWE;Zimbabwe;USD million
01/04/86;Transport;3,71177524;1,047409732;0,671850988;3,336216497;ZWE;Zimbabwe;USD million
01/04/86;Other;2,270231451;0,830473845;0,16265643;1,602414036;ZWE;Zimbabwe;USD million
01/05/86;Mining;7,151837725;2,035263316;1,957246202;7,07382061;ZWE;Zimbabwe;USD million
01/05/86;Manufacturing;7,025384447;1,419307226;0,494813786;6,100891007;ZWE;Zimbabwe;USD million
01/05/86;Agriculture;2,422695801;0,807454394;0,720852231;2,336093637;ZWE;Zimbabwe;USD million
01/05/86;Energy;5,643736095;1,682562142;0,436182402;4,397356355;ZWE;Zimbabwe;USD million
01/05/86;Finance;8,174799243;2,939427226;2,256593502;7,491965519;ZWE;Zimbabwe;USD million
01/05/86;ICT;4,50554843;0,417818392;0,429236176;4,516966214;ZWE;Zimbabwe;USD million
01/05/86;Tourism;7,890128238;0,445602727;1,784348326;9,228873837;ZWE;Zimbabwe;USD million
01/05/86;Transport;5,972252231;0,89706963;0,888355923;5,963538524;ZWE;Zimbabwe;USD million
01/05/86;Other;4,41135854;1,525714129;0,272024432;3,157668842;ZWE;Zimbabwe;USD million
01/06/86;Mining;5,29317346;0,85994956;0,537428584;4,970652484;ZWE;Zimbabwe;USD million
01/06/86;Manufacturing;6,010757991;2,27002867;1,502319225;5,243048546;ZWE;Zimbabwe;USD million
01/06/86;Agriculture;1,070480025;0,322998236;0,125906341;0,873388129;ZWE;Zimbabwe;USD million
01/06/86;Energy;11,50435077;3,597855415;1,132797016;9,039292375;ZWE;Zimbabwe;USD million
01/06/86;Finance;7,726929693;1,192891344;1,303017129;7,837055478;ZWE;Zimbabwe;USD million
01/06/86;ICT;8,624289461;3,345891924;1,774727264;7,053124801;ZWE;Zimbabwe;USD million
01/06/86;Tourism;2,74936989;0,819477863;0,34420158;2,274093607;ZWE;Zimbabwe;USD million
01/06/86;Transport;1,6223025;0,445318362;0,471446388;1,648430527;ZWE;Zimbabwe;USD million
01/06/86;Other;7,980327739;2,802274535;1,655757617;6,833810821;ZWE;Zimbabwe;USD million
01/07/86;Mining;3,025579991;1,096355454;0,363233119;2,292457656;ZWE;Zimbabwe;USD million
01/07/86;Manufacturing;6,891402474;1,866494303;1,137603717;6,162511888;ZWE;Zimbabwe;USD million
01/07/86;Agriculture;4,026104096;0,841832765;0,75877991;3,94305124;ZWE;Zimbabwe;USD million
01/07/86;Energy;6,490539533;1,367249802;1,9299583;7,05324803;ZWE;Zimbabwe;USD million
01/07/86;Finance;0,906183651;0,142382868;0,165008882;0,928809665;ZWE;Zimbabwe;USD million
01/07/86;ICT;7,827940983;0,825985907;0,709062057;7,711017133;ZWE;Zimbabwe;USD million
01/07/86;Tourism;2,408568783;0,308791721;0,197832659;2,297609721;ZWE;Zimbabwe;USD million
01/07/86;Transport;2,794277351;0,380852847;0,240263774;2,653688278;ZWE;Zimbabwe;USD million
01/07/86;Other;2,562786889;0,556221844;0,493267409;2,499832454;ZWE;Zimbabwe;USD million
01/08/86;Mining;3,877300268;1,301994898;1,129077052;3,704382423;ZWE;Zimbabwe;USD million
01/08/86;Manufacturing;5,474266711;1,221068098;1,639069705;5,892268317;ZWE;Zimbabwe;USD million
01/08/86;Agriculture;7,573622784;0,586367689;1,862133833;8,849388928;ZWE;Zimbabwe;USD million
01/08/86;Energy;2,317325291;0,526327186;0,286917989;2,077916095;ZWE;Zimbabwe;USD million
01/08/86;Finance;6,778848977;0,542958451;1,810769345;8,046659871;ZWE;Zimbabwe;USD million
01/08/86;ICT;4,485018337;1,404868633;1,480174976;4,56032468;ZWE;Zimbabwe;USD million
01/08/86;Tourism;4,3352477;1,336749241;0,615270771;3,61376923;ZWE;Zimbabwe;USD million
01/08/86;Transport;6,178148295;0,320581146;1,335162389;7,192729538;ZWE;Zimbabwe;USD million
01/08/86;Other;7,229818931;0,75368069;1,188693929;7,66483217;ZWE;Zimbabwe;USD million
01/09/86;Mining;4,264622431;1,169509996;0,278654101;3,373766537;ZWE;Zimbabwe;USD million
01/09/86;Manufacturing;7,499381866;0,669437276;0,792591556;7,622536145;ZWE;Zimbabwe;USD million
01/09/86;Agriculture;8,247373556;1,835911697;2,754884737;9,166346596;ZWE;Zimbabwe;USD million
01/09/86;Energy;2,763765482;0,610285081;0,817402497;2,970882898;ZWE;Zimbabwe;USD million
01/09/86;Finance;1,926007055;0,432896396;0,653106221;2,146216881;ZWE;Zimbabwe;USD million
01/09/86;ICT;6,125688273;1,564495298;1,537671382;6,098864357;ZWE;Zimbabwe;USD million
01/09/86;Tourism;2,988314085;0,966765921;1,045758343;3,067306507;ZWE;Zimbabwe;USD million
01/09/86;Transport;5,012435401;1,220143111;0,544960167;4,337252457;ZWE;Zimbabwe;USD million
01/09/86;Other;4,445478333;1,740578359;0,986807899;3,691707872;ZWE;Zimbabwe;USD million
01/10/86;Mining;5,142279358;1,915858793;1,421726575;4,648147141;ZWE;Zimbabwe;USD million
01/10/86;Manufacturing;6,801388848;0,578038097;2,269090158;8,492440909;ZWE;Zimbabwe;USD million
01/10/86;Agriculture;4,697055034;0,387375973;0,597247846;4,906926908;ZWE;Zimbabwe;USD million
01/10/86;Energy;1,163347945;0,384702072;0,398226121;1,176871993;ZWE;Zimbabwe;USD million
01/10/86;Finance;1,786701668;0,183781341;0,369732316;1,972652643;ZWE;Zimbabwe;USD million
01/10/86;ICT;4,557223535;1,66435391;1,331283031;4,224152655;ZWE;Zimbabwe;USD million
01/10/86;Tourism;2,099506763;0,566431602;0,147958989;1,68103415;ZWE;Zimbabwe;USD million
01/10/86;Transport;5,636562578;1,194496015;0,464677869;4,906744433;ZWE;Zimbabwe;USD million
01/10/86;Other;10,26665427;4,030011285;2,45131883;8,687961814;ZWE;Zimbabwe;USD million
01/11/86;Mining;2,933956789;0,609661544;0,430235978;2,754531223;ZWE;Zimbabwe;USD million
01/11/86;Manufacturing;6,453965276;1,975895902;0,572340796;5,05041017;ZWE;Zimbabwe;USD million
01/11/86;Agriculture;5,678956673;1,107862314;0,628365824;5,199460182;ZWE;Zimbabwe;USD million
01/11/86;Energy;7,738272576;0,979765093;2,623699091;9,382206575;ZWE;Zimbabwe;USD million
01/11/86;Finance;1,750783161;0,535056237;0,40168854;1,617415465;ZWE;Zimbabwe;USD million
01/11/86;ICT;5,698194795;2,159980986;0,588388972;4,126602781;ZWE;Zimbabwe;USD million
01/11/86;Tourism;1,187407812;0,219139989;0,070097856;1,038365678;ZWE;Zimbabwe;USD million
01/11/86;Transport;4,814545788;0,544298185;1,22085801;5,491105614;ZWE;Zimbabwe;USD million
01/11/86;Other;7,157929479;0,836856966;1,735962189;8,057034702;ZWE;Zimbabwe;USD million
01/12/86;Mining;1,745014812;0,252146992;0,49328016;1,986147979;ZWE;Zimbabwe;USD million
01/12/86;Manufacturing;4,116164266;0,790281981;0,308802281;3,634684566;ZWE;Zimbabwe;USD million
01/12/86;Agriculture;11,45158007;0,890877884;2,259631805;12,82033399;ZWE;Zimbabwe;USD million
01/12/86;Energy;2,334949979;0,663721346;0,303578573;1,974807206;ZWE;Zimbabwe;USD million
01/12/86;Finance;6,316514369;1,13439584;2,051603194;7,233721723;ZWE;Zimbabwe;USD million
01/12/86;ICT;2,026852939;0,113424497;0,315176107;2,22860455;ZWE;Zimbabwe;USD million
01/12/86;Tourism;6,718456256;2,082580299;1,516850441;6,152726398;ZWE;Zimbabwe;USD million
01/12/86;Transport;3,057588709;0,90254491;0,409622076;2,564665874;ZWE;Zimbabwe;USD million
01/12/86;Other;9,759317641;1,418826973;1,925324721;10,26581539;ZWE;Zimbabwe;USD million
01/01/87;Mining;6,263808697;0,885327947;1,319286012;6,697766762;ZWE;Zimbabwe;USD million
01/01/87;Manufacturing;12,37524071;1,903255498;2,162731895;12,6347171;ZWE;Zimbabwe;USD million
01/01/87;Agriculture;8,381914817;1,516570498;1,000062378;7,865406696;ZWE;Zimbabwe;USD million
01/01/87;Energy;7,991254482;2,806795458;1,872405214;7,056864239;ZWE;Zimbabwe;USD million
01/01/87;Finance;8,040601682;1,895866865;1,123101869;7,267836685;ZWE;Zimbabwe;USD million
01/01/87;ICT;4,397603007;1,14067103;0,824369489;4,081301467;ZWE;Zimbabwe;USD million
01/01/87;Tourism;10,14209531;3,642622572;3,543904301;10,04337704;ZWE;Zimbabwe;USD million
01/01/87;Transport;5,539556914;0,961652508;1,389068945;5,966973351;ZWE;Zimbabwe;USD million
01/01/87;Other;6,112813097;1,191080639;0,788253865;5,709986322;ZWE;Zimbabwe;USD million
01/02/87;Mining;5,417225298;2,004204492;1,106023282;4,519044088;ZWE;Zimbabwe;USD million
01/02/87;Manufacturing;3,551991571;0,95244571;0,189397062;2,788942922;ZWE;Zimbabwe;USD million
01/02/87;Agriculture;3,339342413;0,469105344;0,800431193;3,670668262;ZWE;Zimbabwe;USD million
01/02/87;Energy;8,867033072;3,308995275;1,528684279;7,086722076;ZWE;Zimbabwe;USD million
01/02/87;Finance;2,820877193;0,277238636;0,438353097;2,981991654;ZWE;Zimbabwe;USD million
01/02/87;ICT;3,971062462;0,530817566;1,205048739;4,645293635;ZWE;Zimbabwe;USD million
01/02/87;Tourism;3,099997755;0,205378675;0,727561276;3,622180355;ZWE;Zimbabwe;USD million
01/02/87;Transport;3,609165663;0,883842487;0,582316806;3,307639982;ZWE;Zimbabwe;USD million
01/02/87;Other;1,520610672;0,109113836;0,451380213;1,862877049;ZWE;Zimbabwe;USD million
01/03/87;Mining;1,75415964;0,510362672;0,601160785;1,844957753;ZWE;Zimbabwe;USD million
01/03/87;Manufacturing;2,409453358;0,716077668;0,460232364;2,153608053;ZWE;Zimbabwe;USD million
01/03/87;Agriculture;2,857486408;0,359238968;0,88486239;3,383109831;ZWE;Zimbabwe;USD million
01/03/87;Energy;3,162572972;0,335607668;1,083237367;3,910202671;ZWE;Zimbabwe;USD million
01/03/87;Finance;4,106089418;0,361752481;1,223145239;4,967482176;ZWE;Zimbabwe;USD million
01/03/87;ICT;2,949854722;0,814076651;0,902130288;3,03790836;ZWE;Zimbabwe;USD million
01/03/87;Tourism;5,927793978;1,735662278;0,582257225;4,774388925;ZWE;Zimbabwe;USD million
01/03/87;Transport;4,883201394;0,955491079;1,542106212;5,469816527;ZWE;Zimbabwe;USD million
01/03/87;Other;12,23107589;2,354451089;3,975428915;13,85205372;ZWE;Zimbabwe;USD million
01/04/87;Mining;7,726181022;2,490006084;2,267338176;7,503513113;ZWE;Zimbabwe;USD million
01/04/87;Manufacturing;3,589954408;0,840044456;0,765909647;3,515819598;ZWE;Zimbabwe;USD million
01/04/87;Agriculture;9,281952624;2,779923294;0,650092067;7,152121397;ZWE;Zimbabwe;USD million
01/04/87;Energy;11,56427172;4,009478856;1,458091854;9,012884718;ZWE;Zimbabwe;USD million
01/04/87;Finance;6,310909297;1,146536906;0,704299349;5,868671739;ZWE;Zimbabwe;USD million
01/04/87;ICT;6,344933654;0,680675274;0,735875431;6,400133811;ZWE;Zimbabwe;USD million
01/04/87;Tourism;1,732727684;0,655887084;0,248813983;1,325654583;ZWE;Zimbabwe;USD million
01/04/87;Transport;4,282671333;0,257236671;0,367702188;4,39313685;ZWE;Zimbabwe;USD million
01/04/87;Other;5,962536284;1,566623924;0,46309308;4,859005439;ZWE;Zimbabwe;USD million
01/05/87;Mining;1,596031888;0,493327258;0,24000532;1,34270995;ZWE;Zimbabwe;USD million
01/05/87;Manufacturing;7,330580327;2,505695176;1,648850345;6,473735496;ZWE;Zimbabwe;USD million
01/05/87;Agriculture;8,585019877;1,798378983;2,969513023;9,756153917;ZWE;Zimbabwe;USD million
01/05/87;Energy;3,162106441;0,881647186;0,332087851;2,612547107;ZWE;Zimbabwe;USD million
01/05/87;Finance;8,064597996;2,419486634;1,719751832;7,364863194;ZWE;Zimbabwe;USD million
01/05/87;ICT;3,911869591;1,196084371;0,453027091;3,168812311;ZWE;Zimbabwe;USD million
01/05/87;Tourism;7,928120856;2,826516791;2,058504476;7,16010854;ZWE;Zimbabwe;USD million
01/05/87;Transport;5,463199799;1,232088815;0,839432723;5,070543707;ZWE;Zimbabwe;USD million
01/05/87;Other;4,551432124;1,479717234;0,505018997;3,576733887;ZWE;Zimbabwe;USD million
01/06/87;Mining;8,877226689;1,958992559;1,014264687;7,932498818;ZWE;Zimbabwe;USD million
01/06/87;Manufacturing;2,691268741;0,53647623;0,483877504;2,638670014;ZWE;Zimbabwe;USD million
01/06/87;Agriculture;8,356514896;2,490731045;2,69158824;8,557372091;ZWE;Zimbabwe;USD million
01/06/87;Energy;11,19673971;1,12484828;1,556639695;11,62853113;ZWE;Zimbabwe;USD million
01/06/87;Finance;7,349025905;2,297928063;1,647810332;6,698908174;ZWE;Zimbabwe;USD million
01/06/87;ICT;7,658123736;1,285643574;1,232598913;7,605079075;ZWE;Zimbabwe;USD million
01/06/87;Tourism;6,303780354;1,266801123;0,679250381;5,716229613;ZWE;Zimbabwe;USD million
01/06/87;Transport;4,162990731;1,383986744;0,476874806;3,255878792;ZWE;Zimbabwe;USD million
01/06/87;Other;3,742514553;0,27828694;1,168318047;4,632545661;ZWE;Zimbabwe;USD million
01/07/87;Mining;6,348488066;1,98128993;1,367068214;5,73426635;ZWE;Zimbabwe;USD million
01/07/87;Manufacturing;6,445159992;2,316785923;1,54036157;5,668735639;ZWE;Zimbabwe;USD million
01/07/87;Agriculture;1,30710993;0,209169563;0,143686903;1,241627271;ZWE;Zimbabwe;USD million
01/07/87;Energy;10,35503048;3,071138864;2,375176952;9,65906857;ZWE;Zimbabwe;USD million
01/07/87;Finance;5,372648668;0,465454394;1,859324771;6,766519045;ZWE;Zimbabwe;USD million
01/07/87;ICT;5,462931577;1,549006773;0,479500251;4,393425054;ZWE;Zimbabwe;USD million
01/07/87;Tourism;6,776671845;0,761786435;2,168953653;8,183839062;ZWE;Zimbabwe;USD million
01/07/87;Transport;8,752420116;0,51430259;2,086208564;10,32432609;ZWE;Zimbabwe;USD million
01/07/87;Other;7,976789076;2,575893511;2,101407677;7,502303243;ZWE;Zimbabwe;USD million
01/08/87;Mining;7,616181474;2,350889013;2,536785454;7,802077916;ZWE;Zimbabwe;USD million
01/08/87;Manufacturing;5,762375353;1,747322141;1,552271139;5,56732435;ZWE;Zimbabwe;USD million
01/08/87;Agriculture;7,423752087;0,403603133;1,409548212;8,429697167;ZWE;Zimbabwe;USD million
01/08/87;Energy;3,341743012;1,256228908;0,952495163;3,038009266;ZWE;Zimbabwe;USD million
01/08/87;Finance;6,192349436;1,621164765;1,277885315;5,849069986;ZWE;Zimbabwe;USD million
01/08/87;ICT;5,771819323;1,598486391;0,962295696;5,135628628;ZWE;Zimbabwe;USD million
01/08/87;Tourism;3,892332241;1,052220216;1,027376313;3,867488338;ZWE;Zimbabwe;USD million
01/08/87;Transport;3,038492109;0,830579975;0,867152926;3,07506506;ZWE;Zimbabwe;USD million
01/08/87;Other;2,457885368;0,809252674;0,474193066;2,12282576;ZWE;Zimbabwe;USD million
01/09/87;Mining;6,972756617;2,631609089;1,312588368;5,653735895;ZWE;Zimbabwe;USD million
01/09/87;Manufacturing;5,854557686;1,870469788;1,42874544;5,412833337;ZWE;Zimbabwe;USD million
01/09/87;Agriculture;7,698056594;1,242572512;0,551115179;7,00659926;ZWE;Zimbabwe;USD million
01/09/87;Energy;6,136812304;2,430782893;1,007090626;4,713120036;ZWE;Zimbabwe;USD million
01/09/87;Finance;4,438835131;0,26445209;0,279339286;4,453722328;ZWE;Zimbabwe;USD million
01/09/87;ICT;1,249672449;0,336400144;0,241046262;1,154318566;ZWE;Zimbabwe;USD million
01/09/87;Tourism;4,440127147;1,631430353;0,618082426;3,426779221;ZWE;Zimbabwe;USD million
01/09/87;Transport;7,117747274;0,442316908;1,558663183;8,234093548;ZWE;Zimbabwe;USD million
01/09/87;Other;1,978435946;0,775881643;0,465206712;1,667761016;ZWE;Zimbabwe;USD million
01/10/87;Mining;4,777987339;0,909575946;1,448104419;5,316515812;ZWE;Zimbabwe;USD million
01/10/87;Manufacturing;7,089756193;0,620857635;2,057912462;8,526811019;ZWE;Zimbabwe;USD million
01/10/87;Agriculture;5,172710987;1,467825909;1,212254261;4,917139339;ZWE;Zimbabwe;USD million
01/10/87;Energy;3,772095713;0,43465285;0,327097563;3,664540426;ZWE;Zimbabwe;USD million
01/10/87;Finance;5,346626622;1,295648072;0,955798368;5,006776917;ZWE;Zimbabwe;USD million
01/10/87;ICT;5,395715682;1,297355506;1,311062654;5,409422829;ZWE;Zimbabwe;USD million
01/10/87;Tourism;7,188673019;0,630849973;1,595424712;8,153247758;ZWE;Zimbabwe;USD million
01/10/87;Transport;7,065852567;0,92117845;1,921503526;8,066177643;ZWE;Zimbabwe;USD million
01/10/87;Other;3,603927241;0,990205321;0,659671881;3,273393801;ZWE;Zimbabwe;USD million
01/11/87;Mining;4,35965919;1,094451843;0,892214633;4,15742198;ZWE;Zimbabwe;USD million
01/11/87;Manufacturing;3,603342386;0,467063129;0,522364835;3,658644092;ZWE;Zimbabwe;USD million
01/11/87;Agriculture;6,758827033;0,75753499;0,422991885;6,424283927;ZWE;Zimbabwe;USD million
01/11/87;Energy;2,834540698;0,545717558;0,790922444;3,079745584;ZWE;Zimbabwe;USD million
01/11/87;Finance;3,265585825;0,313612287;0,543668949;3,495642487;ZWE;Zimbabwe;USD million
01/11/87;ICT;2,982642201;0,370089756;0,171331549;2,783883994;ZWE;Zimbabwe;USD million
01/11/87;Tourism;4,298741444;0,943667608;0,850717591;4,205791427;ZWE;Zimbabwe;USD million
01/11/87;Transport;2,015487036;0,779203126;0,254813274;1,491097184;ZWE;Zimbabwe;USD million
01/11/87;Other;2,056977077;0,205044906;0,693990574;2,545922745;ZWE;Zimbabwe;USD million
01/12/87;Mining;8,159027536;2,069689482;1,462870271;7,552208324;ZWE;Zimbabwe;USD million
01/12/87;Manufacturing;7,462298422;2,793468785;2,166162508;6,834992145;ZWE;Zimbabwe;USD million
01/12/87;Agriculture;3,915274049;1,037908234;1,192565716;4,069931532;ZWE;Zimbabwe;USD million
01/12/87;Energy;0,984987756;0,248057006;0,298950528;1,035881278;ZWE;Zimbabwe;USD million
01/12/87;Finance;8,655741182;2,26348771;0,832933306;7,225186777;ZWE;Zimbabwe;USD million
01/12/87;ICT;2,569343222;0,496949743;0,320621433;2,393014912;ZWE;Zimbabwe;USD million
01/12/87;Tourism;8,590630756;2,376374192;2,657244526;8,87150109;ZWE;Zimbabwe;USD million
01/12/87;Transport;4,213833041;1,525330328;1,32058366;4,009086373;ZWE;Zimbabwe;USD million
01/12/87;Other;3,620746957;0,54450079;1,067794162;4,144040328;ZWE;Zimbabwe;USD million
01/01/88;Mining;4,681112913;0,502537402;1,18755765;5,366133161;ZWE;Zimbabwe;USD million
01/01/88;Manufacturing;3,283840116;0,185837233;0,897018715;3,995021597;ZWE;Zimbabwe;USD million
01/01/88;Agriculture;7,070002133;1,08223384;1,4146783;7,402446593;ZWE;Zimbabwe;USD million
01/01/88;Energy;1,430800047;0,254330676;0,134817438;1,311286809;ZWE;Zimbabwe;USD million
01/01/88;Finance;8,25790156;1,63558876;1,438941696;8,061254497;ZWE;Zimbabwe;USD million
01/01/88;ICT;5,750092574;2,211647545;0,772877217;4,311322247;ZWE;Zimbabwe;USD million
01/01/88;Tourism;5,390612072;1,471774473;1,248011838;5,166849437;ZWE;Zimbabwe;USD million
01/01/88;Transport;2,220772582;0,663164765;0,250957765;1,808565582;ZWE;Zimbabwe;USD million
01/01/88;Other;0,96705152;0,344105818;0,256754654;0,879700356;ZWE;Zimbabwe;USD million
01/02/88;Mining;4,141821632;0,808159218;0,990215246;4,32387766;ZWE;Zimbabwe;USD million
01/02/88;Manufacturing;11,58974167;1,345110726;2,860133269;13,10476421;ZWE;Zimbabwe;USD million
01/02/88;Agriculture;3,803684517;1,07639784;0,466469221;3,193755897;ZWE;Zimbabwe;USD million
01/02/88;Energy;2,15245462;0,303287575;0,229897548;2,079064593;ZWE;Zimbabwe;USD million
01/02/88;Finance;3,461820409;0,256621119;0,92420491;4,1294042;ZWE;Zimbabwe;USD million
01/02/88;ICT;10,89591238;1,25354861;1,034753259;10,67711703;ZWE;Zimbabwe;USD million
01/02/88;Tourism;6,310992194;0,8657809;1,01155774;6,456769034;ZWE;Zimbabwe;USD million
01/02/88;Transport;6,59066488;1,9587379;2,293107826;6,925034805;ZWE;Zimbabwe;USD million
01/02/88;Other;1,37023704;0,543277938;0,291986174;1,118945277;ZWE;Zimbabwe;USD million
01/03/88;Mining;7,474461042;1,99900317;1,628593892;7,104051764;ZWE;Zimbabwe;USD million
01/03/88;Manufacturing;3,507655407;1,220284553;0,886376565;3,173747418;ZWE;Zimbabwe;USD million
01/03/88;Agriculture;8,319345986;2,346385607;1,00593809;6,97889847;ZWE;Zimbabwe;USD million
01/03/88;Energy;5,883411461;1,896426114;1,055710588;5,042695935;ZWE;Zimbabwe;USD million
01/03/88;Finance;6,14667664;1,979978906;1,872297803;6,038995536;ZWE;Zimbabwe;USD million
01/03/88;ICT;4,687533653;1,101207195;1,261024922;4,847351381;ZWE;Zimbabwe;USD million
01/03/88;Tourism;5,616516563;1,123792802;1,626362935;6,119086696;ZWE;Zimbabwe;USD million
01/03/88;Transport;4,14537606;0,969160941;0,269435239;3,445650358;ZWE;Zimbabwe;USD million
01/03/88;Other;4,490010363;0,422626912;0,892173217;4,959556667;ZWE;Zimbabwe;USD million
01/04/88;Mining;2,11745937;0,813954914;0,201193026;1,504697482;ZWE;Zimbabwe;USD million
01/04/88;Manufacturing;7,020132059;0,522257499;0,485191582;6,983066141;ZWE;Zimbabwe;USD million
01/04/88;Agriculture;12,15461039;4,71319295;1,901698217;9,343115652;ZWE;Zimbabwe;USD million
01/04/88;Energy;5,219200322;2,057080808;0,43961325;3,601732764;ZWE;Zimbabwe;USD million
01/04/88;Finance;4,044811722;1,325616095;0,980163273;3,6993589;ZWE;Zimbabwe;USD million
01/04/88;ICT;2,209256965;0,584436377;0,249501104;1,874321693;ZWE;Zimbabwe;USD million
01/04/88;Tourism;7,044835656;2,137133879;0,703868101;5,611569877;ZWE;Zimbabwe;USD million
01/04/88;Transport;8,489243409;0,859241935;0,618729728;8,248731201;ZWE;Zimbabwe;USD million
01/04/88;Other;4,51605007;0,366480883;0,300356343;4,449925531;ZWE;Zimbabwe;USD million
01/05/88;Mining;9,729879377;3,517135635;3,115161607;9,327905349;ZWE;Zimbabwe;USD million
01/05/88;Manufacturing;1,400611935;0,424689838;0,296452153;1,27237425;ZWE;Zimbabwe;USD million
01/05/88;Agriculture;6,172365238;0,732373097;1,627679258;7,067671398;ZWE;Zimbabwe;USD million
01/05/88;Energy;8,674596457;1,140030094;2,942652574;10,47721894;ZWE;Zimbabwe;USD million
01/05/88;Finance;7,001902408;1,76513192;0,561126405;5,797896893;ZWE;Zimbabwe;USD million
01/05/88;ICT;5,830919202;1,12980017;1,110050302;5,811169335;ZWE;Zimbabwe;USD million
01/05/88;Tourism;2,198016044;0,867110439;0,419830989;1,750736594;ZWE;Zimbabwe;USD million
01/05/88;Transport;2,205127104;0,878320726;0,40432317;1,731129547;ZWE;Zimbabwe;USD million
01/05/88;Other;1,796974405;0,418212828;0,483768064;1,862529641;ZWE;Zimbabwe;USD million
01/06/88;Mining;3,416252885;1,070778568;0,217973392;2,563447709;ZWE;Zimbabwe;USD million
01/06/88;Manufacturing;6,059066343;1,819373573;0,829359411;5,06905218;ZWE;Zimbabwe;USD million
01/06/88;Agriculture;7,8322351;0,599537266;1,813804026;9,046501859;ZWE;Zimbabwe;USD million
01/06/88;Energy;3,023516864;0,69730433;0,910030222;3,236242755;ZWE;Zimbabwe;USD million
01/06/88;Finance;3,227511176;0,869356197;0,89771325;3,255868229;ZWE;Zimbabwe;USD million
01/06/88;ICT;4,225034461;1,180463609;0,917430165;3,962001016;ZWE;Zimbabwe;USD million
01/06/88;Tourism;7,121497882;1,657289203;1,349576524;6,813785203;ZWE;Zimbabwe;USD million
01/06/88;Transport;2,462444933;0,897168446;0,702764525;2,268041013;ZWE;Zimbabwe;USD million
01/06/88;Other;7,480832525;1,761231022;0,731711696;6,451313199;ZWE;Zimbabwe;USD million
01/07/88;Mining;5,467093294;1,220839722;0,6273676;4,873621173;ZWE;Zimbabwe;USD million
01/07/88;Manufacturing;5,454713554;1,333983978;1,384415256;5,505144833;ZWE;Zimbabwe;USD million
01/07/88;Agriculture;6,760099164;0,794324175;0,863693083;6,829468072;ZWE;Zimbabwe;USD million
01/07/88;Energy;6,156310823;1,704976714;1,086240953;5,537575062;ZWE;Zimbabwe;USD million
01/07/88;Finance;6,292975086;1,880992484;0,320338743;4,732321345;ZWE;Zimbabwe;USD million
01/07/88;ICT;5,04382179;0,494939529;1,714463328;6,263345589;ZWE;Zimbabwe;USD million
01/07/88;Tourism;3,402235645;0,312922991;1,107825572;4,197138226;ZWE;Zimbabwe;USD million
01/07/88;Transport;4,603572549;1,682890342;1,272788288;4,193470495;ZWE;Zimbabwe;USD million
01/07/88;Other;3,046101834;0,693799948;0,305595191;2,657897076;ZWE;Zimbabwe;USD million
01/08/88;Mining;3,677216663;0,441239753;0,904490745;4,140467654;ZWE;Zimbabwe;USD million
01/08/88;Manufacturing;3,427405597;0,318532548;1,094775001;4,203648051;ZWE;Zimbabwe;USD million
01/08/88;Agriculture;2,637153049;0,442743603;0,892475896;3,086885342;ZWE;Zimbabwe;USD million
01/08/88;Energy;3,74732227;0,202527149;0,409419565;3,954214686;ZWE;Zimbabwe;USD million
01/08/88;Finance;8,409118646;1,299767117;0,978925348;8,088276878;ZWE;Zimbabwe;USD million
01/08/88;ICT;3,316502545;0,893128518;1,097620975;3,520995002;ZWE;Zimbabwe;USD million
01/08/88;Tourism;7,503374529;1,538559312;1,759337075;7,724152292;ZWE;Zimbabwe;USD million
01/08/88;Transport;7,194897588;2,237797801;2,209524476;7,166624264;ZWE;Zimbabwe;USD million
01/08/88;Other;6,796774796;0,890121745;1,187133156;7,093786208;ZWE;Zimbabwe;USD million
01/09/88;Mining;2,691484505;0,152512619;0,879650182;3,418622069;ZWE;Zimbabwe;USD million
01/09/88;Manufacturing;3,951542034;1,2537169;0,351851086;3,04967622;ZWE;Zimbabwe;USD million
01/09/88;Agriculture;6,082454059;1,316787957;0,309673924;5,075340027;ZWE;Zimbabwe;USD million
01/09/88;Energy;3,052359913;0,348977251;0,322795463;3,026178126;ZWE;Zimbabwe;USD million
01/09/88;Finance;8,683872758;1,683589764;1,688614048;8,688897042;ZWE;Zimbabwe;USD million
01/09/88;ICT;1,108494238;0,097710947;0,116708842;1,127492133;ZWE;Zimbabwe;USD million
01/09/88;Tourism;2,633635472;0,275098109;0,683399321;3,041936684;ZWE;Zimbabwe;USD million
01/09/88;Transport;4,013154433;0,783311674;0,898968385;4,128811144;ZWE;Zimbabwe;USD million
01/09/88;Other;1,868286421;0,115427472;0,205756348;1,958615296;ZWE;Zimbabwe;USD million
01/10/88;Mining;7,073277961;0,487898037;1,976420427;8,561800351;ZWE;Zimbabwe;USD million
01/10/88;Manufacturing;11,57195621;2,199106465;0,647940288;10,02079003;ZWE;Zimbabwe;USD million
01/10/88;Agriculture;4,072219277;0,533838296;0,899154992;4,437535973;ZWE;Zimbabwe;USD million
01/10/88;Energy;7,914141418;1,671099585;2,502159618;8,745201451;ZWE;Zimbabwe;USD million
01/10/88;Finance;1,82616934;0,566183485;0,617669811;1,877655665;ZWE;Zimbabwe;USD million
01/10/88;ICT;5,229271661;0,485353639;0,295682364;5,039600386;ZWE;Zimbabwe;USD million
01/10/88;Tourism;4,781081391;0,268309878;0,55321674;5,065988252;ZWE;Zimbabwe;USD million
01/10/88;Transport;7,120401584;1,830493381;2,316586037;7,60649424;ZWE;Zimbabwe;USD million
01/10/88;Other;4,480080851;1,163778622;0,58518262;3,901484849;ZWE;Zimbabwe;USD million
01/11/88;Mining;4,568737237;0,711322653;0,896099707;4,753514291;ZWE;Zimbabwe;USD million
01/11/88;Manufacturing;3,601336098;0,660523232;1,186614555;4,127427422;ZWE;Zimbabwe;USD million
01/11/88;Agriculture;3,797674699;1,083396882;0,584805158;3,299082975;ZWE;Zimbabwe;USD million
01/11/88;Energy;4,970392145;1,80972395;0,738671325;3,89933952;ZWE;Zimbabwe;USD million
01/11/88;Finance;6,470539278;1,426714588;2,18111698;7,224941669;ZWE;Zimbabwe;USD million
01/11/88;ICT;5,055035794;1,836133426;0,418644519;3,637546887;ZWE;Zimbabwe;USD million
01/11/88;Tourism;4,625139278;0,726786444;0,357280681;4,255633516;ZWE;Zimbabwe;USD million
01/11/88;Transport;8,273329209;1,988928532;1,618180269;7,902580945;ZWE;Zimbabwe;USD million
01/11/88;Other;6,111542403;0,968683919;1,960215922;7,103074406;ZWE;Zimbabwe;USD million
01/12/88;Mining;10,36782107;3,908877924;2,810338534;9,269281685;ZWE;Zimbabwe;USD million
01/12/88;Manufacturing;3,264473117;0,27535381;0,795798908;3,784918215;ZWE;Zimbabwe;USD million
01/12/88;Agriculture;2,437157917;0,824518861;0,648634362;2,261273419;ZWE;Zimbabwe;USD million
01/12/88;Energy;2,192604277;0,693350486;0,425619973;1,924873764;ZWE;Zimbabwe;USD million
01/12/88;Finance;1,7955758;0,445016353;0,554292542;1,904851989;ZWE;Zimbabwe;USD million
01/12/88;ICT;4,053901933;1,123530371;1,382882524;4,313254087;ZWE;Zimbabwe;USD million
01/12/88;Tourism;5,17461149;0,773604028;1,551390152;5,952397614;ZWE;Zimbabwe;USD million
01/12/88;Transport;6,911408718;2,689227757;0,37237305;4,59455401;ZWE;Zimbabwe;USD million
01/12/88;Other;9,277012643;1,462803729;3,239518643;11,05372756;ZWE;Zimbabwe;USD million
01/01/89;Mining;5,673017389;1,578810684;1,303075694;5,3972824;ZWE;Zimbabwe;USD million
01/01/89;Manufacturing;8,309247922;1,447299569;1,660818981;8,522767334;ZWE;Zimbabwe;USD million
01/01/89;Agriculture;7,274217273;2,319712122;2,06416628;7,01867143;ZWE;Zimbabwe;USD million
01/01/89;Energy;7,621990768;2,330738631;1,061721291;6,352973428;ZWE;Zimbabwe;USD million
01/01/89;Finance;2,309669641;0,292419818;0,718620331;2,735870155;ZWE;Zimbabwe;USD million
01/01/89;ICT;6,395590776;2,401377068;1,758314895;5,752528603;ZWE;Zimbabwe;USD million
01/01/89;Tourism;3,363924657;0,608013004;1,127034959;3,882946613;ZWE;Zimbabwe;USD million
01/01/89;Transport;6,896254745;2,069200551;1,850759647;6,67781384;ZWE;Zimbabwe;USD million
01/01/89;Other;3,201725186;0,236538133;0,517210001;3,482397054;ZWE;Zimbabwe;USD million
01/02/89;Mining;4,086576889;0,622226212;0,87014301;4,334493688;ZWE;Zimbabwe;USD million
01/02/89;Manufacturing;7,338022698;1,636295908;1,836114171;7,537840961;ZWE;Zimbabwe;USD million
01/02/89;Agriculture;6,344082703;2,151210644;1,667797634;5,860669692;ZWE;Zimbabwe;USD million
01/02/89;Energy;3,828961088;0,553389095;0,238523288;3,514095282;ZWE;Zimbabwe;USD million
01/02/89;Finance;6,004505122;2,279424507;1,133047364;4,858127979;ZWE;Zimbabwe;USD million
01/02/89;ICT;4,397502383;0,619136581;0,679118645;4,457484447;ZWE;Zimbabwe;USD million
01/02/89;Tourism;4,056310636;0,318149506;0,740685136;4,478846266;ZWE;Zimbabwe;USD million
01/02/89;Transport;1,542228449;0,10023288;0,156098637;1,598094206;ZWE;Zimbabwe;USD million
01/02/89;Other;3,760450224;0,23611449;0,948792122;4,473127856;ZWE;Zimbabwe;USD million
01/03/89;Mining;5,80121555;0,473650608;1,354623744;6,682188685;ZWE;Zimbabwe;USD million
01/03/89;Manufacturing;3,257566476;0,851040108;1,085807652;3,49233402;ZWE;Zimbabwe;USD million
01/03/89;Agriculture;7,510065528;2,62115659;0,930885256;5,819794194;ZWE;Zimbabwe;USD million
01/03/89;Energy;8,10809675;1,332115878;2,210488072;8,986468943;ZWE;Zimbabwe;USD million
01/03/89;Finance;6,117449981;2,235199585;1,049200477;4,931450873;ZWE;Zimbabwe;USD million
01/03/89;ICT;8,899432201;1,585825758;3,011317329;10,32492377;ZWE;Zimbabwe;USD million
01/03/89;Tourism;5,283923706;0,341089834;1,836793838;6,779627709;ZWE;Zimbabwe;USD million
01/03/89;Transport;3,585273934;0,216748885;1,16493698;4,533462029;ZWE;Zimbabwe;USD million
01/03/89;Other;7,347235204;2,606045003;2,207104238;6,948294439;ZWE;Zimbabwe;USD million
01/04/89;Mining;6,885430167;1,655064853;0,514267972;5,744633287;ZWE;Zimbabwe;USD million
01/04/89;Manufacturing;3,71552738;1,256096953;0,554518092;3,01394852;ZWE;Zimbabwe;USD million
01/04/89;Agriculture;7,491113901;0,484129485;2,062380266;9,069364682;ZWE;Zimbabwe;USD million
01/04/89;Energy;3,210629396;0,190108783;0,531999549;3,552520162;ZWE;Zimbabwe;USD million
01/04/89;Finance;1,814845809;0,379238998;0,195436766;1,631043577;ZWE;Zimbabwe;USD million
01/04/89;ICT;1,866740959;0,508776645;0,250332354;1,608296669;ZWE;Zimbabwe;USD million
01/04/89;Tourism;7,89558106;2,75773744;0,474358598;5,612202218;ZWE;Zimbabwe;USD million
01/04/89;Transport;11,81953247;2,701027701;2,534044123;11,65254889;ZWE;Zimbabwe;USD million
01/04/89;Other;6,498385524;0,786064002;2,242787147;7,955108669;ZWE;Zimbabwe;USD million
01/05/89;Mining;1,374887487;0,138655208;0,189488643;1,425720922;ZWE;Zimbabwe;USD million
01/05/89;Manufacturing;4,569396475;1,68228006;1,301351861;4,188468277;ZWE;Zimbabwe;USD million
01/05/89;Agriculture;0,926375701;0,286165085;0,219198842;0,859409458;ZWE;Zimbabwe;USD million
01/05/89;Energy;12,62640647;2,979065371;3,42609967;13,07344077;ZWE;Zimbabwe;USD million
01/05/89;Finance;4,234914427;0,456908146;0,971612858;4,749619138;ZWE;Zimbabwe;USD million
01/05/89;ICT;5,95483239;0,714143651;0,910676821;6,15136556;ZWE;Zimbabwe;USD million
01/05/89;Tourism;6,502477219;1,8764161;1,948463738;6,574524857;ZWE;Zimbabwe;USD million
01/05/89;Transport;8,551127268;1,678581851;1,211032898;8,083578315;ZWE;Zimbabwe;USD million
01/05/89;Other;8,493577587;2,997491705;2,388475524;7,884561406;ZWE;Zimbabwe;USD million
01/06/89;Mining;5,217406006;1,155380232;0,562076796;4,62410257;ZWE;Zimbabwe;USD million
01/06/89;Manufacturing;3,889771173;1,272319011;0,815643452;3,433095615;ZWE;Zimbabwe;USD million
01/06/89;Agriculture;5,714071881;1,185847633;1,405453134;5,933677383;ZWE;Zimbabwe;USD million
01/06/89;Energy;7,035613351;2,017594681;1,78381007;6,801828739;ZWE;Zimbabwe;USD million
01/06/89;Finance;4,756989127;0,627865766;0,532279343;4,661402704;ZWE;Zimbabwe;USD million
01/06/89;ICT;5,548998666;1,871167895;0,823267109;4,501097879;ZWE;Zimbabwe;USD million
01/06/89;Tourism;2,194008493;0,683363356;0,526449379;2,037094515;ZWE;Zimbabwe;USD million
01/06/89;Transport;4,361676116;1,675440747;1,314991439;4,001226808;ZWE;Zimbabwe;USD million
01/06/89;Other;2,602506748;0,298662112;0,339828623;2,643673259;ZWE;Zimbabwe;USD million
01/07/89;Mining;13,18479249;3,370473754;2,682818385;12,49713712;ZWE;Zimbabwe;USD million
01/07/89;Manufacturing;4,557564752;1,022655158;1,027113952;4,562023545;ZWE;Zimbabwe;USD million
01/07/89;Agriculture;6,312827415;1,542968291;0,386063184;5,155922309;ZWE;Zimbabwe;USD million
01/07/89;Energy;8,52975887;2,108069384;1,045907075;7,467596561;ZWE;Zimbabwe;USD million
01/07/89;Finance;9,006935065;3,491466891;1,802755096;7,31822327;ZWE;Zimbabwe;USD million
01/07/89;ICT;3,69781309;1,1352145;0,798153766;3,360752357;ZWE;Zimbabwe;USD million
01/07/89;Tourism;12,68900845;1,427834845;2,775866216;14,03703982;ZWE;Zimbabwe;USD million
01/07/89;Transport;7,31794508;2,041171226;2,166138595;7,442912449;ZWE;Zimbabwe;USD million
01/07/89;Other;2,656218071;0,141020065;0,56636934;3,081567346;ZWE;Zimbabwe;USD million
01/08/89;Mining;5,266426811;2,036420105;0,461413754;3,69142046;ZWE;Zimbabwe;USD million
01/08/89;Manufacturing;6,316151621;1,07465615;0,859111404;6,100606875;ZWE;Zimbabwe;USD million
01/08/89;Agriculture;1,224042696;0,246291499;0,410306602;1,3880578;ZWE;Zimbabwe;USD million
01/08/89;Energy;7,204359359;2,508590512;1,22867654;5,924445387;ZWE;Zimbabwe;USD million
01/08/89;Finance;4,847718485;1,400257331;1,116613534;4,564074687;ZWE;Zimbabwe;USD million
01/08/89;ICT;4,627134292;1,761687477;0,563157383;3,428604199;ZWE;Zimbabwe;USD million
01/08/89;Tourism;8,475444032;1,42636817;2,074820913;9,123896776;ZWE;Zimbabwe;USD million
01/08/89;Transport;3,516944842;0,179234848;0,763331188;4,101041181;ZWE;Zimbabwe;USD million
01/08/89;Other;7,472447621;0,610630441;1,687571676;8,549388856;ZWE;Zimbabwe;USD million
01/09/89;Mining;3,911147388;1,309067559;0,895942117;3,498021946;ZWE;Zimbabwe;USD million
01/09/89;Manufacturing;5,096129138;0,960531101;0,677479282;4,813077319;ZWE;Zimbabwe;USD million
01/09/89;Agriculture;6,250460488;1,782178757;1,901524462;6,369806192;ZWE;Zimbabwe;USD million
01/09/89;Energy;2,629581076;0,225629107;0,242077315;2,646029284;ZWE;Zimbabwe;USD million
01/09/89;Finance;4,283862661;1,698991504;1,234366769;3,819237926;ZWE;Zimbabwe;USD million
01/09/89;ICT;3,653884333;0,356618984;0,957718469;4,254983818;ZWE;Zimbabwe;USD million
01/09/89;Tourism;4,140396355;0,784236045;0,830382938;4,186543248;ZWE;Zimbabwe;USD million
01/09/89;Transport;4,339794061;0,3741546;0,429622835;4,395262296;ZWE;Zimbabwe;USD million
01/09/89;Other;3,864665497;1,499153256;0,969986329;3,335498569;ZWE;Zimbabwe;USD million
01/10/89;Mining;12,84115298;4,294777614;3,691026568;12,23740193;ZWE;Zimbabwe;USD million
01/10/89;Manufacturing;5,331276061;1,758408256;0,321738711;3,894606516;ZWE;Zimbabwe;USD million
01/10/89;Agriculture;2,598488692;0,712296333;0,573639408;2,459831767;ZWE;Zimbabwe;USD million
01/10/89;Energy;4,29036086;1,378897202;1,164792966;4,076256623;ZWE;Zimbabwe;USD million
01/10/89;Finance;2,935407203;0,855727104;0,309875703;2,389555801;ZWE;Zimbabwe;USD million
01/10/89;ICT;1,420667957;0,458749718;0,350693419;1,312611658;ZWE;Zimbabwe;USD million
01/10/89;Tourism;6,940091962;0,665359788;0,480141432;6,754873606;ZWE;Zimbabwe;USD million
01/10/89;Transport;2,571852732;0,545934551;0,354307968;2,38022615;ZWE;Zimbabwe;USD million
01/10/89;Other;3,529179713;0,696374051;0,644377106;3,477182768;ZWE;Zimbabwe;USD million
01/11/89;Mining;7,593445311;2,294740774;0,532969805;5,831674342;ZWE;Zimbabwe;USD million
01/11/89;Manufacturing;2,955290652;0,509178707;0,29246157;2,738573515;ZWE;Zimbabwe;USD million
01/11/89;Agriculture;2,236754357;0,796909943;0,733556747;2,173401161;ZWE;Zimbabwe;USD million
01/11/89;Energy;4,486274462;1,668305057;0,646114443;3,464083848;ZWE;Zimbabwe;USD million
01/11/89;Finance;4,130265485;1,573775298;0,334155597;2,890645783;ZWE;Zimbabwe;USD million
01/11/89;ICT;1,538567524;0,223742406;0,110300885;1,425126003;ZWE;Zimbabwe;USD million
01/11/89;Tourism;2,216533926;0,298210381;0,5136305;2,431954045;ZWE;Zimbabwe;USD million
01/11/89;Transport;4,441241413;1,152763062;0,513161552;3,801639904;ZWE;Zimbabwe;USD million
01/11/89;Other;6,265605155;0,405091429;1,170118168;7,030631894;ZWE;Zimbabwe;USD million
01/12/89;Mining;8,175764946;0,431638462;1,684811943;9,428938427;ZWE;Zimbabwe;USD million
01/12/89;Manufacturing;5,875861262;1,605375358;1,765595895;6,036081799;ZWE;Zimbabwe;USD million
01/12/89;Agriculture;7,264499903;1,677139633;0,536990647;6,124350917;ZWE;Zimbabwe;USD million
01/12/89;Energy;3,141693105;0,432576531;0,868843692;3,577960266;ZWE;Zimbabwe;USD million
01/12/89;Finance;4,147756917;0,786355988;0,588946627;3,950347555;ZWE;Zimbabwe;USD million
01/12/89;ICT;4,031929281;0,681109986;0,402400522;3,753219818;ZWE;Zimbabwe;USD million
01/12/89;Tourism;1,20534872;0,265844777;0,151090812;1,090594755;ZWE;Zimbabwe;USD million
01/12/89;Transport;2,035094353;0,805940204;0,703149812;1,932303961;ZWE;Zimbabwe;USD million
01/12/89;Other;1,448293616;0,42784981;0,242260632;1,262704438;ZWE;Zimbabwe;USD million
01/01/90;Mining;6,390609343;0,776013487;1,171226582;6,785822438;ZWE;Zimbabwe;USD million
01/01/90;Manufacturing;1,197169074;0,095051954;0,194480806;1,296597926;ZWE;Zimbabwe;USD million
01/01/90;Agriculture;10,10019734;3,672275825;1,495068063;7,922989573;ZWE;Zimbabwe;USD million
01/01/90;Energy;1,020322629;0,227718807;0,327775955;1,120379777;ZWE;Zimbabwe;USD million
01/01/90;Finance;8,184286659;1,691141448;0,955364755;7,448509965;ZWE;Zimbabwe;USD million
01/01/90;ICT;5,570626344;0,38891277;0,537892534;5,719606109;ZWE;Zimbabwe;USD million
01/01/90;Tourism;3,735494366;1,098008828;0,358504989;2,995990527;ZWE;Zimbabwe;USD million
01/01/90;Transport;8,302913345;2,039029199;0,885095036;7,148979181;ZWE;Zimbabwe;USD million
01/01/90;Other;6,549040049;1,304410172;2,126810203;7,37144008;ZWE;Zimbabwe;USD million
01/02/90;Mining;3,265288779;0,87803237;1,053417561;3,44067397;ZWE;Zimbabwe;USD million
01/02/90;Manufacturing;3,681639786;1,042011601;0,466964663;3,106592848;ZWE;Zimbabwe;USD million
01/02/90;Agriculture;6,160813143;1,409017424;1,499056649;6,250852368;ZWE;Zimbabwe;USD million
01/02/90;Energy;4,187709287;1,026222315;0,315556367;3,47704334;ZWE;Zimbabwe;USD million
01/02/90;Finance;2,29942078;0,719415625;0,625334338;2,205339492;ZWE;Zimbabwe;USD million
01/02/90;ICT;4,762934963;0,252257173;0,357019064;4,867696853;ZWE;Zimbabwe;USD million
01/02/90;Tourism;8,261057884;2,101055663;1,185070306;7,345072526;ZWE;Zimbabwe;USD million
01/02/90;Transport;8,864185056;1,540248406;1,825472838;9,149409488;ZWE;Zimbabwe;USD million
01/02/90;Other;7,210302787;0,728433837;1,682993534;8,164862484;ZWE;Zimbabwe;USD million
01/03/90;Mining;6,39448515;2,117706404;1,098814851;5,375593597;ZWE;Zimbabwe;USD million
01/03/90;Manufacturing;4,238320236;0,331012271;1,214150366;5,121458332;ZWE;Zimbabwe;USD million
01/03/90;Agriculture;7,40105758;2,293985268;2,584203822;7,691276135;ZWE;Zimbabwe;USD million
01/03/90;Energy;5,418933816;1,378812544;1,422460216;5,462581489;ZWE;Zimbabwe;USD million
01/03/90;Finance;1,9825471;0,168907863;0,395440588;2,209079825;ZWE;Zimbabwe;USD million
01/03/90;ICT;3,935762723;0,578263611;1,224681321;4,582180432;ZWE;Zimbabwe;USD million
01/03/90;Tourism;1,889935375;0,501012906;0,424606127;1,813528596;ZWE;Zimbabwe;USD million
01/03/90;Transport;4,001594411;1,395876193;0,376116601;2,981834819;ZWE;Zimbabwe;USD million
01/03/90;Other;4,345827815;0,304762103;1,402377916;5,443443629;ZWE;Zimbabwe;USD million
01/04/90;Mining;16,73941968;6,263611103;3,020196517;13,49600509;ZWE;Zimbabwe;USD million
01/04/90;Manufacturing;6,187527636;1,949573096;0,804483892;5,042438431;ZWE;Zimbabwe;USD million
01/04/90;Agriculture;8,034919458;3,095337701;0,613204174;5,552785931;ZWE;Zimbabwe;USD million
01/04/90;Energy;5,803534838;0,76118596;0,715632792;5,757981671;ZWE;Zimbabwe;USD million
01/04/90;Finance;5,623332703;0,51209396;1,513225586;6,624464329;ZWE;Zimbabwe;USD million
01/04/90;ICT;6,718390657;1,665892048;1,151137291;6,2036359;ZWE;Zimbabwe;USD million
01/04/90;Tourism;3,870918389;1,478297496;0,338065739;2,730686632;ZWE;Zimbabwe;USD million
01/04/90;Transport;3,91400563;0,79945871;0,865418609;3,979965529;ZWE;Zimbabwe;USD million
01/04/90;Other;8,090520631;2,022102002;2,614444021;8,682862649;ZWE;Zimbabwe;USD million
01/05/90;Mining;7,879294239;1,055086261;0,466476096;7,290684073;ZWE;Zimbabwe;USD million
01/05/90;Manufacturing;4,999592136;0,568065219;1,660937442;6,09246436;ZWE;Zimbabwe;USD million
01/05/90;Agriculture;7,513114137;2,763634696;1,883066533;6,632545974;ZWE;Zimbabwe;USD million
01/05/90;Energy;2,89986666;0,601052096;0,32765153;2,626466094;ZWE;Zimbabwe;USD million
01/05/90;Finance;5,889542692;0,295473837;1,254994806;6,849063661;ZWE;Zimbabwe;USD million
01/05/90;ICT;3,872284406;0,239402968;0,356829912;3,98971135;ZWE;Zimbabwe;USD million
01/05/90;Tourism;7,801387138;0,447502429;1,162065562;8,515950271;ZWE;Zimbabwe;USD million
01/05/90;Transport;6,968669752;2,234238628;1,890788132;6,625219256;ZWE;Zimbabwe;USD million
01/05/90;Other;3,214241412;0,953164889;1,010833219;3,271909742;ZWE;Zimbabwe;USD million
01/06/90;Mining;4,053991354;0,59660412;0,774452494;4,231839728;ZWE;Zimbabwe;USD million
01/06/90;Manufacturing;1,395691363;0,093362189;0,077450922;1,379780096;ZWE;Zimbabwe;USD million
01/06/90;Agriculture;6,814939548;1,961510649;0,813243581;5,66667248;ZWE;Zimbabwe;USD million
01/06/90;Energy;2,453457816;0,834691208;0,312066169;1,930832776;ZWE;Zimbabwe;USD million
01/06/90;Finance;5,253743303;1,352520878;1,536751892;5,437974317;ZWE;Zimbabwe;USD million
01/06/90;ICT;7,937613036;1,9297602;1,076638085;7,084490921;ZWE;Zimbabwe;USD million
01/06/90;Tourism;3,914132277;0,310245734;0,949464551;4,553351094;ZWE;Zimbabwe;USD million
01/06/90;Transport;7,807223025;1,072861952;1,740807726;8,475168799;ZWE;Zimbabwe;USD million
01/06/90;Other;3,096584449;0,341379446;0,658375673;3,413580676;ZWE;Zimbabwe;USD million
01/07/90;Mining;3,853213123;0,661376541;0,652646709;3,844483291;ZWE;Zimbabwe;USD million
01/07/90;Manufacturing;9,474230383;2,432993477;0,706793877;7,748030783;ZWE;Zimbabwe;USD million
01/07/90;Agriculture;5,824129278;0,359569689;0,9071837;6,371743289;ZWE;Zimbabwe;USD million
01/07/90;Energy;8,823461984;2,197452408;1,486208378;8,112217954;ZWE;Zimbabwe;USD million
01/07/90;Finance;1,098230469;0,303561084;0,359036662;1,153706046;ZWE;Zimbabwe;USD million
01/07/90;ICT;7,740293421;0,565462916;1,241596295;8,416426799;ZWE;Zimbabwe;USD million
01/07/90;Tourism;2,001290743;0,136637833;0,492523316;2,357176226;ZWE;Zimbabwe;USD million
01/07/90;Transport;1,623650171;0,494940346;0,200409034;1,329118859;ZWE;Zimbabwe;USD million
01/07/90;Other;6,670551921;2,491277569;0,936222506;5,115496858;ZWE;Zimbabwe;USD million
01/08/90;Mining;12,75466894;3,281108743;4,066304999;13,5398652;ZWE;Zimbabwe;USD million
01/08/90;Manufacturing;10,14534483;1,008079846;3,469846963;12,60711195;ZWE;Zimbabwe;USD million
01/08/90;Agriculture;3,15644108;1,187740139;0,67479431;2,643495251;ZWE;Zimbabwe;USD million
01/08/90;Energy;3,191212581;0,743193112;0,409440673;2,857460142;ZWE;Zimbabwe;USD million
01/08/90;Finance;4,103101411;0,667767361;1,432441526;4,867775576;ZWE;Zimbabwe;USD million
01/08/90;ICT;4,445905475;0,669373986;1,048548641;4,82508013;ZWE;Zimbabwe;USD million
01/08/90;Tourism;5,808404885;0,813282444;0,362168472;5,357290913;ZWE;Zimbabwe;USD million
01/08/90;Transport;4,281356743;0,56201412;1,324447439;5,043790062;ZWE;Zimbabwe;USD million
01/08/90;Other;9,155041764;2,30491975;2,982689137;9,832811151;ZWE;Zimbabwe;USD million
01/09/90;Mining;7,606576549;2,315760871;1,714106303;7,004921981;ZWE;Zimbabwe;USD million
01/09/90;Manufacturing;5,446224196;0,510410694;1,653056788;6,58887029;ZWE;Zimbabwe;USD million
01/09/90;Agriculture;5,293596822;1,767007769;0,850935503;4,377524556;ZWE;Zimbabwe;USD million
01/09/90;Energy;6,456270422;2,371344333;2,150746863;6,235672952;ZWE;Zimbabwe;USD million
01/09/90;Finance;7,928322171;2,878933263;0,927605493;5,976994401;ZWE;Zimbabwe;USD million
01/09/90;ICT;3,066798359;0,362509078;0,56002825;3,264317531;ZWE;Zimbabwe;USD million
01/09/90;Tourism;5,093753363;0,329656534;0,486969533;5,251066362;ZWE;Zimbabwe;USD million
01/09/90;Transport;1,890097772;0,210899005;0,096686244;1,775885011;ZWE;Zimbabwe;USD million
01/09/90;Other;8,665959424;1,985232235;3,019521111;9,7002483;ZWE;Zimbabwe;USD million
01/10/90;Mining;5,347791955;0,661757125;0,327594536;5,013629366;ZWE;Zimbabwe;USD million
01/10/90;Manufacturing;3,591518184;0,595288596;0,58117137;3,577400959;ZWE;Zimbabwe;USD million
01/10/90;Agriculture;3,288695955;0,711934115;0,945129369;3,521891209;ZWE;Zimbabwe;USD million
01/10/90;Energy;1,313610747;0,435807102;0,252595626;1,130399272;ZWE;Zimbabwe;USD million
01/10/90;Finance;2,552311094;0,149137169;0,370535639;2,773709564;ZWE;Zimbabwe;USD million
01/10/90;ICT;6,445001001;0,895706588;1,571872938;7,121167351;ZWE;Zimbabwe;USD million
01/10/90;Tourism;9,187675224;0,66069782;1,531608544;10,05858595;ZWE;Zimbabwe;USD million
01/10/90;Transport;8,443964845;2,79912025;2,077991663;7,722836257;ZWE;Zimbabwe;USD million
01/10/90;Other;8,187433812;0,597173282;1,244196072;8,834456602;ZWE;Zimbabwe;USD million
01/11/90;Mining;5,426499186;1,151324403;1,832547829;6,107722612;ZWE;Zimbabwe;USD million
01/11/90;Manufacturing;7,283335101;1,569479014;0,764301042;6,478157129;ZWE;Zimbabwe;USD million
01/11/90;Agriculture;7,74311788;2,630511642;1,293854985;6,406461223;ZWE;Zimbabwe;USD million
01/11/90;Energy;3,84366704;1,220205589;0,80095201;3,424413461;ZWE;Zimbabwe;USD million
01/11/90;Finance;11,60625168;3,676739436;3,975453276;11,90496552;ZWE;Zimbabwe;USD million
01/11/90;ICT;1,348295171;0,264659423;0,429664283;1,513300031;ZWE;Zimbabwe;USD million
01/11/90;Tourism;2,839594421;0,879006256;0,223518628;2,184106793;ZWE;Zimbabwe;USD million
01/11/90;Transport;8,255456599;1,643548063;2,835703539;9,447612075;ZWE;Zimbabwe;USD million
01/11/90;Other;2,99242323;0,435509428;1,039983666;3,596897468;ZWE;Zimbabwe;USD million
01/12/90;Mining;5,767378315;0,9097916;1,177691764;6,035278479;ZWE;Zimbabwe;USD million
01/12/90;Manufacturing;5,848445869;1,041603748;1,168779409;5,97562153;ZWE;Zimbabwe;USD million
01/12/90;Agriculture;1,066074284;0,190831354;0,355084603;1,230327533;ZWE;Zimbabwe;USD million
01/12/90;Energy;5,023072097;0,451599202;0,317353934;4,888826829;ZWE;Zimbabwe;USD million
01/12/90;Finance;6,920313133;2,301863173;1,450725041;6,069175;ZWE;Zimbabwe;USD million
01/12/90;ICT;2,320279446;0,663238213;0,780340522;2,437381755;ZWE;Zimbabwe;USD million
01/12/90;Tourism;5,641544791;1,467284384;0,817550846;4,991811253;ZWE;Zimbabwe;USD million
01/12/90;Transport;8,561880967;0,524154032;2,466148817;10,50387575;ZWE;Zimbabwe;USD million
01/12/90;Other;2,68344974;0,780893799;0,578245557;2,480801498;ZWE;Zimbabwe;USD million
01/01/91;Mining;9,43544926;3,434221122;0,548688113;6,54991625;ZWE;Zimbabwe;USD million
01/01/91;Manufacturing;3,443755436;0,208191103;1,025267742;4,260832075;ZWE;Zimbabwe;USD million
01/01/91;Agriculture;4,216413209;1,000142206;1,453118732;4,669389735;ZWE;Zimbabwe;USD million
01/01/91;Energy;3,705873352;0,828440735;0,981351172;3,858783789;ZWE;Zimbabwe;USD million
01/01/91;Finance;1,407565964;0,247552402;0,100959367;1,260972929;ZWE;Zimbabwe;USD million
01/01/91;ICT;4,563212655;0,323100949;0,609854658;4,849966363;ZWE;Zimbabwe;USD million
01/01/91;Tourism;2,601124431;0,950811755;0,21732454;1,867637216;ZWE;Zimbabwe;USD million
01/01/91;Transport;1,554897006;0,082394316;0,433978478;1,906481169;ZWE;Zimbabwe;USD million
01/01/91;Other;8,666334834;3,301428828;1,208212943;6,57311895;ZWE;Zimbabwe;USD million
01/02/91;Mining;8,313937225;2,282625528;1,133945039;7,165256736;ZWE;Zimbabwe;USD million
01/02/91;Manufacturing;10,40331437;1,245479835;1,659710428;10,81754496;ZWE;Zimbabwe;USD million
01/02/91;Agriculture;11,41235399;2,507518765;2,073968136;10,97880336;ZWE;Zimbabwe;USD million
01/02/91;Energy;5,22461048;2,023223739;0,729778691;3,931165431;ZWE;Zimbabwe;USD million
01/02/91;Finance;11,79896366;1,690538824;2,763349021;12,87177386;ZWE;Zimbabwe;USD million
01/02/91;ICT;8,999581529;2,026551322;0,613925077;7,586955284;ZWE;Zimbabwe;USD million
01/02/91;Tourism;6,029391627;1,772107218;1,724284682;5,98156909;ZWE;Zimbabwe;USD million
01/02/91;Transport;4,577366902;1,517042806;1,058873978;4,119198075;ZWE;Zimbabwe;USD million
01/02/91;Other;8,762551957;1,059440315;1,779160444;9,482272086;ZWE;Zimbabwe;USD million
01/03/91;Mining;3,639907281;0,306599878;0,68242347;4,015730873;ZWE;Zimbabwe;USD million
01/03/91;Manufacturing;5,408378402;1,868281918;0,995040725;4,535137209;ZWE;Zimbabwe;USD million
01/03/91;Agriculture;7,857612525;0,715226003;1,341525379;8,483911901;ZWE;Zimbabwe;USD million
01/03/91;Energy;8,518830041;1,687531725;1,020210569;7,851508885;ZWE;Zimbabwe;USD million
01/03/91;Finance;2,572745998;0,957444341;0,677705405;2,293007061;ZWE;Zimbabwe;USD million
01/03/91;ICT;7,493542109;2,745375944;2,471425412;7,219591577;ZWE;Zimbabwe;USD million
01/03/91;Tourism;2,248739694;0,725433026;0,335823757;1,859130425;ZWE;Zimbabwe;USD million
01/03/91;Transport;10,04915272;0,908872073;2,820635492;11,96091614;ZWE;Zimbabwe;USD million
01/03/91;Other;1,406759476;0,438804378;0,105511186;1,073466283;ZWE;Zimbabwe;USD million
01/04/91;Mining;2,779653086;0,313348086;0,837516503;3,303821503;ZWE;Zimbabwe;USD million
01/04/91;Manufacturing;2,565234944;0,143231143;0,82393412;3,245937921;ZWE;Zimbabwe;USD million
01/04/91;Agriculture;6,890448635;1,247396822;2,298828219;7,941880032;ZWE;Zimbabwe;USD million
01/04/91;Energy;7,751845041;2,05108694;2,305632477;8,006390578;ZWE;Zimbabwe;USD million
01/04/91;Finance;4,145013618;0,463053875;0,704058205;4,386017948;ZWE;Zimbabwe;USD million
01/04/91;ICT;2,907950332;0,281718383;0,425721688;3,051953637;ZWE;Zimbabwe;USD million
01/04/91;Tourism;1,485298883;0,356336386;0,407759679;1,536722176;ZWE;Zimbabwe;USD million
01/04/91;Transport;4,859460529;1,813543393;1,437849323;4,483766459;ZWE;Zimbabwe;USD million
01/04/91;Other;3,298378314;0,80148495;0,72450353;3,221396894;ZWE;Zimbabwe;USD million
01/05/91;Mining;9,981645928;1,828578395;3,15074188;11,30380941;ZWE;Zimbabwe;USD million
01/05/91;Manufacturing;1,330134723;0,279077509;0,42649091;1,477548124;ZWE;Zimbabwe;USD million
01/05/91;Agriculture;7,983720889;1,202384826;2,000133773;8,781469836;ZWE;Zimbabwe;USD million
01/05/91;Energy;5,289927683;2,07964137;0,874448472;4,084734784;ZWE;Zimbabwe;USD million
01/05/91;Finance;4,712611394;1,38638769;0,448425804;3,774649508;ZWE;Zimbabwe;USD million
01/05/91;ICT;8,308205093;3,019548136;0,495775113;5,78443207;ZWE;Zimbabwe;USD million
01/05/91;Tourism;2,276314285;0,709370698;0,699530198;2,266473786;ZWE;Zimbabwe;USD million
01/05/91;Transport;3,798502194;0,372174747;0,47813708;3,904464528;ZWE;Zimbabwe;USD million
01/05/91;Other;5,429080061;1,48831582;1,605464023;5,546228265;ZWE;Zimbabwe;USD million
01/06/91;Mining;1,560607859;0,609821268;0,544351229;1,49513782;ZWE;Zimbabwe;USD million
01/06/91;Manufacturing;1,012213904;0,305320455;0,181297957;0,888191406;ZWE;Zimbabwe;USD million
01/06/91;Agriculture;3,238024859;0,227721504;0,59394973;3,604253085;ZWE;Zimbabwe;USD million
01/06/91;Energy;11,84227773;4,176256164;0,968885941;8,634907505;ZWE;Zimbabwe;USD million
01/06/91;Finance;5,546225974;1,235800878;1,5926098;5,903034897;ZWE;Zimbabwe;USD million
01/06/91;ICT;2,656411482;0,463030315;0,910995219;3,104376387;ZWE;Zimbabwe;USD million
01/06/91;Tourism;4,353925756;0,277175616;0,837968509;4,914718648;ZWE;Zimbabwe;USD million
01/06/91;Transport;5,381922209;0,607792937;0,584915824;5,359045096;ZWE;Zimbabwe;USD million
01/06/91;Other;6,379191828;1,845680145;1,970858817;6,504370499;ZWE;Zimbabwe;USD million
01/07/91;Mining;5,272612928;1,981187313;1,223564822;4,514990437;ZWE;Zimbabwe;USD million
01/07/91;Manufacturing;4,291338313;0,885202237;0,353438888;3,759574963;ZWE;Zimbabwe;USD million
01/07/91;Agriculture;3,085753913;0,377574486;0,398107944;3,106287371;ZWE;Zimbabwe;USD million
01/07/91;Energy;10,57034961;1,747698863;2,6135009;11,43615165;ZWE;Zimbabwe;USD million
01/07/91;Finance;8,359603451;0,582990618;2,476932088;10,25354492;ZWE;Zimbabwe;USD million
01/07/91;ICT;4,900761705;1,653309543;0,669109453;3,916561615;ZWE;Zimbabwe;USD million
01/07/91;Tourism;4,052976247;1,428559352;1,289971132;3,914388027;ZWE;Zimbabwe;USD million
01/07/91;Transport;5,129282246;1,200064935;0,863024197;4,792241508;ZWE;Zimbabwe;USD million
01/07/91;Other;5,722546689;1,460435124;1,439188047;5,701299613;ZWE;Zimbabwe;USD million
01/08/91;Mining;3,526122515;0,703061485;0,721902989;3,544964019;ZWE;Zimbabwe;USD million
01/08/91;Manufacturing;7,391534796;0,984419674;0,487977679;6,895092801;ZWE;Zimbabwe;USD million
01/08/91;Agriculture;5,014920445;1,245637112;1,187249084;4,956532418;ZWE;Zimbabwe;USD million
01/08/91;Energy;3,466392008;0,469204153;1,054166772;4,051354628;ZWE;Zimbabwe;USD million
01/08/91;Finance;9,501581145;0,847069002;0,702963362;9,357475504;ZWE;Zimbabwe;USD million
01/08/91;ICT;7,009731107;0,613685875;0,508033697;6,904078929;ZWE;Zimbabwe;USD million
01/08/91;Tourism;4,540760965;0,235891011;0,862611816;5,16748177;ZWE;Zimbabwe;USD million
01/08/91;Transport;4,950640461;1,670577474;1,529851524;4,809914511;ZWE;Zimbabwe;USD million
01/08/91;Other;3,930904118;1,089407143;0,635983278;3,477480253;ZWE;Zimbabwe;USD million
01/09/91;Mining;9,929002399;1,462166871;1,989095888;10,45593142;ZWE;Zimbabwe;USD million
01/09/91;Manufacturing;6,263025272;1,533864298;1,973961797;6,703122771;ZWE;Zimbabwe;USD million
01/09/91;Agriculture;5,669322032;1,292874246;1,211116332;5,587564118;ZWE;Zimbabwe;USD million
01/09/91;Energy;4,277030862;1,242147732;0,250634368;3,285517498;ZWE;Zimbabwe;USD million
01/09/91;Finance;4,313081541;0,669572974;0,41652476;4,060033327;ZWE;Zimbabwe;USD million
01/09/91;ICT;5,24255924;1,056708576;1,119354123;5,305204787;ZWE;Zimbabwe;USD million
01/09/91;Tourism;2,049564294;0,634866127;0,384650171;1,799348338;ZWE;Zimbabwe;USD million
01/09/91;Transport;7,487425658;1,944184005;0,471881983;6,015123636;ZWE;Zimbabwe;USD million
01/09/91;Other;3,269287044;0,720601077;0,330452662;2,879138628;ZWE;Zimbabwe;USD million
01/10/91;Mining;2,635107758;0,549842973;0,492931727;2,578196512;ZWE;Zimbabwe;USD million
01/10/91;Manufacturing;4,944545889;1,578537695;1,042125493;4,408133688;ZWE;Zimbabwe;USD million
01/10/91;Agriculture;5,419741997;0,934374585;1,748493441;6,233860853;ZWE;Zimbabwe;USD million
01/10/91;Energy;8,871716076;2,522615219;1,535821943;7,8849228;ZWE;Zimbabwe;USD million
01/10/91;Finance;3,402071413;0,862346396;1,185399281;3,725124299;ZWE;Zimbabwe;USD million
01/10/91;ICT;3,528248262;0,87078016;0,451707493;3,109175595;ZWE;Zimbabwe;USD million
01/10/91;Tourism;2,89832671;0,474418393;0,738035147;3,161943463;ZWE;Zimbabwe;USD million
01/10/91;Transport;5,607961194;2,104130158;1,938095693;5,441926729;ZWE;Zimbabwe;USD million
01/10/91;Other;1,860973676;0,665243068;0,619066254;1,814796862;ZWE;Zimbabwe;USD million
01/11/91;Mining;6,455599264;0,355077542;1,217433067;7,317954789;ZWE;Zimbabwe;USD million
01/11/91;Manufacturing;8,915370904;1,024326805;1,03015253;8,921196629;ZWE;Zimbabwe;USD million
01/11/91;Agriculture;4,448633807;1,616358332;0,249202957;3,081478432;ZWE;Zimbabwe;USD million
01/11/91;Energy;7,155739344;1,675350261;0,722626793;6,203015876;ZWE;Zimbabwe;USD million
01/11/91;Finance;6,92762248;0,936856356;2,047815076;8,0385812;ZWE;Zimbabwe;USD million
01/11/91;ICT;7,202625908;2,696057806;1,337766013;5,844334115;ZWE;Zimbabwe;USD million
01/11/91;Tourism;2,452300652;0,528050959;0,326069322;2,250319016;ZWE;Zimbabwe;USD million
01/11/91;Transport;2,241752293;0,380198681;0,759726123;2,621279735;ZWE;Zimbabwe;USD million
01/11/91;Other;6,279298653;1,185842064;1,316246131;6,40970272;ZWE;Zimbabwe;USD million
01/12/91;Mining;3,745605253;1,202760079;0,478539955;3,02138513;ZWE;Zimbabwe;USD million
01/12/91;Manufacturing;5,784163959;2,254695456;1,328376246;4,857844749;ZWE;Zimbabwe;USD million
01/12/91;Agriculture;4,281276604;0,880047118;0,930665284;4,33189477;ZWE;Zimbabwe;USD million
01/12/91;Energy;7,996913175;0,580645644;1,349208064;8,765475594;ZWE;Zimbabwe;USD million
01/12/91;Finance;4,067529712;1,258439006;0,932226427;3,741317132;ZWE;Zimbabwe;USD million
01/12/91;ICT;4,095929946;0,80816463;0,298568816;3,586334132;ZWE;Zimbabwe;USD million
01/12/91;Tourism;8,348362135;2,257162911;0,849652;6,940851224;ZWE;Zimbabwe;USD million
01/12/91;Transport;2,485960981;0,816300651;0,318894665;1,988554995;ZWE;Zimbabwe;USD million
01/12/91;Other;3,318057076;0,961327108;0,4791726;2,835902569;ZWE;Zimbabwe;USD million
01/01/92;Mining;5,993192255;0,730073775;0,317307624;5,580426103;ZWE;Zimbabwe;USD million
01/01/92;Manufacturing;3,488687949;1,316682079;0,193030412;2,365036282;ZWE;Zimbabwe;USD million
01/01/92;Agriculture;5,099818434;1,656024427;1,645183776;5,088977783;ZWE;Zimbabwe;USD million
01/01/92;Energy;3,292699241;0,257106324;0,296358947;3,331951865;ZWE;Zimbabwe;USD million
01/01/92;Finance;4,484141378;1,730334076;0,516170423;3,269977725;ZWE;Zimbabwe;USD million
01/01/92;ICT;4,128281723;0,998542327;0,997392904;4,1271323;ZWE;Zimbabwe;USD million
01/01/92;Tourism;9,633732483;2,658180973;1,615740314;8,591291825;ZWE;Zimbabwe;USD million
01/01/92;Transport;8,160372664;2,098761941;2,590998351;8,652609073;ZWE;Zimbabwe;USD million
01/01/92;Other;8,191922465;0,891955443;1,084340691;8,384307712;ZWE;Zimbabwe;USD million
01/02/92;Mining;4,437175626;1,052581852;1,283249476;4,66784325;ZWE;Zimbabwe;USD million
01/02/92;Manufacturing;12,66982913;4,66768974;2,44794512;10,45008451;ZWE;Zimbabwe;USD million
01/02/92;Agriculture;1,377620744;0,28739242;0,105882086;1,19611041;ZWE;Zimbabwe;USD million
01/02/92;Energy;7,468720904;1,935055368;2,072157679;7,605823216;ZWE;Zimbabwe;USD million
01/02/92;Finance;9,844176476;3,311669067;1,163318407;7,695825815;ZWE;Zimbabwe;USD million
01/02/92;ICT;2,675455701;0,919791348;0,694864763;2,450529117;ZWE;Zimbabwe;USD million
01/02/92;Tourism;2,349654516;0,466210251;0,688159824;2,571604089;ZWE;Zimbabwe;USD million
01/02/92;Transport;7,006250321;0,755107359;0,832430066;7,083573028;ZWE;Zimbabwe;USD million
01/02/92;Other;2,927339175;0,149544068;0,739643147;3,517438254;ZWE;Zimbabwe;USD million
01/03/92;Mining;7,658172828;1,340450541;1,014552098;7,332274385;ZWE;Zimbabwe;USD million
01/03/92;Manufacturing;1,421429204;0,15135684;0,127533697;1,397606061;ZWE;Zimbabwe;USD million
01/03/92;Agriculture;3,314769812;0,314064301;0,262667207;3,263372718;ZWE;Zimbabwe;USD million
01/03/92;Energy;1,841141733;0,240338244;0,39043;1,991233489;ZWE;Zimbabwe;USD million
01/03/92;Finance;4,138720069;0,955676693;0,395086465;3,578129841;ZWE;Zimbabwe;USD million
01/03/92;ICT;2,200243215;0,855198622;0,217296047;1,56234064;ZWE;Zimbabwe;USD million
01/03/92;Tourism;4,668718567;0,273648272;1,194189086;5,58925938;ZWE;Zimbabwe;USD million
01/03/92;Transport;7,463538131;2,759183949;2,103978395;6,808332577;ZWE;Zimbabwe;USD million
01/03/92;Other;6,350025256;0,839814664;0,490609864;6,000820457;ZWE;Zimbabwe;USD million
01/04/92;Mining;5,777254243;1,375768548;1,197835482;5,599321177;ZWE;Zimbabwe;USD million
01/04/92;Manufacturing;4,52832541;1,66353252;0,914956676;3,779749567;ZWE;Zimbabwe;USD million
01/04/92;Agriculture;4,095086707;1,455484354;1,086785124;3,726387476;ZWE;Zimbabwe;USD million
01/04/92;Energy;2,993407152;0,523941868;0,874491149;3,343956433;ZWE;Zimbabwe;USD million
01/04/92;Finance;7,991974049;2,617105569;1,327220671;6,702089151;ZWE;Zimbabwe;USD million
01/04/92;ICT;6,894042605;2,24999403;1,293554404;5,937602979;ZWE;Zimbabwe;USD million
01/04/92;Tourism;3,957699801;1,445074699;1,298587194;3,811212296;ZWE;Zimbabwe;USD million
01/04/92;Transport;5,018138611;0,827592569;1,441087195;5,631633237;ZWE;Zimbabwe;USD million
01/04/92;Other;14,37607247;4,536232889;4,052040271;13,89187985;ZWE;Zimbabwe;USD million
01/05/92;Mining;7,228502679;0,38936986;0,941202666;7,780335485;ZWE;Zimbabwe;USD million
01/05/92;Manufacturing;4,010736566;0,970694874;0,951480635;3,991522327;ZWE;Zimbabwe;USD million
01/05/92;Agriculture;3,022002304;0,630657431;0,971363904;3,362708777;ZWE;Zimbabwe;USD million
01/05/92;Energy;6,510847525;1,351154285;0,708183097;5,867876337;ZWE;Zimbabwe;USD million
01/05/92;Finance;6,270830627;1,001386077;1,595117807;6,864562358;ZWE;Zimbabwe;USD million
01/05/92;ICT;3,935223845;0,351471137;0,405331749;3,989084457;ZWE;Zimbabwe;USD million
01/05/92;Tourism;1,832859359;0,133545519;0,585351978;2,284665818;ZWE;Zimbabwe;USD million
01/05/92;Transport;4,161968952;0,31480077;1,087535299;4,934703481;ZWE;Zimbabwe;USD million
01/05/92;Other;9,142917543;3,227826918;1,63256818;7,547658805;ZWE;Zimbabwe;USD million
01/06/92;Mining;10,70067709;4,276369808;3,692698075;10,11700536;ZWE;Zimbabwe;USD million
01/06/92;Manufacturing;6,950624458;1,538519565;1,848142153;7,260247046;ZWE;Zimbabwe;USD million
01/06/92;Agriculture;10,30854347;1,922573346;0,838994448;9,224964567;ZWE;Zimbabwe;USD million
01/06/92;Energy;5,722162325;2,000745114;0,766423675;4,487840886;ZWE;Zimbabwe;USD million
01/06/92;Finance;1,53474166;0,41939837;0,37511174;1,49045503;ZWE;Zimbabwe;USD million
01/06/92;ICT;2,357271724;0,196150668;0,614100511;2,775221567;ZWE;Zimbabwe;USD million
01/06/92;Tourism;3,599836187;0,829064402;1,136403564;3,907175349;ZWE;Zimbabwe;USD million
01/06/92;Transport;3,83073795;0,850424179;0,994582493;3,974896264;ZWE;Zimbabwe;USD million
01/06/92;Other;3,712440907;1,082639555;0,516431225;3,146232576;ZWE;Zimbabwe;USD million
01/07/92;Mining;3,088597315;0,512824741;1,01097924;3,586751814;ZWE;Zimbabwe;USD million
01/07/92;Manufacturing;9,35421131;1,149462284;2,285049669;10,48979869;ZWE;Zimbabwe;USD million
01/07/92;Agriculture;4,94748198;1,890709665;1,200538925;4,25731124;ZWE;Zimbabwe;USD million
01/07/92;Energy;4,559897905;1,714915969;1,571750748;4,416732684;ZWE;Zimbabwe;USD million
01/07/92;Finance;3,654146829;0,806262641;0,418149038;3,266033226;ZWE;Zimbabwe;USD million
01/07/92;ICT;6,329556628;0,53946083;1,341540738;7,131636536;ZWE;Zimbabwe;USD million
01/07/92;Tourism;2,958954897;0,159893331;0,713224576;3,512286143;ZWE;Zimbabwe;USD million
01/07/92;Transport;1,783802613;0,443414684;0,541911621;1,88229955;ZWE;Zimbabwe;USD million
01/07/92;Other;4,47019568;0,894226228;1,27467267;4,850642122;ZWE;Zimbabwe;USD million
01/08/92;Mining;1,368246613;0,534634128;0,324882561;1,158495046;ZWE;Zimbabwe;USD million
01/08/92;Manufacturing;5,801470747;1,376865771;1,533119046;5,957724023;ZWE;Zimbabwe;USD million
01/08/92;Agriculture;7,700633308;1,148668026;1,574547547;8,126512828;ZWE;Zimbabwe;USD million
01/08/92;Energy;8,447590348;0,461858008;2,590340195;10,57607253;ZWE;Zimbabwe;USD million
01/08/92;Finance;6,99852791;2,153781566;2,136972741;6,981719085;ZWE;Zimbabwe;USD million
01/08/92;ICT;7,045677566;0,707616537;0,95983216;7,297893189;ZWE;Zimbabwe;USD million
01/08/92;Tourism;5,045886973;0,487024411;0,277206173;4,836068735;ZWE;Zimbabwe;USD million
01/08/92;Transport;7,93316252;0,898465695;2,092353421;9,127050247;ZWE;Zimbabwe;USD million
01/08/92;Other;6,586526122;1,038610407;2,073169042;7,621084757;ZWE;Zimbabwe;USD million
01/09/92;Mining;2,230139805;0,589123887;0,40917204;2,050187957;ZWE;Zimbabwe;USD million
01/09/92;Manufacturing;5,099904873;1,17354061;1,481827895;5,408192158;ZWE;Zimbabwe;USD million
01/09/92;Agriculture;9,179950406;1,257648082;2,904234805;10,82653713;ZWE;Zimbabwe;USD million
01/09/92;Energy;5,631655942;1,759568187;1,958918327;5,831006083;ZWE;Zimbabwe;USD million
01/09/92;Finance;1,864556082;0,210170998;0,542968215;2,197353298;ZWE;Zimbabwe;USD million
01/09/92;ICT;8,782658072;1,828266561;2,696408078;9,650799589;ZWE;Zimbabwe;USD million
01/09/92;Tourism;1,323487909;0,516185757;0,317411045;1,124713197;ZWE;Zimbabwe;USD million
01/09/92;Transport;3,604810006;0,32479765;0,551575613;3,831587968;ZWE;Zimbabwe;USD million
01/09/92;Other;2,367085742;0,365665405;0,691705395;2,693125731;ZWE;Zimbabwe;USD million
01/10/92;Mining;4,065545124;0,521828131;0,673367238;4,217084231;ZWE;Zimbabwe;USD million
01/10/92;Manufacturing;7,032671214;0,530526859;0,610324043;7,112468397;ZWE;Zimbabwe;USD million
01/10/92;Agriculture;4,061247624;0,850333946;1,076652553;4,287566232;ZWE;Zimbabwe;USD million
01/10/92;Energy;3,910549378;0,888018597;0,740462293;3,762993074;ZWE;Zimbabwe;USD million
01/10/92;Finance;3,52641144;0,65212468;1,010191838;3,884478599;ZWE;Zimbabwe;USD million
01/10/92;ICT;7,122233523;2,848454349;2,038223936;6,312003109;ZWE;Zimbabwe;USD million
01/10/92;Tourism;4,683389639;1,774734178;1,563071383;4,471726845;ZWE;Zimbabwe;USD million
01/10/92;Transport;5,718817003;1,970353212;1,925884778;5,67434857;ZWE;Zimbabwe;USD million
01/10/92;Other;8,508532959;0,661735215;1,649499581;9,496297325;ZWE;Zimbabwe;USD million
01/11/92;Mining;4,344528055;1,370564613;0,669443508;3,64340695;ZWE;Zimbabwe;USD million
01/11/92;Manufacturing;5,445148613;1,124999737;1,44216178;5,762310656;ZWE;Zimbabwe;USD million
01/11/92;Agriculture;3,479997533;0,915110285;0,353342847;2,918230095;ZWE;Zimbabwe;USD million
01/11/92;Energy;4,712074404;1,187883553;0,869161199;4,39335205;ZWE;Zimbabwe;USD million
01/11/92;Finance;6,889832672;0,535636911;2,32154189;8,67573765;ZWE;Zimbabwe;USD million
01/11/92;ICT;9,734169577;0,735091439;2,387658732;11,38673687;ZWE;Zimbabwe;USD million
01/11/92;Tourism;6,905428119;1,217579789;1,32170958;7,00955791;ZWE;Zimbabwe;USD million
01/11/92;Transport;10,20363537;3,593258881;1,37863467;7,989011158;ZWE;Zimbabwe;USD million
01/11/92;Other;2,94113127;0,48757742;0,167032064;2,620585913;ZWE;Zimbabwe;USD million
01/12/92;Mining;4,217027208;0,235466434;0,850438469;4,831999243;ZWE;Zimbabwe;USD million
01/12/92;Manufacturing;1,959175949;0,565354331;0,118919941;1,512741559;ZWE;Zimbabwe;USD million
01/12/92;Agriculture;6,997356416;0,350003157;1,688854687;8,336207945;ZWE;Zimbabwe;USD million
01/12/92;Energy;11,06501919;3,163664797;0,743618943;8,64497334;ZWE;Zimbabwe;USD million
01/12/92;Finance;3,834148063;1,204288461;0,414466571;3,044326173;ZWE;Zimbabwe;USD million
01/12/92;ICT;4,999184928;1,687010042;1,52266605;4,834840935;ZWE;Zimbabwe;USD million
01/12/92;Tourism;8,995184731;3,103390279;0,843861852;6,735656304;ZWE;Zimbabwe;USD million
01/12/92;Transport;2,487153955;0,646140018;0,32834107;2,169355007;ZWE;Zimbabwe;USD million
01/12/92;Other;6,098191462;2,321277552;0,615754834;4,392668744;ZWE;Zimbabwe;USD million
01/01/93;Mining;3,51005597;1,054578902;0,619717868;3,075194936;ZWE;Zimbabwe;USD million
01/01/93;Manufacturing;7,251320571;2,805797524;1,065583649;5,511106696;ZWE;Zimbabwe;USD million
01/01/93;Agriculture;7,494059576;2,45163487;2,394007922;7,436432628;ZWE;Zimbabwe;USD million
01/01/93;Energy;5,077366483;1,35676965;0,682032711;4,402629543;ZWE;Zimbabwe;USD million
01/01/93;Finance;1,21043827;0,225223043;0,108798472;1,0940137;ZWE;Zimbabwe;USD million
01/01/93;ICT;6,565304624;2,576053038;1,98442498;5,973676567;ZWE;Zimbabwe;USD million
01/01/93;Tourism;5,853178243;2,300987089;0,568963227;4,121154381;ZWE;Zimbabwe;USD million
01/01/93;Transport;3,016161855;1,070483987;0,886698712;2,832376579;ZWE;Zimbabwe;USD million
01/01/93;Other;6,431668008;2,431080309;0,329449291;4,33003699;ZWE;Zimbabwe;USD million
01/02/93;Mining;2,462602249;0,602037339;0,171806593;2,032371503;ZWE;Zimbabwe;USD million
01/02/93;Manufacturing;11,7477597;4,578932738;1,89479845;9,063625408;ZWE;Zimbabwe;USD million
01/02/93;Agriculture;3,044511502;0,899752549;0,358795266;2,503554219;ZWE;Zimbabwe;USD million
01/02/93;Energy;2,184300974;0,384794931;0,362452492;2,161958535;ZWE;Zimbabwe;USD million
01/02/93;Finance;3,192021245;0,442744901;0,34445328;3,093729625;ZWE;Zimbabwe;USD million
01/02/93;ICT;3,225390425;0,454103472;0,861213863;3,632500816;ZWE;Zimbabwe;USD million
01/02/93;Tourism;4,164702588;1,048065312;0,622859239;3,739496515;ZWE;Zimbabwe;USD million
01/02/93;Transport;3,616100459;1,143437699;0,675981949;3,148644709;ZWE;Zimbabwe;USD million
01/02/93;Other;7,245831585;0,993691642;1,543248968;7,79538891;ZWE;Zimbabwe;USD million
01/03/93;Mining;5,641002846;1,197757644;1,530350684;5,973595886;ZWE;Zimbabwe;USD million
01/03/93;Manufacturing;5,829739524;1,861881581;0,437827836;4,405685779;ZWE;Zimbabwe;USD million
01/03/93;Agriculture;2,590445211;0,479790988;0,733889992;2,844544216;ZWE;Zimbabwe;USD million
01/03/93;Energy;6,529716599;1,873181696;0,327331685;4,983866588;ZWE;Zimbabwe;USD million
01/03/93;Finance;8,683095593;1,178628832;2,095855423;9,600322184;ZWE;Zimbabwe;USD million
01/03/93;ICT;7,045176471;1,918905431;1,567464116;6,693735156;ZWE;Zimbabwe;USD million
01/03/93;Tourism;2,133510352;0,171596537;0,219457509;2,181371324;ZWE;Zimbabwe;USD million
01/03/93;Transport;8,846510562;2,124286962;2,225088026;8,947311627;ZWE;Zimbabwe;USD million
01/03/93;Other;5,08734659;1,806089897;0,465945011;3,747201703;ZWE;Zimbabwe;USD million
01/04/93;Mining;4,194171113;0,281153016;0,301035252;4,214053349;ZWE;Zimbabwe;USD million
01/04/93;Manufacturing;2,335665142;0,158790286;0,771104025;2,947978882;ZWE;Zimbabwe;USD million
01/04/93;Agriculture;7,055599382;2,254255862;1,304687828;6,106031348;ZWE;Zimbabwe;USD million
01/04/93;Energy;4,233267513;1,030360998;1,009225132;4,212131647;ZWE;Zimbabwe;USD million
01/04/93;Finance;8,068609955;2,951537534;2,5217422;7,638814621;ZWE;Zimbabwe;USD million
01/04/93;ICT;5,376138451;2,023028367;1,390887796;4,74399788;ZWE;Zimbabwe;USD million
01/04/93;Tourism;7,707436737;0,820917783;2,054791666;8,94131062;ZWE;Zimbabwe;USD million
01/04/93;Transport;4,188081496;0,960249222;0,648383113;3,876215387;ZWE;Zimbabwe;USD million
01/04/93;Other;3,112736355;0,403769837;0,612090629;3,321057147;ZWE;Zimbabwe;USD million
01/05/93;Mining;3,231957445;0,485200734;0,429360673;3,176117384;ZWE;Zimbabwe;USD million
01/05/93;Manufacturing;2,271627067;0,583859936;0,224524722;1,912291854;ZWE;Zimbabwe;USD million
01/05/93;Agriculture;7,945721376;0,432481058;2,613625475;10,12686579;ZWE;Zimbabwe;USD million
01/05/93;Energy;5,567384041;0,339416237;1,670999481;6,898967285;ZWE;Zimbabwe;USD million
01/05/93;Finance;7,422836349;2,336886627;1,295509069;6,381458791;ZWE;Zimbabwe;USD million
01/05/93;ICT;5,029121653;0,344184584;1,30266667;5,987603738;ZWE;Zimbabwe;USD million
01/05/93;Tourism;2,953575481;0,632854826;0,496458801;2,817179455;ZWE;Zimbabwe;USD million
01/05/93;Transport;6,971628508;0,960787882;2,372077154;8,38291778;ZWE;Zimbabwe;USD million
01/05/93;Other;5,748914496;1,510115217;1,818144571;6,05694385;ZWE;Zimbabwe;USD million
01/06/93;Mining;0,870425478;0,213218439;0,281657174;0,938864213;ZWE;Zimbabwe;USD million
01/06/93;Manufacturing;3,77046063;1,488458544;1,262590913;3,544592998;ZWE;Zimbabwe;USD million
01/06/93;Agriculture;1,46984687;0,260918465;0,386155883;1,595084288;ZWE;Zimbabwe;USD million
01/06/93;Energy;2,829345841;0,963398544;0,611487504;2,4774348;ZWE;Zimbabwe;USD million
01/06/93;Finance;4,425096292;1,413173488;0,726387861;3,738310665;ZWE;Zimbabwe;USD million
01/06/93;ICT;1,483400994;0,592531352;0,196485399;1,087355041;ZWE;Zimbabwe;USD million
01/06/93;Tourism;5,56480312;1,352297698;1,924688956;6,137194378;ZWE;Zimbabwe;USD million
01/06/93;Transport;5,403848183;2,129238773;1,678445289;4,953054699;ZWE;Zimbabwe;USD million
01/06/93;Other;2,44835052;0,737547853;0,446532428;2,157335094;ZWE;Zimbabwe;USD million
01/07/93;Mining;5,299781729;0,477476029;1,533507151;6,355812851;ZWE;Zimbabwe;USD million
01/07/93;Manufacturing;5,583845692;1,350471339;1,831731553;6,065105906;ZWE;Zimbabwe;USD million
01/07/93;Agriculture;5,404205165;1,764190445;0,890781757;4,530796477;ZWE;Zimbabwe;USD million
01/07/93;Energy;1,931309239;0,641930287;0,184515164;1,473894116;ZWE;Zimbabwe;USD million
01/07/93;Finance;7,9243138;0,980376396;2,767544596;9,711482001;ZWE;Zimbabwe;USD million
01/07/93;ICT;2,637365965;1,029461491;0,334948917;1,942853391;ZWE;Zimbabwe;USD million
01/07/93;Tourism;9,061136285;1,336659803;1,243345571;8,967822054;ZWE;Zimbabwe;USD million
01/07/93;Transport;4,429050516;1,056935428;0,656901869;4,029016957;ZWE;Zimbabwe;USD million
01/07/93;Other;5,236763881;2,05981477;1,550784553;4,727733665;ZWE;Zimbabwe;USD million
01/08/93;Mining;7,991975596;1,260346939;2,645113445;9,376742101;ZWE;Zimbabwe;USD million
01/08/93;Manufacturing;5,591693316;1,243124096;0,520537355;4,869106575;ZWE;Zimbabwe;USD million
01/08/93;Agriculture;8,257802461;0,969579915;1,522727818;8,810950364;ZWE;Zimbabwe;USD million
01/08/93;Energy;1,870455763;0,433287928;0,592874684;2,030042519;ZWE;Zimbabwe;USD million
01/08/93;Finance;3,887500051;0,978107974;0,289830395;3,199222472;ZWE;Zimbabwe;USD million
01/08/93;ICT;6,422631059;0,717404888;1,848860197;7,554086368;ZWE;Zimbabwe;USD million
01/08/93;Tourism;10,86767617;0,861662477;3,407992113;13,41400581;ZWE;Zimbabwe;USD million
01/08/93;Transport;7,63273775;2,020819631;0,493752636;6,105670755;ZWE;Zimbabwe;USD million
01/08/93;Other;2,781720171;0,812711788;0,499486197;2,46849458;ZWE;Zimbabwe;USD million
01/09/93;Mining;6,05907176;1,836404118;1,500984192;5,723651833;ZWE;Zimbabwe;USD million
01/09/93;Manufacturing;3,982039691;0,48607161;1,230959823;4,726927904;ZWE;Zimbabwe;USD million
01/09/93;Agriculture;6,869838449;0,942309477;0,647576142;6,575105114;ZWE;Zimbabwe;USD million
01/09/93;Energy;9,310987643;2,327015012;1,067881133;8,051853764;ZWE;Zimbabwe;USD million
01/09/93;Finance;7,825881779;1,861270966;2,539137805;8,503748617;ZWE;Zimbabwe;USD million
01/09/93;ICT;7,275966711;2,636845902;2,498923401;7,13804421;ZWE;Zimbabwe;USD million
01/09/93;Tourism;7,160820724;2,604678833;0,5485092;5,104651091;ZWE;Zimbabwe;USD million
01/09/93;Transport;8,652587702;1,496546541;1,502206259;8,65824742;ZWE;Zimbabwe;USD million
01/09/93;Other;9,003899852;3,01912087;0,849087984;6,833866966;ZWE;Zimbabwe;USD million
01/10/93;Mining;1,960703232;0,363906942;0,345097037;1,941893327;ZWE;Zimbabwe;USD million
01/10/93;Manufacturing;4,2830013;0,558117471;0,437472829;4,162356658;ZWE;Zimbabwe;USD million
01/10/93;Agriculture;6,50322433;0,337538097;0,730736838;6,89642307;ZWE;Zimbabwe;USD million
01/10/93;Energy;4,023957302;1,30877483;0,846065917;3,56124839;ZWE;Zimbabwe;USD million
01/10/93;Finance;8,755999854;2,480484842;2,760146478;9,03566149;ZWE;Zimbabwe;USD million
01/10/93;ICT;4,33361498;1,528055915;0,987935875;3,79349494;ZWE;Zimbabwe;USD million
01/10/93;Tourism;5,979117387;0,306436525;1,781633822;7,454314684;ZWE;Zimbabwe;USD million
01/10/93;Transport;4,055356879;0,80624561;1,181251594;4,430362863;ZWE;Zimbabwe;USD million
01/10/93;Other;6,729788541;1,743069443;2,1201301;7,106849198;ZWE;Zimbabwe;USD million
01/11/93;Mining;4,324316574;0,619168018;0,276878775;3,982027331;ZWE;Zimbabwe;USD million
01/11/93;Manufacturing;1,413620532;0,109879865;0,420609004;1,724349671;ZWE;Zimbabwe;USD million
01/11/93;Agriculture;12,38458558;2,985527305;1,873531472;11,27258974;ZWE;Zimbabwe;USD million
01/11/93;Energy;6,58314443;0,348212538;0,904724861;7,139656753;ZWE;Zimbabwe;USD million
01/11/93;Finance;4,221319692;1,460002542;0,577210078;3,338527228;ZWE;Zimbabwe;USD million
01/11/93;ICT;3,504121724;0,851800043;0,789494638;3,44181632;ZWE;Zimbabwe;USD million
01/11/93;Tourism;3,935754863;0,823638473;1,335468687;4,447585076;ZWE;Zimbabwe;USD million
01/11/93;Transport;5,236097209;0,559696887;0,439441786;5,115842108;ZWE;Zimbabwe;USD million
01/11/93;Other;3,749407449;0,468697906;0,92673934;4,207448884;ZWE;Zimbabwe;USD million
01/12/93;Mining;4,647201775;0,384587002;1,13654361;5,399158383;ZWE;Zimbabwe;USD million
01/12/93;Manufacturing;8,562155446;1,3300363;1,553478849;8,785597995;ZWE;Zimbabwe;USD million
01/12/93;Agriculture;4,153228178;1,475721743;0,286728202;2,964234637;ZWE;Zimbabwe;USD million
01/12/93;Energy;9,973908493;1,472801264;2,311530556;10,81263779;ZWE;Zimbabwe;USD million
01/12/93;Finance;2,168355229;0,266019733;0,597950115;2,500285611;ZWE;Zimbabwe;USD million
01/12/93;ICT;8,079998834;2,919186441;1,779419341;6,940231735;ZWE;Zimbabwe;USD million
01/12/93;Tourism;3,493724507;0,810950909;0,241758615;2,924532213;ZWE;Zimbabwe;USD million
01/12/93;Transport;4,302107971;0,308902414;0,331276096;4,324481654;ZWE;Zimbabwe;USD million
01/12/93;Other;1,944458888;0,709551077;0,129440279;1,364348091;ZWE;Zimbabwe;USD million
01/01/94;Mining;8,12213041;2,736286567;1,373940241;6,759784083;ZWE;Zimbabwe;USD million
01/01/94;Manufacturing;4,816109071;1,021235101;0,642396998;4,437270969;ZWE;Zimbabwe;USD million
01/01/94;Agriculture;7,973799051;1,548869804;1,067474783;7,49240403;ZWE;Zimbabwe;USD million
01/01/94;Energy;6,240980762;1,767081415;0,425059575;4,898958922;ZWE;Zimbabwe;USD million
01/01/94;Finance;5,929641816;1,295464013;1,955202957;6,58938076;ZWE;Zimbabwe;USD million
01/01/94;ICT;10,30300018;1,940210918;0,583645167;8,946434432;ZWE;Zimbabwe;USD million
01/01/94;Tourism;3,859399557;1,255016324;1,190297433;3,794680665;ZWE;Zimbabwe;USD million
01/01/94;Transport;8,210857782;3,101193902;1,649155768;6,758819648;ZWE;Zimbabwe;USD million
01/01/94;Other;4,777719702;0,630293474;1,359219724;5,506645952;ZWE;Zimbabwe;USD million
01/02/94;Mining;1,683568459;0,50060409;0,125422578;1,308386948;ZWE;Zimbabwe;USD million
01/02/94;Manufacturing;6,701376469;2,642019732;0,721366117;4,780722854;ZWE;Zimbabwe;USD million
01/02/94;Agriculture;9,532862345;3,656410076;2,951420685;8,827872954;ZWE;Zimbabwe;USD million
01/02/94;Energy;5,337405878;1,708540536;1,816130634;5,444995976;ZWE;Zimbabwe;USD million
01/02/94;Finance;2,607110404;0,867180328;0,839797703;2,579727779;ZWE;Zimbabwe;USD million
01/02/94;ICT;4,727423297;0,349109749;0,634841173;5,01315472;ZWE;Zimbabwe;USD million
01/02/94;Tourism;7,501085843;1,46204452;0,437331814;6,476373137;ZWE;Zimbabwe;USD million
01/02/94;Transport;5,038362419;1,446064391;0,91077184;4,503069868;ZWE;Zimbabwe;USD million
01/02/94;Other;4,984364259;0,506462853;1,101824469;5,579725875;ZWE;Zimbabwe;USD million
01/03/94;Mining;2,221344205;0,278348671;0,54762173;2,490617264;ZWE;Zimbabwe;USD million
01/03/94;Manufacturing;8,953014052;3,544007769;2,599686077;8,00869236;ZWE;Zimbabwe;USD million
01/03/94;Agriculture;3,3818508;0,511199913;0,554216797;3,424867685;ZWE;Zimbabwe;USD million
01/03/94;Energy;1,46465822;0,427919729;0,312706502;1,349444992;ZWE;Zimbabwe;USD million
01/03/94;Finance;1,607860339;0,109450342;0,208643267;1,707053265;ZWE;Zimbabwe;USD million
01/03/94;ICT;2,327649141;0,38243187;0,200065827;2,145283098;ZWE;Zimbabwe;USD million
01/03/94;Tourism;4,771870414;0,986586506;0,493173746;4,278457653;ZWE;Zimbabwe;USD million
01/03/94;Transport;3,638677774;1,292360483;0,67757223;3,023889521;ZWE;Zimbabwe;USD million
01/03/94;Other;3,615009629;0,653231802;1,009340236;3,971118063;ZWE;Zimbabwe;USD million
01/04/94;Mining;10,06215228;3,814308315;0,825824651;7,073668613;ZWE;Zimbabwe;USD million
01/04/94;Manufacturing;4,939948046;1,769351257;0,2821792;3,45277599;ZWE;Zimbabwe;USD million
01/04/94;Agriculture;1,684073689;0,171661162;0,500279192;2,012691719;ZWE;Zimbabwe;USD million
01/04/94;Energy;3,424566734;0,276346523;0,981656121;4,129876332;ZWE;Zimbabwe;USD million
01/04/94;Finance;5,692080477;0,426471901;1,884347076;7,149955652;ZWE;Zimbabwe;USD million
01/04/94;ICT;4,484616393;0,520028948;1,545209909;5,509797354;ZWE;Zimbabwe;USD million
01/04/94;Tourism;4,121360438;0,629070196;1,31372292;4,806013161;ZWE;Zimbabwe;USD million
01/04/94;Transport;1,570524652;0,258695968;0,433598698;1,745427382;ZWE;Zimbabwe;USD million
01/04/94;Other;4,879759961;0,745489359;1,701103886;5,835374487;ZWE;Zimbabwe;USD million
01/05/94;Mining;1,447191013;0,293221717;0,164663859;1,318633155;ZWE;Zimbabwe;USD million
01/05/94;Manufacturing;6,466371784;0,642970769;1,33468271;7,158083725;ZWE;Zimbabwe;USD million
01/05/94;Agriculture;11,79036598;0,647566403;3,664111038;14,80691062;ZWE;Zimbabwe;USD million
01/05/94;Energy;2,290013889;0,549261091;0,678796569;2,419549367;ZWE;Zimbabwe;USD million
01/05/94;Finance;1,374720585;0,466301601;0,141057237;1,04947622;ZWE;Zimbabwe;USD million
01/05/94;ICT;9,109419923;1,099723584;0,513845563;8,523541903;ZWE;Zimbabwe;USD million
01/05/94;Tourism;8,134744659;2,172582795;2,349265235;8,311427098;ZWE;Zimbabwe;USD million
01/05/94;Transport;2,283125786;0,570431719;0,637816367;2,350510433;ZWE;Zimbabwe;USD million
01/05/94;Other;1,864465664;0,20471456;0,601106274;2,260857379;ZWE;Zimbabwe;USD million
01/06/94;Mining;4,962956154;1,50587228;0,605222117;4,062305991;ZWE;Zimbabwe;USD million
01/06/94;Manufacturing;2,492478791;0,990974714;0,13694817;1,638452248;ZWE;Zimbabwe;USD million
01/06/94;Agriculture;5,999955105;0,674997441;1,187260427;6,512218091;ZWE;Zimbabwe;USD million
01/06/94;Energy;3,813511475;1,520115529;1,048546098;3,341942044;ZWE;Zimbabwe;USD million
01/06/94;Finance;8,237170196;2,747650162;2,458847656;7,94836769;ZWE;Zimbabwe;USD million
01/06/94;ICT;3,513847079;0,489771154;0,382464173;3,406540098;ZWE;Zimbabwe;USD million
01/06/94;Tourism;7,694010941;2,612482838;1,78776426;6,869292362;ZWE;Zimbabwe;USD million
01/06/94;Transport;5,983556087;1,69081338;1,204090211;5,496832919;ZWE;Zimbabwe;USD million
01/06/94;Other;5,106601229;1,348811348;0,599747473;4,357537353;ZWE;Zimbabwe;USD million
01/07/94;Mining;1,878869152;0,472172163;0,42924234;1,835939329;ZWE;Zimbabwe;USD million
01/07/94;Manufacturing;6,287329696;1,478011284;0,642627898;5,45194631;ZWE;Zimbabwe;USD million
01/07/94;Agriculture;2,257555507;0,666339097;0,61764839;2,208864799;ZWE;Zimbabwe;USD million
01/07/94;Energy;4,210445527;1,125963436;0,794213094;3,878695185;ZWE;Zimbabwe;USD million
01/07/94;Finance;9,923721488;2,482399816;1,561196606;9,002518277;ZWE;Zimbabwe;USD million
01/07/94;ICT;2,600945715;0,95760436;0,211047687;1,854389042;ZWE;Zimbabwe;USD million
01/07/94;Tourism;1,466047693;0,096788388;0,148184451;1,517443755;ZWE;Zimbabwe;USD million
01/07/94;Transport;1,444951452;0,249603498;0,191067303;1,386415257;ZWE;Zimbabwe;USD million
01/07/94;Other;6,509089022;1,931425774;1,087241506;5,664904754;ZWE;Zimbabwe;USD million
01/08/94;Mining;2,245856591;0,433016426;0,775411835;2,588252;ZWE;Zimbabwe;USD million
01/08/94;Manufacturing;7,620589197;1,350215339;1,531934157;7,802308015;ZWE;Zimbabwe;USD million
01/08/94;Agriculture;3,26934953;0,636234358;0,511902341;3,145017513;ZWE;Zimbabwe;USD million
01/08/94;Energy;2,968754554;0,648441424;0,928849324;3,249162454;ZWE;Zimbabwe;USD million
01/08/94;Finance;5,612051023;1,699548531;1,108641892;5,021144385;ZWE;Zimbabwe;USD million
01/08/94;ICT;3,533906517;0,969641483;1,143128827;3,707393861;ZWE;Zimbabwe;USD million
01/08/94;Tourism;1,346443061;0,077685109;0,450001511;1,718759464;ZWE;Zimbabwe;USD million
01/08/94;Transport;3,229093191;1,120302035;0,248572987;2,357364142;ZWE;Zimbabwe;USD million
01/08/94;Other;6,091475781;2,088522344;0,327855744;4,33080918;ZWE;Zimbabwe;USD million
01/09/94;Mining;7,670092463;2,687575066;0,873581083;5,85609848;ZWE;Zimbabwe;USD million
01/09/94;Manufacturing;3,32411271;1,263965634;0,938497163;2,99864424;ZWE;Zimbabwe;USD million
01/09/94;Agriculture;1,418726247;0,368867532;0,182935115;1,232793829;ZWE;Zimbabwe;USD million
01/09/94;Energy;6,823513844;0,866020568;2,085152907;8,042646184;ZWE;Zimbabwe;USD million
01/09/94;Finance;4,134998587;1,39948154;1,212758325;3,948275371;ZWE;Zimbabwe;USD million
01/09/94;ICT;3,176078882;0,37193869;0,60399984;3,408140032;ZWE;Zimbabwe;USD million
01/09/94;Tourism;4,598017916;0,908919413;1,033685129;4,722783632;ZWE;Zimbabwe;USD million
01/09/94;Transport;2,295139336;0,188548541;0,765006657;2,871597451;ZWE;Zimbabwe;USD million
01/09/94;Other;4,848024183;0,519729138;1,49501933;5,823314374;ZWE;Zimbabwe;USD million
01/10/94;Mining;3,364955763;1,02038155;0,998539215;3,343113428;ZWE;Zimbabwe;USD million
01/10/94;Manufacturing;3,489415357;0,364650006;0,75140881;3,876174161;ZWE;Zimbabwe;USD million
01/10/94;Agriculture;7,86290613;2,641234248;2,528150672;7,749822554;ZWE;Zimbabwe;USD million
01/10/94;Energy;2,761619856;0,225720229;0,518436296;3,054335923;ZWE;Zimbabwe;USD million
01/10/94;Finance;1,876521102;0,676278809;0,355420622;1,555662915;ZWE;Zimbabwe;USD million
01/10/94;ICT;8,022713839;0,795910713;0,694330129;7,921133255;ZWE;Zimbabwe;USD million
01/10/94;Tourism;5,105877111;0,482247174;0,44481391;5,068443847;ZWE;Zimbabwe;USD million
01/10/94;Transport;1,96232493;0,540611318;0,118903883;1,540617496;ZWE;Zimbabwe;USD million
01/10/94;Other;7,717177561;2,217268272;2,425967283;7,925876573;ZWE;Zimbabwe;USD million
01/11/94;Mining;10,37641366;3,065049391;2,437282675;9,748646943;ZWE;Zimbabwe;USD million
01/11/94;Manufacturing;2,17374864;0,395472309;0,436095714;2,214372045;ZWE;Zimbabwe;USD million
01/11/94;Agriculture;9,223590275;1,157286697;2,181537655;10,24784123;ZWE;Zimbabwe;USD million
01/11/94;Energy;6,790996829;0,63627262;0,588783429;6,743507638;ZWE;Zimbabwe;USD million
01/11/94;Finance;1,273998768;0,428910123;0,38396497;1,229053615;ZWE;Zimbabwe;USD million
01/11/94;ICT;2,820525143;1,108523388;0,821489791;2,533491545;ZWE;Zimbabwe;USD million
01/11/94;Tourism;10,16151225;3,761695898;3,258663726;9,658480075;ZWE;Zimbabwe;USD million
01/11/94;Transport;2,752551361;1,076772457;0,466007684;2,141786589;ZWE;Zimbabwe;USD million
01/11/94;Other;3,532655275;1,284694659;0,648312222;2,896272838;ZWE;Zimbabwe;USD million
01/12/94;Mining;3,281161489;0,943964638;1,012213998;3,349410849;ZWE;Zimbabwe;USD million
01/12/94;Manufacturing;2,397325101;0,951118596;0,385281263;1,831487768;ZWE;Zimbabwe;USD million
01/12/94;Agriculture;11,04177352;1,707075615;1,872790574;11,20748848;ZWE;Zimbabwe;USD million
01/12/94;Energy;6,185085291;1,498463338;1,451262355;6,137884307;ZWE;Zimbabwe;USD million
01/12/94;Finance;5,566208956;0,294605131;1,809621869;7,081225694;ZWE;Zimbabwe;USD million
01/12/94;ICT;9,48529732;3,642124646;1,439278477;7,28245115;ZWE;Zimbabwe;USD million
01/12/94;Tourism;2,273600803;0,785350379;0,173796552;1,662046976;ZWE;Zimbabwe;USD million
01/12/94;Transport;4,614376785;1,753133152;1,09769414;3,958937774;ZWE;Zimbabwe;USD million
01/12/94;Other;4,478769886;0,607315269;0,575579222;4,447033839;ZWE;Zimbabwe;USD million
01/01/95;Mining;6,133322469;1,448828813;1,984702688;6,669196344;ZWE;Zimbabwe;USD million
01/01/95;Manufacturing;1,857702907;0,490466639;0,275524496;1,642760763;ZWE;Zimbabwe;USD million
01/01/95;Agriculture;2,821980355;0,728939653;0,34322955;2,436270253;ZWE;Zimbabwe;USD million
01/01/95;Energy;7,951008875;0,730630102;2,105369744;9,325748517;ZWE;Zimbabwe;USD million
01/01/95;Finance;2,144604762;0,30724594;0,694848831;2,532207653;ZWE;Zimbabwe;USD million
01/01/95;ICT;9,343390452;0,777722358;2,137525468;10,70319356;ZWE;Zimbabwe;USD million
01/01/95;Tourism;12,43621204;2,994395947;2,090497967;11,53231406;ZWE;Zimbabwe;USD million
01/01/95;Transport;8,608693058;3,43599704;2,476158211;7,648854229;ZWE;Zimbabwe;USD million
01/01/95;Other;3,727136026;1,019473233;1,020678955;3,728341749;ZWE;Zimbabwe;USD million
01/02/95;Mining;8,569085246;2,303418299;1,29955461;7,565221557;ZWE;Zimbabwe;USD million
01/02/95;Manufacturing;6,185159752;0,362633717;0,5858384;6,408364435;ZWE;Zimbabwe;USD million
01/02/95;Agriculture;8,993110649;0,964727758;1,264136445;9,292519335;ZWE;Zimbabwe;USD million
01/02/95;Energy;2,433242987;0,85658369;0,329788325;1,906447622;ZWE;Zimbabwe;USD million
01/02/95;Finance;14,16496073;2,442459569;3,179738719;14,90223988;ZWE;Zimbabwe;USD million
01/02/95;ICT;3,194896364;0,186497;0,694118342;3,702517706;ZWE;Zimbabwe;USD million
01/02/95;Tourism;4,893589634;1,30101494;0,335685547;3,928260241;ZWE;Zimbabwe;USD million
01/02/95;Transport;7,229191038;2,697868465;0,472815167;5,00413774;ZWE;Zimbabwe;USD million
01/02/95;Other;1,900761438;0,428896285;0,442417219;1,914282372;ZWE;Zimbabwe;USD million
01/03/95;Mining;4,446695666;0,634231491;1,244245089;5,056709264;ZWE;Zimbabwe;USD million
01/03/95;Manufacturing;9,610317572;1,158214554;2,138793988;10,59089701;ZWE;Zimbabwe;USD million
01/03/95;Agriculture;5,164832465;1,086132338;0,538266513;4,61696664;ZWE;Zimbabwe;USD million
01/03/95;Energy;2,088207728;0,296990539;0,233149273;2,024366462;ZWE;Zimbabwe;USD million
01/03/95;Finance;7,410264287;2,08995669;0,736909687;6,057217284;ZWE;Zimbabwe;USD million
01/03/95;ICT;2,413789095;0,849165113;0,618991226;2,183615208;ZWE;Zimbabwe;USD million
01/03/95;Tourism;6,58219317;2,122039476;1,623084159;6,083237853;ZWE;Zimbabwe;USD million
01/03/95;Transport;14,34493298;5,699961399;0,884555168;9,529526753;ZWE;Zimbabwe;USD million
01/03/95;Other;4,776343005;1,495328403;0,352491181;3,633505783;ZWE;Zimbabwe;USD million
01/04/95;Mining;11,84411598;4,060231579;1,673355646;9,457240043;ZWE;Zimbabwe;USD million
01/04/95;Manufacturing;7,276637398;1,440424453;2,532996344;8,369209289;ZWE;Zimbabwe;USD million
01/04/95;Agriculture;1,84646239;0,330204899;0,112659961;1,628917451;ZWE;Zimbabwe;USD million
01/04/95;Energy;1,034571903;0,379451678;0,263234541;0,918354766;ZWE;Zimbabwe;USD million
01/04/95;Finance;6,617086175;0,583835113;0,821806619;6,855057681;ZWE;Zimbabwe;USD million
01/04/95;ICT;10,38561397;1,973372597;1,2508946;9,663135976;ZWE;Zimbabwe;USD million
01/04/95;Tourism;8,879770217;3,523497629;2,902989738;8,259262326;ZWE;Zimbabwe;USD million
01/04/95;Transport;5,418591805;1,252282475;0,438989185;4,605298515;ZWE;Zimbabwe;USD million
01/04/95;Other;7,670142902;2,71529921;1,948523879;6,90336757;ZWE;Zimbabwe;USD million
01/05/95;Mining;5,009522161;0,525302238;1,693319285;6,177539209;ZWE;Zimbabwe;USD million
01/05/95;Manufacturing;4,92682012;0,576777116;0,588128986;4,93817199;ZWE;Zimbabwe;USD million
01/05/95;Agriculture;1,371392642;0,358059318;0,350120972;1,363454297;ZWE;Zimbabwe;USD million
01/05/95;Energy;6,193007791;0,799731942;0,449139098;5,842414947;ZWE;Zimbabwe;USD million
01/05/95;Finance;6,573870574;2,504857313;0,776668438;4,845681699;ZWE;Zimbabwe;USD million
01/05/95;ICT;1,565110165;0,406929011;0,468883484;1,627064638;ZWE;Zimbabwe;USD million
01/05/95;Tourism;2,210958931;0,683804617;0,25796069;1,785115005;ZWE;Zimbabwe;USD million
01/05/95;Transport;5,103102373;1,574902066;1,428297867;4,956498175;ZWE;Zimbabwe;USD million
01/05/95;Other;2,386888619;0,726550634;0,423696416;2,084034401;ZWE;Zimbabwe;USD million
01/06/95;Mining;1,396320734;0,228635723;0,196351236;1,364036247;ZWE;Zimbabwe;USD million
01/06/95;Manufacturing;11,30868271;3,854527484;1,651746906;9,105902136;ZWE;Zimbabwe;USD million
01/06/95;Agriculture;4,347196495;1,391611871;1,044065996;3,999650619;ZWE;Zimbabwe;USD million
01/06/95;Energy;1,299408316;0,474855314;0,315749125;1,140302127;ZWE;Zimbabwe;USD million
01/06/95;Finance;8,159209257;1,632448512;1,528916239;8,055676984;ZWE;Zimbabwe;USD million
01/06/95;ICT;6,224132851;1,411170887;2,119360714;6,932322678;ZWE;Zimbabwe;USD million
01/06/95;Tourism;4,211122712;0,323875189;1,301875349;5,189122872;ZWE;Zimbabwe;USD million
01/06/95;Transport;14,21715059;2,26355629;1,285927338;13,23952163;ZWE;Zimbabwe;USD million
01/06/95;Other;7,369288238;2,43493638;1,627790333;6,562142191;ZWE;Zimbabwe;USD million
01/07/95;Mining;12,34150875;3,750720408;1,936862645;10,52765098;ZWE;Zimbabwe;USD million
01/07/95;Manufacturing;5,647345001;0,480837191;0,429876953;5,596384762;ZWE;Zimbabwe;USD million
01/07/95;Agriculture;4,362171326;1,5034622;1,104959241;3,963668367;ZWE;Zimbabwe;USD million
01/07/95;Energy;6,536900348;0,63541322;1,700879393;7,602366521;ZWE;Zimbabwe;USD million
01/07/95;Finance;1,867558826;0,548466304;0,575979868;1,89507239;ZWE;Zimbabwe;USD million
01/07/95;ICT;13,60448086;1,464526686;1,258944377;13,39889855;ZWE;Zimbabwe;USD million
01/07/95;Tourism;5,380280252;1,585701046;1,232996631;5,027575837;ZWE;Zimbabwe;USD million
01/07/95;Transport;3,58868976;0,233200161;0,361304399;3,716793999;ZWE;Zimbabwe;USD million
01/07/95;Other;2,330200528;0,218596743;0,17061578;2,282219566;ZWE;Zimbabwe;USD million
01/08/95;Mining;7,788736874;0,561816262;1,277021169;8,503941781;ZWE;Zimbabwe;USD million
01/08/95;Manufacturing;5,256668883;0,543659189;1,084739502;5,797749196;ZWE;Zimbabwe;USD million
01/08/95;Agriculture;6,064127362;2,065062904;1,970288237;5,969352694;ZWE;Zimbabwe;USD million
01/08/95;Energy;2,712872777;0,44298046;0,888398718;3,158291034;ZWE;Zimbabwe;USD million
01/08/95;Finance;5,636136843;1,123176535;1,312327692;5,825288001;ZWE;Zimbabwe;USD million
01/08/95;ICT;4,992930052;1,821445781;1,73921556;4,910699832;ZWE;Zimbabwe;USD million
01/08/95;Tourism;9,070792223;1,20704613;1,366187149;9,229933242;ZWE;Zimbabwe;USD million
01/08/95;Transport;3,639458248;0,570178121;0,501915574;3,571195701;ZWE;Zimbabwe;USD million
01/08/95;Other;1,894092898;0,400521276;0,245286188;1,73885781;ZWE;Zimbabwe;USD million
01/09/95;Mining;12,0442475;4,656047725;2,818505487;10,20670526;ZWE;Zimbabwe;USD million
01/09/95;Manufacturing;4,022212477;0,353752717;0,351621535;4,020081295;ZWE;Zimbabwe;USD million
01/09/95;Agriculture;2,982871031;0,361641688;0,435658029;3,056887373;ZWE;Zimbabwe;USD million
01/09/95;Energy;2,353767695;0,155086066;0,259106067;2,457787696;ZWE;Zimbabwe;USD million
01/09/95;Finance;2,575306877;0,339700309;0,404921074;2,640527642;ZWE;Zimbabwe;USD million
01/09/95;ICT;5,062916407;1,324171203;1,022983536;4,761728739;ZWE;Zimbabwe;USD million
01/09/95;Tourism;7,47203762;0,43042614;1,255307997;8,296919478;ZWE;Zimbabwe;USD million
01/09/95;Transport;1,238875444;0,470347377;0,313429934;1,081958001;ZWE;Zimbabwe;USD million
01/09/95;Other;6,920071465;2,603500982;1,163921392;5,480491875;ZWE;Zimbabwe;USD million
01/10/95;Mining;15,54611013;3,225655379;4,145344403;16,46579915;ZWE;Zimbabwe;USD million
01/10/95;Manufacturing;6,935950678;1,190734599;0,453403549;6,198619629;ZWE;Zimbabwe;USD million
01/10/95;Agriculture;5,43135742;1,123327023;0,291044008;4,599074404;ZWE;Zimbabwe;USD million
01/10/95;Energy;4,467964307;1,480817933;0,454257875;3,44140425;ZWE;Zimbabwe;USD million
01/10/95;Finance;2,588651662;0,68159616;0,852930893;2,759986395;ZWE;Zimbabwe;USD million
01/10/95;ICT;2,677753661;0,199198568;0,520105656;2,998660748;ZWE;Zimbabwe;USD million
01/10/95;Tourism;2,553846969;0,804034289;0,295599194;2,045411873;ZWE;Zimbabwe;USD million
01/10/95;Transport;3,201011686;0,327417393;1,086347742;3,959942034;ZWE;Zimbabwe;USD million
01/10/95;Other;4,428569407;1,763724669;0,735184979;3,400029717;ZWE;Zimbabwe;USD million
01/11/95;Mining;7,343694051;0,889278775;0,557148403;7,01156368;ZWE;Zimbabwe;USD million
01/11/95;Manufacturing;5,437536778;0,937219733;1,091460709;5,591777754;ZWE;Zimbabwe;USD million
01/11/95;Agriculture;4,145366367;0,909849155;1,397416088;4,6329333;ZWE;Zimbabwe;USD million
01/11/95;Energy;3,68709871;1,453286377;0,948371681;3,182184014;ZWE;Zimbabwe;USD million
01/11/95;Finance;4,110469546;0,704791857;0,863347559;4,269025248;ZWE;Zimbabwe;USD million
01/11/95;ICT;4,143871025;1,351195168;0,688142881;3,480818738;ZWE;Zimbabwe;USD million
01/11/95;Tourism;2,562734933;0,66916916;0,26306554;2,156631313;ZWE;Zimbabwe;USD million
01/11/95;Transport;7,498156984;2,810518659;1,924231769;6,611870094;ZWE;Zimbabwe;USD million
01/11/95;Other;5,177164742;1,703257643;0,491513787;3,965420886;ZWE;Zimbabwe;USD million
01/12/95;Mining;9,856204445;1,209539671;2,789586251;11,43625103;ZWE;Zimbabwe;USD million
01/12/95;Manufacturing;3,815651222;0,276392877;0,476656483;4,015914827;ZWE;Zimbabwe;USD million
01/12/95;Agriculture;6,301561377;1,307541953;1,55927218;6,553291604;ZWE;Zimbabwe;USD million
01/12/95;Energy;6,219241959;2,084125095;1,798654921;5,933771785;ZWE;Zimbabwe;USD million
01/12/95;Finance;3,906971972;1,412180469;0,275041184;2,769832688;ZWE;Zimbabwe;USD million
01/12/95;ICT;2,652313157;0,252856492;0,425915802;2,825372467;ZWE;Zimbabwe;USD million
01/12/95;Tourism;2,596416244;0,443494467;0,149403829;2,302325606;ZWE;Zimbabwe;USD million
01/12/95;Transport;1,8845619;0,09740106;0,310638821;2,097799661;ZWE;Zimbabwe;USD million
01/12/95;Other;1,649094092;0,341169782;0,196966516;1,504890826;ZWE;Zimbabwe;USD million
01/01/96;Mining;8,344550882;1,744222655;2,875627028;9,475955255;ZWE;Zimbabwe;USD million
01/01/96;Manufacturing;2,325029339;0,400843426;0,503128248;2,427314162;ZWE;Zimbabwe;USD million
01/01/96;Agriculture;6,925162135;0,497974076;0,984873763;7,412061822;ZWE;Zimbabwe;USD million
01/01/96;Energy;6,83277759;2,683060016;0,816768812;4,966486386;ZWE;Zimbabwe;USD million
01/01/96;Finance;6,08895109;1,092498153;1,164656893;6,16110983;ZWE;Zimbabwe;USD million
01/01/96;ICT;1,956054536;0,524222664;0,330457501;1,762289374;ZWE;Zimbabwe;USD million
01/01/96;Tourism;6,897913743;1,416965718;2,123678437;7,604626462;ZWE;Zimbabwe;USD million
01/01/96;Transport;3,18288661;0,921311329;0,489755071;2,751330352;ZWE;Zimbabwe;USD million
01/01/96;Other;8,960152972;2,555775627;1,175476124;7,579853469;ZWE;Zimbabwe;USD million
01/02/96;Mining;1,360020331;0,104069534;0,290621076;1,546571874;ZWE;Zimbabwe;USD million
01/02/96;Manufacturing;6,837268663;2,113408227;0,674791194;5,39865163;ZWE;Zimbabwe;USD million
01/02/96;Agriculture;4,089305055;0,661338666;0,472924296;3,900890685;ZWE;Zimbabwe;USD million
01/02/96;Energy;5,705230221;0,751255807;1,340172072;6,294146486;ZWE;Zimbabwe;USD million
01/02/96;Finance;3,419600294;1,28333554;0,519674452;2,655939206;ZWE;Zimbabwe;USD million
01/02/96;ICT;5,371304456;0,414175896;1,159326251;6,116454811;ZWE;Zimbabwe;USD million
01/02/96;Tourism;1,466399986;0,435931449;0,288305116;1,318773652;ZWE;Zimbabwe;USD million
01/02/96;Transport;1,163576333;0,119166958;0,389247419;1,433656793;ZWE;Zimbabwe;USD million
01/02/96;Other;8,942585649;2,279652721;2,701419267;9,364352195;ZWE;Zimbabwe;USD million
01/03/96;Mining;4,825693711;1,62277964;0,781658172;3,984572242;ZWE;Zimbabwe;USD million
01/03/96;Manufacturing;4,047911349;1,333525918;1,054334983;3,768720415;ZWE;Zimbabwe;USD million
01/03/96;Agriculture;10,07150633;3,158960667;0,58770746;7,500253123;ZWE;Zimbabwe;USD million
01/03/96;Energy;6,651369397;1,927440776;2,27086786;6,994796481;ZWE;Zimbabwe;USD million
01/03/96;Finance;7,274936758;0,407974451;1,206708366;8,073670673;ZWE;Zimbabwe;USD million
01/03/96;ICT;3,627998286;0,189857235;0,715281532;4,153422583;ZWE;Zimbabwe;USD million
01/03/96;Tourism;8,869390944;2,276037094;2,853812906;9,447166755;ZWE;Zimbabwe;USD million
01/03/96;Transport;8,874614103;1,148203826;1,503833637;9,230243914;ZWE;Zimbabwe;USD million
01/03/96;Other;3,255534544;0,330126253;0,603661094;3,529069385;ZWE;Zimbabwe;USD million
01/04/96;Mining;3,708115528;1,480169986;0,5712285;2,799174041;ZWE;Zimbabwe;USD million
01/04/96;Manufacturing;3,425121853;1,126965535;0,477284921;2,775441239;ZWE;Zimbabwe;USD million
01/04/96;Agriculture;3,026553659;0,601478009;0,540560234;2,965635884;ZWE;Zimbabwe;USD million
01/04/96;Energy;3,836330196;0,722991804;0,896703703;4,010042095;ZWE;Zimbabwe;USD million
01/04/96;Finance;3,175133326;0,995118472;0,967771443;3,147786297;ZWE;Zimbabwe;USD million
01/04/96;ICT;2,185577166;0,221646381;0,559446597;2,523377382;ZWE;Zimbabwe;USD million
01/04/96;Tourism;10,127232;1,416361762;0,629876609;9,340746846;ZWE;Zimbabwe;USD million
01/04/96;Transport;8,162112317;0,411151209;2,447045334;10,19800644;ZWE;Zimbabwe;USD million
01/04/96;Other;7,050018543;2,149260353;1,218538329;6,11929652;ZWE;Zimbabwe;USD million
01/05/96;Mining;1,921765868;0,281556923;0,398055475;2,03826442;ZWE;Zimbabwe;USD million
01/05/96;Manufacturing;7,711169868;3,060597331;2,346696191;6,997268728;ZWE;Zimbabwe;USD million
01/05/96;Agriculture;4,849773342;1,018558028;0,386352903;4,217568217;ZWE;Zimbabwe;USD million
01/05/96;Energy;1,907524494;0,179207067;0,199808757;1,928126184;ZWE;Zimbabwe;USD million
01/05/96;Finance;2,319580119;0,262919416;0,6431251;2,699785803;ZWE;Zimbabwe;USD million
01/05/96;ICT;4,400447073;1,704262478;1,08237436;3,778558955;ZWE;Zimbabwe;USD million
01/05/96;Tourism;2,102509827;0,173440538;0,730898983;2,659968273;ZWE;Zimbabwe;USD million
01/05/96;Transport;2,994966629;0,595039439;0,283568588;2,683495778;ZWE;Zimbabwe;USD million
01/05/96;Other;6,580702543;1,932779366;2,209206367;6,857129544;ZWE;Zimbabwe;USD million
01/06/96;Mining;5,430703862;0,581369552;1,53877288;6,38810719;ZWE;Zimbabwe;USD million
01/06/96;Manufacturing;5,960386138;0,33586433;0,664955942;6,289477751;ZWE;Zimbabwe;USD million
01/06/96;Agriculture;7,249457883;0,855808773;1,558484651;7,952133761;ZWE;Zimbabwe;USD million
01/06/96;Energy;5,868181237;0,510632956;1,856955623;7,214503904;ZWE;Zimbabwe;USD million
01/06/96;Finance;5,213297734;1,311053888;0,614570889;4,516814736;ZWE;Zimbabwe;USD million
01/06/96;ICT;10,12876393;1,112925213;2,793012618;11,80885134;ZWE;Zimbabwe;USD million
01/06/96;Tourism;7,992023274;2,691613794;0,456234531;5,756644011;ZWE;Zimbabwe;USD million
01/06/96;Transport;2,434219543;0,21005585;0,842464488;3,066628182;ZWE;Zimbabwe;USD million
01/06/96;Other;6,833240453;2,498545167;2,381841987;6,716537273;ZWE;Zimbabwe;USD million
01/07/96;Mining;2,013344652;0,499917853;0,290359951;1,80378675;ZWE;Zimbabwe;USD million
01/07/96;Manufacturing;7,94472511;2,99850356;2,051097709;6,997319259;ZWE;Zimbabwe;USD million
01/07/96;Agriculture;5,217766943;1,115070789;0,762991192;4,865687346;ZWE;Zimbabwe;USD million
01/07/96;Energy;1,512113132;0,451229343;0,166071403;1,226955192;ZWE;Zimbabwe;USD million
01/07/96;Finance;8,384154085;0,980401841;1,840269647;9,244021891;ZWE;Zimbabwe;USD million
01/07/96;ICT;6,902947446;1,610378944;0,898107705;6,190676207;ZWE;Zimbabwe;USD million
01/07/96;Tourism;2,940034116;0,419038733;0,218049148;2,739044531;ZWE;Zimbabwe;USD million
01/07/96;Transport;4,817065737;1,725713958;0,87169784;3,96304962;ZWE;Zimbabwe;USD million
01/07/96;Other;3,694741794;0,614224444;0,751377752;3,831895101;ZWE;Zimbabwe;USD million
01/08/96;Mining;7,911589528;0,714473409;0,768932856;7,966048975;ZWE;Zimbabwe;USD million
01/08/96;Manufacturing;6,633217218;1,568591303;1,406048297;6,470674211;ZWE;Zimbabwe;USD million
01/08/96;Agriculture;9,115054782;2,642965989;0,48346645;6,955555243;ZWE;Zimbabwe;USD million
01/08/96;Energy;4,346869923;1,275129981;1,151060857;4,222800799;ZWE;Zimbabwe;USD million
01/08/96;Finance;5,072874737;0,27773366;0,77084787;5,565988946;ZWE;Zimbabwe;USD million
01/08/96;ICT;7,286186046;0,672665589;0,932832681;7,546353138;ZWE;Zimbabwe;USD million
01/08/96;Tourism;10,89466063;3,676009494;1,084212041;8,302863181;ZWE;Zimbabwe;USD million
01/08/96;Transport;1,341976333;0,312019429;0,266819666;1,29677657;ZWE;Zimbabwe;USD million
01/08/96;Other;2,873393812;0,885695273;0,324335996;2,312034534;ZWE;Zimbabwe;USD million
01/09/96;Mining;4,548550684;0,364409222;0,992616256;5,176757718;ZWE;Zimbabwe;USD million
01/09/96;Manufacturing;1,881415428;0,705096847;0,465842731;1,642161312;ZWE;Zimbabwe;USD million
01/09/96;Agriculture;9,803347348;2,748348579;3,144032087;10,19903086;ZWE;Zimbabwe;USD million
01/09/96;Energy;7,446698523;1,250550602;1,483016813;7,679164733;ZWE;Zimbabwe;USD million
01/09/96;Finance;2,821004269;0,733948979;0,293260539;2,380315829;ZWE;Zimbabwe;USD million
01/09/96;ICT;4,011767207;0,273209719;0,63406429;4,372621778;ZWE;Zimbabwe;USD million
01/09/96;Tourism;3,152356698;0,562942628;0,580675808;3,170089877;ZWE;Zimbabwe;USD million
01/09/96;Transport;5,246023986;1,458546234;0,653327898;4,44080565;ZWE;Zimbabwe;USD million
01/09/96;Other;7,234459562;1,941953446;0,567271742;5,859777859;ZWE;Zimbabwe;USD million
01/10/96;Mining;2,447595556;0,239617359;0,15585571;2,363833907;ZWE;Zimbabwe;USD million
01/10/96;Manufacturing;6,144081905;2,258690744;0,751989693;4,637380854;ZWE;Zimbabwe;USD million
01/10/96;Agriculture;3,889137365;0,447763312;0,80371293;4,245086983;ZWE;Zimbabwe;USD million
01/10/96;Energy;5,10146995;1,576514582;0,848584239;4,373539607;ZWE;Zimbabwe;USD million
01/10/96;Finance;5,748119907;0,641781006;1,779287596;6,885626497;ZWE;Zimbabwe;USD million
01/10/96;ICT;4,101799845;0,216279229;0,708781648;4,594302264;ZWE;Zimbabwe;USD million
01/10/96;Tourism;3,820378347;0,863670986;0,556077216;3,512784576;ZWE;Zimbabwe;USD million
01/10/96;Transport;8,609579809;0,836149842;2,438834028;10,212264;ZWE;Zimbabwe;USD million
01/10/96;Other;6,511754477;2,081209024;0,640806195;5,071351648;ZWE;Zimbabwe;USD million
01/11/96;Mining;5,039168726;0,598330354;0,568534299;5,009372671;ZWE;Zimbabwe;USD million
01/11/96;Manufacturing;4,943100141;1,790991777;1,339499931;4,491608295;ZWE;Zimbabwe;USD million
01/11/96;Agriculture;7,490548005;1,152630822;2,148290229;8,486207413;ZWE;Zimbabwe;USD million
01/11/96;Energy;2,974912007;0,266135866;0,659667471;3,368443612;ZWE;Zimbabwe;USD million
01/11/96;Finance;4,255901606;0,70054342;0,24564322;3,801001407;ZWE;Zimbabwe;USD million
01/11/96;ICT;2,349628165;0,466483504;0,80232303;2,685467691;ZWE;Zimbabwe;USD million
01/11/96;Tourism;5,364070128;0,970235593;1,805423785;6,19925832;ZWE;Zimbabwe;USD million
01/11/96;Transport;4,997457823;0,572676794;1,640372819;6,065153847;ZWE;Zimbabwe;USD million
01/11/96;Other;6,064599239;2,073067462;1,194967328;5,186499105;ZWE;Zimbabwe;USD million
01/12/96;Mining;8,777713466;2,94012063;2,92307592;8,760668757;ZWE;Zimbabwe;USD million
01/12/96;Manufacturing;5,635870355;0,866697475;1,519646616;6,288819495;ZWE;Zimbabwe;USD million
01/12/96;Agriculture;8,716639376;1,70078571;2,097425209;9,113278875;ZWE;Zimbabwe;USD million
01/12/96;Energy;1,737028493;0,524146022;0,375596946;1,588479417;ZWE;Zimbabwe;USD million
01/12/96;Finance;5,551424912;1,143163947;1,879599247;6,287860211;ZWE;Zimbabwe;USD million
01/12/96;ICT;3,864057372;0,337536768;0,335450358;3,861970963;ZWE;Zimbabwe;USD million
01/12/96;Tourism;3,734510221;1,334317177;1,044014789;3,444207833;ZWE;Zimbabwe;USD million
01/12/96;Transport;7,332323963;1,254390114;1,926139858;8,004073708;ZWE;Zimbabwe;USD million
01/12/96;Other;3,946094953;0,716794203;0,400439797;3,629740547;ZWE;Zimbabwe;USD million
01/01/97;Mining;10,95754785;3,604029531;1,69730212;9,050820436;ZWE;Zimbabwe;USD million
01/01/97;Manufacturing;4,243559921;0,666372902;1,416751865;4,993938883;ZWE;Zimbabwe;USD million
01/01/97;Agriculture;5,834161628;1,620635897;1,552662192;5,766187923;ZWE;Zimbabwe;USD million
01/01/97;Energy;3,511151746;0,843851378;1,083672555;3,750972923;ZWE;Zimbabwe;USD million
01/01/97;Finance;1,933301843;0,186209618;0,182923164;1,930015389;ZWE;Zimbabwe;USD million
01/01/97;ICT;3,196334163;0,624775955;0,781797865;3,353356072;ZWE;Zimbabwe;USD million
01/01/97;Tourism;2,854756184;0,313634495;0,283815511;2,8249372;ZWE;Zimbabwe;USD million
01/01/97;Transport;4,512040737;0,347983721;1,562551014;5,72660803;ZWE;Zimbabwe;USD million
01/01/97;Other;3,723991168;1,36614945;0,247918521;2,60576024;ZWE;Zimbabwe;USD million
01/02/97;Mining;4,778615632;1,292089052;0,284083542;3,770610122;ZWE;Zimbabwe;USD million
01/02/97;Manufacturing;2,064303333;0,660955001;0,243276088;1,64662442;ZWE;Zimbabwe;USD million
01/02/97;Agriculture;2,040497406;0,258379834;0,559976896;2,342094468;ZWE;Zimbabwe;USD million
01/02/97;Energy;12,04878387;0,858902326;3,773835818;14,96371736;ZWE;Zimbabwe;USD million
01/02/97;Finance;2,142440637;0,598930158;0,445989861;1,989500341;ZWE;Zimbabwe;USD million
01/02/97;ICT;8,558275678;2,063413475;2,573925041;9,068787244;ZWE;Zimbabwe;USD million
01/02/97;Tourism;5,017344636;0,309363597;1,741058804;6,449039843;ZWE;Zimbabwe;USD million
01/02/97;Transport;6,857275802;0,960017019;1,15510411;7,052362894;ZWE;Zimbabwe;USD million
01/02/97;Other;3,815826794;0,492410509;0,604608147;3,928024432;ZWE;Zimbabwe;USD million
01/03/97;Mining;1,408595628;0,414767245;0,298040939;1,291869322;ZWE;Zimbabwe;USD million
01/03/97;Manufacturing;1,416651744;0,401049116;0,088068014;1,103670642;ZWE;Zimbabwe;USD million
01/03/97;Agriculture;4,623416526;0,431436298;1,589775675;5,781755903;ZWE;Zimbabwe;USD million
01/03/97;Energy;3,997655511;0,807375282;1,197285988;4,387566216;ZWE;Zimbabwe;USD million
01/03/97;Finance;3,183170897;0,796011851;0,495499795;2,882658842;ZWE;Zimbabwe;USD million
01/03/97;ICT;5,090726772;1,606179807;0,900150957;4,384697922;ZWE;Zimbabwe;USD million
01/03/97;Tourism;4,95063772;0,358145948;0,256735624;4,849227396;ZWE;Zimbabwe;USD million
01/03/97;Transport;3,857627249;0,543905698;0,838758538;4,152480088;ZWE;Zimbabwe;USD million
01/03/97;Other;9,656804518;2,295520189;2,308751791;9,670036119;ZWE;Zimbabwe;USD million
01/04/97;Mining;11,5741194;2,884973797;1,241683235;9,930828835;ZWE;Zimbabwe;USD million
01/04/97;Manufacturing;3,590975105;0,641613347;0,625212253;3,574574011;ZWE;Zimbabwe;USD million
01/04/97;Agriculture;7,247257254;1,57328103;1,166462916;6,84043914;ZWE;Zimbabwe;USD million
01/04/97;Energy;5,523531297;0,98893037;1,368457654;5,90305858;ZWE;Zimbabwe;USD million
01/04/97;Finance;8,41883487;3,253102856;2,177804178;7,343536192;ZWE;Zimbabwe;USD million
01/04/97;ICT;3,164728583;0,831658544;0,606208001;2,939278039;ZWE;Zimbabwe;USD million
01/04/97;Tourism;10,29477185;3,110182235;1,357805054;8,542394667;ZWE;Zimbabwe;USD million
01/04/97;Transport;1,678260556;0,496689395;0,132066421;1,313637582;ZWE;Zimbabwe;USD million
01/04/97;Other;8,621000219;0,792530023;2,52366665;10,35213685;ZWE;Zimbabwe;USD million
01/05/97;Mining;2,16941326;0,743541218;0,241382876;1,667254919;ZWE;Zimbabwe;USD million
01/05/97;Manufacturing;2,093531786;0,150715041;0,132009128;2,074825873;ZWE;Zimbabwe;USD million
01/05/97;Agriculture;2,580124254;0,250718765;0,3303277;2,659733189;ZWE;Zimbabwe;USD million
01/05/97;Energy;6,943866477;2,18619156;1,214770938;5,972445854;ZWE;Zimbabwe;USD million
01/05/97;Finance;5,013428251;0,601182442;0,62721706;5,039462869;ZWE;Zimbabwe;USD million
01/05/97;ICT;6,353917733;2,200722399;1,776053977;5,929249311;ZWE;Zimbabwe;USD million
01/05/97;Tourism;2,562419913;0,459996999;0,486572812;2,588995727;ZWE;Zimbabwe;USD million
01/05/97;Transport;5,052575465;1,362322973;1,522125297;5,212377789;ZWE;Zimbabwe;USD million
01/05/97;Other;8,957856283;1,204428008;2,571963907;10,32539218;ZWE;Zimbabwe;USD million
01/06/97;Mining;7,032418661;1,126728002;0,859385798;6,765076457;ZWE;Zimbabwe;USD million
01/06/97;Manufacturing;1,642082898;0,55278133;0,208124467;1,297426035;ZWE;Zimbabwe;USD million
01/06/97;Agriculture;2,728470877;1,035839171;0,502042816;2,194674523;ZWE;Zimbabwe;USD million
01/06/97;Energy;6,49788105;1,863466366;1,178417502;5,812832186;ZWE;Zimbabwe;USD million
01/06/97;Finance;4,363036898;1,071503426;1,18396569;4,475499162;ZWE;Zimbabwe;USD million
01/06/97;ICT;5,316034766;0,431855162;0,285518269;5,169697873;ZWE;Zimbabwe;USD million
01/06/97;Tourism;2,017183344;0,723094093;0,505316444;1,799405695;ZWE;Zimbabwe;USD million
01/06/97;Transport;4,274518226;0,60853237;0,853029566;4,519015422;ZWE;Zimbabwe;USD million
01/06/97;Other;4,44419127;0,390377185;0,917280867;4,971094952;ZWE;Zimbabwe;USD million
01/07/97;Mining;3,548574736;0,220454076;1,018485519;4,346606179;ZWE;Zimbabwe;USD million
01/07/97;Manufacturing;1,593774954;0,54873482;0,414448363;1,459488498;ZWE;Zimbabwe;USD million
01/07/97;Agriculture;3,607650283;0,585694436;0,807255565;3,829211413;ZWE;Zimbabwe;USD million
01/07/97;Energy;1,988746427;0,169365547;0,607624775;2,427005655;ZWE;Zimbabwe;USD million
01/07/97;Finance;7,581269053;2,513514363;2,345257766;7,413012455;ZWE;Zimbabwe;USD million
01/07/97;ICT;5,613090009;0,293008909;1,430654942;6,750736042;ZWE;Zimbabwe;USD million
01/07/97;Tourism;1,215804691;0,133160986;0,09675375;1,179397455;ZWE;Zimbabwe;USD million
01/07/97;Transport;1,522131134;0,345719976;0,087589762;1,26400092;ZWE;Zimbabwe;USD million
01/07/97;Other;5,136855415;0,968136294;0,54567586;4,714394981;ZWE;Zimbabwe;USD million
01/08/97;Mining;7,07955736;1,118640251;0,963016202;6,923933312;ZWE;Zimbabwe;USD million
01/08/97;Manufacturing;5,996756374;1,271639666;1,067648214;5,792764921;ZWE;Zimbabwe;USD million
01/08/97;Agriculture;3,859672436;0,792230558;0,994194916;4,061636793;ZWE;Zimbabwe;USD million
01/08/97;Energy;6,782274345;0,725533165;1,249351332;7,306092512;ZWE;Zimbabwe;USD million
01/08/97;Finance;9,684664056;3,345366945;3,175410383;9,514707494;ZWE;Zimbabwe;USD million
01/08/97;ICT;11,26026469;3,694815666;2,963369639;10,52881866;ZWE;Zimbabwe;USD million
01/08/97;Tourism;4,472679404;1,003209609;0,287052863;3,756522659;ZWE;Zimbabwe;USD million
01/08/97;Transport;1,26772281;0,470639793;0,298306948;1,095389964;ZWE;Zimbabwe;USD million
01/08/97;Other;9,660796435;0,98633493;1,916074642;10,59053615;ZWE;Zimbabwe;USD million
01/09/97;Mining;3,866968856;1,462421812;0,196774541;2,601321586;ZWE;Zimbabwe;USD million
01/09/97;Manufacturing;10,21283921;0,661216674;1,485096634;11,03671917;ZWE;Zimbabwe;USD million
01/09/97;Agriculture;9,790145849;0,934365155;2,050004705;10,9057854;ZWE;Zimbabwe;USD million
01/09/97;Energy;2,065797151;0,25062334;0,436286572;2,251460383;ZWE;Zimbabwe;USD million
01/09/97;Finance;1,705923458;0,486295274;0,256554896;1,47618308;ZWE;Zimbabwe;USD million
01/09/97;ICT;4,973521577;0,943301089;1,381850481;5,412070968;ZWE;Zimbabwe;USD million
01/09/97;Tourism;10,57431918;3,354460511;0,649577892;7,869436564;ZWE;Zimbabwe;USD million
01/09/97;Transport;5,750665807;0,891201647;0,872200367;5,731664528;ZWE;Zimbabwe;USD million
01/09/97;Other;5,410274515;1,430200825;0,918622905;4,898696594;ZWE;Zimbabwe;USD million
01/10/97;Mining;4,263373062;1,342555516;1,288319916;4,209137462;ZWE;Zimbabwe;USD million
01/10/97;Manufacturing;3,79410776;1,238704551;0,720090567;3,275493777;ZWE;Zimbabwe;USD million
01/10/97;Agriculture;3,151082635;0,297690421;0,49629574;3,349687955;ZWE;Zimbabwe;USD million
01/10/97;Energy;4,342140848;0,627916815;1,027425935;4,741649967;ZWE;Zimbabwe;USD million
01/10/97;Finance;11,87213191;4,71926891;4,104784396;11,2576474;ZWE;Zimbabwe;USD million
01/10/97;ICT;3,421208511;1,219814406;0,91938339;3,120777495;ZWE;Zimbabwe;USD million
01/10/97;Tourism;2,509455082;0,192184993;0,64822312;2,965493209;ZWE;Zimbabwe;USD million
01/10/97;Transport;7,645386326;0,983534291;2,666194706;9,32804674;ZWE;Zimbabwe;USD million
01/10/97;Other;4,813090247;0,485150257;0,944104804;5,272044794;ZWE;Zimbabwe;USD million
01/11/97;Mining;3,368362618;0,744898159;0,341026573;2,964491032;ZWE;Zimbabwe;USD million
01/11/97;Manufacturing;2,109471873;0,834731589;0,455678208;1,730418492;ZWE;Zimbabwe;USD million
01/11/97;Agriculture;1,352341186;0,107776934;0,409428604;1,653992856;ZWE;Zimbabwe;USD million
01/11/97;Energy;5,292370123;0,817178967;1,827564086;6,302755243;ZWE;Zimbabwe;USD million
01/11/97;Finance;2,292273365;0,248618879;0,524371086;2,568025572;ZWE;Zimbabwe;USD million
01/11/97;ICT;2,009040655;0,146591633;0,314002452;2,176451473;ZWE;Zimbabwe;USD million
01/11/97;Tourism;2,331390036;0,653007022;0,264799779;1,943182793;ZWE;Zimbabwe;USD million
01/11/97;Transport;8,291013454;1,170228062;1,830312239;8,951097631;ZWE;Zimbabwe;USD million
01/11/97;Other;1,769295924;0,174071717;0,1552003;1,750424507;ZWE;Zimbabwe;USD million
01/12/97;Mining;2,761740813;0,184602565;0,649256029;3,226394277;ZWE;Zimbabwe;USD million
01/12/97;Manufacturing;5,285955863;0,746553739;1,251661953;5,791064078;ZWE;Zimbabwe;USD million
01/12/97;Agriculture;2,068661569;0,700052251;0,499807035;1,868416353;ZWE;Zimbabwe;USD million
01/12/97;Energy;1,907941915;0,191925715;0,33685095;2,05286715;ZWE;Zimbabwe;USD million
01/12/97;Finance;4,869469253;0,361769932;1,100463373;5,608162693;ZWE;Zimbabwe;USD million
01/12/97;ICT;7,485444681;1,403687178;0,384725798;6,466483301;ZWE;Zimbabwe;USD million
01/12/97;Tourism;4,842292732;1,776834423;0,811825784;3,877284093;ZWE;Zimbabwe;USD million
01/12/97;Transport;2,313930233;0,825273571;0,53693011;2,025586772;ZWE;Zimbabwe;USD million
01/12/97;Other;2,213285991;0,42542916;0,503718683;2,291575514;ZWE;Zimbabwe;USD million
01/01/98;Mining;1,620594502;0,345228264;0,403978602;1,67934484;ZWE;Zimbabwe;USD million
01/01/98;Manufacturing;5,938399513;0,932241576;0,305207553;5,31136549;ZWE;Zimbabwe;USD million
01/01/98;Agriculture;1,420729027;0,312462424;0,072415524;1,180682127;ZWE;Zimbabwe;USD million
01/01/98;Energy;4,893581273;1,645784465;0,723111334;3,970908142;ZWE;Zimbabwe;USD million
01/01/98;Finance;6,457878824;0,90417798;1,544780486;7,09848133;ZWE;Zimbabwe;USD million
01/01/98;ICT;1,968680173;0,256275285;0,622781027;2,335185916;ZWE;Zimbabwe;USD million
01/01/98;Tourism;1,860961254;0,738570944;0,242095732;1,364486042;ZWE;Zimbabwe;USD million
01/01/98;Transport;1,5514527;0,371750378;0,487401946;1,667104268;ZWE;Zimbabwe;USD million
01/01/98;Other;10,69043942;0,804042692;3,628069188;13,51446591;ZWE;Zimbabwe;USD million
01/02/98;Mining;8,461578231;0,708504103;1,799873863;9,552947992;ZWE;Zimbabwe;USD million
01/02/98;Manufacturing;6,269042359;2,062647241;0,667094822;4,873489941;ZWE;Zimbabwe;USD million
01/02/98;Agriculture;3,891500153;1,373362962;0,956927887;3,475065077;ZWE;Zimbabwe;USD million
01/02/98;Energy;1,437707858;0,110259503;0,091448676;1,418897031;ZWE;Zimbabwe;USD million
01/02/98;Finance;3,889049673;1,295345702;0,495898168;3,08960214;ZWE;Zimbabwe;USD million
01/02/98;ICT;4,589825073;1,8177254;0,949731497;3,72183117;ZWE;Zimbabwe;USD million
01/02/98;Tourism;8,927606119;0,930377084;0,459487045;8,456716081;ZWE;Zimbabwe;USD million
01/02/98;Transport;4,543729271;0,285963051;0,526347321;4,784113541;ZWE;Zimbabwe;USD million
01/02/98;Other;2,528541937;0,224358469;0,775881588;3,080065056;ZWE;Zimbabwe;USD million
01/03/98;Mining;8,616437403;0,599813742;3,008523749;11,02514741;ZWE;Zimbabwe;USD million
01/03/98;Manufacturing;9,367175607;0,971748728;0,694769868;9,090196747;ZWE;Zimbabwe;USD million
01/03/98;Agriculture;3,773651806;0,266562826;0,360683094;3,867772075;ZWE;Zimbabwe;USD million
01/03/98;Energy;1,643947408;0,196017104;0,143291126;1,59122143;ZWE;Zimbabwe;USD million
01/03/98;Finance;6,784273354;0,571073126;0,803258307;7,016458535;ZWE;Zimbabwe;USD million
01/03/98;ICT;5,74052448;1,877187236;1,688553112;5,551890356;ZWE;Zimbabwe;USD million
01/03/98;Tourism;6,353793848;0,352439445;0,39860996;6,399964363;ZWE;Zimbabwe;USD million
01/03/98;Transport;4,939240527;0,452588941;0,521877487;5,008529072;ZWE;Zimbabwe;USD million
01/03/98;Other;1,566217425;0,210666254;0,247274642;1,602825814;ZWE;Zimbabwe;USD million
01/04/98;Mining;3,233273004;1,032696308;0,698491358;2,899068054;ZWE;Zimbabwe;USD million
01/04/98;Manufacturing;3,931565335;1,52973806;0,7647564;3,166583675;ZWE;Zimbabwe;USD million
01/04/98;Agriculture;1,836270441;0,376977134;0,612055438;2,071348745;ZWE;Zimbabwe;USD million
01/04/98;Energy;1,187685467;0,276980175;0,402487045;1,313192337;ZWE;Zimbabwe;USD million
01/04/98;Finance;2,993781496;0,695934092;0,490971421;2,788818825;ZWE;Zimbabwe;USD million
01/04/98;ICT;4,830959998;0,568255114;0,477617315;4,7403222;ZWE;Zimbabwe;USD million
01/04/98;Tourism;3,192842574;0,87692576;0,503051066;2,81896788;ZWE;Zimbabwe;USD million
01/04/98;Transport;4,476067645;0,464743791;0,842814656;4,854138511;ZWE;Zimbabwe;USD million
01/04/98;Other;4,464664368;0,286880441;0,50338694;4,681170867;ZWE;Zimbabwe;USD million
01/05/98;Mining;7,022790364;2,049524534;0,902622974;5,875888803;ZWE;Zimbabwe;USD million
01/05/98;Manufacturing;2,697294745;0,391466049;0,867284403;3,173113099;ZWE;Zimbabwe;USD million
01/05/98;Agriculture;4,531558352;0,411722969;0,854050385;4,973885768;ZWE;Zimbabwe;USD million
01/05/98;Energy;5,114615081;1,832822848;1,591343092;4,873135325;ZWE;Zimbabwe;USD million
01/05/98;Finance;1,247830478;0,093320475;0,161932022;1,316442025;ZWE;Zimbabwe;USD million
01/05/98;ICT;4,853676795;1,263042403;1,264855666;4,855490058;ZWE;Zimbabwe;USD million
01/05/98;Tourism;1,3086435;0,086988361;0,176661086;1,398316226;ZWE;Zimbabwe;USD million
01/05/98;Transport;4,089275289;1,263274074;0,293330607;3,119331823;ZWE;Zimbabwe;USD million
01/05/98;Other;0,805450993;0,212786815;0,060439551;0,65310373;ZWE;Zimbabwe;USD million
01/06/98;Mining;5,367550666;1,149900798;0,705752433;4,923402301;ZWE;Zimbabwe;USD million
01/06/98;Manufacturing;7,387463774;1,945427584;0,493276331;5,935312521;ZWE;Zimbabwe;USD million
01/06/98;Agriculture;9,687090151;2,647670486;1,503911778;8,543331443;ZWE;Zimbabwe;USD million
01/06/98;Energy;8,919530932;1,652518539;2,669047445;9,936059838;ZWE;Zimbabwe;USD million
01/06/98;Finance;6,80528303;1,008653418;0,555438321;6,352067933;ZWE;Zimbabwe;USD million
01/06/98;ICT;3,980302111;0,746544067;0,346050839;3,579808883;ZWE;Zimbabwe;USD million
01/06/98;Tourism;7,035355554;1,810853402;1,557947932;6,782450084;ZWE;Zimbabwe;USD million
01/06/98;Transport;6,557362572;0,642795889;2,17507057;8,089637254;ZWE;Zimbabwe;USD million
01/06/98;Other;2,854414066;0,256547461;0,46462585;3,062492455;ZWE;Zimbabwe;USD million
01/07/98;Mining;2,340357739;0,124888417;0,275389471;2,490858794;ZWE;Zimbabwe;USD million
01/07/98;Manufacturing;8,946891722;1,055145974;1,84665361;9,738399357;ZWE;Zimbabwe;USD million
01/07/98;Agriculture;8,814879238;3,141752549;2,500397439;8,173524128;ZWE;Zimbabwe;USD million
01/07/98;Energy;5,142200061;1,429877253;1,31080173;5,023124539;ZWE;Zimbabwe;USD million
01/07/98;Finance;4,078068601;0,553938224;0,361639574;3,885769951;ZWE;Zimbabwe;USD million
01/07/98;ICT;5,127551713;2,013117998;0,886970537;4,001404253;ZWE;Zimbabwe;USD million
01/07/98;Tourism;3,357981398;0,340039263;0,813963633;3,831905768;ZWE;Zimbabwe;USD million
01/07/98;Transport;6,784553163;2,603799201;0,602843083;4,783597044;ZWE;Zimbabwe;USD million
01/07/98;Other;10,65297325;3,963588051;1,558699781;8,248084975;ZWE;Zimbabwe;USD million
01/08/98;Mining;8,92336217;1,398283757;2,980029506;10,50510792;ZWE;Zimbabwe;USD million
01/08/98;Manufacturing;5,496263814;0,712199989;1,692372268;6,476436094;ZWE;Zimbabwe;USD million
01/08/98;Agriculture;6,696723095;0,978453403;1,840447516;7,558717208;ZWE;Zimbabwe;USD million
01/08/98;Energy;4,327755344;0,347211483;1,395229685;5,375773546;ZWE;Zimbabwe;USD million
01/08/98;Finance;2,438753154;0,733293721;0,804727485;2,510186919;ZWE;Zimbabwe;USD million
01/08/98;ICT;5,29878065;1,44057619;1,747797187;5,606001647;ZWE;Zimbabwe;USD million
01/08/98;Tourism;12,21747419;4,07037126;3,482112025;11,62921496;ZWE;Zimbabwe;USD million
01/08/98;Transport;4,834771659;0,338728167;1,570658125;6,066701617;ZWE;Zimbabwe;USD million
01/08/98;Other;3,913510334;0,422772729;0,855821291;4,346558896;ZWE;Zimbabwe;USD million
01/09/98;Mining;5,391247998;1,988990721;1,000593619;4,402850896;ZWE;Zimbabwe;USD million
01/09/98;Manufacturing;4,242435671;0,24620019;1,446085052;5,442320533;ZWE;Zimbabwe;USD million
01/09/98;Agriculture;6,548008626;0,597792698;1,512714895;7,462930822;ZWE;Zimbabwe;USD million
01/09/98;Energy;2,640286807;1,013377455;0,780068668;2,40697802;ZWE;Zimbabwe;USD million
01/09/98;Finance;2,808183122;0,444499613;0,825784388;3,189467897;ZWE;Zimbabwe;USD million
01/09/98;ICT;3,264230439;1,139327244;0,856628045;2,981531241;ZWE;Zimbabwe;USD million
01/09/98;Tourism;4,276617673;1,128767141;0,458665645;3,606516176;ZWE;Zimbabwe;USD million
01/09/98;Transport;16,82047191;1,167665944;5,875455739;21,5282617;ZWE;Zimbabwe;USD million
01/09/98;Other;2,255065324;0,687321474;0,399437644;1,967181494;ZWE;Zimbabwe;USD million
01/10/98;Mining;7,611577781;0,841301245;2,250781687;9,021058223;ZWE;Zimbabwe;USD million
01/10/98;Manufacturing;9,91993254;3,344078706;2,550010906;9,125864739;ZWE;Zimbabwe;USD million
01/10/98;Agriculture;2,861271962;1,117977765;0,645063838;2,388358035;ZWE;Zimbabwe;USD million
01/10/98;Energy;4,154206011;1,42959356;0,892830857;3,617443308;ZWE;Zimbabwe;USD million
01/10/98;Finance;2,514285966;0,246659274;0,581520531;2,849147223;ZWE;Zimbabwe;USD million
01/10/98;ICT;8,061994894;1,559351248;1,545750123;8,048393769;ZWE;Zimbabwe;USD million
01/10/98;Tourism;3,310658738;0,899064461;0,88257719;3,294171467;ZWE;Zimbabwe;USD million
01/10/98;Transport;5,822755989;1,998136957;1,619986783;5,444605815;ZWE;Zimbabwe;USD million
01/10/98;Other;1,458470293;0,47990933;0,39505461;1,373615573;ZWE;Zimbabwe;USD million
01/11/98;Mining;4,183094295;1,043658032;1,279210621;4,418646885;ZWE;Zimbabwe;USD million
01/11/98;Manufacturing;5,601000643;1,099462891;0,299753191;4,801290943;ZWE;Zimbabwe;USD million
01/11/98;Agriculture;3,800624182;0,480626248;0,609127549;3,929125483;ZWE;Zimbabwe;USD million
01/11/98;Energy;1,746049798;0,596921491;0,552362295;1,701490602;ZWE;Zimbabwe;USD million
01/11/98;Finance;5,435600979;2,056246318;0,984021489;4,363376151;ZWE;Zimbabwe;USD million
01/11/98;ICT;3,286059691;0,482743635;0,842081645;3,645397701;ZWE;Zimbabwe;USD million
01/11/98;Tourism;3,063198792;0,318326946;0,388384408;3,133256254;ZWE;Zimbabwe;USD million
01/11/98;Transport;7,18713473;2,188921016;1,920087064;6,918300777;ZWE;Zimbabwe;USD million
01/11/98;Other;1,640913737;0,220528987;0,304914838;1,725299588;ZWE;Zimbabwe;USD million
01/12/98;Mining;5,383675252;0,987921603;0,399675157;4,795428805;ZWE;Zimbabwe;USD million
01/12/98;Manufacturing;5,365176056;0,986558147;0,324342355;4,702960263;ZWE;Zimbabwe;USD million
01/12/98;Agriculture;2,144109107;0,783305738;0,536099441;1,89690281;ZWE;Zimbabwe;USD million
01/12/98;Energy;1,75010471;0,570812849;0,489872659;1,66916452;ZWE;Zimbabwe;USD million
01/12/98;Finance;2,799442004;1,013356679;0,634437657;2,420522983;ZWE;Zimbabwe;USD million
01/12/98;ICT;3,646035135;0,912601413;0,52221205;3,255645773;ZWE;Zimbabwe;USD million
01/12/98;Tourism;5,79333778;0,406426694;1,320796268;6,707707354;ZWE;Zimbabwe;USD million
01/12/98;Transport;8,989956182;2,183672967;2,0405643;8,846847515;ZWE;Zimbabwe;USD million
01/12/98;Other;6,105334451;1,052185822;1,574158809;6,627307438;ZWE;Zimbabwe;USD million
01/01/99;Mining;1,558920907;0,119191459;0,418761523;1,858490971;ZWE;Zimbabwe;USD million
01/01/99;Manufacturing;13,64529112;1,751385891;3,721687091;15,61559232;ZWE;Zimbabwe;USD million
01/01/99;Agriculture;8,374313575;3,049238132;0,729865036;6,054940479;ZWE;Zimbabwe;USD million
01/01/99;Energy;2,357905809;0,122795668;0,186631588;2,421741729;ZWE;Zimbabwe;USD million
01/01/99;Finance;5,240758461;1,120178313;0,399124402;4,51970455;ZWE;Zimbabwe;USD million
01/01/99;ICT;3,464041304;0,895375389;0,408696875;2,97736279;ZWE;Zimbabwe;USD million
01/01/99;Tourism;6,733699416;0,641425889;1,777290305;7,869563832;ZWE;Zimbabwe;USD million
01/01/99;Transport;6,21561559;1,122666292;1,682636179;6,775585477;ZWE;Zimbabwe;USD million
01/01/99;Other;3,119259952;0,469356295;0,631072846;3,280976504;ZWE;Zimbabwe;USD million
01/02/99;Mining;4,958108182;1,80451373;0,396397182;3,549991634;ZWE;Zimbabwe;USD million
01/02/99;Manufacturing;2,023231563;0,749547806;0,220355418;1,494039175;ZWE;Zimbabwe;USD million
01/02/99;Agriculture;5,069124674;0,44078364;1,240074333;5,868415368;ZWE;Zimbabwe;USD million
01/02/99;Energy;2,832235628;0,2932011;0,268149531;2,807184058;ZWE;Zimbabwe;USD million
01/02/99;Finance;2,628003138;0,257996673;0,698112797;3,068119262;ZWE;Zimbabwe;USD million
01/02/99;ICT;4,812822328;1,464828505;0,494445033;3,842438856;ZWE;Zimbabwe;USD million
01/02/99;Tourism;7,520371276;1,583636393;1,383233742;7,319968625;ZWE;Zimbabwe;USD million
01/02/99;Transport;2,033480575;0,555960956;0,710377311;2,187896929;ZWE;Zimbabwe;USD million
01/02/99;Other;9,647982944;2,253763508;2,995556323;10,38977576;ZWE;Zimbabwe;USD million
01/03/99;Mining;5,595357876;1,861601762;1,702576879;5,436332992;ZWE;Zimbabwe;USD million
01/03/99;Manufacturing;1,788483307;0,146576744;0,241591035;1,883497598;ZWE;Zimbabwe;USD million
01/03/99;Agriculture;4,595956602;0,400114955;0,908636981;5,104478628;ZWE;Zimbabwe;USD million
01/03/99;Energy;7,642798856;1,128164058;1,582768886;8,097403684;ZWE;Zimbabwe;USD million
01/03/99;Finance;6,077775935;0,527393423;1,777549036;7,327931548;ZWE;Zimbabwe;USD million
01/03/99;ICT;5,540193587;2,118409457;1,124123598;4,545907727;ZWE;Zimbabwe;USD million
01/03/99;Tourism;6,204989823;1,451420535;1,181444545;5,935013832;ZWE;Zimbabwe;USD million
01/03/99;Transport;3,448298596;1,267258008;0,786868125;2,967908713;ZWE;Zimbabwe;USD million
01/03/99;Other;7,870226484;2,076753663;0,640527775;6,434000596;ZWE;Zimbabwe;USD million
01/04/99;Mining;7,457125326;0,442060606;0,511302613;7,526367333;ZWE;Zimbabwe;USD million
01/04/99;Manufacturing;11,35451461;1,286952991;2,134658095;12,20221971;ZWE;Zimbabwe;USD million
01/04/99;Agriculture;6,928503413;1,600780822;1,555072175;6,882794767;ZWE;Zimbabwe;USD million
01/04/99;Energy;2,695760993;0,737596605;0,699808812;2,6579732;ZWE;Zimbabwe;USD million
01/04/99;Finance;1,275659112;0,070054814;0,178552625;1,384156924;ZWE;Zimbabwe;USD million
01/04/99;ICT;3,159490301;0,53962814;0,260958107;2,880820267;ZWE;Zimbabwe;USD million
01/04/99;Tourism;5,797403846;1,078653903;0,666707626;5,385457569;ZWE;Zimbabwe;USD million
01/04/99;Transport;8,71759971;1,214141923;0,654754069;8,158211856;ZWE;Zimbabwe;USD million
01/04/99;Other;6,609290597;1,673072417;0,478492315;5,414710495;ZWE;Zimbabwe;USD million
01/05/99;Mining;5,133082759;0,901818366;0,637468721;4,868733114;ZWE;Zimbabwe;USD million
01/05/99;Manufacturing;1,73260373;0,252043973;0,251349566;1,731909324;ZWE;Zimbabwe;USD million
01/05/99;Agriculture;6,603035848;1,946260102;0,631325808;5,288101554;ZWE;Zimbabwe;USD million
01/05/99;Energy;8,118181203;1,304235889;0,637912591;7,451857906;ZWE;Zimbabwe;USD million
01/05/99;Finance;7,22662014;0,551796179;0,804488707;7,479312669;ZWE;Zimbabwe;USD million
01/05/99;ICT;3,071023624;1,220833907;0,898675984;2,748865702;ZWE;Zimbabwe;USD million
01/05/99;Tourism;4,294123747;0,715395821;1,293859299;4,872587225;ZWE;Zimbabwe;USD million
01/05/99;Transport;12,26660033;2,286758727;1,829563505;11,80940511;ZWE;Zimbabwe;USD million
01/05/99;Other;7,466699057;1,253477102;0,434423396;6,647645351;ZWE;Zimbabwe;USD million
01/06/99;Mining;11,85426714;4,425876397;4,006620816;11,43501156;ZWE;Zimbabwe;USD million
01/06/99;Manufacturing;4,731479017;1,495106947;0,252346421;3,488718491;ZWE;Zimbabwe;USD million
01/06/99;Agriculture;3,110646539;0,636148106;0,810484509;3,284982942;ZWE;Zimbabwe;USD million
01/06/99;Energy;5,58735359;1,614477367;0,565065953;4,537942176;ZWE;Zimbabwe;USD million
01/06/99;Finance;6,676532818;1,397527761;2,148407473;7,427412531;ZWE;Zimbabwe;USD million
01/06/99;ICT;0,777353819;0,13787145;0,206632883;0,846115252;ZWE;Zimbabwe;USD million
01/06/99;Tourism;10,9758774;0,89474279;1,442587487;11,5237221;ZWE;Zimbabwe;USD million
01/06/99;Transport;6,323067734;0,635961361;0,727827008;6,414933381;ZWE;Zimbabwe;USD million
01/06/99;Other;3,847312362;0,231462413;1,316351158;4,932201107;ZWE;Zimbabwe;USD million
01/07/99;Mining;4,613241003;0,357297675;0,935982642;5,19192597;ZWE;Zimbabwe;USD million
01/07/99;Manufacturing;5,695273747;1,692265701;0,518939364;4,52194741;ZWE;Zimbabwe;USD million
01/07/99;Agriculture;12,53809646;4,552926915;1,39955565;9,384725198;ZWE;Zimbabwe;USD million
01/07/99;Energy;2,80549049;0,849635738;0,744453564;2,700308316;ZWE;Zimbabwe;USD million
01/07/99;Finance;3,639632119;0,416972866;0,190247143;3,412906396;ZWE;Zimbabwe;USD million
01/07/99;ICT;11,90689801;4,370768809;3,267439719;10,80356892;ZWE;Zimbabwe;USD million
01/07/99;Tourism;9,900525717;2,825696322;2,746157075;9,82098647;ZWE;Zimbabwe;USD million
01/07/99;Transport;2,751515945;0,22731454;0,730643753;3,254845158;ZWE;Zimbabwe;USD million
01/07/99;Other;6,627435589;2,578564828;2,033749766;6,082620527;ZWE;Zimbabwe;USD million
01/08/99;Mining;2,593123492;0,140277596;0,642154081;3,094999977;ZWE;Zimbabwe;USD million
01/08/99;Manufacturing;1,995093099;0,273294569;0,142057569;1,863856099;ZWE;Zimbabwe;USD million
01/08/99;Agriculture;4,346326072;1,188930474;1,06780922;4,225204819;ZWE;Zimbabwe;USD million
01/08/99;Energy;8,998789406;1,736464456;0,686497222;7,948822172;ZWE;Zimbabwe;USD million
01/08/99;Finance;6,344603483;0,612597732;0,632484748;6,364490499;ZWE;Zimbabwe;USD million
01/08/99;ICT;6,346254438;1,966560913;0,693989419;5,073682944;ZWE;Zimbabwe;USD million
01/08/99;Tourism;4,777295762;1,653483382;1,247754979;4,371567359;ZWE;Zimbabwe;USD million
01/08/99;Transport;4,870226228;1,829925126;1,598776709;4,639077811;ZWE;Zimbabwe;USD million
01/08/99;Other;7,460026088;2,163547094;1,298411589;6,594890583;ZWE;Zimbabwe;USD million
01/09/99;Mining;7,878102195;0,471906614;1,615946136;9,022141717;ZWE;Zimbabwe;USD million
01/09/99;Manufacturing;8,235592188;2,011327326;1,657703901;7,881968764;ZWE;Zimbabwe;USD million
01/09/99;Agriculture;4,540206401;0,409811387;1,569833148;5,700228162;ZWE;Zimbabwe;USD million
01/09/99;Energy;7,740561937;0,429260112;2,227859799;9,539161624;ZWE;Zimbabwe;USD million
01/09/99;Finance;7,698365741;2,696046809;0,742105386;5,744424318;ZWE;Zimbabwe;USD million
01/09/99;ICT;1,390806194;0,198373283;0,354586443;1,547019355;ZWE;Zimbabwe;USD million
01/09/99;Tourism;8,402230555;1,913437505;2,152285326;8,641078377;ZWE;Zimbabwe;USD million
01/09/99;Transport;8,71392183;1,144092815;0,803528015;8,37335703;ZWE;Zimbabwe;USD million
01/09/99;Other;3,044066332;1,053336794;0,15839318;2,149122718;ZWE;Zimbabwe;USD million
01/10/99;Mining;4,224464736;0,354985979;0,399816427;4,269295183;ZWE;Zimbabwe;USD million
01/10/99;Manufacturing;1,340262716;0,20462398;0,08000652;1,215645257;ZWE;Zimbabwe;USD million
01/10/99;Agriculture;1,434326152;0,246668623;0,10120765;1,288865178;ZWE;Zimbabwe;USD million
01/10/99;Energy;1,584328464;0,291750161;0,120142641;1,412720944;ZWE;Zimbabwe;USD million
01/10/99;Finance;3,307362666;0,450197507;0,807814183;3,664979342;ZWE;Zimbabwe;USD million
01/10/99;ICT;11,05242786;3,635329132;2,275649999;9,692748732;ZWE;Zimbabwe;USD million
01/10/99;Tourism;6,957021178;0,574612487;1,36874131;7,751150001;ZWE;Zimbabwe;USD million
01/10/99;Transport;6,980718504;0,414848379;2,339919925;8,90579005;ZWE;Zimbabwe;USD million
01/10/99;Other;3,053056579;0,231461122;0,534885116;3,356480572;ZWE;Zimbabwe;USD million
01/11/99;Mining;1,206382886;0,282627839;0,096194094;1,019949141;ZWE;Zimbabwe;USD million
01/11/99;Manufacturing;1,524876517;0,449551378;0,233856656;1,309181796;ZWE;Zimbabwe;USD million
01/11/99;Agriculture;4,258540556;1,45762961;0,916822796;3,717733742;ZWE;Zimbabwe;USD million
01/11/99;Energy;1,937240868;0,475959849;0,592665448;2,053946468;ZWE;Zimbabwe;USD million
01/11/99;Finance;1,60433004;0,13591664;0,171424015;1,639837416;ZWE;Zimbabwe;USD million
01/11/99;ICT;5,40288899;0,843313091;0,808197908;5,367773807;ZWE;Zimbabwe;USD million
01/11/99;Tourism;11,04018383;0,874763332;0,881259843;11,04668034;ZWE;Zimbabwe;USD million
01/11/99;Transport;8,028172355;1,784395657;1,953624763;8,197401461;ZWE;Zimbabwe;USD million
01/11/99;Other;1,357934847;0,409796632;0,293764561;1,241902776;ZWE;Zimbabwe;USD million
01/12/99;Mining;5,032949632;0,476878218;0,743320604;5,299392018;ZWE;Zimbabwe;USD million
01/12/99;Manufacturing;1,329301748;0,521536648;0,358885448;1,166650548;ZWE;Zimbabwe;USD million
01/12/99;Agriculture;3,387916842;0,446680013;1,086481467;4,027718296;ZWE;Zimbabwe;USD million
01/12/99;Energy;2,048595758;0,188080545;0,517130108;2,377645321;ZWE;Zimbabwe;USD million
01/12/99;Finance;6,24401477;2,331366278;0,666537472;4,579185964;ZWE;Zimbabwe;USD million
01/12/99;ICT;3,165688862;0,589802798;0,603017448;3,178903512;ZWE;Zimbabwe;USD million
01/12/99;Tourism;5,279880746;0,425072083;1,648921748;6,503730411;ZWE;Zimbabwe;USD million
01/12/99;Transport;3,036137658;0,660200731;0,453923762;2,82986069;ZWE;Zimbabwe;USD million
01/12/99;Other;9,366714898;3,599928216;2,394608255;8,161394937;ZWE;Zimbabwe;USD million
01/01/00;Mining;5,850203896;1,657081764;2,013211697;6,206333829;ZWE;Zimbabwe;USD million
01/01/00;Manufacturing;5,232478178;1,048002889;1,008187769;5,192663058;ZWE;Zimbabwe;USD million
01/01/00;Agriculture;1,942967693;0,508179798;0,158254493;1,593042388;ZWE;Zimbabwe;USD million
01/01/00;Energy;9,967763291;3,726462395;2,272902794;8,514203689;ZWE;Zimbabwe;USD million
01/01/00;Finance;3,772916051;0,225824375;0,393090954;3,94018263;ZWE;Zimbabwe;USD million
01/01/00;ICT;10,42492229;3,737739311;1,759829115;8,447012096;ZWE;Zimbabwe;USD million
01/01/00;Tourism;9,252049764;3,507146067;1,782747703;7,5276514;ZWE;Zimbabwe;USD million
01/01/00;Transport;7,325976399;0,53141004;0,902554138;7,697120498;ZWE;Zimbabwe;USD million
01/01/00;Other;7,054025805;1,228431841;1,816063222;7,641657186;ZWE;Zimbabwe;USD million
01/02/00;Mining;2,769974006;0,426210687;0,456193449;2,799956769;ZWE;Zimbabwe;USD million
01/02/00;Manufacturing;2,039602274;0,237816631;0,369677261;2,171462904;ZWE;Zimbabwe;USD million
01/02/00;Agriculture;5,056599081;1,871762589;1,657506514;4,842343006;ZWE;Zimbabwe;USD million
01/02/00;Energy;2,374406409;0,937904536;0,527865463;1,964367336;ZWE;Zimbabwe;USD million
01/02/00;Finance;1,663749201;0,104421593;0,44793598;2,007263589;ZWE;Zimbabwe;USD million
01/02/00;ICT;8,792524077;2,323873367;2,990390897;9,459041607;ZWE;Zimbabwe;USD million
01/02/00;Tourism;6,413328021;1,295155955;1,316167403;6,434339469;ZWE;Zimbabwe;USD million
01/02/00;Transport;5,969692525;2,118334844;1,207598777;5,058956457;ZWE;Zimbabwe;USD million
01/02/00;Other;2,185184845;0,373208049;0,491943637;2,303920432;ZWE;Zimbabwe;USD million
01/03/00;Mining;3,695515385;1,18133272;0,648835352;3,163018017;ZWE;Zimbabwe;USD million
01/03/00;Manufacturing;6,330994295;1,850498235;1,373419992;5,853916052;ZWE;Zimbabwe;USD million
01/03/00;Agriculture;3,935598078;1,539680095;1,186488218;3,582406201;ZWE;Zimbabwe;USD million
01/03/00;Energy;2,142089167;0,42629543;0,482196219;2,197989956;ZWE;Zimbabwe;USD million
01/03/00;Finance;3,564333833;0,71014552;0,334942742;3,189131055;ZWE;Zimbabwe;USD million
01/03/00;ICT;1,564397495;0,26470019;0,338199839;1,637897145;ZWE;Zimbabwe;USD million
01/03/00;Tourism;3,132250644;1,058947272;1,016834912;3,090138284;ZWE;Zimbabwe;USD million
01/03/00;Transport;4,256647418;0,909084336;0,833916848;4,18147993;ZWE;Zimbabwe;USD million
01/03/00;Other;5,004929769;0,943420676;0,93387321;4,995382303;ZWE;Zimbabwe;USD million
01/04/00;Mining;9,495353462;3,232281595;1,503456837;7,766528704;ZWE;Zimbabwe;USD million
01/04/00;Manufacturing;4,76078624;0,960611143;0,469941683;4,270116779;ZWE;Zimbabwe;USD million
01/04/00;Agriculture;2,744123118;0,979051569;0,606132229;2,371203779;ZWE;Zimbabwe;USD million
01/04/00;Energy;8,708777093;1,830791884;1,016239989;7,894225198;ZWE;Zimbabwe;USD million
01/04/00;Finance;2,549798737;0,729646754;0,262049624;2,082201607;ZWE;Zimbabwe;USD million
01/04/00;ICT;7,654730082;2,391840403;2,017058196;7,279947875;ZWE;Zimbabwe;USD million
01/04/00;Tourism;4,987902639;1,088629837;0,985463513;4,884736316;ZWE;Zimbabwe;USD million
01/04/00;Transport;1,246929057;0,399448066;0,423906807;1,271387797;ZWE;Zimbabwe;USD million
01/04/00;Other;6,92837181;1,579340582;0,479960288;5,828991516;ZWE;Zimbabwe;USD million
01/05/00;Mining;3,138998627;0,753521483;0,916285308;3,301762451;ZWE;Zimbabwe;USD million
01/05/00;Manufacturing;7,046426948;1,118318962;1,040727708;6,968835694;ZWE;Zimbabwe;USD million
01/05/00;Agriculture;1,592049656;0,203174035;0,310090186;1,698965807;ZWE;Zimbabwe;USD million
01/05/00;Energy;5,533333089;1,211517837;1,223027052;5,544842303;ZWE;Zimbabwe;USD million
01/05/00;Finance;7,666695673;0,780855826;0,593576198;7,479416045;ZWE;Zimbabwe;USD million
01/05/00;ICT;7,703664085;2,993438813;2,04739904;6,757624312;ZWE;Zimbabwe;USD million
01/05/00;Tourism;2,818738667;0,858178698;0,798336433;2,758896402;ZWE;Zimbabwe;USD million
01/05/00;Transport;3,586746575;1,298102093;1,018386647;3,307031129;ZWE;Zimbabwe;USD million
01/05/00;Other;10,78877636;1,09267674;0,917338442;10,61343807;ZWE;Zimbabwe;USD million
01/06/00;Mining;8,081330093;0,523844481;2,751864393;10,30935;ZWE;Zimbabwe;USD million
01/06/00;Manufacturing;2,401357009;0,142829751;0,129218016;2,387745275;ZWE;Zimbabwe;USD million
01/06/00;Agriculture;6,377559334;0,934260966;0,757421297;6,200719665;ZWE;Zimbabwe;USD million
01/06/00;Energy;2,445365674;0,327605364;0,832610199;2,950370509;ZWE;Zimbabwe;USD million
01/06/00;Finance;1,852775743;0,224998119;0,636418002;2,264195626;ZWE;Zimbabwe;USD million
01/06/00;ICT;5,5460332;1,693969156;1,911907343;5,763971387;ZWE;Zimbabwe;USD million
01/06/00;Tourism;7,237506617;0,469531298;0,631466703;7,399442021;ZWE;Zimbabwe;USD million
01/06/00;Transport;3,333146191;0,355726507;0,210369155;3,18778884;ZWE;Zimbabwe;USD million
01/06/00;Other;2,67242343;0,386646684;0,323157009;2,608933755;ZWE;Zimbabwe;USD million
01/07/00;Mining;5,872733392;2,216544917;1,706812787;5,363001262;ZWE;Zimbabwe;USD million
01/07/00;Manufacturing;6,193304459;1,274856439;0,885831848;5,804279868;ZWE;Zimbabwe;USD million
01/07/00;Agriculture;9,585866678;1,942390506;2,195115944;9,838592115;ZWE;Zimbabwe;USD million
01/07/00;Energy;6,28334894;2,103891338;1,031075562;5,210533164;ZWE;Zimbabwe;USD million
01/07/00;Finance;1,803933851;0,33222387;0,50073372;1,9724437;ZWE;Zimbabwe;USD million
01/07/00;ICT;6,326074257;2,008380467;1,817475454;6,135169243;ZWE;Zimbabwe;USD million
01/07/00;Tourism;4,021875964;0,415180071;1,388799257;4,995495149;ZWE;Zimbabwe;USD million
01/07/00;Transport;8,210460926;1,716753806;2,05406095;8,547768069;ZWE;Zimbabwe;USD million
01/07/00;Other;2,352598052;0,73705225;0,2079714;1,823517202;ZWE;Zimbabwe;USD million
01/08/00;Mining;5,456021236;1,820234577;1,469740726;5,105527385;ZWE;Zimbabwe;USD million
01/08/00;Manufacturing;5,18479834;1,899367104;1,025651588;4,311082824;ZWE;Zimbabwe;USD million
01/08/00;Agriculture;10,23119635;3,818514365;3,498499211;9,911181192;ZWE;Zimbabwe;USD million
01/08/00;Energy;1,233491757;0,286023844;0,391469149;1,338937062;ZWE;Zimbabwe;USD million
01/08/00;Finance;6,129092297;0,571219156;0,334221625;5,892094766;ZWE;Zimbabwe;USD million
01/08/00;ICT;1,785476879;0,642480231;0,585430326;1,728426974;ZWE;Zimbabwe;USD million
01/08/00;Tourism;3,352225148;0,956226088;0,641461715;3,037460775;ZWE;Zimbabwe;USD million
01/08/00;Transport;5,630974043;2,040123078;1,954360077;5,545211042;ZWE;Zimbabwe;USD million
01/08/00;Other;7,61921269;1,205045831;1,280926981;7,695093839;ZWE;Zimbabwe;USD million
01/09/00;Mining;8,368421151;2,260242995;1,015357627;7,123535783;ZWE;Zimbabwe;USD million
01/09/00;Manufacturing;5,871477469;0,949842247;2,050136083;6,971771306;ZWE;Zimbabwe;USD million
01/09/00;Agriculture;5,511453797;1,310823991;0,833695467;5,034325273;ZWE;Zimbabwe;USD million
01/09/00;Energy;4,20500096;1,526606193;0,216501093;2,89489586;ZWE;Zimbabwe;USD million
01/09/00;Finance;7,653960196;0,761162574;1,939559391;8,832357013;ZWE;Zimbabwe;USD million
01/09/00;ICT;4,576624362;0,690929095;0,518208134;4,403903401;ZWE;Zimbabwe;USD million
01/09/00;Tourism;15,36533486;4,363913755;2,213571692;13,2149928;ZWE;Zimbabwe;USD million
01/09/00;Transport;4,942023375;1,273902216;0,995310148;4,663431308;ZWE;Zimbabwe;USD million
01/09/00;Other;12,12244283;3,544469539;0,755661354;9,333634649;ZWE;Zimbabwe;USD million
01/10/00;Mining;7,589883147;1,368199953;0,622642859;6,844326053;ZWE;Zimbabwe;USD million
01/10/00;Manufacturing;8,421449751;2,311467859;0,423828112;6,533810004;ZWE;Zimbabwe;USD million
01/10/00;Agriculture;6,602128228;1,934014783;1,90703628;6,575149725;ZWE;Zimbabwe;USD million
01/10/00;Energy;11,21294767;1,881766586;1,705274789;11,03645587;ZWE;Zimbabwe;USD million
01/10/00;Finance;4,997199185;1,289685426;0,960115968;4,667629726;ZWE;Zimbabwe;USD million
01/10/00;ICT;6,70758805;1,110085811;1,336125138;6,933627377;ZWE;Zimbabwe;USD million
01/10/00;Tourism;7,42075528;1,022771773;1,49587844;7,893861947;ZWE;Zimbabwe;USD million
01/10/00;Transport;8,227426074;2,629778515;2,344757911;7,942405471;ZWE;Zimbabwe;USD million
01/10/00;Other;6,841545631;1,623233069;2,374558226;7,592870788;ZWE;Zimbabwe;USD million
01/11/00;Mining;3,180938154;0,591173391;0,756732717;3,346497481;ZWE;Zimbabwe;USD million
01/11/00;Manufacturing;5,631363769;1,698452423;1,469951263;5,402862609;ZWE;Zimbabwe;USD million
01/11/00;Agriculture;6,14443339;1,683631095;1,907360595;6,36816289;ZWE;Zimbabwe;USD million
01/11/00;Energy;1,713896034;0,243333673;0,092139278;1,56270164;ZWE;Zimbabwe;USD million
01/11/00;Finance;3,43175159;0,938508807;1,113384925;3,606627708;ZWE;Zimbabwe;USD million
01/11/00;ICT;5,796671605;2,127554141;0,780220726;4,449338189;ZWE;Zimbabwe;USD million
01/11/00;Tourism;2,672250171;0,881804792;0,698221761;2,48866714;ZWE;Zimbabwe;USD million
01/11/00;Transport;6,54654814;1,274650179;1,275582277;6,547480238;ZWE;Zimbabwe;USD million
01/11/00;Other;5,120340535;1,186725992;1,005512037;4,939126579;ZWE;Zimbabwe;USD million
01/12/00;Mining;7,163695017;0,512904906;0,796938294;7,447728405;ZWE;Zimbabwe;USD million
01/12/00;Manufacturing;3,012509282;0,578170014;0,863301181;3,297640449;ZWE;Zimbabwe;USD million
01/12/00;Agriculture;9,856246746;3,289568616;3,146749913;9,713428042;ZWE;Zimbabwe;USD million
01/12/00;Energy;6,694430523;0,878339549;0,782607531;6,598698505;ZWE;Zimbabwe;USD million
01/12/00;Finance;0,962781387;0,265111492;0,187411517;0,885081413;ZWE;Zimbabwe;USD million
01/12/00;ICT;6,289846733;1,277566919;2,163906441;7,176186256;ZWE;Zimbabwe;USD million
01/12/00;Tourism;2,808581832;0,864979001;0,952367139;2,895969969;ZWE;Zimbabwe;USD million
01/12/00;Transport;9,072547648;2,082422616;2,494115644;9,484240676;ZWE;Zimbabwe;USD million
01/12/00;Other;1,504780393;0,145444834;0,369015124;1,728350683;ZWE;Zimbabwe;USD million
01/01/01;Mining;3,853835856;0,984142854;0,485636321;3,355329323;ZWE;Zimbabwe;USD million
01/01/01;Manufacturing;4,321296437;0,284273729;1,265735805;5,302758513;ZWE;Zimbabwe;USD million
01/01/01;Agriculture;6,759949356;1,308394412;1,32208947;6,773644413;ZWE;Zimbabwe;USD million
01/01/01;Energy;3,304135354;0,820338073;0,720468627;3,204265908;ZWE;Zimbabwe;USD million
01/01/01;Finance;6,622786148;0,904901623;2,018475041;7,736359566;ZWE;Zimbabwe;USD million
01/01/01;ICT;3,643522635;1,447184808;0,526128059;2,722465886;ZWE;Zimbabwe;USD million
01/01/01;Tourism;3,21934683;0,664479148;1,124343392;3,679211074;ZWE;Zimbabwe;USD million
01/01/01;Transport;5,271573291;1,595828291;0,881244627;4,556989627;ZWE;Zimbabwe;USD million
01/01/01;Other;7,022457562;0,944814818;0,552166275;6,629809019;ZWE;Zimbabwe;USD million
01/02/01;Mining;6,635761403;0,86779526;1,079559783;6,847525926;ZWE;Zimbabwe;USD million
01/02/01;Manufacturing;5,512954261;0,506495147;1,267777299;6,274236412;ZWE;Zimbabwe;USD million
01/02/01;Agriculture;7,33755196;1,153281661;0,921264098;7,105534397;ZWE;Zimbabwe;USD million
01/02/01;Energy;8,240792454;1,700575411;1,569908958;8,110126002;ZWE;Zimbabwe;USD million
01/02/01;Finance;7,328023614;2,241244318;1,288771044;6,37555034;ZWE;Zimbabwe;USD million
01/02/01;ICT;2,242109656;0,276344443;0,548915752;2,514680965;ZWE;Zimbabwe;USD million
01/02/01;Tourism;6,124138519;1,727078786;1,682550578;6,079610311;ZWE;Zimbabwe;USD million
01/02/01;Transport;1,794654849;0,106769969;0,203487074;1,891371954;ZWE;Zimbabwe;USD million
01/02/01;Other;8,053797946;1,119495105;0,943933866;7,878236707;ZWE;Zimbabwe;USD million
01/03/01;Mining;6,428440328;1,832173365;1,231999897;5,828266861;ZWE;Zimbabwe;USD million
01/03/01;Manufacturing;7,410245318;2,952452147;2,313742331;6,771535503;ZWE;Zimbabwe;USD million
01/03/01;Agriculture;1,184477271;0,342082881;0,101070475;0,943464865;ZWE;Zimbabwe;USD million
01/03/01;Energy;7,106748864;1,103082437;1,535892495;7,539558921;ZWE;Zimbabwe;USD million
01/03/01;Finance;7,114899871;2,131799594;0,434181786;5,417282064;ZWE;Zimbabwe;USD million
01/03/01;ICT;4,322935332;0,955319542;0,318703772;3,686319562;ZWE;Zimbabwe;USD million
01/03/01;Tourism;9,190735213;3,538796063;1,658119601;7,310058751;ZWE;Zimbabwe;USD million
01/03/01;Transport;2,69113747;0,8932271;0,324645028;2,122555398;ZWE;Zimbabwe;USD million
01/03/01;Other;3,694409176;0,527243042;0,71677699;3,883943124;ZWE;Zimbabwe;USD million
01/04/01;Mining;5,009646651;1,326308066;0,531069167;4,214407753;ZWE;Zimbabwe;USD million
01/04/01;Manufacturing;5,513168499;1,935773985;0,717975004;4,295369518;ZWE;Zimbabwe;USD million
01/04/01;Agriculture;1,810545776;0,45459098;0,464447293;1,820402089;ZWE;Zimbabwe;USD million
01/04/01;Energy;6,383217664;0,755092098;1,84327243;7,471397996;ZWE;Zimbabwe;USD million
01/04/01;Finance;11,58161265;4,340407301;1,010966572;8,252171924;ZWE;Zimbabwe;USD million
01/04/01;ICT;1,431312286;0,285937531;0,312279633;1,457654388;ZWE;Zimbabwe;USD million
01/04/01;Tourism;3,281134745;0,394784267;0,674894901;3,561245379;ZWE;Zimbabwe;USD million
01/04/01;Transport;4,90168543;1,667788315;1,165835137;4,399732253;ZWE;Zimbabwe;USD million
01/04/01;Other;9,924670948;2,264875565;1,467565596;9,127360979;ZWE;Zimbabwe;USD million
01/05/01;Mining;3,741683529;0,440662081;0,542937616;3,843959064;ZWE;Zimbabwe;USD million
01/05/01;Manufacturing;2,008967542;0,618875214;0,549133313;1,93922564;ZWE;Zimbabwe;USD million
01/05/01;Agriculture;1,813984902;0,423966841;0,619869559;2,009887621;ZWE;Zimbabwe;USD million
01/05/01;Energy;1,177724133;0,21483681;0,076430915;1,039318238;ZWE;Zimbabwe;USD million
01/05/01;Finance;1,431221717;0,510756413;0,351346576;1,271811879;ZWE;Zimbabwe;USD million
01/05/01;ICT;5,26523705;1,194641509;0,30747626;4,3780718;ZWE;Zimbabwe;USD million
01/05/01;Tourism;9,339748791;3,343378818;3,092037589;9,088407563;ZWE;Zimbabwe;USD million
01/05/01;Transport;4,713764145;1,615841089;0,787699775;3,885622831;ZWE;Zimbabwe;USD million
01/05/01;Other;3,267827516;0,253531708;0,206010776;3,220306584;ZWE;Zimbabwe;USD million
01/06/01;Mining;3,143951143;0,846834827;0,904552474;3,20166879;ZWE;Zimbabwe;USD million
01/06/01;Manufacturing;1,843512228;0,293795337;0,510408582;2,060125474;ZWE;Zimbabwe;USD million
01/06/01;Agriculture;6,620635575;2,591138445;1,983492945;6,012990075;ZWE;Zimbabwe;USD million
01/06/01;Energy;5,790385777;1,75550333;1,071833664;5,106716111;ZWE;Zimbabwe;USD million
01/06/01;Finance;4,625217634;1,457958976;0,521431307;3,688689965;ZWE;Zimbabwe;USD million
01/06/01;ICT;5,142183614;1,856440589;1,690735421;4,976478446;ZWE;Zimbabwe;USD million
01/06/01;Tourism;2,528789538;0,642040727;0,769977623;2,656726434;ZWE;Zimbabwe;USD million
01/06/01;Transport;4,458405705;1,417567612;1,248563723;4,289401816;ZWE;Zimbabwe;USD million
01/06/01;Other;2,846463623;0,860858856;0,711648884;2,697253651;ZWE;Zimbabwe;USD million
01/07/01;Mining;5,419904925;1,239482579;1,33206762;5,512489966;ZWE;Zimbabwe;USD million
01/07/01;Manufacturing;6,161686833;2,238759453;0,617287184;4,540214565;ZWE;Zimbabwe;USD million
01/07/01;Agriculture;3,553464164;0,806642929;0,265509317;3,012330552;ZWE;Zimbabwe;USD million
01/07/01;Energy;1,723033039;0,14823975;0,305198933;1,879992222;ZWE;Zimbabwe;USD million
01/07/01;Finance;5,007459683;1,897812646;1,083939124;4,193586161;ZWE;Zimbabwe;USD million
01/07/01;ICT;3,303325207;0,835050161;0,554097744;3,02237279;ZWE;Zimbabwe;USD million
01/07/01;Tourism;3,111115698;0,183177495;0,633037907;3,56097611;ZWE;Zimbabwe;USD million
01/07/01;Transport;7,056547458;2,05616059;1,295234137;6,295621006;ZWE;Zimbabwe;USD million
01/07/01;Other;5,356155205;0,695397047;0,812665817;5,473423975;ZWE;Zimbabwe;USD million
01/08/01;Mining;4,40908683;0,677206486;0,987119504;4,718999849;ZWE;Zimbabwe;USD million
01/08/01;Manufacturing;5,905328653;2,09671594;1,514437281;5,323049993;ZWE;Zimbabwe;USD million
01/08/01;Agriculture;4,941342487;1,352739586;0,6471563;4,235759201;ZWE;Zimbabwe;USD million
01/08/01;Energy;4,157847622;0,683290687;0,561307101;4,035864037;ZWE;Zimbabwe;USD million
01/08/01;Finance;7,547401146;1,300629041;2,159623552;8,406395657;ZWE;Zimbabwe;USD million
01/08/01;ICT;7,872746025;2,444461059;2,700580443;8,128865409;ZWE;Zimbabwe;USD million
01/08/01;Tourism;10,94255172;3,171005696;3,709938047;11,48148407;ZWE;Zimbabwe;USD million
01/08/01;Transport;3,493504223;1,334934765;1,097327156;3,255896614;ZWE;Zimbabwe;USD million
01/08/01;Other;9,855286726;3,639601626;2,109135259;8,32482036;ZWE;Zimbabwe;USD million
01/09/01;Mining;9,444320205;2,527534478;2,805008272;9,721793999;ZWE;Zimbabwe;USD million
01/09/01;Manufacturing;5,928991119;2,227887687;0,486272289;4,187375721;ZWE;Zimbabwe;USD million
01/09/01;Agriculture;6,165049438;2,071311424;0,53626487;4,630002884;ZWE;Zimbabwe;USD million
01/09/01;Energy;5,615173014;1,182040152;0,606348915;5,039481777;ZWE;Zimbabwe;USD million
01/09/01;Finance;2,881193669;0,642760785;0,189188996;2,42762188;ZWE;Zimbabwe;USD million
01/09/01;ICT;8,874188722;2,956396271;1,101549196;7,019341647;ZWE;Zimbabwe;USD million
01/09/01;Tourism;4,179387618;0,98022259;1,19242605;4,391591078;ZWE;Zimbabwe;USD million
01/09/01;Transport;4,277063951;0,21411447;1,287715065;5,350664547;ZWE;Zimbabwe;USD million
01/09/01;Other;6,427306124;0,427285178;0,909590491;6,909611436;ZWE;Zimbabwe;USD million
01/10/01;Mining;6,688546165;0,999814501;1,545033528;7,233765192;ZWE;Zimbabwe;USD million
01/10/01;Manufacturing;1,021947255;0,084890255;0,232727106;1,169784106;ZWE;Zimbabwe;USD million
01/10/01;Agriculture;10,92677821;3,272996967;2,133573976;9,787355216;ZWE;Zimbabwe;USD million
01/10/01;Energy;10,37446905;3,200989694;3,104926407;10,27840576;ZWE;Zimbabwe;USD million
01/10/01;Finance;2,299662726;0,690420794;0,33743435;1,946676282;ZWE;Zimbabwe;USD million
01/10/01;ICT;4,412061054;1,310946538;0,819676903;3,92079142;ZWE;Zimbabwe;USD million
01/10/01;Tourism;1,842584403;0,406501283;0,150303435;1,586386555;ZWE;Zimbabwe;USD million
01/10/01;Transport;5,697431273;1,432949889;1,83130106;6,095782445;ZWE;Zimbabwe;USD million
01/10/01;Other;7,6113868;0,872257127;0,96919615;7,708325823;ZWE;Zimbabwe;USD million
01/11/01;Mining;1,521527797;0,597451642;0,389470772;1,313546926;ZWE;Zimbabwe;USD million
01/11/01;Manufacturing;6,713308376;2,01636787;1,012372258;5,709312764;ZWE;Zimbabwe;USD million
01/11/01;Agriculture;3,154349343;1,162561567;0,562538962;2,554326739;ZWE;Zimbabwe;USD million
01/11/01;Energy;1,351092512;0,227497636;0,466166681;1,589761557;ZWE;Zimbabwe;USD million
01/11/01;Finance;3,461213287;0,856571659;1,034693683;3,639335311;ZWE;Zimbabwe;USD million
01/11/01;ICT;1,728196776;0,403145759;0,529218531;1,854269547;ZWE;Zimbabwe;USD million
01/11/01;Tourism;8,562283997;2,111728969;2,918953359;9,369508387;ZWE;Zimbabwe;USD million
01/11/01;Transport;16,04347983;4,635367669;4,45735352;15,86546568;ZWE;Zimbabwe;USD million
01/11/01;Other;5,825699468;0,570999356;1,027477267;6,28217738;ZWE;Zimbabwe;USD million
01/12/01;Mining;5,231781642;1,570951978;1,593788728;5,254618392;ZWE;Zimbabwe;USD million
01/12/01;Manufacturing;10,88358564;2,380149385;1,762616865;10,26605312;ZWE;Zimbabwe;USD million
01/12/01;Agriculture;3,473937138;1,080296478;0,715588121;3,10922878;ZWE;Zimbabwe;USD million
01/12/01;Energy;6,676519929;1,921829419;1,947207718;6,701898228;ZWE;Zimbabwe;USD million
01/12/01;Finance;6,448967009;2,190842132;0,439143504;4,69726838;ZWE;Zimbabwe;USD million
01/12/01;ICT;5,395948576;1,185158217;0,464997418;4,675787777;ZWE;Zimbabwe;USD million
01/12/01;Tourism;4,980803913;0,679119244;0,258890684;4,560575353;ZWE;Zimbabwe;USD million
01/12/01;Transport;5,335809152;2,014378456;1,095445496;4,416876192;ZWE;Zimbabwe;USD million
01/12/01;Other;10,31507232;1,319976174;2,366106498;11,36120265;ZWE;Zimbabwe;USD million
01/01/02;Mining;8,237319938;1,682745943;1,421039273;7,975613269;ZWE;Zimbabwe;USD million
01/01/02;Manufacturing;5,246042392;1,449773733;0,466490388;4,262759047;ZWE;Zimbabwe;USD million
01/01/02;Agriculture;2,968047935;0,910250359;0,833413297;2,891210873;ZWE;Zimbabwe;USD million
01/01/02;Energy;6,765588463;2,15694592;2,248057038;6,856699582;ZWE;Zimbabwe;USD million
01/01/02;Finance;7,53906151;1,673443754;2,213834071;8,079451827;ZWE;Zimbabwe;USD million
01/01/02;ICT;3,413549028;0,932640381;0,828009161;3,308917808;ZWE;Zimbabwe;USD million
01/01/02;Tourism;5,980312597;0,535277986;1,639264016;7,084298627;ZWE;Zimbabwe;USD million
01/01/02;Transport;5,113399963;0,917974634;0,522078779;4,717504108;ZWE;Zimbabwe;USD million
01/01/02;Other;7,626132724;2,43713742;1,441603151;6,630598455;ZWE;Zimbabwe;USD million
01/02/02;Mining;9,036994133;3,468129151;1,158938619;6,727803601;ZWE;Zimbabwe;USD million
01/02/02;Manufacturing;10,06416843;1,59566423;2,466181195;10,93468539;ZWE;Zimbabwe;USD million
01/02/02;Agriculture;8,271265841;3,175077791;1,74500192;6,84118997;ZWE;Zimbabwe;USD million
01/02/02;Energy;6,914396653;0,921485565;0,916221157;6,909132245;ZWE;Zimbabwe;USD million
01/02/02;Finance;2,357168266;0,8323045;0,253525034;1,7783888;ZWE;Zimbabwe;USD million
01/02/02;ICT;4,533365778;1,768936093;1,435563949;4,199993634;ZWE;Zimbabwe;USD million
01/02/02;Tourism;5,905390687;0,477982376;1,897684531;7,325092841;ZWE;Zimbabwe;USD million
01/02/02;Transport;9,035404768;2,7445961;2,116750716;8,407559384;ZWE;Zimbabwe;USD million
01/02/02;Other;2,333387381;0,436675365;0,381198513;2,277910529;ZWE;Zimbabwe;USD million
01/03/02;Mining;2,325324054;0,857423054;0,160831252;1,628732252;ZWE;Zimbabwe;USD million
01/03/02;Manufacturing;5,381653413;1,468950613;0,531537762;4,444240562;ZWE;Zimbabwe;USD million
01/03/02;Agriculture;3,232061829;0,966218831;0,230355557;2,496198554;ZWE;Zimbabwe;USD million
01/03/02;Energy;14,13721694;4,787140471;2,085567119;11,43564358;ZWE;Zimbabwe;USD million
01/03/02;Finance;11,57678456;2,494976771;2,722778086;11,80458587;ZWE;Zimbabwe;USD million
01/03/02;ICT;4,886365877;0,623539233;0,377823877;4,64065052;ZWE;Zimbabwe;USD million
01/03/02;Tourism;6,267655666;0,732107845;1,87862965;7,414177471;ZWE;Zimbabwe;USD million
01/03/02;Transport;6,334067483;2,486413041;1,721775773;5,569430215;ZWE;Zimbabwe;USD million
01/03/02;Other;2,016767918;0,154361954;0,660011415;2,522417379;ZWE;Zimbabwe;USD million
01/04/02;Mining;1,593045055;0,211952922;0,199002176;1,58009431;ZWE;Zimbabwe;USD million
01/04/02;Manufacturing;1,848219933;0,601102443;0,136056156;1,383173647;ZWE;Zimbabwe;USD million
01/04/02;Agriculture;4,827820531;1,793600355;0,410234989;3,444455165;ZWE;Zimbabwe;USD million
01/04/02;Energy;4,127998608;0,882840472;1,090372355;4,335530491;ZWE;Zimbabwe;USD million
01/04/02;Finance;4,222049815;0,679009288;1,46643113;5,009471658;ZWE;Zimbabwe;USD million
01/04/02;ICT;7,7498093;0,924305755;0,79815891;7,623662455;ZWE;Zimbabwe;USD million
01/04/02;Tourism;4,583149013;0,928304376;1,416791555;5,071636192;ZWE;Zimbabwe;USD million
01/04/02;Transport;9,208730997;0,625540589;1,336674272;9,91986468;ZWE;Zimbabwe;USD million
01/04/02;Other;10,78939162;4,031854995;1,992234202;8,749770831;ZWE;Zimbabwe;USD million
01/05/02;Mining;7,301325003;1,886111651;1,914492627;7,32970598;ZWE;Zimbabwe;USD million
01/05/02;Manufacturing;3,426110363;0,473107638;0,681409826;3,634412551;ZWE;Zimbabwe;USD million
01/05/02;Agriculture;7,200924084;2,440221971;0,537626599;5,298328712;ZWE;Zimbabwe;USD million
01/05/02;Energy;2,21123191;0,86672225;0,500436972;1,844946632;ZWE;Zimbabwe;USD million
01/05/02;Finance;5,987176924;2,080198126;0,483224894;4,390203692;ZWE;Zimbabwe;USD million
01/05/02;ICT;8,612583461;0,738540936;0,490959301;8,365001826;ZWE;Zimbabwe;USD million
01/05/02;Tourism;2,031656807;0,330134897;0,658743844;2,360265754;ZWE;Zimbabwe;USD million
01/05/02;Transport;7,358473136;2,125534763;1,749093534;6,982031907;ZWE;Zimbabwe;USD million
01/05/02;Other;6,058560954;1,689364349;0,550174735;4,919371339;ZWE;Zimbabwe;USD million
01/06/02;Mining;3,940626868;0,418187977;0,707860822;4,230299713;ZWE;Zimbabwe;USD million
01/06/02;Manufacturing;3,168781527;0,864931487;0,463505818;2,767355858;ZWE;Zimbabwe;USD million
01/06/02;Agriculture;3,647876066;1,263068504;0,414613699;2,799421261;ZWE;Zimbabwe;USD million
01/06/02;Energy;1,757664321;0,15825503;0,557026347;2,156435637;ZWE;Zimbabwe;USD million
01/06/02;Finance;3,267917316;0,481332455;0,374014234;3,160599096;ZWE;Zimbabwe;USD million
01/06/02;ICT;6,015009973;0,749558343;0,644068266;5,909519896;ZWE;Zimbabwe;USD million
01/06/02;Tourism;8,849629597;1,294868092;2,379553694;9,934315198;ZWE;Zimbabwe;USD million
01/06/02;Transport;4,54762908;1,26027198;0,504543347;3,791900447;ZWE;Zimbabwe;USD million
01/06/02;Other;4,473464742;1,546388573;1,330041502;4,257117671;ZWE;Zimbabwe;USD million
01/07/02;Mining;3,208203171;0,877740846;0,511954892;2,842417218;ZWE;Zimbabwe;USD million
01/07/02;Manufacturing;3,922007587;1,46561083;0,739497042;3,195893799;ZWE;Zimbabwe;USD million
01/07/02;Agriculture;3,999862107;0,744057461;1,240504752;4,496309398;ZWE;Zimbabwe;USD million
01/07/02;Energy;6,206741395;2,135261452;1,575547977;5,647027919;ZWE;Zimbabwe;USD million
01/07/02;Finance;5,853688172;1,962969454;1,898342625;5,789061343;ZWE;Zimbabwe;USD million
01/07/02;ICT;2,646029479;0,596517367;0,183384241;2,232896353;ZWE;Zimbabwe;USD million
01/07/02;Tourism;4,355004792;0,524280282;1,151463378;4,982187888;ZWE;Zimbabwe;USD million
01/07/02;Transport;9,32999741;0,737267013;2,855807019;11,44853742;ZWE;Zimbabwe;USD million
01/07/02;Other;3,660121856;0,849459843;0,714385744;3,525047757;ZWE;Zimbabwe;USD million
01/08/02;Mining;2,644808375;0,676396822;0,147609038;2,116020591;ZWE;Zimbabwe;USD million
01/08/02;Manufacturing;4,106798035;0,240613513;0,348184703;4,214369225;ZWE;Zimbabwe;USD million
01/08/02;Agriculture;2,769943581;0,579480385;0,602264592;2,792727787;ZWE;Zimbabwe;USD million
01/08/02;Energy;1,654135978;0,561699667;0,096412432;1,188848742;ZWE;Zimbabwe;USD million
01/08/02;Finance;5,428995918;1,183926304;1,804924027;6,049993641;ZWE;Zimbabwe;USD million
01/08/02;ICT;4,908209216;1,103215851;1,216785948;5,021779313;ZWE;Zimbabwe;USD million
01/08/02;Tourism;4,20717055;0,347062616;1,397883086;5,25799102;ZWE;Zimbabwe;USD million
01/08/02;Transport;1,545270836;0,277686328;0,251671567;1,519256075;ZWE;Zimbabwe;USD million
01/08/02;Other;6,770349721;1,454063617;1,934225311;7,250511416;ZWE;Zimbabwe;USD million
01/09/02;Mining;2,737632552;0,47663594;0,771098987;3,032095599;ZWE;Zimbabwe;USD million
01/09/02;Manufacturing;12,0786091;4,174900324;0,841510472;8,74521925;ZWE;Zimbabwe;USD million
01/09/02;Agriculture;6,273588683;1,516255658;1,896309186;6,65364221;ZWE;Zimbabwe;USD million
01/09/02;Energy;6,35904621;2,155678889;0,880861747;5,084229068;ZWE;Zimbabwe;USD million
01/09/02;Finance;1,735176985;0,191818142;0,094021326;1,637380169;ZWE;Zimbabwe;USD million
01/09/02;ICT;2,100199703;0,688742724;0,451705945;1,863162924;ZWE;Zimbabwe;USD million
01/09/02;Tourism;5,402874352;0,42708713;1,045753945;6,021541167;ZWE;Zimbabwe;USD million
01/09/02;Transport;3,585500435;0,300330715;1,223447919;4,508617639;ZWE;Zimbabwe;USD million
01/09/02;Other;7,73708129;1,295832691;1,556077103;7,997325702;ZWE;Zimbabwe;USD million
01/10/02;Mining;1,525948284;0,322128308;0,46434798;1,668167956;ZWE;Zimbabwe;USD million
01/10/02;Manufacturing;8,222301267;0,501203765;2,087176521;9,808274023;ZWE;Zimbabwe;USD million
01/10/02;Agriculture;7,581755673;0,575034796;1,269168829;8,275889706;ZWE;Zimbabwe;USD million
01/10/02;Energy;8,329884843;2,24238546;0,811882788;6,89938217;ZWE;Zimbabwe;USD million
01/10/02;Finance;6,284515276;1,474629092;1,771559;6,581445184;ZWE;Zimbabwe;USD million
01/10/02;ICT;7,277760634;0,573392704;0,702534964;7,406902895;ZWE;Zimbabwe;USD million
01/10/02;Tourism;4,973538778;0,568751228;1,377583124;5,782370674;ZWE;Zimbabwe;USD million
01/10/02;Transport;3,128067147;0,58705856;0,561694609;3,102703196;ZWE;Zimbabwe;USD million
01/10/02;Other;6,171897939;1,471790518;0,461530291;5,161637712;ZWE;Zimbabwe;USD million
01/11/02;Mining;8,44461212;2,541707398;1,451752468;7,35465719;ZWE;Zimbabwe;USD million
01/11/02;Manufacturing;10,0587079;1,227200374;1,184485208;10,01599274;ZWE;Zimbabwe;USD million
01/11/02;Agriculture;4,87637725;1,841837277;0,712362288;3,746902262;ZWE;Zimbabwe;USD million
01/11/02;Energy;6,375461307;1,24249156;1,691816106;6,824785853;ZWE;Zimbabwe;USD million
01/11/02;Finance;6,255449862;1,022772579;2,018839661;7,251516945;ZWE;Zimbabwe;USD million
01/11/02;ICT;6,137744678;0,331751547;0,351613055;6,157606185;ZWE;Zimbabwe;USD million
01/11/02;Tourism;2,643107558;0,654836838;0,486741795;2,475012516;ZWE;Zimbabwe;USD million
01/11/02;Transport;3,668522851;1,413265877;0,541020479;2,796277452;ZWE;Zimbabwe;USD million
01/11/02;Other;3,958295478;0,393360335;0,574702662;4,139637805;ZWE;Zimbabwe;USD million
01/12/02;Mining;6,328549783;1,973691404;0,926701924;5,281560303;ZWE;Zimbabwe;USD million
01/12/02;Manufacturing;6,272017467;1,280009538;1,000889403;5,992897331;ZWE;Zimbabwe;USD million
01/12/02;Agriculture;6,994971729;2,308366815;1,301175191;5,987780105;ZWE;Zimbabwe;USD million
01/12/02;Energy;4,736724343;1,743545329;0,885836901;3,879015914;ZWE;Zimbabwe;USD million
01/12/02;Finance;1,985295776;0,632988235;0,393995648;1,746303189;ZWE;Zimbabwe;USD million
01/12/02;ICT;8,831248222;1,144790272;1,842583955;9,529041905;ZWE;Zimbabwe;USD million
01/12/02;Tourism;4,906671797;0,538519999;1,053100576;5,421252374;ZWE;Zimbabwe;USD million
01/12/02;Transport;4,239389057;0,415623521;1,40943625;5,233201786;ZWE;Zimbabwe;USD million
01/12/02;Other;3,025755406;1,156429257;0,834920066;2,704246214;ZWE;Zimbabwe;USD million
01/01/03;Mining;7,704243261;2,713553983;1,743613569;6,734302847;ZWE;Zimbabwe;USD million
01/01/03;Manufacturing;2,082632194;0,580429687;0,302588056;1,804790563;ZWE;Zimbabwe;USD million
01/01/03;Agriculture;1,335096771;0,146906549;0,379557978;1,567748201;ZWE;Zimbabwe;USD million
01/01/03;Energy;4,962429563;0,45966369;0,80933194;5,312097813;ZWE;Zimbabwe;USD million
01/01/03;Finance;11,15003475;1,43046082;1,7947025;11,51427643;ZWE;Zimbabwe;USD million
01/01/03;ICT;5,77624815;1,03971364;1,173297415;5,909831925;ZWE;Zimbabwe;USD million
01/01/03;Tourism;6,52165061;0,392459514;0,937723258;7,066914354;ZWE;Zimbabwe;USD million
01/01/03;Transport;7,489075574;2,284368192;0,775143702;5,979851084;ZWE;Zimbabwe;USD million
01/01/03;Other;1,527233654;0,35530999;0,517190828;1,689114493;ZWE;Zimbabwe;USD million
01/02/03;Mining;5,362375052;1,027906228;0,358313323;4,692782147;ZWE;Zimbabwe;USD million
01/02/03;Manufacturing;6,243249635;0,899528824;1,522827633;6,866548444;ZWE;Zimbabwe;USD million
01/02/03;Agriculture;7,029690928;1,37472857;0,687831923;6,34279428;ZWE;Zimbabwe;USD million
01/02/03;Energy;4,2554679;1,568055296;0,631388702;3,318801306;ZWE;Zimbabwe;USD million
01/02/03;Finance;4,098987292;0,209530912;0,679311553;4,568767934;ZWE;Zimbabwe;USD million
01/02/03;ICT;2,399043164;0,581705489;0,562433699;2,379771374;ZWE;Zimbabwe;USD million
01/02/03;Tourism;7,383172674;0,932021825;0,872902507;7,324053357;ZWE;Zimbabwe;USD million
01/02/03;Transport;10,80132327;0,821827772;1,60285744;11,58235294;ZWE;Zimbabwe;USD million
01/02/03;Other;1,651759356;0,164634999;0,269037408;1,756161765;ZWE;Zimbabwe;USD million
01/03/03;Mining;1,531610792;0,079204239;0,135116441;1,587522994;ZWE;Zimbabwe;USD million
01/03/03;Manufacturing;5,997978684;1,501515907;1,626756341;6,123219117;ZWE;Zimbabwe;USD million
01/03/03;Agriculture;5,388928735;0,315676104;0,641981906;5,715234537;ZWE;Zimbabwe;USD million
01/03/03;Energy;7,123398714;2,797170719;0,658614083;4,984842078;ZWE;Zimbabwe;USD million
01/03/03;Finance;8,362215401;2,68556761;0,602473111;6,279120901;ZWE;Zimbabwe;USD million
01/03/03;ICT;3,997034527;0,958264342;0,91260663;3,951376814;ZWE;Zimbabwe;USD million
01/03/03;Tourism;2,762980787;1,078157207;0,89861025;2,583433831;ZWE;Zimbabwe;USD million
01/03/03;Transport;5,512596612;1,930359873;1,061458763;4,643695502;ZWE;Zimbabwe;USD million
01/03/03;Other;4,019676577;1,138550498;0,546575871;3,427701949;ZWE;Zimbabwe;USD million
01/04/03;Mining;6,872154972;1,034499642;0,560374899;6,398030228;ZWE;Zimbabwe;USD million
01/04/03;Manufacturing;7,330832296;0,565027712;1,794456837;8,56026142;ZWE;Zimbabwe;USD million
01/04/03;Agriculture;2,096962832;0,487145551;0,256839289;1,86665657;ZWE;Zimbabwe;USD million
01/04/03;Energy;4,948671684;1,317460307;0,62743205;4,258643426;ZWE;Zimbabwe;USD million
01/04/03;Finance;7,312545939;1,473107339;2,274376371;8,11381497;ZWE;Zimbabwe;USD million
01/04/03;ICT;4,444731538;0,278806067;0,505634425;4,671559895;ZWE;Zimbabwe;USD million
01/04/03;Tourism;2,515027175;0,44957294;0,249799577;2,315253813;ZWE;Zimbabwe;USD million
01/04/03;Transport;1,713139501;0,288220122;0,207067303;1,631986682;ZWE;Zimbabwe;USD million
01/04/03;Other;6,45650635;2,206228002;0,78416471;5,034443058;ZWE;Zimbabwe;USD million
01/05/03;Mining;1,663508135;0,166639439;0,154564131;1,651432827;ZWE;Zimbabwe;USD million
01/05/03;Manufacturing;3,826406145;1,495356578;0,810377898;3,141427465;ZWE;Zimbabwe;USD million
01/05/03;Agriculture;5,6088939;0,877097161;1,008346677;5,740143417;ZWE;Zimbabwe;USD million
01/05/03;Energy;6,841262303;1,510334827;1,499845974;6,83077345;ZWE;Zimbabwe;USD million
01/05/03;Finance;2,806920548;0,73761543;0,890152881;2,959457999;ZWE;Zimbabwe;USD million
01/05/03;ICT;3,395707519;0,680913009;0,257269851;2,972064361;ZWE;Zimbabwe;USD million
01/05/03;Tourism;5,896930501;2,078777137;1,922492904;5,740646268;ZWE;Zimbabwe;USD million
01/05/03;Transport;16,12388811;6,393549325;1,233492713;10,9638315;ZWE;Zimbabwe;USD million
01/05/03;Other;5,998083615;2,098844886;0,571949167;4,471187896;ZWE;Zimbabwe;USD million
01/06/03;Mining;5,803763242;1,151105098;1,568675913;6,221334057;ZWE;Zimbabwe;USD million
01/06/03;Manufacturing;10,50641806;4,122154291;0,689850341;7,074114107;ZWE;Zimbabwe;USD million
01/06/03;Agriculture;2,482317067;0,367383207;0,509223923;2,624157783;ZWE;Zimbabwe;USD million
01/06/03;Energy;10,44892145;1,468945452;0,921363278;9,901339272;ZWE;Zimbabwe;USD million
01/06/03;Finance;7,103269535;2,679546444;1,162044513;5,585767603;ZWE;Zimbabwe;USD million
01/06/03;ICT;4,800063856;1,799490088;1,02955071;4,030124478;ZWE;Zimbabwe;USD million
01/06/03;Tourism;2,0455397;0,817944517;0,266069458;1,493664641;ZWE;Zimbabwe;USD million
01/06/03;Transport;1,356368317;0,532313618;0,421445732;1,245500431;ZWE;Zimbabwe;USD million
01/06/03;Other;8,278645158;1,502395258;1,179684399;7,955934299;ZWE;Zimbabwe;USD million
01/07/03;Mining;3,86870404;0,387087142;0,871989019;4,353605917;ZWE;Zimbabwe;USD million
01/07/03;Manufacturing;3,727247111;1,203396963;1,030501368;3,554351517;ZWE;Zimbabwe;USD million
01/07/03;Agriculture;4,749258998;1,049799155;1,183558053;4,883017896;ZWE;Zimbabwe;USD million
01/07/03;Energy;5,654661264;1,470257792;1,596303515;5,780706987;ZWE;Zimbabwe;USD million
01/07/03;Finance;3,719857019;0,403382513;0,892475567;4,208950073;ZWE;Zimbabwe;USD million
01/07/03;ICT;3,172175593;0,493583501;0,356616985;3,035209077;ZWE;Zimbabwe;USD million
01/07/03;Tourism;4,039350787;1,152302911;1,33522386;4,222271736;ZWE;Zimbabwe;USD million
01/07/03;Transport;3,131835234;0,409106277;0,298817019;3,021545975;ZWE;Zimbabwe;USD million
01/07/03;Other;4,890531323;0,336756249;1,53343192;6,087206994;ZWE;Zimbabwe;USD million
01/08/03;Mining;6,434440948;0,913735037;1,558386045;7,079091955;ZWE;Zimbabwe;USD million
01/08/03;Manufacturing;5,072639313;0,829896969;0,339729664;4,582472008;ZWE;Zimbabwe;USD million
01/08/03;Agriculture;2,663304512;0,835994591;0,257629436;2,084939357;ZWE;Zimbabwe;USD million
01/08/03;Energy;6,317351348;1,234291329;1,036708794;6,119768813;ZWE;Zimbabwe;USD million
01/08/03;Finance;2,532059707;0,417199779;0,304173285;2,419033212;ZWE;Zimbabwe;USD million
01/08/03;ICT;5,573886727;0,32891357;1,518931976;6,763905134;ZWE;Zimbabwe;USD million
01/08/03;Tourism;3,765564776;0,505091396;0,718712375;3,979185755;ZWE;Zimbabwe;USD million
01/08/03;Transport;5,762995366;0,65752281;1,232852252;6,338324807;ZWE;Zimbabwe;USD million
01/08/03;Other;8,747751182;1,323462801;1,790033132;9,214321512;ZWE;Zimbabwe;USD million
01/09/03;Mining;10,92860553;3,702174117;0,672331882;7,898763296;ZWE;Zimbabwe;USD million
01/09/03;Manufacturing;8,153399006;2,468577112;1,649344564;7,334166457;ZWE;Zimbabwe;USD million
01/09/03;Agriculture;1,695292792;0,323608252;0,341258053;1,712942593;ZWE;Zimbabwe;USD million
01/09/03;Energy;2,663995434;0,514100534;0,846187379;2,99608228;ZWE;Zimbabwe;USD million
01/09/03;Finance;6,483400328;0,435114847;1,825414048;7,873699529;ZWE;Zimbabwe;USD million
01/09/03;ICT;8,124042736;1,601787868;2,364548825;8,886803694;ZWE;Zimbabwe;USD million
01/09/03;Tourism;4,464331154;0,703875981;0,506862652;4,267317824;ZWE;Zimbabwe;USD million
01/09/03;Transport;2,408508415;0,576518654;0,788487393;2,620477154;ZWE;Zimbabwe;USD million
01/09/03;Other;6,009132104;0,703312582;1,881592063;7,187411584;ZWE;Zimbabwe;USD million
01/10/03;Mining;2,016833948;0,191080031;0,141381641;1,967135559;ZWE;Zimbabwe;USD million
01/10/03;Manufacturing;6,632818583;0,797278138;1,307181006;7,142721451;ZWE;Zimbabwe;USD million
01/10/03;Agriculture;10,62718248;3,8338358;3,389781968;10,18312865;ZWE;Zimbabwe;USD million
01/10/03;Energy;9,066050829;1,106265398;0,863876185;8,823661617;ZWE;Zimbabwe;USD million
01/10/03;Finance;15,29171316;3,297889566;4,176219038;16,17004263;ZWE;Zimbabwe;USD million
01/10/03;ICT;3,673627846;1,264503723;0,631622738;3,040746861;ZWE;Zimbabwe;USD million
01/10/03;Tourism;1,07182234;0,296565754;0,22894733;1,004203916;ZWE;Zimbabwe;USD million
01/10/03;Transport;6,200539589;1,477709963;0,392602597;5,115432223;ZWE;Zimbabwe;USD million
01/10/03;Other;1,790061992;0,295085929;0,606382018;2,10135808;ZWE;Zimbabwe;USD million
01/11/03;Mining;5,076202173;0,462458731;1,218797718;5,832541159;ZWE;Zimbabwe;USD million
01/11/03;Manufacturing;2,335760682;0,397675518;0,290790502;2,228875667;ZWE;Zimbabwe;USD million
01/11/03;Agriculture;6,610501358;1,936886058;2,054693927;6,728309227;ZWE;Zimbabwe;USD million
01/11/03;Energy;2,111629173;0,378803507;0,134227714;1,867053379;ZWE;Zimbabwe;USD million
01/11/03;Finance;3,652032351;1,175406365;0,584973334;3,061599319;ZWE;Zimbabwe;USD million
01/11/03;ICT;2,60958397;0,728790047;0,560334227;2,44112815;ZWE;Zimbabwe;USD million
01/11/03;Tourism;4,988560188;0,583567245;0,377566719;4,782559662;ZWE;Zimbabwe;USD million
01/11/03;Transport;2,244252027;0,268384722;0,361038523;2,336905829;ZWE;Zimbabwe;USD million
01/11/03;Other;9,961539881;2,174463307;1,446947999;9,234024573;ZWE;Zimbabwe;USD million
01/12/03;Mining;3,14450932;0,755268387;1,005334863;3,394575796;ZWE;Zimbabwe;USD million
01/12/03;Manufacturing;6,891689718;2,212085407;2,408855905;7,088460216;ZWE;Zimbabwe;USD million
01/12/03;Agriculture;11,58931239;2,420010887;3,788273279;12,95757478;ZWE;Zimbabwe;USD million
01/12/03;Energy;12,38066825;1,417495282;3,736622567;14,69979553;ZWE;Zimbabwe;USD million
01/12/03;Finance;4,640278715;1,791374065;0,709521789;3,558426439;ZWE;Zimbabwe;USD million
01/12/03;ICT;3,699659569;0,868967931;1,076452615;3,907144253;ZWE;Zimbabwe;USD million
01/12/03;Tourism;8,121048131;2,180245636;0,96235531;6,903157804;ZWE;Zimbabwe;USD million
01/12/03;Transport;4,04362759;0,941307769;1,267234499;4,36955432;ZWE;Zimbabwe;USD million
01/12/03;Other;5,754767879;1,079288375;1,528423228;6,203902733;ZWE;Zimbabwe;USD million
01/01/04;Mining;3,921946759;0,200788515;0,417659806;4,138818051;ZWE;Zimbabwe;USD million
01/01/04;Manufacturing;2,452709046;0,482473032;0,743956793;2,714192807;ZWE;Zimbabwe;USD million
01/01/04;Agriculture;9,638718189;2,765473992;2,99629025;9,869534447;ZWE;Zimbabwe;USD million
01/01/04;Energy;1,730215051;0,413096302;0,281130219;1,598248968;ZWE;Zimbabwe;USD million
01/01/04;Finance;11,58357885;1,407343937;2,742245641;12,91848056;ZWE;Zimbabwe;USD million
01/01/04;ICT;1,984869686;0,319989841;0,124091857;1,788971702;ZWE;Zimbabwe;USD million
01/01/04;Tourism;3,304834266;1,182214314;0,627720296;2,750340248;ZWE;Zimbabwe;USD million
01/01/04;Transport;11,85004962;3,211157308;1,192512868;9,831405178;ZWE;Zimbabwe;USD million
01/01/04;Other;3,529175764;0,649570741;0,430472609;3,310077632;ZWE;Zimbabwe;USD million
01/02/04;Mining;4,012828521;0,69220258;0,571836469;3,89246241;ZWE;Zimbabwe;USD million
01/02/04;Manufacturing;5,776447199;1,889902643;1,309806728;5,196351283;ZWE;Zimbabwe;USD million
01/02/04;Agriculture;2,115678169;0,761901189;0,222936251;1,576713231;ZWE;Zimbabwe;USD million
01/02/04;Energy;4,22134579;0,634509121;0,306677971;3,893514641;ZWE;Zimbabwe;USD million
01/02/04;Finance;4,931712024;0,356997679;0,538083884;5,112798229;ZWE;Zimbabwe;USD million
01/02/04;ICT;3,495046539;1,020980414;0,75656686;3,230632986;ZWE;Zimbabwe;USD million
01/02/04;Tourism;2,946238796;0,150999902;0,524213958;3,319452852;ZWE;Zimbabwe;USD million
01/02/04;Transport;4,571351557;0,793131256;1,141731926;4,919952227;ZWE;Zimbabwe;USD million
01/02/04;Other;4,692838953;0,633955362;1,346081606;5,404965197;ZWE;Zimbabwe;USD million
01/03/04;Mining;2,154352527;0,445449477;0,505845231;2,214748282;ZWE;Zimbabwe;USD million
01/03/04;Manufacturing;4,403705479;1,439887832;0,424189717;3,388007364;ZWE;Zimbabwe;USD million
01/03/04;Agriculture;9,916496484;2,166866978;1,284234652;9,033864159;ZWE;Zimbabwe;USD million
01/03/04;Energy;7,367092673;1,794743549;2,571438415;8,14378754;ZWE;Zimbabwe;USD million
01/03/04;Finance;4,484706622;0,861377653;1,061239446;4,684568414;ZWE;Zimbabwe;USD million
01/03/04;ICT;4,129725464;1,36703459;0,858957456;3,621648331;ZWE;Zimbabwe;USD million
01/03/04;Tourism;3,648609158;1,290713304;0,199415176;2,557311031;ZWE;Zimbabwe;USD million
01/03/04;Transport;5,632382166;0,307597525;1,09615017;6,42093481;ZWE;Zimbabwe;USD million
01/03/04;Other;7,525555391;0,858055958;0,493109112;7,160608545;ZWE;Zimbabwe;USD million
01/04/04;Mining;5,759882881;0,527458622;0,633147205;5,865571465;ZWE;Zimbabwe;USD million
01/04/04;Manufacturing;6,069114211;1,14184722;0,33812972;5,26539671;ZWE;Zimbabwe;USD million
01/04/04;Agriculture;2,751743928;0,850632184;0,2218298;2,122941545;ZWE;Zimbabwe;USD million
01/04/04;Energy;2,8204507;1,067701402;0,908065959;2,660815257;ZWE;Zimbabwe;USD million
01/04/04;Finance;7,936815383;1,868321103;1,247778155;7,316272435;ZWE;Zimbabwe;USD million
01/04/04;ICT;9,43023503;1,845233068;0,591595737;8,176597699;ZWE;Zimbabwe;USD million
01/04/04;Tourism;1,78664199;0,107404333;0,254936153;1,93417381;ZWE;Zimbabwe;USD million
01/04/04;Transport;6,900939305;0,662364361;1,046456668;7,285031611;ZWE;Zimbabwe;USD million
01/04/04;Other;5,574697095;1,909575695;1,826130044;5,491251445;ZWE;Zimbabwe;USD million
01/05/04;Mining;2,119569429;0,504100327;0,206877525;1,822346627;ZWE;Zimbabwe;USD million
01/05/04;Manufacturing;3,02068692;0,963091462;0,694293781;2,751889238;ZWE;Zimbabwe;USD million
01/05/04;Agriculture;5,051879199;0,355964255;1,183487893;5,879402837;ZWE;Zimbabwe;USD million
01/05/04;Energy;2,836328256;1,039565146;0,911050539;2,707813648;ZWE;Zimbabwe;USD million
01/05/04;Finance;3,527282462;1,147750245;1,096090677;3,475622893;ZWE;Zimbabwe;USD million
01/05/04;ICT;7,632989687;2,115402089;2,576093005;8,093680602;ZWE;Zimbabwe;USD million
01/05/04;Tourism;8,80710634;2,396190594;2,714164269;9,125080015;ZWE;Zimbabwe;USD million
01/05/04;Transport;4,847645364;1,424992307;0,894793594;4,317446651;ZWE;Zimbabwe;USD million
01/05/04;Other;3,975107974;1,12134422;0,420747293;3,274511047;ZWE;Zimbabwe;USD million
01/06/04;Mining;1,249306609;0,113142814;0,372475735;1,50863953;ZWE;Zimbabwe;USD million
01/06/04;Manufacturing;5,378271923;1,787340539;0,498811428;4,089742812;ZWE;Zimbabwe;USD million
01/06/04;Agriculture;8,394992136;0,935897662;1,299520046;8,75861452;ZWE;Zimbabwe;USD million
01/06/04;Energy;5,101926853;1,79139995;0,728745077;4,03927198;ZWE;Zimbabwe;USD million
01/06/04;Finance;6,141492804;0,376245862;1,995429121;7,760676062;ZWE;Zimbabwe;USD million
01/06/04;ICT;2,175661813;0,294621394;0,12121844;2,002258859;ZWE;Zimbabwe;USD million
01/06/04;Tourism;4,435501068;1,033876188;0,487105953;3,888730833;ZWE;Zimbabwe;USD million
01/06/04;Transport;4,251293751;0,679876353;0,344829608;3,916247006;ZWE;Zimbabwe;USD million
01/06/04;Other;5,540141054;1,866119423;0,393106418;4,067128049;ZWE;Zimbabwe;USD million
01/07/04;Mining;4,633102056;0,535545213;0,242331584;4,339888427;ZWE;Zimbabwe;USD million
01/07/04;Manufacturing;6,089613735;0,451512105;0,476449086;6,114550716;ZWE;Zimbabwe;USD million
01/07/04;Agriculture;4,997355075;1,177878131;0,62775679;4,447233734;ZWE;Zimbabwe;USD million
01/07/04;Energy;2,340868394;0,622906781;0,65130321;2,369264823;ZWE;Zimbabwe;USD million
01/07/04;Finance;4,460197234;1,742665433;0,390084564;3,107616365;ZWE;Zimbabwe;USD million
01/07/04;ICT;2,793611366;0,219623076;0,518091095;3,092079385;ZWE;Zimbabwe;USD million
01/07/04;Tourism;3,830990173;1,477233984;0,986445699;3,340201888;ZWE;Zimbabwe;USD million
01/07/04;Transport;3,670082012;1,315833157;0,678471176;3,032720032;ZWE;Zimbabwe;USD million
01/07/04;Other;1,794154498;0,365851357;0,397602555;1,825905697;ZWE;Zimbabwe;USD million
01/08/04;Mining;4,120426551;0,965504983;0,898629878;4,053551446;ZWE;Zimbabwe;USD million
01/08/04;Manufacturing;6,695793267;1,382652053;1,963338928;7,276480143;ZWE;Zimbabwe;USD million
01/08/04;Agriculture;2,629618589;0,473866757;0,498531136;2,654282968;ZWE;Zimbabwe;USD million
01/08/04;Energy;2,18062351;0,136022167;0,481050418;2,525651761;ZWE;Zimbabwe;USD million
01/08/04;Finance;7,75983182;3,033466718;1,921125563;6,647490664;ZWE;Zimbabwe;USD million
01/08/04;ICT;5,506404257;1,696625992;1,178548999;4,988327264;ZWE;Zimbabwe;USD million
01/08/04;Tourism;2,876563204;1,124892596;0,891172003;2,642842611;ZWE;Zimbabwe;USD million
01/08/04;Transport;3,600108667;0,561566176;0,702788193;3,741330684;ZWE;Zimbabwe;USD million
01/08/04;Other;6,101391836;2,288138362;0,438791485;4,25204496;ZWE;Zimbabwe;USD million
01/09/04;Mining;8,287880949;0,822922102;2,036608198;9,501567045;ZWE;Zimbabwe;USD million
01/09/04;Manufacturing;7,965122;2,592606036;2,656871873;8,029387837;ZWE;Zimbabwe;USD million
01/09/04;Agriculture;2,220759144;0,225322551;0,369191767;2,36462836;ZWE;Zimbabwe;USD million
01/09/04;Energy;2,668767159;1,011396958;0,349888234;2,007258435;ZWE;Zimbabwe;USD million
01/09/04;Finance;1,714784833;0,524784538;0,151195316;1,341195611;ZWE;Zimbabwe;USD million
01/09/04;ICT;5,084656034;1,236479993;1,014927696;4,863103737;ZWE;Zimbabwe;USD million
01/09/04;Tourism;5,507590118;2,171679056;1,69420062;5,030111682;ZWE;Zimbabwe;USD million
01/09/04;Transport;2,217392484;0,651296859;0,46124091;2,027336535;ZWE;Zimbabwe;USD million
01/09/04;Other;1,817112102;0,310746804;0,461531373;1,967896671;ZWE;Zimbabwe;USD million
01/10/04;Mining;5,076758864;0,457745671;1,679336393;6,298349586;ZWE;Zimbabwe;USD million
01/10/04;Manufacturing;3,914187087;1,143166383;0,780723125;3,55174383;ZWE;Zimbabwe;USD million
01/10/04;Agriculture;5,5485722;2,035067813;1,591036245;5,104540632;ZWE;Zimbabwe;USD million
01/10/04;Energy;10,90505865;4,10539257;1,666233857;8,465899933;ZWE;Zimbabwe;USD million
01/10/04;Finance;1,947351715;0,537078276;0,139983408;1,550256846;ZWE;Zimbabwe;USD million
01/10/04;ICT;2,109926743;0,339930369;0,450315938;2,220312312;ZWE;Zimbabwe;USD million
01/10/04;Tourism;4,878985649;1,445470413;1,593082291;5,026597528;ZWE;Zimbabwe;USD million
01/10/04;Transport;6,809808544;1,51342487;0,648431377;5,944815051;ZWE;Zimbabwe;USD million
01/10/04;Other;3,490124257;0,784903798;0,313173282;3,018393741;ZWE;Zimbabwe;USD million
01/11/04;Mining;1,663432398;0,17913647;0,242137401;1,726433329;ZWE;Zimbabwe;USD million
01/11/04;Manufacturing;6,040177661;1,863170407;1,028939849;5,205947102;ZWE;Zimbabwe;USD million
01/11/04;Agriculture;7,340185241;0,586702736;1,426634244;8,180116749;ZWE;Zimbabwe;USD million
01/11/04;Energy;2,312490227;0,612074104;0,785545237;2,48596136;ZWE;Zimbabwe;USD million
01/11/04;Finance;1,920899064;0,385693984;0,5929096;2,128114681;ZWE;Zimbabwe;USD million
01/11/04;ICT;3,261413038;0,984486726;1,019014126;3,295940437;ZWE;Zimbabwe;USD million
01/11/04;Tourism;3,088814321;0,550361649;0,600576133;3,139028804;ZWE;Zimbabwe;USD million
01/11/04;Transport;2,099398202;0,459190795;0,655060068;2,295267476;ZWE;Zimbabwe;USD million
01/11/04;Other;1,569558931;0,130119471;0,209896694;1,649336154;ZWE;Zimbabwe;USD million
01/12/04;Mining;4,30123987;1,385662754;0,842334711;3,757911827;ZWE;Zimbabwe;USD million
01/12/04;Manufacturing;5,125153212;0,378239458;1,523475724;6,270389478;ZWE;Zimbabwe;USD million
01/12/04;Agriculture;7,018668394;0,683066279;1,571677871;7,907279986;ZWE;Zimbabwe;USD million
01/12/04;Energy;7,501788185;0,456136872;0,584096375;7,629747687;ZWE;Zimbabwe;USD million
01/12/04;Finance;5,003648665;0,343645007;0,937579338;5,597582995;ZWE;Zimbabwe;USD million
01/12/04;ICT;2,04876815;0,782635309;0,30108702;1,567219861;ZWE;Zimbabwe;USD million
01/12/04;Tourism;8,458414094;2,821476907;1,643507695;7,280444882;ZWE;Zimbabwe;USD million
01/12/04;Transport;1,516914068;0,395395607;0,488271115;1,609789576;ZWE;Zimbabwe;USD million
01/12/04;Other;1,809101884;0,646984506;0,488724711;1,650842089;ZWE;Zimbabwe;USD million
01/01/05;Mining;2,171658915;0,692505311;0,333166809;1,812320414;ZWE;Zimbabwe;USD million
01/01/05;Manufacturing;6,126260069;0,393574987;1,924585026;7,657270108;ZWE;Zimbabwe;USD million
01/01/05;Agriculture;3,857563026;0,742452335;0,259036513;3,374147204;ZWE;Zimbabwe;USD million
01/01/05;Energy;5,907221749;1,705051021;1,13705231;5,339223038;ZWE;Zimbabwe;USD million
01/01/05;Finance;11,46067361;3,825092687;3,199729122;10,83531005;ZWE;Zimbabwe;USD million
01/01/05;ICT;1,601500583;0,250064871;0,51779983;1,869235541;ZWE;Zimbabwe;USD million
01/01/05;Tourism;2,333717171;0,124071562;0,293749469;2,503395078;ZWE;Zimbabwe;USD million
01/01/05;Transport;8,28616295;1,874964877;1,141149085;7,552347157;ZWE;Zimbabwe;USD million
01/01/05;Other;3,002693376;0,69826264;0,44938049;2,753811227;ZWE;Zimbabwe;USD million
01/02/05;Mining;4,868497591;1,718597268;1,703896615;4,853796938;ZWE;Zimbabwe;USD million
01/02/05;Manufacturing;7,155838478;0,688871313;1,430985983;7,897953148;ZWE;Zimbabwe;USD million
01/02/05;Agriculture;2,774535329;1,089250559;0,77287877;2,458163541;ZWE;Zimbabwe;USD million
01/02/05;Energy;5,159877446;0,591834554;1,6319744;6,200017293;ZWE;Zimbabwe;USD million
01/02/05;Finance;9,73301752;1,237525602;1,823338027;10,31882995;ZWE;Zimbabwe;USD million
01/02/05;ICT;2,538092426;0,423135565;0,543057671;2,658014531;ZWE;Zimbabwe;USD million
01/02/05;Tourism;1,412365094;0,260142051;0,488573986;1,64079703;ZWE;Zimbabwe;USD million
01/02/05;Transport;4,172856581;1,645624024;0,516129055;3,043361612;ZWE;Zimbabwe;USD million
01/02/05;Other;6,71223797;1,873698149;1,647633124;6,486172946;ZWE;Zimbabwe;USD million
01/03/05;Mining;6,727244232;0,730068278;0,660060163;6,657236117;ZWE;Zimbabwe;USD million
01/03/05;Manufacturing;4,676255495;1,799506899;0,582887771;3,459636367;ZWE;Zimbabwe;USD million
01/03/05;Agriculture;4,921254829;0,427834062;0,393960362;4,887381129;ZWE;Zimbabwe;USD million
01/03/05;Energy;2,739856117;0,640349759;0,618683295;2,718189653;ZWE;Zimbabwe;USD million
01/03/05;Finance;6,040376185;2,088655708;1,255881345;5,207601822;ZWE;Zimbabwe;USD million
01/03/05;ICT;6,28200775;1,415974042;1,570565458;6,436599167;ZWE;Zimbabwe;USD million
01/03/05;Tourism;6,150880073;2,165249393;1,338435927;5,324066607;ZWE;Zimbabwe;USD million
01/03/05;Transport;1,694023852;0,349953891;0,393527524;1,737597485;ZWE;Zimbabwe;USD million
01/03/05;Other;2,058700862;0,104363271;0,203032243;2,157369834;ZWE;Zimbabwe;USD million
01/04/05;Mining;1,758150588;0,235777987;0,588308278;2,11068088;ZWE;Zimbabwe;USD million
01/04/05;Manufacturing;8,424254191;2,147194774;0,743599313;7,02065873;ZWE;Zimbabwe;USD million
01/04/05;Agriculture;3,05768139;0,440468608;0,526327997;3,143540779;ZWE;Zimbabwe;USD million
01/04/05;Energy;5,002066821;1,136758813;0,451126799;4,316434808;ZWE;Zimbabwe;USD million
01/04/05;Finance;4,752366372;0,331967974;1,265873673;5,686272071;ZWE;Zimbabwe;USD million
01/04/05;ICT;2,590290887;0,994559112;0,758365998;2,354097773;ZWE;Zimbabwe;USD million
01/04/05;Tourism;4,335926494;0,26515985;0,569348671;4,640115315;ZWE;Zimbabwe;USD million
01/04/05;Transport;4,344543864;1,003915511;0,262329039;3,602957392;ZWE;Zimbabwe;USD million
01/04/05;Other;6,297871112;0,468992118;1,12462191;6,953500903;ZWE;Zimbabwe;USD million
01/05/05;Mining;12,16163318;4,745021931;1,373324301;8,789935547;ZWE;Zimbabwe;USD million
01/05/05;Manufacturing;3,049509428;0,968694766;0,912238148;2,993052809;ZWE;Zimbabwe;USD million
01/05/05;Agriculture;3,952938626;1,283710391;0,829074139;3,498302374;ZWE;Zimbabwe;USD million
01/05/05;Energy;3,158637646;0,426412373;0,936133322;3,668358595;ZWE;Zimbabwe;USD million
01/05/05;Finance;7,609135517;2,694089121;0,842393952;5,757440347;ZWE;Zimbabwe;USD million
01/05/05;ICT;8,884290579;2,372337778;0,924827072;7,436779873;ZWE;Zimbabwe;USD million
01/05/05;Tourism;9,905843099;3,396289928;0,798967677;7,308520848;ZWE;Zimbabwe;USD million
01/05/05;Transport;10,10077138;1,827253026;1,26357958;9,537097936;ZWE;Zimbabwe;USD million
01/05/05;Other;6,049390723;2,221428893;0,769318626;4,597280457;ZWE;Zimbabwe;USD million
01/06/05;Mining;2,822361794;0,891199472;0,47003753;2,401199852;ZWE;Zimbabwe;USD million
01/06/05;Manufacturing;6,795482848;0,418116982;0,763102535;7,140468401;ZWE;Zimbabwe;USD million
01/06/05;Agriculture;3,116751786;0,415937976;0,427155891;3,127969702;ZWE;Zimbabwe;USD million
01/06/05;Energy;5,861984043;2,002302416;1,217283693;5,076965321;ZWE;Zimbabwe;USD million
01/06/05;Finance;10,36474609;1,255780446;0,548634528;9,657600172;ZWE;Zimbabwe;USD million
01/06/05;ICT;7,292796913;0,496369207;1,430412729;8,226840435;ZWE;Zimbabwe;USD million
01/06/05;Tourism;6,985410101;1,064924255;2,201153452;8,121639298;ZWE;Zimbabwe;USD million
01/06/05;Transport;5,741197963;2,112221276;1,503467301;5,132443988;ZWE;Zimbabwe;USD million
01/06/05;Other;7,415011028;1,525191099;2,063028777;7,952848706;ZWE;Zimbabwe;USD million
01/07/05;Mining;3,862337764;1,528867305;0,669593647;3,003064105;ZWE;Zimbabwe;USD million
01/07/05;Manufacturing;1,928934993;0,149215656;0,37601793;2,155737267;ZWE;Zimbabwe;USD million
01/07/05;Agriculture;5,064822057;1,028970401;1,228970474;5,26482213;ZWE;Zimbabwe;USD million
01/07/05;Energy;6,329045101;0,659767212;0,738223557;6,407501445;ZWE;Zimbabwe;USD million
01/07/05;Finance;3,654790829;0,345517118;0,918887544;4,228161256;ZWE;Zimbabwe;USD million
01/07/05;ICT;8,641265691;1,738043474;1,84336273;8,746584947;ZWE;Zimbabwe;USD million
01/07/05;Tourism;7,952841669;0,814265539;2,67976998;9,81834611;ZWE;Zimbabwe;USD million
01/07/05;Transport;2,24385369;0,35926767;0,52198472;2,40657074;ZWE;Zimbabwe;USD million
01/07/05;Other;7,290889925;2,530854678;1,953368684;6,713403931;ZWE;Zimbabwe;USD million
01/08/05;Mining;4,818362345;1,833089914;0,938183842;3,923456273;ZWE;Zimbabwe;USD million
01/08/05;Manufacturing;5,159739219;0,614637507;1,198837919;5,743939631;ZWE;Zimbabwe;USD million
01/08/05;Agriculture;6,634061951;1,907947592;2,185737501;6,91185186;ZWE;Zimbabwe;USD million
01/08/05;Energy;6,60170827;2,182820771;0,330836439;4,749723938;ZWE;Zimbabwe;USD million
01/08/05;Finance;1,704476386;0,193200189;0,094759795;1,606035992;ZWE;Zimbabwe;USD million
01/08/05;ICT;13,26062936;3,749761761;3,12557828;12,63644588;ZWE;Zimbabwe;USD million
01/08/05;Tourism;5,246664616;0,952632487;0,478801715;4,772833844;ZWE;Zimbabwe;USD million
01/08/05;Transport;8,115260598;1,190606977;2,454781643;9,379435264;ZWE;Zimbabwe;USD million
01/08/05;Other;1,981708873;0,569547775;0,235839804;1,648000902;ZWE;Zimbabwe;USD million
01/09/05;Mining;6,521084511;1,153473429;0,396883927;5,764495009;ZWE;Zimbabwe;USD million
01/09/05;Manufacturing;4,242319675;1,074586667;1,115456843;4,283189852;ZWE;Zimbabwe;USD million
01/09/05;Agriculture;1,776603154;0,405831333;0,306176012;1,676947832;ZWE;Zimbabwe;USD million
01/09/05;Energy;5,653859744;2,04837359;1,521207094;5,126693248;ZWE;Zimbabwe;USD million
01/09/05;Finance;4,732164899;0,467222339;1,077859308;5,342801868;ZWE;Zimbabwe;USD million
01/09/05;ICT;13,92234305;1,353998138;3,631381166;16,19972608;ZWE;Zimbabwe;USD million
01/09/05;Tourism;4,857020784;1,515367605;1,04087154;4,382524719;ZWE;Zimbabwe;USD million
01/09/05;Transport;13,03556093;2,062515624;2,464730563;13,43777587;ZWE;Zimbabwe;USD million
01/09/05;Other;2,485844425;0,931416013;0,620735222;2,175163634;ZWE;Zimbabwe;USD million
01/10/05;Mining;2,276036624;0,656530491;0,484890977;2,10439711;ZWE;Zimbabwe;USD million
01/10/05;Manufacturing;6,327279394;1,644115876;0,613423484;5,296587002;ZWE;Zimbabwe;USD million
01/10/05;Agriculture;6,036677116;0,75597108;0,425081107;5,705787143;ZWE;Zimbabwe;USD million
01/10/05;Energy;5,335494047;2,046373407;0,913431521;4,202552161;ZWE;Zimbabwe;USD million
01/10/05;Finance;4,328340487;1,257776992;0,523283382;3,593846877;ZWE;Zimbabwe;USD million
01/10/05;ICT;3,267420372;1,078337085;0,203984728;2,393068015;ZWE;Zimbabwe;USD million
01/10/05;Tourism;2,622160385;0,842147165;0,458398889;2,238412109;ZWE;Zimbabwe;USD million
01/10/05;Transport;7,905008359;0,803692604;0,726188211;7,827503966;ZWE;Zimbabwe;USD million
01/10/05;Other;2,137265855;0,624882804;0,671035447;2,183418498;ZWE;Zimbabwe;USD million
01/11/05;Mining;2,243227639;0,434912722;0,187615682;1,995930599;ZWE;Zimbabwe;USD million
01/11/05;Manufacturing;6,102663154;1,908675033;1,757822808;5,951810929;ZWE;Zimbabwe;USD million
01/11/05;Agriculture;9,16873711;3,232800747;2,978168607;8,91410497;ZWE;Zimbabwe;USD million
01/11/05;Energy;6,302305424;2,146755889;0,804343014;4,959892548;ZWE;Zimbabwe;USD million
01/11/05;Finance;8,856420601;3,021057226;0,716684256;6,552047631;ZWE;Zimbabwe;USD million
01/11/05;ICT;1,308425955;0,260315076;0,323966177;1,372077056;ZWE;Zimbabwe;USD million
01/11/05;Tourism;4,033812703;0,373216265;1,292411152;4,953007591;ZWE;Zimbabwe;USD million
01/11/05;Transport;3,184094873;1,176231752;0,230924465;2,238787586;ZWE;Zimbabwe;USD million
01/11/05;Other;8,33826473;2,254057381;0,75719139;6,84139874;ZWE;Zimbabwe;USD million
01/12/05;Mining;1,574151047;0,370557501;0,390554214;1,59414776;ZWE;Zimbabwe;USD million
01/12/05;Manufacturing;9,314891461;0,630502456;2,527762136;11,21215114;ZWE;Zimbabwe;USD million
01/12/05;Agriculture;4,101109688;0,680267439;1,167809714;4,588651962;ZWE;Zimbabwe;USD million
01/12/05;Energy;5,827774964;0,700012235;0,659322401;5,78708513;ZWE;Zimbabwe;USD million
01/12/05;Finance;7,337887793;2,744362364;1,968859341;6,56238477;ZWE;Zimbabwe;USD million
01/12/05;ICT;4,284037717;0,683061526;1,04158547;4,642561661;ZWE;Zimbabwe;USD million
01/12/05;Tourism;4,201058251;0,369754676;0,580763634;4,412067209;ZWE;Zimbabwe;USD million
01/12/05;Transport;3,060603407;0,583408946;0,237527024;2,714721485;ZWE;Zimbabwe;USD million
01/12/05;Other;7,73856492;0,785146667;1,88947109;8,842889343;ZWE;Zimbabwe;USD million
01/01/06;Mining;6,526436477;1,791187798;1,478672465;6,213921144;ZWE;Zimbabwe;USD million
01/01/06;Manufacturing;5,871572831;1,350028102;1,588735072;6,110279801;ZWE;Zimbabwe;USD million
01/01/06;Agriculture;2,476430646;0,224134517;0,846566677;3,098862806;ZWE;Zimbabwe;USD million
01/01/06;Energy;6,698351429;1,514311822;1,85000385;7,034043458;ZWE;Zimbabwe;USD million
01/01/06;Finance;10,89655938;1,693817365;1,163570808;10,36631283;ZWE;Zimbabwe;USD million
01/01/06;ICT;3,935986222;1,211921095;1,242641821;3,966706948;ZWE;Zimbabwe;USD million
01/01/06;Tourism;3,647823088;1,115368102;0,516739788;3,049194774;ZWE;Zimbabwe;USD million
01/01/06;Transport;6,673909031;2,511133107;1,732106173;5,894882097;ZWE;Zimbabwe;USD million
01/01/06;Other;4,04575154;1,447418929;0,56474861;3,163081221;ZWE;Zimbabwe;USD million
01/02/06;Mining;2,2305023;0,147477067;0,28422768;2,367252913;ZWE;Zimbabwe;USD million
01/02/06;Manufacturing;2,789946293;0,952177126;0,758291061;2,596060227;ZWE;Zimbabwe;USD million
01/02/06;Agriculture;6,531224136;2,400420108;1,098117569;5,228921598;ZWE;Zimbabwe;USD million
01/02/06;Energy;1,070628901;0,071004991;0,277293542;1,276917452;ZWE;Zimbabwe;USD million
01/02/06;Finance;3,413056153;0,722425403;1,114826499;3,805457249;ZWE;Zimbabwe;USD million
01/02/06;ICT;1,482638504;0,401396806;0,198115309;1,279357007;ZWE;Zimbabwe;USD million
01/02/06;Tourism;6,260959769;1,718108321;0,783374143;5,326225591;ZWE;Zimbabwe;USD million
01/02/06;Transport;3,251934602;1,029553133;0,496964408;2,719345878;ZWE;Zimbabwe;USD million
01/02/06;Other;3,939282417;0,878378352;0,54439223;3,605296294;ZWE;Zimbabwe;USD million
01/03/06;Mining;3,672833583;0,637041536;0,573797684;3,609589731;ZWE;Zimbabwe;USD million
01/03/06;Manufacturing;1,975620978;0,74415483;0,48322369;1,714689838;ZWE;Zimbabwe;USD million
01/03/06;Agriculture;5,609842957;0,827664572;1,448496303;6,230674688;ZWE;Zimbabwe;USD million
01/03/06;Energy;12,0870453;4,685576686;3,255985109;10,65745372;ZWE;Zimbabwe;USD million
01/03/06;Finance;2,514954389;0,678041022;0,203746271;2,040659638;ZWE;Zimbabwe;USD million
01/03/06;ICT;4,571197017;1,262211013;1,096232743;4,405218746;ZWE;Zimbabwe;USD million
01/03/06;Tourism;7,436789365;2,734191739;2,212402549;6,915000175;ZWE;Zimbabwe;USD million
01/03/06;Transport;4,931582528;1,120042976;0,642640005;4,454179557;ZWE;Zimbabwe;USD million
01/03/06;Other;4,522412599;0,367505731;0,331286771;4,486193639;ZWE;Zimbabwe;USD million
01/04/06;Mining;7,099709853;0,554589565;1,581446859;8,126567147;ZWE;Zimbabwe;USD million
01/04/06;Manufacturing;3,098577614;0,283989833;0,270485497;3,085073278;ZWE;Zimbabwe;USD million
01/04/06;Agriculture;4,538131182;0,254914778;1,25653;5,539746405;ZWE;Zimbabwe;USD million
01/04/06;Energy;5,652239548;1,442463611;0,782421046;4,992196983;ZWE;Zimbabwe;USD million
01/04/06;Finance;5,032555672;1,853439539;0,574746278;3,753862411;ZWE;Zimbabwe;USD million
01/04/06;ICT;7,950074778;3,168501609;1,197357264;5,978930434;ZWE;Zimbabwe;USD million
01/04/06;Tourism;4,820084233;0,637570461;0,773476274;4,955990047;ZWE;Zimbabwe;USD million
01/04/06;Transport;4,219245609;1,049321077;0,581975694;3,751900226;ZWE;Zimbabwe;USD million
01/04/06;Other;5,367121951;0,363804103;0,844526566;5,847844414;ZWE;Zimbabwe;USD million
01/05/06;Mining;6,444242963;1,495076294;0,928250101;5,877416771;ZWE;Zimbabwe;USD million
01/05/06;Manufacturing;3,978781797;1,304735059;0,232854391;2,906901129;ZWE;Zimbabwe;USD million
01/05/06;Agriculture;9,686845318;3,022755709;2,731095352;9,395184962;ZWE;Zimbabwe;USD million
01/05/06;Energy;2,215187787;0,672589287;0,346979939;1,889578439;ZWE;Zimbabwe;USD million
01/05/06;Finance;1,811676851;0,45005593;0,444311632;1,805932553;ZWE;Zimbabwe;USD million
01/05/06;ICT;2,526445484;0,596882939;0,40311387;2,332676415;ZWE;Zimbabwe;USD million
01/05/06;Tourism;5,026102741;0,666155591;0,803902706;5,163849855;ZWE;Zimbabwe;USD million
01/05/06;Transport;6,749854729;0,71628237;1,861135091;7,89470745;ZWE;Zimbabwe;USD million
01/05/06;Other;10,36580264;3,037473126;2,858025362;10,18635488;ZWE;Zimbabwe;USD million
01/06/06;Mining;10,77218488;3,910219042;1,463915863;8,325881699;ZWE;Zimbabwe;USD million
01/06/06;Manufacturing;3,502938418;1,326032639;0,530247063;2,707152842;ZWE;Zimbabwe;USD million
01/06/06;Agriculture;8,014623753;2,348484445;1,153426569;6,819565877;ZWE;Zimbabwe;USD million
01/06/06;Energy;8,655566602;2,820893423;0,912129932;6,746803111;ZWE;Zimbabwe;USD million
01/06/06;Finance;2,624295322;0,183360891;0,571903945;3,012838376;ZWE;Zimbabwe;USD million
01/06/06;ICT;3,175739072;0,37892975;0,957749615;3,754558937;ZWE;Zimbabwe;USD million
01/06/06;Tourism;5,357312178;1,129381023;0,411151858;4,639083013;ZWE;Zimbabwe;USD million
01/06/06;Transport;4,105562166;0,462322413;1,078397976;4,721637729;ZWE;Zimbabwe;USD million
01/06/06;Other;4,15929483;0,611929976;0,825912776;4,373277629;ZWE;Zimbabwe;USD million
01/07/06;Mining;7,806591294;1,700858678;0,53303732;6,638769936;ZWE;Zimbabwe;USD million
01/07/06;Manufacturing;6,611748677;1,528406603;1,985820011;7,069162086;ZWE;Zimbabwe;USD million
01/07/06;Agriculture;2,301742313;0,376582875;0,544880867;2,470040305;ZWE;Zimbabwe;USD million
01/07/06;Energy;1,408167824;0,311701259;0,26559559;1,362062156;ZWE;Zimbabwe;USD million
01/07/06;Finance;3,530051489;0,339054309;0,856712436;4,047709616;ZWE;Zimbabwe;USD million
01/07/06;ICT;6,841538279;1,199935361;1,82744203;7,469044948;ZWE;Zimbabwe;USD million
01/07/06;Tourism;9,036235764;1,042525922;2,477096673;10,47080651;ZWE;Zimbabwe;USD million
01/07/06;Transport;1,972895161;0,625374323;0,164166044;1,511686882;ZWE;Zimbabwe;USD million
01/07/06;Other;5,674674626;2,152087631;0,872287597;4,394874591;ZWE;Zimbabwe;USD million
01/08/06;Mining;4,499864285;1,203441148;0,639168245;3,935591381;ZWE;Zimbabwe;USD million
01/08/06;Manufacturing;6,934002181;0,523847335;1,401336228;7,811491074;ZWE;Zimbabwe;USD million
01/08/06;Agriculture;6,679645674;1,594641643;1,8052848;6,890288831;ZWE;Zimbabwe;USD million
01/08/06;Energy;5,443732811;1,54968576;1,412697054;5,306744106;ZWE;Zimbabwe;USD million
01/08/06;Finance;2,362598884;0,330654346;0,755416657;2,787361195;ZWE;Zimbabwe;USD million
01/08/06;ICT;2,842445278;1,088200778;0,581329876;2,335574376;ZWE;Zimbabwe;USD million
01/08/06;Tourism;3,466686087;0,714917908;0,81037288;3,562141058;ZWE;Zimbabwe;USD million
01/08/06;Transport;4,749359317;1,714548437;1,466040903;4,500851783;ZWE;Zimbabwe;USD million
01/08/06;Other;5,195592515;1,076920507;0,435036233;4,55370824;ZWE;Zimbabwe;USD million
01/09/06;Mining;3,417735117;0,988083356;0,966381064;3,396032825;ZWE;Zimbabwe;USD million
01/09/06;Manufacturing;5,902667038;1,897729549;0,299894056;4,304831545;ZWE;Zimbabwe;USD million
01/09/06;Agriculture;1,706369;0,658258002;0,174760688;1,222871686;ZWE;Zimbabwe;USD million
01/09/06;Energy;3,450084666;0,809115969;0,537691396;3,178660093;ZWE;Zimbabwe;USD million
01/09/06;Finance;3,196578842;0,619120213;0,686661974;3,264120603;ZWE;Zimbabwe;USD million
01/09/06;ICT;3,653090327;0,241285138;1,150533223;4,562338412;ZWE;Zimbabwe;USD million
01/09/06;Tourism;10,42084827;2,79165451;2,290162787;9,919356541;ZWE;Zimbabwe;USD million
01/09/06;Transport;7,826562821;1,803821428;1,509360424;7,532101817;ZWE;Zimbabwe;USD million
01/09/06;Other;5,735923833;1,478134487;1,069833034;5,32762238;ZWE;Zimbabwe;USD million
01/10/06;Mining;3,149544159;0,280229802;0,176902514;3,04621687;ZWE;Zimbabwe;USD million
01/10/06;Manufacturing;9,946464741;1,534269726;1,043407107;9,455602123;ZWE;Zimbabwe;USD million
01/10/06;Agriculture;2,986407204;0,813838814;0,303749896;2,476318286;ZWE;Zimbabwe;USD million
01/10/06;Energy;10,12683296;2,042882874;1,310249695;9,394199783;ZWE;Zimbabwe;USD million
01/10/06;Finance;4,412865486;0,225832043;1,53569417;5,722727613;ZWE;Zimbabwe;USD million
01/10/06;ICT;1,924615657;0,401401497;0,15729614;1,6805103;ZWE;Zimbabwe;USD million
01/10/06;Tourism;10,61244343;2,014131344;0,806308362;9,404620445;ZWE;Zimbabwe;USD million
01/10/06;Transport;10,24625053;1,316420582;1,899160138;10,82899009;ZWE;Zimbabwe;USD million
01/10/06;Other;6,126930045;1,487570454;1,906750836;6,546110426;ZWE;Zimbabwe;USD million
01/11/06;Mining;6,766613361;0,868335431;1,617091209;7,515369138;ZWE;Zimbabwe;USD million
01/11/06;Manufacturing;2,087314447;0,490997913;0,485311507;2,081628042;ZWE;Zimbabwe;USD million
01/11/06;Agriculture;2,13562011;0,280822614;0,646185199;2,500982695;ZWE;Zimbabwe;USD million
01/11/06;Energy;3,528901603;0,701917085;1,084284084;3,911268602;ZWE;Zimbabwe;USD million
01/11/06;Finance;3,262953757;0,623834672;1,069825255;3,70894434;ZWE;Zimbabwe;USD million
01/11/06;ICT;1,997409859;0,743430824;0,318818482;1,572797517;ZWE;Zimbabwe;USD million
01/11/06;Tourism;12,13760487;4,43885127;2,584202944;10,28295654;ZWE;Zimbabwe;USD million
01/11/06;Transport;11,93351072;2,420851116;3,241638885;12,75429848;ZWE;Zimbabwe;USD million
01/11/06;Other;3,210887886;0,220879615;0,49347287;3,483481141;ZWE;Zimbabwe;USD million
01/12/06;Mining;2,536710613;0,15238014;0,165730847;2,55006132;ZWE;Zimbabwe;USD million
01/12/06;Manufacturing;5,887464828;1,184341962;0,400053847;5,103176713;ZWE;Zimbabwe;USD million
01/12/06;Agriculture;2,551627694;0,822934153;0,224952214;1,953645754;ZWE;Zimbabwe;USD million
01/12/06;Energy;3,809345962;1,121129204;0,758335124;3,446551882;ZWE;Zimbabwe;USD million
01/12/06;Finance;7,389448745;2,625182528;0,46184413;5,226110348;ZWE;Zimbabwe;USD million
01/12/06;ICT;3,17319497;0,813061355;0,959284668;3,319418283;ZWE;Zimbabwe;USD million
01/12/06;Tourism;5,645635306;1,973226406;0,925554563;4,597963463;ZWE;Zimbabwe;USD million
01/12/06;Transport;8,322931776;2,408459397;1,559972875;7,474445255;ZWE;Zimbabwe;USD million
01/12/06;Other;2,577324249;0,81377394;0,529365319;2,292915628;ZWE;Zimbabwe;USD million
01/01/07;Mining;8,74338951;2,633958623;2,731967826;8,841398713;ZWE;Zimbabwe;USD million
01/01/07;Manufacturing;1,478632065;0,491612739;0,26288685;1,249906175;ZWE;Zimbabwe;USD million
01/01/07;Agriculture;8,929027744;2,48450739;1,003304617;7,447824971;ZWE;Zimbabwe;USD million
01/01/07;Energy;4,431141119;1,423422841;0,811827522;3,8195458;ZWE;Zimbabwe;USD million
01/01/07;Finance;4,879744871;0,472790506;1,684534434;6,091488799;ZWE;Zimbabwe;USD million
01/01/07;ICT;6,004949369;0,788601786;0,712451721;5,928799303;ZWE;Zimbabwe;USD million
01/01/07;Tourism;9,459175781;1,127873302;1,665688456;9,996990935;ZWE;Zimbabwe;USD million
01/01/07;Transport;1,875104489;0,29673236;0,215302695;1,793674824;ZWE;Zimbabwe;USD million
01/01/07;Other;8,275397693;0,444630897;2,302515669;10,13328247;ZWE;Zimbabwe;USD million
01/02/07;Mining;3,584358519;0,864488939;0,669758972;3,389628552;ZWE;Zimbabwe;USD million
01/02/07;Manufacturing;7,053171978;2,384514038;0,788215325;5,456873265;ZWE;Zimbabwe;USD million
01/02/07;Agriculture;4,998689932;1,544409513;1,292392448;4,746672867;ZWE;Zimbabwe;USD million
01/02/07;Energy;4,190637607;1,453286445;1,273529612;4,010880774;ZWE;Zimbabwe;USD million
01/02/07;Finance;7,394515124;2,003206196;1,750023381;7,141332309;ZWE;Zimbabwe;USD million
01/02/07;ICT;2,120396146;0,81568844;0,385490775;1,690198481;ZWE;Zimbabwe;USD million
01/02/07;Tourism;1,685573906;0,331478317;0,181433537;1,535529126;ZWE;Zimbabwe;USD million
01/02/07;Transport;6,038962341;1,491789603;0,665967503;5,213140242;ZWE;Zimbabwe;USD million
01/02/07;Other;4,898897259;0,726896788;0,288571139;4,46057161;ZWE;Zimbabwe;USD million
01/03/07;Mining;8,817421616;2,028905733;2,836622296;9,625138179;ZWE;Zimbabwe;USD million
01/03/07;Manufacturing;3,231775165;0,969991247;1,074944433;3,336728351;ZWE;Zimbabwe;USD million
01/03/07;Agriculture;2,781081944;0,526438992;0,674931448;2,929574399;ZWE;Zimbabwe;USD million
01/03/07;Energy;7,63684341;1,601412569;1,871164234;7,906595076;ZWE;Zimbabwe;USD million
01/03/07;Finance;6,120450582;2,252082049;0,33187635;4,200244883;ZWE;Zimbabwe;USD million
01/03/07;ICT;0,971236274;0,326969319;0,234749802;0,879016757;ZWE;Zimbabwe;USD million
01/03/07;Tourism;6,864387451;1,222976365;0,624808976;6,266220062;ZWE;Zimbabwe;USD million
01/03/07;Transport;7,124222404;0,807048725;2,478019966;8,795193646;ZWE;Zimbabwe;USD million
01/03/07;Other;7,370727523;0,622609213;1,795857034;8,543975344;ZWE;Zimbabwe;USD million
01/04/07;Mining;6,887446735;0,625200248;2,164551833;8,42679832;ZWE;Zimbabwe;USD million
01/04/07;Manufacturing;2,564729667;1,017129643;0,741404007;2,289004031;ZWE;Zimbabwe;USD million
01/04/07;Agriculture;8,583270737;1,310326725;1,599838077;8,872782088;ZWE;Zimbabwe;USD million
01/04/07;Energy;7,874787965;1,572342699;1,082792102;7,385237368;ZWE;Zimbabwe;USD million
01/04/07;Finance;8,40872465;2,123253814;1,999267915;8,28473875;ZWE;Zimbabwe;USD million
01/04/07;ICT;2,014482031;0,582531403;0,250468809;1,682419437;ZWE;Zimbabwe;USD million
01/04/07;Tourism;3,298791393;0,680105649;0,539041216;3,157726961;ZWE;Zimbabwe;USD million
01/04/07;Transport;3,686282151;0,90677153;1,170582377;3,950092998;ZWE;Zimbabwe;USD million
01/04/07;Other;1,166724606;0,37029517;0,173510809;0,969940245;ZWE;Zimbabwe;USD million
01/05/07;Mining;1,390770296;0,101513814;0,185140133;1,474396615;ZWE;Zimbabwe;USD million
01/05/07;Manufacturing;9,031409892;3,3651104;2,800013871;8,466313363;ZWE;Zimbabwe;USD million
01/05/07;Agriculture;3,218009437;1,058257857;0,849806811;3,00955839;ZWE;Zimbabwe;USD million
01/05/07;Energy;1,95071581;0,294462682;0,316702304;1,972955433;ZWE;Zimbabwe;USD million
01/05/07;Finance;4,494796993;1,590127053;0,380250084;3,284920024;ZWE;Zimbabwe;USD million
01/05/07;ICT;4,106411091;0,495505546;0,476183613;4,087089158;ZWE;Zimbabwe;USD million
01/05/07;Tourism;1,888158319;0,196691055;0,584547197;2,276014461;ZWE;Zimbabwe;USD million
01/05/07;Transport;10,41177874;2,360994664;0,520852535;8,57163661;ZWE;Zimbabwe;USD million
01/05/07;Other;2,417926559;0,672878055;0,719028212;2,464076716;ZWE;Zimbabwe;USD million
01/06/07;Mining;5,322791221;1,370440558;0,470634096;4,422984759;ZWE;Zimbabwe;USD million
01/06/07;Manufacturing;8,1987258;3,139683789;1,801701917;6,860743929;ZWE;Zimbabwe;USD million
01/06/07;Agriculture;8,581079469;0,464699155;2,410672333;10,52705265;ZWE;Zimbabwe;USD million
01/06/07;Energy;3,135947943;1,052378327;1,037438938;3,121008554;ZWE;Zimbabwe;USD million
01/06/07;Finance;5,878403276;1,603964277;0,818711305;5,093150304;ZWE;Zimbabwe;USD million
01/06/07;ICT;1,689183075;0,256998859;0,162014258;1,594198474;ZWE;Zimbabwe;USD million
01/06/07;Tourism;8,532729305;0,673589887;1,499261545;9,358400963;ZWE;Zimbabwe;USD million
01/06/07;Transport;5,10976846;1,968451303;1,338670388;4,479987544;ZWE;Zimbabwe;USD million
01/06/07;Other;4,080063313;0,485950037;0,254186057;3,848299333;ZWE;Zimbabwe;USD million
01/07/07;Mining;8,901736219;2,044317202;0,499900031;7,357319047;ZWE;Zimbabwe;USD million
01/07/07;Manufacturing;2,372428471;0,811806145;0,5504864;2,111108726;ZWE;Zimbabwe;USD million
01/07/07;Agriculture;7,689955627;2,928626526;1,816625173;6,577954274;ZWE;Zimbabwe;USD million
01/07/07;Energy;2,58523283;0,652558386;0,3381616;2,270836044;ZWE;Zimbabwe;USD million
01/07/07;Finance;9,551137734;1,387110087;0,883747858;9,047775505;ZWE;Zimbabwe;USD million
01/07/07;ICT;1,973977891;0,537530338;0,663376459;2,099824011;ZWE;Zimbabwe;USD million
01/07/07;Tourism;5,4521206;0,783127414;1,559667749;6,228660935;ZWE;Zimbabwe;USD million
01/07/07;Transport;2,97391764;0,926642078;0,171642508;2,21891807;ZWE;Zimbabwe;USD million
01/07/07;Other;4,673039387;1,466711438;0,726339976;3,932667924;ZWE;Zimbabwe;USD million
01/08/07;Mining;4,915945469;1,866555284;0,48749087;3,536881054;ZWE;Zimbabwe;USD million
01/08/07;Manufacturing;7,137677746;0,43583183;0,946444232;7,648290147;ZWE;Zimbabwe;USD million
01/08/07;Agriculture;8,510797126;0,530826391;0,761610522;8,741581258;ZWE;Zimbabwe;USD million
01/08/07;Energy;3,725610869;1,467578145;0,539215686;2,79724841;ZWE;Zimbabwe;USD million
01/08/07;Finance;6,202964787;1,863162885;0,559171928;4,89897383;ZWE;Zimbabwe;USD million
01/08/07;ICT;9,125491562;0,561746009;3,128445972;11,69219152;ZWE;Zimbabwe;USD million
01/08/07;Tourism;2,560697441;0,63933881;0,570171382;2,491530013;ZWE;Zimbabwe;USD million
01/08/07;Transport;7,351382348;2,592940968;2,361726324;7,120167705;ZWE;Zimbabwe;USD million
01/08/07;Other;7,595571961;1,42282492;2,125974332;8,298721373;ZWE;Zimbabwe;USD million
01/09/07;Mining;5,085760259;1,710833239;0,318850639;3,693777659;ZWE;Zimbabwe;USD million
01/09/07;Manufacturing;5,038893991;0,797538639;0,747367153;4,988722505;ZWE;Zimbabwe;USD million
01/09/07;Agriculture;3,037970516;0,648662471;0,815418665;3,20472671;ZWE;Zimbabwe;USD million
01/09/07;Energy;5,009079861;0,532530718;0,343691197;4,82024034;ZWE;Zimbabwe;USD million
01/09/07;Finance;5,669026509;2,15030748;1,870822109;5,389541138;ZWE;Zimbabwe;USD million
01/09/07;ICT;1,109318191;0,279689852;0,16426099;0,993889329;ZWE;Zimbabwe;USD million
01/09/07;Tourism;4,729451133;0,748806898;0,844602398;4,825246633;ZWE;Zimbabwe;USD million
01/09/07;Transport;1,594315362;0,236335012;0,377689606;1,735669955;ZWE;Zimbabwe;USD million
01/09/07;Other;2,151642918;0,631346009;0,17430077;1,694597679;ZWE;Zimbabwe;USD million
01/10/07;Mining;10,93995111;3,425061311;1,749165344;9,264055142;ZWE;Zimbabwe;USD million
01/10/07;Manufacturing;6,632047199;2,402598275;0,555020143;4,784469067;ZWE;Zimbabwe;USD million
01/10/07;Agriculture;3,490554117;0,545690454;0,219693072;3,164556735;ZWE;Zimbabwe;USD million
01/10/07;Energy;9,873964643;3,10669584;3,274531951;10,04180075;ZWE;Zimbabwe;USD million
01/10/07;Finance;1,329081924;0,309847845;0,079624885;1,098858964;ZWE;Zimbabwe;USD million
01/10/07;ICT;3,844812788;1,310421781;1,064309468;3,598700475;ZWE;Zimbabwe;USD million
01/10/07;Tourism;3,529149946;0,361921772;0,631515664;3,798743837;ZWE;Zimbabwe;USD million
01/10/07;Transport;12,29178332;2,49089363;1,942267712;11,7431574;ZWE;Zimbabwe;USD million
01/10/07;Other;6,012816862;2,311486105;1,588647519;5,289978276;ZWE;Zimbabwe;USD million
01/11/07;Mining;6,515308694;2,135099681;0,398448866;4,77865788;ZWE;Zimbabwe;USD million
01/11/07;Manufacturing;5,47728566;0,926864246;1,349006174;5,899427587;ZWE;Zimbabwe;USD million
01/11/07;Agriculture;5,059432191;0,826219674;0,981010723;5,214223241;ZWE;Zimbabwe;USD million
01/11/07;Energy;3,663494076;0,244804952;1,067874731;4,486563854;ZWE;Zimbabwe;USD million
01/11/07;Finance;3,081612711;1,15969998;0,633679448;2,555592179;ZWE;Zimbabwe;USD million
01/11/07;ICT;4,500908572;0,715712733;1,055964049;4,841159888;ZWE;Zimbabwe;USD million
01/11/07;Tourism;3,841234943;1,31499422;0,982826066;3,50906679;ZWE;Zimbabwe;USD million
01/11/07;Transport;9,399902387;2,064208627;1,662802531;8,998496291;ZWE;Zimbabwe;USD million
01/11/07;Other;5,903087599;0,651880963;1,36494651;6,616153146;ZWE;Zimbabwe;USD million
01/12/07;Mining;11,49976327;3,089842349;0,825592861;9,235513785;ZWE;Zimbabwe;USD million
01/12/07;Manufacturing;4,473420189;1,672408717;0,701954996;3,502966468;ZWE;Zimbabwe;USD million
01/12/07;Agriculture;6,435213383;0,759994358;0,839190647;6,514409673;ZWE;Zimbabwe;USD million
01/12/07;Energy;9,628685087;2,938596241;1,830556754;8,5206456;ZWE;Zimbabwe;USD million
01/12/07;Finance;6,60882911;1,653509741;0,340418516;5,295737885;ZWE;Zimbabwe;USD million
01/12/07;ICT;7,144527611;1,488823767;2,470053657;8,125757501;ZWE;Zimbabwe;USD million
01/12/07;Tourism;2,173178814;0,735475584;0,531562351;1,969265581;ZWE;Zimbabwe;USD million
01/12/07;Transport;4,394403714;0,796793851;0,227232905;3,824842769;ZWE;Zimbabwe;USD million
01/12/07;Other;7,800832044;2,696663508;2,165853004;7,270021541;ZWE;Zimbabwe;USD million
01/01/08;Mining;9,864166556;2,338858255;1,666426629;9,19173493;ZWE;Zimbabwe;USD million
01/01/08;Manufacturing;4,661016541;1,504676076;1,472505186;4,628845651;ZWE;Zimbabwe;USD million
01/01/08;Agriculture;2,907149556;0,412787299;0,508758177;3,003120434;ZWE;Zimbabwe;USD million
01/01/08;Energy;10,21991579;2,284600329;1,711540762;9,646856225;ZWE;Zimbabwe;USD million
01/01/08;Finance;3,958837379;1,323927393;1,377081554;4,011991539;ZWE;Zimbabwe;USD million
01/01/08;ICT;2,645889201;0,665140582;0,318098481;2,2988471;ZWE;Zimbabwe;USD million
01/01/08;Tourism;6,00090706;1,604152779;1,150819854;5,547574135;ZWE;Zimbabwe;USD million
01/01/08;Transport;1,375528613;0,385174224;0,477029973;1,467384362;ZWE;Zimbabwe;USD million
01/01/08;Other;4,811912238;0,489094162;0,601916416;4,924734491;ZWE;Zimbabwe;USD million
01/02/08;Mining;4,944015609;1,676724453;1,381905586;4,649196743;ZWE;Zimbabwe;USD million
01/02/08;Manufacturing;7,410061279;0,840356167;1,855320998;8,425026109;ZWE;Zimbabwe;USD million
01/02/08;Agriculture;2,279441921;0,648880343;0,217751593;1,848313171;ZWE;Zimbabwe;USD million
01/02/08;Energy;2,4708609;0,179910849;0,508400904;2,799350955;ZWE;Zimbabwe;USD million
01/02/08;Finance;3,604684544;0,984430056;0,47780055;3,098055037;ZWE;Zimbabwe;USD million
01/02/08;ICT;6,559675186;1,791970512;0,59137445;5,359079123;ZWE;Zimbabwe;USD million
01/02/08;Tourism;6,537714698;1,709478783;0,548232676;5,376468591;ZWE;Zimbabwe;USD million
01/02/08;Transport;1,312668244;0,488462531;0,155717912;0,979923625;ZWE;Zimbabwe;USD million
01/02/08;Other;3,924492724;0,458037192;0,229117053;3,695572585;ZWE;Zimbabwe;USD million
01/03/08;Mining;6,891472408;0,771099127;2,407533522;8,527906803;ZWE;Zimbabwe;USD million
01/03/08;Manufacturing;7,555591999;2,904355526;2,29937533;6,950611804;ZWE;Zimbabwe;USD million
01/03/08;Agriculture;5,9824502;2,194404366;0,432298732;4,220344566;ZWE;Zimbabwe;USD million
01/03/08;Energy;2,543770974;0,321156227;0,365527433;2,58814218;ZWE;Zimbabwe;USD million
01/03/08;Finance;4,163962747;0,632420879;0,741316609;4,272858478;ZWE;Zimbabwe;USD million
01/03/08;ICT;9,479153917;3,710638493;2,348099003;8,116614427;ZWE;Zimbabwe;USD million
01/03/08;Tourism;4,884684979;1,75226704;0,531122362;3,663540301;ZWE;Zimbabwe;USD million
01/03/08;Transport;4,417091821;1,621819365;1,069550893;3,864823349;ZWE;Zimbabwe;USD million
01/03/08;Other;3,365807281;0,549932749;0,984403248;3,80027778;ZWE;Zimbabwe;USD million
01/04/08;Mining;6,951860929;1,037980732;1,036603723;6,95048392;ZWE;Zimbabwe;USD million
01/04/08;Manufacturing;1,403579641;0,511423916;0,146737045;1,03889277;ZWE;Zimbabwe;USD million
01/04/08;Agriculture;1,909523375;0,163809847;0,113684313;1,859397841;ZWE;Zimbabwe;USD million
01/04/08;Energy;6,036838685;1,406868922;1,532984745;6,162954509;ZWE;Zimbabwe;USD million
01/04/08;Finance;6,493348934;2,156885859;0,971943677;5,308406752;ZWE;Zimbabwe;USD million
01/04/08;ICT;5,586455485;1,242978786;1,716851267;6,060327967;ZWE;Zimbabwe;USD million
01/04/08;Tourism;3,535252046;0,441513886;1,013668324;4,107406485;ZWE;Zimbabwe;USD million
01/04/08;Transport;12,31065321;0,631654724;3,459769703;15,13876819;ZWE;Zimbabwe;USD million
01/04/08;Other;2,154198305;0,323513621;0,241996169;2,072680854;ZWE;Zimbabwe;USD million
01/05/08;Mining;4,698324517;1,796393618;0,777565233;3,679496132;ZWE;Zimbabwe;USD million
01/05/08;Manufacturing;13,94960704;2,491648165;2,346098441;13,80405732;ZWE;Zimbabwe;USD million
01/05/08;Agriculture;6,083634688;1,174634826;0,484859616;5,393859479;ZWE;Zimbabwe;USD million
01/05/08;Energy;1,882166319;0,586553542;0,155074078;1,450686855;ZWE;Zimbabwe;USD million
01/05/08;Finance;2,623622998;0,332025443;0,276917026;2,56851458;ZWE;Zimbabwe;USD million
01/05/08;ICT;2,216072783;0,21255636;0,356628199;2,360144622;ZWE;Zimbabwe;USD million
01/05/08;Tourism;4,272279075;1,201076174;1,236966046;4,308168946;ZWE;Zimbabwe;USD million
01/05/08;Transport;6,56450935;2,581995789;1,447195299;5,42970886;ZWE;Zimbabwe;USD million
01/05/08;Other;4,015316397;0,358403248;0,874996195;4,531909344;ZWE;Zimbabwe;USD million
01/06/08;Mining;7,792626083;2,132187284;0,948937834;6,609376633;ZWE;Zimbabwe;USD million
01/06/08;Manufacturing;1,337653376;0,305894869;0,420266277;1,452024784;ZWE;Zimbabwe;USD million
01/06/08;Agriculture;13,04377062;0,820826723;3,762690578;15,98563447;ZWE;Zimbabwe;USD million
01/06/08;Energy;5,867699956;0,815867598;0,515576654;5,567409012;ZWE;Zimbabwe;USD million
01/06/08;Finance;8,49964881;1,102050387;1,75830198;9,155900403;ZWE;Zimbabwe;USD million
01/06/08;ICT;8,291099428;1,303952166;0,580626764;7,567774026;ZWE;Zimbabwe;USD million
01/06/08;Tourism;5,208740187;2,040726154;0,648060734;3,816074768;ZWE;Zimbabwe;USD million
01/06/08;Transport;4,444300115;1,11264053;0,380899561;3,712559145;ZWE;Zimbabwe;USD million
01/06/08;Other;4,874349837;1,535086679;0,935072365;4,274335523;ZWE;Zimbabwe;USD million
01/07/08;Mining;2,976160101;0,856500235;0,951471048;3,071130915;ZWE;Zimbabwe;USD million
01/07/08;Manufacturing;11,2066463;4,087644803;3,147618762;10,26662026;ZWE;Zimbabwe;USD million
01/07/08;Agriculture;6,533540965;0,902947888;1,007763175;6,638356252;ZWE;Zimbabwe;USD million
01/07/08;Energy;3,298500675;1,134653195;0,966166421;3,1300139;ZWE;Zimbabwe;USD million
01/07/08;Finance;3,402462111;0,328162626;0,816663048;3,890962533;ZWE;Zimbabwe;USD million
01/07/08;ICT;5,270839254;0,928815983;1,502207425;5,844230695;ZWE;Zimbabwe;USD million
01/07/08;Tourism;7,793370218;3,005436537;1,158724612;5,946658293;ZWE;Zimbabwe;USD million
01/07/08;Transport;1,718071388;0,650272371;0,223820005;1,291619022;ZWE;Zimbabwe;USD million
01/07/08;Other;4,280197443;0,67693934;1,364718629;4,967976732;ZWE;Zimbabwe;USD million
01/08/08;Mining;7,934587359;1,9812789;2,078862989;8,032171448;ZWE;Zimbabwe;USD million
01/08/08;Manufacturing;5,883665911;2,060172198;1,929522095;5,753015809;ZWE;Zimbabwe;USD million
01/08/08;Agriculture;9,248311049;3,291216552;2,332794538;8,289889034;ZWE;Zimbabwe;USD million
01/08/08;Energy;4,003654718;0,717879178;0,928819815;4,214595355;ZWE;Zimbabwe;USD million
01/08/08;Finance;2,888292057;0,921860532;0,420327956;2,38675948;ZWE;Zimbabwe;USD million
01/08/08;ICT;6,741623313;0,833436865;1,528380095;7,436566543;ZWE;Zimbabwe;USD million
01/08/08;Tourism;3,038087265;0,650881222;0,500996832;2,888202875;ZWE;Zimbabwe;USD million
01/08/08;Transport;4,745480593;1,415856417;1,580902598;4,910526774;ZWE;Zimbabwe;USD million
01/08/08;Other;3,568537019;0,339176176;0,214866388;3,444227232;ZWE;Zimbabwe;USD million
01/09/08;Mining;5,607682633;0,523387319;0,870079989;5,954375302;ZWE;Zimbabwe;USD million
01/09/08;Manufacturing;4,732539747;1,487254829;0,659132466;3,904417384;ZWE;Zimbabwe;USD million
01/09/08;Agriculture;2,882369587;0,52267481;0,152752115;2,512446892;ZWE;Zimbabwe;USD million
01/09/08;Energy;4,531018209;1,106457206;1,424114141;4,848675144;ZWE;Zimbabwe;USD million
01/09/08;Finance;2,28590494;0,871664416;0,163727202;1,577967727;ZWE;Zimbabwe;USD million
01/09/08;ICT;10,91828722;2,710206364;3,769501216;11,97758207;ZWE;Zimbabwe;USD million
01/09/08;Tourism;4,845558366;1,233510933;0,275503711;3,887551144;ZWE;Zimbabwe;USD million
01/09/08;Transport;7,937150539;0,894072726;2,20721875;9,250296563;ZWE;Zimbabwe;USD million
01/09/08;Other;6,193939928;0,901520056;1,263475123;6,555894995;ZWE;Zimbabwe;USD million
01/10/08;Mining;1,75202244;0,573142678;0,484905117;1,66378488;ZWE;Zimbabwe;USD million
01/10/08;Manufacturing;8,155246211;2,631642998;2,489745285;8,013348498;ZWE;Zimbabwe;USD million
01/10/08;Agriculture;7,150594759;0,971784442;1,115331201;7,294141518;ZWE;Zimbabwe;USD million
01/10/08;Energy;4,187611667;1,290156321;0,833658467;3,731113814;ZWE;Zimbabwe;USD million
01/10/08;Finance;2,011051611;0,157796935;0,328836015;2,182090692;ZWE;Zimbabwe;USD million
01/10/08;ICT;7,768928875;2,792469222;1,597506779;6,573966432;ZWE;Zimbabwe;USD million
01/10/08;Tourism;4,043390224;0,927716669;0,939055718;4,054729273;ZWE;Zimbabwe;USD million
01/10/08;Transport;5,916381381;1,639187519;1,266391628;5,54358549;ZWE;Zimbabwe;USD million
01/10/08;Other;8,656258483;1,359084711;1,526437394;8,823611166;ZWE;Zimbabwe;USD million
01/11/08;Mining;6,618169836;1,738053096;0,344231734;5,224348474;ZWE;Zimbabwe;USD million
01/11/08;Manufacturing;2,377132173;0,343913159;0,646280098;2,679499112;ZWE;Zimbabwe;USD million
01/11/08;Agriculture;4,261960632;1,083500129;1,355275197;4,533735701;ZWE;Zimbabwe;USD million
01/11/08;Energy;6,515056585;2,470201802;2,104979003;6,149833786;ZWE;Zimbabwe;USD million
01/11/08;Finance;3,566310927;1,301265423;0,405455148;2,670500652;ZWE;Zimbabwe;USD million
01/11/08;ICT;1,646503894;0,410675636;0,269003122;1,50483138;ZWE;Zimbabwe;USD million
01/11/08;Tourism;2,132633764;0,643502362;0,396139568;1,885270969;ZWE;Zimbabwe;USD million
01/11/08;Transport;1,551880672;0,404656797;0,302400031;1,449623906;ZWE;Zimbabwe;USD million
01/11/08;Other;4,668536987;1,232184904;0,967657588;4,404009671;ZWE;Zimbabwe;USD million
01/12/08;Mining;7,621759557;1,759929512;2,442655075;8,30448512;ZWE;Zimbabwe;USD million
01/12/08;Manufacturing;3,141061491;1,175882912;1,02487834;2,990056919;ZWE;Zimbabwe;USD million
01/12/08;Agriculture;4,262371782;0,632717844;0,513128244;4,142782182;ZWE;Zimbabwe;USD million
01/12/08;Energy;5,428803595;1,016708798;0,417244019;4,829338815;ZWE;Zimbabwe;USD million
01/12/08;Finance;3,000645313;0,875573405;1,004008891;3,129080799;ZWE;Zimbabwe;USD million
01/12/08;ICT;4,037686105;0,261828015;0,528091157;4,303949247;ZWE;Zimbabwe;USD million
01/12/08;Tourism;4,158458807;1,13121232;0,350859224;3,378105711;ZWE;Zimbabwe;USD million
01/12/08;Transport;6,333395058;2,329495181;0,661788518;4,665688395;ZWE;Zimbabwe;USD million
01/12/08;Other;4,453434651;1,602572812;1,498487826;4,349349665;ZWE;Zimbabwe;USD million
01/01/09;Mining;6,138974166;2,36570473;1,953652419;5,726921855;ZWE;Zimbabwe;USD million
01/01/09;Manufacturing;2,770566616;0,166594373;0,730168864;3,334141106;ZWE;Zimbabwe;USD million
01/01/09;Agriculture;8,097898431;1,50004886;2,782002857;9,379852428;ZWE;Zimbabwe;USD million
01/01/09;Energy;4,304726237;0,540115189;1,101711764;4,866322811;ZWE;Zimbabwe;USD million
01/01/09;Finance;12,52100241;4,95195887;2,308662459;9,877705997;ZWE;Zimbabwe;USD million
01/01/09;ICT;3,591892885;1,197622023;0,709844124;3,104114986;ZWE;Zimbabwe;USD million
01/01/09;Tourism;5,315230322;2,119458517;1,042076718;4,237848523;ZWE;Zimbabwe;USD million
01/01/09;Transport;10,27210301;1,149650288;2,415631636;11,53808435;ZWE;Zimbabwe;USD million
01/01/09;Other;5,468811402;1,521014267;1,29776059;5,245557724;ZWE;Zimbabwe;USD million
01/02/09;Mining;9,316768818;0,961116635;2,422387367;10,77803955;ZWE;Zimbabwe;USD million
01/02/09;Manufacturing;7,728926361;2,354226644;2,274766998;7,649466716;ZWE;Zimbabwe;USD million
01/02/09;Agriculture;4,799452279;1,647233367;0,670889561;3,823108474;ZWE;Zimbabwe;USD million
01/02/09;Energy;2,306212603;0,388817791;0,410088967;2,327483779;ZWE;Zimbabwe;USD million
01/02/09;Finance;7,688079934;2,792919252;0,929104651;5,824265333;ZWE;Zimbabwe;USD million
01/02/09;ICT;9,397769397;1,052012015;3,003054478;11,34881186;ZWE;Zimbabwe;USD million
01/02/09;Tourism;3,336737451;1,012828898;0,983433233;3,307341786;ZWE;Zimbabwe;USD million
01/02/09;Transport;2,244858734;0,556753217;0,621564758;2,309670275;ZWE;Zimbabwe;USD million
01/02/09;Other;14,30675226;3,612095146;3,76256753;14,45722464;ZWE;Zimbabwe;USD million
01/03/09;Mining;6,414870442;1,284621951;0,701390206;5,831638697;ZWE;Zimbabwe;USD million
01/03/09;Manufacturing;4,633449573;1,181405781;1,231442785;4,683486577;ZWE;Zimbabwe;USD million
01/03/09;Agriculture;7,021486556;1,625067727;0,548421877;5,944840706;ZWE;Zimbabwe;USD million
01/03/09;Energy;1,37323746;0,136635143;0,253448932;1,490051248;ZWE;Zimbabwe;USD million
01/03/09;Finance;4,906202809;1,696808378;1,4107673;4,620161731;ZWE;Zimbabwe;USD million
01/03/09;ICT;8,943751413;2,903496297;2,045026736;8,085281853;ZWE;Zimbabwe;USD million
01/03/09;Tourism;5,552993989;1,600685513;1,166793655;5,119102132;ZWE;Zimbabwe;USD million
01/03/09;Transport;1,990480722;0,693058184;0,185299037;1,482721575;ZWE;Zimbabwe;USD million
01/03/09;Other;3,244528768;0,878264223;0,726812644;3,093077189;ZWE;Zimbabwe;USD million
01/04/09;Mining;6,353039668;1,084953253;1,423585134;6,691671549;ZWE;Zimbabwe;USD million
01/04/09;Manufacturing;10,6034999;3,726855921;1,287085061;8,163729036;ZWE;Zimbabwe;USD million
01/04/09;Agriculture;3,943508984;0,932878884;1,355729091;4,366359192;ZWE;Zimbabwe;USD million
01/04/09;Energy;7,921402073;1,460167226;1,471691758;7,932926605;ZWE;Zimbabwe;USD million
01/04/09;Finance;4,883889977;1,566002086;0,953615;4,271502891;ZWE;Zimbabwe;USD million
01/04/09;ICT;5,901347156;1,211599192;1,225084964;5,914832928;ZWE;Zimbabwe;USD million
01/04/09;Tourism;6,859213991;1,426771418;1,095132107;6,527574681;ZWE;Zimbabwe;USD million
01/04/09;Transport;6,13269047;0,626530054;1,708943495;7,215103911;ZWE;Zimbabwe;USD million
01/04/09;Other;5,923925216;0,804992;0,394864395;5,513797611;ZWE;Zimbabwe;USD million
01/05/09;Mining;4,472250965;1,366129548;0,662674308;3,768795725;ZWE;Zimbabwe;USD million
01/05/09;Manufacturing;3,150075638;0,891208211;0,540637826;2,799505252;ZWE;Zimbabwe;USD million
01/05/09;Agriculture;2,665692093;0,755403064;0,832052785;2,742341815;ZWE;Zimbabwe;USD million
01/05/09;Energy;1,581879062;0,552883908;0,399401059;1,428396213;ZWE;Zimbabwe;USD million
01/05/09;Finance;11,01726979;1,424435705;1,55427705;11,14711113;ZWE;Zimbabwe;USD million
01/05/09;ICT;8,175142721;1,489977886;2,198492898;8,883657733;ZWE;Zimbabwe;USD million
01/05/09;Tourism;6,996748814;1,977791167;1,821321612;6,840279258;ZWE;Zimbabwe;USD million
01/05/09;Transport;3,582964486;0,254830814;0,339167646;3,667301318;ZWE;Zimbabwe;USD million
01/05/09;Other;10,72371002;0,982139995;3,576505934;13,31807596;ZWE;Zimbabwe;USD million
01/06/09;Mining;2,670579319;0,928865581;0,847323479;2,589037218;ZWE;Zimbabwe;USD million
01/06/09;Manufacturing;6,962850768;0,970613586;0,412849403;6,405086585;ZWE;Zimbabwe;USD million
01/06/09;Agriculture;5,379698642;0,779536161;0,822561812;5,422724294;ZWE;Zimbabwe;USD million
01/06/09;Energy;4,766990814;1,501076814;0,767656645;4,033570645;ZWE;Zimbabwe;USD million
01/06/09;Finance;3,726956716;1,461732633;1,005493105;3,270717187;ZWE;Zimbabwe;USD million
01/06/09;ICT;3,426274234;0,598929508;0,897657493;3,725002219;ZWE;Zimbabwe;USD million
01/06/09;Tourism;2,849026814;0,998718672;0,597836043;2,448144186;ZWE;Zimbabwe;USD million
01/06/09;Transport;1,719235215;0,582497318;0,08987577;1,226613667;ZWE;Zimbabwe;USD million
01/06/09;Other;2,655955259;0,542172674;0,436534188;2,550316773;ZWE;Zimbabwe;USD million
01/07/09;Mining;2,236837312;0,177488176;0,710320942;2,769670079;ZWE;Zimbabwe;USD million
01/07/09;Manufacturing;4,065446519;1,55810754;0,234196952;2,741535931;ZWE;Zimbabwe;USD million
01/07/09;Agriculture;6,059197535;1,889135299;0,820375344;4,990437581;ZWE;Zimbabwe;USD million
01/07/09;Energy;2,790610342;0,683901327;0,774379076;2,881088091;ZWE;Zimbabwe;USD million
01/07/09;Finance;6,140589011;1,137408231;0,60084432;5,604025101;ZWE;Zimbabwe;USD million
01/07/09;ICT;4,955686494;1,365215706;1,601744982;5,19221577;ZWE;Zimbabwe;USD million
01/07/09;Tourism;4,28026881;0,934873813;0,764695468;4,110090465;ZWE;Zimbabwe;USD million
01/07/09;Transport;1,25238432;0,473763886;0,175525163;0,954145597;ZWE;Zimbabwe;USD million
01/07/09;Other;4,619216734;1,329099522;0,544483342;3,834600554;ZWE;Zimbabwe;USD million
01/08/09;Mining;2,368077238;0,446514632;0,445337358;2,366899964;ZWE;Zimbabwe;USD million
01/08/09;Manufacturing;2,121519074;0,718147815;0,465923661;1,86929492;ZWE;Zimbabwe;USD million
01/08/09;Agriculture;8,278740012;0,660778124;1,18834624;8,806308128;ZWE;Zimbabwe;USD million
01/08/09;Energy;4,747550194;0,721205626;1,370772133;5,397116701;ZWE;Zimbabwe;USD million
01/08/09;Finance;8,436540618;2,482378054;0,819801634;6,773964198;ZWE;Zimbabwe;USD million
01/08/09;ICT;5,576565462;1,288913924;1,544117573;5,831769111;ZWE;Zimbabwe;USD million
01/08/09;Tourism;4,584810486;1,404561739;0,659321695;3,839570442;ZWE;Zimbabwe;USD million
01/08/09;Transport;7,501071699;2,834426803;1,895337592;6,561982488;ZWE;Zimbabwe;USD million
01/08/09;Other;6,054187283;1,65112283;1,499538844;5,902603297;ZWE;Zimbabwe;USD million
01/09/09;Mining;7,683989933;2,027116333;2,649883137;8,306756737;ZWE;Zimbabwe;USD million
01/09/09;Manufacturing;7,835161475;1,786110765;1,348167455;7,397218164;ZWE;Zimbabwe;USD million
01/09/09;Agriculture;3,573791041;1,421062537;0,932294201;3,085022706;ZWE;Zimbabwe;USD million
01/09/09;Energy;5,479578984;0,482477004;0,781196711;5,778298691;ZWE;Zimbabwe;USD million
01/09/09;Finance;7,278853392;1,719282249;1,408641771;6,968212915;ZWE;Zimbabwe;USD million
01/09/09;ICT;7,623190568;2,484249769;0,783214646;5,922155446;ZWE;Zimbabwe;USD million
01/09/09;Tourism;4,509931194;1,11650729;0,283104285;3,676528189;ZWE;Zimbabwe;USD million
01/09/09;Transport;10,41328379;1,378829861;2,888399724;11,92285365;ZWE;Zimbabwe;USD million
01/09/09;Other;6,541045675;1,25109006;2,063430224;7,353385839;ZWE;Zimbabwe;USD million
01/10/09;Mining;7,074187776;1,517162833;1,166326544;6,723351487;ZWE;Zimbabwe;USD million
01/10/09;Manufacturing;6,219720444;0,478689017;0,738394008;6,479425436;ZWE;Zimbabwe;USD million
01/10/09;Agriculture;5,704980091;1,190075772;0,291871793;4,806776112;ZWE;Zimbabwe;USD million
01/10/09;Energy;5,499172187;1,531272499;1,916264874;5,884164562;ZWE;Zimbabwe;USD million
01/10/09;Finance;7,241071208;0,469815801;0,937070567;7,708325975;ZWE;Zimbabwe;USD million
01/10/09;ICT;3,581572887;1,302778868;0,315276938;2,594070957;ZWE;Zimbabwe;USD million
01/10/09;Tourism;4,624404994;0,503732626;0,986725706;5,107398074;ZWE;Zimbabwe;USD million
01/10/09;Transport;3,916267182;0,219154239;0,498342511;4,195455454;ZWE;Zimbabwe;USD million
01/10/09;Other;7,54850917;1,842457038;0,909507093;6,615559224;ZWE;Zimbabwe;USD million
01/11/09;Mining;2,233121078;0,415940589;0,746214254;2,563394743;ZWE;Zimbabwe;USD million
01/11/09;Manufacturing;8,848151207;1,685397739;1,305395028;8,468148496;ZWE;Zimbabwe;USD million
01/11/09;Agriculture;7,210050107;0,609142413;0,857867335;7,458775029;ZWE;Zimbabwe;USD million
01/11/09;Energy;5,797071477;0,748829028;0,86677718;5,915019629;ZWE;Zimbabwe;USD million
01/11/09;Finance;3,230304682;0,240139515;1,130320111;4,120485279;ZWE;Zimbabwe;USD million
01/11/09;ICT;11,89834343;3,342722282;2,596968506;11,15258965;ZWE;Zimbabwe;USD million
01/11/09;Tourism;5,676892533;0,861024858;1,296543974;6,112411649;ZWE;Zimbabwe;USD million
01/11/09;Transport;3,853902713;0,985483288;0,872751831;3,741171256;ZWE;Zimbabwe;USD million
01/11/09;Other;4,12320733;0,573609188;1,279529181;4,829127323;ZWE;Zimbabwe;USD million
01/12/09;Mining;4,647681638;0,683310793;0,648488691;4,612859536;ZWE;Zimbabwe;USD million
01/12/09;Manufacturing;3,878485808;0,691060925;0,871987805;4,059412688;ZWE;Zimbabwe;USD million
01/12/09;Agriculture;3,13824409;0,361140812;0,305205851;3,082309129;ZWE;Zimbabwe;USD million
01/12/09;Energy;3,459020024;0,758478847;0,395319811;3,095860988;ZWE;Zimbabwe;USD million
01/12/09;Finance;3,614496038;0,484347161;0,775529856;3,905678733;ZWE;Zimbabwe;USD million
01/12/09;ICT;2,562966377;0,274707404;0,890942263;3,179201236;ZWE;Zimbabwe;USD million
01/12/09;Tourism;8,558732716;1,758320798;1,214659375;8,015071292;ZWE;Zimbabwe;USD million
01/12/09;Transport;5,760708804;0,605705364;1,394592477;6,549595917;ZWE;Zimbabwe;USD million
01/12/09;Other;2,93270058;0,617387877;0,435325697;2,7506384;ZWE;Zimbabwe;USD million
01/01/10;Mining;8,385186696;1,048258431;1,181907717;8,518835982;ZWE;Zimbabwe;USD million
01/01/10;Manufacturing;8,938668549;2,000854306;2,409694359;9,347508602;ZWE;Zimbabwe;USD million
01/01/10;Agriculture;5,761395262;2,237475747;0,605362484;4,129281999;ZWE;Zimbabwe;USD million
01/01/10;Energy;2,300703852;0,682152276;0,77071299;2,389264566;ZWE;Zimbabwe;USD million
01/01/10;Finance;9,086382998;0,644743898;2,90426786;11,34590696;ZWE;Zimbabwe;USD million
01/01/10;ICT;1,642689064;0,329374294;0,43859417;1,751908941;ZWE;Zimbabwe;USD million
01/01/10;Tourism;6,721342977;0,346281627;1,762337452;8,137398801;ZWE;Zimbabwe;USD million
01/01/10;Transport;1,968339713;0,130915783;0,57236962;2,409793551;ZWE;Zimbabwe;USD million
01/01/10;Other;9,55445956;3,466728349;2,566909834;8,654641044;ZWE;Zimbabwe;USD million
01/02/10;Mining;2,882458729;0,22638418;0,633901262;3,289975811;ZWE;Zimbabwe;USD million
01/02/10;Manufacturing;5,892135081;1,441996251;0,43040629;4,88054512;ZWE;Zimbabwe;USD million
01/02/10;Agriculture;1,247858938;0,447447413;0,436739167;1,237150693;ZWE;Zimbabwe;USD million
01/02/10;Energy;6,643389202;2,396892827;2,160006924;6,406503299;ZWE;Zimbabwe;USD million
01/02/10;Finance;6,112111233;1,4366198;0,39835924;5,073850673;ZWE;Zimbabwe;USD million
01/02/10;ICT;5,311958875;1,215452011;1,684524901;5,781031765;ZWE;Zimbabwe;USD million
01/02/10;Tourism;3,919157746;0,891393733;1,158038169;4,185802182;ZWE;Zimbabwe;USD million
01/02/10;Transport;8,065823785;1,611947809;1,279425567;7,733301544;ZWE;Zimbabwe;USD million
01/02/10;Other;3,070910541;1,221672404;0,545248071;2,394486208;ZWE;Zimbabwe;USD million
01/03/10;Mining;5,708970355;1,380503846;0,890162442;5,218628951;ZWE;Zimbabwe;USD million
01/03/10;Manufacturing;7,468615738;0,86255448;2,079752034;8,685813292;ZWE;Zimbabwe;USD million
01/03/10;Agriculture;8,808967475;2,480703812;1,294463676;7,622727339;ZWE;Zimbabwe;USD million
01/03/10;Energy;3,715983887;0,973980794;0,689469663;3,431472756;ZWE;Zimbabwe;USD million
01/03/10;Finance;3,517572675;1,066362127;0,945249843;3,396460391;ZWE;Zimbabwe;USD million
01/03/10;ICT;2,605254896;0,724120567;0,617369419;2,498503748;ZWE;Zimbabwe;USD million
01/03/10;Tourism;7,893227047;1,664724442;1,944001613;8,172504218;ZWE;Zimbabwe;USD million
01/03/10;Transport;1,933566273;0,19538435;0,261691731;1,999873655;ZWE;Zimbabwe;USD million
01/03/10;Other;2,566074075;0,651405698;0,83702682;2,751695197;ZWE;Zimbabwe;USD million
01/04/10;Mining;4,945392612;1,431465693;0,681055442;4,19498236;ZWE;Zimbabwe;USD million
01/04/10;Manufacturing;1,905591295;0,345842007;0,267029792;1,826779081;ZWE;Zimbabwe;USD million
01/04/10;Agriculture;5,857105278;1,229582647;0,914930803;5,542453434;ZWE;Zimbabwe;USD million
01/04/10;Energy;6,064679302;1,023886788;0,460149312;5,500941827;ZWE;Zimbabwe;USD million
01/04/10;Finance;6,742342728;2,139249447;1,584014453;6,187107735;ZWE;Zimbabwe;USD million
01/04/10;ICT;8,80950334;1,85323272;1,833461432;8,789732052;ZWE;Zimbabwe;USD million
01/04/10;Tourism;5,635900535;1,208124229;0,445968593;4,873744899;ZWE;Zimbabwe;USD million
01/04/10;Transport;1,654343849;0,419732723;0,248691894;1,48330302;ZWE;Zimbabwe;USD million
01/04/10;Other;7,531994998;0,489722289;0,488806252;7,531078961;ZWE;Zimbabwe;USD million
01/05/10;Mining;5,034002788;1,103335704;0,366735186;4,297402271;ZWE;Zimbabwe;USD million
01/05/10;Manufacturing;5,606479604;0,400461185;1,322350539;6,528368958;ZWE;Zimbabwe;USD million
01/05/10;Agriculture;3,074880812;0,383675456;0,803563602;3,494768957;ZWE;Zimbabwe;USD million
01/05/10;Energy;5,428863843;1,772834271;1,790096705;5,446126277;ZWE;Zimbabwe;USD million
01/05/10;Finance;6,227539419;1,695854104;0,959501808;5,491187123;ZWE;Zimbabwe;USD million
01/05/10;ICT;7,333681414;0,778682693;1,757872671;8,312871392;ZWE;Zimbabwe;USD million
01/05/10;Tourism;6,342040281;1,463140885;2,11501841;6,993917806;ZWE;Zimbabwe;USD million
01/05/10;Transport;8,278514392;2,783536746;0,920463398;6,415441045;ZWE;Zimbabwe;USD million
01/05/10;Other;2,703212072;0,614248179;0,360412262;2,449376154;ZWE;Zimbabwe;USD million
01/06/10;Mining;4,616015341;1,676395924;0,694315394;3,633934811;ZWE;Zimbabwe;USD million
01/06/10;Manufacturing;8,526949651;1,146700376;1,572728436;8,952977712;ZWE;Zimbabwe;USD million
01/06/10;Agriculture;8,457190582;2,883722288;1,272519962;6,845988256;ZWE;Zimbabwe;USD million
01/06/10;Energy;6,802683361;2,640933284;1,19397697;5,355727048;ZWE;Zimbabwe;USD million
01/06/10;Finance;4,945385935;1,790722107;0,552418232;3,707082061;ZWE;Zimbabwe;USD million
01/06/10;ICT;4,002917661;0,289729456;0,594445506;4,307633711;ZWE;Zimbabwe;USD million
01/06/10;Tourism;9,744669622;1,56447855;1,181947081;9,362138152;ZWE;Zimbabwe;USD million
01/06/10;Transport;12,27597987;3,844544619;0,64443301;9,075868261;ZWE;Zimbabwe;USD million
01/06/10;Other;3,679737282;1,249304221;0,992494288;3,422927349;ZWE;Zimbabwe;USD million
01/07/10;Mining;8,790257224;1,222286719;1,222466241;8,790436746;ZWE;Zimbabwe;USD million
01/07/10;Manufacturing;8,469897497;2,84628838;1,52282775;7,146436867;ZWE;Zimbabwe;USD million
01/07/10;Agriculture;3,846570778;0,273311374;1,345318141;4,918577545;ZWE;Zimbabwe;USD million
01/07/10;Energy;7,779263442;1,817721567;2,210754386;8,172296261;ZWE;Zimbabwe;USD million
01/07/10;Finance;5,355824395;0,278335207;1,839387804;6,916876992;ZWE;Zimbabwe;USD million
01/07/10;ICT;7,407923393;0,875706425;2,204016523;8,736233491;ZWE;Zimbabwe;USD million
01/07/10;Tourism;6,476264526;1,140141871;0,324097987;5,660220642;ZWE;Zimbabwe;USD million
01/07/10;Transport;5,106820576;1,043249846;1,510650895;5,574221625;ZWE;Zimbabwe;USD million
01/07/10;Other;2,737814019;1,072420365;0,780603106;2,445996761;ZWE;Zimbabwe;USD million
01/08/10;Mining;4,901226926;0,680834896;0,481277669;4,7016697;ZWE;Zimbabwe;USD million
01/08/10;Manufacturing;4,074311645;1,374630744;1,276065598;3,975746499;ZWE;Zimbabwe;USD million
01/08/10;Agriculture;7,626254658;1,003125591;1,11424417;7,737373236;ZWE;Zimbabwe;USD million
01/08/10;Energy;4,164805136;1,202255462;1,059523488;4,022073162;ZWE;Zimbabwe;USD million
01/08/10;Finance;8,799144449;1,922806539;0,494958725;7,371296635;ZWE;Zimbabwe;USD million
01/08/10;ICT;2,001298308;0,591746184;0,273362604;1,682914728;ZWE;Zimbabwe;USD million
01/08/10;Tourism;2,521942532;0,135764951;0,364336377;2,750513958;ZWE;Zimbabwe;USD million
01/08/10;Transport;8,528385452;3,402425597;2,166202632;7,292162488;ZWE;Zimbabwe;USD million
01/08/10;Other;9,314210819;1,66397117;1,963463158;9,613702806;ZWE;Zimbabwe;USD million
01/09/10;Mining;7,365815262;2,749526531;0,794093241;5,410381973;ZWE;Zimbabwe;USD million
01/09/10;Manufacturing;8,296613854;2,126840388;2,066434044;8,23620751;ZWE;Zimbabwe;USD million
01/09/10;Agriculture;4,672050804;0,583501249;0,757705637;4,846255191;ZWE;Zimbabwe;USD million
01/09/10;Energy;10,35715279;3,091778523;0,922732125;8,188106389;ZWE;Zimbabwe;USD million
01/09/10;Finance;7,694807601;1,460182772;0,933185971;7,167810801;ZWE;Zimbabwe;USD million
01/09/10;ICT;1,734350495;0,204776069;0,357563778;1,887138205;ZWE;Zimbabwe;USD million
01/09/10;Tourism;4,819257971;1,89104054;0,749486641;3,677704072;ZWE;Zimbabwe;USD million
01/09/10;Transport;3,400623205;0,343387816;0,490936347;3,548171736;ZWE;Zimbabwe;USD million
01/09/10;Other;7,910809041;1,811695066;1,445632054;7,544746029;ZWE;Zimbabwe;USD million
01/10/10;Mining;2,194366969;0,806902308;0,227179232;1,614643893;ZWE;Zimbabwe;USD million
01/10/10;Manufacturing;4,109821866;1,585118162;1,13016363;3,654867334;ZWE;Zimbabwe;USD million
01/10/10;Agriculture;8,46311621;1,088523934;2,536233455;9,91082573;ZWE;Zimbabwe;USD million
01/10/10;Energy;3,017956682;0,835300941;1,05375521;3,236410951;ZWE;Zimbabwe;USD million
01/10/10;Finance;8,782524231;1,022236528;2,364227438;10,12451514;ZWE;Zimbabwe;USD million
01/10/10;ICT;11,98181812;1,990597856;2,251764101;12,24298437;ZWE;Zimbabwe;USD million
01/10/10;Tourism;7,188384317;1,975507983;2,14022906;7,353105394;ZWE;Zimbabwe;USD million
01/10/10;Transport;10,71861418;2,418008543;0,746286347;9,046891987;ZWE;Zimbabwe;USD million
01/10/10;Other;5,654546646;0,794171169;1,694377652;6,554753129;ZWE;Zimbabwe;USD million
01/11/10;Mining;3,4549668;1,070829182;0,559956737;2,944094355;ZWE;Zimbabwe;USD million
01/11/10;Manufacturing;9,201383253;1,222816506;1,229932348;9,208499094;ZWE;Zimbabwe;USD million
01/11/10;Agriculture;8,939024615;0,94057268;2,604468606;10,60292054;ZWE;Zimbabwe;USD million
01/11/10;Energy;4,228350235;1,572727772;0,608989574;3,264612037;ZWE;Zimbabwe;USD million
01/11/10;Finance;3,714932654;1,179324891;0,355651045;2,891258808;ZWE;Zimbabwe;USD million
01/11/10;ICT;1,98294494;0,202442759;0,193071162;1,973573343;ZWE;Zimbabwe;USD million
01/11/10;Tourism;5,972629785;0,300955799;1,440161958;7,111835943;ZWE;Zimbabwe;USD million
01/11/10;Transport;9,178911775;3,386563257;1,605777888;7,398126407;ZWE;Zimbabwe;USD million
01/11/10;Other;7,102999977;0,648706267;0,931982676;7,386276385;ZWE;Zimbabwe;USD million
01/12/10;Mining;3,37280533;0,931537884;0,361157305;2,802424751;ZWE;Zimbabwe;USD million
01/12/10;Manufacturing;9,318799834;3,267144299;2,187462211;8,239117746;ZWE;Zimbabwe;USD million
01/12/10;Agriculture;6,768517285;1,100235955;2,335271739;8,00355307;ZWE;Zimbabwe;USD million
01/12/10;Energy;6,164605055;1,383698321;1,590282616;6,37118935;ZWE;Zimbabwe;USD million
01/12/10;Finance;2,855525472;0,635167218;0,717575146;2,937933401;ZWE;Zimbabwe;USD million
01/12/10;ICT;7,119492305;1,226017598;1,426373523;7,31984823;ZWE;Zimbabwe;USD million
01/12/10;Tourism;6,867121541;1,996688278;2,200567184;7,071000447;ZWE;Zimbabwe;USD million
01/12/10;Transport;7,058650648;0,832793919;1,301179157;7,527035886;ZWE;Zimbabwe;USD million
01/12/10;Other;3,458635596;1,221498793;0,874974301;3,112111104;ZWE;Zimbabwe;USD million
01/01/11;Mining;9,272074252;2,975059898;3,125574438;9,422588792;ZWE;Zimbabwe;USD million
01/01/11;Manufacturing;6,70270713;0,57507686;1,051694064;7,179324335;ZWE;Zimbabwe;USD million
01/01/11;Agriculture;2,835018158;0,211053821;0,391064746;3,015029082;ZWE;Zimbabwe;USD million
01/01/11;Energy;3,912291935;0,252694063;1,196563177;4,856161049;ZWE;Zimbabwe;USD million
01/01/11;Finance;6,73409708;2,331197561;2,26942024;6,672319758;ZWE;Zimbabwe;USD million
01/01/11;ICT;4,054334081;0,589530803;0,204993726;3,669797004;ZWE;Zimbabwe;USD million
01/01/11;Tourism;6,735810615;2,147237813;2,337253897;6,9258267;ZWE;Zimbabwe;USD million
01/01/11;Transport;7,346169916;0,845386453;0,89018694;7,390970403;ZWE;Zimbabwe;USD million
01/01/11;Other;6,647533383;0,82489068;1,936925579;7,759568282;ZWE;Zimbabwe;USD million
01/02/11;Mining;3,688410871;0,875856411;0,939652637;3,752207097;ZWE;Zimbabwe;USD million
01/02/11;Manufacturing;7,734457179;1,79301897;1,999649222;7,941087432;ZWE;Zimbabwe;USD million
01/02/11;Agriculture;7,202182076;0,843464815;1,813404349;8,172121611;ZWE;Zimbabwe;USD million
01/02/11;Energy;1,563791943;0,151406198;0,371354895;1,78374064;ZWE;Zimbabwe;USD million
01/02/11;Finance;8,617641429;2,194872384;2,069403658;8,492172704;ZWE;Zimbabwe;USD million
01/02/11;ICT;7,528286013;0,704971658;1,323385748;8,146700103;ZWE;Zimbabwe;USD million
01/02/11;Tourism;5,096298215;1,724328129;1,311982409;4,683952495;ZWE;Zimbabwe;USD million
01/02/11;Transport;6,849377554;2,407932911;2,094961986;6,536406629;ZWE;Zimbabwe;USD million
01/02/11;Other;5,178708141;1,35534638;0,473641608;4,297003369;ZWE;Zimbabwe;USD million
01/03/11;Mining;2,866722484;1,02531448;0,580368177;2,421776181;ZWE;Zimbabwe;USD million
01/03/11;Manufacturing;2,871579031;0,339137465;0,941919495;3,474361061;ZWE;Zimbabwe;USD million
01/03/11;Agriculture;2,772673507;0,63691719;0,681106286;2,816862603;ZWE;Zimbabwe;USD million
01/03/11;Energy;4,889334238;1,198556476;1,442212884;5,132990646;ZWE;Zimbabwe;USD million
01/03/11;Finance;5,553696685;1,004482141;1,675549332;6,224763876;ZWE;Zimbabwe;USD million
01/03/11;ICT;3,325438509;0,388162839;0,218146043;3,155421713;ZWE;Zimbabwe;USD million
01/03/11;Tourism;4,198762689;0,537933458;0,483880828;4,144710059;ZWE;Zimbabwe;USD million
01/03/11;Transport;2,297150685;0,799004889;0,575785423;2,073931218;ZWE;Zimbabwe;USD million
01/03/11;Other;4,355957814;1,725943592;1,080367068;3,71038129;ZWE;Zimbabwe;USD million
01/04/11;Mining;4,661950039;1,330762517;1,593476782;4,924664304;ZWE;Zimbabwe;USD million
01/04/11;Manufacturing;7,317271847;2,692816712;0,674180919;5,298636054;ZWE;Zimbabwe;USD million
01/04/11;Agriculture;1,28084207;0,386090966;0,302421284;1,197172388;ZWE;Zimbabwe;USD million
01/04/11;Energy;3,213007824;0,464582514;0,4068372;3,15526251;ZWE;Zimbabwe;USD million
01/04/11;Finance;5,412536411;2,011149811;1,801384255;5,202770855;ZWE;Zimbabwe;USD million
01/04/11;ICT;2,140906676;0,633016467;0,641371679;2,149261888;ZWE;Zimbabwe;USD million
01/04/11;Tourism;1,955646256;0,69893571;0,603225329;1,859935875;ZWE;Zimbabwe;USD million
01/04/11;Transport;4,322181;0,240203584;1,231055106;5,313032522;ZWE;Zimbabwe;USD million
01/04/11;Other;5,866128141;1,356252652;1,122455912;5,632331401;ZWE;Zimbabwe;USD million
01/05/11;Mining;5,323436753;0,799086026;1,047550317;5,571901044;ZWE;Zimbabwe;USD million
01/05/11;Manufacturing;5,581365862;1,14291506;1,738844761;6,177295562;ZWE;Zimbabwe;USD million
01/05/11;Agriculture;2,399580086;0,577813709;0,816343203;2,63810958;ZWE;Zimbabwe;USD million
01/05/11;Energy;6,480793882;1,590093094;0,448709413;5,339410201;ZWE;Zimbabwe;USD million
01/05/11;Finance;4,561767149;0,907178715;0,482761841;4,137350275;ZWE;Zimbabwe;USD million
01/05/11;ICT;7,363841398;2,500075729;2,277149272;7,140914941;ZWE;Zimbabwe;USD million
01/05/11;Tourism;3,966214215;0,730616958;0,841239942;4,0768372;ZWE;Zimbabwe;USD million
01/05/11;Transport;1,722907538;0,141899362;0,602483702;2,183491878;ZWE;Zimbabwe;USD million
01/05/11;Other;2,519325483;0,537603877;0,765439457;2,747161063;ZWE;Zimbabwe;USD million
01/06/11;Mining;9,196596513;2,87377373;1,091957567;7,41478035;ZWE;Zimbabwe;USD million
01/06/11;Manufacturing;8,738590521;1,950730749;1,914227121;8,702086893;ZWE;Zimbabwe;USD million
01/06/11;Agriculture;4,162277841;1,51702656;0,235063178;2,880314459;ZWE;Zimbabwe;USD million
01/06/11;Energy;5,510670327;1,93424642;0,350935153;3,927359059;ZWE;Zimbabwe;USD million
01/06/11;Finance;1,285170906;0,395554355;0,156811989;1,04642854;ZWE;Zimbabwe;USD million
01/06/11;ICT;10,77226888;1,186326338;2,430757157;12,0166997;ZWE;Zimbabwe;USD million
01/06/11;Tourism;5,221311201;0,561815262;0,693615336;5,353111275;ZWE;Zimbabwe;USD million
01/06/11;Transport;4,469628527;0,685558524;0,274305776;4,058375779;ZWE;Zimbabwe;USD million
01/06/11;Other;5,797415942;1,23423645;1,64726454;6,210444032;ZWE;Zimbabwe;USD million
01/07/11;Mining;3,234045027;0,82400776;0,624541115;3,034578382;ZWE;Zimbabwe;USD million
01/07/11;Manufacturing;5,081665755;1,274964385;0,674245628;4,480946997;ZWE;Zimbabwe;USD million
01/07/11;Agriculture;1,696251083;0,198110615;0,160686243;1,658826711;ZWE;Zimbabwe;USD million
01/07/11;Energy;1,171020946;0,320399954;0,064601626;0,915222618;ZWE;Zimbabwe;USD million
01/07/11;Finance;3,699149069;0,648971099;0,208631996;3,258809966;ZWE;Zimbabwe;USD million
01/07/11;ICT;2,982457442;0,263897109;0,893755972;3,612316305;ZWE;Zimbabwe;USD million
01/07/11;Tourism;3,953516095;0,628483358;0,594533016;3,919565752;ZWE;Zimbabwe;USD million
01/07/11;Transport;5,488143183;1,13045514;1,559462179;5,917150222;ZWE;Zimbabwe;USD million
01/07/11;Other;4,533960134;0,644171295;0,249421506;4,139210344;ZWE;Zimbabwe;USD million
01/08/11;Mining;3,044356098;0,882179017;0,28602035;2,448197431;ZWE;Zimbabwe;USD million
01/08/11;Manufacturing;4,243502022;0,357161323;1,080344169;4,966684869;ZWE;Zimbabwe;USD million
01/08/11;Agriculture;2,849990625;0,352605423;0,285863202;2,783248404;ZWE;Zimbabwe;USD million
01/08/11;Energy;13,7055101;3,481131175;4,427160619;14,65153954;ZWE;Zimbabwe;USD million
01/08/11;Finance;10,15565892;0,841256505;2,535730104;11,85013252;ZWE;Zimbabwe;USD million
01/08/11;ICT;6,887634821;0,411466164;0,40522819;6,881396847;ZWE;Zimbabwe;USD million
01/08/11;Tourism;2,857852651;1,122218961;0,539998099;2,275631788;ZWE;Zimbabwe;USD million
01/08/11;Transport;3,451018896;0,630662201;0,450369537;3,270726232;ZWE;Zimbabwe;USD million
01/08/11;Other;1,020845623;0,157580956;0,205588534;1,068853201;ZWE;Zimbabwe;USD million
01/09/11;Mining;7,630971094;2,000696508;2,423594557;8,053869143;ZWE;Zimbabwe;USD million
01/09/11;Manufacturing;9,253429593;1,284330689;1,430916793;9,400015697;ZWE;Zimbabwe;USD million
01/09/11;Agriculture;1,938649574;0,649098699;0,424766315;1,714317191;ZWE;Zimbabwe;USD million
01/09/11;Energy;7,024584409;0,858325912;1,479742827;7,646001323;ZWE;Zimbabwe;USD million
01/09/11;Finance;5,403928754;1,195196523;0,344064872;4,552797103;ZWE;Zimbabwe;USD million
01/09/11;ICT;6,875519972;2,522626995;1,53555978;5,888452757;ZWE;Zimbabwe;USD million
01/09/11;Tourism;3,915138337;1,471668222;0,642878541;3,086348656;ZWE;Zimbabwe;USD million
01/09/11;Transport;6,403716202;1,072726922;1,039064058;6,370053337;ZWE;Zimbabwe;USD million
01/09/11;Other;5,703470457;0,460143538;1,044205426;6,287532346;ZWE;Zimbabwe;USD million
01/10/11;Mining;13,73727575;2,038153114;3,178578916;14,87770156;ZWE;Zimbabwe;USD million
01/10/11;Manufacturing;3,524552491;0,744208674;0,677633782;3,457977599;ZWE;Zimbabwe;USD million
01/10/11;Agriculture;5,461975762;0,819582782;1,673906834;6,316299814;ZWE;Zimbabwe;USD million
01/10/11;Energy;6,90036023;0,888127074;0,521712865;6,533946021;ZWE;Zimbabwe;USD million
01/10/11;Finance;4,661147793;1,580368323;1,37613553;4,456915;ZWE;Zimbabwe;USD million
01/10/11;ICT;3,02994238;0,944975315;0,302707525;2,387674591;ZWE;Zimbabwe;USD million
01/10/11;Tourism;2,984552222;0,826206964;0,372228294;2,530573553;ZWE;Zimbabwe;USD million
01/10/11;Transport;1,727447679;0,666301621;0,596744949;1,657891006;ZWE;Zimbabwe;USD million
01/10/11;Other;7,348108616;0,467057118;1,201249671;8,08230117;ZWE;Zimbabwe;USD million
01/11/11;Mining;4,072617629;0,515664463;0,941523179;4,498476345;ZWE;Zimbabwe;USD million
01/11/11;Manufacturing;5,303159859;1,355310877;1,174362738;5,122211719;ZWE;Zimbabwe;USD million
01/11/11;Agriculture;5,453275519;1,130630514;0,769475576;5,092120581;ZWE;Zimbabwe;USD million
01/11/11;Energy;4,391956441;0,967191802;0,263278785;3,688043424;ZWE;Zimbabwe;USD million
01/11/11;Finance;5,738233196;1,187842396;1,515298746;6,065689546;ZWE;Zimbabwe;USD million
01/11/11;ICT;6,660368504;1,624795306;1,613313142;6,648886339;ZWE;Zimbabwe;USD million
01/11/11;Tourism;3,133068586;0,16633224;0,963840389;3,930576734;ZWE;Zimbabwe;USD million
01/11/11;Transport;7,698833443;2,892783184;2,613010046;7,419060305;ZWE;Zimbabwe;USD million
01/11/11;Other;6,040306337;1,027886921;1,756523204;6,76894262;ZWE;Zimbabwe;USD million
01/12/11;Mining;6,741772817;1,551720009;0,485359463;5,675412271;ZWE;Zimbabwe;USD million
01/12/11;Manufacturing;2,368882766;0,892638315;0,758019734;2,234264186;ZWE;Zimbabwe;USD million
01/12/11;Agriculture;3,496019404;0,656538253;0,367622999;3,20710415;ZWE;Zimbabwe;USD million
01/12/11;Energy;3,995993486;0,722956359;0,612777718;3,885814845;ZWE;Zimbabwe;USD million
01/12/11;Finance;8,881653806;2,186426275;2,817493185;9,512720716;ZWE;Zimbabwe;USD million
01/12/11;ICT;7,205200124;1,484882985;0,936770837;6,657087976;ZWE;Zimbabwe;USD million
01/12/11;Tourism;6,635040906;2,275098832;0,995650463;5,355592537;ZWE;Zimbabwe;USD million
01/12/11;Transport;4,572639349;1,349963669;0,687010771;3,909686451;ZWE;Zimbabwe;USD million
01/12/11;Other;1,425722267;0,400340564;0,349015924;1,374397627;ZWE;Zimbabwe;USD million
01/01/12;Mining;8,806561247;1,422192707;2,381995101;9,766363641;ZWE;Zimbabwe;USD million
01/01/12;Manufacturing;2,424045441;0,219482466;0,587631573;2,792194547;ZWE;Zimbabwe;USD million
01/01/12;Agriculture;7,513429678;1,95116038;2,399362594;7,961631892;ZWE;Zimbabwe;USD million
01/01/12;Energy;6,437197627;0,472310968;0,544522384;6,509409043;ZWE;Zimbabwe;USD million
01/01/12;Finance;10,10752839;1,223691099;2,455130812;11,3389681;ZWE;Zimbabwe;USD million
01/01/12;ICT;6,558778932;1,101376908;1,713780747;7,171182771;ZWE;Zimbabwe;USD million
01/01/12;Tourism;4,395326228;1,162906355;0,310418324;3,542838197;ZWE;Zimbabwe;USD million
01/01/12;Transport;2,900866491;1,021610954;0,357657329;2,236912866;ZWE;Zimbabwe;USD million
01/01/12;Other;3,773111415;0,53841148;1,123891744;4,35859168;ZWE;Zimbabwe;USD million
01/02/12;Mining;2,811503113;0,830546721;0,26238227;2,243338662;ZWE;Zimbabwe;USD million
01/02/12;Manufacturing;3,755569708;0,24210848;1,182461447;4,695922675;ZWE;Zimbabwe;USD million
01/02/12;Agriculture;2,21587323;0,541229563;0,32808503;2,002728697;ZWE;Zimbabwe;USD million
01/02/12;Energy;5,069822391;0,704048853;1,695892262;6,0616658;ZWE;Zimbabwe;USD million
01/02/12;Finance;9,764655856;1,007626289;1,038949223;9,79597879;ZWE;Zimbabwe;USD million
01/02/12;ICT;3,829084858;0,199457425;0,3255223;3,955149732;ZWE;Zimbabwe;USD million
01/02/12;Tourism;2,756976999;0,232171579;0,855451076;3,380256496;ZWE;Zimbabwe;USD million
01/02/12;Transport;4,823710216;0,350512903;1,561060992;6,034258304;ZWE;Zimbabwe;USD million
01/02/12;Other;1,450855932;0,360455874;0,404129647;1,494529704;ZWE;Zimbabwe;USD million
01/03/12;Mining;9,709904982;1,484265638;2,984877916;11,21051726;ZWE;Zimbabwe;USD million
01/03/12;Manufacturing;3,028131893;1,140657326;0,606399547;2,493874114;ZWE;Zimbabwe;USD million
01/03/12;Agriculture;3,796760179;1,27665642;0,981316928;3,501420687;ZWE;Zimbabwe;USD million
01/03/12;Energy;3,088750914;0,969731517;0,48479455;2,603813946;ZWE;Zimbabwe;USD million
01/03/12;Finance;4,755232476;0,56094134;1,629166679;5,823457815;ZWE;Zimbabwe;USD million
01/03/12;ICT;2,571615389;0,832194034;0,864607231;2,604028586;ZWE;Zimbabwe;USD million
01/03/12;Tourism;10,778823;2,202827394;2,49556474;11,07156035;ZWE;Zimbabwe;USD million
01/03/12;Transport;1,245652007;0,137566429;0,12144965;1,229535228;ZWE;Zimbabwe;USD million
01/03/12;Other;3,183284095;1,146905742;0,636075119;2,672453472;ZWE;Zimbabwe;USD million
01/04/12;Mining;7,634132543;2,09659119;1,256314356;6,793855709;ZWE;Zimbabwe;USD million
01/04/12;Manufacturing;6,141599267;2,242061783;1,179425858;5,078963341;ZWE;Zimbabwe;USD million
01/04/12;Agriculture;3,690939536;1,451073962;0,58140959;2,821275164;ZWE;Zimbabwe;USD million
01/04/12;Energy;8,716419339;1,867942287;1,264431683;8,112908735;ZWE;Zimbabwe;USD million
01/04/12;Finance;6,687510581;1,307531057;0,934110725;6,314090248;ZWE;Zimbabwe;USD million
01/04/12;ICT;10,72521825;1,260390582;3,191699096;12,65652677;ZWE;Zimbabwe;USD million
01/04/12;Tourism;1,624982482;0,154394211;0,345470091;1,816058362;ZWE;Zimbabwe;USD million
01/04/12;Transport;7,990975644;1,743255433;2,530123497;8,777843709;ZWE;Zimbabwe;USD million
01/04/12;Other;7,929370103;1,725549253;2,578519744;8,782340594;ZWE;Zimbabwe;USD million
01/05/12;Mining;2,928200408;0,707436623;0,572384232;2,793148017;ZWE;Zimbabwe;USD million
01/05/12;Manufacturing;3,050062236;0,97659597;0,208395526;2,281861792;ZWE;Zimbabwe;USD million
01/05/12;Agriculture;5,592311293;0,608059939;1,335412482;6,319663836;ZWE;Zimbabwe;USD million
01/05/12;Energy;8,383978673;0,792153925;1,640474018;9,232298765;ZWE;Zimbabwe;USD million
01/05/12;Finance;1,710665738;0,096454326;0,177362515;1,791573927;ZWE;Zimbabwe;USD million
01/05/12;ICT;3,686608533;1,395958358;0,638970473;2,929620648;ZWE;Zimbabwe;USD million
01/05/12;Tourism;1,88588928;0,543867515;0,107793194;1,449814959;ZWE;Zimbabwe;USD million
01/05/12;Transport;5,060186154;0,324604123;0,809349828;5,544931859;ZWE;Zimbabwe;USD million
01/05/12;Other;7,278038075;0,64481105;1,786368496;8,419595521;ZWE;Zimbabwe;USD million
01/06/12;Mining;9,260473047;1,372885806;3,136840008;11,02442725;ZWE;Zimbabwe;USD million
01/06/12;Manufacturing;5,590769174;1,141512306;1,743752757;6,193009625;ZWE;Zimbabwe;USD million
01/06/12;Agriculture;7,538997249;2,003755716;1,815240949;7,350482482;ZWE;Zimbabwe;USD million
01/06/12;Energy;1,494334024;0,475713056;0,307471439;1,326092407;ZWE;Zimbabwe;USD million
01/06/12;Finance;7,272747095;0,3759616;1,638123654;8,534909149;ZWE;Zimbabwe;USD million
01/06/12;ICT;9,179046677;2,508126684;0,891100181;7,562020174;ZWE;Zimbabwe;USD million
01/06/12;Tourism;3,495483406;0,36893991;0,480925023;3,607468519;ZWE;Zimbabwe;USD million
01/06/12;Transport;1,371327223;0,535511857;0,335767263;1,17158263;ZWE;Zimbabwe;USD million
01/06/12;Other;2,840669428;0,500593144;0,677156903;3,017233187;ZWE;Zimbabwe;USD million
01/07/12;Mining;5,822199237;1,109187985;0,846819315;5,559830566;ZWE;Zimbabwe;USD million
01/07/12;Manufacturing;2,582732415;0,956785276;0,85054681;2,476493949;ZWE;Zimbabwe;USD million
01/07/12;Agriculture;3,475088548;0,21970153;0,896918857;4,152305875;ZWE;Zimbabwe;USD million
01/07/12;Energy;5,214381959;1,189658872;0,317086914;4,341810002;ZWE;Zimbabwe;USD million
01/07/12;Finance;6,492157533;1,614799198;1,314946674;6,192305008;ZWE;Zimbabwe;USD million
01/07/12;ICT;4,05773627;0,666949484;0,576994349;3,967781135;ZWE;Zimbabwe;USD million
01/07/12;Tourism;3,640090611;0,379377809;0,860447875;4,121160678;ZWE;Zimbabwe;USD million
01/07/12;Transport;6,421440547;0,991250495;0,921597268;6,35178732;ZWE;Zimbabwe;USD million
01/07/12;Other;1,651299904;0,515125752;0,560018184;1,696192336;ZWE;Zimbabwe;USD million
01/08/12;Mining;2,874784124;0,889388624;0,822293438;2,807688938;ZWE;Zimbabwe;USD million
01/08/12;Manufacturing;11,69581149;3,689122109;1,639735203;9,646424585;ZWE;Zimbabwe;USD million
01/08/12;Agriculture;3,552709167;0,917270357;0,807048743;3,442487553;ZWE;Zimbabwe;USD million
01/08/12;Energy;7,877782786;0,820006885;1,182943;8,240718901;ZWE;Zimbabwe;USD million
01/08/12;Finance;2,99839528;0,632479761;1,033638435;3,399553954;ZWE;Zimbabwe;USD million
01/08/12;ICT;7,085850273;1,737710716;1,490689103;6,83882866;ZWE;Zimbabwe;USD million
01/08/12;Tourism;3,716990769;0,631910697;0,214394862;3,299474934;ZWE;Zimbabwe;USD million
01/08/12;Transport;9,66236156;3,79112915;2,212385679;8,08361809;ZWE;Zimbabwe;USD million
01/08/12;Other;4,784904138;1,908112433;0,463114832;3,339906537;ZWE;Zimbabwe;USD million
01/09/12;Mining;5,657712956;0,988040258;1,345593502;6,015266201;ZWE;Zimbabwe;USD million
01/09/12;Manufacturing;4,596641376;1,586228035;1,271769829;4,282183171;ZWE;Zimbabwe;USD million
01/09/12;Agriculture;2,166320581;0,831487359;0,290075446;1,624908668;ZWE;Zimbabwe;USD million
01/09/12;Energy;3,955796328;0,883962927;0,844356234;3,916189635;ZWE;Zimbabwe;USD million
01/09/12;Finance;2,251035915;0,417733026;0,271235296;2,104538185;ZWE;Zimbabwe;USD million
01/09/12;ICT;7,492166643;2,004498468;1,723353524;7,211021699;ZWE;Zimbabwe;USD million
01/09/12;Tourism;4,39376446;0,352372369;1,191241067;5,232633157;ZWE;Zimbabwe;USD million
01/09/12;Transport;12,58661431;1,573940757;1,906378805;12,91905236;ZWE;Zimbabwe;USD million
01/09/12;Other;4,206670858;0,513818322;1,371600202;5,064452738;ZWE;Zimbabwe;USD million
01/10/12;Mining;7,119459818;2,335649914;0,76226093;5,546070834;ZWE;Zimbabwe;USD million
01/10/12;Manufacturing;5,970931603;2,292702735;0,389260207;4,067489075;ZWE;Zimbabwe;USD million
01/10/12;Agriculture;8,176942447;1,557570754;2,474723465;9,094095158;ZWE;Zimbabwe;USD million
01/10/12;Energy;6,621868671;0,356523533;1,356337521;7,621682658;ZWE;Zimbabwe;USD million
01/10/12;Finance;4,534245826;1,804587442;0,513583921;3,243242306;ZWE;Zimbabwe;USD million
01/10/12;ICT;9,631373993;3,234984115;2,834206516;9,230596393;ZWE;Zimbabwe;USD million
01/10/12;Tourism;3,780221125;0,726948938;1,108354752;4,161626938;ZWE;Zimbabwe;USD million
01/10/12;Transport;4,819016648;1,885660211;0,827308284;3,760664721;ZWE;Zimbabwe;USD million
01/10/12;Other;7,101673221;0,879353553;1,921386679;8,143706347;ZWE;Zimbabwe;USD million
01/11/12;Mining;4,778326969;1,02228838;0,531533285;4,287571875;ZWE;Zimbabwe;USD million
01/11/12;Manufacturing;7,414923472;1,299576633;1,850835838;7,966182676;ZWE;Zimbabwe;USD million
01/11/12;Agriculture;2,28122403;0,57297978;0,121195678;1,829439928;ZWE;Zimbabwe;USD million
01/11/12;Energy;9,775649515;1,622639327;2,306987117;10,4599973;ZWE;Zimbabwe;USD million
01/11/12;Finance;4,455094483;0,696688469;0,840985735;4,59939175;ZWE;Zimbabwe;USD million
01/11/12;ICT;3,264790751;1,14644318;0,236088866;2,354436437;ZWE;Zimbabwe;USD million
01/11/12;Tourism;8,047221496;1,727947278;0,532616896;6,851891115;ZWE;Zimbabwe;USD million
01/11/12;Transport;4,074448899;0,423903381;0,390632482;4,041178;ZWE;Zimbabwe;USD million
01/11/12;Other;8,070886785;1,627905587;1,883436272;8,32641747;ZWE;Zimbabwe;USD million
01/12/12;Mining;1,117599578;0,281196105;0,300406905;1,136810377;ZWE;Zimbabwe;USD million
01/12/12;Manufacturing;7,151896357;2,15884662;1,010178652;6,003228389;ZWE;Zimbabwe;USD million
01/12/12;Agriculture;3,140403607;0,255268453;0,668776735;3,55391189;ZWE;Zimbabwe;USD million
01/12/12;Energy;6,383916111;2,221712873;1,932704298;6,094907537;ZWE;Zimbabwe;USD million
01/12/12;Finance;5,673126024;1,687393087;1,748694938;5,734427874;ZWE;Zimbabwe;USD million
01/12/12;ICT;1,195118061;0,294906401;0,230217455;1,130429115;ZWE;Zimbabwe;USD million
01/12/12;Tourism;6,375514477;2,455285665;0,770097346;4,690326158;ZWE;Zimbabwe;USD million
01/12/12;Transport;2,92609533;0,806930295;0,419054782;2,538219818;ZWE;Zimbabwe;USD million
01/12/12;Other;4,904888551;0,335970531;0,248221982;4,817140002;ZWE;Zimbabwe;USD million
01/01/13;Mining;4,18867963;0,509609761;0,94437761;4,62344748;ZWE;Zimbabwe;USD million
01/01/13;Manufacturing;1,74513299;0,174314898;0,313853509;1,884671601;ZWE;Zimbabwe;USD million
01/01/13;Agriculture;2,657416874;0,740778024;0,28187256;2,19851141;ZWE;Zimbabwe;USD million
01/01/13;Energy;4,304242011;1,571007579;0,806269027;3,539503459;ZWE;Zimbabwe;USD million
01/01/13;Finance;6,229358124;2,433314225;1,002086439;4,798130338;ZWE;Zimbabwe;USD million
01/01/13;ICT;6,089166024;2,386451746;0,725555737;4,428270015;ZWE;Zimbabwe;USD million
01/01/13;Tourism;2,852569813;0,336175684;0,787773039;3,304167168;ZWE;Zimbabwe;USD million
01/01/13;Transport;2,864600179;0,769947834;0,523941917;2,618594261;ZWE;Zimbabwe;USD million
01/01/13;Other;5,107390448;1,213853952;1,387430621;5,280967116;ZWE;Zimbabwe;USD million
01/02/13;Mining;6,065202765;1,322216039;1,28639814;6,029384866;ZWE;Zimbabwe;USD million
01/02/13;Manufacturing;0,861616233;0,302714339;0,240809319;0,799711213;ZWE;Zimbabwe;USD million
01/02/13;Agriculture;1,950246022;0,201307235;0,130750127;1,879688914;ZWE;Zimbabwe;USD million
01/02/13;Energy;2,92769603;0,465792524;0,794027236;3,255930741;ZWE;Zimbabwe;USD million
01/02/13;Finance;1,095533893;0,28618744;0,280302863;1,089649316;ZWE;Zimbabwe;USD million
01/02/13;ICT;3,072190843;0,294572972;0,286590315;3,064208186;ZWE;Zimbabwe;USD million
01/02/13;Tourism;3,992643518;1,547361371;0,248426881;2,693709027;ZWE;Zimbabwe;USD million
01/02/13;Transport;7,641325629;2,210153949;2,436097119;7,867268799;ZWE;Zimbabwe;USD million
01/02/13;Other;7,647814473;1,613385729;0,564851184;6,599279928;ZWE;Zimbabwe;USD million
01/03/13;Mining;8,058263019;1,380759806;0,934013429;7,611516642;ZWE;Zimbabwe;USD million
01/03/13;Manufacturing;8,293209003;3,106685303;2,161386045;7,347909744;ZWE;Zimbabwe;USD million
01/03/13;Agriculture;5,52219484;1,304986169;1,582890568;5,800099239;ZWE;Zimbabwe;USD million
01/03/13;Energy;7,010786657;2,663582841;0,970061681;5,317265497;ZWE;Zimbabwe;USD million
01/03/13;Finance;2,261158742;0,696920631;0,346069886;1,910307997;ZWE;Zimbabwe;USD million
01/03/13;ICT;8,534982798;1,60806151;0,854790457;7,781711746;ZWE;Zimbabwe;USD million
01/03/13;Tourism;1,949448179;0,472185856;0,244050199;1,721312522;ZWE;Zimbabwe;USD million
01/03/13;Transport;1,09824396;0,143811817;0,125154536;1,079586679;ZWE;Zimbabwe;USD million
01/03/13;Other;1,610817898;0,316540919;0,35293939;1,64721637;ZWE;Zimbabwe;USD million
01/04/13;Mining;2,403104797;0,201968752;0,603972152;2,805108197;ZWE;Zimbabwe;USD million
01/04/13;Manufacturing;5,007767658;0,732517465;1,075779144;5,351029338;ZWE;Zimbabwe;USD million
01/04/13;Agriculture;4,872890524;1,007845052;0,418607948;4,28365342;ZWE;Zimbabwe;USD million
01/04/13;Energy;4,240693677;1,42146105;0,961835264;3,781067891;ZWE;Zimbabwe;USD million
01/04/13;Finance;6,149373961;1,441719333;0,980375116;5,688029744;ZWE;Zimbabwe;USD million
01/04/13;ICT;8,615059985;2,02409495;2,465133959;9,056098994;ZWE;Zimbabwe;USD million
01/04/13;Tourism;1,461960414;0,386121095;0,386516126;1,462355445;ZWE;Zimbabwe;USD million
01/04/13;Transport;6,004484838;0,836947378;1,648262172;6,815799633;ZWE;Zimbabwe;USD million
01/04/13;Other;6,213074479;0,333919349;1,935104166;7,814259296;ZWE;Zimbabwe;USD million
01/05/13;Mining;4,489890904;0,351249773;0,685235703;4,823876834;ZWE;Zimbabwe;USD million
01/05/13;Manufacturing;3,879468926;0,64979316;0,202834123;3,432509889;ZWE;Zimbabwe;USD million
01/05/13;Agriculture;2,817300556;0,221580495;0,759694584;3,355414645;ZWE;Zimbabwe;USD million
01/05/13;Energy;6,32411409;1,536252596;1,7744197;6,562281194;ZWE;Zimbabwe;USD million
01/05/13;Finance;4,883802758;1,376415963;0,740580864;4,247967659;ZWE;Zimbabwe;USD million
01/05/13;ICT;5,054406399;0,382190746;1,768651959;6,440867611;ZWE;Zimbabwe;USD million
01/05/13;Tourism;4,184325882;0,857261506;0,979597272;4,306661648;ZWE;Zimbabwe;USD million
01/05/13;Transport;9,022887275;3,181203466;2,19874493;8,040428739;ZWE;Zimbabwe;USD million
01/05/13;Other;2,553906608;1,011260507;0,891183105;2,433829207;ZWE;Zimbabwe;USD million
01/06/13;Mining;2,021617386;0,344744593;0,283996908;1,960869701;ZWE;Zimbabwe;USD million
01/06/13;Manufacturing;4,90609274;1,876843777;1,233307498;4,262556461;ZWE;Zimbabwe;USD million
01/06/13;Agriculture;5,581215316;0,533548346;1,217393154;6,265060123;ZWE;Zimbabwe;USD million
01/06/13;Energy;2,969280332;0,807967755;0,407481575;2,568794152;ZWE;Zimbabwe;USD million
01/06/13;Finance;6,992638794;1,848323616;1,287038933;6,431354111;ZWE;Zimbabwe;USD million
01/06/13;ICT;8,234524462;2,004635367;0,536299416;6,766188511;ZWE;Zimbabwe;USD million
01/06/13;Tourism;3,02191103;0,477011647;0,741383926;3,286283309;ZWE;Zimbabwe;USD million
01/06/13;Transport;1,882910818;0,657083103;0,413694474;1,639522189;ZWE;Zimbabwe;USD million
01/06/13;Other;6,947641101;2,729600227;1,225175989;5,443216863;ZWE;Zimbabwe;USD million
01/07/13;Mining;5,33022907;0,312221396;1,469388822;6,487396496;ZWE;Zimbabwe;USD million
01/07/13;Manufacturing;4,960116013;0,428164885;1,057850442;5,589801571;ZWE;Zimbabwe;USD million
01/07/13;Agriculture;9,993911049;2,091464939;2,63206217;10,53450828;ZWE;Zimbabwe;USD million
01/07/13;Energy;13,94574691;1,962624628;2,385238767;14,36836105;ZWE;Zimbabwe;USD million
01/07/13;Finance;9,380736348;0,569309201;1,847368025;10,65879517;ZWE;Zimbabwe;USD million
01/07/13;ICT;8,392067835;2,354798698;1,489464335;7,526733472;ZWE;Zimbabwe;USD million
01/07/13;Tourism;2,668915432;0,393674529;0,328743934;2,603984838;ZWE;Zimbabwe;USD million
01/07/13;Transport;5,140471915;1,230914379;1,727781711;5,637339246;ZWE;Zimbabwe;USD million
01/07/13;Other;6,509573688;1,699565507;1,259884848;6,069893029;ZWE;Zimbabwe;USD million
01/08/13;Mining;3,601040618;0,256253767;0,710275079;4,05506193;ZWE;Zimbabwe;USD million
01/08/13;Manufacturing;1,938037518;0,746710915;0,324406773;1,515733376;ZWE;Zimbabwe;USD million
01/08/13;Agriculture;8,338970081;0,966303145;1,482846166;8,855513102;ZWE;Zimbabwe;USD million
01/08/13;Energy;8,252168637;3,298361577;0,900452526;5,854259586;ZWE;Zimbabwe;USD million
01/08/13;Finance;5,954583806;1,57902654;0,736867137;5,112424403;ZWE;Zimbabwe;USD million
01/08/13;ICT;7,701871434;3,069742046;0,735702848;5,367832235;ZWE;Zimbabwe;USD million
01/08/13;Tourism;3,996305684;1,285672813;0,511505121;3,222137992;ZWE;Zimbabwe;USD million
01/08/13;Transport;11,78061211;3,961439779;2,188321666;10,00749399;ZWE;Zimbabwe;USD million
01/08/13;Other;7,751400461;1,784712497;1,69523451;7,661922474;ZWE;Zimbabwe;USD million
01/09/13;Mining;5,206394825;1,129309849;0,731749458;4,808834433;ZWE;Zimbabwe;USD million
01/09/13;Manufacturing;3,0478734;0,724156355;0,273155891;2,596872937;ZWE;Zimbabwe;USD million
01/09/13;Agriculture;6,29873446;0,774016824;1,712976399;7,237694034;ZWE;Zimbabwe;USD million
01/09/13;Energy;4,2836795;0,867127563;1,143413017;4,559964954;ZWE;Zimbabwe;USD million
01/09/13;Finance;2,614953328;1,002851201;0,447403164;2,059505291;ZWE;Zimbabwe;USD million
01/09/13;ICT;3,371413003;0,495077999;0,934098524;3,810433528;ZWE;Zimbabwe;USD million
01/09/13;Tourism;8,837128066;2,223384537;1,417549429;8,031292958;ZWE;Zimbabwe;USD million
01/09/13;Transport;14,16180588;1,984797993;4,727011411;16,90401929;ZWE;Zimbabwe;USD million
01/09/13;Other;4,246793518;1,134327747;1,286920162;4,399385932;ZWE;Zimbabwe;USD million
01/10/13;Mining;4,661801068;1,349407753;1,547409088;4,859802403;ZWE;Zimbabwe;USD million
01/10/13;Manufacturing;6,856334619;0,935658101;2,370888627;8,291565145;ZWE;Zimbabwe;USD million
01/10/13;Agriculture;3,297207049;0,430793707;1,083352965;3,949766306;ZWE;Zimbabwe;USD million
01/10/13;Energy;5,455563988;2,066554338;1,435884009;4,824893658;ZWE;Zimbabwe;USD million
01/10/13;Finance;2,223776956;0,602689498;0,383242976;2,004330434;ZWE;Zimbabwe;USD million
01/10/13;ICT;8,006862642;1,952964317;2,027539465;8,08143779;ZWE;Zimbabwe;USD million
01/10/13;Tourism;6,983380842;0,797250308;1,3860222;7,572152735;ZWE;Zimbabwe;USD million
01/10/13;Transport;1,339821784;0,48010093;0,35193449;1,211655345;ZWE;Zimbabwe;USD million
01/10/13;Other;8,343664228;2,941987194;1,693281279;7,094958313;ZWE;Zimbabwe;USD million
01/11/13;Mining;10,98963865;4,087153721;2,497402856;9,399887789;ZWE;Zimbabwe;USD million
01/11/13;Manufacturing;4,471770707;0,505524225;1,332137295;5,298383778;ZWE;Zimbabwe;USD million
01/11/13;Agriculture;4,490690419;1,281049082;0,653607032;3,863248369;ZWE;Zimbabwe;USD million
01/11/13;Energy;5,853034824;0,946603508;1,816471936;6,722903252;ZWE;Zimbabwe;USD million
01/11/13;Finance;2,643625598;0,609681021;0,488270244;2,52221482;ZWE;Zimbabwe;USD million
01/11/13;ICT;9,26604785;2,13886027;0,927272065;8,054459645;ZWE;Zimbabwe;USD million
01/11/13;Tourism;6,049962898;0,324050921;1,519298669;7,245210645;ZWE;Zimbabwe;USD million
01/11/13;Transport;2,445078349;0,836714239;0,412425196;2,020789307;ZWE;Zimbabwe;USD million
01/11/13;Other;6,74304148;1,046586097;1,576347627;7,272803011;ZWE;Zimbabwe;USD million
01/12/13;Mining;6,939382348;1,740377869;1,464266409;6,663270888;ZWE;Zimbabwe;USD million
01/12/13;Manufacturing;4,768739128;0,864158772;0,790327681;4,694908037;ZWE;Zimbabwe;USD million
01/12/13;Agriculture;1,760270778;0,165351698;0,410180798;2,005099878;ZWE;Zimbabwe;USD million
01/12/13;Energy;1,895243973;0,623250415;0,160071042;1,4320646;ZWE;Zimbabwe;USD million
01/12/13;Finance;1,461784681;0,536080514;0,270691327;1,196395493;ZWE;Zimbabwe;USD million
01/12/13;ICT;2,275335475;0,324206724;0,645301476;2,596430228;ZWE;Zimbabwe;USD million
01/12/13;Tourism;8,657954635;3,23329603;0,99013553;6,414794135;ZWE;Zimbabwe;USD million
01/12/13;Transport;5,302763737;0,310433212;1,70271701;6,695047535;ZWE;Zimbabwe;USD million
01/12/13;Other;5,835163879;0,819872478;1,952257742;6,967549144;ZWE;Zimbabwe;USD million
01/01/14;Mining;6,488341532;1,221934609;1,905548249;7,171955172;ZWE;Zimbabwe;USD million
01/01/14;Manufacturing;4,280116827;0,438662588;1,421694618;5,263148857;ZWE;Zimbabwe;USD million
01/01/14;Agriculture;3,885682235;1,130744072;1,229392655;3,984330818;ZWE;Zimbabwe;USD million
01/01/14;Energy;6,050359157;2,139631138;0,352605227;4,263333247;ZWE;Zimbabwe;USD million
01/01/14;Finance;1,431753677;0,289475086;0,132953288;1,275231879;ZWE;Zimbabwe;USD million
01/01/14;ICT;2,602683241;0,552110063;0,878919057;2,929492234;ZWE;Zimbabwe;USD million
01/01/14;Tourism;8,978959111;2,948658374;2,477657093;8,50795783;ZWE;Zimbabwe;USD million
01/01/14;Transport;3,907905317;1,284122959;1,087141605;3,710923963;ZWE;Zimbabwe;USD million
01/01/14;Other;2,678025479;0,943410195;0,146882169;1,881497452;ZWE;Zimbabwe;USD million
01/02/14;Mining;3,558679528;0,978832967;1,210336032;3,790182593;ZWE;Zimbabwe;USD million
01/02/14;Manufacturing;5,085829474;0,593837088;1,289446763;5,781439148;ZWE;Zimbabwe;USD million
01/02/14;Agriculture;9,441518806;3,544696099;1,194825697;7,091648404;ZWE;Zimbabwe;USD million
01/02/14;Energy;9,655684594;3,683134173;2,091920544;8,064470965;ZWE;Zimbabwe;USD million
01/02/14;Finance;3,109953393;0,408532261;0,667233196;3,368654327;ZWE;Zimbabwe;USD million
01/02/14;ICT;3,915232052;1,080031451;1,127534997;3,962735599;ZWE;Zimbabwe;USD million
01/02/14;Tourism;5,731401059;1,863600961;0,687583425;4,555383523;ZWE;Zimbabwe;USD million
01/02/14;Transport;8,641228133;3,079074868;0,703404417;6,265557682;ZWE;Zimbabwe;USD million
01/02/14;Other;8,082252646;0,435739646;1,852725929;9,499238929;ZWE;Zimbabwe;USD million
01/03/14;Mining;6,609261333;1,537525553;1,016957064;6,088692844;ZWE;Zimbabwe;USD million
01/03/14;Manufacturing;4,012719369;1,344296412;0,579654454;3,248077412;ZWE;Zimbabwe;USD million
01/03/14;Agriculture;2,057208654;0,458149102;0,255468096;1,854527649;ZWE;Zimbabwe;USD million
01/03/14;Energy;6,087526583;1,835446701;1,951642392;6,203722274;ZWE;Zimbabwe;USD million
01/03/14;Finance;3,337962765;0,860664268;1,070618485;3,547916983;ZWE;Zimbabwe;USD million
01/03/14;ICT;2,498337177;0,683651634;0,587233925;2,401919467;ZWE;Zimbabwe;USD million
01/03/14;Tourism;7,871377213;1,975274007;1,766251443;7,662354649;ZWE;Zimbabwe;USD million
01/03/14;Transport;4,688558854;0,305591284;0,840455843;5,223423413;ZWE;Zimbabwe;USD million
01/03/14;Other;8,408590707;3,048349137;1,794059807;7,154301377;ZWE;Zimbabwe;USD million
01/04/14;Mining;5,509054264;1,640847154;0,619199513;4,487406623;ZWE;Zimbabwe;USD million
01/04/14;Manufacturing;8,09009473;2,96914067;2,128807307;7,249761368;ZWE;Zimbabwe;USD million
01/04/14;Agriculture;2,632528351;0,224617084;0,184334294;2,592245561;ZWE;Zimbabwe;USD million
01/04/14;Energy;3,387586898;0,854094477;0,531512319;3,06500474;ZWE;Zimbabwe;USD million
01/04/14;Finance;20,04556614;6,931360527;4,678994101;17,79319972;ZWE;Zimbabwe;USD million
01/04/14;ICT;3,197999594;0,934614717;0,991881573;3,25526645;ZWE;Zimbabwe;USD million
01/04/14;Tourism;2,971170491;0,837708584;0,703172118;2,836634025;ZWE;Zimbabwe;USD million
01/04/14;Transport;2,624473482;0,758150061;0,753224429;2,61954785;ZWE;Zimbabwe;USD million
01/04/14;Other;2,100525233;0,63576991;0,246177722;1,710933046;ZWE;Zimbabwe;USD million
01/05/14;Mining;3,069872399;0,671241858;0,829684779;3,22831532;ZWE;Zimbabwe;USD million
01/05/14;Manufacturing;5,030744201;1,005693544;0,65975957;4,684810227;ZWE;Zimbabwe;USD million
01/05/14;Agriculture;7,043381409;0,970590033;0,496188873;6,568980249;ZWE;Zimbabwe;USD million
01/05/14;Energy;11,06876138;3,276859927;0,916544677;8,708446134;ZWE;Zimbabwe;USD million
01/05/14;Finance;2,29597409;0,45766036;0,191994731;2,030308461;ZWE;Zimbabwe;USD million
01/05/14;ICT;4,297351614;0,82330979;0,624748383;4,098790208;ZWE;Zimbabwe;USD million
01/05/14;Tourism;1,766790735;0,090233338;0,36955916;2,046116558;ZWE;Zimbabwe;USD million
01/05/14;Transport;5,189277943;0,314887666;0,704363247;5,578753524;ZWE;Zimbabwe;USD million
01/05/14;Other;5,270857146;0,984874731;1,657972857;5,943955271;ZWE;Zimbabwe;USD million
01/06/14;Mining;2,96272243;1,135220555;0,928387737;2,755889611;ZWE;Zimbabwe;USD million
01/06/14;Manufacturing;1,937511385;0,666607326;0,214148987;1,485053047;ZWE;Zimbabwe;USD million
01/06/14;Agriculture;4,919560081;0,699459749;1,662265604;5,882365936;ZWE;Zimbabwe;USD million
01/06/14;Energy;7,517172089;0,988525666;1,125710991;7,654357414;ZWE;Zimbabwe;USD million
01/06/14;Finance;1,790443318;0,100961918;0,472971256;2,162452656;ZWE;Zimbabwe;USD million
01/06/14;ICT;2,64138975;0,794124068;0,477338422;2,324604104;ZWE;Zimbabwe;USD million
01/06/14;Tourism;8,317204676;1,247885733;2,799080146;9,868399089;ZWE;Zimbabwe;USD million
01/06/14;Transport;4,30246253;1,517435212;0,909450946;3,694478264;ZWE;Zimbabwe;USD million
01/06/14;Other;3,558065084;0,798727882;0,988628583;3,747965785;ZWE;Zimbabwe;USD million
01/07/14;Mining;11,40100847;0,726655402;3,124517775;13,79887085;ZWE;Zimbabwe;USD million
01/07/14;Manufacturing;10,46328402;3,780587088;2,340112852;9,022809785;ZWE;Zimbabwe;USD million
01/07/14;Agriculture;8,650831812;3,431370343;0,733834803;5,953296273;ZWE;Zimbabwe;USD million
01/07/14;Energy;2,949929713;0,762683171;0,576056022;2,763302564;ZWE;Zimbabwe;USD million
01/07/14;Finance;8,841675762;2,406694893;1,239850677;7,674831546;ZWE;Zimbabwe;USD million
01/07/14;ICT;8,930254979;0,71673085;2,976739006;11,19026313;ZWE;Zimbabwe;USD million
01/07/14;Tourism;9,444111246;0,756856234;1,600932585;10,2881876;ZWE;Zimbabwe;USD million
01/07/14;Transport;2,16239975;0,678691534;0,750600468;2,234308684;ZWE;Zimbabwe;USD million
01/07/14;Other;2,236240978;0,334496028;0,38674499;2,28848994;ZWE;Zimbabwe;USD million
01/08/14;Mining;6,210879591;1,511595088;2,063842712;6,763127214;ZWE;Zimbabwe;USD million
01/08/14;Manufacturing;2,466938795;0,614087618;0,746486628;2,599337805;ZWE;Zimbabwe;USD million
01/08/14;Agriculture;7,065647963;2,487720328;1,359947487;5,937875122;ZWE;Zimbabwe;USD million
01/08/14;Energy;7,17407436;0,54052705;1,56384099;8,1973883;ZWE;Zimbabwe;USD million
01/08/14;Finance;1,553245546;0,218014477;0,41123635;1,746467419;ZWE;Zimbabwe;USD million
01/08/14;ICT;7,078037275;2,100091088;2,162735032;7,140681219;ZWE;Zimbabwe;USD million
01/08/14;Tourism;2,93238274;1,048692805;0,166507743;2,050197679;ZWE;Zimbabwe;USD million
01/08/14;Transport;6,03094079;1,638227801;1,402962961;5,79567595;ZWE;Zimbabwe;USD million
01/08/14;Other;5,898330376;1,37276977;1,879360386;6,404920992;ZWE;Zimbabwe;USD million
01/09/14;Mining;8,682216449;3,269665069;2,878957645;8,291509025;ZWE;Zimbabwe;USD million
01/09/14;Manufacturing;2,580178281;0,560660404;0,572955415;2,592473293;ZWE;Zimbabwe;USD million
01/09/14;Agriculture;7,454278134;2,773407272;1,883727687;6,564598549;ZWE;Zimbabwe;USD million
01/09/14;Energy;8,094468188;0,484785106;2,519365494;10,12904858;ZWE;Zimbabwe;USD million
01/09/14;Finance;3,894638746;0,670427938;0,408040324;3,632251132;ZWE;Zimbabwe;USD million
01/09/14;ICT;6,84992433;0,793890605;2,317385488;8,373419213;ZWE;Zimbabwe;USD million
01/09/14;Tourism;2,315141646;0,724925796;0,598423392;2,188639242;ZWE;Zimbabwe;USD million
01/09/14;Transport;4,049162939;0,348879407;0,605396745;4,305680278;ZWE;Zimbabwe;USD million
01/09/14;Other;5,515031408;2,1350361;1,052406309;4,432401617;ZWE;Zimbabwe;USD million
01/10/14;Mining;6,730392254;2,298819278;1,228663227;5,660236203;ZWE;Zimbabwe;USD million
01/10/14;Manufacturing;3,06640732;1,127256315;0,837099279;2,776250284;ZWE;Zimbabwe;USD million
01/10/14;Agriculture;4,593488202;0,681867325;0,618771529;4,530392407;ZWE;Zimbabwe;USD million
01/10/14;Energy;9,026189791;3,066280295;1,985775655;7,945685152;ZWE;Zimbabwe;USD million
01/10/14;Finance;7,563902439;2,174435367;1,379418725;6,768885798;ZWE;Zimbabwe;USD million
01/10/14;ICT;8,472847674;1,063145979;2,229977142;9,639678836;ZWE;Zimbabwe;USD million
01/10/14;Tourism;2,370816295;0,938636513;0,168031073;1,600210855;ZWE;Zimbabwe;USD million
01/10/14;Transport;9,209293169;1,477716087;0,670410803;8,401987885;ZWE;Zimbabwe;USD million
01/10/14;Other;3,509232025;0,657138423;0,542567649;3,394661251;ZWE;Zimbabwe;USD million
01/11/14;Mining;6,152678096;2,054538093;1,511224143;5,609364147;ZWE;Zimbabwe;USD million
01/11/14;Manufacturing;6,108079609;0,773907572;1,889084126;7,223256163;ZWE;Zimbabwe;USD million
01/11/14;Agriculture;5,427457935;1,727860166;0,802272267;4,501870036;ZWE;Zimbabwe;USD million
01/11/14;Energy;3,686716457;0,925377056;1,248217539;4,009556941;ZWE;Zimbabwe;USD million
01/11/14;Finance;2,451063508;0,937527188;0,265942117;1,779478437;ZWE;Zimbabwe;USD million
01/11/14;ICT;5,130911899;1,145051095;1,205550842;5,191411646;ZWE;Zimbabwe;USD million
01/11/14;Tourism;3,052919849;0,866851854;0,543185128;2,729253123;ZWE;Zimbabwe;USD million
01/11/14;Transport;5,25454757;0,534549093;0,375857767;5,095856243;ZWE;Zimbabwe;USD million
01/11/14;Other;7,107114018;0,726892221;0,415617472;6,795839269;ZWE;Zimbabwe;USD million
01/12/14;Mining;6,498954716;2,229571825;0,91224815;5,181631041;ZWE;Zimbabwe;USD million
01/12/14;Manufacturing;5,91612684;2,063260775;0,680788832;4,533654897;ZWE;Zimbabwe;USD million
01/12/14;Agriculture;7,023149774;0,91175171;1,656604057;7,768002121;ZWE;Zimbabwe;USD million
01/12/14;Energy;5,280640672;0,687214632;0,306323601;4,899749641;ZWE;Zimbabwe;USD million
01/12/14;Finance;4,274124541;1,528019288;1,078957967;3,825063219;ZWE;Zimbabwe;USD million
01/12/14;ICT;2,782857912;0,661525086;0,67861308;2,799945906;ZWE;Zimbabwe;USD million
01/12/14;Tourism;6,423934709;2,219896182;1,350529074;5,554567602;ZWE;Zimbabwe;USD million
01/12/14;Transport;4,955059232;1,567873221;0,709159906;4,096345917;ZWE;Zimbabwe;USD million
01/12/14;Other;5,158548332;1,683409305;1,689699285;5,164838312;ZWE;Zimbabwe;USD million
01/01/15;Mining;5,298887873;1,294144421;1,189801136;5,194544588;ZWE;Zimbabwe;USD million
01/01/15;Manufacturing;11,55484901;1,443024324;0,583314496;10,69513919;ZWE;Zimbabwe;USD million
01/01/15;Agriculture;1,278113953;0,116124146;0,317261861;1,479251668;ZWE;Zimbabwe;USD million
01/01/15;Energy;10,01364981;1,138054364;2,203978063;11,07957351;ZWE;Zimbabwe;USD million
01/01/15;Finance;3,048776829;0,858315405;0,592352288;2,782813712;ZWE;Zimbabwe;USD million
01/01/15;ICT;3,943333964;1,236201227;0,207679835;2,914812572;ZWE;Zimbabwe;USD million
01/01/15;Tourism;7,871611588;0,92115766;1,995431924;8,945885853;ZWE;Zimbabwe;USD million
01/01/15;Transport;1,894040929;0,662395792;0,406845879;1,638491015;ZWE;Zimbabwe;USD million
01/01/15;Other;3,703792467;0,22670948;1,105341112;4,582424099;ZWE;Zimbabwe;USD million
01/02/15;Mining;6,395786839;1,029161018;1,711777549;7,07840337;ZWE;Zimbabwe;USD million
01/02/15;Manufacturing;5,169665007;0,361376283;0,338631048;5,146919771;ZWE;Zimbabwe;USD million
01/02/15;Agriculture;7,147434027;1,029282953;1,676921941;7,795073016;ZWE;Zimbabwe;USD million
01/02/15;Energy;1,908170389;0,315240799;0,365240634;1,958170224;ZWE;Zimbabwe;USD million
01/02/15;Finance;9,072946777;2,845563342;2,579211705;8,80659514;ZWE;Zimbabwe;USD million
01/02/15;ICT;1,460943208;0,128444151;0,421722001;1,754221057;ZWE;Zimbabwe;USD million
01/02/15;Tourism;5,120785138;0,634775317;0,540297971;5,026307792;ZWE;Zimbabwe;USD million
01/02/15;Transport;6,760839562;1,563662434;1,892038685;7,089215813;ZWE;Zimbabwe;USD million
01/02/15;Other;6,396001395;1,46146711;0,441604862;5,376139147;ZWE;Zimbabwe;USD million
01/03/15;Mining;8,603235038;2,704474836;1,841967896;7,740728098;ZWE;Zimbabwe;USD million
01/03/15;Manufacturing;2,906740984;0,305187895;0,895249081;3,49680217;ZWE;Zimbabwe;USD million
01/03/15;Agriculture;1,873462987;0,343188147;0,643882333;2,174157174;ZWE;Zimbabwe;USD million
01/03/15;Energy;7,461657305;1,14422608;1,975892889;8,293324115;ZWE;Zimbabwe;USD million
01/03/15;Finance;4,366810741;0,330806926;0,241787857;4,277791672;ZWE;Zimbabwe;USD million
01/03/15;ICT;5,100934597;1,887581653;0,35553917;3,568892114;ZWE;Zimbabwe;USD million
01/03/15;Tourism;3,600990775;0,806003678;1,007993152;3,802980248;ZWE;Zimbabwe;USD million
01/03/15;Transport;5,07982972;1,406327933;1,061218041;4,734719827;ZWE;Zimbabwe;USD million
01/03/15;Other;10,35160039;1,70423541;2,473862415;11,1212274;ZWE;Zimbabwe;USD million
01/04/15;Mining;3,261268484;0,644283187;0,175412154;2,792397451;ZWE;Zimbabwe;USD million
01/04/15;Manufacturing;2,569476914;0,244626422;0,675501143;3,000351636;ZWE;Zimbabwe;USD million
01/04/15;Agriculture;5,892249127;1,057842273;0,891831106;5,726237961;ZWE;Zimbabwe;USD million
01/04/15;Energy;4,49842893;0,468049911;0,846170637;4,876549656;ZWE;Zimbabwe;USD million
01/04/15;Finance;2,944644624;0,731926169;0,58712496;2,799843414;ZWE;Zimbabwe;USD million
01/04/15;ICT;4,102882025;1,427802626;1,254864683;3,929944082;ZWE;Zimbabwe;USD million
01/04/15;Tourism;3,291983759;1,308317796;0,477417234;2,461083198;ZWE;Zimbabwe;USD million
01/04/15;Transport;5,969619319;1,451929226;1,515241221;6,032931315;ZWE;Zimbabwe;USD million
01/04/15;Other;7,739508009;2,45041274;1,769976799;7,059072069;ZWE;Zimbabwe;USD million
01/05/15;Mining;3,64800393;0,783606242;1,105937184;3,970334872;ZWE;Zimbabwe;USD million
01/05/15;Manufacturing;1,8096603;0,289304455;0,595148702;2,115504546;ZWE;Zimbabwe;USD million
01/05/15;Agriculture;8,665322747;1,625568733;0,508324186;7,548078201;ZWE;Zimbabwe;USD million
01/05/15;Energy;1,369564683;0,141127757;0,136698023;1,36513495;ZWE;Zimbabwe;USD million
01/05/15;Finance;6,057427821;2,127570072;0,32633291;4,256190659;ZWE;Zimbabwe;USD million
01/05/15;ICT;2,887151038;1,009717317;0,361567228;2,239000948;ZWE;Zimbabwe;USD million
01/05/15;Tourism;6,922877518;0,796595572;0,666098304;6,79238025;ZWE;Zimbabwe;USD million
01/05/15;Transport;6,150541608;1,351050184;0,617957924;5,417449347;ZWE;Zimbabwe;USD million
01/05/15;Other;4,826737553;0,292567831;0,257077342;4,791247063;ZWE;Zimbabwe;USD million
01/06/15;Mining;6,476693718;2,234135062;1,166588439;5,409147095;ZWE;Zimbabwe;USD million
01/06/15;Manufacturing;4,994303566;1,163380552;1,548033318;5,378956332;ZWE;Zimbabwe;USD million
01/06/15;Agriculture;5,129068395;0,89040771;0,93725993;5,175920614;ZWE;Zimbabwe;USD million
01/06/15;Energy;1,403045907;0,361809983;0,321299316;1,362535239;ZWE;Zimbabwe;USD million
01/06/15;Finance;3,429266125;1,211666123;0,707098509;2,924698511;ZWE;Zimbabwe;USD million
01/06/15;ICT;4,439902334;1,337421273;1,078058052;4,180539113;ZWE;Zimbabwe;USD million
01/06/15;Tourism;5,383560134;1,274791082;1,844132732;5,952901784;ZWE;Zimbabwe;USD million
01/06/15;Transport;6,552395247;2,305108625;1,49111395;5,738400572;ZWE;Zimbabwe;USD million
01/06/15;Other;4,013926538;0,243008444;0,897379257;4,668297351;ZWE;Zimbabwe;USD million
01/07/15;Mining;1,467462078;0,139984404;0,420357459;1,747835133;ZWE;Zimbabwe;USD million
01/07/15;Manufacturing;4,212402532;0,625117782;0,468210119;4,055494869;ZWE;Zimbabwe;USD million
01/07/15;Agriculture;8,676534288;3,227998459;2,220618956;7,669154784;ZWE;Zimbabwe;USD million
01/07/15;Energy;5,596916385;1,388407872;1,40336566;5,611874173;ZWE;Zimbabwe;USD million
01/07/15;Finance;6,266609287;0,436225468;1,296736537;7,127120355;ZWE;Zimbabwe;USD million
01/07/15;ICT;3,203253656;0,574997732;0,885399278;3,513655203;ZWE;Zimbabwe;USD million
01/07/15;Tourism;4,596521315;0,732561045;0,280906554;4,144866825;ZWE;Zimbabwe;USD million
01/07/15;Transport;3,871485007;0,572528167;1,013808152;4,312764992;ZWE;Zimbabwe;USD million
01/07/15;Other;3,732329308;1,194649988;1,162546324;3,700225645;ZWE;Zimbabwe;USD million
01/08/15;Mining;5,59930813;0,645027741;0,324573877;5,278854265;ZWE;Zimbabwe;USD million
01/08/15;Manufacturing;1,641848189;0,285611543;0,478231096;1,834467742;ZWE;Zimbabwe;USD million
01/08/15;Agriculture;11,0933075;1,889047546;2,046295114;11,25055506;ZWE;Zimbabwe;USD million
01/08/15;Energy;6,986193976;1,696134114;0,457061392;5,747121254;ZWE;Zimbabwe;USD million
01/08/15;Finance;8,610520638;2,711739711;1,845014145;7,743795072;ZWE;Zimbabwe;USD million
01/08/15;ICT;8,061455988;2,770123387;1,759770433;7,051103033;ZWE;Zimbabwe;USD million
01/08/15;Tourism;6,768142316;2,654242445;2,205681075;6,319580946;ZWE;Zimbabwe;USD million
01/08/15;Transport;4,756770255;1,464776882;1,246664844;4,538658218;ZWE;Zimbabwe;USD million
01/08/15;Other;6,365121262;2,005080648;0,722498446;5,08253906;ZWE;Zimbabwe;USD million
01/09/15;Mining;10,82372782;3,318093171;1,090935935;8,596570589;ZWE;Zimbabwe;USD million
01/09/15;Manufacturing;10,61174177;2,825553188;3,397438979;11,18362756;ZWE;Zimbabwe;USD million
01/09/15;Agriculture;3,308817618;0,715470856;0,757759805;3,351106567;ZWE;Zimbabwe;USD million
01/09/15;Energy;7,494135893;1,458690428;2,427418886;8,462864351;ZWE;Zimbabwe;USD million
01/09/15;Finance;4,650516108;0,714194166;1,399070144;5,335392087;ZWE;Zimbabwe;USD million
01/09/15;ICT;8,495523858;2,802017263;1,137262835;6,83076943;ZWE;Zimbabwe;USD million
01/09/15;Tourism;2,621444032;0,718402853;0,662050113;2,565091293;ZWE;Zimbabwe;USD million
01/09/15;Transport;5,186602588;1,850649049;1,794187345;5,130140883;ZWE;Zimbabwe;USD million
01/09/15;Other;2,312267439;0,428434127;0,476319293;2,360152605;ZWE;Zimbabwe;USD million
01/10/15;Mining;8,061820284;2,299219739;0,540854414;6,303454958;ZWE;Zimbabwe;USD million
01/10/15;Manufacturing;9,550230023;2,196647873;2,700910677;10,05449283;ZWE;Zimbabwe;USD million
01/10/15;Agriculture;1,308966887;0,282270995;0,384833781;1,411529673;ZWE;Zimbabwe;USD million
01/10/15;Energy;7,326658183;2,78305885;0,415848099;4,959447433;ZWE;Zimbabwe;USD million
01/10/15;Finance;8,147124385;1,276246499;0,588301273;7,459179159;ZWE;Zimbabwe;USD million
01/10/15;ICT;3,54248642;0,217196497;0,908961373;4,234251297;ZWE;Zimbabwe;USD million
01/10/15;Tourism;6,373600347;0,92835773;0,854564872;6,299807489;ZWE;Zimbabwe;USD million
01/10/15;Transport;2,298073536;0,233601118;0,492022706;2,556495125;ZWE;Zimbabwe;USD million
01/10/15;Other;8,376286333;1,069424489;1,25431452;8,561176363;ZWE;Zimbabwe;USD million
01/11/15;Mining;5,802684551;0,482416582;0,37317515;5,693443119;ZWE;Zimbabwe;USD million
01/11/15;Manufacturing;5,189347246;0,531287761;0,958469123;5,616528607;ZWE;Zimbabwe;USD million
01/11/15;Agriculture;8,222373776;3,175134603;0,823511809;5,870750982;ZWE;Zimbabwe;USD million
01/11/15;Energy;8,13477568;2,505936007;0,709961455;6,338801128;ZWE;Zimbabwe;USD million
01/11/15;Finance;3,187673964;0,568357067;0,290177391;2,909494287;ZWE;Zimbabwe;USD million
01/11/15;ICT;6,59084131;1,978481207;0,828305185;5,440665288;ZWE;Zimbabwe;USD million
01/11/15;Tourism;4,623182808;0,735305033;0,621836119;4,509713894;ZWE;Zimbabwe;USD million
01/11/15;Transport;2,210588741;0,246235887;0,220306601;2,184659456;ZWE;Zimbabwe;USD million
01/11/15;Other;6,220517394;2,308517591;0,416889182;4,328888984;ZWE;Zimbabwe;USD million
01/12/15;Mining;7,805719452;1,392470158;2,415796787;8,829046081;ZWE;Zimbabwe;USD million
01/12/15;Manufacturing;3,483899581;1,138154149;1,00934449;3,355089922;ZWE;Zimbabwe;USD million
01/12/15;Agriculture;3,366926635;0,502013627;0,285696084;3,150609092;ZWE;Zimbabwe;USD million
01/12/15;Energy;6,72107491;2,379215272;1,969272043;6,311131682;ZWE;Zimbabwe;USD million
01/12/15;Finance;1,192516553;0,412699951;0,136304343;0,916120945;ZWE;Zimbabwe;USD million
01/12/15;ICT;11,25057512;3,311530099;1,673381797;9,612426819;ZWE;Zimbabwe;USD million
01/12/15;Tourism;3,488121807;0,607486877;1,197656733;4,078291663;ZWE;Zimbabwe;USD million
01/12/15;Transport;3,115982927;0,269547842;0,560833831;3,407268915;ZWE;Zimbabwe;USD million
01/12/15;Other;5,283736045;0,697527291;1,718856307;6,305065061;ZWE;Zimbabwe;USD million
01/01/16;Mining;8,704724534;1,93466512;0,691177693;7,461237107;ZWE;Zimbabwe;USD million
01/01/16;Manufacturing;10,02563734;1,688830914;0,877785604;9,214592032;ZWE;Zimbabwe;USD million
01/01/16;Agriculture;6,342798468;0,527337073;1,506736127;7,322197522;ZWE;Zimbabwe;USD million
01/01/16;Energy;8,311655057;2,142498506;2,824976712;8,994133262;ZWE;Zimbabwe;USD million
01/01/16;Finance;3,179847223;0,947039621;0,682377703;2,915185304;ZWE;Zimbabwe;USD million
01/01/16;ICT;6,758021148;0,837426972;0,4484144;6,369008576;ZWE;Zimbabwe;USD million
01/01/16;Tourism;3,137015203;0,845153402;0,955439334;3,247301135;ZWE;Zimbabwe;USD million
01/01/16;Transport;8,393928527;0,453639403;0,998339059;8,938628184;ZWE;Zimbabwe;USD million
01/01/16;Other;6,946485283;2,547548606;2,19951444;6,598451117;ZWE;Zimbabwe;USD million
01/02/16;Mining;5,569392089;0,755006923;1,703835099;6,518220265;ZWE;Zimbabwe;USD million
01/02/16;Manufacturing;9,26762456;1,799116006;1,79440123;9,262909784;ZWE;Zimbabwe;USD million
01/02/16;Agriculture;9,798182112;1,07061648;1,751415696;10,47898133;ZWE;Zimbabwe;USD million
01/02/16;Energy;7,588810862;0,395711749;1,568267726;8,76136684;ZWE;Zimbabwe;USD million
01/02/16;Finance;3,019456688;0,922839999;0,501055375;2,597672064;ZWE;Zimbabwe;USD million
01/02/16;ICT;11,97200595;0,649939016;3,111769224;14,43383616;ZWE;Zimbabwe;USD million
01/02/16;Tourism;5,593995849;1,697037869;0,964232358;4,861190338;ZWE;Zimbabwe;USD million
01/02/16;Transport;4,512155649;0,862973916;0,57204463;4,221226363;ZWE;Zimbabwe;USD million
01/02/16;Other;5,611445733;1,720460775;0,552180456;4,443165414;ZWE;Zimbabwe;USD million
01/03/16;Mining;6,121311615;1,17529941;1,980661458;6,926673663;ZWE;Zimbabwe;USD million
01/03/16;Manufacturing;1,951018181;0,486156518;0,46520579;1,930067453;ZWE;Zimbabwe;USD million
01/03/16;Agriculture;4,291036942;0,730884769;0,880000291;4,440152464;ZWE;Zimbabwe;USD million
01/03/16;Energy;1,840928018;0,297133304;0,476585069;2,020379783;ZWE;Zimbabwe;USD million
01/03/16;Finance;6,866315125;1,597300336;0,735724027;6,004738816;ZWE;Zimbabwe;USD million
01/03/16;ICT;2,026552546;0,449491276;0,257577076;1,834638345;ZWE;Zimbabwe;USD million
01/03/16;Tourism;3,08223685;0,609898343;0,362197033;2,834535539;ZWE;Zimbabwe;USD million
01/03/16;Transport;14,3026347;4,783201309;1,436220453;10,95565385;ZWE;Zimbabwe;USD million
01/03/16;Other;1,688343332;0,266654717;0,441416485;1,8631051;ZWE;Zimbabwe;USD million
01/04/16;Mining;4,888512495;0,664596362;1,472916233;5,696832366;ZWE;Zimbabwe;USD million
01/04/16;Manufacturing;5,762457547;2,210402794;1,989359244;5,541413997;ZWE;Zimbabwe;USD million
01/04/16;Agriculture;2,126904626;0,567487324;0,441804792;2,001222093;ZWE;Zimbabwe;USD million
01/04/16;Energy;6,156666374;1,459570437;1,824355794;6,521451731;ZWE;Zimbabwe;USD million
01/04/16;Finance;4,471983505;0,506209032;0,558326536;4,524101009;ZWE;Zimbabwe;USD million
01/04/16;ICT;7,279750213;1,140318503;1,149338651;7,288770362;ZWE;Zimbabwe;USD million
01/04/16;Tourism;2,740020395;0,5370794;0,297302495;2,500243491;ZWE;Zimbabwe;USD million
01/04/16;Transport;2,714016474;0,583776659;0,748782757;2,879022572;ZWE;Zimbabwe;USD million
01/04/16;Other;7,192283584;0,476505507;2,052582391;8,768360469;ZWE;Zimbabwe;USD million
01/05/16;Mining;5,105005918;0,925438527;1,360535117;5,540102507;ZWE;Zimbabwe;USD million
01/05/16;Manufacturing;6,30845066;1,435640823;1,475204656;6,348014492;ZWE;Zimbabwe;USD million
01/05/16;Agriculture;1,822830503;0,644871276;0,274312538;1,452271764;ZWE;Zimbabwe;USD million
01/05/16;Energy;10,97916404;1,254484408;2,759070826;12,48375046;ZWE;Zimbabwe;USD million
01/05/16;Finance;2,132667926;0,504374249;0,411046899;2,039340576;ZWE;Zimbabwe;USD million
01/05/16;ICT;4,607421542;1,094362828;1,554675784;5,067734498;ZWE;Zimbabwe;USD million
01/05/16;Tourism;2,785002365;0,583189036;0,364254207;2,566067537;ZWE;Zimbabwe;USD million
01/05/16;Transport;3,15784576;1,051174555;0,25072482;2,357396026;ZWE;Zimbabwe;USD million
01/05/16;Other;3,078563118;0,207582177;0,490311777;3,361292718;ZWE;Zimbabwe;USD million
01/06/16;Mining;1,019612502;0,154889934;0,10660479;0,971327357;ZWE;Zimbabwe;USD million
01/06/16;Manufacturing;2,495719523;0,530035248;0,867840905;2,833525181;ZWE;Zimbabwe;USD million
01/06/16;Agriculture;6,239425219;2,237445183;1,67747264;5,679452675;ZWE;Zimbabwe;USD million
01/06/16;Energy;6,678358758;2,44524714;1,831456306;6,064567924;ZWE;Zimbabwe;USD million
01/06/16;Finance;4,18189251;1,164622361;1,084244497;4,101514646;ZWE;Zimbabwe;USD million
01/06/16;ICT;6,502394153;2,589926395;1,557857269;5,470325027;ZWE;Zimbabwe;USD million
01/06/16;Tourism;5,249285516;0,778935653;0,563697242;5,034047105;ZWE;Zimbabwe;USD million
01/06/16;Transport;2,080321094;0,563314095;0,336570114;1,853577113;ZWE;Zimbabwe;USD million
01/06/16;Other;4,400452544;0,903426424;1,45754571;4,95457183;ZWE;Zimbabwe;USD million
01/07/16;Mining;5,367077937;0,423951973;0,503451506;5,44657747;ZWE;Zimbabwe;USD million
01/07/16;Manufacturing;7,852496082;2,357504174;2,18278892;7,677780828;ZWE;Zimbabwe;USD million
01/07/16;Agriculture;2,525039313;0,611274876;0,444009469;2,357773907;ZWE;Zimbabwe;USD million
01/07/16;Energy;4,26871031;0,34659739;0,722322435;4,644435354;ZWE;Zimbabwe;USD million
01/07/16;Finance;5,81023104;0,42513647;0,886078696;6,271173265;ZWE;Zimbabwe;USD million
01/07/16;ICT;3,000443566;0,884806128;0,548376608;2,664014045;ZWE;Zimbabwe;USD million
01/07/16;Tourism;6,76844446;2,587967038;1,084399612;5,264877033;ZWE;Zimbabwe;USD million
01/07/16;Transport;5,115617315;1,12922403;1,155347697;5,141740982;ZWE;Zimbabwe;USD million
01/07/16;Other;5,178941954;0,79329583;1,439344444;5,824990569;ZWE;Zimbabwe;USD million
01/08/16;Mining;3,251159699;0,694844098;0,878377774;3,434693376;ZWE;Zimbabwe;USD million
01/08/16;Manufacturing;4,672522529;0,291589454;0,525784519;4,906717593;ZWE;Zimbabwe;USD million
01/08/16;Agriculture;2,685180528;0,323534619;0,155536941;2,51718285;ZWE;Zimbabwe;USD million
01/08/16;Energy;4,894256094;0,779987834;1,337162777;5,451431036;ZWE;Zimbabwe;USD million
01/08/16;Finance;6,111455081;1,326472334;0,648788753;5,433771499;ZWE;Zimbabwe;USD million
01/08/16;ICT;5,211268319;1,59573078;1,597589954;5,213127493;ZWE;Zimbabwe;USD million
01/08/16;Tourism;2,031853198;0,143691136;0,495692043;2,383854105;ZWE;Zimbabwe;USD million
01/08/16;Transport;7,294057196;1,968651844;0,999609095;6,325014448;ZWE;Zimbabwe;USD million
01/08/16;Other;1,657451822;0,151675449;0,40445169;1,910228063;ZWE;Zimbabwe;USD million
01/09/16;Mining;2,358862075;0,544858165;0,618806651;2,432810562;ZWE;Zimbabwe;USD million
01/09/16;Manufacturing;1,829071167;0,294718211;0,603586478;2,137939434;ZWE;Zimbabwe;USD million
01/09/16;Agriculture;9,307498424;1,659686891;1,661664064;9,309475597;ZWE;Zimbabwe;USD million
01/09/16;Energy;2,784847836;0,217215151;0,452817984;3,020450669;ZWE;Zimbabwe;USD million
01/09/16;Finance;13,23466372;3,04529013;3,265385528;13,45475912;ZWE;Zimbabwe;USD million
01/09/16;ICT;2,023809809;0,722817548;0,103767165;1,404759427;ZWE;Zimbabwe;USD million
01/09/16;Tourism;6,485867148;0,347020809;0,359242236;6,498088575;ZWE;Zimbabwe;USD million
01/09/16;Transport;12,19058147;2,467528009;1,958886946;11,6819404;ZWE;Zimbabwe;USD million
01/09/16;Other;8,371385597;3,265588938;1,73108953;6,83688619;ZWE;Zimbabwe;USD million
01/10/16;Mining;2,741483722;0,981056236;0,782359276;2,542786762;ZWE;Zimbabwe;USD million
01/10/16;Manufacturing;5,607358674;1,173935763;1,454075002;5,887497914;ZWE;Zimbabwe;USD million
01/10/16;Agriculture;4,606729523;0,370407679;1,090949146;5,32727099;ZWE;Zimbabwe;USD million
01/10/16;Energy;6,795862383;0,71218937;0,695066439;6,778739452;ZWE;Zimbabwe;USD million
01/10/16;Finance;7,206130076;1,779909208;2,293257067;7,719477936;ZWE;Zimbabwe;USD million
01/10/16;ICT;3,83770596;1,123278203;1,228834615;3,943262372;ZWE;Zimbabwe;USD million
01/10/16;Tourism;2,048934552;0,743899908;0,623528259;1,928562903;ZWE;Zimbabwe;USD million
01/10/16;Transport;3,611819162;0,958626113;0,326693382;2,979886431;ZWE;Zimbabwe;USD million
01/10/16;Other;5,457418873;1,642725253;0,327211338;4,141904959;ZWE;Zimbabwe;USD million
01/11/16;Mining;2,47089547;0,65052834;0,786656096;2,607023227;ZWE;Zimbabwe;USD million
01/11/16;Manufacturing;9,960291349;1,50008911;0,499734699;8,959936938;ZWE;Zimbabwe;USD million
01/11/16;Agriculture;7,714847974;2,444756947;1,731716702;7,00180773;ZWE;Zimbabwe;USD million
01/11/16;Energy;4,686016174;1,378714837;0,310618554;3,617919891;ZWE;Zimbabwe;USD million
01/11/16;Finance;8,78461683;1,732922119;3,000541431;10,05223614;ZWE;Zimbabwe;USD million
01/11/16;ICT;7,856299709;0,420843247;2,195535319;9,630991781;ZWE;Zimbabwe;USD million
01/11/16;Tourism;4,955234454;1,44128588;1,655180439;5,169129012;ZWE;Zimbabwe;USD million
01/11/16;Transport;4,430817788;1,204871107;0,345065293;3,571011975;ZWE;Zimbabwe;USD million
01/11/16;Other;6,737535101;2,273862761;1,475111784;5,938784124;ZWE;Zimbabwe;USD million
01/12/16;Mining;3,04559184;1,196690243;0,403335235;2,252236831;ZWE;Zimbabwe;USD million
01/12/16;Manufacturing;2,887536992;0,83133354;0,427399885;2,483603338;ZWE;Zimbabwe;USD million
01/12/16;Agriculture;3,604754151;0,833864055;0,928410666;3,699300762;ZWE;Zimbabwe;USD million
01/12/16;Energy;4,733885974;1,698189617;1,017317976;4,053014334;ZWE;Zimbabwe;USD million
01/12/16;Finance;1,39702103;0,190255955;0,405595305;1,612360381;ZWE;Zimbabwe;USD million
01/12/16;ICT;6,549615485;1,52222095;1,794528206;6,821922741;ZWE;Zimbabwe;USD million
01/12/16;Tourism;9,731843277;2,709667129;3,200000521;10,22217667;ZWE;Zimbabwe;USD million
01/12/16;Transport;7,067231272;1,754599821;1,357866756;6,670498206;ZWE;Zimbabwe;USD million
01/12/16;Other;7,555885332;2,560607835;2,441416701;7,436694198;ZWE;Zimbabwe;USD million
01/01/17;Mining;3,686823348;0,771385867;0,746635227;3,662072708;ZWE;Zimbabwe;USD million
01/01/17;Manufacturing;2,428499617;0,175879925;0,485624047;2,738243738;ZWE;Zimbabwe;USD million
01/01/17;Agriculture;1,393310252;0,308924011;0,480024515;1,564410756;ZWE;Zimbabwe;USD million
01/01/17;Energy;3,485279295;0,773908897;0,957372176;3,668742573;ZWE;Zimbabwe;USD million
01/01/17;Finance;3,888779308;0,786037248;1,124800184;4,227542245;ZWE;Zimbabwe;USD million
01/01/17;ICT;3,415009277;0,194360809;0,761412347;3,982060815;ZWE;Zimbabwe;USD million
01/01/17;Tourism;9,207436724;0,584917668;2,173728207;10,79624726;ZWE;Zimbabwe;USD million
01/01/17;Transport;3,633660659;1,233892933;1,029475182;3,429242908;ZWE;Zimbabwe;USD million
01/01/17;Other;8,496417913;0,912545205;1,475287241;9,059159949;ZWE;Zimbabwe;USD million
01/02/17;Mining;7,335688365;1,814806846;1,458215256;6,979096775;ZWE;Zimbabwe;USD million
01/02/17;Manufacturing;7,672889581;1,481814767;0,690487658;6,881562471;ZWE;Zimbabwe;USD million
01/02/17;Agriculture;2,699869488;0,381058953;0,856896348;3,175706883;ZWE;Zimbabwe;USD million
01/02/17;Energy;11,16346494;4,31099995;3,752781191;10,60524618;ZWE;Zimbabwe;USD million
01/02/17;Finance;7,869178017;1,631332486;0,971235655;7,209081186;ZWE;Zimbabwe;USD million
01/02/17;ICT;3,712679158;0,213894299;0,389904173;3,888689032;ZWE;Zimbabwe;USD million
01/02/17;Tourism;8,05648354;0,442560379;1,156391663;8,770314824;ZWE;Zimbabwe;USD million
01/02/17;Transport;9,410928949;1,408101384;1,157978504;9,160806069;ZWE;Zimbabwe;USD million
01/02/17;Other;4,831230222;0,414871466;1,089442815;5,505801571;ZWE;Zimbabwe;USD million
01/03/17;Mining;6,834058354;0,651261287;2,277057251;8,459854318;ZWE;Zimbabwe;USD million
01/03/17;Manufacturing;6,714887718;1,589703486;0,383114311;5,508298543;ZWE;Zimbabwe;USD million
01/03/17;Agriculture;4,010090788;1,438936745;0,702955167;3,27410921;ZWE;Zimbabwe;USD million
01/03/17;Energy;7,726968959;0,491655214;1,192707349;8,428021094;ZWE;Zimbabwe;USD million
01/03/17;Finance;6,416524556;1,978412641;2,21496499;6,653076906;ZWE;Zimbabwe;USD million
01/03/17;ICT;8,203877692;2,572927333;0,685177494;6,316127854;ZWE;Zimbabwe;USD million
01/03/17;Tourism;5,859515794;1,403776638;0,501876907;4,957616063;ZWE;Zimbabwe;USD million
01/03/17;Transport;5,854038385;1,592896763;1,092614378;5,353756;ZWE;Zimbabwe;USD million
01/03/17;Other;4,382439908;0,379178204;0,31294961;4,316211314;ZWE;Zimbabwe;USD million
01/04/17;Mining;11,17345627;0,936782958;2,493712824;12,73038614;ZWE;Zimbabwe;USD million
01/04/17;Manufacturing;2,441769287;0,444140891;0,617998293;2,615626689;ZWE;Zimbabwe;USD million
01/04/17;Agriculture;7,863795384;3,023375557;1,182077927;6,022497754;ZWE;Zimbabwe;USD million
01/04/17;Energy;4,658069049;0,243590705;0,713864141;5,128342484;ZWE;Zimbabwe;USD million
01/04/17;Finance;3,573500734;0,332430467;0,789636224;4,030706491;ZWE;Zimbabwe;USD million
01/04/17;ICT;4,695600405;0,803257208;1,086867117;4,979210313;ZWE;Zimbabwe;USD million
01/04/17;Tourism;3,179315509;0,571528635;0,609988059;3,217774932;ZWE;Zimbabwe;USD million
01/04/17;Transport;2,378017689;0,818515048;0,152298002;1,711800643;ZWE;Zimbabwe;USD million
01/04/17;Other;2,506044252;0,357199322;0,756422197;2,905267127;ZWE;Zimbabwe;USD million
01/05/17;Mining;4,057067225;0,221219056;0,322015722;4,157863891;ZWE;Zimbabwe;USD million
01/05/17;Manufacturing;5,267938197;2,035192108;1,733884344;4,966630433;ZWE;Zimbabwe;USD million
01/05/17;Agriculture;5,079138261;0,470365065;1,147172813;5,755946008;ZWE;Zimbabwe;USD million
01/05/17;Energy;4,113957185;1,386401128;1,209111206;3,936667264;ZWE;Zimbabwe;USD million
01/05/17;Finance;11,12392984;3,375079623;0,746615598;8,495465818;ZWE;Zimbabwe;USD million
01/05/17;ICT;4,5841492;0,860280586;0,91744165;4,641310264;ZWE;Zimbabwe;USD million
01/05/17;Tourism;9,052509017;0,611172044;0,891370805;9,332707779;ZWE;Zimbabwe;USD million
01/05/17;Transport;7,019481538;0,760143377;2,376165986;8,635504146;ZWE;Zimbabwe;USD million
01/05/17;Other;2,769529908;0,614012153;0,965611332;3,121129087;ZWE;Zimbabwe;USD million
01/06/17;Mining;5,452938621;1,062771343;1,721680493;6,111847771;ZWE;Zimbabwe;USD million
01/06/17;Manufacturing;3,405979772;0,54580688;0,238478702;3,098651594;ZWE;Zimbabwe;USD million
01/06/17;Agriculture;3,413080827;0,786456163;1,150348178;3,776972842;ZWE;Zimbabwe;USD million
01/06/17;Energy;9,173149198;2,182695567;2,013170538;9,003624169;ZWE;Zimbabwe;USD million
01/06/17;Finance;8,934995884;3,543616723;1,642372317;7,033751478;ZWE;Zimbabwe;USD million
01/06/17;ICT;3,711320099;0,798699152;0,991691159;3,904312106;ZWE;Zimbabwe;USD million
01/06/17;Tourism;8,194114622;1,263983988;0,702675773;7,632806407;ZWE;Zimbabwe;USD million
01/06/17;Transport;5,76131661;0,739535349;1,688531975;6,710313236;ZWE;Zimbabwe;USD million
01/06/17;Other;5,435358449;1,55203509;1,832474289;5,715797647;ZWE;Zimbabwe;USD million
01/07/17;Mining;7,645411734;1,502756351;0,670623039;6,813278421;ZWE;Zimbabwe;USD million
01/07/17;Manufacturing;5,70712092;1,840252298;1,186452968;5,05332159;ZWE;Zimbabwe;USD million
01/07/17;Agriculture;3,217826929;0,624144926;0,352831563;2,946513566;ZWE;Zimbabwe;USD million
01/07/17;Energy;4,662710896;1,128683032;0,51900944;4,053037305;ZWE;Zimbabwe;USD million
01/07/17;Finance;3,603521541;0,415714752;0,696998552;3,884805341;ZWE;Zimbabwe;USD million
01/07/17;ICT;4,484226206;1,664444836;1,168920261;3,988701631;ZWE;Zimbabwe;USD million
01/07/17;Tourism;1,944784366;0,203980286;0,319087773;2,059891853;ZWE;Zimbabwe;USD million
01/07/17;Transport;3,095037724;1,015139889;0,482051662;2,561949498;ZWE;Zimbabwe;USD million
01/07/17;Other;4,730186985;0,845177018;1,084426061;4,969436028;ZWE;Zimbabwe;USD million
01/08/17;Mining;7,9139279;1,052581776;0,630861987;7,492208112;ZWE;Zimbabwe;USD million
01/08/17;Manufacturing;8,900337748;0,974343777;2,581515365;10,50750934;ZWE;Zimbabwe;USD million
01/08/17;Agriculture;3,682384054;0,924929732;0,928709223;3,686163545;ZWE;Zimbabwe;USD million
01/08/17;Energy;7,449886714;1,705584884;0,46607373;6,210375561;ZWE;Zimbabwe;USD million
01/08/17;Finance;6,303692027;1,244306831;0,38306097;5,442446166;ZWE;Zimbabwe;USD million
01/08/17;ICT;4,985075552;1,694043007;1,019621482;4,310654027;ZWE;Zimbabwe;USD million
01/08/17;Tourism;1,830309152;0,728939298;0,609751457;1,711121311;ZWE;Zimbabwe;USD million
01/08/17;Transport;3,327426837;0,345911026;0,540425958;3,521941768;ZWE;Zimbabwe;USD million
01/08/17;Other;7,019012188;0,954034482;1,895630508;7,960608215;ZWE;Zimbabwe;USD million
01/09/17;Mining;3,116378544;1,202110934;0,766571058;2,680838668;ZWE;Zimbabwe;USD million
01/09/17;Manufacturing;2,33681186;0,596184707;0,426295489;2,166922643;ZWE;Zimbabwe;USD million
01/09/17;Agriculture;2,755012117;0,569388972;0,253778142;2,439401287;ZWE;Zimbabwe;USD million
01/09/17;Energy;9,006434104;1,833246401;1,629642206;8,802829908;ZWE;Zimbabwe;USD million
01/09/17;Finance;5,010414835;1,125458856;1,230945595;5,115901574;ZWE;Zimbabwe;USD million
01/09/17;ICT;5,490725927;0,499788613;1,506105511;6,497042824;ZWE;Zimbabwe;USD million
01/09/17;Tourism;1,890962163;0,562336939;0,379393345;1,708018569;ZWE;Zimbabwe;USD million
01/09/17;Transport;5,200966458;1,911956683;0,917731072;4,206740848;ZWE;Zimbabwe;USD million
01/09/17;Other;3,713205288;1,419480606;0,683712072;2,977436753;ZWE;Zimbabwe;USD million
01/10/17;Mining;4,704361436;1,200904426;0,2477704;3,75122741;ZWE;Zimbabwe;USD million
01/10/17;Manufacturing;3,406463146;0,818024985;0,65859559;3,247033751;ZWE;Zimbabwe;USD million
01/10/17;Agriculture;6,177705023;1,017624846;1,323302279;6,483382456;ZWE;Zimbabwe;USD million
01/10/17;Energy;7,118403462;1,89970109;1,074372789;6,293075161;ZWE;Zimbabwe;USD million
01/10/17;Finance;5,391971379;0,302968937;0,843883167;5,932885609;ZWE;Zimbabwe;USD million
01/10/17;ICT;6,444395548;1,627074876;2,097690884;6,915011555;ZWE;Zimbabwe;USD million
01/10/17;Tourism;6,306168855;1,743559211;2,075852321;6,638461965;ZWE;Zimbabwe;USD million
01/10/17;Transport;4,359738352;0,291308929;1,249509347;5,31793877;ZWE;Zimbabwe;USD million
01/10/17;Other;6,287659517;1,606199518;1,683008591;6,364468589;ZWE;Zimbabwe;USD million
01/11/17;Mining;1,450362451;0,509823027;0,168981593;1,109521017;ZWE;Zimbabwe;USD million
01/11/17;Manufacturing;2,943683732;0,59482579;0,835093624;3,183951566;ZWE;Zimbabwe;USD million
01/11/17;Agriculture;7,799048869;1,161089047;1,857534278;8,4954941;ZWE;Zimbabwe;USD million
01/11/17;Energy;6,954277668;2,434949182;0,483638984;5,00296747;ZWE;Zimbabwe;USD million
01/11/17;Finance;3,718049212;1,174692082;0,748821928;3,292179058;ZWE;Zimbabwe;USD million
01/11/17;ICT;2,699218979;0,306989738;0,925255518;3,317484759;ZWE;Zimbabwe;USD million
01/11/17;Tourism;1,913923914;0,175508146;0,225821645;1,964237413;ZWE;Zimbabwe;USD million
01/11/17;Transport;2,217202982;0,723646899;0,517089152;2,010645234;ZWE;Zimbabwe;USD million
01/11/17;Other;5,037741434;1,374896431;1,296984012;4,959829015;ZWE;Zimbabwe;USD million
01/12/17;Mining;4,395385692;0,46015803;1,456170753;5,391398415;ZWE;Zimbabwe;USD million
01/12/17;Manufacturing;8,140551577;0,691697403;1,749642274;9,198496447;ZWE;Zimbabwe;USD million
01/12/17;Agriculture;5,653145024;1,982048219;0,950182516;4,621279321;ZWE;Zimbabwe;USD million
01/12/17;Energy;1,981283714;0,231562256;0,429587934;2,179309393;ZWE;Zimbabwe;USD million
01/12/17;Finance;4,779647643;1,022584863;0,533700158;4,290762938;ZWE;Zimbabwe;USD million
01/12/17;ICT;8,578710655;0,982024808;0,638455977;8,235141823;ZWE;Zimbabwe;USD million
01/12/17;Tourism;6,830787246;2,525699945;0,956510282;5,261597583;ZWE;Zimbabwe;USD million
01/12/17;Transport;11,16932741;3,188933937;2,560193337;10,54058681;ZWE;Zimbabwe;USD million
01/12/17;Other;1,435041531;0,310619914;0,075104618;1,199526235;ZWE;Zimbabwe;USD million
01/01/18;Mining;10,23908221;3,457945045;0,579379494;7,360516656;ZWE;Zimbabwe;USD million
01/01/18;Manufacturing;7,362005785;0,890567141;1,400416717;7,871855362;ZWE;Zimbabwe;USD million
01/01/18;Agriculture;5,876727519;1,194359782;1,985475284;6,667843021;ZWE;Zimbabwe;USD million
01/01/18;Energy;9,808171654;1,913141173;3,204980986;11,10001147;ZWE;Zimbabwe;USD million
01/01/18;Finance;3,388672795;1,202247586;0,25581167;2,442236879;ZWE;Zimbabwe;USD million
01/01/18;ICT;0,790864518;0,080258226;0,082826823;0,793433115;ZWE;Zimbabwe;USD million
01/01/18;Tourism;13,3547459;1,19157109;3,662667674;15,82584248;ZWE;Zimbabwe;USD million
01/01/18;Transport;7,502627283;1,956987463;1,011253259;6,556893079;ZWE;Zimbabwe;USD million
01/01/18;Other;7,298198808;1,729097689;2,210469497;7,779570616;ZWE;Zimbabwe;USD million
01/02/18;Mining;3,257374893;0,980171089;0,263141668;2,540345473;ZWE;Zimbabwe;USD million
01/02/18;Manufacturing;2,989173047;1,176170274;0,560375657;2,373378429;ZWE;Zimbabwe;USD million
01/02/18;Agriculture;7,106389773;2,609426888;0,846160979;5,343123864;ZWE;Zimbabwe;USD million
01/02/18;Energy;4,093668569;1,276508026;0,842815514;3,659976057;ZWE;Zimbabwe;USD million
01/02/18;Finance;6,359985964;0,563836193;1,372836777;7,168986548;ZWE;Zimbabwe;USD million
01/02/18;ICT;3,886380231;1,071931899;0,716392691;3,530841023;ZWE;Zimbabwe;USD million
01/02/18;Tourism;3,437885646;0,639025775;1,014007773;3,812867644;ZWE;Zimbabwe;USD million
01/02/18;Transport;4,977702145;0,859744546;0,936044801;5,0540024;ZWE;Zimbabwe;USD million
01/02/18;Other;4,693775755;0,563139852;1,358791936;5,489427839;ZWE;Zimbabwe;USD million
01/03/18;Mining;5,848087061;1,093551049;1,645561393;6,400097404;ZWE;Zimbabwe;USD million
01/03/18;Manufacturing;9,230546148;0,718159746;0,870330343;9,382716745;ZWE;Zimbabwe;USD million
01/03/18;Agriculture;7,162866958;0,984962878;1,485653694;7,663557775;ZWE;Zimbabwe;USD million
01/03/18;Energy;2,804515927;0,238473201;0,529621466;3,095664191;ZWE;Zimbabwe;USD million
01/03/18;Finance;2,054018448;0,435097773;0,57157503;2,190495705;ZWE;Zimbabwe;USD million
01/03/18;ICT;8,702037039;2,925227865;0,873179738;6,649988912;ZWE;Zimbabwe;USD million
01/03/18;Tourism;7,544107904;0,46137866;1,10914578;8,191875024;ZWE;Zimbabwe;USD million
01/03/18;Transport;2,002778388;0,411664088;0,333296284;1,924410584;ZWE;Zimbabwe;USD million
01/03/18;Other;2,398941767;0,708738314;0,686567974;2,376771428;ZWE;Zimbabwe;USD million
01/04/18;Mining;2,60758341;0,770734647;0,573382488;2,410231251;ZWE;Zimbabwe;USD million
01/04/18;Manufacturing;7,855504712;2,764127244;0,7906897;5,882067168;ZWE;Zimbabwe;USD million
01/04/18;Agriculture;6,135674541;0,982815242;0,374012103;5,526871402;ZWE;Zimbabwe;USD million
01/04/18;Energy;4,984222051;0,367006731;1,434364597;6,051579917;ZWE;Zimbabwe;USD million
01/04/18;Finance;5,226887954;1,348566836;0,715041438;4,593362556;ZWE;Zimbabwe;USD million
01/04/18;ICT;4,215338395;1,617570722;0,781580137;3,379347809;ZWE;Zimbabwe;USD million
01/04/18;Tourism;1,89957339;0,182981885;0,225925005;1,94251651;ZWE;Zimbabwe;USD million
01/04/18;Transport;5,150747683;2,04474821;0,659848821;3,765848294;ZWE;Zimbabwe;USD million
01/04/18;Other;4,489769295;1,276544221;1,38911947;4,602344543;ZWE;Zimbabwe;USD million
01/05/18;Mining;5,255773756;0,269205929;1,218762014;6,205329841;ZWE;Zimbabwe;USD million
01/05/18;Manufacturing;3,777206923;0,508944363;1,172439248;4,440701808;ZWE;Zimbabwe;USD million
01/05/18;Agriculture;5,069406997;1,963584861;1,65742324;4,763245377;ZWE;Zimbabwe;USD million
01/05/18;Energy;5,397959632;0,754748233;0,525809793;5,169021192;ZWE;Zimbabwe;USD million
01/05/18;Finance;2,51263962;0,370506657;0,412876562;2,555009525;ZWE;Zimbabwe;USD million
01/05/18;ICT;5,898497523;1,883538222;1,408429198;5,423388499;ZWE;Zimbabwe;USD million
01/05/18;Tourism;1,179506452;0,113774695;0,380569212;1,446300968;ZWE;Zimbabwe;USD million
01/05/18;Transport;4,26765877;0,966193775;0,971946875;4,273411869;ZWE;Zimbabwe;USD million
01/05/18;Other;5,39439878;0,748529608;0,571142959;5,217012131;ZWE;Zimbabwe;USD million
01/06/18;Mining;4,867274604;1,438157784;0,921251943;4,350368763;ZWE;Zimbabwe;USD million
01/06/18;Manufacturing;1,880026859;0,52112254;0,603550771;1,962455089;ZWE;Zimbabwe;USD million
01/06/18;Agriculture;3,686000416;0,342430189;0,18934188;3,532912107;ZWE;Zimbabwe;USD million
01/06/18;Energy;6,693206717;1,055446619;0,942556173;6,580316272;ZWE;Zimbabwe;USD million
01/06/18;Finance;5,49547633;1,050983449;1,78770525;6,232198131;ZWE;Zimbabwe;USD million
01/06/18;ICT;4,174633674;1,385550639;0,739228767;3,528311802;ZWE;Zimbabwe;USD million
01/06/18;Tourism;7,825222355;1,655539646;1,939478141;8,10916085;ZWE;Zimbabwe;USD million
01/06/18;Transport;3,093463337;0,952272165;0,674943467;2,81613464;ZWE;Zimbabwe;USD million
01/06/18;Other;2,117744927;0,41956456;0,147759486;1,845939853;ZWE;Zimbabwe;USD million
01/07/18;Mining;2,335777877;0,773503188;0,365206466;1,927481154;ZWE;Zimbabwe;USD million
01/07/18;Manufacturing;5,293618526;1,185150397;1,837911806;5,946379934;ZWE;Zimbabwe;USD million
01/07/18;Agriculture;4,130163446;0,438210782;1,420305497;5,112258162;ZWE;Zimbabwe;USD million
01/07/18;Energy;4,528647498;0,429168862;0,309942652;4,409421288;ZWE;Zimbabwe;USD million
01/07/18;Finance;4,435663171;1,251248297;0,309686856;3,49410173;ZWE;Zimbabwe;USD million
01/07/18;ICT;1,594078987;0,380241947;0,549911591;1,76374863;ZWE;Zimbabwe;USD million
01/07/18;Tourism;4,728811994;1,807534021;0,844568012;3,765845984;ZWE;Zimbabwe;USD million
01/07/18;Transport;7,8167219;0,748503762;0,523743543;7,591961681;ZWE;Zimbabwe;USD million
01/07/18;Other;3,623554376;0,503808424;0,472859247;3,5926052;ZWE;Zimbabwe;USD million
01/08/18;Mining;5,479959971;0,279418744;1,906969105;7,107510332;ZWE;Zimbabwe;USD million
01/08/18;Manufacturing;3,714883271;1,419693949;0,425197585;2,720386906;ZWE;Zimbabwe;USD million
01/08/18;Agriculture;4,403458115;1,129561537;1,270681613;4,54457819;ZWE;Zimbabwe;USD million
01/08/18;Energy;5,269733036;0,387538978;1,012837305;5,895031363;ZWE;Zimbabwe;USD million
01/08/18;Finance;2,446967797;0,614109487;0,796463596;2,629321906;ZWE;Zimbabwe;USD million
01/08/18;ICT;8,309836065;1,689004281;1,260236745;7,881068528;ZWE;Zimbabwe;USD million
01/08/18;Tourism;4,944958118;1,901588234;1,69625811;4,739627995;ZWE;Zimbabwe;USD million
01/08/18;Transport;4,048267406;1,35332756;1,32225007;4,017189916;ZWE;Zimbabwe;USD million
01/08/18;Other;3,764296236;1,052771444;1,160168491;3,871693283;ZWE;Zimbabwe;USD million
01/09/18;Mining;1,524701502;0,372745211;0,325850577;1,477806868;ZWE;Zimbabwe;USD million
01/09/18;Manufacturing;6,505262247;2,322481762;0,628050555;4,81083104;ZWE;Zimbabwe;USD million
01/09/18;Agriculture;2,035313447;0,258655571;0,347727356;2,124385231;ZWE;Zimbabwe;USD million
01/09/18;Energy;8,599687385;1,458955965;1,880691252;9,021422672;ZWE;Zimbabwe;USD million
01/09/18;Finance;2,289267003;0,896640336;0,722941704;2,115568371;ZWE;Zimbabwe;USD million
01/09/18;ICT;6,652605076;0,645318965;0,998067221;7,005353332;ZWE;Zimbabwe;USD million
01/09/18;Tourism;5,627178479;1,489201099;0,410717979;4,548695359;ZWE;Zimbabwe;USD million
01/09/18;Transport;2,623809979;0,168767238;0,241478864;2,696521605;ZWE;Zimbabwe;USD million
01/09/18;Other;5,166023888;0,46229252;1,713133374;6,416864742;ZWE;Zimbabwe;USD million
01/10/18;Mining;5,659273399;0,400542543;1,065219295;6,323950152;ZWE;Zimbabwe;USD million
01/10/18;Manufacturing;2,297894046;0,816078286;0,466747306;1,948563067;ZWE;Zimbabwe;USD million
01/10/18;Agriculture;9,386612841;2,892981684;1,539398885;8,033030042;ZWE;Zimbabwe;USD million
01/10/18;Energy;3,395357603;0,583997515;0,825465733;3,63682582;ZWE;Zimbabwe;USD million
01/10/18;Finance;5,863098136;1,935108726;1,154046507;5,082035916;ZWE;Zimbabwe;USD million
01/10/18;ICT;5,222026551;1,493569611;0,814866497;4,543323436;ZWE;Zimbabwe;USD million
01/10/18;Tourism;10,83077441;2,79895105;1,462404508;9,494227872;ZWE;Zimbabwe;USD million
01/10/18;Transport;2,211199506;0,479065516;0,684183576;2,416317566;ZWE;Zimbabwe;USD million
01/10/18;Other;3,588747713;1,375730735;0,603441131;2,816458109;ZWE;Zimbabwe;USD million
01/11/18;Mining;4,234290136;1,688503245;0,312153856;2,857940748;ZWE;Zimbabwe;USD million
01/11/18;Manufacturing;2,364031305;0,417609074;0,285629434;2,232051665;ZWE;Zimbabwe;USD million
01/11/18;Agriculture;6,796659057;1,050049573;1,995946015;7,742555499;ZWE;Zimbabwe;USD million
01/11/18;Energy;11,38078736;4,292734509;3,00236622;10,09041907;ZWE;Zimbabwe;USD million
01/11/18;Finance;7,219306469;2,699113263;1,998499988;6,518693194;ZWE;Zimbabwe;USD million
01/11/18;ICT;4,8165987;0,57166948;1,327360982;5,572290201;ZWE;Zimbabwe;USD million
01/11/18;Tourism;4,43602448;0,861805552;0,434411225;4,008630153;ZWE;Zimbabwe;USD million
01/11/18;Transport;1,239061828;0,093895671;0,342911827;1,488077985;ZWE;Zimbabwe;USD million
01/11/18;Other;8,308902094;0,491181014;2,878355032;10,69607611;ZWE;Zimbabwe;USD million
01/12/18;Mining;11,12230535;3,266789093;2,535632145;10,3911484;ZWE;Zimbabwe;USD million
01/12/18;Manufacturing;3,262476488;1,006514155;1,017379047;3,27334138;ZWE;Zimbabwe;USD million
01/12/18;Agriculture;3,634607056;0,644934654;0,848763484;3,838435885;ZWE;Zimbabwe;USD million
01/12/18;Energy;2,408252263;0,506547985;0,443728371;2,345432648;ZWE;Zimbabwe;USD million
01/12/18;Finance;4,915984491;0,48309179;0,279267891;4,712160592;ZWE;Zimbabwe;USD million
01/12/18;ICT;10,04330056;1,038376923;1,604547782;10,60947142;ZWE;Zimbabwe;USD million
01/12/18;Tourism;1,263651494;0,359769617;0,077138205;0,981020082;ZWE;Zimbabwe;USD million
01/12/18;Transport;9,784629696;1,559257893;2,059625459;10,28499726;ZWE;Zimbabwe;USD million
01/12/18;Other;6,40110629;0,898620919;0,664494453;6,166979824;ZWE;Zimbabwe;USD million
01/01/19;Mining;4,746233709;0,359423261;0,602187698;4,988998146;ZWE;Zimbabwe;USD million
01/01/19;Manufacturing;3,246166277;0,602229631;0,887782065;3,53171871;ZWE;Zimbabwe;USD million
01/01/19;Agriculture;5,987211641;0,382540306;1,077905426;6,68257676;ZWE;Zimbabwe;USD million
01/01/19;Energy;7,154152154;0,525842478;1,076159501;7,704469178;ZWE;Zimbabwe;USD million
01/01/19;Finance;6,310623087;0,506028553;0,630743111;6,435337645;ZWE;Zimbabwe;USD million
01/01/19;ICT;1,974547094;0,457544972;0,229682276;1,746684397;ZWE;Zimbabwe;USD million
01/01/19;Tourism;1,596904615;0,529354318;0,418277716;1,485828013;ZWE;Zimbabwe;USD million
01/01/19;Transport;4,138204733;0,25344011;0,600631803;4,485396426;ZWE;Zimbabwe;USD million
01/01/19;Other;3,531137267;0,430330885;1,044785287;4,145591669;ZWE;Zimbabwe;USD million
01/02/19;Mining;5,800414893;1,503115137;0,934303258;5,231603014;ZWE;Zimbabwe;USD million
01/02/19;Manufacturing;6,014728329;1,243557899;0,902100522;5,673270953;ZWE;Zimbabwe;USD million
01/02/19;Agriculture;2,757846138;1,013487931;0,194363703;1,93872191;ZWE;Zimbabwe;USD million
01/02/19;Energy;4,792766542;1,447987795;0,93559197;4,280370717;ZWE;Zimbabwe;USD million
01/02/19;Finance;1,668586416;0,248680352;0,10911513;1,529021193;ZWE;Zimbabwe;USD million
01/02/19;ICT;6,304836801;1,867590786;1,69092272;6,128168735;ZWE;Zimbabwe;USD million
01/02/19;Tourism;1,520567585;0,486494685;0,451531292;1,485604192;ZWE;Zimbabwe;USD million
01/02/19;Transport;3,76290083;0,861203981;1,289030211;4,190727059;ZWE;Zimbabwe;USD million
01/02/19;Other;10,16346551;2,948830481;0,833146202;8,047781226;ZWE;Zimbabwe;USD million
01/03/19;Mining;9,494447092;3,39517318;1,950110076;8,049383989;ZWE;Zimbabwe;USD million
01/03/19;Manufacturing;5,631203909;1,911482673;1,693974164;5,413695399;ZWE;Zimbabwe;USD million
01/03/19;Agriculture;2,455083125;0,916308655;0,227949351;1,766723821;ZWE;Zimbabwe;USD million
01/03/19;Energy;5,271725097;1,547911624;1,718998551;5,442812023;ZWE;Zimbabwe;USD million
01/03/19;Finance;7,664082619;2,641583106;1,888148225;6,910647738;ZWE;Zimbabwe;USD million
01/03/19;ICT;8,673790071;2,226477962;0,55512266;7,002434769;ZWE;Zimbabwe;USD million
01/03/19;Tourism;11,18254247;1,491093696;2,52697597;12,21842474;ZWE;Zimbabwe;USD million
01/03/19;Transport;1,463984784;0,144763284;0,094347376;1,413568876;ZWE;Zimbabwe;USD million
01/03/19;Other;13,61879211;4,94228165;1,784201419;10,46071188;ZWE;Zimbabwe;USD million
01/04/19;Mining;2,493282799;0,571978604;0,673525656;2,594829851;ZWE;Zimbabwe;USD million
01/04/19;Manufacturing;4,448844175;0,26905565;0,906282262;5,086070787;ZWE;Zimbabwe;USD million
01/04/19;Agriculture;5,062804084;0,80972639;0,26409373;4,517171423;ZWE;Zimbabwe;USD million
01/04/19;Energy;6,224472918;1,228581054;0,513873464;5,509765327;ZWE;Zimbabwe;USD million
01/04/19;Finance;3,069468234;0,709341413;0,603398229;2,963525051;ZWE;Zimbabwe;USD million
01/04/19;ICT;5,068306294;1,555923891;0,844418878;4,356801281;ZWE;Zimbabwe;USD million
01/04/19;Tourism;1,427922927;0,547041423;0,20809759;1,088979093;ZWE;Zimbabwe;USD million
01/04/19;Transport;2,003661477;0,531963142;0,39503482;1,866733156;ZWE;Zimbabwe;USD million
01/04/19;Other;6,087874454;1,442762184;2,089562841;6,734675111;ZWE;Zimbabwe;USD million
01/05/19;Mining;2,975818246;0,608711775;0,661764224;3,028870695;ZWE;Zimbabwe;USD million
01/05/19;Manufacturing;2,189135724;0,229780508;0,417288668;2,376643884;ZWE;Zimbabwe;USD million
01/05/19;Agriculture;1,630357339;0,576557024;0,510980533;1,564780847;ZWE;Zimbabwe;USD million
01/05/19;Energy;2,03167145;0,7651082;0,274866746;1,541429996;ZWE;Zimbabwe;USD million
01/05/19;Finance;3,459012754;0,673766788;1,014281858;3,799527824;ZWE;Zimbabwe;USD million
01/05/19;ICT;3,111717856;0,232360989;0,82828613;3,707642997;ZWE;Zimbabwe;USD million
01/05/19;Tourism;4,736496804;0,513630225;1,493310193;5,716176772;ZWE;Zimbabwe;USD million
01/05/19;Transport;8,828832936;2,341856813;1,91434323;8,401319353;ZWE;Zimbabwe;USD million
01/05/19;Other;2,350834922;0,531868158;0,653948511;2,472915276;ZWE;Zimbabwe;USD million
01/06/19;Mining;4,876278951;1,890639677;0,525445556;3,51108483;ZWE;Zimbabwe;USD million
01/06/19;Manufacturing;2,329617766;0,313739908;0,551221698;2,567099556;ZWE;Zimbabwe;USD million
01/06/19;Agriculture;3,118275214;0,255461141;0,725923184;3,588737257;ZWE;Zimbabwe;USD million
01/06/19;Energy;4,212246009;1,150158214;1,223585861;4,285673656;ZWE;Zimbabwe;USD million
01/06/19;Finance;9,301445295;1,199989359;1,008188648;9,109644584;ZWE;Zimbabwe;USD million
01/06/19;ICT;2,561676305;0,459764622;0,833855348;2,935767031;ZWE;Zimbabwe;USD million
01/06/19;Tourism;5,624483129;1,708849599;1,340743271;5,256376801;ZWE;Zimbabwe;USD million
01/06/19;Transport;9,041859167;0,612906842;2,832450932;11,26140326;ZWE;Zimbabwe;USD million
01/06/19;Other;8,487233597;2,187735195;2,357753808;8,65725221;ZWE;Zimbabwe;USD million
01/07/19;Mining;1,37646059;0,218025249;0,204896992;1,363332333;ZWE;Zimbabwe;USD million
01/07/19;Manufacturing;9,530745565;3,363859511;3,104798235;9,271684288;ZWE;Zimbabwe;USD million
01/07/19;Agriculture;7,204904828;1,499164162;0,4151169;6,120857566;ZWE;Zimbabwe;USD million
01/07/19;Energy;4,71027813;1,17108552;1,390630462;4,929823072;ZWE;Zimbabwe;USD million
01/07/19;Finance;6,637464328;1,153278253;0,418979919;5,903165993;ZWE;Zimbabwe;USD million
01/07/19;ICT;2,688791625;0,759140781;0,183412611;2,113063455;ZWE;Zimbabwe;USD million
01/07/19;Tourism;9,379457342;2,462402652;1,001726704;7,918781394;ZWE;Zimbabwe;USD million
01/07/19;Transport;7,295370809;2,347769684;1,454266565;6,401867689;ZWE;Zimbabwe;USD million
01/07/19;Other;5,525450136;2,033545216;1,048908904;4,540813823;ZWE;Zimbabwe;USD million
01/08/19;Mining;3,999500128;0,272247652;0,739576257;4,466828732;ZWE;Zimbabwe;USD million
01/08/19;Manufacturing;1,974677965;0,338905704;0,316225686;1,951997948;ZWE;Zimbabwe;USD million
01/08/19;Agriculture;2,108562073;0,581753898;0,11770404;1,644512215;ZWE;Zimbabwe;USD million
01/08/19;Energy;3,932369846;0,626150867;1,353154023;4,659373003;ZWE;Zimbabwe;USD million
01/08/19;Finance;4,071569769;1,335988263;0,705216654;3,440798161;ZWE;Zimbabwe;USD million
01/08/19;ICT;2,902911171;0,206229269;0,748802484;3,445484386;ZWE;Zimbabwe;USD million
01/08/19;Tourism;6,040635438;1,327102811;1,062210404;5,775743031;ZWE;Zimbabwe;USD million
01/08/19;Transport;2,75381145;0,880256778;0,889039969;2,76259464;ZWE;Zimbabwe;USD million
01/08/19;Other;1,378124541;0,171736729;0,145525348;1,35191316;ZWE;Zimbabwe;USD million
01/09/19;Mining;10,03458393;1,600305392;1,444957076;9,879235609;ZWE;Zimbabwe;USD million
01/09/19;Manufacturing;8,325497847;1,533961792;2,023448968;8,814985023;ZWE;Zimbabwe;USD million
01/09/19;Agriculture;5,608750053;1,12024355;1,702713174;6,191219678;ZWE;Zimbabwe;USD million
01/09/19;Energy;7,319033947;1,133369746;0,527797215;6,713461416;ZWE;Zimbabwe;USD million
01/09/19;Finance;2,553049575;0,312369793;0,350171438;2,590851219;ZWE;Zimbabwe;USD million
01/09/19;ICT;4,505161063;1,551838866;0,742920017;3,696242215;ZWE;Zimbabwe;USD million
01/09/19;Tourism;5,31378331;1,439189664;1,66836886;5,542962506;ZWE;Zimbabwe;USD million
01/09/19;Transport;2,726472126;0,600391952;0,250012942;2,376093116;ZWE;Zimbabwe;USD million
01/09/19;Other;4,874496565;1,512158804;1,016816302;4,379154063;ZWE;Zimbabwe;USD million
01/10/19;Mining;4,823699729;0,828240667;1,408979615;5,404438677;ZWE;Zimbabwe;USD million
01/10/19;Manufacturing;7,89639832;0,46582365;1,649488469;9,080063139;ZWE;Zimbabwe;USD million
01/10/19;Agriculture;10,64032311;2,492433267;0,68063911;8,828528957;ZWE;Zimbabwe;USD million
01/10/19;Energy;7,241804385;2,266119543;1,6564902;6,632175042;ZWE;Zimbabwe;USD million
01/10/19;Finance;1,261312045;0,373307551;0,068999878;0,957004372;ZWE;Zimbabwe;USD million
01/10/19;ICT;2,651133903;0,2197819;0,847904487;3,27925649;ZWE;Zimbabwe;USD million
01/10/19;Tourism;2,643335697;0,804080682;0,263211693;2,102466708;ZWE;Zimbabwe;USD million
01/10/19;Transport;3,32503654;1,138352652;0,893920084;3,080603972;ZWE;Zimbabwe;USD million
01/10/19;Other;3,594611369;1,280443357;0,87364845;3,187816462;ZWE;Zimbabwe;USD million
01/11/19;Mining;1,813218055;0,574622982;0,341792013;1,580387086;ZWE;Zimbabwe;USD million
01/11/19;Manufacturing;1,899071096;0,35301024;0,535250706;2,081311562;ZWE;Zimbabwe;USD million
01/11/19;Agriculture;9,118802158;1,234158353;3,173436416;11,05808022;ZWE;Zimbabwe;USD million
01/11/19;Energy;3,889908309;1,273010857;0,45945351;3,076350962;ZWE;Zimbabwe;USD million
01/11/19;Finance;11,22357194;2,164225201;0,919917701;9,979264436;ZWE;Zimbabwe;USD million
01/11/19;ICT;5,484369329;2,113618461;0,349886693;3,720637561;ZWE;Zimbabwe;USD million
01/11/19;Tourism;9,03225756;1,393940419;2,629623677;10,26794082;ZWE;Zimbabwe;USD million
01/11/19;Transport;5,020260628;0,890922458;0,493533064;4,622871234;ZWE;Zimbabwe;USD million
01/11/19;Other;13,45174027;1,32649667;1,028889805;13,1541334;ZWE;Zimbabwe;USD million
01/12/19;Mining;5,443557812;1,072822511;1,844539505;6,215274806;ZWE;Zimbabwe;USD million
01/12/19;Manufacturing;1,226162925;0,210810369;0,361853687;1,377206243;ZWE;Zimbabwe;USD million
01/12/19;Agriculture;5,972957824;1,898007729;1,772652386;5,84760248;ZWE;Zimbabwe;USD million
01/12/19;Energy;5,193856989;0,91038788;0,742836209;5,026305317;ZWE;Zimbabwe;USD million
01/12/19;Finance;3,897967016;1,536895757;0,659441642;3,020512901;ZWE;Zimbabwe;USD million
01/12/19;ICT;5,771120794;1,121901345;0,420313298;5,069532747;ZWE;Zimbabwe;USD million
01/12/19;Tourism;7,275130158;2,429054867;0,760199284;5,606274575;ZWE;Zimbabwe;USD million
01/12/19;Transport;1,466247294;0,338189792;0,314111183;1,442168684;ZWE;Zimbabwe;USD million
01/12/19;Other;7,816735971;3,100723424;1,539481189;6,255493736;ZWE;Zimbabwe;USD million
01/01/20;Mining;4,992601193;0,551027869;0,981520163;5,423093487;ZWE;Zimbabwe;USD million
01/01/20;Manufacturing;1,663469234;0,429715563;0,388862895;1,622616566;ZWE;Zimbabwe;USD million
01/01/20;Agriculture;6,862601905;0,649807269;0,616503871;6,829298506;ZWE;Zimbabwe;USD million
01/01/20;Energy;8,708703369;2,773203251;3,020796097;8,956296215;ZWE;Zimbabwe;USD million
01/01/20;Finance;3,399025801;0,970618248;1,090479846;3,518887399;ZWE;Zimbabwe;USD million
01/01/20;ICT;1,222723649;0,109609677;0,231426846;1,344540818;ZWE;Zimbabwe;USD million
01/01/20;Tourism;4,155499248;1,182817175;0,67347048;3,646152553;ZWE;Zimbabwe;USD million
01/01/20;Transport;5,603153939;0,360320079;0,412960926;5,655794786;ZWE;Zimbabwe;USD million
01/01/20;Other;5,15235401;0,837634535;0,776673764;5,091393239;ZWE;Zimbabwe;USD million
01/02/20;Mining;4,639777437;1,808341244;0,613044332;3,444480525;ZWE;Zimbabwe;USD million
01/02/20;Manufacturing;7,107743369;2,092555103;1,453843155;6,469031421;ZWE;Zimbabwe;USD million
01/02/20;Agriculture;4,404268531;1,45812407;1,092120376;4,038264837;ZWE;Zimbabwe;USD million
01/02/20;Energy;4,713572967;1,178457748;0,298444798;3,833560017;ZWE;Zimbabwe;USD million
01/02/20;Finance;3,674425556;1,269659424;0,654036939;3,058803071;ZWE;Zimbabwe;USD million
01/02/20;ICT;4,315583824;0,641372621;0,847156341;4,521367545;ZWE;Zimbabwe;USD million
01/02/20;Tourism;3,801413109;0,373501949;0,272818758;3,700729918;ZWE;Zimbabwe;USD million
01/02/20;Transport;6,727084985;0,940427989;0,510152572;6,296809567;ZWE;Zimbabwe;USD million
01/02/20;Other;4,692538786;1,66382143;0,516905082;3,545622438;ZWE;Zimbabwe;USD million
01/03/20;Mining;5,023266205;0,482246888;1,36957193;5,910591247;ZWE;Zimbabwe;USD million
01/03/20;Manufacturing;1,744534855;0,218577254;0,605303768;2,131261369;ZWE;Zimbabwe;USD million
01/03/20;Agriculture;9,002801816;1,404157233;2,923933278;10,52257786;ZWE;Zimbabwe;USD million
01/03/20;Energy;5,051295335;0,529925019;0,791569373;5,312939688;ZWE;Zimbabwe;USD million
01/03/20;Finance;4,497894506;1,269177647;0,825895858;4,054612717;ZWE;Zimbabwe;USD million
01/03/20;ICT;3,273402201;0,546366169;0,359901005;3,086937037;ZWE;Zimbabwe;USD million
01/03/20;Tourism;7,993442822;2,249452239;2,059333691;7,803324274;ZWE;Zimbabwe;USD million
01/03/20;Transport;2,520399411;0,292079342;0,478038331;2,7063584;ZWE;Zimbabwe;USD million
01/03/20;Other;2,626963643;0,912172405;0,351577837;2,066369075;ZWE;Zimbabwe;USD million
01/04/20;Mining;3,569304153;0,90186064;0,955965477;3,62340899;ZWE;Zimbabwe;USD million
01/04/20;Manufacturing;9,668940087;2,997494491;0,675332542;7,346778138;ZWE;Zimbabwe;USD million
01/04/20;Agriculture;5,743917821;1,107753163;1,087362036;5,723526694;ZWE;Zimbabwe;USD million
01/04/20;Energy;2,827254092;0,564560355;0,821376691;3,084070428;ZWE;Zimbabwe;USD million
01/04/20;Finance;8,157563342;1,729820278;0,542098541;6,969841605;ZWE;Zimbabwe;USD million
01/04/20;ICT;4,480849531;0,284894534;1,359608393;5,55556339;ZWE;Zimbabwe;USD million
01/04/20;Tourism;4,857005659;0,65792395;0,589793257;4,788874967;ZWE;Zimbabwe;USD million
01/04/20;Transport;4,54986517;0,84577134;0,492742195;4,196836024;ZWE;Zimbabwe;USD million
01/04/20;Other;2,461211619;0,131096125;0,378085321;2,708200815;ZWE;Zimbabwe;USD million
01/05/20;Mining;11,11686104;1,53338753;3,408232564;12,99170608;ZWE;Zimbabwe;USD million
01/05/20;Manufacturing;3,214419573;0,27307662;0,71476374;3,656106693;ZWE;Zimbabwe;USD million
01/05/20;Agriculture;6,742613119;1,752875216;2,093140064;7,082877968;ZWE;Zimbabwe;USD million
01/05/20;Energy;10,99939374;1,36310806;3,348507477;12,98479316;ZWE;Zimbabwe;USD million
01/05/20;Finance;2,223320845;0,372421303;0,140722274;1,991621816;ZWE;Zimbabwe;USD million
01/05/20;ICT;3,144630326;0,171281603;0,56086012;3,534208843;ZWE;Zimbabwe;USD million
01/05/20;Tourism;4,079096223;0,640437759;0,893566467;4,332224932;ZWE;Zimbabwe;USD million
01/05/20;Transport;5,951348164;1,506277171;2,008011551;6,453082545;ZWE;Zimbabwe;USD million
01/05/20;Other;4,245592173;1,21760418;0,811298887;3,83928688;ZWE;Zimbabwe;USD million
01/06/20;Mining;3,740140035;1,39519005;0,584387419;2,929337404;ZWE;Zimbabwe;USD million
01/06/20;Manufacturing;3,95109044;1,182805356;0,665566497;3,43385158;ZWE;Zimbabwe;USD million
01/06/20;Agriculture;7,576654232;2,50713509;2,110462197;7,179981338;ZWE;Zimbabwe;USD million
01/06/20;Energy;3,334872915;0,266690347;0,470950872;3,539133441;ZWE;Zimbabwe;USD million
01/06/20;Finance;3,885101794;0,883703634;1,302908578;4,304306738;ZWE;Zimbabwe;USD million
01/06/20;ICT;3,689181179;1,114387031;0,990023987;3,564818135;ZWE;Zimbabwe;USD million
01/06/20;Tourism;2,802134087;0,993285179;0,575275671;2,38412458;ZWE;Zimbabwe;USD million
01/06/20;Transport;8,446074842;0,446818217;2,811202352;10,81045898;ZWE;Zimbabwe;USD million
01/06/20;Other;6,662242014;1,802608622;1,778497376;6,638130768;ZWE;Zimbabwe;USD million
01/07/20;Mining;3,661094087;1,225783936;0,316213651;2,751523801;ZWE;Zimbabwe;USD million
01/07/20;Manufacturing;2,283278181;0,858096952;0,256061983;1,681243212;ZWE;Zimbabwe;USD million
01/07/20;Agriculture;6,873512759;1,044875084;1,534629982;7,363267657;ZWE;Zimbabwe;USD million
01/07/20;Energy;1,333727967;0,136747953;0,349496136;1,546476149;ZWE;Zimbabwe;USD million
01/07/20;Finance;4,567324721;0,416768693;1,509513406;5,660069434;ZWE;Zimbabwe;USD million
01/07/20;ICT;3,904997929;1,049457672;1,336384857;4,191925114;ZWE;Zimbabwe;USD million
01/07/20;Tourism;5,36754496;1,218360534;1,373542241;5,522726667;ZWE;Zimbabwe;USD million
01/07/20;Transport;7,013980308;2,462761863;1,556984975;6,108203421;ZWE;Zimbabwe;USD million
01/07/20;Other;5,85320438;1,181912019;0,825754353;5,497046714;ZWE;Zimbabwe;USD million
01/08/20;Mining;5,246480725;0,808467327;0,615887871;5,053901269;ZWE;Zimbabwe;USD million
01/08/20;Manufacturing;2,896049818;1,140941805;0,772147048;2,52725506;ZWE;Zimbabwe;USD million
01/08/20;Agriculture;4,96366842;1,237397535;0,275855627;4,002126512;ZWE;Zimbabwe;USD million
01/08/20;Energy;3,192885106;1,179683949;0,809704647;2,822905804;ZWE;Zimbabwe;USD million
01/08/20;Finance;3,110221799;0,459583711;0,863583334;3,514221423;ZWE;Zimbabwe;USD million
01/08/20;ICT;8,182460008;1,272515613;1,304012932;8,213957327;ZWE;Zimbabwe;USD million
01/08/20;Tourism;3,20545948;0,213109881;0,925769717;3,918119316;ZWE;Zimbabwe;USD million
01/08/20;Transport;4,899076982;1,733723171;0,616533029;3,78188684;ZWE;Zimbabwe;USD million
01/08/20;Other;1,880768653;0,119829638;0,129584747;1,890523762;ZWE;Zimbabwe;USD million
01/09/20;Mining;3,662094316;0,891360996;0,464130033;3,234863353;ZWE;Zimbabwe;USD million
01/09/20;Manufacturing;10,34096656;1,385869843;2,414042169;11,36913889;ZWE;Zimbabwe;USD million
01/09/20;Agriculture;2,534803759;0,588007427;0,436964418;2,383760751;ZWE;Zimbabwe;USD million
01/09/20;Energy;6,605447857;1,413775328;1,126217836;6,317890365;ZWE;Zimbabwe;USD million
01/09/20;Finance;0,925532627;0,291991654;0,237684872;0,871225845;ZWE;Zimbabwe;USD million
01/09/20;ICT;4,656701458;1,476086426;0,332156795;3,512771827;ZWE;Zimbabwe;USD million
01/09/20;Tourism;0,910601457;0,225942349;0,101119145;0,785778253;ZWE;Zimbabwe;USD million
01/09/20;Transport;8,017174207;1,357744243;1,186992157;7,84642212;ZWE;Zimbabwe;USD million
01/09/20;Other;6,150549972;1,033421318;1,483913656;6,60104231;ZWE;Zimbabwe;USD million
01/10/20;Mining;5,024095081;0,809234661;1,125145879;5,340006299;ZWE;Zimbabwe;USD million
01/10/20;Manufacturing;3,144135163;0,727408508;0,92859851;3,345325165;ZWE;Zimbabwe;USD million
01/10/20;Agriculture;3,433058937;0,258222433;0,462848721;3,637685225;ZWE;Zimbabwe;USD million
01/10/20;Energy;4,872323576;1,802770201;1,167801895;4,237355271;ZWE;Zimbabwe;USD million
01/10/20;Finance;8,971752296;1,04222358;1,452859684;9,382388399;ZWE;Zimbabwe;USD million
01/10/20;ICT;6,047962885;0,574253312;0,413045207;5,88675478;ZWE;Zimbabwe;USD million
01/10/20;Tourism;4,808931837;0,711691655;0,723428067;4,82066825;ZWE;Zimbabwe;USD million
01/10/20;Transport;3,085240622;0,97979599;0,375781399;2,481226031;ZWE;Zimbabwe;USD million
01/10/20;Other;10,41398677;1,89229063;2,052018949;10,57371508;ZWE;Zimbabwe;USD million
01/11/20;Mining;7,249690436;0,602295337;1,679836111;8,32723121;ZWE;Zimbabwe;USD million
01/11/20;Manufacturing;8,993508263;2,693696539;1,578539709;7,878351434;ZWE;Zimbabwe;USD million
01/11/20;Agriculture;2,773293493;0,844374323;0,422219509;2,351138679;ZWE;Zimbabwe;USD million
01/11/20;Energy;2,705880156;0,681731312;0,203842105;2,227990949;ZWE;Zimbabwe;USD million
01/11/20;Finance;2,028345867;0,189580937;0,441683004;2,280447934;ZWE;Zimbabwe;USD million
01/11/20;ICT;4,516126859;1,199364707;1,123388392;4,440150544;ZWE;Zimbabwe;USD million
01/11/20;Tourism;7,680030417;1,908495576;2,245051174;8,016586015;ZWE;Zimbabwe;USD million
01/11/20;Transport;3,2464853;1,201645177;1,027551399;3,072391522;ZWE;Zimbabwe;USD million
01/11/20;Other;4,563721484;1,526351381;1,007129796;4,0444999;ZWE;Zimbabwe;USD million
01/12/20;Mining;4,382848978;0,806910114;0,747183678;4,323122542;ZWE;Zimbabwe;USD million
01/12/20;Manufacturing;4,384047075;0,591214961;0,470990219;4,263822332;ZWE;Zimbabwe;USD million
01/12/20;Agriculture;2,538595402;0,235346775;0,847951114;3,15119974;ZWE;Zimbabwe;USD million
01/12/20;Energy;5,213628208;0,378204364;1,169308702;6,004732546;ZWE;Zimbabwe;USD million
01/12/20;Finance;3,727137165;1,415198335;0,871265604;3,183204434;ZWE;Zimbabwe;USD million
01/12/20;ICT;4,029022983;0,966156169;1,078621926;4,14148874;ZWE;Zimbabwe;USD million
01/12/20;Tourism;3,865890816;1,462951207;0,985027337;3,387966946;ZWE;Zimbabwe;USD million
01/12/20;Transport;5,149270375;1,423017026;1,138004745;4,864258094;ZWE;Zimbabwe;USD million
01/12/20;Other;7,478565712;1,8065652;0,543305276;6,215305788;ZWE;Zimbabwe;USD million
01/01/21;Mining;4,936071854;1,227355491;0,691328286;4,400044649;ZWE;Zimbabwe;USD million
01/01/21;Manufacturing;5,130767092;0,283345697;0,856839403;5,704260799;ZWE;Zimbabwe;USD million
01/01/21;Agriculture;3,545565846;0,626502069;1,170254417;4,089318195;ZWE;Zimbabwe;USD million
01/01/21;Energy;4,962672201;1,218006852;1,202364975;4,947030323;ZWE;Zimbabwe;USD million
01/01/21;Finance;2,859865007;0,711157523;0,801931886;2,95063937;ZWE;Zimbabwe;USD million
01/01/21;ICT;5,378756852;1,449727314;0,523425628;4,452455167;ZWE;Zimbabwe;USD million
01/01/21;Tourism;1,881258953;0,36185202;0,624289169;2,143696101;ZWE;Zimbabwe;USD million
01/01/21;Transport;6,042502903;1,389517267;0,550698895;5,203684531;ZWE;Zimbabwe;USD million
01/01/21;Other;5,988789328;0,334194107;1,427110817;7,081706038;ZWE;Zimbabwe;USD million
01/02/21;Mining;6,880250689;0,677166444;0,690194822;6,893279067;ZWE;Zimbabwe;USD million
01/02/21;Manufacturing;5,354204605;2,000785769;1,65723499;5,010653826;ZWE;Zimbabwe;USD million
01/02/21;Agriculture;4,018630376;0,39287899;0,853060922;4,478812309;ZWE;Zimbabwe;USD million
01/02/21;Energy;4,493770862;1,492179394;0,743772456;3,745363924;ZWE;Zimbabwe;USD million
01/02/21;Finance;5,664142627;2,243558364;1,191621982;4,612206244;ZWE;Zimbabwe;USD million
01/02/21;ICT;5,060821414;0,593390218;1,552272056;6,019703253;ZWE;Zimbabwe;USD million
01/02/21;Tourism;6,722074537;1,261082002;1,105124965;6,5661175;ZWE;Zimbabwe;USD million
01/02/21;Transport;4,438471117;0,965535814;0,465465259;3,938400561;ZWE;Zimbabwe;USD million
01/02/21;Other;4,082526856;0,743488475;0,295524825;3,634563207;ZWE;Zimbabwe;USD million
01/03/21;Mining;6,989330295;2,498444321;0,59640379;5,087289765;ZWE;Zimbabwe;USD million
01/03/21;Manufacturing;3,010952884;0,504282036;1,014973441;3,521644289;ZWE;Zimbabwe;USD million
01/03/21;Agriculture;1,585294903;0,607296259;0,135608756;1,113607399;ZWE;Zimbabwe;USD million
01/03/21;Energy;5,517915153;1,018604482;0,284008498;4,783319169;ZWE;Zimbabwe;USD million
01/03/21;Finance;6,036048678;1,172871847;1,748702979;6,611879809;ZWE;Zimbabwe;USD million
01/03/21;ICT;7,486370417;1,763028692;1,389368892;7,112710617;ZWE;Zimbabwe;USD million
01/03/21;Tourism;2,041322542;0,543844696;0,516936498;2,014414344;ZWE;Zimbabwe;USD million
01/03/21;Transport;5,397122993;1,417935426;1,681734171;5,660921738;ZWE;Zimbabwe;USD million
01/03/21;Other;2,76507151;0,581027945;0,580071422;2,764114988;ZWE;Zimbabwe;USD million
01/04/21;Mining;4,075464908;0,955501938;0,251975269;3,371938239;ZWE;Zimbabwe;USD million
01/04/21;Manufacturing;3,510226436;0,865541365;1,1101965;3,754881571;ZWE;Zimbabwe;USD million
01/04/21;Agriculture;3,277195871;0,817214152;0,239551864;2,699533583;ZWE;Zimbabwe;USD million
01/04/21;Energy;2,753030169;0,949079038;0,300628911;2,104580042;ZWE;Zimbabwe;USD million
01/04/21;Finance;6,20040864;2,233207405;2,04697535;6,014176585;ZWE;Zimbabwe;USD million
01/04/21;ICT;4,077342341;0,41262386;0,947586349;4,612304831;ZWE;Zimbabwe;USD million
01/04/21;Tourism;2,49910498;0,245718728;0,49597828;2,749364532;ZWE;Zimbabwe;USD million
01/04/21;Transport;4,316731139;0,492523861;1,275096325;5,099303603;ZWE;Zimbabwe;USD million
01/04/21;Other;5,581677193;1,016620499;1,508012566;6,073069261;ZWE;Zimbabwe;USD million
01/05/21;Mining;4,960780594;0,981146243;0,939691927;4,919326277;ZWE;Zimbabwe;USD million
01/05/21;Manufacturing;7,882830958;0,760793585;2,108502273;9,230539646;ZWE;Zimbabwe;USD million
01/05/21;Agriculture;4,352750285;0,846100448;0,324281488;3,830931325;ZWE;Zimbabwe;USD million
01/05/21;Energy;10,72155857;2,377154306;2,655353102;10,99975737;ZWE;Zimbabwe;USD million
01/05/21;Finance;5,832937057;1,866308584;1,080153402;5,046781875;ZWE;Zimbabwe;USD million
01/05/21;ICT;5,088425088;1,559052481;1,157203972;4,68657658;ZWE;Zimbabwe;USD million
01/05/21;Tourism;4,664003621;0,658146935;0,519028513;4,5248852;ZWE;Zimbabwe;USD million
01/05/21;Transport;3,234252711;1,199929194;0,247723909;2,282047425;ZWE;Zimbabwe;USD million
01/05/21;Other;1,552004164;0,476665291;0,158922034;1,234260907;ZWE;Zimbabwe;USD million
01/06/21;Mining;7,593613183;2,281350331;1,407748732;6,720011584;ZWE;Zimbabwe;USD million
01/06/21;Manufacturing;4,800549603;0,823478485;0,407739009;4,384810127;ZWE;Zimbabwe;USD million
01/06/21;Agriculture;2,565392253;0,542465167;0,855721668;2,878648753;ZWE;Zimbabwe;USD million
01/06/21;Energy;2,068187607;0,757323115;0,453469394;1,764333886;ZWE;Zimbabwe;USD million
01/06/21;Finance;12,03839864;0,847587485;2,461115322;13,65192648;ZWE;Zimbabwe;USD million
01/06/21;ICT;1,586563317;0,203357149;0,375292794;1,758498961;ZWE;Zimbabwe;USD million
01/06/21;Tourism;1,962216425;0,139025683;0,526873607;2,350064349;ZWE;Zimbabwe;USD million
01/06/21;Transport;4,919825521;1,852141042;1,495052083;4,562736562;ZWE;Zimbabwe;USD million
01/06/21;Other;1,924931766;0,613050558;0,594767406;1,906648613;ZWE;Zimbabwe;USD million
01/07/21;Mining;5,677504438;0,420155253;0,985886046;6,243235231;ZWE;Zimbabwe;USD million
01/07/21;Manufacturing;6,629811657;0,886551773;1,721960554;7,465220439;ZWE;Zimbabwe;USD million
01/07/21;Agriculture;4,277358394;0,98849107;1,32626903;4,615136354;ZWE;Zimbabwe;USD million
01/07/21;Energy;3,173240044;0,931263513;0,242344237;2,484320767;ZWE;Zimbabwe;USD million
01/07/21;Finance;6,741529145;1,685644237;2,00999727;7,065882178;ZWE;Zimbabwe;USD million
01/07/21;ICT;4,741567918;1,680502283;0,55939256;3,620458195;ZWE;Zimbabwe;USD million
01/07/21;Tourism;2,211304648;0,196187898;0,54528597;2,56040272;ZWE;Zimbabwe;USD million
01/07/21;Transport;9,959142689;2,1212627;1,36656974;9,204449729;ZWE;Zimbabwe;USD million
01/07/21;Other;7,119808206;1,666556511;2,067628675;7,52088037;ZWE;Zimbabwe;USD million
01/08/21;Mining;5,678247132;1,384120612;1,308524036;5,602650556;ZWE;Zimbabwe;USD million
01/08/21;Manufacturing;6,808824066;0,533301881;2,304886905;8,58040909;ZWE;Zimbabwe;USD million
01/08/21;Agriculture;5,02697874;1,876936495;0,729907687;3,879949932;ZWE;Zimbabwe;USD million
01/08/21;Energy;4,374079419;0,79772475;0,671800528;4,248155196;ZWE;Zimbabwe;USD million
01/08/21;Finance;7,450228391;1,092018889;1,434971181;7,793180684;ZWE;Zimbabwe;USD million
01/08/21;ICT;3,370584761;0,972574248;1,114603307;3,51261382;ZWE;Zimbabwe;USD million
01/08/21;Tourism;8,681013651;0,859077521;2,03203529;9,85397142;ZWE;Zimbabwe;USD million
01/08/21;Transport;4,314064724;0,874944451;0,310093207;3,74921348;ZWE;Zimbabwe;USD million
01/08/21;Other;11,27540992;3,757427964;3,81136107;11,32934303;ZWE;Zimbabwe;USD million
01/09/21;Mining;5,847966196;1,532541706;1,303075079;5,61849957;ZWE;Zimbabwe;USD million
01/09/21;Manufacturing;3,571392218;1,415374522;0,691284891;2,847302587;ZWE;Zimbabwe;USD million
01/09/21;Agriculture;4,167841949;1,455805997;0,419159672;3,131195624;ZWE;Zimbabwe;USD million
01/09/21;Energy;9,20135137;0,897500648;1,624735655;9,928586377;ZWE;Zimbabwe;USD million
01/09/21;Finance;8,554741561;2,708851222;2,184019623;8,029909962;ZWE;Zimbabwe;USD million
01/09/21;ICT;2,13144735;0,354561549;0,345151682;2,122037483;ZWE;Zimbabwe;USD million
01/09/21;Tourism;7,217026439;2,05995163;1,733139983;6,890214793;ZWE;Zimbabwe;USD million
01/09/21;Transport;2,620188732;0,255128088;0,19127337;2,556334014;ZWE;Zimbabwe;USD million
01/09/21;Other;7,079046207;1,003876154;1,72089399;7,796064043;ZWE;Zimbabwe;USD million
01/10/21;Mining;1,353098909;0,33116136;0,146794427;1,168731976;ZWE;Zimbabwe;USD million
01/10/21;Manufacturing;2,089310653;0,368868428;0,605644372;2,326086597;ZWE;Zimbabwe;USD million
01/10/21;Agriculture;1,15737374;0,274937215;0,079822337;0,962258862;ZWE;Zimbabwe;USD million
01/10/21;Energy;3,827957402;0,387956193;1,076525606;4,516526814;ZWE;Zimbabwe;USD million
01/10/21;Finance;2,197479869;0,679672201;0,545318694;2,063126362;ZWE;Zimbabwe;USD million
01/10/21;ICT;8,50028787;1,964095071;1,878682425;8,414875223;ZWE;Zimbabwe;USD million
01/10/21;Tourism;4,61646992;1,34322965;0,420048649;3,693288919;ZWE;Zimbabwe;USD million
01/10/21;Transport;2,405760403;0,401515704;0,23280498;2,237049679;ZWE;Zimbabwe;USD million
01/10/21;Other;5,980726155;2,118779809;1,610442424;5,47238877;ZWE;Zimbabwe;USD million
01/11/21;Mining;3,739931949;0,93123555;0,605624147;3,414320546;ZWE;Zimbabwe;USD million
01/11/21;Manufacturing;5,709707061;0,777553896;0,747931939;5,680085103;ZWE;Zimbabwe;USD million
01/11/21;Agriculture;6,390636164;1,774866031;1,810324487;6,426094621;ZWE;Zimbabwe;USD million
01/11/21;Energy;4,005777146;0,405694123;1,244399763;4,844482786;ZWE;Zimbabwe;USD million
01/11/21;Finance;3,896789082;0,75947678;0,488061802;3,625374104;ZWE;Zimbabwe;USD million
01/11/21;ICT;2,760963833;0,406263054;0,965445435;3,320146214;ZWE;Zimbabwe;USD million
01/11/21;Tourism;2,031045548;0,78677069;0,106046774;1,350321632;ZWE;Zimbabwe;USD million
01/11/21;Transport;3,770740991;0,348176876;1,109668205;4,53223232;ZWE;Zimbabwe;USD million
01/11/21;Other;3,720069221;0,236451006;0,995950429;4,479568644;ZWE;Zimbabwe;USD million
01/12/21;Mining;9,246206996;0,906996284;0,485764439;8,824975151;ZWE;Zimbabwe;USD million
01/12/21;Manufacturing;4,384084216;0,577360119;1,294799484;5,101523581;ZWE;Zimbabwe;USD million
01/12/21;Agriculture;3,33288461;1,128122483;0,713774732;2,918536859;ZWE;Zimbabwe;USD million
01/12/21;Energy;5,914655732;0,716699203;1,871295978;7,069252507;ZWE;Zimbabwe;USD million
01/12/21;Finance;5,524065259;1,302145472;0,409039453;4,63095924;ZWE;Zimbabwe;USD million
01/12/21;ICT;5,660391011;0,552767855;0,402189189;5,509812344;ZWE;Zimbabwe;USD million
01/12/21;Tourism;7,021896532;2,537630289;2,156063561;6,640329805;ZWE;Zimbabwe;USD million
01/12/21;Transport;5,057806282;1,555143154;0,645458457;4,148121586;ZWE;Zimbabwe;USD million
01/12/21;Other;8,38624591;3,300425825;2,601703206;7,687523291;ZWE;Zimbabwe;USD million
01/01/22;Mining;2,295072911;0,221416161;0,247989925;2,321646675;ZWE;Zimbabwe;USD million
01/01/22;Manufacturing;4,519900596;1,576789475;0,426948239;3,37005936;ZWE;Zimbabwe;USD million
01/01/22;Agriculture;7,450751809;1,491975896;1,641388436;7,600164349;ZWE;Zimbabwe;USD million
01/01/22;Energy;4,430823264;0,500743787;1,358984684;5,289064161;ZWE;Zimbabwe;USD million
01/01/22;Finance;1,852837336;0,478735763;0,185477292;1,559578865;ZWE;Zimbabwe;USD million
01/01/22;ICT;6,830721148;2,120064384;0,652518025;5,363174788;ZWE;Zimbabwe;USD million
01/01/22;Tourism;7,261794813;1,711233869;1,165953959;6,716514903;ZWE;Zimbabwe;USD million
01/01/22;Transport;7,031278317;1,021670548;2,37884735;8,388455119;ZWE;Zimbabwe;USD million
01/01/22;Other;6,532023478;2,489230756;2,087341698;6,13013442;ZWE;Zimbabwe;USD million
01/02/22;Mining;3,985771386;1,036453718;0,728390401;3,677708069;ZWE;Zimbabwe;USD million
01/02/22;Manufacturing;7,583730777;1,163376994;0,696356725;7,116710507;ZWE;Zimbabwe;USD million
01/02/22;Agriculture;4,696471595;0,648400744;0,255644201;4,303715052;ZWE;Zimbabwe;USD million
01/02/22;Energy;11,79678381;3,776553157;1,983016678;10,00324733;ZWE;Zimbabwe;USD million
01/02/22;Finance;6,011638549;1,400482713;0,869202505;5,480358342;ZWE;Zimbabwe;USD million
01/02/22;ICT;1,414849526;0,358270573;0,23110902;1,287687973;ZWE;Zimbabwe;USD million
01/02/22;Tourism;3,707511582;0,359570406;0,282143031;3,630084207;ZWE;Zimbabwe;USD million
01/02/22;Transport;2,755363103;0,425575382;0,174901007;2,504688727;ZWE;Zimbabwe;USD million
01/02/22;Other;7,74159686;1,096960171;2,239014241;8,88365093;ZWE;Zimbabwe;USD million
01/03/22;Mining;6,09986616;1,741490622;1,975965317;6,334340854;ZWE;Zimbabwe;USD million
01/03/22;Manufacturing;8,950905763;0,96817084;0,939112425;8,921847348;ZWE;Zimbabwe;USD million
01/03/22;Agriculture;1,489099024;0,526873883;0,405740469;1,367965609;ZWE;Zimbabwe;USD million
01/03/22;Energy;10,32343801;4,127276779;1,706202778;7,902364011;ZWE;Zimbabwe;USD million
01/03/22;Finance;5,631738979;1,490219446;1,84141354;5,982933073;ZWE;Zimbabwe;USD million
01/03/22;ICT;5,322040833;0,291845606;1,78209167;6,812286896;ZWE;Zimbabwe;USD million
01/03/22;Tourism;8,261018538;2,481607289;2,319523224;8,098934473;ZWE;Zimbabwe;USD million
01/03/22;Transport;3,29757921;1,132347504;1,059158077;3,224389783;ZWE;Zimbabwe;USD million
01/03/22;Other;6,735682779;1,01008086;2,249474285;7,975076204;ZWE;Zimbabwe;USD million
01/04/22;Mining;7,039141101;1,970457509;2,100215843;7,168899434;ZWE;Zimbabwe;USD million
01/04/22;Manufacturing;3,419687584;0,539410658;0,988922188;3,869199114;ZWE;Zimbabwe;USD million
01/04/22;Agriculture;8,216835129;2,613998602;0,667962865;6,270799392;ZWE;Zimbabwe;USD million
01/04/22;Energy;7,825158175;1,976105157;1,046517169;6,895570188;ZWE;Zimbabwe;USD million
01/04/22;Finance;1,932255986;0,292820743;0,600033227;2,239468469;ZWE;Zimbabwe;USD million
01/04/22;ICT;2,110899385;0,1825323;0,151781788;2,080148873;ZWE;Zimbabwe;USD million
01/04/22;Tourism;10,04730679;3,404322633;3,099606893;9,742591046;ZWE;Zimbabwe;USD million
01/04/22;Transport;3,053126677;1,153697749;0,984684873;2,884113801;ZWE;Zimbabwe;USD million
01/04/22;Other;11,76252432;0,86630079;1,21493142;12,11115495;ZWE;Zimbabwe;USD million
01/05/22;Mining;4,492019795;1,545283243;0,478579875;3,425316427;ZWE;Zimbabwe;USD million
01/05/22;Manufacturing;6,45065022;0,440703184;0,613670389;6,623617425;ZWE;Zimbabwe;USD million
01/05/22;Agriculture;7,942586071;3,168203124;0,433623294;5,208006242;ZWE;Zimbabwe;USD million
01/05/22;Energy;2,286409124;0,375000382;0,304634763;2,216043505;ZWE;Zimbabwe;USD million
01/05/22;Finance;3,09617533;0,760406007;0,278479552;2,614248874;ZWE;Zimbabwe;USD million
01/05/22;ICT;5,122400655;1,13297421;1,177509968;5,166936414;ZWE;Zimbabwe;USD million
01/05/22;Tourism;3,254289012;0,59418353;0,460233458;3,12033894;ZWE;Zimbabwe;USD million
01/05/22;Transport;2,901042558;0,175659591;0,249340983;2,97472395;ZWE;Zimbabwe;USD million
01/05/22;Other;5,683974342;1,442719876;1,472140565;5,713395032;ZWE;Zimbabwe;USD million
01/06/22;Mining;1,940901735;0,574878295;0,654852331;2,020875771;ZWE;Zimbabwe;USD million
01/06/22;Manufacturing;9,735805658;2,469333216;3,095151259;10,3616237;ZWE;Zimbabwe;USD million
01/06/22;Agriculture;5,471937562;1,823252457;0,533949745;4,182634851;ZWE;Zimbabwe;USD million
01/06/22;Energy;3,030539155;0,724726399;0,266009056;2,571821812;ZWE;Zimbabwe;USD million
01/06/22;Finance;4,019456542;1,139040065;0,580951274;3,461367751;ZWE;Zimbabwe;USD million
01/06/22;ICT;5,300710375;1,175790497;0,402563877;4,527483755;ZWE;Zimbabwe;USD million
01/06/22;Tourism;2,96569556;1,038882397;0,222525514;2,149338677;ZWE;Zimbabwe;USD million
01/06/22;Transport;3,224308569;1,188890632;0,43158197;2,466999907;ZWE;Zimbabwe;USD million
01/06/22;Other;5,80651823;1,71432229;0,934221871;5,026417811;ZWE;Zimbabwe;USD million
01/07/22;Mining;4,763446617;1,559539208;1,239737177;4,443644586;ZWE;Zimbabwe;USD million
01/07/22;Manufacturing;3,625830471;0,818712128;0,852789329;3,659907673;ZWE;Zimbabwe;USD million
01/07/22;Agriculture;8,861562812;2,776016931;1,914219668;7,999765549;ZWE;Zimbabwe;USD million
01/07/22;Energy;5,957158079;0,773308274;1,581425623;6,765275429;ZWE;Zimbabwe;USD million
01/07/22;Finance;5,158465259;1,846658753;1,428210069;4,740016575;ZWE;Zimbabwe;USD million
01/07/22;ICT;2,259499048;0,170674071;0,769947842;2,858772819;ZWE;Zimbabwe;USD million
01/07/22;Tourism;7,076214727;2,118143026;0,802982933;5,761054634;ZWE;Zimbabwe;USD million
01/07/22;Transport;5,028184069;1,006276822;1,746247962;5,768155208;ZWE;Zimbabwe;USD million
01/07/22;Other;7,870889247;1,227075149;1,768799066;8,412613164;ZWE;Zimbabwe;USD million
01/08/22;Mining;4,973979204;1,017955699;0,401789048;4,357812553;ZWE;Zimbabwe;USD million
01/08/22;Manufacturing;7,745021551;0,636014445;2,102096963;9,21110407;ZWE;Zimbabwe;USD million
01/08/22;Agriculture;3,495369678;1,114163508;0,837266962;3,218473131;ZWE;Zimbabwe;USD million
01/08/22;Energy;4,501371371;0,605282528;1,546012237;5,44210108;ZWE;Zimbabwe;USD million
01/08/22;Finance;8,573601616;1,051768345;0,662711629;8,1845449;ZWE;Zimbabwe;USD million
01/08/22;ICT;2,805363883;0,178585562;0,832107268;3,458885588;ZWE;Zimbabwe;USD million
01/08/22;Tourism;9,40164819;1,638053156;1,657697134;9,421292168;ZWE;Zimbabwe;USD million
01/08/22;Transport;6,067015988;1,094037891;1,896534212;6,86951231;ZWE;Zimbabwe;USD million
01/08/22;Other;4,833171531;0,348437014;1,214821069;5,699555586;ZWE;Zimbabwe;USD million
01/09/22;Mining;8,243656906;2,797745618;2,592714277;8,038625565;ZWE;Zimbabwe;USD million
01/09/22;Manufacturing;3,118851985;0,617881787;0,85362607;3,354596269;ZWE;Zimbabwe;USD million
01/09/22;Agriculture;3,222111815;0,168374133;0,42299058;3,476728262;ZWE;Zimbabwe;USD million
01/09/22;Energy;4,969844216;0,697896699;1,295522529;5,567470047;ZWE;Zimbabwe;USD million
01/09/22;Finance;6,557969271;2,484570715;0,698334599;4,771733155;ZWE;Zimbabwe;USD million
01/09/22;ICT;9,670517367;3,298103485;1,813068748;8,18548263;ZWE;Zimbabwe;USD million
01/09/22;Tourism;6,235868795;1,726957051;2,043408093;6,552319837;ZWE;Zimbabwe;USD million
01/09/22;Transport;5,446587944;1,061818979;1,442198534;5,826967499;ZWE;Zimbabwe;USD million
01/09/22;Other;4,171983385;0,749151165;0,852298828;4,275131048;ZWE;Zimbabwe;USD million
01/10/22;Mining;7,183395195;2,791649481;2,195924502;6,587670217;ZWE;Zimbabwe;USD million
01/10/22;Manufacturing;2,179965208;0,624782036;0,722391738;2,27757491;ZWE;Zimbabwe;USD million
01/10/22;Agriculture;6,107960511;2,369605679;0,318982573;4,057337405;ZWE;Zimbabwe;USD million
01/10/22;Energy;5,883331535;1,994810146;1,331146058;5,219667447;ZWE;Zimbabwe;USD million
01/10/22;Finance;7,271567527;1,255698817;1,924334601;7,940203312;ZWE;Zimbabwe;USD million
01/10/22;ICT;4,660344482;1,275656765;1,181367591;4,566055307;ZWE;Zimbabwe;USD million
01/10/22;Tourism;2,136078458;0,346902978;0,252610812;2,041786292;ZWE;Zimbabwe;USD million
01/10/22;Transport;4,972989798;1,161162067;0,605297452;4,417125183;ZWE;Zimbabwe;USD million
01/10/22;Other;2,903584637;0,911349541;0,929709625;2,921944721;ZWE;Zimbabwe;USD million
01/11/22;Mining;7,008287176;2,004146923;2,137834451;7,141974703;ZWE;Zimbabwe;USD million
01/11/22;Manufacturing;1,735990609;0,619053279;0,548295157;1,665232486;ZWE;Zimbabwe;USD million
01/11/22;Agriculture;9,477429386;0,516085018;1,081631034;10,0429754;ZWE;Zimbabwe;USD million
01/11/22;Energy;8,438876241;0,480856214;2,676466785;10,63448681;ZWE;Zimbabwe;USD million
01/11/22;Finance;3,017413131;1,081318321;0,179782604;2,115877414;ZWE;Zimbabwe;USD million
01/11/22;ICT;6,66536796;2,567837772;1,50371277;5,601242958;ZWE;Zimbabwe;USD million
01/11/22;Tourism;5,137238883;1,621074706;0,524427104;4,040591281;ZWE;Zimbabwe;USD million
01/11/22;Transport;11,99646746;3,845382409;3,286086295;11,43717134;ZWE;Zimbabwe;USD million
01/11/22;Other;7,689950611;0,517192772;1,746734225;8,919492064;ZWE;Zimbabwe;USD million
01/12/22;Mining;2,373741192;0,149342991;0,49246196;2,716860161;ZWE;Zimbabwe;USD million
01/12/22;Manufacturing;2,141920047;0,224227041;0,729689804;2,64738281;ZWE;Zimbabwe;USD million
01/12/22;Agriculture;6,144496049;2,090780391;1,934057797;5,987773455;ZWE;Zimbabwe;USD million
01/12/22;Energy;7,324571924;1,671996835;0,584835158;6,237410246;ZWE;Zimbabwe;USD million
01/12/22;Finance;3,376350851;0,271271617;1,164724371;4,269803605;ZWE;Zimbabwe;USD million
01/12/22;ICT;6,028907232;1,809611683;0,93695959;5,156255139;ZWE;Zimbabwe;USD million
01/12/22;Tourism;2,775639588;0,636769007;0,423495706;2,562366287;ZWE;Zimbabwe;USD million
01/12/22;Transport;8,335128329;3,189302141;1,993085524;7,138911712;ZWE;Zimbabwe;USD million
01/12/22;Other;5,620021323;0,501265327;0,393295251;5,512051247;ZWE;Zimbabwe;USD million
01/01/23;Mining;2,103402511;0,629073851;0,128812824;1,603141483;ZWE;Zimbabwe;USD million
01/01/23;Manufacturing;3,786698811;0,665042162;0,709924054;3,831580703;ZWE;Zimbabwe;USD million
01/01/23;Agriculture;5,025610116;1,162462092;0,405657138;4,268805162;ZWE;Zimbabwe;USD million
01/01/23;Energy;13,13544883;1,35973387;1,975936912;13,75165187;ZWE;Zimbabwe;USD million
01/01/23;Finance;4,196172873;0,538800781;0,819309054;4,476681146;ZWE;Zimbabwe;USD million
01/01/23;ICT;1,739953472;0,44668296;0,121609842;1,414880355;ZWE;Zimbabwe;USD million
01/01/23;Tourism;5,180377296;1,476925203;1,324353761;5,027805855;ZWE;Zimbabwe;USD million
01/01/23;Transport;6,519822847;0,901973126;1,680804414;7,298654135;ZWE;Zimbabwe;USD million
01/01/23;Other;5,799544447;0,863032496;0,33694218;5,27345413;ZWE;Zimbabwe;USD million
01/02/23;Mining;1,29972318;0,103567935;0,10403336;1,300188605;ZWE;Zimbabwe;USD million
01/02/23;Manufacturing;5,945129453;1,587958289;0,737092582;5,094263746;ZWE;Zimbabwe;USD million
01/02/23;Agriculture;8,173479974;1,412300521;1,893800981;8,654980434;ZWE;Zimbabwe;USD million
01/02/23;Energy;6,540134329;0,430867702;0,518427915;6,627694543;ZWE;Zimbabwe;USD million
01/02/23;Finance;3,289316498;0,672522804;0,19563547;2,812429164;ZWE;Zimbabwe;USD million
01/02/23;ICT;2,119682302;0,456558824;0,569047591;2,23217107;ZWE;Zimbabwe;USD million
01/02/23;Tourism;3,10456007;0,710023942;0,527221765;2,921757894;ZWE;Zimbabwe;USD million
01/02/23;Transport;7,185874839;2,039206218;1,691552037;6,838220658;ZWE;Zimbabwe;USD million
01/02/23;Other;7,06811679;2,487459578;0,693201406;5,273858618;ZWE;Zimbabwe;USD million
01/03/23;Mining;1,571915213;0,52992661;0,327443852;1,369432454;ZWE;Zimbabwe;USD million
01/03/23;Manufacturing;1,227434975;0,232124582;0,239491383;1,234801775;ZWE;Zimbabwe;USD million
01/03/23;Agriculture;1,370258968;0,361939539;0,078830125;1,087149555;ZWE;Zimbabwe;USD million
01/03/23;Energy;6,942100707;1,842549766;0,400887253;5,500438193;ZWE;Zimbabwe;USD million
01/03/23;Finance;7,364339987;0,52332232;1,954432095;8,795449762;ZWE;Zimbabwe;USD million
01/03/23;ICT;6,779746354;2,561296552;1,826413801;6,044863603;ZWE;Zimbabwe;USD million
01/03/23;Tourism;8,367474658;2,128182889;1,003799794;7,243091563;ZWE;Zimbabwe;USD million
01/03/23;Transport;6,556872995;1,275723821;2,27485656;7,556005734;ZWE;Zimbabwe;USD million
01/03/23;Other;6,827540681;0,645234446;0,953286773;7,135593009;ZWE;Zimbabwe;USD million
01/04/23;Mining;2,924718142;0,636260395;0,976270977;3,264728724;ZWE;Zimbabwe;USD million
01/04/23;Manufacturing;6,011363234;2,323551433;1,478000985;5,165812787;ZWE;Zimbabwe;USD million
01/04/23;Agriculture;3,235428951;0,98451121;0,215920918;2,466838659;ZWE;Zimbabwe;USD million
01/04/23;Energy;3,045201931;0,180657831;0,235301841;3,09984594;ZWE;Zimbabwe;USD million
01/04/23;Finance;3,356609643;0,337912675;1,023439595;4,042136563;ZWE;Zimbabwe;USD million
01/04/23;ICT;6,342452177;2,4674376;0,675270406;4,550284983;ZWE;Zimbabwe;USD million
01/04/23;Tourism;5,195318093;0,514839424;1,695376623;6,375855293;ZWE;Zimbabwe;USD million
01/04/23;Transport;7,895667565;2,106685393;1,850127462;7,639109633;ZWE;Zimbabwe;USD million
01/04/23;Other;2,606633411;0,155429172;0,186798397;2,638002636;ZWE;Zimbabwe;USD million
01/05/23;Mining;2,044736634;0,755690673;0,288617786;1,577663746;ZWE;Zimbabwe;USD million
01/05/23;Manufacturing;9,607183366;1,978046425;1,956949157;9,586086098;ZWE;Zimbabwe;USD million
01/05/23;Agriculture;4,16864886;0,778379571;0,552319924;3,942589214;ZWE;Zimbabwe;USD million
01/05/23;Energy;1,533251969;0,415385374;0,101263376;1,21912997;ZWE;Zimbabwe;USD million
01/05/23;Finance;1,300007812;0,151750998;0,104618688;1,252875503;ZWE;Zimbabwe;USD million
01/05/23;ICT;8,639526882;2,697512121;0,636265795;6,578280555;ZWE;Zimbabwe;USD million
01/05/23;Tourism;3,647151325;0,993301113;0,559612156;3,213462368;ZWE;Zimbabwe;USD million
01/05/23;Transport;9,396552896;2,164201713;1,975355607;9,207706789;ZWE;Zimbabwe;USD million
01/05/23;Other;2,281332379;0,549571385;0,644819227;2,376580221;ZWE;Zimbabwe;USD million
01/06/23;Mining;2,190946949;0,260568975;0,249389961;2,179767935;ZWE;Zimbabwe;USD million
01/06/23;Manufacturing;10,81444757;2,219143754;2,186973698;10,78227752;ZWE;Zimbabwe;USD million
01/06/23;Agriculture;7,264107249;0,728061308;2,448708097;8,984754038;ZWE;Zimbabwe;USD million
01/06/23;Energy;5,931588178;1,782246252;0,748510228;4,897852154;ZWE;Zimbabwe;USD million
01/06/23;Finance;6,094513364;0,837254317;1,578051544;6,835310591;ZWE;Zimbabwe;USD million
01/06/23;ICT;5,449499294;0,753888844;1,089282207;5,784892657;ZWE;Zimbabwe;USD million
01/06/23;Tourism;6,313702042;0,600243605;0,521741245;6,235199682;ZWE;Zimbabwe;USD million
01/06/23;Transport;6,637561796;0,355691623;0,400230216;6,682100389;ZWE;Zimbabwe;USD million
01/06/23;Other;6,140928913;1,24362774;1,593006829;6,490308002;ZWE;Zimbabwe;USD million
01/07/23;Mining;5,806324188;2,131867967;1,740744783;5,415201003;ZWE;Zimbabwe;USD million
01/07/23;Manufacturing;8,856451996;3,495633079;2,27282755;7,633646467;ZWE;Zimbabwe;USD million
01/07/23;Agriculture;3,59828161;1,149424591;0,3418;2,79065702;ZWE;Zimbabwe;USD million
01/07/23;Energy;6,188502684;1,083073114;2,053438317;7,158867887;ZWE;Zimbabwe;USD million
01/07/23;Finance;2,820797754;0,163727781;0,526717001;3,183786974;ZWE;Zimbabwe;USD million
01/07/23;ICT;8,125241639;2,435181047;0,411199259;6,101259851;ZWE;Zimbabwe;USD million
01/07/23;Tourism;11,15328083;4,23712215;3,352810279;10,26896896;ZWE;Zimbabwe;USD million
01/07/23;Transport;1,018925541;0,327940661;0,13741755;0,828402429;ZWE;Zimbabwe;USD million
01/07/23;Other;3,695535635;0,590452638;0,854864116;3,959947113;ZWE;Zimbabwe;USD million
01/08/23;Mining;5,655078303;1,447739298;0,798961051;5,006300057;ZWE;Zimbabwe;USD million
01/08/23;Manufacturing;1,657211903;0,083234191;0,424801488;1,9987792;ZWE;Zimbabwe;USD million
01/08/23;Agriculture;4,679796044;0,632038369;0,930506611;4,978264286;ZWE;Zimbabwe;USD million
01/08/23;Energy;10,80230879;3,631273119;3,415176794;10,58621247;ZWE;Zimbabwe;USD million
01/08/23;Finance;5,0655481;1,033046458;0,625883812;4,658385454;ZWE;Zimbabwe;USD million
01/08/23;ICT;5,975658328;0,871208805;0,329408147;5,43385767;ZWE;Zimbabwe;USD million
01/08/23;Tourism;11,65633266;3,259914713;1,935636188;10,33205414;ZWE;Zimbabwe;USD million
01/08/23;Transport;10,36731212;4,123569323;3,516083753;9,759826552;ZWE;Zimbabwe;USD million
01/08/23;Other;4,664496481;1,292008609;1,406442551;4,778930423;ZWE;Zimbabwe;USD million
01/09/23;Mining;8,013627297;1,177460265;2,542174461;9,378341493;ZWE;Zimbabwe;USD million
01/09/23;Manufacturing;3,099154003;0,873271854;0,782864449;3,008746599;ZWE;Zimbabwe;USD million
01/09/23;Agriculture;4,693569143;1,096850754;1,409423699;5,006142089;ZWE;Zimbabwe;USD million
01/09/23;Energy;3,068693479;1,045959706;1,060069454;3,082803227;ZWE;Zimbabwe;USD million
01/09/23;Finance;2,826566434;0,871431608;0,814765827;2,769900653;ZWE;Zimbabwe;USD million
01/09/23;ICT;3,965211178;1,122894251;0,752413574;3,594730502;ZWE;Zimbabwe;USD million
01/09/23;Tourism;4,60620643;0,711495807;0,547135925;4,441846548;ZWE;Zimbabwe;USD million
01/09/23;Transport;2,650249606;0,309651087;0,716246082;3,056844601;ZWE;Zimbabwe;USD million
01/09/23;Other;4,628442996;1,175316653;0,750800956;4,203927299;ZWE;Zimbabwe;USD million
01/10/23;Mining;3,876131015;1,421749878;0,487943606;2,942324744;ZWE;Zimbabwe;USD million
01/10/23;Manufacturing;2,445661197;0,676064752;0,525804895;2,295401339;ZWE;Zimbabwe;USD million
01/10/23;Agriculture;5,230393693;1,111841253;1,520486676;5,639039116;ZWE;Zimbabwe;USD million
01/10/23;Energy;4,636476763;1,041890204;0,61719023;4,211776789;ZWE;Zimbabwe;USD million
01/10/23;Finance;7,506298192;0,587846437;1,874291912;8,792743667;ZWE;Zimbabwe;USD million
01/10/23;ICT;4,638797802;1,802068626;0,347386119;3,184115295;ZWE;Zimbabwe;USD million
01/10/23;Tourism;9,79515357;3,602526546;2,479911148;8,672538173;ZWE;Zimbabwe;USD million
01/10/23;Transport;3,546371196;1,163721056;0,613428978;2,996079119;ZWE;Zimbabwe;USD million
01/10/23;Other;5,080137775;0,489662477;0,294144445;4,884619742;ZWE;Zimbabwe;USD million
01/11/23;Mining;4,057136145;0,571838498;0,561853476;4,047151123;ZWE;Zimbabwe;USD million
01/11/23;Manufacturing;2,911153025;0,834746976;0,920681256;2,997087305;ZWE;Zimbabwe;USD million
01/11/23;Agriculture;3,583271474;0,353792164;0,24603433;3,47551364;ZWE;Zimbabwe;USD million
01/11/23;Energy;5,346930152;1,675604034;1,443855052;5,115181171;ZWE;Zimbabwe;USD million
01/11/23;Finance;2,548525011;0,79717022;0,241796095;1,993150886;ZWE;Zimbabwe;USD million
01/11/23;ICT;2,743088922;0,67300576;0,433739931;2,503823093;ZWE;Zimbabwe;USD million
01/11/23;Tourism;5,604006355;1,560022346;0,796237607;4,840221617;ZWE;Zimbabwe;USD million
01/11/23;Transport;7,390528035;1,175545704;1,420212833;7,635195163;ZWE;Zimbabwe;USD million
01/11/23;Other;4,306883446;0,992077477;0,377814222;3,69262019;ZWE;Zimbabwe;USD million
01/12/23;Mining;7,68309292;0,923289954;0,990225254;7,75002822;ZWE;Zimbabwe;USD million
01/12/23;Manufacturing;6,956971525;1,443617458;1,886577542;7,399931609;ZWE;Zimbabwe;USD million
01/12/23;Agriculture;7,940446214;2,796084857;0,863176057;6,007537414;ZWE;Zimbabwe;USD million
01/12/23;Energy;5,872922594;0,345998267;1,99374987;7,520674197;ZWE;Zimbabwe;USD million
01/12/23;Finance;5,34715704;0,536560577;1,825376261;6,635972724;ZWE;Zimbabwe;USD million
01/12/23;ICT;5,701180564;0,717739424;1,265244903;6,248686043;ZWE;Zimbabwe;USD million
01/12/23;Tourism;1,644441141;0,366000862;0,146162969;1,424603247;ZWE;Zimbabwe;USD million
01/12/23;Transport;4,33884369;0,978494321;0,218114984;3,578464352;ZWE;Zimbabwe;USD million
01/12/23;Other;3,359748803;1,188620683;0,874757906;3,045886026;ZWE;Zimbabwe;USD million
01/01/24;Mining;1,7755904;0,595107247;0,539855576;1,720338729;ZWE;Zimbabwe;USD million
01/01/24;Manufacturing;4,99159791;1,209696374;0,567394014;4,349295551;ZWE;Zimbabwe;USD million
01/01/24;Agriculture;1,470497744;0,117573184;0,247291397;1,600215957;ZWE;Zimbabwe;USD million
01/01/24;Energy;2,490918723;0,943251072;0,355457997;1,903125649;ZWE;Zimbabwe;USD million
01/01/24;Finance;4,028084363;1,153934484;0,599835518;3,473985396;ZWE;Zimbabwe;USD million
01/01/24;ICT;4,16104714;0,404209085;0,705719564;4,462557619;ZWE;Zimbabwe;USD million
01/01/24;Tourism;7,680100384;1,457166266;2,253273094;8,476207212;ZWE;Zimbabwe;USD million
01/01/24;Transport;4,791142973;1,360058354;1,426580707;4,857665326;ZWE;Zimbabwe;USD million
01/01/24;Other;2,168954707;0,13290707;0,484550839;2,520598477;ZWE;Zimbabwe;USD million
01/02/24;Mining;13,20122758;2,564851301;2,931614814;13,56799109;ZWE;Zimbabwe;USD million
01/02/24;Manufacturing;4,580880009;0,445941859;1,378332739;5,513270889;ZWE;Zimbabwe;USD million
01/02/24;Agriculture;8,244200482;1,688773571;2,394579123;8,950006035;ZWE;Zimbabwe;USD million
01/02/24;Energy;4,471428435;1,629451145;1,349039957;4,191017247;ZWE;Zimbabwe;USD million
01/02/24;Finance;11,35638189;3,032754648;3,750700477;12,07432772;ZWE;Zimbabwe;USD million
01/02/24;ICT;14,91284825;0,880066242;4,301340853;18,33412286;ZWE;Zimbabwe;USD million
01/02/24;Tourism;7,082114842;1,284524824;0,853330661;6,650920679;ZWE;Zimbabwe;USD million
01/02/24;Transport;4,013978817;0,584922298;0,213548201;3,64260472;ZWE;Zimbabwe;USD million
01/02/24;Other;10,09397899;2,998317003;2,337852903;9,433514886;ZWE;Zimbabwe;USD million
01/03/24;Mining;8,816855632;2,37861827;2,225898456;8,664135819;ZWE;Zimbabwe;USD million
01/03/24;Manufacturing;3,003442259;0,52289953;0,588463139;3,069005869;ZWE;Zimbabwe;USD million
01/03/24;Agriculture;1,445828697;0,307484132;0,142886411;1,281230976;ZWE;Zimbabwe;USD million
01/03/24;Energy;6,167660345;2,012825939;0,604656156;4,759490562;ZWE;Zimbabwe;USD million
01/03/24;Finance;8,814610562;1,598761869;1,767794266;8,983642959;ZWE;Zimbabwe;USD million
01/03/24;ICT;4,954540559;1,887907746;0,394796818;3,461429632;ZWE;Zimbabwe;USD million
01/03/24;Tourism;4,181665468;1,668703636;0,29278356;2,805745392;ZWE;Zimbabwe;USD million
01/03/24;Transport;2,600417489;0,436725647;0,548105339;2,711797181;ZWE;Zimbabwe;USD million
01/03/24;Other;1,853014668;0,353419185;0,297762843;1,797358325;ZWE;Zimbabwe;USD million
01/04/24;Mining;6,410277853;1,924597493;0,510193386;4,995873745;ZWE;Zimbabwe;USD million
01/04/24;Manufacturing;6,196018031;1,502804107;0,447844907;5,14105883;ZWE;Zimbabwe;USD million
01/04/24;Agriculture;11,04306989;1,301014537;1,900221212;11,64227656;ZWE;Zimbabwe;USD million
01/04/24;Energy;1,959122118;0,37942477;0,214588224;1,794285572;ZWE;Zimbabwe;USD million
01/04/24;Finance;6,584370565;1,15969278;1,451202083;6,875879869;ZWE;Zimbabwe;USD million
01/04/24;ICT;5,251903636;1,176702495;1,111648258;5,186849399;ZWE;Zimbabwe;USD million
01/04/24;Tourism;4,999006037;0,503530727;0,671633999;5,167109309;ZWE;Zimbabwe;USD million
01/04/24;Transport;6,607401934;2,475680258;1,312571109;5,444292785;ZWE;Zimbabwe;USD million
01/04/24;Other;3,317554748;0,617333252;0,211162273;2,911383769;ZWE;Zimbabwe;USD million
01/05/24;Mining;5,410849622;1,455829351;0,790009372;4,745029643;ZWE;Zimbabwe;USD million
01/05/24;Manufacturing;4,493669032;1,315842564;0,318487759;3,496314228;ZWE;Zimbabwe;USD million
01/05/24;Agriculture;4,880397966;1,058438283;0,249663169;4,071622853;ZWE;Zimbabwe;USD million
01/05/24;Energy;3,984623002;0,996103716;0,491499796;3,480019083;ZWE;Zimbabwe;USD million
01/05/24;Finance;5,878516642;0,318999425;1,619622306;7,179139523;ZWE;Zimbabwe;USD million
01/05/24;ICT;3,095507591;0,291707489;0,67857643;3,482376532;ZWE;Zimbabwe;USD million
01/05/24;Tourism;4,845136149;0,739435034;1,529236277;5,634937391;ZWE;Zimbabwe;USD million
01/05/24;Transport;2,496420695;0,636280509;0,756356878;2,616497064;ZWE;Zimbabwe;USD million
01/05/24;Other;3,693026082;1,234062982;1,089523244;3,548486345;ZWE;Zimbabwe;USD million
01/06/24;Mining;3,668615689;0,815155933;1,109627028;3,963086784;ZWE;Zimbabwe;USD million
01/06/24;Manufacturing;1,996235525;0,633724375;0,403141237;1,765652387;ZWE;Zimbabwe;USD million
01/06/24;Agriculture;7,707225288;1,209883416;0,887200856;7,384542729;ZWE;Zimbabwe;USD million
01/06/24;Energy;4,482241077;0,925131017;1,509726917;5,066836977;ZWE;Zimbabwe;USD million
01/06/24;Finance;6,35007587;1,048716733;1,510403047;6,811762183;ZWE;Zimbabwe;USD million
01/06/24;ICT;6,039130624;2,312843152;2,090457843;5,816745314;ZWE;Zimbabwe;USD million
01/06/24;Tourism;8,042841166;1,158170162;2,548962656;9,433633659;ZWE;Zimbabwe;USD million
01/06/24;Transport;6,917371641;1,894981474;2,043243622;7,065633788;ZWE;Zimbabwe;USD million
01/06/24;Other;3,123425263;0,672407476;0,311287784;2,76230557;ZWE;Zimbabwe;USD million
01/07/24;Mining;1,257460666;0,421667957;0,341336715;1,177129424;ZWE;Zimbabwe;USD million
01/07/24;Manufacturing;2,985272348;1,126564662;0,589811753;2,448519439;ZWE;Zimbabwe;USD million
01/07/24;Agriculture;6,920042897;0,356610829;0,708947911;7,272379979;ZWE;Zimbabwe;USD million
01/07/24;Energy;6,60616222;0,675197614;2,16229408;8,093258686;ZWE;Zimbabwe;USD million
01/07/24;Finance;2,279461909;0,240966855;0,680059579;2,718554633;ZWE;Zimbabwe;USD million
01/07/24;ICT;3,819291224;1,231924028;0,496045134;3,08341233;ZWE;Zimbabwe;USD million
01/07/24;Tourism;6,223697317;2,145445907;0,408171974;4,486423384;ZWE;Zimbabwe;USD million
01/07/24;Transport;3,678678297;1,026603559;0,873196701;3,525271439;ZWE;Zimbabwe;USD million
01/07/24;Other;8,065241044;2,980381573;2,016573741;7,101433213;ZWE;Zimbabwe;USD million
01/08/24;Mining;3,45755651;0,893365179;0,551681592;3,115872922;ZWE;Zimbabwe;USD million
01/08/24;Manufacturing;1,827461586;0,598141818;0,275079769;1,504399537;ZWE;Zimbabwe;USD million
01/08/24;Agriculture;6,280139724;1,060533392;1,100914044;6,320520376;ZWE;Zimbabwe;USD million
01/08/24;Energy;3,648634836;0,261980851;0,354834153;3,741488138;ZWE;Zimbabwe;USD million
01/08/24;Finance;13,20549236;3,492122494;4,184334786;13,89770466;ZWE;Zimbabwe;USD million
01/08/24;ICT;5,607977165;1,344154479;0,993025497;5,256848184;ZWE;Zimbabwe;USD million
01/08/24;Tourism;11,03712349;2,741589746;3,816049794;12,11158354;ZWE;Zimbabwe;USD million
01/08/24;Transport;11,35587751;4,129280522;3,026570379;10,25316737;ZWE;Zimbabwe;USD million
01/08/24;Other;6,233531654;1,211554382;1,565541017;6,587518288;ZWE;Zimbabwe;USD million
01/09/24;Mining;2,968932363;0,356253108;0,918869612;3,531548867;ZWE;Zimbabwe;USD million
01/09/24;Manufacturing;2,902215111;0,487319741;0,719459186;3,134354556;ZWE;Zimbabwe;USD million
01/09/24;Agriculture;4,064330824;1,099350223;1,253309742;4,218290343;ZWE;Zimbabwe;USD million
01/09/24;Energy;2,815239024;0,196347217;0,921964088;3,540855896;ZWE;Zimbabwe;USD million
01/09/24;Finance;5,727871111;2,173642307;0,852276173;4,406504976;ZWE;Zimbabwe;USD million
01/09/24;ICT;6,097525082;1,540433139;1,688358296;6,245450239;ZWE;Zimbabwe;USD million
01/09/24;Tourism;2,044225406;0,260077525;0,135591999;1,919739881;ZWE;Zimbabwe;USD million
01/09/24;Transport;5,533412845;0,29137864;0,437533452;5,679567657;ZWE;Zimbabwe;USD million
01/09/24;Other;1,953784171;0,533527327;0,137299379;1,557556224;ZWE;Zimbabwe;USD million
01/10/24;Mining;7,544592305;2,88981685;2,612070755;7,26684621;ZWE;Zimbabwe;USD million
01/10/24;Manufacturing;6,585445586;0,354911365;0,435106403;6,665640624;ZWE;Zimbabwe;USD million
01/10/24;Agriculture;3,978478071;1,277895022;0,905196652;3,605779701;ZWE;Zimbabwe;USD million
01/10/24;Energy;6,655381243;0,572818288;1,699499221;7,782062176;ZWE;Zimbabwe;USD million
01/10/24;Finance;6,215102331;0,571243543;0,778131804;6,421990591;ZWE;Zimbabwe;USD million
01/10/24;ICT;6,944112138;1,141599386;2,068352179;7,870864931;ZWE;Zimbabwe;USD million
01/10/24;Tourism;6,23814213;0,656443569;0,893795817;6,475494378;ZWE;Zimbabwe;USD million
01/10/24;Transport;4,835428398;0,655961401;1,011802738;5,191269735;ZWE;Zimbabwe;USD million
01/10/24;Other;2,084434853;0,560178674;0,158054477;1,682310657;ZWE;Zimbabwe;USD million
01/11/24;Mining;5,338686979;1,515999153;1,702034073;5,524721898;ZWE;Zimbabwe;USD million
01/11/24;Manufacturing;10,46517322;3,203096655;0,759547375;8,021623937;ZWE;Zimbabwe;USD million
01/11/24;Agriculture;1,700895396;0,329902324;0,331447311;1,702440383;ZWE;Zimbabwe;USD million
01/11/24;Energy;6,897293595;2,053840463;0,952901331;5,796354464;ZWE;Zimbabwe;USD million
01/11/24;Finance;1,642603935;0,565017566;0,507578747;1,585165116;ZWE;Zimbabwe;USD million
01/11/24;ICT;8,214818485;1,39350396;2,480423726;9,301738252;ZWE;Zimbabwe;USD million
01/11/24;Tourism;8,165453701;1,751093178;2,463451697;8,87781222;ZWE;Zimbabwe;USD million
01/11/24;Transport;2,110571901;0,392155245;0,552227902;2,270644558;ZWE;Zimbabwe;USD million
01/11/24;Other;3,33825712;0,540420711;1,148951229;3,946787638;ZWE;Zimbabwe;USD million
01/12/24;Mining;6,088311877;1,37300149;0,678490667;5,393801055;ZWE;Zimbabwe;USD million
01/12/24;Manufacturing;8,302681399;2,059260424;1,105416622;7,348837597;ZWE;Zimbabwe;USD million
01/12/24;Agriculture;5,466651586;1,608663521;0,572841396;4,430829461;ZWE;Zimbabwe;USD million
01/12/24;Energy;2,622183883;0,471080316;0,757969903;2,909073469;ZWE;Zimbabwe;USD million
01/12/24;Finance;5,000131389;0,651140632;0,309911223;4,65890198;ZWE;Zimbabwe;USD million
01/12/24;ICT;8,642568596;1,814471947;2,778330731;9,60642738;ZWE;Zimbabwe;USD million
01/12/24;Tourism;7,674435271;2,46654984;1,726861928;6,934747359;ZWE;Zimbabwe;USD million
01/12/24;Transport;1,743675605;0,311252656;0,417411024;1,849833973;ZWE;Zimbabwe;USD million
01/12/24;Other;2,668000336;0,431365371;0,159854729;2,396489694;ZWE;Zimbabwe;USD million
01/01/25;Mining;10,14519816;2,791406783;2,683394502;10,03718588;ZWE;Zimbabwe;USD million
01/01/25;Manufacturing;8,896914917;2,16743651;1,814833127;8,544311533;ZWE;Zimbabwe;USD million
01/01/25;Agriculture;7,535976395;1,466587571;2,604732641;8,674121465;ZWE;Zimbabwe;USD million
01/01/25;Energy;6,129497077;0,566050431;2,085699232;7,649145878;ZWE;Zimbabwe;USD million
01/01/25;Finance;5,39593047;1,060552253;0,900493654;5,23587187;ZWE;Zimbabwe;USD million
01/01/25;ICT;6,55809639;1,011199901;2,039491964;7,586388452;ZWE;Zimbabwe;USD million
01/01/25;Tourism;3,275586711;0,618122244;0,705853023;3,36331749;ZWE;Zimbabwe;USD million
01/01/25;Transport;1,163965368;0,365846421;0,33967989;1,137798836;ZWE;Zimbabwe;USD million
01/01/25;Other;3,567297835;1,143415167;0,686799245;3,110681913;ZWE;Zimbabwe;USD million
01/02/25;Mining;6,453486108;1,02070991;0,545930698;5,978706896;ZWE;Zimbabwe;USD million
01/02/25;Manufacturing;5,838230307;1,457275605;1,513353833;5,894308535;ZWE;Zimbabwe;USD million
01/02/25;Agriculture;7,654653165;1,037117982;2,088269354;8,705804537;ZWE;Zimbabwe;USD million
01/02/25;Energy;6,436594435;0,443779372;0,901106046;6,89392111;ZWE;Zimbabwe;USD million
01/02/25;Finance;7,524263702;1,938187376;2,007845393;7,59392172;ZWE;Zimbabwe;USD million
01/02/25;ICT;6,625049371;0,61113406;2,287726406;8,301641716;ZWE;Zimbabwe;USD million
01/02/25;Tourism;2,749390349;0,287298715;0,866853123;3,328944757;ZWE;Zimbabwe;USD million
01/02/25;Transport;4,028554939;0,829434925;0,415504611;3,614624625;ZWE;Zimbabwe;USD million
01/02/25;Other;8,856125887;0,677458732;0,487258525;8,66592568;ZWE;Zimbabwe;USD million
01/03/25;Mining;2,504573715;0,707357491;0,344607732;2,141823955;ZWE;Zimbabwe;USD million
01/03/25;Manufacturing;14,92404918;2,798925072;3,997725734;16,12284984;ZWE;Zimbabwe;USD million
01/03/25;Agriculture;4,690015679;1,010945345;0,304750387;3,98382072;ZWE;Zimbabwe;USD million
01/03/25;Energy;5,961753975;2,066698283;1,65938202;5,554437712;ZWE;Zimbabwe;USD million
01/03/25;Finance;1,609594361;0,575489932;0,141156054;1,175260484;ZWE;Zimbabwe;USD million
01/03/25;ICT;8,744811596;1,831251747;0,577656165;7,491216014;ZWE;Zimbabwe;USD million
01/03/25;Tourism;3,571599449;1,238148109;1,088927176;3,422378516;ZWE;Zimbabwe;USD million
01/03/25;Transport;9,13233857;3,021046734;2,266396632;8,377688468;ZWE;Zimbabwe;USD million
01/03/25;Other;4,804810744;1,443925212;0,400586591;3,761472124;ZWE;Zimbabwe;USD million
01/04/25;Mining;9,953918506;1,767239236;1,759809884;9,946489154;ZWE;Zimbabwe;USD million
01/04/25;Manufacturing;1,3009283;0,243661437;0,298628159;1,355895022;ZWE;Zimbabwe;USD million
01/04/25;Agriculture;3,995357372;0,829534756;0,997939164;4,16376178;ZWE;Zimbabwe;USD million
01/04/25;Energy;5,820406013;1,968954965;0,702534118;4,553985166;ZWE;Zimbabwe;USD million
01/04/25;Finance;2,864371987;0,320582908;0,798213375;3,342002453;ZWE;Zimbabwe;USD million
01/04/25;ICT;1,709617224;0,551824491;0,489964641;1,647757375;ZWE;Zimbabwe;USD million
01/04/25;Tourism;5,329061996;1,148315628;0,478578501;4,659324868;ZWE;Zimbabwe;USD million
01/04/25;Transport;2,832626617;0,875467287;0,294657319;2,251816648;ZWE;Zimbabwe;USD million
01/04/25;Other;6,803896405;0,998490952;1,417499352;7,222904805;ZWE;Zimbabwe;USD million
01/05/25;Mining;5,69613873;0,579447982;1,307215804;6,423906552;ZWE;Zimbabwe;USD million
01/05/25;Manufacturing;8,579216402;2,86145416;1,234585642;6,952347884;ZWE;Zimbabwe;USD million
01/05/25;Agriculture;1,986681052;0,509635212;0,224152413;1,701198252;ZWE;Zimbabwe;USD million
01/05/25;Energy;5,152640745;0,741381721;0,47264507;4,883904095;ZWE;Zimbabwe;USD million
01/05/25;Finance;4,967588797;1,067026628;0,911712724;4,812274893;ZWE;Zimbabwe;USD million
01/05/25;ICT;3,645376141;1,437044369;1,206710131;3,415041902;ZWE;Zimbabwe;USD million
01/05/25;Tourism;3,530868879;0,178365579;0,385614059;3,738117359;ZWE;Zimbabwe;USD million
01/05/25;Transport;8,633819094;1,269502514;0,991132832;8,355449413;ZWE;Zimbabwe;USD million
01/05/25;Other;2,299473053;0,598370157;0,322361111;2,023464006;ZWE;Zimbabwe;USD million
01/06/25;Mining;4,211237646;1,053324498;1,31154229;4,469455437;ZWE;Zimbabwe;USD million
01/06/25;Manufacturing;7,158498927;0,405337063;2,326016068;9,079177931;ZWE;Zimbabwe;USD million
01/06/25;Agriculture;5,613508916;1,740685025;1,518258212;5,391082102;ZWE;Zimbabwe;USD million
01/06/25;Energy;6,127282329;2,39990634;0,737809193;4,465185182;ZWE;Zimbabwe;USD million
01/06/25;Finance;6,615466969;0,709251162;0,895359667;6,801575474;ZWE;Zimbabwe;USD million
01/06/25;ICT;6,164762421;1,583884615;1,747894031;6,328771837;ZWE;Zimbabwe;USD million
01/06/25;Tourism;2,534323866;0,961342628;0,751132443;2,324113681;ZWE;Zimbabwe;USD million
01/06/25;Transport;7,013220902;2,437924348;2,175716447;6,751013001;ZWE;Zimbabwe;USD million
01/06/25;Other;9,453320418;0,871081975;0,544789717;9,12702816;ZWE;Zimbabwe;USD million
01/07/25;Mining;2,210062853;0,327293685;0,434568801;2,317337969;ZWE;Zimbabwe;USD million
01/07/25;Manufacturing;5,922760153;1,654847863;0,811539277;5,079451567;ZWE;Zimbabwe;USD million
01/07/25;Agriculture;9,97795106;2,302237351;1,490787123;9,166500832;ZWE;Zimbabwe;USD million
01/07/25;Energy;4,224523124;1,140451924;0,72896665;3,81303785;ZWE;Zimbabwe;USD million
01/07/25;Finance;11,03612995;1,496958065;1,699846029;11,23901792;ZWE;Zimbabwe;USD million
01/07/25;ICT;5,321896161;1,739618143;0,528419386;4,110697404;ZWE;Zimbabwe;USD million
01/07/25;Tourism;1,491380908;0,391702906;0,296163286;1,395841289;ZWE;Zimbabwe;USD million
01/07/25;Transport;2,251789831;0,592277036;0,684979244;2,344492039;ZWE;Zimbabwe;USD million
01/07/25;Other;8,093905229;2,008511425;0,72274807;6,808141874;ZWE;Zimbabwe;USD million
01/08/25;Mining;8,843121209;0,772907841;2,641271907;10,71148527;ZWE;Zimbabwe;USD million
01/08/25;Manufacturing;2,505836992;0,517726713;0,398746103;2,386856381;ZWE;Zimbabwe;USD million
01/08/25;Agriculture;2,9331627;0,965753604;0,320183919;2,287593016;ZWE;Zimbabwe;USD million
01/08/25;Energy;2,213906954;0,501650223;0,47479943;2,187056161;ZWE;Zimbabwe;USD million
01/08/25;Finance;7,726669104;2,128755585;2,465066384;8,062979903;ZWE;Zimbabwe;USD million
01/08/25;ICT;7,955191617;2,928638297;1,859750137;6,886303457;ZWE;Zimbabwe;USD million
01/08/25;Tourism;4,313046216;0,597799019;0,79108748;4,506334677;ZWE;Zimbabwe;USD million
01/08/25;Transport;9,514598061;0,720696386;2,737408566;11,53131024;ZWE;Zimbabwe;USD million
01/08/25;Other;1,465079479;0,085852385;0,420493949;1,799721044;ZWE;Zimbabwe;USD million
01/09/25;Mining;5,312820204;1,202120241;0,287363492;4,398063455;ZWE;Zimbabwe;USD million
01/09/25;Manufacturing;1,143686983;0,191784878;0,219210793;1,171112898;ZWE;Zimbabwe;USD million
01/09/25;Agriculture;8,724389429;3,098723768;2,693339088;8,319004749;ZWE;Zimbabwe;USD million
01/09/25;Energy;2,565249652;0,268351188;0,68505636;2,981954823;ZWE;Zimbabwe;USD million
01/09/25;Finance;4,974595992;1,392020259;1,019596781;4,602172513;ZWE;Zimbabwe;USD million
01/09/25;ICT;3,018011719;1,170786416;0,178582927;2,02580823;ZWE;Zimbabwe;USD million
01/09/25;Tourism;6,850974618;2,714091296;1,031397033;5,168280354;ZWE;Zimbabwe;USD million
01/09/25;Transport;6,774589976;1,594151525;1,807640362;6,988078813;ZWE;Zimbabwe;USD million
01/09/25;Other;7,083718948;1,834942705;0,649721051;5,898497294;ZWE;Zimbabwe;USD million
01/10/25;Mining;1,209426118;0,11902746;0,301140221;1,391538879;ZWE;Zimbabwe;USD million
01/10/25;Manufacturing;3,919221432;0,558580464;0,258373817;3,619014785;ZWE;Zimbabwe;USD million
01/10/25;Agriculture;5,800053765;1,353577062;0,378005593;4,824482296;ZWE;Zimbabwe;USD million
01/10/25;Energy;9,419186238;1,287171611;2,37830809;10,51032272;ZWE;Zimbabwe;USD million
01/10/25;Finance;7,370095498;0,450641092;2,134195796;9,053650202;ZWE;Zimbabwe;USD million
01/10/25;ICT;6,660363087;0,553550314;1,49704323;7,603856003;ZWE;Zimbabwe;USD million
01/10/25;Tourism;9,801990753;1,453297399;1,768508428;10,11720178;ZWE;Zimbabwe;USD million
01/10/25;Transport;2,92312068;1,152437953;0,755810973;2,526493699;ZWE;Zimbabwe;USD million
01/10/25;Other;4,592495338;1,795824358;1,025478559;3,822149539;ZWE;Zimbabwe;USD million
01/11/25;Mining;6,040008536;1,58636658;1,103345507;5,556987463;ZWE;Zimbabwe;USD million
01/11/25;Manufacturing;2,28614378;0,183437601;0,786703518;2,889409697;ZWE;Zimbabwe;USD million
01/11/25;Agriculture;5,406201891;1,184746269;0,789389139;5,01084476;ZWE;Zimbabwe;USD million
01/11/25;Energy;6,784306983;2,224092913;1,35865881;5,918872879;ZWE;Zimbabwe;USD million
01/11/25;Finance;2,479423144;0,731069235;0,273995872;2,022349781;ZWE;Zimbabwe;USD million
01/11/25;ICT;3,334614382;0,863568363;0,383018533;2,854064551;ZWE;Zimbabwe;USD million
01/11/25;Tourism;7,678834624;2,010136101;1,839150471;7,507848994;ZWE;Zimbabwe;USD million
01/11/25;Transport;2,27825207;0,614601512;0,125832612;1,78948317;ZWE;Zimbabwe;USD million
01/11/25;Other;5,789794822;2,176512139;1,787846663;5,401129346;ZWE;Zimbabwe;USD million
01/12/25;Mining;1,46858692;0,209033428;0,410503456;1,670056948;ZWE;Zimbabwe;USD million
01/12/25;Manufacturing;2,750864597;1,06465774;0,495658722;2,181865579;ZWE;Zimbabwe;USD million
01/12/25;Agriculture;6,559909979;1,655617109;1,158079182;6,062372052;ZWE;Zimbabwe;USD million
01/12/25;Energy;6,518157125;0,371404842;2,08439907;8,231151353;ZWE;Zimbabwe;USD million
01/12/25;Finance;1,866503343;0,465480841;0,359921452;1,760943954;ZWE;Zimbabwe;USD million
01/12/25;ICT;6,04318448;0,444104339;1,905838007;7,504918148;ZWE;Zimbabwe;USD million
01/12/25;Tourism;9,17659955;2,977965886;1,332081207;7,530714871;ZWE;Zimbabwe;USD million
01/12/25;Transport;8,784519699;2,028918927;2,041768387;8,79736916;ZWE;Zimbabwe;USD million
01/12/25;Other;5,224510659;1,878977549;1,268887212;4,614420322;ZWE;Zimbabwe;USD million
01/01/26;Mining;2,533850138;0,258322736;0,697812636;2,973340039;ZWE;Zimbabwe;USD million
01/01/26;Manufacturing;3,518483412;0,18609334;0,860426415;4,192816488;ZWE;Zimbabwe;USD million
01/01/26;Agriculture;3,918062117;0,51520052;0,987706093;4,390567689;ZWE;Zimbabwe;USD million
01/01/26;Energy;5,604453906;2,01511389;1,043993856;4,633333873;ZWE;Zimbabwe;USD million
01/01/26;Finance;4,018649557;0,481416446;0,955899565;4,493132675;ZWE;Zimbabwe;USD million
01/01/26;ICT;6,944337574;1,133145544;2,106250988;7,917443019;ZWE;Zimbabwe;USD million
01/01/26;Tourism;3,589145289;1,08132792;0,597947819;3,105765188;ZWE;Zimbabwe;USD million
01/01/26;Transport;1,511104775;0,126091272;0,282836001;1,667849505;ZWE;Zimbabwe;USD million
01/01/26;Other;4,272770535;1,504181908;0,669354713;3,437943339;ZWE;Zimbabwe;USD million
01/02/26;Mining;2,791985405;0,723034649;0,471512406;2,540463163;ZWE;Zimbabwe;USD million
01/02/26;Manufacturing;4,764212832;0,452448128;0,536730625;4,848495328;ZWE;Zimbabwe;USD million
01/02/26;Agriculture;1,499982859;0,400731316;0,21509974;1,314351283;ZWE;Zimbabwe;USD million
01/02/26;Energy;5,672851779;2,150673601;1,631131198;5,153309376;ZWE;Zimbabwe;USD million
01/02/26;Finance;8,405355356;1,237817857;2,108693762;9,276231261;ZWE;Zimbabwe;USD million
01/02/26;ICT;6,82275975;2,375033296;1,451650068;5,899376522;ZWE;Zimbabwe;USD million
01/02/26;Tourism;6,36430667;1,010984961;0,379143713;5,732465422;ZWE;Zimbabwe;USD million
01/02/26;Transport;2,284251348;0,502551406;0,320060496;2,101760438;ZWE;Zimbabwe;USD million
01/02/26;Other;2,858145785;1,015318212;0,236009834;2,078837406;ZWE;Zimbabwe;USD million
01/03/26;Mining;10,54899553;3,682264602;3,503074357;10,36980529;ZWE;Zimbabwe;USD million
01/03/26;Manufacturing;7,983837044;2,970037904;1,901232654;6,915031793;ZWE;Zimbabwe;USD million
01/03/26;Agriculture;3,096963264;0,986066914;0,350731149;2,4616275;ZWE;Zimbabwe;USD million
01/03/26;Energy;5,893241971;1,109224483;1,367073106;6,151090594;ZWE;Zimbabwe;USD million
01/03/26;Finance;7,606429441;0,52695812;0,723496926;7,802968246;ZWE;Zimbabwe;USD million
01/03/26;ICT;3,052934533;0,301838524;0,265997592;3,017093602;ZWE;Zimbabwe;USD million
01/03/26;Tourism;2,696181344;0,792363175;0,4627874;2,366605568;ZWE;Zimbabwe;USD million
01/03/26;Transport;7,272626181;1,854199497;0,431717603;5,850144288;ZWE;Zimbabwe;USD million
01/03/26;Other;6,599737239;1,199392626;0,56476866;5,965113273;ZWE;Zimbabwe;USD million
01/04/26;Mining;5,565435609;2,201552728;1,444348039;4,80823092;ZWE;Zimbabwe;USD million
01/04/26;Manufacturing;6,310161075;0,868864669;0,866538512;6,307834918;ZWE;Zimbabwe;USD million
01/04/26;Agriculture;5,262513243;1,017821083;0,741661064;4,986353224;ZWE;Zimbabwe;USD million
01/04/26;Energy;9,292760507;1,462348326;0,487470693;8,317882874;ZWE;Zimbabwe;USD million
01/04/26;Finance;3,609886559;1,101595301;0,190406508;2,698697765;ZWE;Zimbabwe;USD million
01/04/26;ICT;7,058237379;0,475768321;0,695977914;7,278446972;ZWE;Zimbabwe;USD million
01/04/26;Tourism;2,973630844;0,661268144;0,719384742;3,031747443;ZWE;Zimbabwe;USD million
01/04/26;Transport;1,838411089;0,320784651;0,258497681;1,776124119;ZWE;Zimbabwe;USD million
01/04/26;Other;5,332797059;1,473712472;1,373766994;5,232851581;ZWE;Zimbabwe;USD million
01/05/26;Mining;5,763745473;1,617443505;1,578046424;5,724348391;ZWE;Zimbabwe;USD million
01/05/26;Manufacturing;3,854708356;0,326844527;1,290464356;4,818328184;ZWE;Zimbabwe;USD million
01/05/26;Agriculture;3,368704405;1,193790877;0,99827638;3,173189908;ZWE;Zimbabwe;USD million
01/05/26;Energy;7,354599972;0,632669255;2,413879765;9,135810483;ZWE;Zimbabwe;USD million
01/05/26;Finance;3,610628878;0,441142842;0,780691192;3,950177229;ZWE;Zimbabwe;USD million
01/05/26;ICT;2,912646115;0,921306524;0,915382963;2,906722555;ZWE;Zimbabwe;USD million
01/05/26;Tourism;7,476230963;1,341978806;1,892309135;8,026561292;ZWE;Zimbabwe;USD million
01/05/26;Transport;13,72821181;0,863758184;4,21090329;17,07535692;ZWE;Zimbabwe;USD million
01/05/26;Other;5,635930039;1,883582838;1,941231105;5,693578306;ZWE;Zimbabwe;USD million
01/06/26;Mining;6,019370465;1,151571461;1,397913686;6,26571269;ZWE;Zimbabwe;USD million
01/06/26;Manufacturing;1,197438172;0,12474181;0,238486695;1,311183057;ZWE;Zimbabwe;USD million
01/06/26;Agriculture;2,573552401;0,780894064;0,154595629;1,947253966;ZWE;Zimbabwe;USD million
01/06/26;Energy;2,364346259;0,332249288;0,268155158;2,300252129;ZWE;Zimbabwe;USD million
01/06/26;Finance;5,513492549;0,326528946;0,782625963;5,969589565;ZWE;Zimbabwe;USD million
01/06/26;ICT;4,307176449;1,709830969;1,009188462;3,606533941;ZWE;Zimbabwe;USD million
01/06/26;Tourism;7,272707012;0,863290275;1,713218791;8,122635527;ZWE;Zimbabwe;USD million
01/06/26;Transport;11,04661891;4,375710641;1,579003186;8,249911452;ZWE;Zimbabwe;USD million
01/06/26;Other;9,039882924;3,270547032;1,239172706;7,008508597;ZWE;Zimbabwe;USD million
01/07/26;Mining;11,39121005;3,627117526;3,775308031;11,53940056;ZWE;Zimbabwe;USD million
01/07/26;Manufacturing;4,616656308;0,963807987;0,28261421;3,935462532;ZWE;Zimbabwe;USD million
01/07/26;Agriculture;4,893105109;1,006534786;0,732761661;4,619331984;ZWE;Zimbabwe;USD million
01/07/26;Energy;12,00744497;4,553079765;1,806913471;9,261278675;ZWE;Zimbabwe;USD million
01/07/26;Finance;6,680617723;1,115100528;0,909469441;6,474986637;ZWE;Zimbabwe;USD million
01/07/26;ICT;3,315247945;0,856734677;0,707572436;3,166085704;ZWE;Zimbabwe;USD million
01/07/26;Tourism;2,349610965;0,262965249;0,700363342;2,787009058;ZWE;Zimbabwe;USD million
01/07/26;Transport;7,467785137;2,276355065;2,426238899;7,617668971;ZWE;Zimbabwe;USD million
01/07/26;Other;2,878164548;0,519440617;0,992140924;3,350864856;ZWE;Zimbabwe;USD million
01/08/26;Mining;2,351838187;0,488622204;0,626332629;2,489548612;ZWE;Zimbabwe;USD million
01/08/26;Manufacturing;9,382382072;3,581708183;2,207091685;8,007765574;ZWE;Zimbabwe;USD million
01/08/26;Agriculture;2,356172205;0,415115849;0,767510409;2,708566764;ZWE;Zimbabwe;USD million
01/08/26;Energy;3,657124056;1,002160978;0,593903169;3,248866247;ZWE;Zimbabwe;USD million
01/08/26;Finance;5,806896122;0,863337221;1,116846257;6,060405158;ZWE;Zimbabwe;USD million
01/08/26;ICT;4,09399239;1,634842796;1,332238563;3,791388157;ZWE;Zimbabwe;USD million
01/08/26;Tourism;3,625911902;0,948530158;0,702294923;3,379676666;ZWE;Zimbabwe;USD million
01/08/26;Transport;1,258742977;0,084222703;0,410072653;1,584592927;ZWE;Zimbabwe;USD million
01/08/26;Other;10,2034597;1,288197923;3,243077786;12,15833957;ZWE;Zimbabwe;USD million
01/09/26;Mining;1,545853901;0,462646208;0,355493485;1,438701178;ZWE;Zimbabwe;USD million
01/09/26;Manufacturing;6,267911213;1,909093886;1,657598979;6,016416307;ZWE;Zimbabwe;USD million
01/09/26;Agriculture;10,32677919;2,235457259;2,09283249;10,18415442;ZWE;Zimbabwe;USD million
01/09/26;Energy;5,240859541;0,97898772;1,173968017;5,435839839;ZWE;Zimbabwe;USD million
01/09/26;Finance;4,279789381;0,859232293;1,423957018;4,844514106;ZWE;Zimbabwe;USD million
01/09/26;ICT;9,162540873;1,212530351;0,985240157;8,935250679;ZWE;Zimbabwe;USD million
01/09/26;Tourism;9,47812992;0,520734597;2,302964075;11,2603594;ZWE;Zimbabwe;USD million
01/09/26;Transport;3,224581307;0,205890336;1,098100094;4,116791065;ZWE;Zimbabwe;USD million
01/09/26;Other;2,356124107;0,293065998;0,122177015;2,185235124;ZWE;Zimbabwe;USD million