sector;iso3;country;unit;period;inflows;outflows;reinvested_earnings;net_fdi;frequency;date
Agriculture;ZWE;Zimbabwe;USD million;1980-Q1;12,24282227;4,392488706;2,966420774;10,81675434;Quarterly;01/01/80
Agriculture;ZWE;Zimbabwe;USD million;1980-Q2;7,292722449;1,981048877;1,115464691;6,427138263;Quarterly;01/01/80
Agriculture;ZWE;Zimbabwe;USD million;1980-Q3;12,71030604;4,156252153;1,68481951;10,2388734;Quarterly;01/01/80
Agriculture;ZWE;Zimbabwe;USD million;1980-Q4;20,15381261;3,905753748;4,024023045;20,2720819;Quarterly;01/01/80
Agriculture;ZWE;Zimbabwe;USD million;1981-Q1;15,59310994;2,598237824;2,52003181;15,51490393;Quarterly;01/01/80
Agriculture;ZWE;Zimbabwe;USD million;1981-Q2;13,78036941;2,426561359;3,073325556;14,4271336;Quarterly;01/01/80
Agriculture;ZWE;Zimbabwe;USD million;1981-Q3;26,23161399;7,038048871;6,156224238;25,34978935;Quarterly;01/01/80
Agriculture;ZWE;Zimbabwe;USD million;1981-Q4;10,57139516;2,481530525;1,508952823;9,598817458;Quarterly;01/01/80
Agriculture;ZWE;Zimbabwe;USD million;1982-Q1;13,57932209;3,891736101;4,05603258;13,74361857;Quarterly;01/01/80
Agriculture;ZWE;Zimbabwe;USD million;1982-Q2;15,33966816;4,502592432;2,589909796;13,42698552;Quarterly;01/01/80
Agriculture;ZWE;Zimbabwe;USD million;1982-Q3;13,09512955;2,333336491;2,916650904;13,67844396;Quarterly;01/01/80
Agriculture;ZWE;Zimbabwe;USD million;1982-Q4;11,576468;2,867389536;3,211029654;11,92010812;Quarterly;01/01/80
Agriculture;ZWE;Zimbabwe;USD million;1983-Q1;15,66460685;3,879036864;3,278692773;15,06426276;Quarterly;01/01/80
Agriculture;ZWE;Zimbabwe;USD million;1983-Q2;11,94257839;3,944358337;1,91024456;9,908464614;Quarterly;01/01/80
Agriculture;ZWE;Zimbabwe;USD million;1983-Q3;8,325661251;1,447388356;1,547325126;8,425598021;Quarterly;01/01/80
Agriculture;ZWE;Zimbabwe;USD million;1983-Q4;19,12082337;3,610757781;4,178254077;19,68831967;Quarterly;01/01/80
Agriculture;ZWE;Zimbabwe;USD million;1984-Q1;18,97929303;6,00864536;4,546202152;17,51684983;Quarterly;01/01/80
Agriculture;ZWE;Zimbabwe;USD million;1984-Q2;26,47024715;4,918959287;5,584074147;27,13536201;Quarterly;01/01/80
Agriculture;ZWE;Zimbabwe;USD million;1984-Q3;10,66114288;1,878289979;1,999635752;10,78248866;Quarterly;01/01/80
Agriculture;ZWE;Zimbabwe;USD million;1984-Q4;17,07713795;5,220772106;3,272798133;15,12916398;Quarterly;01/01/80
Agriculture;ZWE;Zimbabwe;USD million;1985-Q1;15,49099357;3,324111054;1,749177128;13,91605965;Quarterly;01/01/80
Agriculture;ZWE;Zimbabwe;USD million;1985-Q2;17,39187672;6,378909809;4,592464717;15,60543163;Quarterly;01/01/80
Agriculture;ZWE;Zimbabwe;USD million;1985-Q3;23,49874418;4,307353751;3,031345678;22,22273611;Quarterly;01/01/80
Agriculture;ZWE;Zimbabwe;USD million;1985-Q4;18,70948829;3,699801594;4,016690575;19,02637728;Quarterly;01/01/80
Agriculture;ZWE;Zimbabwe;USD million;1986-Q1;10,48045798;1,40144875;1,3376874;10,41669663;Quarterly;01/01/80
Agriculture;ZWE;Zimbabwe;USD million;1986-Q2;7,571637286;2,692936446;1,458607748;6,337308588;Quarterly;01/01/80
Agriculture;ZWE;Zimbabwe;USD million;1986-Q3;19,84710044;3,264112151;5,37579848;21,95878676;Quarterly;01/01/80
Agriculture;ZWE;Zimbabwe;USD million;1986-Q4;21,82759178;2,386116171;3,485245475;22,92672108;Quarterly;01/01/80
Agriculture;ZWE;Zimbabwe;USD million;1987-Q1;14,57874364;2,34491481;2,68535596;14,91918479;Quarterly;01/01/80
Agriculture;ZWE;Zimbabwe;USD million;1987-Q2;26,2234874;7,069033322;6,311193329;25,46564741;Quarterly;01/01/80
Agriculture;ZWE;Zimbabwe;USD million;1987-Q3;16,42891861;1,855345208;2,104350294;16,6779237;Quarterly;01/01/80
Agriculture;ZWE;Zimbabwe;USD million;1987-Q4;15,84681207;3,263269133;2,827811862;15,4113548;Quarterly;01/01/80
Agriculture;ZWE;Zimbabwe;USD million;1988-Q1;19,19303264;4,505017286;2,887085611;17,57510096;Quarterly;01/01/80
Agriculture;ZWE;Zimbabwe;USD million;1988-Q2;26,15921072;6,045103313;5,3431815;25,45728891;Quarterly;01/01/80
Agriculture;ZWE;Zimbabwe;USD million;1988-Q3;15,47970627;2,553855735;2,065842903;14,99169344;Quarterly;01/01/80
Agriculture;ZWE;Zimbabwe;USD million;1988-Q4;10,30705189;2,441754039;2,132594513;9,997892367;Quarterly;01/01/80
Agriculture;ZWE;Zimbabwe;USD million;1989-Q1;21,1283655;7,092079356;4,66284917;18,69913532;Quarterly;01/01/80
Agriculture;ZWE;Zimbabwe;USD million;1989-Q2;14,13156148;1,956142202;3,687032242;15,86245152;Quarterly;01/01/80
Agriculture;ZWE;Zimbabwe;USD million;1989-Q3;13,7873306;3,571438546;2,697894248;12,9137863;Quarterly;01/01/80
Agriculture;ZWE;Zimbabwe;USD million;1989-Q4;12,09974295;3,186345909;1,844186801;10,75758384;Quarterly;01/01/80
Agriculture;ZWE;Zimbabwe;USD million;1990-Q1;23,66206806;7,375278517;5,578328534;21,86511808;Quarterly;01/01/80
Agriculture;ZWE;Zimbabwe;USD million;1990-Q2;22,36297314;7,820483046;3,309514288;17,85200439;Quarterly;01/01/80
Agriculture;ZWE;Zimbabwe;USD million;1990-Q3;14,27416718;3,314317597;2,432913513;13,3927631;Quarterly;01/01/80
Agriculture;ZWE;Zimbabwe;USD million;1990-Q4;12,09788812;3,533277111;2,594068957;11,15867997;Quarterly;01/01/80
Agriculture;ZWE;Zimbabwe;USD million;1991-Q1;23,48637973;4,222886974;4,868612247;24,132105;Quarterly;01/01/80
Agriculture;ZWE;Zimbabwe;USD million;1991-Q2;18,11219438;2,677503152;4,892911722;20,32760295;Quarterly;01/01/80
Agriculture;ZWE;Zimbabwe;USD million;1991-Q3;13,76999639;2,916085844;2,79647336;13,65038391;Quarterly;01/01/80
Agriculture;ZWE;Zimbabwe;USD million;1991-Q4;14,14965241;3,430780034;2,928361682;13,64723406;Quarterly;01/01/80
Agriculture;ZWE;Zimbabwe;USD million;1992-Q1;9,79220899;2,257481148;2,013733069;9,54846091;Quarterly;01/01/80
Agriculture;ZWE;Zimbabwe;USD million;1992-Q2;17,42563248;4,008715131;2,897143476;16,31406082;Quarterly;01/01/80
Agriculture;ZWE;Zimbabwe;USD million;1992-Q3;21,82806569;4,297025774;5,679321278;23,2103612;Quarterly;01/01/80
Agriculture;ZWE;Zimbabwe;USD million;1992-Q4;14,53860157;2,115447388;3,118850087;15,54200427;Quarterly;01/01/80
Agriculture;ZWE;Zimbabwe;USD million;1993-Q1;13,12901629;3,831178407;3,486693181;12,78453106;Quarterly;01/01/80
Agriculture;ZWE;Zimbabwe;USD million;1993-Q2;16,47116763;2,947655385;4,304469187;17,82798143;Quarterly;01/01/80
Agriculture;ZWE;Zimbabwe;USD million;1993-Q3;20,53184607;3,676079837;3,061085718;19,91685195;Quarterly;01/01/80
Agriculture;ZWE;Zimbabwe;USD million;1993-Q4;23,04103808;4,798787146;2,890996512;21,13324745;Quarterly;01/01/80
Agriculture;ZWE;Zimbabwe;USD million;1994-Q1;20,8885122;5,716479793;4,573112265;19,74514467;Quarterly;01/01/80
Agriculture;ZWE;Zimbabwe;USD million;1994-Q2;19,47439478;1,494225006;5,351650657;23,33182043;Quarterly;01/01/80
Agriculture;ZWE;Zimbabwe;USD million;1994-Q3;6,945631284;1,671440988;1,312485845;6,586676141;Quarterly;01/01/80
Agriculture;ZWE;Zimbabwe;USD million;1994-Q4;28,12826992;5,505596559;6,5824789;29,20515227;Quarterly;01/01/80
Agriculture;ZWE;Zimbabwe;USD million;1995-Q1;16,97992347;2,779799749;2,145632508;16,34575623;Quarterly;01/01/80
Agriculture;ZWE;Zimbabwe;USD million;1995-Q2;7,565051527;2,079876088;1,506846929;6,992022368;Quarterly;01/01/80
Agriculture;ZWE;Zimbabwe;USD million;1995-Q3;13,40916972;3,930166792;3,510905507;12,98990843;Quarterly;01/01/80
Agriculture;ZWE;Zimbabwe;USD million;1995-Q4;15,87828516;3,340718131;3,247732276;15,78529931;Quarterly;01/01/80
Agriculture;ZWE;Zimbabwe;USD million;1996-Q1;21,08597352;4,318273409;2,04550552;18,81320563;Quarterly;01/01/80
Agriculture;ZWE;Zimbabwe;USD million;1996-Q2;15,12578488;2,47584481;2,485397789;15,13533786;Quarterly;01/01/80
Agriculture;ZWE;Zimbabwe;USD million;1996-Q3;24,13616907;6,506385356;4,390489729;22,02027345;Quarterly;01/01/80
Agriculture;ZWE;Zimbabwe;USD million;1996-Q4;20,09632475;3,301179845;5,049428369;21,84457327;Quarterly;01/01/80
Agriculture;ZWE;Zimbabwe;USD million;1997-Q1;12,49807556;2,310452028;3,702414762;13,89003829;Quarterly;01/01/80
Agriculture;ZWE;Zimbabwe;USD million;1997-Q2;12,55585239;2,859838966;1,998833432;11,69484685;Quarterly;01/01/80
Agriculture;ZWE;Zimbabwe;USD million;1997-Q3;17,25746857;2,312290148;3,851455186;18,7966336;Quarterly;01/01/80
Agriculture;ZWE;Zimbabwe;USD million;1997-Q4;6,572085391;1,105519607;1,40553138;6,872097164;Quarterly;01/01/80
Agriculture;ZWE;Zimbabwe;USD million;1998-Q1;9,085880986;1,952388212;1,390026505;8,523519279;Quarterly;01/01/80
Agriculture;ZWE;Zimbabwe;USD million;1998-Q2;16,05491894;3,436370589;2,970017601;15,58856596;Quarterly;01/01/80
Agriculture;ZWE;Zimbabwe;USD million;1998-Q3;22,05961096;4,71799865;5,85355985;23,19517216;Quarterly;01/01/80
Agriculture;ZWE;Zimbabwe;USD million;1998-Q4;8,806005251;2,381909751;1,790290828;8,214386328;Quarterly;01/01/80
Agriculture;ZWE;Zimbabwe;USD million;1999-Q1;18,03939485;3,890136727;2,87857635;17,02783447;Quarterly;01/01/80
Agriculture;ZWE;Zimbabwe;USD million;1999-Q2;16,6421858;4,18318903;2,996882493;15,45587926;Quarterly;01/01/80
Agriculture;ZWE;Zimbabwe;USD million;1999-Q3;21,42462894;6,151668775;4,037198018;19,31015818;Quarterly;01/01/80
Agriculture;ZWE;Zimbabwe;USD million;1999-Q4;9,08078355;2,150978247;2,104511913;9,034317216;Quarterly;01/01/80
Agriculture;ZWE;Zimbabwe;USD million;2000-Q1;10,93516485;3,919622482;3,002249225;10,0177916;Quarterly;01/01/80
Agriculture;ZWE;Zimbabwe;USD million;2000-Q2;10,71373211;2,11648657;1,673643712;10,27088925;Quarterly;01/01/80
Agriculture;ZWE;Zimbabwe;USD million;2000-Q3;25,32851682;7,071728862;6,527310622;24,78409858;Quarterly;01/01/80
Agriculture;ZWE;Zimbabwe;USD million;2000-Q4;22,60280836;6,907214494;6,961146788;22,65674066;Quarterly;01/01/80
Agriculture;ZWE;Zimbabwe;USD million;2001-Q1;15,28197859;2,803758955;2,344424044;14,82264368;Quarterly;01/01/80
Agriculture;ZWE;Zimbabwe;USD million;2001-Q2;10,24516625;3,469696265;3,067809796;9,843279785;Quarterly;01/01/80
Agriculture;ZWE;Zimbabwe;USD million;2001-Q3;14,65985609;4,230693938;1,448930487;11,87809264;Quarterly;01/01/80
Agriculture;ZWE;Zimbabwe;USD million;2001-Q4;17,55506469;5,515855012;3,411701059;15,45091074;Quarterly;01/01/80
Agriculture;ZWE;Zimbabwe;USD million;2002-Q1;14,47137561;5,051546982;2,808770773;12,2285994;Quarterly;01/01/80
Agriculture;ZWE;Zimbabwe;USD million;2002-Q2;15,67662068;5,49689083;1,362475288;11,54220514;Quarterly;01/01/80
Agriculture;ZWE;Zimbabwe;USD million;2002-Q3;13,04339437;2,839793504;3,739078529;13,9426794;Quarterly;01/01/80
Agriculture;ZWE;Zimbabwe;USD million;2002-Q4;19,45310465;4,725238888;3,282706308;18,01057207;Quarterly;01/01/80
Agriculture;ZWE;Zimbabwe;USD million;2003-Q1;13,75371643;1,837311223;1,709371807;13,62577702;Quarterly;01/01/80
Agriculture;ZWE;Zimbabwe;USD million;2003-Q2;10,1881738;1,731625919;1,77440989;10,23095777;Quarterly;01/01/80
Agriculture;ZWE;Zimbabwe;USD million;2003-Q3;9,107856302;2,209401999;1,782445542;8,680899845;Quarterly;01/01/80
Agriculture;ZWE;Zimbabwe;USD million;2003-Q4;28,82699623;8,190732746;9,232749173;29,86901266;Quarterly;01/01/80
Agriculture;ZWE;Zimbabwe;USD million;2004-Q1;21,67089284;5,694242159;4,503461153;20,48011184;Quarterly;01/01/80
Agriculture;ZWE;Zimbabwe;USD million;2004-Q2;16,19861526;2,142494101;2,704837739;16,7609589;Quarterly;01/01/80
Agriculture;ZWE;Zimbabwe;USD million;2004-Q3;9,847732808;1,877067439;1,495479692;9,466145062;Quarterly;01/01/80
Agriculture;ZWE;Zimbabwe;USD million;2004-Q4;19,90742584;3,304836828;4,58934836;21,19193737;Quarterly;01/01/80
Agriculture;ZWE;Zimbabwe;USD million;2005-Q1;11,55335318;2,259536956;1,425875645;10,71969187;Quarterly;01/01/80
Agriculture;ZWE;Zimbabwe;USD million;2005-Q2;10,1273718;2,140116975;1,782558027;9,769812854;Quarterly;01/01/80
Agriculture;ZWE;Zimbabwe;USD million;2005-Q3;13,47548716;3,342749327;3,720883987;13,85362182;Quarterly;01/01/80
Agriculture;ZWE;Zimbabwe;USD million;2005-Q4;19,30652391;4,669039267;4,571059428;19,20854408;Quarterly;01/01/80
Agriculture;ZWE;Zimbabwe;USD million;2006-Q1;14,61749774;3,452219197;3,39318055;14,55845909;Quarterly;01/01/80
Agriculture;ZWE;Zimbabwe;USD million;2006-Q2;22,23960025;5,626154932;5,141051922;21,75449724;Quarterly;01/01/80
Agriculture;ZWE;Zimbabwe;USD million;2006-Q3;10,68775699;2,62948252;2,524926355;10,58320082;Quarterly;01/01/80
Agriculture;ZWE;Zimbabwe;USD million;2006-Q4;7,673655007;1,917595581;1,174887309;6,930946735;Quarterly;01/01/80
Agriculture;ZWE;Zimbabwe;USD million;2007-Q1;16,70879962;4,555355895;2,970628513;15,12407224;Quarterly;01/01/80
Agriculture;ZWE;Zimbabwe;USD million;2007-Q2;20,38235964;2,833283738;4,86031722;22,40939313;Quarterly;01/01/80
Agriculture;ZWE;Zimbabwe;USD million;2007-Q3;19,23872327;4,108115388;3,393654361;18,52426224;Quarterly;01/01/80
Agriculture;ZWE;Zimbabwe;USD million;2007-Q4;14,98519969;2,131904485;2,039894443;14,89318965;Quarterly;01/01/80
Agriculture;ZWE;Zimbabwe;USD million;2008-Q1;11,16904168;3,256072009;1,158808501;9,07177817;Quarterly;01/01/80
Agriculture;ZWE;Zimbabwe;USD million;2008-Q2;21,03692868;2,159271395;4,361234507;23,23889179;Quarterly;01/01/80
Agriculture;ZWE;Zimbabwe;USD million;2008-Q3;18,6642216;4,71683925;3,493309827;17,44069218;Quarterly;01/01/80
Agriculture;ZWE;Zimbabwe;USD million;2008-Q4;15,67492717;2,688002415;2,983734643;15,9706594;Quarterly;01/01/80
Agriculture;ZWE;Zimbabwe;USD million;2009-Q1;19,91883727;4,772349954;4,001314295;19,14780161;Quarterly;01/01/80
Agriculture;ZWE;Zimbabwe;USD million;2009-Q2;11,98889972;2,467818108;3,010343689;12,5314253;Quarterly;01/01/80
Agriculture;ZWE;Zimbabwe;USD million;2009-Q3;17,91172859;3,97097596;2,941015786;16,88176841;Quarterly;01/01/80
Agriculture;ZWE;Zimbabwe;USD million;2009-Q4;16,05327429;2,160358997;1,454944979;15,34786027;Quarterly;01/01/80
Agriculture;ZWE;Zimbabwe;USD million;2010-Q1;15,81822168;5,165626973;2,336565328;12,98916003;Quarterly;01/01/80
Agriculture;ZWE;Zimbabwe;USD million;2010-Q2;17,38917667;4,496980391;2,991014367;15,88321065;Quarterly;01/01/80
Agriculture;ZWE;Zimbabwe;USD million;2010-Q3;16,14487624;1,859938215;3,217267947;17,50220597;Quarterly;01/01/80
Agriculture;ZWE;Zimbabwe;USD million;2010-Q4;24,17065811;3,12933257;7,4759738;28,51729934;Quarterly;01/01/80
Agriculture;ZWE;Zimbabwe;USD million;2011-Q1;12,80987374;1,691435826;2,885575381;14,0040133;Quarterly;01/01/80
Agriculture;ZWE;Zimbabwe;USD million;2011-Q2;7,842699998;2,480931236;1,353827664;6,715596427;Quarterly;01/01/80
Agriculture;ZWE;Zimbabwe;USD million;2011-Q3;6,484891282;1,199814736;0,87131576;6,156392306;Quarterly;01/01/80
Agriculture;ZWE;Zimbabwe;USD million;2011-Q4;14,41127069;2,606751549;2,811005409;14,61552455;Quarterly;01/01/80
Agriculture;ZWE;Zimbabwe;USD million;2012-Q1;13,52606309;3,769046362;3,708764552;13,46578128;Quarterly;01/01/80
Agriculture;ZWE;Zimbabwe;USD million;2012-Q2;16,82224808;4,062889616;3,732063021;16,49142148;Quarterly;01/01/80
Agriculture;ZWE;Zimbabwe;USD million;2012-Q3;9,194118296;1,968459246;1,994043046;9,219702096;Quarterly;01/01/80
Agriculture;ZWE;Zimbabwe;USD million;2012-Q4;13,59857008;2,385818986;3,264695878;14,47744698;Quarterly;01/01/80
Agriculture;ZWE;Zimbabwe;USD million;2013-Q1;10,12985774;2,247071428;1,995513255;9,878299563;Quarterly;01/01/80
Agriculture;ZWE;Zimbabwe;USD million;2013-Q2;13,2714064;1,762973893;2,395695686;13,90412819;Quarterly;01/01/80
Agriculture;ZWE;Zimbabwe;USD million;2013-Q3;24,63161559;3,831784908;5,827884735;26,62771542;Quarterly;01/01/80
Agriculture;ZWE;Zimbabwe;USD million;2013-Q4;9,548168245;1,877194487;2,147140795;9,818114553;Quarterly;01/01/80
Agriculture;ZWE;Zimbabwe;USD million;2014-Q1;15,38440969;5,133589272;2,679686448;12,93050687;Quarterly;01/01/80
Agriculture;ZWE;Zimbabwe;USD million;2014-Q2;14,59546984;1,894666866;2,342788771;15,04359175;Quarterly;01/01/80
Agriculture;ZWE;Zimbabwe;USD million;2014-Q3;23,17075791;8,692497943;3,977509977;18,45576994;Quarterly;01/01/80
Agriculture;ZWE;Zimbabwe;USD million;2014-Q4;17,04409591;3,321479201;3,077647854;16,80026456;Quarterly;01/01/80
Agriculture;ZWE;Zimbabwe;USD million;2015-Q1;10,29901097;1,488595245;2,638066136;11,44848186;Quarterly;01/01/80
Agriculture;ZWE;Zimbabwe;USD million;2015-Q2;19,68664027;3,573818716;2,337415223;18,45023678;Quarterly;01/01/80
Agriculture;ZWE;Zimbabwe;USD million;2015-Q3;23,0786594;5,832516862;5,024673875;22,27081642;Quarterly;01/01/80
Agriculture;ZWE;Zimbabwe;USD million;2015-Q4;12,8982673;3,959419225;1,494041674;10,43288975;Quarterly;01/01/80
Agriculture;ZWE;Zimbabwe;USD million;2016-Q1;20,43201752;2,328838321;4,138152114;22,24133131;Quarterly;01/01/80
Agriculture;ZWE;Zimbabwe;USD million;2016-Q2;10,18916035;3,449803783;2,393589969;9,132946532;Quarterly;01/01/80
Agriculture;ZWE;Zimbabwe;USD million;2016-Q3;14,51771826;2,594496386;2,261210474;14,18443235;Quarterly;01/01/80
Agriculture;ZWE;Zimbabwe;USD million;2016-Q4;15,92633165;3,64902868;3,751076514;16,02837948;Quarterly;01/01/80
Agriculture;ZWE;Zimbabwe;USD million;2017-Q1;8,103270528;2,128919709;2,039876031;8,01422685;Quarterly;01/01/80
Agriculture;ZWE;Zimbabwe;USD million;2017-Q2;16,35601447;4,280196785;3,479598918;15,5554166;Quarterly;01/01/80
Agriculture;ZWE;Zimbabwe;USD million;2017-Q3;9,6552231;2,118463629;1,535318928;9,072078398;Quarterly;01/01/80
Agriculture;ZWE;Zimbabwe;USD million;2017-Q4;19,62989892;4,160762112;4,131019072;19,60015588;Quarterly;01/01/80
Agriculture;ZWE;Zimbabwe;USD million;2018-Q1;20,14598425;4,788749548;4,317289957;19,67452466;Quarterly;01/01/80
Agriculture;ZWE;Zimbabwe;USD million;2018-Q2;14,89108195;3,288830292;2,220777224;13,82302889;Quarterly;01/01/80
Agriculture;ZWE;Zimbabwe;USD million;2018-Q3;10,56893501;1,82642789;3,038714466;11,78122158;Quarterly;01/01/80
Agriculture;ZWE;Zimbabwe;USD million;2018-Q4;19,81787895;4,587965911;4,384108384;19,61402143;Quarterly;01/01/80
Agriculture;ZWE;Zimbabwe;USD million;2019-Q1;11,2001409;2,312336893;1,50021848;10,38802249;Quarterly;01/01/80
Agriculture;ZWE;Zimbabwe;USD million;2019-Q2;9,811436637;1,641744556;1,500997447;9,670689528;Quarterly;01/01/80
Agriculture;ZWE;Zimbabwe;USD million;2019-Q3;14,92221695;3,20116161;2,235534114;13,95658946;Quarterly;01/01/80
Agriculture;ZWE;Zimbabwe;USD million;2019-Q4;25,7320831;5,624599349;5,626727912;25,73421166;Quarterly;01/01/80
Agriculture;ZWE;Zimbabwe;USD million;2020-Q1;20,26967225;3,512088573;4,632557525;21,3901412;Quarterly;01/01/80
Agriculture;ZWE;Zimbabwe;USD million;2020-Q2;20,06318517;5,367763469;5,290964297;19,986386;Quarterly;01/01/80
Agriculture;ZWE;Zimbabwe;USD million;2020-Q3;14,37198494;2,870280046;2,247450027;13,74915492;Quarterly;01/01/80
Agriculture;ZWE;Zimbabwe;USD million;2020-Q4;8,744947832;1,337943531;1,733019344;9,140023645;Quarterly;01/01/80
Agriculture;ZWE;Zimbabwe;USD million;2021-Q1;9,149491125;1,626677317;2,158924095;9,681737903;Quarterly;01/01/80
Agriculture;ZWE;Zimbabwe;USD million;2021-Q2;10,19533841;2,205779768;1,41955502;9,409113661;Quarterly;01/01/80
Agriculture;ZWE;Zimbabwe;USD million;2021-Q3;13,47217908;4,321233562;2,475336389;11,62628191;Quarterly;01/01/80
Agriculture;ZWE;Zimbabwe;USD million;2021-Q4;10,88089451;3,177925729;2,603921555;10,30689034;Quarterly;01/01/80
Agriculture;ZWE;Zimbabwe;USD million;2022-Q1;13,63632243;2,667250523;2,302773105;13,27184501;Quarterly;01/01/80
Agriculture;ZWE;Zimbabwe;USD million;2022-Q2;21,63135876;7,605454182;1,635535904;15,66144048;Quarterly;01/01/80
Agriculture;ZWE;Zimbabwe;USD million;2022-Q3;15,57904431;4,058554573;3,174477209;14,69496694;Quarterly;01/01/80
Agriculture;ZWE;Zimbabwe;USD million;2022-Q4;21,72988595;4,976471089;3,334671404;20,08808626;Quarterly;01/01/80
Agriculture;ZWE;Zimbabwe;USD million;2023-Q1;14,56934906;2,936702151;2,378288244;14,01093515;Quarterly;01/01/80
Agriculture;ZWE;Zimbabwe;USD million;2023-Q2;14,66818506;2,490952089;3,216948939;15,39418191;Quarterly;01/01/80
Agriculture;ZWE;Zimbabwe;USD million;2023-Q3;12,9716468;2,878313714;2,681730311;12,77506339;Quarterly;01/01/80
Agriculture;ZWE;Zimbabwe;USD million;2023-Q4;16,75411138;4,261718274;2,629697063;15,12209017;Quarterly;01/01/80
Agriculture;ZWE;Zimbabwe;USD million;2024-Q1;11,16052692;2,113830886;2,784756931;11,83145297;Quarterly;01/01/80
Agriculture;ZWE;Zimbabwe;USD million;2024-Q2;23,63069314;3,569336236;3,037085238;23,09844214;Quarterly;01/01/80
Agriculture;ZWE;Zimbabwe;USD million;2024-Q3;17,26451344;2,516494444;3,063171697;17,8111907;Quarterly;01/01/80
Agriculture;ZWE;Zimbabwe;USD million;2024-Q4;11,14602505;3,216460867;1,80948536;9,739049545;Quarterly;01/01/80
Agriculture;ZWE;Zimbabwe;USD million;2025-Q1;19,88064524;3,514650897;4,997752382;21,36374672;Quarterly;01/01/80
Agriculture;ZWE;Zimbabwe;USD million;2025-Q2;11,59554734;3,079854993;2,740349788;11,25604213;Quarterly;01/01/80
Agriculture;ZWE;Zimbabwe;USD million;2025-Q3;21,63550319;6,366714722;4,50431013;19,7730986;Quarterly;01/01/80
Agriculture;ZWE;Zimbabwe;USD million;2025-Q4;17,76616564;4,193940441;2,325473915;15,89769911;Quarterly;01/01/80
Agriculture;ZWE;Zimbabwe;USD million;2026-Q1;8,51500824;1,90199875;1,553536982;8,166546472;Quarterly;01/01/80
Agriculture;ZWE;Zimbabwe;USD million;2026-Q2;11,20477005;2,992506023;1,894533073;10,1067971;Quarterly;01/01/80
Agriculture;ZWE;Zimbabwe;USD million;2026-Q3;17,5760565;3,657107895;3,59310456;17,51205317;Quarterly;01/01/80
Energy;ZWE;Zimbabwe;USD million;1980-Q1;10,78539801;2,428727222;1,225437232;9,582108021;Quarterly;01/01/80
Energy;ZWE;Zimbabwe;USD million;1980-Q2;19,24284824;4,888779983;2,95829915;17,3123674;Quarterly;01/01/80
Energy;ZWE;Zimbabwe;USD million;1980-Q3;15,86114299;5,434799637;3,915535322;14,34187868;Quarterly;01/01/80
Energy;ZWE;Zimbabwe;USD million;1980-Q4;14,03435439;3,030772024;1,460420744;12,46400311;Quarterly;01/01/80
Energy;ZWE;Zimbabwe;USD million;1981-Q1;8,921251177;2,155367907;1,012386096;7,778269365;Quarterly;01/01/80
Energy;ZWE;Zimbabwe;USD million;1981-Q2;22,70235381;4,467605722;3,125101753;21,35984984;Quarterly;01/01/80
Energy;ZWE;Zimbabwe;USD million;1981-Q3;11,95193912;2,664519296;1,215668236;10,50308806;Quarterly;01/01/80
Energy;ZWE;Zimbabwe;USD million;1981-Q4;17,26708572;3,666191229;3,501180376;17,10207487;Quarterly;01/01/80
Energy;ZWE;Zimbabwe;USD million;1982-Q1;20,93698951;5,576607363;3,944064701;19,30444685;Quarterly;01/01/80
Energy;ZWE;Zimbabwe;USD million;1982-Q2;20,33245187;3,850619125;2,923582269;19,40541501;Quarterly;01/01/80
Energy;ZWE;Zimbabwe;USD million;1982-Q3;28,19213193;4,5758893;2,148060118;25,76430275;Quarterly;01/01/80
Energy;ZWE;Zimbabwe;USD million;1982-Q4;15,09994255;2,796863373;2,721765831;15,02484501;Quarterly;01/01/80
Energy;ZWE;Zimbabwe;USD million;1983-Q1;11,70649154;2,838668426;2,3935226;11,26134572;Quarterly;01/01/80
Energy;ZWE;Zimbabwe;USD million;1983-Q2;19,01195517;4,648789767;2,409500796;16,7726662;Quarterly;01/01/80
Energy;ZWE;Zimbabwe;USD million;1983-Q3;17,16804977;5,324234585;4,388176637;16,23199182;Quarterly;01/01/80
Energy;ZWE;Zimbabwe;USD million;1983-Q4;15,65609615;4,104004548;2,553797078;14,10588868;Quarterly;01/01/80
Energy;ZWE;Zimbabwe;USD million;1984-Q1;8,621938796;1,977349579;1,148046328;7,792635545;Quarterly;01/01/80
Energy;ZWE;Zimbabwe;USD million;1984-Q2;14,4952347;2,136660203;2,096496975;14,45507148;Quarterly;01/01/80
Energy;ZWE;Zimbabwe;USD million;1984-Q3;20,96593782;5,165596464;5,364029074;21,16437043;Quarterly;01/01/80
Energy;ZWE;Zimbabwe;USD million;1984-Q4;12,98079051;2,039627883;2,068371263;13,00953389;Quarterly;01/01/80
Energy;ZWE;Zimbabwe;USD million;1985-Q1;15,79613013;5,099322723;4,387506656;15,08431407;Quarterly;01/01/80
Energy;ZWE;Zimbabwe;USD million;1985-Q2;14,38978896;4,578203122;2,26677745;12,07836329;Quarterly;01/01/80
Energy;ZWE;Zimbabwe;USD million;1985-Q3;11,52246791;2,090070893;1,973941918;11,40633894;Quarterly;01/01/80
Energy;ZWE;Zimbabwe;USD million;1985-Q4;26,17976307;4,934563196;6,626827979;27,87202785;Quarterly;01/01/80
Energy;ZWE;Zimbabwe;USD million;1986-Q1;14,99597186;4,525691194;3,361121818;13,83140249;Quarterly;01/01/80
Energy;ZWE;Zimbabwe;USD million;1986-Q2;19,08604468;5,585013076;2,10335529;15,60438689;Quarterly;01/01/80
Energy;ZWE;Zimbabwe;USD million;1986-Q3;11,57163031;2,503862069;3,034278785;12,10204702;Quarterly;01/01/80
Energy;ZWE;Zimbabwe;USD million;1986-Q4;11,2365705;2,028188511;3,325503785;12,53388577;Quarterly;01/01/80
Energy;ZWE;Zimbabwe;USD million;1987-Q1;20,02086053;6,451398401;4,48432686;18,05378899;Quarterly;01/01/80
Energy;ZWE;Zimbabwe;USD million;1987-Q2;25,92311787;6,015974322;3,346819401;23,25396295;Quarterly;01/01/80
Energy;ZWE;Zimbabwe;USD million;1987-Q3;19,8335858;6,758150665;4,334762741;17,41019787;Quarterly;01/01/80
Energy;ZWE;Zimbabwe;USD million;1987-Q4;7,591624168;1,228427414;1,416970535;7,780167289;Quarterly;01/01/80
Energy;ZWE;Zimbabwe;USD million;1988-Q1;9,466666128;2,454044365;1,420425574;8,433047337;Quarterly;01/01/80
Energy;ZWE;Zimbabwe;USD million;1988-Q2;16,91731364;3,894415232;4,292296045;17,31519446;Quarterly;01/01/80
Energy;ZWE;Zimbabwe;USD million;1988-Q3;12,95599301;2,256481114;1,818455981;12,51796787;Quarterly;01/01/80
Energy;ZWE;Zimbabwe;USD million;1988-Q4;15,07713784;4,174174021;3,666450916;14,56941473;Quarterly;01/01/80
Energy;ZWE;Zimbabwe;USD million;1989-Q1;19,55904861;4,216243605;3,510732652;18,85353765;Quarterly;01/01/80
Energy;ZWE;Zimbabwe;USD million;1989-Q2;22,87264922;5,186768835;5,741909288;23,42778967;Quarterly;01/01/80
Energy;ZWE;Zimbabwe;USD million;1989-Q3;18,3636993;4,842289003;2,516660931;16,03807123;Quarterly;01/01/80
Energy;ZWE;Zimbabwe;USD million;1989-Q4;11,91832843;3,47977879;2,6797511;11,11830074;Quarterly;01/01/80
Energy;ZWE;Zimbabwe;USD million;1990-Q1;10,62696573;2,632753665;2,065792539;10,06000461;Quarterly;01/01/80
Energy;ZWE;Zimbabwe;USD million;1990-Q2;11,15685931;2,196929264;1,355350491;10,31528054;Quarterly;01/01/80
Energy;ZWE;Zimbabwe;USD million;1990-Q3;18,47094499;5,311989853;4,046395913;17,20535105;Quarterly;01/01/80
Energy;ZWE;Zimbabwe;USD million;1990-Q4;10,18034988;2,107611892;1,370901569;9,443639562;Quarterly;01/01/80
Energy;ZWE;Zimbabwe;USD million;1991-Q1;17,44931387;4,539196199;2,731340431;15,6414581;Quarterly;01/01/80
Energy;ZWE;Zimbabwe;USD million;1991-Q2;24,88405045;8,306984475;4,14896689;20,72603287;Quarterly;01/01/80
Energy;ZWE;Zimbabwe;USD million;1991-Q3;18,31377248;3,459050748;3,918302041;18,77302377;Quarterly;01/01/80
Energy;ZWE;Zimbabwe;USD million;1991-Q4;24,02436859;4,778611124;3,6076568;22,85341427;Quarterly;01/01/80
Energy;ZWE;Zimbabwe;USD million;1992-Q1;12,60256188;2,432499936;2,758946627;12,92900857;Quarterly;01/01/80
Energy;ZWE;Zimbabwe;USD million;1992-Q2;15,226417;3,875841267;2,349097921;13,69967366;Quarterly;01/01/80
Energy;ZWE;Zimbabwe;USD million;1992-Q3;18,63914419;3,936342164;6,12100927;20,8238113;Quarterly;01/01/80
Energy;ZWE;Zimbabwe;USD million;1992-Q4;19,68764298;5,239566947;2,353242435;16,80131846;Quarterly;01/01/80
Energy;ZWE;Zimbabwe;USD million;1993-Q1;13,79138406;3,614746278;1,371816888;11,54845467;Quarterly;01/01/80
Energy;ZWE;Zimbabwe;USD million;1993-Q2;12,62999739;2,333175779;3,291712117;13,58853373;Quarterly;01/01/80
Energy;ZWE;Zimbabwe;USD million;1993-Q3;13,11275264;3,402233227;1,845270981;11,5557904;Quarterly;01/01/80
Energy;ZWE;Zimbabwe;USD million;1993-Q4;20,58101023;3,129788632;4,062321335;21,51354293;Quarterly;01/01/80
Energy;ZWE;Zimbabwe;USD million;1994-Q1;13,04304486;3,903541681;2,55389671;11,69339989;Quarterly;01/01/80
Energy;ZWE;Zimbabwe;USD million;1994-Q2;9,528092097;2,345723143;2,708998789;9,891367742;Quarterly;01/01/80
Energy;ZWE;Zimbabwe;USD million;1994-Q3;14,00271392;2,640425428;3,808215325;15,17050382;Quarterly;01/01/80
Energy;ZWE;Zimbabwe;USD million;1994-Q4;15,73770198;2,360456187;2,55848208;15,93572787;Quarterly;01/01/80
Energy;ZWE;Zimbabwe;USD million;1995-Q1;12,47245959;1,884204331;2,668307342;13,2565626;Quarterly;01/01/80
Energy;ZWE;Zimbabwe;USD million;1995-Q2;8,526988009;1,654038934;1,028122765;7,90107184;Quarterly;01/01/80
Energy;ZWE;Zimbabwe;USD million;1995-Q3;11,60354082;1,233479746;2,848384178;13,21844525;Quarterly;01/01/80
Energy;ZWE;Zimbabwe;USD million;1995-Q4;14,37430498;5,018229405;3,201284477;12,55736005;Quarterly;01/01/80
Energy;ZWE;Zimbabwe;USD million;1996-Q1;19,18937721;5,3617566;4,427808745;18,25542935;Quarterly;01/01/80
Energy;ZWE;Zimbabwe;USD million;1996-Q2;11,61203593;1,412831827;2,953468083;13,15267218;Quarterly;01/01/80
Energy;ZWE;Zimbabwe;USD million;1996-Q3;13,30568158;2,976909926;2,800149072;13,12892072;Quarterly;01/01/80
Energy;ZWE;Zimbabwe;USD million;1996-Q4;9,813410449;2,36679647;1,883848656;9,330462636;Quarterly;01/01/80
Energy;ZWE;Zimbabwe;USD million;1997-Q1;19,55759113;2,510128986;6,05479436;23,1022565;Quarterly;01/01/80
Energy;ZWE;Zimbabwe;USD million;1997-Q2;18,96527882;5,038588297;3,761646094;17,68833662;Quarterly;01/01/80
Energy;ZWE;Zimbabwe;USD million;1997-Q3;10,83681792;1,145522053;2,293262679;11,98455855;Quarterly;01/01/80
Energy;ZWE;Zimbabwe;USD million;1997-Q4;11,54245289;1,637021497;3,191840971;13,09727236;Quarterly;01/01/80
Energy;ZWE;Zimbabwe;USD million;1998-Q1;7,975236538;1,952061071;0,957851136;6,981026603;Quarterly;01/01/80
Energy;ZWE;Zimbabwe;USD million;1998-Q2;15,22183148;3,762321562;4,662877582;16,1223875;Quarterly;01/01/80
Energy;ZWE;Zimbabwe;USD million;1998-Q3;12,11024221;2,790466191;3,486100083;12,8058761;Quarterly;01/01/80
Energy;ZWE;Zimbabwe;USD million;1998-Q4;7,650360519;2,5973279;1,935065811;6,98809843;Quarterly;01/01/80
Energy;ZWE;Zimbabwe;USD million;1999-Q1;12,83294029;1,544160827;2,037550005;13,32632947;Quarterly;01/01/80
Energy;ZWE;Zimbabwe;USD million;1999-Q2;16,40129579;3,656309861;1,902787357;14,64777328;Quarterly;01/01/80
Energy;ZWE;Zimbabwe;USD million;1999-Q3;19,54484183;3,015360306;3,658810586;20,18829211;Quarterly;01/01/80
Energy;ZWE;Zimbabwe;USD million;1999-Q4;5,57016509;0,955790554;1,229938198;5,844312733;Quarterly;01/01/80
Energy;ZWE;Zimbabwe;USD million;2000-Q1;14,48425887;5,090662361;3,282964476;12,67656098;Quarterly;01/01/80
Energy;ZWE;Zimbabwe;USD million;2000-Q2;16,68747586;3,369915085;3,071877239;16,38943801;Quarterly;01/01/80
Energy;ZWE;Zimbabwe;USD million;2000-Q3;11,72184166;3,916521376;1,639045804;9,444366085;Quarterly;01/01/80
Energy;ZWE;Zimbabwe;USD million;2000-Q4;19,62127423;3,003439808;2,580021599;19,19785602;Quarterly;01/01/80
Energy;ZWE;Zimbabwe;USD million;2001-Q1;18,65167667;3,623995921;3,82627008;18,85395083;Quarterly;01/01/80
Energy;ZWE;Zimbabwe;USD million;2001-Q2;13,35132757;2,725432239;2,99153701;13,61743234;Quarterly;01/01/80
Energy;ZWE;Zimbabwe;USD million;2001-Q3;11,49605367;2,013570588;1,472854949;10,95533804;Quarterly;01/01/80
Energy;ZWE;Zimbabwe;USD million;2001-Q4;18,40208149;5,35031675;5,518300806;18,57006555;Quarterly;01/01/80
Energy;ZWE;Zimbabwe;USD million;2002-Q1;27,81720205;7,865571955;5,249845313;25,20147541;Quarterly;01/01/80
Energy;ZWE;Zimbabwe;USD million;2002-Q2;8,096894838;1,907817753;2,147835674;8,33691276;Quarterly;01/01/80
Energy;ZWE;Zimbabwe;USD million;2002-Q3;14,21992358;4,852640008;2,552822156;11,92010573;Quarterly;01/01/80
Energy;ZWE;Zimbabwe;USD million;2002-Q4;19,44207049;5,22842235;3,389535795;17,60318394;Quarterly;01/01/80
Energy;ZWE;Zimbabwe;USD million;2003-Q1;16,34129618;4,824889705;2,099334726;13,6157412;Quarterly;01/01/80
Energy;ZWE;Zimbabwe;USD million;2003-Q2;22,23885543;4,296740586;3,048641302;20,99075615;Quarterly;01/01/80
Energy;ZWE;Zimbabwe;USD million;2003-Q3;14,63600805;3,218649655;3,479199688;14,89655808;Quarterly;01/01/80
Energy;ZWE;Zimbabwe;USD million;2003-Q4;23,55834825;2,902564187;4,734726466;25,39051053;Quarterly;01/01/80
Energy;ZWE;Zimbabwe;USD million;2004-Q1;13,31865352;2,842348972;3,159246605;13,63555115;Quarterly;01/01/80
Energy;ZWE;Zimbabwe;USD million;2004-Q2;10,75870581;3,898666498;2,547861574;9,407900885;Quarterly;01/01/80
Energy;ZWE;Zimbabwe;USD million;2004-Q3;7,190259063;1,770325907;1,482241862;6,902175018;Quarterly;01/01/80
Energy;ZWE;Zimbabwe;USD million;2004-Q4;20,71933706;5,173603547;3,035875469;18,58160898;Quarterly;01/01/80
Energy;ZWE;Zimbabwe;USD million;2005-Q1;13,80695531;2,937235333;3,387710005;14,25742998;Quarterly;01/01/80
Energy;ZWE;Zimbabwe;USD million;2005-Q2;14,02268851;3,565473602;2,604543814;13,06175872;Quarterly;01/01/80
Energy;ZWE;Zimbabwe;USD million;2005-Q3;18,58461312;4,890961573;2,590267089;16,28391863;Quarterly;01/01/80
Energy;ZWE;Zimbabwe;USD million;2005-Q4;17,46557443;4,893141531;2,377096936;14,94952984;Quarterly;01/01/80
Energy;ZWE;Zimbabwe;USD million;2006-Q1;19,85602563;6,270893499;5,383282501;18,96841463;Quarterly;01/01/80
Energy;ZWE;Zimbabwe;USD million;2006-Q2;16,52299394;4,93594632;2,041530917;13,62857853;Quarterly;01/01/80
Energy;ZWE;Zimbabwe;USD million;2006-Q3;10,3019853;2,670502988;2,215984041;9,847466355;Quarterly;01/01/80
Energy;ZWE;Zimbabwe;USD million;2006-Q4;17,46508053;3,865929163;3,152868903;16,75202027;Quarterly;01/01/80
Energy;ZWE;Zimbabwe;USD million;2007-Q1;16,25862214;4,478121855;3,956521368;15,73702165;Quarterly;01/01/80
Energy;ZWE;Zimbabwe;USD million;2007-Q2;12,96145172;2,919183708;2,436933344;12,47920135;Quarterly;01/01/80
Energy;ZWE;Zimbabwe;USD million;2007-Q3;11,31992356;2,652667249;1,221068483;9,888324794;Quarterly;01/01/80
Energy;ZWE;Zimbabwe;USD million;2007-Q4;23,16614381;6,290097034;6,172963436;23,04901021;Quarterly;01/01/80
Energy;ZWE;Zimbabwe;USD million;2008-Q1;15,23454767;2,785667405;2,585469099;15,03434936;Quarterly;01/01/80
Energy;ZWE;Zimbabwe;USD million;2008-Q2;13,78670496;2,809290061;2,203635477;13,18105038;Quarterly;01/01/80
Energy;ZWE;Zimbabwe;USD million;2008-Q3;11,8331736;2,958989579;3,319100377;12,1932844;Quarterly;01/01/80
Energy;ZWE;Zimbabwe;USD million;2008-Q4;16,13147185;4,777066921;3,355881489;14,71028641;Quarterly;01/01/80
Energy;ZWE;Zimbabwe;USD million;2009-Q1;7,9841763;1,065568124;1,765249663;8,683857839;Quarterly;01/01/80
Energy;ZWE;Zimbabwe;USD million;2009-Q2;14,27027195;3,514127948;2,638749463;13,39489346;Quarterly;01/01/80
Energy;ZWE;Zimbabwe;USD million;2009-Q3;13,01773952;1,887583956;2,92634792;14,05650348;Quarterly;01/01/80
Energy;ZWE;Zimbabwe;USD million;2009-Q4;14,75526369;3,038580373;3,178361865;14,89504518;Quarterly;01/01/80
Energy;ZWE;Zimbabwe;USD million;2010-Q1;12,66007694;4,053025898;3,620189577;12,22724062;Quarterly;01/01/80
Energy;ZWE;Zimbabwe;USD million;2010-Q2;18,29622651;5,437654342;3,444222987;16,30279515;Quarterly;01/01/80
Energy;ZWE;Zimbabwe;USD million;2010-Q3;22,30122136;6,111755552;4,19301;20,38247581;Quarterly;01/01/80
Energy;ZWE;Zimbabwe;USD million;2010-Q4;13,41091197;3,791727034;3,2530274;12,87221234;Quarterly;01/01/80
Energy;ZWE;Zimbabwe;USD million;2011-Q1;10,36541812;1,602656737;3,010130955;11,77289233;Quarterly;01/01/80
Energy;ZWE;Zimbabwe;USD million;2011-Q2;15,20447203;3,988922027;1,206481766;12,42203177;Quarterly;01/01/80
Energy;ZWE;Zimbabwe;USD million;2011-Q3;21,90111545;4,659857041;5,971505071;23,21276348;Quarterly;01/01/80
Energy;ZWE;Zimbabwe;USD million;2011-Q4;15,28831016;2,578275235;1,397769368;14,10780429;Quarterly;01/01/80
Energy;ZWE;Zimbabwe;USD million;2012-Q1;14,59577093;2,146091339;2,725209196;15,17488879;Quarterly;01/01/80
Energy;ZWE;Zimbabwe;USD million;2012-Q2;18,59473204;3,135809269;3,212377139;18,67129991;Quarterly;01/01/80
Energy;ZWE;Zimbabwe;USD million;2012-Q3;17,04796107;2,893628685;2,344386149;16,49871854;Quarterly;01/01/80
Energy;ZWE;Zimbabwe;USD million;2012-Q4;22,7814343;4,200875733;5,596028936;24,1765875;Quarterly;01/01/80
Energy;ZWE;Zimbabwe;USD million;2013-Q1;14,2427247;4,700382944;2,570357944;12,1126997;Quarterly;01/01/80
Energy;ZWE;Zimbabwe;USD million;2013-Q2;13,5340881;3,765681401;3,143736538;12,91214324;Quarterly;01/01/80
Energy;ZWE;Zimbabwe;USD million;2013-Q3;26,48159505;6,128113768;4,429104311;24,78258559;Quarterly;01/01/80
Energy;ZWE;Zimbabwe;USD million;2013-Q4;13,20384278;3,636408261;3,412426987;12,97986151;Quarterly;01/01/80
Energy;ZWE;Zimbabwe;USD million;2014-Q1;21,79357033;7,658212012;4,396168164;18,53152649;Quarterly;01/01/80
Energy;ZWE;Zimbabwe;USD million;2014-Q2;21,97352037;5,11948007;2,573767988;19,42780829;Quarterly;01/01/80
Energy;ZWE;Zimbabwe;USD million;2014-Q3;18,21847226;1,787995327;4,659262506;21,08973944;Quarterly;01/01/80
Energy;ZWE;Zimbabwe;USD million;2014-Q4;17,99354692;4,678871983;3,540316795;16,85499173;Quarterly;01/01/80
Energy;ZWE;Zimbabwe;USD million;2015-Q1;19,3834775;2,597521243;4,545111587;21,33106784;Quarterly;01/01/80
Energy;ZWE;Zimbabwe;USD million;2015-Q2;7,27103952;0,970987651;1,304167976;7,604219845;Quarterly;01/01/80
Energy;ZWE;Zimbabwe;USD million;2015-Q3;20,07724625;4,543232414;4,287845938;19,82185978;Quarterly;01/01/80
Energy;ZWE;Zimbabwe;USD million;2015-Q4;22,18250877;7,668210129;3,095081597;17,60938024;Quarterly;01/01/80
Energy;ZWE;Zimbabwe;USD million;2016-Q1;17,74139394;2,835343559;4,869829507;19,77587988;Quarterly;01/01/80
Energy;ZWE;Zimbabwe;USD million;2016-Q2;23,81418917;5,159301985;6,414882925;25,06977011;Quarterly;01/01/80
Energy;ZWE;Zimbabwe;USD million;2016-Q3;11,94781424;1,343800376;2,512303196;13,11631706;Quarterly;01/01/80
Energy;ZWE;Zimbabwe;USD million;2016-Q4;16,21576453;3,789093824;2,023002969;14,44967368;Quarterly;01/01/80
Energy;ZWE;Zimbabwe;USD million;2017-Q1;22,37571319;5,576564061;5,902860715;22,70200985;Quarterly;01/01/80
Energy;ZWE;Zimbabwe;USD million;2017-Q2;17,94517543;3,8126874;3,936145885;18,06863392;Quarterly;01/01/80
Energy;ZWE;Zimbabwe;USD million;2017-Q3;21,11903171;4,667514317;2,614725377;19,06624277;Quarterly;01/01/80
Energy;ZWE;Zimbabwe;USD million;2017-Q4;16,05396484;4,566212528;1,987599708;13,47535202;Quarterly;01/01/80
Energy;ZWE;Zimbabwe;USD million;2018-Q1;16,70635615;3,4281224;4,577417966;17,85565172;Quarterly;01/01/80
Energy;ZWE;Zimbabwe;USD million;2018-Q2;17,0753884;2,177201583;2,902730563;17,80091738;Quarterly;01/01/80
Energy;ZWE;Zimbabwe;USD million;2018-Q3;18,39806792;2,275663805;3,203471208;19,32587532;Quarterly;01/01/80
Energy;ZWE;Zimbabwe;USD million;2018-Q4;17,18439722;5,383280009;4,271560323;16,07267754;Quarterly;01/01/80
Energy;ZWE;Zimbabwe;USD million;2019-Q1;17,21864379;3,521741897;3,730750022;17,42765192;Quarterly;01/01/80
Energy;ZWE;Zimbabwe;USD million;2019-Q2;12,46839038;3,143847469;2,012326072;11,33686898;Quarterly;01/01/80
Energy;ZWE;Zimbabwe;USD million;2019-Q3;15,96168192;2,930606132;3,2715817;16,30265749;Quarterly;01/01/80
Energy;ZWE;Zimbabwe;USD million;2019-Q4;16,32556968;4,44951828;2,858779918;14,73483132;Quarterly;01/01/80
Energy;ZWE;Zimbabwe;USD million;2020-Q1;18,47357167;4,481586018;4,110810268;18,10279592;Quarterly;01/01/80
Energy;ZWE;Zimbabwe;USD million;2020-Q2;17,16152075;2,194358762;4,640835041;19,60799703;Quarterly;01/01/80
Energy;ZWE;Zimbabwe;USD million;2020-Q3;11,13206093;2,73020723;2,285418619;10,68727232;Quarterly;01/01/80
Energy;ZWE;Zimbabwe;USD million;2020-Q4;12,79183194;2,862705877;2,540952703;12,47007877;Quarterly;01/01/80
Energy;ZWE;Zimbabwe;USD million;2021-Q1;14,97435822;3,728790728;2,230145929;13,47571342;Quarterly;01/01/80
Energy;ZWE;Zimbabwe;USD million;2021-Q2;15,54277635;4,08355646;3,409451407;14,8686713;Quarterly;01/01/80
Energy;ZWE;Zimbabwe;USD million;2021-Q3;16,74867083;2,626488912;2,538880419;16,66106234;Quarterly;01/01/80
Energy;ZWE;Zimbabwe;USD million;2021-Q4;13,74839028;1,51034952;4,192221347;16,43026211;Quarterly;01/01/80
Energy;ZWE;Zimbabwe;USD million;2022-Q1;26,55104508;8,404573724;5,04820414;23,1946755;Quarterly;01/01/80
Energy;ZWE;Zimbabwe;USD million;2022-Q2;13,14210645;3,075831938;1,617160988;11,68343551;Quarterly;01/01/80
Energy;ZWE;Zimbabwe;USD million;2022-Q3;15,42837367;2,0764875;4,422960389;17,77484656;Quarterly;01/01/80
Energy;ZWE;Zimbabwe;USD million;2022-Q4;21,6467797;4,147663195;4,592448001;22,09156451;Quarterly;01/01/80
Energy;ZWE;Zimbabwe;USD million;2023-Q1;26,61768387;3,633151338;2,89525208;25,87978461;Quarterly;01/01/80
Energy;ZWE;Zimbabwe;USD million;2023-Q2;10,51004208;2,378289458;1,085075444;9,216828064;Quarterly;01/01/80
Energy;ZWE;Zimbabwe;USD million;2023-Q3;20,05950496;5,760305938;6,528684565;20,82788358;Quarterly;01/01/80
Energy;ZWE;Zimbabwe;USD million;2023-Q4;15,85632951;3,063492504;4,054795152;16,84763216;Quarterly;01/01/80
Energy;ZWE;Zimbabwe;USD million;2024-Q1;13,1300075;4,585528156;2,309154111;10,85363346;Quarterly;01/01/80
Energy;ZWE;Zimbabwe;USD million;2024-Q2;10,4259862;2,300659503;2,215814937;10,34114163;Quarterly;01/01/80
Energy;ZWE;Zimbabwe;USD million;2024-Q3;13,07003608;1,133525682;3,439092321;15,37560272;Quarterly;01/01/80
Energy;ZWE;Zimbabwe;USD million;2024-Q4;16,17485872;3,097739067;3,410370455;16,48749011;Quarterly;01/01/80
Energy;ZWE;Zimbabwe;USD million;2025-Q1;18,52784549;3,076528086;4,646187298;20,0975047;Quarterly;01/01/80
Energy;ZWE;Zimbabwe;USD million;2025-Q2;17,10032909;5,110243026;1,91298838;13,90307444;Quarterly;01/01/80
Energy;ZWE;Zimbabwe;USD million;2025-Q3;9,00367973;1,910453335;1,88882244;8,982048834;Quarterly;01/01/80
Energy;ZWE;Zimbabwe;USD million;2025-Q4;22,72165035;3,882669366;5,82136597;24,66034695;Quarterly;01/01/80
Energy;ZWE;Zimbabwe;USD million;2026-Q1;17,17054766;5,275011974;4,04219816;15,93773384;Quarterly;01/01/80
Energy;ZWE;Zimbabwe;USD million;2026-Q2;19,01170674;2,427266869;3,169505616;19,75394549;Quarterly;01/01/80
Energy;ZWE;Zimbabwe;USD million;2026-Q3;20,90542857;6,534228463;3,574784657;17,94598476;Quarterly;01/01/80
Finance;ZWE;Zimbabwe;USD million;1980-Q1;18,34474351;1,676657619;4,934310072;21,60239596;Quarterly;01/01/80
Finance;ZWE;Zimbabwe;USD million;1980-Q2;13,09794594;2,935529465;2,771556552;12,93397303;Quarterly;01/01/80
Finance;ZWE;Zimbabwe;USD million;1980-Q3;16,38232649;2,170465368;3,874621688;18,08648281;Quarterly;01/01/80
Finance;ZWE;Zimbabwe;USD million;1980-Q4;18,65621151;4,309733572;2,362886332;16,70936427;Quarterly;01/01/80
Finance;ZWE;Zimbabwe;USD million;1981-Q1;17,73613175;4,706529693;3,325888235;16,35549029;Quarterly;01/01/80
Finance;ZWE;Zimbabwe;USD million;1981-Q2;14,82723543;3,867812859;2,598455937;13,5578785;Quarterly;01/01/80
Finance;ZWE;Zimbabwe;USD million;1981-Q3;13,2175581;4,312121069;3,681503312;12,58694035;Quarterly;01/01/80
Finance;ZWE;Zimbabwe;USD million;1981-Q4;10,11653845;1,865488853;1,354801519;9,605851111;Quarterly;01/01/80
Finance;ZWE;Zimbabwe;USD million;1982-Q1;13,09045603;4,865848491;3,055352796;11,27996034;Quarterly;01/01/80
Finance;ZWE;Zimbabwe;USD million;1982-Q2;15,06840878;4,801890857;1,862920628;12,12943855;Quarterly;01/01/80
Finance;ZWE;Zimbabwe;USD million;1982-Q3;18,08251977;3,42962735;3,065717286;17,71860971;Quarterly;01/01/80
Finance;ZWE;Zimbabwe;USD million;1982-Q4;17,62780135;3,746905624;4,261048411;18,14194414;Quarterly;01/01/80
Finance;ZWE;Zimbabwe;USD million;1983-Q1;15,55723987;3,965192281;4,426562768;16,01861035;Quarterly;01/01/80
Finance;ZWE;Zimbabwe;USD million;1983-Q2;18,130941;3,212350891;2,74497146;17,66356156;Quarterly;01/01/80
Finance;ZWE;Zimbabwe;USD million;1983-Q3;15,44540296;2,59455424;2,330965681;15,1818144;Quarterly;01/01/80
Finance;ZWE;Zimbabwe;USD million;1983-Q4;14,1435684;3,8621757;1,689265906;11,9706586;Quarterly;01/01/80
Finance;ZWE;Zimbabwe;USD million;1984-Q1;21,75674141;4,442467929;3,828374762;21,14264825;Quarterly;01/01/80
Finance;ZWE;Zimbabwe;USD million;1984-Q2;15,33271022;4,468222279;3,043933122;13,90842106;Quarterly;01/01/80
Finance;ZWE;Zimbabwe;USD million;1984-Q3;8,839349876;2,208870789;2,23626858;8,866747668;Quarterly;01/01/80
Finance;ZWE;Zimbabwe;USD million;1984-Q4;24,13983813;5,770410247;4,095731836;22,46515972;Quarterly;01/01/80
Finance;ZWE;Zimbabwe;USD million;1985-Q1;15,88652869;3,033678219;1,894008842;14,74685932;Quarterly;01/01/80
Finance;ZWE;Zimbabwe;USD million;1985-Q2;11,11627616;2,80227422;2,343348386;10,65735033;Quarterly;01/01/80
Finance;ZWE;Zimbabwe;USD million;1985-Q3;15,55154332;3,01728103;2,218862353;14,75312465;Quarterly;01/01/80
Finance;ZWE;Zimbabwe;USD million;1985-Q4;13,85656429;2,741458688;3,524546724;14,63965233;Quarterly;01/01/80
Finance;ZWE;Zimbabwe;USD million;1986-Q1;18,33134663;4,226072884;5,204853363;19,31012711;Quarterly;01/01/80
Finance;ZWE;Zimbabwe;USD million;1986-Q2;20,62852198;5,525355357;4,713432792;19,81659941;Quarterly;01/01/80
Finance;ZWE;Zimbabwe;USD million;1986-Q3;9,611039683;1,118237715;2,628884448;11,12168642;Quarterly;01/01/80
Finance;ZWE;Zimbabwe;USD million;1986-Q4;9,853999199;1,853233418;2,82302405;10,82378983;Quarterly;01/01/80
Finance;ZWE;Zimbabwe;USD million;1987-Q1;14,96756829;2,534857983;2,784600205;15,21731051;Quarterly;01/01/80
Finance;ZWE;Zimbabwe;USD million;1987-Q2;21,7245332;5,863951603;4,071861513;19,93244311;Quarterly;01/01/80
Finance;ZWE;Zimbabwe;USD million;1987-Q3;16,00383324;2,351071249;3,416549372;17,06931136;Quarterly;01/01/80
Finance;ZWE;Zimbabwe;USD million;1987-Q4;17,26795363;3,872748068;2,332400622;15,72760618;Quarterly;01/01/80
Finance;ZWE;Zimbabwe;USD million;1988-Q1;17,86639861;3,872188785;4,235444408;18,22965423;Quarterly;01/01/80
Finance;ZWE;Zimbabwe;USD million;1988-Q2;14,27422531;3,960104212;2,439002928;12,75312402;Quarterly;01/01/80
Finance;ZWE;Zimbabwe;USD million;1988-Q3;23,38596649;4,864349365;2,987878139;21,50949526;Quarterly;01/01/80
Finance;ZWE;Zimbabwe;USD million;1988-Q4;10,09228442;2,437914426;3,353079332;11,00744932;Quarterly;01/01/80
Finance;ZWE;Zimbabwe;USD million;1989-Q1;14,43162474;4,807043909;2,900868172;12,52544901;Quarterly;01/01/80
Finance;ZWE;Zimbabwe;USD million;1989-Q2;10,80674936;1,46401291;1,699328966;11,04206542;Quarterly;01/01/80
Finance;ZWE;Zimbabwe;USD million;1989-Q3;18,13851621;6,590715726;4,153735398;15,70153588;Quarterly;01/01/80
Finance;ZWE;Zimbabwe;USD million;1989-Q4;11,2134296;3,21585839;1,232977926;9,23054914;Quarterly;01/01/80
Finance;ZWE;Zimbabwe;USD million;1990-Q1;12,46625454;2,579464937;1,97613968;11,86292928;Quarterly;01/01/80
Finance;ZWE;Zimbabwe;USD million;1990-Q2;16,7666187;2,160088675;4,304972283;18,91150231;Quarterly;01/01/80
Finance;ZWE;Zimbabwe;USD million;1990-Q3;13,12965405;3,850261708;2,71908368;11,99847602;Quarterly;01/01/80
Finance;ZWE;Zimbabwe;USD million;1990-Q4;21,07887591;6,127739779;5,796713956;20,74785008;Quarterly;01/01/80
Finance;ZWE;Zimbabwe;USD million;1991-Q1;15,77927563;2,895535567;3,542013793;16,42575385;Quarterly;01/01/80
Finance;ZWE;Zimbabwe;USD million;1991-Q2;14,40385099;3,085242443;2,745093809;14,06370235;Quarterly;01/01/80
Finance;ZWE;Zimbabwe;USD million;1991-Q3;22,17426614;2,099632594;3,596420209;23,67105375;Quarterly;01/01/80
Finance;ZWE;Zimbabwe;USD million;1991-Q4;14,3972236;3,057641758;4,165440785;15,50502263;Quarterly;01/01/80
Finance;ZWE;Zimbabwe;USD million;1992-Q1;18,46703792;5,997679837;2,074575295;14,54393338;Quarterly;01/01/80
Finance;ZWE;Zimbabwe;USD million;1992-Q2;15,79754634;4,037890016;3,297450218;15,05710654;Quarterly;01/01/80
Finance;ZWE;Zimbabwe;USD million;1992-Q3;12,51723082;3,170215205;3,098089993;12,44510561;Quarterly;01/01/80
Finance;ZWE;Zimbabwe;USD million;1992-Q4;14,25039217;2,392050053;3,746200299;15,60454242;Quarterly;01/01/80
Finance;ZWE;Zimbabwe;USD million;1993-Q1;13,08555511;1,846596775;2,549107175;13,78806551;Quarterly;01/01/80
Finance;ZWE;Zimbabwe;USD million;1993-Q2;19,9165426;6,701597648;4,543639129;17,75858408;Quarterly;01/01/80
Finance;ZWE;Zimbabwe;USD million;1993-Q3;19,63769563;3,819755336;5,596512795;21,41445309;Quarterly;01/01/80
Finance;ZWE;Zimbabwe;USD million;1993-Q4;15,14567478;4,206507117;3,93530667;14,87447433;Quarterly;01/01/80
Finance;ZWE;Zimbabwe;USD million;1994-Q1;10,14461256;2,272094682;3,003643927;10,8761618;Quarterly;01/01/80
Finance;ZWE;Zimbabwe;USD million;1994-Q2;15,30397126;3,640423665;4,484251969;16,14779956;Quarterly;01/01/80
Finance;ZWE;Zimbabwe;USD million;1994-Q3;19,6707711;5,581429887;3,882596823;17,97193803;Quarterly;01/01/80
Finance;ZWE;Zimbabwe;USD million;1994-Q4;8,716728827;1,399794063;2,549007461;9,865942225;Quarterly;01/01/80
Finance;ZWE;Zimbabwe;USD million;1995-Q1;23,71982978;4,839662199;4,611497237;23,49166482;Quarterly;01/01/80
Finance;ZWE;Zimbabwe;USD million;1995-Q2;21,35016601;4,721140938;3,127391296;19,75641636;Quarterly;01/01/80
Finance;ZWE;Zimbabwe;USD million;1995-Q3;10,07900255;2,011343148;2,293228635;10,36088803;Quarterly;01/01/80
Finance;ZWE;Zimbabwe;USD million;1995-Q4;10,60609318;2,798568485;1,991319636;9,798844331;Quarterly;01/01/80
Finance;ZWE;Zimbabwe;USD million;1996-Q1;16,78348814;2,783808144;2,891039711;16,89071971;Quarterly;01/01/80
Finance;ZWE;Zimbabwe;USD million;1996-Q2;10,70801118;2,569091776;2,225467433;10,36438684;Quarterly;01/01/80
Finance;ZWE;Zimbabwe;USD million;1996-Q3;16,27803309;1,99208448;2,904378056;17,19032667;Quarterly;01/01/80
Finance;ZWE;Zimbabwe;USD million;1996-Q4;15,55544643;2,485488373;3,904530064;16,97448812;Quarterly;01/01/80
Finance;ZWE;Zimbabwe;USD million;1997-Q1;7,258913378;1,581151627;1,12441282;6,802174571;Quarterly;01/01/80
Finance;ZWE;Zimbabwe;USD million;1997-Q2;17,79530002;4,925788724;3,988986929;16,85849822;Quarterly;01/01/80
Finance;ZWE;Zimbabwe;USD million;1997-Q3;18,97185657;6,345176582;5,777223045;18,40390303;Quarterly;01/01/80
Finance;ZWE;Zimbabwe;USD million;1997-Q4;19,03387453;5,329657721;5,729618854;19,43383566;Quarterly;01/01/80
Finance;ZWE;Zimbabwe;USD million;1998-Q1;17,13120185;2,770596807;2,843936962;17,20454201;Quarterly;01/01/80
Finance;ZWE;Zimbabwe;USD million;1998-Q2;11,046895;1,797907984;1,208341763;10,45732878;Quarterly;01/01/80
Finance;ZWE;Zimbabwe;USD million;1998-Q3;9,325004878;1,731731558;1,992151447;9,585424767;Quarterly;01/01/80
Finance;ZWE;Zimbabwe;USD million;1998-Q4;10,74932895;3,31626227;2,199979677;9,633046356;Quarterly;01/01/80
Finance;ZWE;Zimbabwe;USD million;1999-Q1;13,94653753;1,905568409;2,874786235;14,91575536;Quarterly;01/01/80
Finance;ZWE;Zimbabwe;USD million;1999-Q2;15,17881207;2,019378753;3,131448805;16,29088212;Quarterly;01/01/80
Finance;ZWE;Zimbabwe;USD million;1999-Q3;17,68260134;3,725617408;1,564837277;15,52182121;Quarterly;01/01/80
Finance;ZWE;Zimbabwe;USD million;1999-Q4;11,15570748;2,917480425;1,64577567;9,884002722;Quarterly;01/01/80
Finance;ZWE;Zimbabwe;USD million;2000-Q1;9,000999086;1,040391487;1,175969676;9,136577275;Quarterly;01/01/80
Finance;ZWE;Zimbabwe;USD million;2000-Q2;12,06927015;1,735500699;1,492043824;11,82581328;Quarterly;01/01/80
Finance;ZWE;Zimbabwe;USD million;2000-Q3;15,58698634;1,6646056;2,774514736;16,69689548;Quarterly;01/01/80
Finance;ZWE;Zimbabwe;USD million;2000-Q4;9,391732161;2,493305725;2,26091241;9,159338847;Quarterly;01/01/80
Finance;ZWE;Zimbabwe;USD million;2001-Q1;21,06570963;5,277945535;3,741427871;19,52919197;Quarterly;01/01/80
Finance;ZWE;Zimbabwe;USD million;2001-Q2;17,638052;6,30912269;1,883744455;13,21267377;Quarterly;01/01/80
Finance;ZWE;Zimbabwe;USD million;2001-Q3;15,4360545;3,841202472;3,432751672;15,0276037;Quarterly;01/01/80
Finance;ZWE;Zimbabwe;USD million;2001-Q4;12,20984302;3,737834585;1,811271536;10,28327997;Quarterly;01/01/80
Finance;ZWE;Zimbabwe;USD million;2002-Q1;21,47301434;5,000725025;5,190137191;21,6624265;Quarterly;01/01/80
Finance;ZWE;Zimbabwe;USD million;2002-Q2;13,47714406;3,240539869;2,323670259;12,56027445;Quarterly;01/01/80
Finance;ZWE;Zimbabwe;USD million;2002-Q3;13,01786108;3,338713899;3,797287978;13,47643515;Quarterly;01/01/80
Finance;ZWE;Zimbabwe;USD million;2002-Q4;14,52526091;3,130389906;4,18439431;15,57926532;Quarterly;01/01/80
Finance;ZWE;Zimbabwe;USD million;2003-Q1;23,61123744;4,325559342;3,076487164;22,36216527;Quarterly;01/01/80
Finance;ZWE;Zimbabwe;USD million;2003-Q2;17,22273602;4,890269213;4,326573765;16,65904057;Quarterly;01/01/80
Finance;ZWE;Zimbabwe;USD million;2003-Q3;12,73531705;1,255697139;3,0220629;14,50168281;Quarterly;01/01/80
Finance;ZWE;Zimbabwe;USD million;2003-Q4;23,58402423;6,264669997;5,470714161;22,79006839;Quarterly;01/01/80
Finance;ZWE;Zimbabwe;USD million;2004-Q1;20,9999975;2,625719269;4,341568971;22,7158472;Quarterly;01/01/80
Finance;ZWE;Zimbabwe;USD million;2004-Q2;17,60559065;3,392317211;4,339297952;18,55257139;Quarterly;01/01/80
Finance;ZWE;Zimbabwe;USD million;2004-Q3;13,93481389;5,30091669;2,462405443;11,09630264;Quarterly;01/01/80
Finance;ZWE;Zimbabwe;USD million;2004-Q4;8,871899443;1,266417267;1,670472346;9,275954522;Quarterly;01/01/80
Finance;ZWE;Zimbabwe;USD million;2005-Q1;27,23406732;7,151273996;6,278948495;26,36174182;Quarterly;01/01/80
Finance;ZWE;Zimbabwe;USD million;2005-Q2;22,72624798;4,281837541;2,656902153;21,10131259;Quarterly;01/01/80
Finance;ZWE;Zimbabwe;USD million;2005-Q3;10,09143211;1,005939645;2,091506647;11,17699912;Quarterly;01/01/80
Finance;ZWE;Zimbabwe;USD million;2005-Q4;20,52264888;7,023196582;3,208826979;16,70827928;Quarterly;01/01/80
Finance;ZWE;Zimbabwe;USD million;2006-Q1;16,82456993;3,09428379;2,482143577;16,21242971;Quarterly;01/01/80
Finance;ZWE;Zimbabwe;USD million;2006-Q2;9,468527846;2,48685636;1,590961854;8,57263334;Quarterly;01/01/80
Finance;ZWE;Zimbabwe;USD million;2006-Q3;9,089229215;1,288828868;2,298791066;10,09919141;Quarterly;01/01/80
Finance;ZWE;Zimbabwe;USD million;2006-Q4;15,06526799;3,474849243;3,067363555;14,6577823;Quarterly;01/01/80
Finance;ZWE;Zimbabwe;USD million;2007-Q1;18,39471058;4,728078752;3,766434166;17,43306599;Quarterly;01/01/80
Finance;ZWE;Zimbabwe;USD million;2007-Q2;18,78192492;5,317345144;3,198229303;16,66280908;Quarterly;01/01/80
Finance;ZWE;Zimbabwe;USD million;2007-Q3;21,42312903;5,400580452;3,313741895;19,33629047;Quarterly;01/01/80
Finance;ZWE;Zimbabwe;USD million;2007-Q4;11,01952374;3,123057566;1,053722849;8,950189028;Quarterly;01/01/80
Finance;ZWE;Zimbabwe;USD million;2008-Q1;11,72748467;2,940778328;2,596198712;11,38290505;Quarterly;01/01/80
Finance;ZWE;Zimbabwe;USD million;2008-Q2;17,61662074;3,590961689;3,007162683;17,03282174;Quarterly;01/01/80
Finance;ZWE;Zimbabwe;USD million;2008-Q3;8,576659108;2,121687574;1,400718206;7,85568974;Quarterly;01/01/80
Finance;ZWE;Zimbabwe;USD million;2008-Q4;8,578007851;2,334635763;1,738300053;7,981672142;Quarterly;01/01/80
Finance;ZWE;Zimbabwe;USD million;2009-Q1;25,11528515;9,4416865;4,64853441;20,32213306;Quarterly;01/01/80
Finance;ZWE;Zimbabwe;USD million;2009-Q2;19,62811648;4,452170425;3,513385154;18,68933121;Quarterly;01/01/80
Finance;ZWE;Zimbabwe;USD million;2009-Q3;21,85598302;5,339068533;2,829287724;19,34620221;Quarterly;01/01/80
Finance;ZWE;Zimbabwe;USD million;2009-Q4;14,08587193;1,194302476;2,842920535;15,73448999;Quarterly;01/01/80
Finance;ZWE;Zimbabwe;USD million;2010-Q1;18,71606691;3,147725825;4,247876943;19,81621802;Quarterly;01/01/80
Finance;ZWE;Zimbabwe;USD million;2010-Q2;17,91526808;5,625825657;3,095934494;15,38537692;Quarterly;01/01/80
Finance;ZWE;Zimbabwe;USD million;2010-Q3;21,84977645;3,661324519;3,267532501;21,45598443;Quarterly;01/01/80
Finance;ZWE;Zimbabwe;USD million;2010-Q4;15,35298236;2,836728637;3,43745363;15,95370735;Quarterly;01/01/80
Finance;ZWE;Zimbabwe;USD million;2011-Q1;20,90543519;5,530552086;6,014373229;21,38925634;Quarterly;01/01/80
Finance;ZWE;Zimbabwe;USD million;2011-Q2;11,25947447;3,313882881;2,440958085;10,38654967;Quarterly;01/01/80
Finance;ZWE;Zimbabwe;USD million;2011-Q3;19,25873674;2,685424127;3,088426972;19,66173959;Quarterly;01/01/80
Finance;ZWE;Zimbabwe;USD million;2011-Q4;19,28103479;4,954636994;5,708927461;20,03532526;Quarterly;01/01/80
Finance;ZWE;Zimbabwe;USD million;2012-Q1;24,62741672;2,792258728;5,123246714;26,9584047;Quarterly;01/01/80
Finance;ZWE;Zimbabwe;USD million;2012-Q2;15,67092341;1,779946983;2,749596894;16,64057332;Quarterly;01/01/80
Finance;ZWE;Zimbabwe;USD million;2012-Q3;11,74158873;2,665011986;2,619820404;11,69639715;Quarterly;01/01/80
Finance;ZWE;Zimbabwe;USD million;2012-Q4;14,66246633;4,188668998;3,103264594;13,57706193;Quarterly;01/01/80
Finance;ZWE;Zimbabwe;USD million;2013-Q1;9,58605076;3,416422296;1,628459188;7,798087651;Quarterly;01/01/80
Finance;ZWE;Zimbabwe;USD million;2013-Q2;18,02581551;4,666458912;3,007994913;16,36735151;Quarterly;01/01/80
Finance;ZWE;Zimbabwe;USD million;2013-Q3;17,95027348;3,151186942;3,031638327;17,83072487;Quarterly;01/01/80
Finance;ZWE;Zimbabwe;USD million;2013-Q4;6,329187235;1,748451034;1,142204547;5,722940748;Quarterly;01/01/80
Finance;ZWE;Zimbabwe;USD million;2014-Q1;7,879669835;1,558671615;1,870804969;8,191803189;Quarterly;01/01/80
Finance;ZWE;Zimbabwe;USD million;2014-Q2;24,13198355;7,489982805;5,343960088;21,98596083;Quarterly;01/01/80
Finance;ZWE;Zimbabwe;USD million;2014-Q3;14,28956005;3,295137308;2,059127351;13,0535501;Quarterly;01/01/80
Finance;ZWE;Zimbabwe;USD million;2014-Q4;14,28909049;4,639981843;2,724318808;12,37342745;Quarterly;01/01/80
Finance;ZWE;Zimbabwe;USD million;2015-Q1;16,48853435;4,034685673;3,413351849;15,86720052;Quarterly;01/01/80
Finance;ZWE;Zimbabwe;USD million;2015-Q2;12,43133857;4,071162364;1,620556379;9,980732584;Quarterly;01/01/80
Finance;ZWE;Zimbabwe;USD million;2015-Q3;19,52764603;3,862159345;4,540820826;20,20630751;Quarterly;01/01/80
Finance;ZWE;Zimbabwe;USD million;2015-Q4;12,5273149;2,257303518;1,014783007;11,28479439;Quarterly;01/01/80
Finance;ZWE;Zimbabwe;USD million;2016-Q1;13,06561904;3,467179956;1,919157105;11,51759618;Quarterly;01/01/80
Finance;ZWE;Zimbabwe;USD million;2016-Q2;10,78654394;2,175205642;2,053617932;10,66495623;Quarterly;01/01/80
Finance;ZWE;Zimbabwe;USD million;2016-Q3;25,15634984;4,796898935;4,800252976;25,15970388;Quarterly;01/01/80
Finance;ZWE;Zimbabwe;USD million;2016-Q4;17,38776794;3,703087281;5,699393803;19,38407446;Quarterly;01/01/80
Finance;ZWE;Zimbabwe;USD million;2017-Q1;18,17448188;4,395782375;4,311000829;18,08970034;Quarterly;01/01/80
Finance;ZWE;Zimbabwe;USD million;2017-Q2;23,63242646;7,251126813;3,178624139;19,55992379;Quarterly;01/01/80
Finance;ZWE;Zimbabwe;USD million;2017-Q3;14,9176284;2,785480439;2,311005117;14,44315308;Quarterly;01/01/80
Finance;ZWE;Zimbabwe;USD million;2017-Q4;13,88966823;2,500245882;2,126405253;13,51582761;Quarterly;01/01/80
Finance;ZWE;Zimbabwe;USD million;2018-Q1;11,80267721;2,201181552;2,200223477;11,80171913;Quarterly;01/01/80
Finance;ZWE;Zimbabwe;USD million;2018-Q2;13,2350039;2,770056942;2,91562325;13,38057021;Quarterly;01/01/80
Finance;ZWE;Zimbabwe;USD million;2018-Q3;9,171897971;2,76199812;1,829092156;8,238992008;Quarterly;01/01/80
Finance;ZWE;Zimbabwe;USD million;2018-Q4;17,9983891;5,11731378;3,431814386;16,3128897;Quarterly;01/01/80
Finance;ZWE;Zimbabwe;USD million;2019-Q1;15,64329212;3,396292012;2,628006466;14,87500658;Quarterly;01/01/80
Finance;ZWE;Zimbabwe;USD million;2019-Q2;15,82992628;2,58309756;2,625868736;15,87269746;Quarterly;01/01/80
Finance;ZWE;Zimbabwe;USD million;2019-Q3;13,26208367;2,801636309;1,474368011;11,93481537;Quarterly;01/01/80
Finance;ZWE;Zimbabwe;USD million;2019-Q4;16,382851;4,074428509;1,648359221;13,95678171;Quarterly;01/01/80
Finance;ZWE;Zimbabwe;USD million;2020-Q1;11,57134586;3,509455319;2,570412643;10,63230319;Quarterly;01/01/80
Finance;ZWE;Zimbabwe;USD million;2020-Q2;14,26598598;2,985945216;1,985729393;13,26577016;Quarterly;01/01/80
Finance;ZWE;Zimbabwe;USD million;2020-Q3;8,603079148;1,168344059;2,610781613;10,0455167;Quarterly;01/01/80
Finance;ZWE;Zimbabwe;USD million;2020-Q4;14,72723533;2,647002852;2,765808292;14,84604077;Quarterly;01/01/80
Finance;ZWE;Zimbabwe;USD million;2021-Q1;14,56005631;4,127587734;3,742256847;14,17472542;Quarterly;01/01/80
Finance;ZWE;Zimbabwe;USD million;2021-Q2;24,07174433;4,947103474;5,588244074;24,71288494;Quarterly;01/01/80
Finance;ZWE;Zimbabwe;USD million;2021-Q3;22,7464991;5,486514348;5,628988073;22,88897282;Quarterly;01/01/80
Finance;ZWE;Zimbabwe;USD million;2021-Q4;11,61833421;2,741294453;1,442419949;10,31945971;Quarterly;01/01/80
Finance;ZWE;Zimbabwe;USD million;2022-Q1;13,49621486;3,369437921;2,896093337;13,02287028;Quarterly;01/01/80
Finance;ZWE;Zimbabwe;USD million;2022-Q2;9,047887857;2,192266816;1,459464052;8,315085094;Quarterly;01/01/80
Finance;ZWE;Zimbabwe;USD million;2022-Q3;20,29003615;5,382997813;2,789256297;17,69629463;Quarterly;01/01/80
Finance;ZWE;Zimbabwe;USD million;2022-Q4;13,66533151;2,608288754;3,268841575;14,32588433;Quarterly;01/01/80
Finance;ZWE;Zimbabwe;USD million;2023-Q1;14,84982936;1,734645905;2,969376619;16,08456007;Quarterly;01/01/80
Finance;ZWE;Zimbabwe;USD million;2023-Q2;10,75113082;1,326917989;2,706109827;12,13032266;Quarterly;01/01/80
Finance;ZWE;Zimbabwe;USD million;2023-Q3;10,71291229;2,068205847;1,96736664;10,61207308;Quarterly;01/01/80
Finance;ZWE;Zimbabwe;USD million;2023-Q4;15,40198024;1,921577234;3,941464268;17,42186728;Quarterly;01/01/80
Finance;ZWE;Zimbabwe;USD million;2024-Q1;24,19907681;5,785451001;6,118330261;24,53195607;Quarterly;01/01/80
Finance;ZWE;Zimbabwe;USD million;2024-Q2;18,81296308;2,527408937;4,581227435;20,86678158;Quarterly;01/01/80
Finance;ZWE;Zimbabwe;USD million;2024-Q3;21,21282538;5,906731656;5,716670538;21,02276427;Quarterly;01/01/80
Finance;ZWE;Zimbabwe;USD million;2024-Q4;12,85783765;1,787401741;1,595621773;12,66605769;Quarterly;01/01/80
Finance;ZWE;Zimbabwe;USD million;2025-Q1;14,52978853;3,574229561;3,049495101;14,00505407;Quarterly;01/01/80
Finance;ZWE;Zimbabwe;USD million;2025-Q2;14,44742775;2,096860699;2,605285766;14,95585282;Quarterly;01/01/80
Finance;ZWE;Zimbabwe;USD million;2025-Q3;23,73739505;5,01773391;5,184509193;23,90417033;Quarterly;01/01/80
Finance;ZWE;Zimbabwe;USD million;2025-Q4;11,71602199;1,647191168;2,76811312;12,83694394;Quarterly;01/01/80
Finance;ZWE;Zimbabwe;USD million;2026-Q1;20,03043435;2,246192424;3,788090253;21,57233218;Quarterly;01/01/80
Finance;ZWE;Zimbabwe;USD million;2026-Q2;12,73400799;1,869267089;1,753723662;12,61846456;Quarterly;01/01/80
Finance;ZWE;Zimbabwe;USD million;2026-Q3;16,76730323;2,837670042;3,450272717;17,3799059;Quarterly;01/01/80
ICT;ZWE;Zimbabwe;USD million;1980-Q1;16,36235298;3,420922741;3,46711877;16,40854901;Quarterly;01/01/80
ICT;ZWE;Zimbabwe;USD million;1980-Q2;19,86697728;5,907411737;3,901917335;17,86148288;Quarterly;01/01/80
ICT;ZWE;Zimbabwe;USD million;1980-Q3;13,86740103;2,535662722;1,658326066;12,99006437;Quarterly;01/01/80
ICT;ZWE;Zimbabwe;USD million;1980-Q4;9,496343156;2,203706383;2,334726296;9,627363069;Quarterly;01/01/80
ICT;ZWE;Zimbabwe;USD million;1981-Q1;12,92140669;3,448397981;1,907351699;11,38036041;Quarterly;01/01/80
ICT;ZWE;Zimbabwe;USD million;1981-Q2;17,06895454;4,727653305;2,33844334;14,67974457;Quarterly;01/01/80
ICT;ZWE;Zimbabwe;USD million;1981-Q3;8,48766117;1,28722753;1,406297449;8,606731089;Quarterly;01/01/80
ICT;ZWE;Zimbabwe;USD million;1981-Q4;18,35775065;1,679878724;2,814508269;19,4923802;Quarterly;01/01/80
ICT;ZWE;Zimbabwe;USD million;1982-Q1;15,53028393;1,844280231;3,398857559;17,08486126;Quarterly;01/01/80
ICT;ZWE;Zimbabwe;USD million;1982-Q2;7,673023961;1,536585437;1,018984218;7,155422742;Quarterly;01/01/80
ICT;ZWE;Zimbabwe;USD million;1982-Q3;12,90309028;1,928940755;2,988733373;13,9628829;Quarterly;01/01/80
ICT;ZWE;Zimbabwe;USD million;1982-Q4;14,80945328;3,86815164;3,014560632;13,95586227;Quarterly;01/01/80
ICT;ZWE;Zimbabwe;USD million;1983-Q1;12,28178359;2,71940438;1,037994439;10,60037365;Quarterly;01/01/80
ICT;ZWE;Zimbabwe;USD million;1983-Q2;9,47822904;1,67844909;2,193455449;9,9932354;Quarterly;01/01/80
ICT;ZWE;Zimbabwe;USD million;1983-Q3;19,43076145;4,473830612;2,424603693;17,38153453;Quarterly;01/01/80
ICT;ZWE;Zimbabwe;USD million;1983-Q4;17,14423483;3,557454692;4,52019768;18,10697782;Quarterly;01/01/80
ICT;ZWE;Zimbabwe;USD million;1984-Q1;10,51234221;3,20128826;2,185916296;9,496970243;Quarterly;01/01/80
ICT;ZWE;Zimbabwe;USD million;1984-Q2;14,21824552;2,645124485;1,492436933;13,06555797;Quarterly;01/01/80
ICT;ZWE;Zimbabwe;USD million;1984-Q3;17,34217578;3,490589018;2,918331596;16,76991836;Quarterly;01/01/80
ICT;ZWE;Zimbabwe;USD million;1984-Q4;12,68233646;3,762112695;1,900142138;10,8203659;Quarterly;01/01/80
ICT;ZWE;Zimbabwe;USD million;1985-Q1;23,87500877;5,601388383;5,660498228;23,93411861;Quarterly;01/01/80
ICT;ZWE;Zimbabwe;USD million;1985-Q2;6,737564756;1,39587824;1,39650854;6,738195056;Quarterly;01/01/80
ICT;ZWE;Zimbabwe;USD million;1985-Q3;20,30293545;5,279111683;2,217070584;17,24089435;Quarterly;01/01/80
ICT;ZWE;Zimbabwe;USD million;1985-Q4;12,24253648;3,05928694;2,508774751;11,69202429;Quarterly;01/01/80
ICT;ZWE;Zimbabwe;USD million;1986-Q1;21,1406716;5,071845798;3,470313714;19,53913951;Quarterly;01/01/80
ICT;ZWE;Zimbabwe;USD million;1986-Q2;19,99294276;5,00250412;2,778902736;17,76934137;Quarterly;01/01/80
ICT;ZWE;Zimbabwe;USD million;1986-Q3;18,43864759;3,795349838;3,726908415;18,37020617;Quarterly;01/01/80
ICT;ZWE;Zimbabwe;USD million;1986-Q4;12,28227127;3,937759393;2,23484811;10,57935999;Quarterly;01/01/80
ICT;ZWE;Zimbabwe;USD million;1987-Q1;11,31852019;2,485565247;2,931548517;11,76450346;Quarterly;01/01/80
ICT;ZWE;Zimbabwe;USD million;1987-Q2;17,91492698;3,162403219;2,421501435;17,1740252;Quarterly;01/01/80
ICT;ZWE;Zimbabwe;USD million;1987-Q3;12,48442335;3,483893309;1,682842208;10,68337225;Quarterly;01/01/80
ICT;ZWE;Zimbabwe;USD million;1987-Q4;10,9477011;2,164395005;1,803015636;10,58632174;Quarterly;01/01/80
ICT;ZWE;Zimbabwe;USD million;1988-Q1;21,33353861;4,56640335;3,068655399;19,83579066;Quarterly;01/01/80
ICT;ZWE;Zimbabwe;USD million;1988-Q2;12,26521063;2,894700156;2,276981571;11,64749204;Quarterly;01/01/80
ICT;ZWE;Zimbabwe;USD million;1988-Q3;9,468818573;1,485778994;2,928793145;10,91183272;Quarterly;01/01/80
ICT;ZWE;Zimbabwe;USD million;1988-Q4;14,33820939;3,445017436;2,097209407;12,99040136;Quarterly;01/01/80
ICT;ZWE;Zimbabwe;USD million;1989-Q1;19,69252536;4,606339406;5,448750869;20,53493682;Quarterly;01/01/80
ICT;ZWE;Zimbabwe;USD million;1989-Q2;13,37057202;3,094088191;1,984276283;12,26076011;Quarterly;01/01/80
ICT;ZWE;Zimbabwe;USD million;1989-Q3;11,97883172;3,253520961;2,319029618;11,04434037;Quarterly;01/01/80
ICT;ZWE;Zimbabwe;USD million;1989-Q4;6,991164763;1,363602109;0,863394826;6,49095748;Quarterly;01/01/80
ICT;ZWE;Zimbabwe;USD million;1990-Q1;14,26932403;1,219433555;2,119592918;15,16948339;Quarterly;01/01/80
ICT;ZWE;Zimbabwe;USD million;1990-Q2;18,5282881;3,835055216;2,584605287;17,27783817;Quarterly;01/01/80
ICT;ZWE;Zimbabwe;USD million;1990-Q3;15,25299725;1,59734598;2,850173186;16,50582446;Quarterly;01/01/80
ICT;ZWE;Zimbabwe;USD million;1990-Q4;10,11357562;1,823604224;2,781877743;11,07184914;Quarterly;01/01/80
ICT;ZWE;Zimbabwe;USD million;1991-Q1;21,05633629;5,095028215;3,695205146;19,65651323;Quarterly;01/01/80
ICT;ZWE;Zimbabwe;USD million;1991-Q2;13,87256691;3,764296834;1,83249202;11,94076209;Quarterly;01/01/80
ICT;ZWE;Zimbabwe;USD million;1991-Q3;17,15305205;3,323703995;2,296497274;16,12584533;Quarterly;01/01/80
ICT;ZWE;Zimbabwe;USD million;1991-Q4;14,82680412;4,375002596;2,088042322;12,53984384;Quarterly;01/01/80
ICT;ZWE;Zimbabwe;USD million;1992-Q1;9,003980639;2,773532297;1,909553714;8,140002056;Quarterly;01/01/80
ICT;ZWE;Zimbabwe;USD million;1992-Q2;13,18653817;2,797615835;2,312986664;12,701909;Quarterly;01/01/80
ICT;ZWE;Zimbabwe;USD million;1992-Q3;22,15789227;3,075343928;4,997780976;24,08032931;Quarterly;01/01/80
ICT;ZWE;Zimbabwe;USD million;1992-Q4;21,85558803;5,270555831;5,948548718;22,53358091;Quarterly;01/01/80
ICT;ZWE;Zimbabwe;USD million;1993-Q1;16,83587152;4,949061941;4,413102959;16,29991254;Quarterly;01/01/80
ICT;ZWE;Zimbabwe;USD million;1993-Q2;11,8886611;2,959744302;2,890039865;11,81895666;Quarterly;01/01/80
ICT;ZWE;Zimbabwe;USD million;1993-Q3;16,33596373;4,383712281;4,682732514;16,63498397;Quarterly;01/01/80
ICT;ZWE;Zimbabwe;USD million;1993-Q4;15,91773554;5,299042398;3,556849854;14,17554299;Quarterly;01/01/80
ICT;ZWE;Zimbabwe;USD million;1994-Q1;17,35807262;2,671752537;1,418552166;16,10487225;Quarterly;01/01/80
ICT;ZWE;Zimbabwe;USD million;1994-Q2;17,1078834;2,109523685;2,441519644;17,43987936;Quarterly;01/01/80
ICT;ZWE;Zimbabwe;USD million;1994-Q3;9,310931114;2,299184533;1,958176353;8,969922934;Quarterly;01/01/80
ICT;ZWE;Zimbabwe;USD million;1994-Q4;20,3285363;5,546558747;2,955098397;17,73707595;Quarterly;01/01/80
ICT;ZWE;Zimbabwe;USD million;1995-Q1;14,95207591;1,813384471;3,450635036;16,58932647;Quarterly;01/01/80
ICT;ZWE;Zimbabwe;USD million;1995-Q2;18,17485699;3,791472494;3,839138798;18,22252329;Quarterly;01/01/80
ICT;ZWE;Zimbabwe;USD million;1995-Q3;23,66032731;4,61014367;4,021143473;23,07132712;Quarterly;01/01/80
ICT;ZWE;Zimbabwe;USD million;1995-Q4;9,473937842;1,803250228;1,634164339;9,304851953;Quarterly;01/01/80
ICT;ZWE;Zimbabwe;USD million;1996-Q1;10,95535728;1,128255795;2,205065284;12,03216677;Quarterly;01/01/80
ICT;ZWE;Zimbabwe;USD million;1996-Q2;16,71478817;3,038834072;4,434833575;18,11078767;Quarterly;01/01/80
ICT;ZWE;Zimbabwe;USD million;1996-Q3;18,2009007;2,556254252;2,465004676;18,10965112;Quarterly;01/01/80
ICT;ZWE;Zimbabwe;USD million;1996-Q4;10,31548538;1,020299501;1,846555036;11,14174092;Quarterly;01/01/80
ICT;ZWE;Zimbabwe;USD million;1997-Q1;16,84533661;4,294369237;4,255873864;16,80684124;Quarterly;01/01/80
ICT;ZWE;Zimbabwe;USD million;1997-Q2;14,83468108;3,464236106;2,667780247;14,03822522;Quarterly;01/01/80
ICT;ZWE;Zimbabwe;USD million;1997-Q3;21,84687627;4,931125664;5,775875062;22,69162567;Quarterly;01/01/80
ICT;ZWE;Zimbabwe;USD million;1997-Q4;12,91569385;2,770093218;1,61811164;11,76371227;Quarterly;01/01/80
ICT;ZWE;Zimbabwe;USD million;1998-Q1;12,29902973;3,95118792;3,261065636;11,60890744;Quarterly;01/01/80
ICT;ZWE;Zimbabwe;USD million;1998-Q2;13,6649389;2,577841584;2,08852382;13,17562114;Quarterly;01/01/80
ICT;ZWE;Zimbabwe;USD million;1998-Q3;13,6905628;4,593021432;3,49139577;12,58893714;Quarterly;01/01/80
ICT;ZWE;Zimbabwe;USD million;1998-Q4;14,99408972;2,954696296;2,910043818;14,94943724;Quarterly;01/01/80
ICT;ZWE;Zimbabwe;USD million;1999-Q1;13,81705722;4,478613352;2,027265506;11,36570937;Quarterly;01/01/80
ICT;ZWE;Zimbabwe;USD million;1999-Q2;7,007867744;1,898333497;1,366266975;6,475801221;Quarterly;01/01/80
ICT;ZWE;Zimbabwe;USD million;1999-Q3;19,64395864;6,535703005;4,316015581;17,42427121;Quarterly;01/01/80
ICT;ZWE;Zimbabwe;USD million;1999-Q4;19,62100572;5,068445021;3,686865355;18,23942605;Quarterly;01/01/80
ICT;ZWE;Zimbabwe;USD million;2000-Q1;20,78184386;6,326312868;5,088419851;19,54395085;Quarterly;01/01/80
ICT;ZWE;Zimbabwe;USD million;2000-Q2;20,90442737;7,079248372;5,976364579;19,80154357;Quarterly;01/01/80
ICT;ZWE;Zimbabwe;USD million;2000-Q3;12,6881755;3,341789793;2,921113913;12,26749962;Quarterly;01/01/80
ICT;ZWE;Zimbabwe;USD million;2000-Q4;18,79410639;4,515206871;4,280252305;18,55915182;Quarterly;01/01/80
ICT;ZWE;Zimbabwe;USD million;2001-Q1;10,20856762;2,678848793;1,393747583;8,923466413;Quarterly;01/01/80
ICT;ZWE;Zimbabwe;USD million;2001-Q2;11,83873295;3,337019629;2,310491313;10,81220463;Quarterly;01/01/80
ICT;ZWE;Zimbabwe;USD million;2001-Q3;20,05025995;6,235907491;4,356227383;18,17057985;Quarterly;01/01/80
ICT;ZWE;Zimbabwe;USD million;2001-Q4;11,53620641;2,899250514;1,813892852;10,45084874;Quarterly;01/01/80
ICT;ZWE;Zimbabwe;USD million;2002-Q1;12,83328068;3,325115708;2,641396986;12,14956196;Quarterly;01/01/80
ICT;ZWE;Zimbabwe;USD million;2002-Q2;22,37740273;2,412405033;1,933186477;21,89818418;Quarterly;01/01/80
ICT;ZWE;Zimbabwe;USD million;2002-Q3;9,654438398;2,388475942;1,851876134;9,11783859;Quarterly;01/01/80
ICT;ZWE;Zimbabwe;USD million;2002-Q4;22,24675353;2,049934523;2,896731974;23,09355098;Quarterly;01/01/80
ICT;ZWE;Zimbabwe;USD million;2003-Q1;12,17232584;2,579683471;2,648337744;12,24098011;Quarterly;01/01/80
ICT;ZWE;Zimbabwe;USD million;2003-Q2;12,64050291;2,759209165;1,792454986;11,67374873;Quarterly;01/01/80
ICT;ZWE;Zimbabwe;USD million;2003-Q3;16,87010506;2,424284938;4,240097787;18,68591791;Quarterly;01/01/80
ICT;ZWE;Zimbabwe;USD million;2003-Q4;9,982871384;2,8622617;2,26840958;9,389019264;Quarterly;01/01/80
ICT;ZWE;Zimbabwe;USD million;2004-Q1;9,609641689;2,708004844;1,739616173;8,641253018;Quarterly;01/01/80
ICT;ZWE;Zimbabwe;USD million;2004-Q2;19,23888653;4,255256552;3,288907182;18,27253716;Quarterly;01/01/80
ICT;ZWE;Zimbabwe;USD million;2004-Q3;13,38467166;3,152729062;2,71156779;12,94351039;Quarterly;01/01/80
ICT;ZWE;Zimbabwe;USD million;2004-Q4;7,420107931;2,107052404;1,770417084;7,083472611;Quarterly;01/01/80
ICT;ZWE;Zimbabwe;USD million;2005-Q1;10,42160076;2,089174478;2,631422959;10,96384924;Quarterly;01/01/80
ICT;ZWE;Zimbabwe;USD million;2005-Q2;18,76737838;3,863266097;3,113605799;18,01771808;Quarterly;01/01/80
ICT;ZWE;Zimbabwe;USD million;2005-Q3;35,8242381;6,841803373;8,600322175;37,58275691;Quarterly;01/01/80
ICT;ZWE;Zimbabwe;USD million;2005-Q4;8,859884044;2,021713688;1,569536376;8,407706733;Quarterly;01/01/80
ICT;ZWE;Zimbabwe;USD million;2006-Q1;9,989821743;2,875528914;2,536989873;9,651282702;Quarterly;01/01/80
ICT;ZWE;Zimbabwe;USD million;2006-Q2;13,65225933;4,144314297;2,558220749;12,06616579;Quarterly;01/01/80
ICT;ZWE;Zimbabwe;USD million;2006-Q3;13,33707388;2,529421277;3,559305129;14,36695774;Quarterly;01/01/80
ICT;ZWE;Zimbabwe;USD million;2006-Q4;7,095220486;1,957893677;1,43539929;6,5727261;Quarterly;01/01/80
ICT;ZWE;Zimbabwe;USD million;2007-Q1;9,096581789;1,931259546;1,332692298;8,498014542;Quarterly;01/01/80
ICT;ZWE;Zimbabwe;USD million;2007-Q2;7,810076197;1,335035808;0,88866668;7,363707069;Quarterly;01/01/80
ICT;ZWE;Zimbabwe;USD million;2007-Q3;12,20878764;1,3789662;3,956083421;14,78590487;Quarterly;01/01/80
ICT;ZWE;Zimbabwe;USD million;2007-Q4;15,49024897;3,514958281;4,590327173;16,56561786;Quarterly;01/01/80
ICT;ZWE;Zimbabwe;USD million;2008-Q1;18,6847183;6,167749588;3,257571933;15,77454065;Quarterly;01/01/80
ICT;ZWE;Zimbabwe;USD million;2008-Q2;16,0936277;2,759487312;2,654106231;15,98824662;Quarterly;01/01/80
ICT;ZWE;Zimbabwe;USD million;2008-Q3;22,93074978;4,472459212;6,800088736;25,25837931;Quarterly;01/01/80
ICT;ZWE;Zimbabwe;USD million;2008-Q4;13,45311887;3,464972874;2,394601059;12,38274706;Quarterly;01/01/80
ICT;ZWE;Zimbabwe;USD million;2009-Q1;21,9334137;5,153130335;5,757925339;22,5382087;Quarterly;01/01/80
ICT;ZWE;Zimbabwe;USD million;2009-Q2;17,50276411;3,300506586;4,321235355;18,52349288;Quarterly;01/01/80
ICT;ZWE;Zimbabwe;USD million;2009-Q3;18,15544252;5,138379398;3,929077201;16,94614033;Quarterly;01/01/80
ICT;ZWE;Zimbabwe;USD million;2009-Q4;18,04288269;4,920208554;3,803187707;16,92586184;Quarterly;01/01/80
ICT;ZWE;Zimbabwe;USD million;2010-Q1;9,559902836;2,268946872;2,740488491;10,03144445;Quarterly;01/01/80
ICT;ZWE;Zimbabwe;USD million;2010-Q2;20,14610241;2,921644868;4,185779609;21,41023715;Quarterly;01/01/80
ICT;ZWE;Zimbabwe;USD million;2010-Q3;11,1435722;1,672228678;2,834942905;12,30628642;Quarterly;01/01/80
ICT;ZWE;Zimbabwe;USD million;2010-Q4;21,08425537;3,419058212;3,871208787;21,53640594;Quarterly;01/01/80
ICT;ZWE;Zimbabwe;USD million;2011-Q1;14,9080586;1,682665299;1,746525517;14,97191882;Quarterly;01/01/80
ICT;ZWE;Zimbabwe;USD million;2011-Q2;20,27701696;4,319418534;5,349278108;21,30687653;Quarterly;01/01/80
ICT;ZWE;Zimbabwe;USD million;2011-Q3;16,74561224;3,197990268;2,834543942;16,38216591;Quarterly;01/01/80
ICT;ZWE;Zimbabwe;USD million;2011-Q4;16,89551101;4,054653606;2,852791504;15,69364891;Quarterly;01/01/80
ICT;ZWE;Zimbabwe;USD million;2012-Q1;12,95947918;2,133028367;2,903910278;13,73036109;Quarterly;01/01/80
ICT;ZWE;Zimbabwe;USD million;2012-Q2;23,59087346;5,164475624;4,721769751;23,14816759;Quarterly;01/01/80
ICT;ZWE;Zimbabwe;USD million;2012-Q3;18,63575319;4,409158668;3,791036976;18,01763149;Quarterly;01/01/80
ICT;ZWE;Zimbabwe;USD million;2012-Q4;14,0912828;4,676333696;3,300512837;12,71546195;Quarterly;01/01/80
ICT;ZWE;Zimbabwe;USD million;2013-Q1;17,69633967;4,289086228;1,866936509;15,27418995;Quarterly;01/01/80
ICT;ZWE;Zimbabwe;USD million;2013-Q2;21,90399085;4,410921063;4,770085333;22,26315512;Quarterly;01/01/80
ICT;ZWE;Zimbabwe;USD million;2013-Q3;19,46535227;5,919618743;3,159265706;16,70499924;Quarterly;01/01/80
ICT;ZWE;Zimbabwe;USD million;2013-Q4;19,54824597;4,416031311;3,600113007;18,73232766;Quarterly;01/01/80
ICT;ZWE;Zimbabwe;USD million;2014-Q1;9,01625247;2,315793149;2,593687979;9,2941473;Quarterly;01/01/80
ICT;ZWE;Zimbabwe;USD million;2014-Q2;10,13674096;2,552048574;2,093968378;9,678660761;Quarterly;01/01/80
ICT;ZWE;Zimbabwe;USD million;2014-Q3;22,85821658;3,610712543;7,456859526;26,70436357;Quarterly;01/01/80
ICT;ZWE;Zimbabwe;USD million;2014-Q4;16,38661748;2,86972216;4,114141064;17,63103639;Quarterly;01/01/80
ICT;ZWE;Zimbabwe;USD million;2015-Q1;10,50521177;3,252227032;0,984941006;8,237925743;Quarterly;01/01/80
ICT;ZWE;Zimbabwe;USD million;2015-Q2;11,4299354;3,774941216;2,694489963;10,34948414;Quarterly;01/01/80
ICT;ZWE;Zimbabwe;USD million;2015-Q3;19,7602335;6,147138382;3,782432546;17,39552767;Quarterly;01/01/80
ICT;ZWE;Zimbabwe;USD million;2015-Q4;21,38390285;5,507207804;3,410648356;19,2873434;Quarterly;01/01/80
ICT;ZWE;Zimbabwe;USD million;2016-Q1;20,75657965;1,936857265;3,8177607;22,63748308;Quarterly;01/01/80
ICT;ZWE;Zimbabwe;USD million;2016-Q2;18,38956591;4,824607725;4,261871704;17,82682989;Quarterly;01/01/80
ICT;ZWE;Zimbabwe;USD million;2016-Q3;10,23552169;3,203354457;2,249733727;9,281900964;Quarterly;01/01/80
ICT;ZWE;Zimbabwe;USD million;2016-Q4;18,24362115;3,0663424;5,21889814;20,39617689;Quarterly;01/01/80
ICT;ZWE;Zimbabwe;USD million;2017-Q1;15,33156613;2,98118244;1,836494014;14,1868777;Quarterly;01/01/80
ICT;ZWE;Zimbabwe;USD million;2017-Q2;12,9910697;2,462236946;2,995999926;13,52483268;Quarterly;01/01/80
ICT;ZWE;Zimbabwe;USD million;2017-Q3;14,96002768;3,858276457;3,694647254;14,79639848;Quarterly;01/01/80
ICT;ZWE;Zimbabwe;USD million;2017-Q4;17,72232518;2,916089423;3,661402379;18,46763814;Quarterly;01/01/80
ICT;ZWE;Zimbabwe;USD million;2018-Q1;13,37928179;4,077417991;1,672399252;10,97426305;Quarterly;01/01/80
ICT;ZWE;Zimbabwe;USD million;2018-Q2;14,28846959;4,886659583;2,929238102;12,33104811;Quarterly;01/01/80
ICT;ZWE;Zimbabwe;USD million;2018-Q3;16,55652013;2,714565194;2,808215557;16,65017049;Quarterly;01/01/80
ICT;ZWE;Zimbabwe;USD million;2018-Q4;20,08192581;3,103616015;3,74677526;20,72508506;Quarterly;01/01/80
ICT;ZWE;Zimbabwe;USD million;2019-Q1;16,95317397;4,551613721;2,475727655;14,8772879;Quarterly;01/01/80
ICT;ZWE;Zimbabwe;USD million;2019-Q2;10,74170046;2,248049501;2,506560356;11,00021131;Quarterly;01/01/80
ICT;ZWE;Zimbabwe;USD million;2019-Q3;10,09686386;2,517208915;1,675135113;9,254790056;Quarterly;01/01/80
ICT;ZWE;Zimbabwe;USD million;2019-Q4;13,90662403;3,455301706;1,618104478;12,0694268;Quarterly;01/01/80
ICT;ZWE;Zimbabwe;USD million;2020-Q1;8,811709674;1,297348467;1,438484193;8,9528454;Quarterly;01/01/80
ICT;ZWE;Zimbabwe;USD million;2020-Q2;11,31466104;1,570563167;2,910492499;12,65459037;Quarterly;01/01/80
ICT;ZWE;Zimbabwe;USD million;2020-Q3;16,74415939;3,798059711;2,972554584;15,91865427;Quarterly;01/01/80
ICT;ZWE;Zimbabwe;USD million;2020-Q4;14,59311273;2,739774188;2,615055525;14,46839406;Quarterly;01/01/80
ICT;ZWE;Zimbabwe;USD million;2021-Q1;17,92594868;3,806146223;3,465066576;17,58486904;Quarterly;01/01/80
ICT;ZWE;Zimbabwe;USD million;2021-Q2;10,75233075;2,17503349;2,480083115;11,05738037;Quarterly;01/01/80
ICT;ZWE;Zimbabwe;USD million;2021-Q3;10,24360003;3,00763808;2,019147549;9,255109498;Quarterly;01/01/80
ICT;ZWE;Zimbabwe;USD million;2021-Q4;16,92164271;2,92312598;3,246317048;17,24483378;Quarterly;01/01/80
ICT;ZWE;Zimbabwe;USD million;2022-Q1;13,56761151;2,770180563;2,665718715;13,46314966;Quarterly;01/01/80
ICT;ZWE;Zimbabwe;USD million;2022-Q2;12,53401042;2,491297007;1,731855634;11,77456904;Quarterly;01/01/80
ICT;ZWE;Zimbabwe;USD million;2022-Q3;14,7353803;3,647363118;3,415123857;14,50314104;Quarterly;01/01/80
ICT;ZWE;Zimbabwe;USD million;2022-Q4;17,35461967;5,65310622;3,62203995;15,3235534;Quarterly;01/01/80
ICT;ZWE;Zimbabwe;USD million;2023-Q1;10,63938213;3,464538335;2,517071235;9,691915029;Quarterly;01/01/80
ICT;ZWE;Zimbabwe;USD million;2023-Q2;20,43147835;5,918838565;2,400818408;16,91345819;Quarterly;01/01/80
ICT;ZWE;Zimbabwe;USD million;2023-Q3;18,06611115;4,429284102;1,49302098;15,12984802;Quarterly;01/01/80
ICT;ZWE;Zimbabwe;USD million;2023-Q4;13,08306729;3,192813809;2,046370953;11,93662443;Quarterly;01/01/80
ICT;ZWE;Zimbabwe;USD million;2024-Q1;24,02843595;3,172183073;5,401857235;26,25811011;Quarterly;01/01/80
ICT;ZWE;Zimbabwe;USD million;2024-Q2;14,38654185;3,781253136;3,880682531;14,48597125;Quarterly;01/01/80
ICT;ZWE;Zimbabwe;USD million;2024-Q3;15,52479347;4,116511646;3,177428928;14,58571075;Quarterly;01/01/80
ICT;ZWE;Zimbabwe;USD million;2024-Q4;23,80149922;4,349575292;7,327106636;26,77903056;Quarterly;01/01/80
ICT;ZWE;Zimbabwe;USD million;2025-Q1;21,92795736;3,453585709;4,904874535;23,37924618;Quarterly;01/01/80
ICT;ZWE;Zimbabwe;USD million;2025-Q2;11,51975579;3,572753475;3,444568804;11,39157111;Quarterly;01/01/80
ICT;ZWE;Zimbabwe;USD million;2025-Q3;16,2950995;5,839042856;2,566752451;13,02280909;Quarterly;01/01/80
ICT;ZWE;Zimbabwe;USD million;2025-Q4;16,03816195;1,861223017;3,785899769;17,9628387;Quarterly;01/01/80
ICT;ZWE;Zimbabwe;USD million;2026-Q1;16,82003186;3,810017364;3,823898648;16,83391314;Quarterly;01/01/80
ICT;ZWE;Zimbabwe;USD million;2026-Q2;14,27805994;3,106905814;2,620549339;13,79170347;Quarterly;01/01/80
ICT;ZWE;Zimbabwe;USD million;2026-Q3;16,57178121;3,704107824;3,025051155;15,89272454;Quarterly;01/01/80
Manufacturing;ZWE;Zimbabwe;USD million;1980-Q1;14,51126445;3,660922839;2,022885318;12,87322693;Quarterly;01/01/80
Manufacturing;ZWE;Zimbabwe;USD million;1980-Q2;15,21669966;3,886401077;3,527453731;14,85775232;Quarterly;01/01/80
Manufacturing;ZWE;Zimbabwe;USD million;1980-Q3;13,37521477;2,543662926;2,127912925;12,95946477;Quarterly;01/01/80
Manufacturing;ZWE;Zimbabwe;USD million;1980-Q4;16,1024338;3,203600336;1,491649406;14,39048286;Quarterly;01/01/80
Manufacturing;ZWE;Zimbabwe;USD million;1981-Q1;14,8973779;3,844064225;3,946673641;14,99998732;Quarterly;01/01/80
Manufacturing;ZWE;Zimbabwe;USD million;1981-Q2;13,37434446;3,250767749;3,358199909;13,48177662;Quarterly;01/01/80
Manufacturing;ZWE;Zimbabwe;USD million;1981-Q3;11,50178893;2,846223999;2,147237048;10,80280197;Quarterly;01/01/80
Manufacturing;ZWE;Zimbabwe;USD million;1981-Q4;11,02869044;3,607025696;2,692307112;10,11397186;Quarterly;01/01/80
Manufacturing;ZWE;Zimbabwe;USD million;1982-Q1;14,81963032;3,207607002;3,313258637;14,92528196;Quarterly;01/01/80
Manufacturing;ZWE;Zimbabwe;USD million;1982-Q2;19,05263016;4,595558772;3,177034609;17,63410599;Quarterly;01/01/80
Manufacturing;ZWE;Zimbabwe;USD million;1982-Q3;13,9000081;4,192731231;3,830628344;13,53790521;Quarterly;01/01/80
Manufacturing;ZWE;Zimbabwe;USD million;1982-Q4;24,6027263;4,197165301;5,020430937;25,42599193;Quarterly;01/01/80
Manufacturing;ZWE;Zimbabwe;USD million;1983-Q1;32,22311294;9,186842024;8,933768764;31,97003968;Quarterly;01/01/80
Manufacturing;ZWE;Zimbabwe;USD million;1983-Q2;11,37179904;1,680205527;2,422347557;12,11394107;Quarterly;01/01/80
Manufacturing;ZWE;Zimbabwe;USD million;1983-Q3;18,81075768;4,89323373;3,721463616;17,63898756;Quarterly;01/01/80
Manufacturing;ZWE;Zimbabwe;USD million;1983-Q4;15,55861973;1,90199187;2,160315348;15,81694321;Quarterly;01/01/80
Manufacturing;ZWE;Zimbabwe;USD million;1984-Q1;19,05240566;4,879244119;4,769623147;18,94278469;Quarterly;01/01/80
Manufacturing;ZWE;Zimbabwe;USD million;1984-Q2;19,62846541;3,045518213;4,196683094;20,77963029;Quarterly;01/01/80
Manufacturing;ZWE;Zimbabwe;USD million;1984-Q3;21,62216685;5,372998461;5,018412494;21,26758089;Quarterly;01/01/80
Manufacturing;ZWE;Zimbabwe;USD million;1984-Q4;22,49157639;3,646503253;5,287886552;24,13295969;Quarterly;01/01/80
Manufacturing;ZWE;Zimbabwe;USD million;1985-Q1;14,33753592;2,179118885;3,519812476;15,67822951;Quarterly;01/01/80
Manufacturing;ZWE;Zimbabwe;USD million;1985-Q2;21,44993958;4,004586084;3,156904334;20,60225783;Quarterly;01/01/80
Manufacturing;ZWE;Zimbabwe;USD million;1985-Q3;13,41534383;2,797122645;2,653418861;13,27164004;Quarterly;01/01/80
Manufacturing;ZWE;Zimbabwe;USD million;1985-Q4;14,26424769;3,921449041;3,210063737;13,55286239;Quarterly;01/01/80
Manufacturing;ZWE;Zimbabwe;USD million;1986-Q1;14,52043954;4,062716107;3,167540768;13,6252642;Quarterly;01/01/80
Manufacturing;ZWE;Zimbabwe;USD million;1986-Q2;16,49757809;4,519910786;2,676564518;14,65423182;Quarterly;01/01/80
Manufacturing;ZWE;Zimbabwe;USD million;1986-Q3;19,86505105;3,756999677;3,569264978;19,67731635;Quarterly;01/01/80
Manufacturing;ZWE;Zimbabwe;USD million;1986-Q4;17,37151839;3,34421598;3,150233236;17,17753565;Quarterly;01/01/80
Manufacturing;ZWE;Zimbabwe;USD million;1987-Q1;18,33668564;3,571778876;2,81236132;17,57726808;Quarterly;01/01/80
Manufacturing;ZWE;Zimbabwe;USD million;1987-Q2;13,61180348;3,882215862;2,898637495;12,62822511;Quarterly;01/01/80
Manufacturing;ZWE;Zimbabwe;USD million;1987-Q3;18,06209303;5,934577852;4,521378149;16,64889333;Quarterly;01/01/80
Manufacturing;ZWE;Zimbabwe;USD million;1987-Q4;18,155397;3,88138955;4,746439805;19,02044726;Quarterly;01/01/80
Manufacturing;ZWE;Zimbabwe;USD million;1988-Q1;18,38123719;2,751232512;4,643528548;20,27353323;Quarterly;01/01/80
Manufacturing;ZWE;Zimbabwe;USD million;1988-Q2;14,47981034;2,766320911;1,611003146;13,32449257;Quarterly;01/01/80
Manufacturing;ZWE;Zimbabwe;USD million;1988-Q3;12,83366119;2,906233425;2,831041344;12,7584691;Quarterly;01/01/80
Manufacturing;ZWE;Zimbabwe;USD million;1988-Q4;18,43776542;3,134983507;2,630353752;17,93313567;Quarterly;01/01/80
Manufacturing;ZWE;Zimbabwe;USD million;1989-Q1;18,9048371;3,934635585;4,582740805;19,55294232;Quarterly;01/01/80
Manufacturing;ZWE;Zimbabwe;USD million;1989-Q2;12,17469503;4,210696023;2,671513406;10,63551241;Quarterly;01/01/80
Manufacturing;ZWE;Zimbabwe;USD million;1989-Q3;15,96984551;3,057842409;2,563704638;15,47570774;Quarterly;01/01/80
Manufacturing;ZWE;Zimbabwe;USD million;1989-Q4;14,16242797;3,872962321;2,379796176;12,66926183;Quarterly;01/01/80
Manufacturing;ZWE;Zimbabwe;USD million;1990-Q1;9,117129096;1,468075825;1,875595835;9,524649106;Quarterly;01/01/80
Manufacturing;ZWE;Zimbabwe;USD million;1990-Q2;12,58281114;2,611000505;2,542872256;12,51468289;Quarterly;01/01/80
Manufacturing;ZWE;Zimbabwe;USD million;1990-Q3;25,06579941;3,951484017;5,829697628;26,94401302;Quarterly;01/01/80
Manufacturing;ZWE;Zimbabwe;USD million;1990-Q4;16,72329915;3,206371358;2,514251821;16,03117962;Quarterly;01/01/80
Manufacturing;ZWE;Zimbabwe;USD million;1991-Q1;19,25544821;3,321952857;3,680018895;19,61351425;Quarterly;01/01/80
Manufacturing;ZWE;Zimbabwe;USD million;1991-Q2;4,907583572;0,727629106;1,431722986;5,611677452;Quarterly;01/01/80
Manufacturing;ZWE;Zimbabwe;USD million;1991-Q3;17,94589838;3,403486209;2,815378363;17,35779053;Quarterly;01/01/80
Manufacturing;ZWE;Zimbabwe;USD million;1991-Q4;19,64408075;4,857559956;3,40065427;18,18717507;Quarterly;01/01/80
Manufacturing;ZWE;Zimbabwe;USD million;1992-Q1;17,57994629;6,135728659;2,768509229;14,21272686;Quarterly;01/01/80
Manufacturing;ZWE;Zimbabwe;USD million;1992-Q2;15,48968643;4,172746958;3,714579464;15,03151894;Quarterly;01/01/80
Manufacturing;ZWE;Zimbabwe;USD million;1992-Q3;20,25558693;3,699868665;5,29999661;21,85571488;Quarterly;01/01/80
Manufacturing;ZWE;Zimbabwe;USD million;1992-Q4;14,43699578;2,220880928;2,171405764;14,38752061;Quarterly;01/01/80
Manufacturing;ZWE;Zimbabwe;USD million;1993-Q1;24,82881979;9,246611843;3,398209935;18,98041788;Quarterly;01/01/80
Manufacturing;ZWE;Zimbabwe;USD million;1993-Q2;8,377752839;2,231108766;2,25821966;8,404863733;Quarterly;01/01/80
Manufacturing;ZWE;Zimbabwe;USD million;1993-Q3;15,1575787;3,079667045;3,583228731;15,66114039;Quarterly;01/01/80
Manufacturing;ZWE;Zimbabwe;USD million;1993-Q4;14,25877728;1,998033636;2,411560683;14,67230432;Quarterly;01/01/80
Manufacturing;ZWE;Zimbabwe;USD million;1994-Q1;20,47049959;7,207262601;3,963449193;17,22668618;Quarterly;01/01/80
Manufacturing;ZWE;Zimbabwe;USD million;1994-Q2;13,89879862;3,40329674;1,753810081;12,24931196;Quarterly;01/01/80
Manufacturing;ZWE;Zimbabwe;USD million;1994-Q3;17,2320316;4,092192257;3,113059217;16,25289856;Quarterly;01/01/80
Manufacturing;ZWE;Zimbabwe;USD million;1994-Q4;8,060489098;1,711240911;1,572785787;7,922033974;Quarterly;01/01/80
Manufacturing;ZWE;Zimbabwe;USD million;1995-Q1;17,65318023;2,01131491;3,000156883;18,6420222;Quarterly;01/01/80
Manufacturing;ZWE;Zimbabwe;USD million;1995-Q2;23,51214023;5,871729053;4,772872236;22,41328342;Quarterly;01/01/80
Manufacturing;ZWE;Zimbabwe;USD million;1995-Q3;14,92622636;1,378249098;1,86623799;15,41421525;Quarterly;01/01/80
Manufacturing;ZWE;Zimbabwe;USD million;1995-Q4;16,18913868;2,404347209;2,021520741;15,80631221;Quarterly;01/01/80
Manufacturing;ZWE;Zimbabwe;USD million;1996-Q1;13,21020935;3,84777757;2,232254425;11,59468621;Quarterly;01/01/80
Manufacturing;ZWE;Zimbabwe;USD million;1996-Q2;17,09667786;4,523427195;3,488937055;16,06218772;Quarterly;01/01/80
Manufacturing;ZWE;Zimbabwe;USD million;1996-Q3;16,45935776;5,272191711;3,922988738;15,11015478;Quarterly;01/01/80
Manufacturing;ZWE;Zimbabwe;USD million;1996-Q4;16,7230524;4,916379996;3,61113624;15,41780864;Quarterly;01/01/80
Manufacturing;ZWE;Zimbabwe;USD million;1997-Q1;7,724514998;1,728377019;1,748095966;7,744233945;Quarterly;01/01/80
Manufacturing;ZWE;Zimbabwe;USD million;1997-Q2;7,326589789;1,345109718;0,965345849;6,946825919;Quarterly;01/01/80
Manufacturing;ZWE;Zimbabwe;USD million;1997-Q3;17,80337054;2,48159116;2,967193211;18,28897259;Quarterly;01/01/80
Manufacturing;ZWE;Zimbabwe;USD million;1997-Q4;11,1895355;2,819989878;2,427430729;10,79697635;Quarterly;01/01/80
Manufacturing;ZWE;Zimbabwe;USD million;1998-Q1;21,57461748;3,966637545;1,667072243;19,27505218;Quarterly;01/01/80
Manufacturing;ZWE;Zimbabwe;USD million;1998-Q2;14,01632385;3,866631692;2,125317134;12,2750093;Quarterly;01/01/80
Manufacturing;ZWE;Zimbabwe;USD million;1998-Q3;18,68559121;2,013546153;4,98511093;21,65715598;Quarterly;01/01/80
Manufacturing;ZWE;Zimbabwe;USD million;1998-Q4;20,88610924;5,430099745;3,174106451;18,63011594;Quarterly;01/01/80
Manufacturing;ZWE;Zimbabwe;USD million;1999-Q1;17,45700599;2,647510441;4,183633544;18,99312909;Quarterly;01/01/80
Manufacturing;ZWE;Zimbabwe;USD million;1999-Q2;17,81859736;3,034103911;2,638354083;17,42284753;Quarterly;01/01/80
Manufacturing;ZWE;Zimbabwe;USD million;1999-Q3;15,92595903;3,976887596;2,318700835;14,26777227;Quarterly;01/01/80
Manufacturing;ZWE;Zimbabwe;USD million;1999-Q4;4,194440982;1,175712005;0,672748624;3,6914776;Quarterly;01/01/80
Manufacturing;ZWE;Zimbabwe;USD million;2000-Q1;13,60307475;3,136317755;2,751285021;13,21804201;Quarterly;01/01/80
Manufacturing;ZWE;Zimbabwe;USD million;2000-Q2;14,2085702;2,221759856;1,639887407;13,62669775;Quarterly;01/01/80
Manufacturing;ZWE;Zimbabwe;USD million;2000-Q3;17,24958027;4,12406579;3,961619519;17,087134;Quarterly;01/01/80
Manufacturing;ZWE;Zimbabwe;USD million;2000-Q4;17,0653228;4,588090296;2,757080556;15,23431306;Quarterly;01/01/80
Manufacturing;ZWE;Zimbabwe;USD million;2001-Q1;17,24449602;3,743221023;4,847255435;18,34853043;Quarterly;01/01/80
Manufacturing;ZWE;Zimbabwe;USD million;2001-Q2;9,365648269;2,848444536;1,777516898;8,294720632;Quarterly;01/01/80
Manufacturing;ZWE;Zimbabwe;USD million;2001-Q3;17,9960066;6,563363079;2,617996754;14,05064028;Quarterly;01/01/80
Manufacturing;ZWE;Zimbabwe;USD million;2001-Q4;18,61884127;4,48140751;3,007716228;17,14514999;Quarterly;01/01/80
Manufacturing;ZWE;Zimbabwe;USD million;2002-Q1;20,69186423;4,514388577;3,464209345;19,641685;Quarterly;01/01/80
Manufacturing;ZWE;Zimbabwe;USD million;2002-Q2;8,443111823;1,939141567;1,2809718;7,784942056;Quarterly;01/01/80
Manufacturing;ZWE;Zimbabwe;USD million;2002-Q3;20,10741472;5,881124667;1,929192217;16,15548227;Quarterly;01/01/80
Manufacturing;ZWE;Zimbabwe;USD million;2002-Q4;24,55302664;3,008413677;4,272551131;25,81716409;Quarterly;01/01/80
Manufacturing;ZWE;Zimbabwe;USD million;2003-Q1;14,32386051;2,981474418;3,45217203;14,79455812;Quarterly;01/01/80
Manufacturing;ZWE;Zimbabwe;USD million;2003-Q2;21,6636565;6,182538581;3,294685075;18,77580299;Quarterly;01/01/80
Manufacturing;ZWE;Zimbabwe;USD million;2003-Q3;16,95328543;4,501871043;3,019575596;15,47098998;Quarterly;01/01/80
Manufacturing;ZWE;Zimbabwe;USD million;2003-Q4;15,86026898;3,407039063;4,006827414;16,46005733;Quarterly;01/01/80
Manufacturing;ZWE;Zimbabwe;USD million;2004-Q1;12,63286172;3,812263507;2,477953237;11,29855145;Quarterly;01/01/80
Manufacturing;ZWE;Zimbabwe;USD million;2004-Q2;14,46807305;3,892279222;1,531234929;12,10702876;Quarterly;01/01/80
Manufacturing;ZWE;Zimbabwe;USD million;2004-Q3;20,750529;4,426770194;5,096659888;21,4204187;Quarterly;01/01/80
Manufacturing;ZWE;Zimbabwe;USD million;2004-Q4;15,07951796;3,384576247;3,333138698;15,02808041;Quarterly;01/01/80
Manufacturing;ZWE;Zimbabwe;USD million;2005-Q1;17,95835404;2,881953199;3,938458779;19,01485962;Quarterly;01/01/80
Manufacturing;ZWE;Zimbabwe;USD million;2005-Q2;18,26924647;3,534006522;2,418939996;17,15417994;Quarterly;01/01/80
Manufacturing;ZWE;Zimbabwe;USD million;2005-Q3;11,33099389;1,83843983;2,690312692;12,18286675;Quarterly;01/01/80
Manufacturing;ZWE;Zimbabwe;USD million;2005-Q4;21,74483401;4,183293365;4,899008428;22,46054907;Quarterly;01/01/80
Manufacturing;ZWE;Zimbabwe;USD million;2006-Q1;10,6371401;3,046360059;2,830249823;10,42102987;Quarterly;01/01/80
Manufacturing;ZWE;Zimbabwe;USD million;2006-Q2;10,58029783;2,914757532;1,033586951;8,699127249;Quarterly;01/01/80
Manufacturing;ZWE;Zimbabwe;USD million;2006-Q3;19,4484179;3,949983487;3,687050295;19,1854847;Quarterly;01/01/80
Manufacturing;ZWE;Zimbabwe;USD million;2006-Q4;17,92124402;3,209609601;1,928772462;16,64040688;Quarterly;01/01/80
Manufacturing;ZWE;Zimbabwe;USD million;2007-Q1;11,76357921;3,846118023;2,126046608;10,04350779;Quarterly;01/01/80
Manufacturing;ZWE;Zimbabwe;USD million;2007-Q2;19,79486536;7,521923832;5,343119796;17,61606132;Quarterly;01/01/80
Manufacturing;ZWE;Zimbabwe;USD million;2007-Q3;14,54900021;2,045176615;2,244297785;14,74812138;Quarterly;01/01/80
Manufacturing;ZWE;Zimbabwe;USD million;2007-Q4;16,58275305;5,001871238;2,605981314;14,18686312;Quarterly;01/01/80
Manufacturing;ZWE;Zimbabwe;USD million;2008-Q1;19,62666982;5,249387769;5,627201514;20,00448356;Quarterly;01/01/80
Manufacturing;ZWE;Zimbabwe;USD million;2008-Q2;16,69084006;3,308966949;2,913101763;16,29497487;Quarterly;01/01/80
Manufacturing;ZWE;Zimbabwe;USD million;2008-Q3;21,82285196;7,63507183;5,736273322;19,92405345;Quarterly;01/01/80
Manufacturing;ZWE;Zimbabwe;USD million;2008-Q4;13,67343988;4,151439069;4,160903723;13,68290453;Quarterly;01/01/80
Manufacturing;ZWE;Zimbabwe;USD million;2009-Q1;15,13294255;3,702226798;4,236378647;15,6670944;Quarterly;01/01/80
Manufacturing;ZWE;Zimbabwe;USD million;2009-Q2;20,7164263;5,588677718;2,24057229;17,36832087;Quarterly;01/01/80
Manufacturing;ZWE;Zimbabwe;USD million;2009-Q3;14,02212707;4,06236612;2,048288068;12,00804902;Quarterly;01/01/80
Manufacturing;ZWE;Zimbabwe;USD million;2009-Q4;18,94635746;2,85514768;2,915776841;19,00698662;Quarterly;01/01/80
Manufacturing;ZWE;Zimbabwe;USD million;2010-Q1;22,29941937;4,305405036;4,919852683;22,91386701;Quarterly;01/01/80
Manufacturing;ZWE;Zimbabwe;USD million;2010-Q2;16,03902055;1,893003568;3,162108768;17,30812575;Quarterly;01/01/80
Manufacturing;ZWE;Zimbabwe;USD million;2010-Q3;20,840823;6,347759512;4,865327392;19,35839088;Quarterly;01/01/80
Manufacturing;ZWE;Zimbabwe;USD million;2010-Q4;22,63000495;6,075078966;4,547558188;21,10248417;Quarterly;01/01/80
Manufacturing;ZWE;Zimbabwe;USD million;2011-Q1;17,30874334;2,707233294;3,993262781;18,59477283;Quarterly;01/01/80
Manufacturing;ZWE;Zimbabwe;USD million;2011-Q2;21,63722823;5,786462522;4,327252802;20,17801851;Quarterly;01/01/80
Manufacturing;ZWE;Zimbabwe;USD million;2011-Q3;18,57859737;2,916456397;3,185506591;18,84764756;Quarterly;01/01/80
Manufacturing;ZWE;Zimbabwe;USD million;2011-Q4;11,19659512;2,992157866;2,610016254;10,8144535;Quarterly;01/01/80
Manufacturing;ZWE;Zimbabwe;USD million;2012-Q1;9,207747041;1,602248272;2,376492566;9,981991336;Quarterly;01/01/80
Manufacturing;ZWE;Zimbabwe;USD million;2012-Q2;14,78243068;4,360170059;3,131574141;13,55383476;Quarterly;01/01/80
Manufacturing;ZWE;Zimbabwe;USD million;2012-Q3;18,87518528;6,232135419;3,762051842;16,40510171;Quarterly;01/01/80
Manufacturing;ZWE;Zimbabwe;USD million;2012-Q4;20,53775143;5,751125987;3,250274696;18,03690014;Quarterly;01/01/80
Manufacturing;ZWE;Zimbabwe;USD million;2013-Q1;10,89995822;3,583714539;2,716048873;10,03229256;Quarterly;01/01/80
Manufacturing;ZWE;Zimbabwe;USD million;2013-Q2;13,79332932;3,259154402;2,511920766;13,04609569;Quarterly;01/01/80
Manufacturing;ZWE;Zimbabwe;USD million;2013-Q3;9,946026931;1,899032155;1,655413107;9,702407883;Quarterly;01/01/80
Manufacturing;ZWE;Zimbabwe;USD million;2013-Q4;16,09684445;2,305341098;4,493353603;18,28485696;Quarterly;01/01/80
Manufacturing;ZWE;Zimbabwe;USD million;2014-Q1;13,37866567;2,376796088;3,290795835;14,29266542;Quarterly;01/01/80
Manufacturing;ZWE;Zimbabwe;USD million;2014-Q2;15,05835032;4,641441539;3,002715864;13,41962464;Quarterly;01/01/80
Manufacturing;ZWE;Zimbabwe;USD million;2014-Q3;15,5104011;4,95533511;3,659554896;14,21462088;Quarterly;01/01/80
Manufacturing;ZWE;Zimbabwe;USD million;2014-Q4;15,09061377;3,964424663;3,406972237;14,53316134;Quarterly;01/01/80
Manufacturing;ZWE;Zimbabwe;USD million;2015-Q1;19,631255;2,109588503;1,817194624;19,33886113;Quarterly;01/01/80
Manufacturing;ZWE;Zimbabwe;USD million;2015-Q2;9,373440779;1,697311429;2,818683164;10,49481251;Quarterly;01/01/80
Manufacturing;ZWE;Zimbabwe;USD million;2015-Q3;16,46599249;3,736282513;4,343880194;17,07359017;Quarterly;01/01/80
Manufacturing;ZWE;Zimbabwe;USD million;2015-Q4;18,22347685;3,866089783;4,66872429;19,02611136;Quarterly;01/01/80
Manufacturing;ZWE;Zimbabwe;USD million;2016-Q1;21,24428008;3,974103439;3,137392623;20,40756927;Quarterly;01/01/80
Manufacturing;ZWE;Zimbabwe;USD million;2016-Q2;14,56662773;4,176078865;4,332404805;14,72295367;Quarterly;01/01/80
Manufacturing;ZWE;Zimbabwe;USD million;2016-Q3;14,35408978;2,94381184;3,312159916;14,72243785;Quarterly;01/01/80
Manufacturing;ZWE;Zimbabwe;USD million;2016-Q4;18,45518702;3,505358413;2,381209587;17,33103819;Quarterly;01/01/80
Manufacturing;ZWE;Zimbabwe;USD million;2017-Q1;16,81627692;3,247398178;1,559226015;15,12810475;Quarterly;01/01/80
Manufacturing;ZWE;Zimbabwe;USD million;2017-Q2;11,11568726;3,025139879;2,590361339;10,68090872;Quarterly;01/01/80
Manufacturing;ZWE;Zimbabwe;USD million;2017-Q3;16,94427053;3,410780782;4,194263822;17,72775357;Quarterly;01/01/80
Manufacturing;ZWE;Zimbabwe;USD million;2017-Q4;14,49069845;2,104548178;3,243331488;15,62948176;Quarterly;01/01/80
Manufacturing;ZWE;Zimbabwe;USD million;2018-Q1;19,58172498;2,78489716;2,831122717;19,62795054;Quarterly;01/01/80
Manufacturing;ZWE;Zimbabwe;USD million;2018-Q2;13,51273849;3,794194147;2,566679719;12,28522407;Quarterly;01/01/80
Manufacturing;ZWE;Zimbabwe;USD million;2018-Q3;15,51376404;4,927326108;2,891159945;13,47759788;Quarterly;01/01/80
Manufacturing;ZWE;Zimbabwe;USD million;2018-Q4;7,924401839;2,240201514;1,769755786;7,453956111;Quarterly;01/01/80
Manufacturing;ZWE;Zimbabwe;USD million;2019-Q1;14,89209852;3,757270203;3,483856751;14,61868506;Quarterly;01/01/80
Manufacturing;ZWE;Zimbabwe;USD million;2019-Q2;8,967597665;0,812576066;1,874792628;10,02981423;Quarterly;01/01/80
Manufacturing;ZWE;Zimbabwe;USD million;2019-Q3;19,83092138;5,236727008;5,444472889;20,03866726;Quarterly;01/01/80
Manufacturing;ZWE;Zimbabwe;USD million;2019-Q4;11,02163234;1,02964426;2,546592862;12,53858094;Quarterly;01/01/80
Manufacturing;ZWE;Zimbabwe;USD million;2020-Q1;10,51574746;2,74084792;2,448009818;10,22290936;Quarterly;01/01/80
Manufacturing;ZWE;Zimbabwe;USD million;2020-Q2;16,8344501;4,453376468;2,055662779;14,43673641;Quarterly;01/01/80
Manufacturing;ZWE;Zimbabwe;USD million;2020-Q3;15,52029456;3,384908601;3,4422512;15,57763716;Quarterly;01/01/80
Manufacturing;ZWE;Zimbabwe;USD million;2020-Q4;16,5216905;4,012320008;2,978128437;15,48749893;Quarterly;01/01/80
Manufacturing;ZWE;Zimbabwe;USD million;2021-Q1;13,49592458;2,788413502;3,529047835;14,23655891;Quarterly;01/01/80
Manufacturing;ZWE;Zimbabwe;USD million;2021-Q2;16,193607;2,449813435;3,626437782;17,37023134;Quarterly;01/01/80
Manufacturing;ZWE;Zimbabwe;USD million;2021-Q3;17,01002794;2,835228176;4,71813235;18,89293212;Quarterly;01/01/80
Manufacturing;ZWE;Zimbabwe;USD million;2021-Q4;12,18310193;1,723782443;2,648375795;13,10769528;Quarterly;01/01/80
Manufacturing;ZWE;Zimbabwe;USD million;2022-Q1;21,05453714;3,70833731;2,062417389;19,40861722;Quarterly;01/01/80
Manufacturing;ZWE;Zimbabwe;USD million;2022-Q2;19,60614346;3,449447058;4,697743836;20,85444024;Quarterly;01/01/80
Manufacturing;ZWE;Zimbabwe;USD million;2022-Q3;14,48970401;2,072608359;3,808512363;16,22560801;Quarterly;01/01/80
Manufacturing;ZWE;Zimbabwe;USD million;2022-Q4;6,057875864;1,468062357;2,000376698;6,590190206;Quarterly;01/01/80
Manufacturing;ZWE;Zimbabwe;USD million;2023-Q1;10,95926324;2,485125033;1,686508019;10,16064622;Quarterly;01/01/80
Manufacturing;ZWE;Zimbabwe;USD million;2023-Q2;26,43299417;6,520741611;5,62192384;25,5341764;Quarterly;01/01/80
Manufacturing;ZWE;Zimbabwe;USD million;2023-Q3;13,6128179;4,452139124;3,480493488;12,64117227;Quarterly;01/01/80
Manufacturing;ZWE;Zimbabwe;USD million;2023-Q4;12,31378575;2,954429186;3,333063693;12,69242025;Quarterly;01/01/80
Manufacturing;ZWE;Zimbabwe;USD million;2024-Q1;12,57592018;2,178537763;2,534189892;12,93157231;Quarterly;01/01/80
Manufacturing;ZWE;Zimbabwe;USD million;2024-Q2;12,68592259;3,452371046;1,169473903;10,40302544;Quarterly;01/01/80
Manufacturing;ZWE;Zimbabwe;USD million;2024-Q3;7,714949045;2,212026221;1,584350708;7,087273532;Quarterly;01/01/80
Manufacturing;ZWE;Zimbabwe;USD million;2024-Q4;25,3533002;5,617268443;2,3000704;22,03610216;Quarterly;01/01/80
Manufacturing;ZWE;Zimbabwe;USD million;2025-Q1;29,6591944;6,423637186;7,325912693;30,56146991;Quarterly;01/01/80
Manufacturing;ZWE;Zimbabwe;USD million;2025-Q2;17,03864363;3,51045266;3,859229869;17,38742084;Quarterly;01/01/80
Manufacturing;ZWE;Zimbabwe;USD million;2025-Q3;9,572284127;2,364359454;1,429496173;8,637420847;Quarterly;01/01/80
Manufacturing;ZWE;Zimbabwe;USD million;2025-Q4;8,956229809;1,806675805;1,540736057;8,690290061;Quarterly;01/01/80
Manufacturing;ZWE;Zimbabwe;USD million;2026-Q1;16,26653329;3,608579372;3,298389693;15,95634361;Quarterly;01/01/80
Manufacturing;ZWE;Zimbabwe;USD million;2026-Q2;11,3623076;1,320451006;2,395489563;12,43734616;Quarterly;01/01/80
Manufacturing;ZWE;Zimbabwe;USD million;2026-Q3;20,26694959;6,454610056;4,147304875;17,95964441;Quarterly;01/01/80
Mining;ZWE;Zimbabwe;USD million;1980-Q1;15,47625944;3,971861659;2,622553881;14,12695166;Quarterly;01/01/80
Mining;ZWE;Zimbabwe;USD million;1980-Q2;17,05780103;2,106716375;4,041898706;18,99298336;Quarterly;01/01/80
Mining;ZWE;Zimbabwe;USD million;1980-Q3;7,808278778;1,749077863;1,733886329;7,793087244;Quarterly;01/01/80
Mining;ZWE;Zimbabwe;USD million;1980-Q4;15,89811002;2,460538891;3,748347523;17,18591865;Quarterly;01/01/80
Mining;ZWE;Zimbabwe;USD million;1981-Q1;17,08575613;3,000839012;2,559823768;16,64474088;Quarterly;01/01/80
Mining;ZWE;Zimbabwe;USD million;1981-Q2;11,87758692;2,491205575;3,106245176;12,49262652;Quarterly;01/01/80
Mining;ZWE;Zimbabwe;USD million;1981-Q3;14,03900378;2,218524847;1,873754671;13,6942336;Quarterly;01/01/80
Mining;ZWE;Zimbabwe;USD million;1981-Q4;20,73169744;4,117871312;3,848496367;20,4623225;Quarterly;01/01/80
Mining;ZWE;Zimbabwe;USD million;1982-Q1;14,9890692;4,414580936;2,750456724;13,32494499;Quarterly;01/01/80
Mining;ZWE;Zimbabwe;USD million;1982-Q2;12,76951183;1,805445718;2,60260932;13,56667543;Quarterly;01/01/80
Mining;ZWE;Zimbabwe;USD million;1982-Q3;10,36762303;1,157193041;2,268650004;11,47907999;Quarterly;01/01/80
Mining;ZWE;Zimbabwe;USD million;1982-Q4;16,57883426;4,61879505;2,675527442;14,63556665;Quarterly;01/01/80
Mining;ZWE;Zimbabwe;USD million;1983-Q1;27,00922264;4,134251196;4,375824884;27,25079633;Quarterly;01/01/80
Mining;ZWE;Zimbabwe;USD million;1983-Q2;9,358826877;1,94485084;2,182059878;9,596035915;Quarterly;01/01/80
Mining;ZWE;Zimbabwe;USD million;1983-Q3;13,20504838;3,393822825;1,826786499;11,63801205;Quarterly;01/01/80
Mining;ZWE;Zimbabwe;USD million;1983-Q4;6,802286597;1,476614002;0,833545385;6,159217979;Quarterly;01/01/80
Mining;ZWE;Zimbabwe;USD million;1984-Q1;17,38577702;5,317640915;3,117006925;15,18514303;Quarterly;01/01/80
Mining;ZWE;Zimbabwe;USD million;1984-Q2;18,06454695;3,05969568;4,01724639;19,02209766;Quarterly;01/01/80
Mining;ZWE;Zimbabwe;USD million;1984-Q3;17,60905806;3,367464339;3,467611026;17,70920474;Quarterly;01/01/80
Mining;ZWE;Zimbabwe;USD million;1984-Q4;16,17173501;4,004409494;2,299606096;14,46693162;Quarterly;01/01/80
Mining;ZWE;Zimbabwe;USD million;1985-Q1;8,320377792;2,395372032;1,307279585;7,232285345;Quarterly;01/01/80
Mining;ZWE;Zimbabwe;USD million;1985-Q2;16,06995514;4,294709906;2,290848296;14,06609353;Quarterly;01/01/80
Mining;ZWE;Zimbabwe;USD million;1985-Q3;19,07814274;2,625556456;3,800505495;20,25309178;Quarterly;01/01/80
Mining;ZWE;Zimbabwe;USD million;1985-Q4;27,45872957;7,921101321;6,647890142;26,18551839;Quarterly;01/01/80
Mining;ZWE;Zimbabwe;USD million;1986-Q1;23,18815509;4,345762667;4,443106888;23,28549931;Quarterly;01/01/80
Mining;ZWE;Zimbabwe;USD million;1986-Q2;16,53987898;3,917410279;3,800204038;16,42267273;Quarterly;01/01/80
Mining;ZWE;Zimbabwe;USD million;1986-Q3;11,16750269;3,567860348;1,770964273;9,370606615;Quarterly;01/01/80
Mining;ZWE;Zimbabwe;USD million;1986-Q4;9,821250959;2,777667329;2,345242713;9,388826343;Quarterly;01/01/80
Mining;ZWE;Zimbabwe;USD million;1987-Q1;13,43519364;3,39989511;3,026470079;13,0617686;Quarterly;01/01/80
Mining;ZWE;Zimbabwe;USD million;1987-Q2;18,1994396;4,942325901;3,521608183;16,77872188;Quarterly;01/01/80
Mining;ZWE;Zimbabwe;USD million;1987-Q3;20,93742616;6,963788031;5,216442036;19,19008016;Quarterly;01/01/80
Mining;ZWE;Zimbabwe;USD million;1987-Q4;17,29667406;4,073717271;3,803189324;17,02614612;Quarterly;01/01/80
Mining;ZWE;Zimbabwe;USD million;1988-Q1;16,29739559;3,309699789;3,806366789;16,79406259;Quarterly;01/01/80
Mining;ZWE;Zimbabwe;USD million;1988-Q2;15,26359163;5,401869117;3,534328025;13,39605054;Quarterly;01/01/80
Mining;ZWE;Zimbabwe;USD million;1988-Q3;11,83579446;1,814592094;2,411508527;12,4327109;Quarterly;01/01/80
Mining;ZWE;Zimbabwe;USD million;1988-Q4;22,00983627;5,108098613;5,682858668;22,58459633;Quarterly;01/01/80
Mining;ZWE;Zimbabwe;USD million;1989-Q1;15,56080983;2,674687503;3,527842448;16,41396477;Quarterly;01/01/80
Mining;ZWE;Zimbabwe;USD million;1989-Q2;13,47772366;2,949100293;1,265833411;11,79445678;Quarterly;01/01/80
Mining;ZWE;Zimbabwe;USD million;1989-Q3;22,36236669;6,715961417;4,040174257;19,68657953;Quarterly;01/01/80
Mining;ZWE;Zimbabwe;USD million;1989-Q4;28,61036323;7,021156849;5,908808316;27,4980147;Quarterly;01/01/80
Mining;ZWE;Zimbabwe;USD million;1990-Q1;16,05038327;3,771752261;3,323458994;15,60209;Quarterly;01/01/80
Mining;ZWE;Zimbabwe;USD million;1990-Q2;28,67270527;7,915301484;4,261125106;25,01852889;Quarterly;01/01/80
Mining;ZWE;Zimbabwe;USD million;1990-Q3;24,21445861;6,258246154;6,433058011;24,38927047;Quarterly;01/01/80
Mining;ZWE;Zimbabwe;USD million;1990-Q4;16,54166946;2,722873129;3,337834129;17,15663046;Quarterly;01/01/80
Mining;ZWE;Zimbabwe;USD million;1991-Q1;21,38929377;6,023446528;2,365056622;17,73090386;Quarterly;01/01/80
Mining;ZWE;Zimbabwe;USD million;1991-Q2;14,32190687;2,751747749;4,532609612;16,10276874;Quarterly;01/01/80
Mining;ZWE;Zimbabwe;USD million;1991-Q3;18,72773784;4,146415669;3,9345637;18,51588587;Quarterly;01/01/80
Mining;ZWE;Zimbabwe;USD million;1991-Q4;12,83631228;2,107680594;2,188904749;12,91753643;Quarterly;01/01/80
Mining;ZWE;Zimbabwe;USD million;1992-Q1;18,08854071;3,123106168;2,615109198;17,58054374;Quarterly;01/01/80
Mining;ZWE;Zimbabwe;USD million;1992-Q2;23,70643401;6,041508216;5,831736223;23,49666202;Quarterly;01/01/80
Mining;ZWE;Zimbabwe;USD million;1992-Q3;6,686983733;1,636582756;1,74503384;6,795434818;Quarterly;01/01/80
Mining;ZWE;Zimbabwe;USD million;1992-Q4;12,62710039;2,127859178;2,193249215;12,69249042;Quarterly;01/01/80
Mining;ZWE;Zimbabwe;USD million;1993-Q1;11,61366106;2,854373885;2,321875145;11,08116233;Quarterly;01/01/80
Mining;ZWE;Zimbabwe;USD million;1993-Q2;8,296554036;0,979572189;1,012053099;8,329034946;Quarterly;01/01/80
Mining;ZWE;Zimbabwe;USD million;1993-Q3;19,35082908;3,574227086;5,679604787;21,45620678;Quarterly;01/01/80
Mining;ZWE;Zimbabwe;USD million;1993-Q4;10,93222158;1,367661962;1,758519422;11,32307904;Quarterly;01/01/80
Mining;ZWE;Zimbabwe;USD million;1994-Q1;12,02704307;3,515239327;2,046984548;10,55878829;Quarterly;01/01/80
Mining;ZWE;Zimbabwe;USD million;1994-Q2;16,47229944;5,613402312;1,595710627;12,45460776;Quarterly;01/01/80
Mining;ZWE;Zimbabwe;USD million;1994-Q3;11,79481821;3,592763655;2,078235259;10,28028981;Quarterly;01/01/80
Mining;ZWE;Zimbabwe;USD million;1994-Q4;17,02253091;5,029395579;4,448035887;16,44117122;Quarterly;01/01/80
Mining;ZWE;Zimbabwe;USD million;1995-Q1;19,14910338;4,386478603;4,528502386;19,29112717;Quarterly;01/01/80
Mining;ZWE;Zimbabwe;USD million;1995-Q2;18,24995887;4,814169539;3,563026167;16,9988155;Quarterly;01/01/80
Mining;ZWE;Zimbabwe;USD million;1995-Q3;32,17449312;8,968584395;6,0323893;29,23829803;Quarterly;01/01/80
Mining;ZWE;Zimbabwe;USD million;1995-Q4;32,74600863;5,324473825;7,492079057;34,91361386;Quarterly;01/01/80
Mining;ZWE;Zimbabwe;USD million;1996-Q1;14,53026492;3,471071829;3,947906276;15,00709937;Quarterly;01/01/80
Mining;ZWE;Zimbabwe;USD million;1996-Q2;11,06058526;2,343096461;2,508056855;11,22554565;Quarterly;01/01/80
Mining;ZWE;Zimbabwe;USD million;1996-Q3;14,47348486;1,578800484;2,051909064;14,94659344;Quarterly;01/01/80
Mining;ZWE;Zimbabwe;USD million;1996-Q4;16,26447775;3,778068342;3,647465929;16,13387534;Quarterly;01/01/80
Mining;ZWE;Zimbabwe;USD million;1997-Q1;17,14475911;5,310885828;2,279426601;14,11329988;Quarterly;01/01/80
Mining;ZWE;Zimbabwe;USD million;1997-Q2;20,77595132;4,755243017;2,34245191;18,36316021;Quarterly;01/01/80
Mining;ZWE;Zimbabwe;USD million;1997-Q3;14,49510095;2,801516138;2,178276262;13,87186108;Quarterly;01/01/80
Mining;ZWE;Zimbabwe;USD million;1997-Q4;10,39347649;2,272056241;2,278602518;10,40002277;Quarterly;01/01/80
Mining;ZWE;Zimbabwe;USD million;1998-Q1;18,69861014;1,653546109;5,212376215;22,25744024;Quarterly;01/01/80
Mining;ZWE;Zimbabwe;USD million;1998-Q2;15,62361403;4,232121641;2,306866764;13,69835916;Quarterly;01/01/80
Mining;ZWE;Zimbabwe;USD million;1998-Q3;16,65496791;3,512162894;4,256012596;17,39881761;Quarterly;01/01/80
Mining;ZWE;Zimbabwe;USD million;1998-Q4;17,17834733;2,87288088;3,929667465;18,23513391;Quarterly;01/01/80
Mining;ZWE;Zimbabwe;USD million;1999-Q1;12,11238697;3,785306952;2,517735583;10,8448156;Quarterly;01/01/80
Mining;ZWE;Zimbabwe;USD million;1999-Q2;24,44447523;5,769755368;5,155392149;23,83011201;Quarterly;01/01/80
Mining;ZWE;Zimbabwe;USD million;1999-Q3;15,08446669;0,969481884;3,194082859;17,30906767;Quarterly;01/01/80
Mining;ZWE;Zimbabwe;USD million;1999-Q4;10,46379725;1,114492036;1,239331124;10,58863634;Quarterly;01/01/80
Mining;ZWE;Zimbabwe;USD million;2000-Q1;12,31569329;3,264625171;3,118240498;12,16930861;Quarterly;01/01/80
Mining;ZWE;Zimbabwe;USD million;2000-Q2;20,71568218;4,50964756;5,171606537;21,37764116;Quarterly;01/01/80
Mining;ZWE;Zimbabwe;USD million;2000-Q3;19,69717578;6,297022488;4,19191114;17,59206443;Quarterly;01/01/80
Mining;ZWE;Zimbabwe;USD million;2000-Q4;17,93451632;2,47227825;2,17631387;17,63855194;Quarterly;01/01/80
Mining;ZWE;Zimbabwe;USD million;2001-Q1;16,91803759;3,684111478;2,797196001;16,03112211;Quarterly;01/01/80
Mining;ZWE;Zimbabwe;USD million;2001-Q2;11,89528132;2,613804974;1,978559257;11,26003561;Quarterly;01/01/80
Mining;ZWE;Zimbabwe;USD million;2001-Q3;19,27331196;4,444223543;5,124195396;19,95328381;Quarterly;01/01/80
Mining;ZWE;Zimbabwe;USD million;2001-Q4;13,4418556;3,168218121;3,528293027;13,80193051;Quarterly;01/01/80
Mining;ZWE;Zimbabwe;USD million;2002-Q1;19,59963813;6,008298147;2,740809144;16,33214912;Quarterly;01/01/80
Mining;ZWE;Zimbabwe;USD million;2002-Q2;12,83499693;2,51625255;2,821355625;13,1401;Quarterly;01/01/80
Mining;ZWE;Zimbabwe;USD million;2002-Q3;8,590644098;2,030773607;1,430662917;7,990533408;Quarterly;01/01/80
Mining;ZWE;Zimbabwe;USD million;2002-Q4;16,29911019;4,83752711;2,842802372;14,30438545;Quarterly;01/01/80
Mining;ZWE;Zimbabwe;USD million;2003-Q1;14,59822911;3,82066445;2,237043332;13,01460799;Quarterly;01/01/80
Mining;ZWE;Zimbabwe;USD million;2003-Q2;14,33942635;2,352244179;2,283614943;14,27079711;Quarterly;01/01/80
Mining;ZWE;Zimbabwe;USD million;2003-Q3;21,23175052;5,002996296;3,102706946;19,33146117;Quarterly;01/01/80
Mining;ZWE;Zimbabwe;USD million;2003-Q4;10,23754544;1,408807148;2,365514222;11,19425251;Quarterly;01/01/80
Mining;ZWE;Zimbabwe;USD million;2004-Q1;10,08912781;1,338440572;1,495341507;10,24602874;Quarterly;01/01/80
Mining;ZWE;Zimbabwe;USD million;2004-Q2;9,12875892;1,144701763;1,212500465;9,196557622;Quarterly;01/01/80
Mining;ZWE;Zimbabwe;USD million;2004-Q3;17,04140956;2,323972298;3,17756966;17,89500692;Quarterly;01/01/80
Mining;ZWE;Zimbabwe;USD million;2004-Q4;11,04143113;2,022544895;2,763808505;11,78269474;Quarterly;01/01/80
Mining;ZWE;Zimbabwe;USD million;2005-Q1;13,76740074;3,141170857;2,697123587;13,32335347;Quarterly;01/01/80
Mining;ZWE;Zimbabwe;USD million;2005-Q2;16,74214556;5,87199939;2,431670109;13,30181628;Quarterly;01/01/80
Mining;ZWE;Zimbabwe;USD million;2005-Q3;15,20178462;4,515430648;2,004661416;12,69101539;Quarterly;01/01/80
Mining;ZWE;Zimbabwe;USD million;2005-Q4;6,09341531;1,462000714;1,063060873;5,694475469;Quarterly;01/01/80
Mining;ZWE;Zimbabwe;USD million;2006-Q1;12,42977236;2,575706401;2,33669783;12,19076379;Quarterly;01/01/80
Mining;ZWE;Zimbabwe;USD million;2006-Q2;24,31613769;5,959884901;3,973612823;22,32986562;Quarterly;01/01/80
Mining;ZWE;Zimbabwe;USD million;2006-Q3;15,7241907;3,892383182;2,138586629;13,97039414;Quarterly;01/01/80
Mining;ZWE;Zimbabwe;USD million;2006-Q4;12,45286813;1,300945373;1,959724569;13,11164733;Quarterly;01/01/80
Mining;ZWE;Zimbabwe;USD million;2007-Q1;21,14516964;5,527353295;6,238349094;21,85616544;Quarterly;01/01/80
Mining;ZWE;Zimbabwe;USD million;2007-Q2;13,60100825;2,097154621;2,820326062;14,32417969;Quarterly;01/01/80
Mining;ZWE;Zimbabwe;USD million;2007-Q3;18,90344195;5,621705726;1,30624154;14,58797776;Quarterly;01/01/80
Mining;ZWE;Zimbabwe;USD million;2007-Q4;28,95502308;8,650003341;2,973207071;23,27822681;Quarterly;01/01/80
Mining;ZWE;Zimbabwe;USD million;2008-Q1;21,69965457;4,786681835;5,455865738;22,36883848;Quarterly;01/01/80
Mining;ZWE;Zimbabwe;USD million;2008-Q2;19,44281153;4,966561634;2,763106791;17,23935669;Quarterly;01/01/80
Mining;ZWE;Zimbabwe;USD million;2008-Q3;16,51843009;3,361166454;3,900414026;17,05767767;Quarterly;01/01/80
Mining;ZWE;Zimbabwe;USD million;2008-Q4;15,99195183;4,071125286;3,271791926;15,19261847;Quarterly;01/01/80
Mining;ZWE;Zimbabwe;USD million;2009-Q1;21,87061342;4,611443315;5,077429992;22,3366001;Quarterly;01/01/80
Mining;ZWE;Zimbabwe;USD million;2009-Q2;13,49586995;3,379948382;2,933582921;13,04950449;Quarterly;01/01/80
Mining;ZWE;Zimbabwe;USD million;2009-Q3;12,28890448;2,651119141;3,805541437;13,44332678;Quarterly;01/01/80
Mining;ZWE;Zimbabwe;USD million;2009-Q4;13,95499049;2,616414216;2,561029489;13,89960577;Quarterly;01/01/80
Mining;ZWE;Zimbabwe;USD million;2010-Q1;16,97661578;2,655146457;2,70597142;17,02744074;Quarterly;01/01/80
Mining;ZWE;Zimbabwe;USD million;2010-Q2;14,59541074;4,211197321;1,742106022;12,12631944;Quarterly;01/01/80
Mining;ZWE;Zimbabwe;USD million;2010-Q3;21,05729941;4,652648145;2,497837151;18,90248842;Quarterly;01/01/80
Mining;ZWE;Zimbabwe;USD million;2010-Q4;9,022139099;2,809269374;1,148293274;7,361162999;Quarterly;01/01/80
Mining;ZWE;Zimbabwe;USD million;2011-Q1;15,82720761;4,876230789;4,645595252;15,59657207;Quarterly;01/01/80
Mining;ZWE;Zimbabwe;USD million;2011-Q2;19,1819833;5,003622273;3,732984666;17,9113457;Quarterly;01/01/80
Mining;ZWE;Zimbabwe;USD million;2011-Q3;13,90937222;3,706883284;3,334156021;13,53664496;Quarterly;01/01/80
Mining;ZWE;Zimbabwe;USD million;2011-Q4;24,5516662;4,105537586;4,605461557;25,05159017;Quarterly;01/01/80
Mining;ZWE;Zimbabwe;USD million;2012-Q1;21,32796934;3,737005065;5,629255287;23,22021956;Quarterly;01/01/80
Mining;ZWE;Zimbabwe;USD million;2012-Q2;19,822806;4,176913619;4,965538596;20,61143097;Quarterly;01/01/80
Mining;ZWE;Zimbabwe;USD million;2012-Q3;14,35469632;2,986616867;3,014706255;14,3827857;Quarterly;01/01/80
Mining;ZWE;Zimbabwe;USD million;2012-Q4;13,01538637;3,639134399;1,594201119;10,97045309;Quarterly;01/01/80
Mining;ZWE;Zimbabwe;USD million;2013-Q1;18,31214541;3,212585606;3,164789179;18,26434899;Quarterly;01/01/80
Mining;ZWE;Zimbabwe;USD million;2013-Q2;8,914613087;0,897963118;1,573204763;9,589854732;Quarterly;01/01/80
Mining;ZWE;Zimbabwe;USD million;2013-Q3;14,13766451;1,697785013;2,911413359;15,35129286;Quarterly;01/01/80
Mining;ZWE;Zimbabwe;USD million;2013-Q4;22,59082207;7,176939343;5,509078353;20,92296108;Quarterly;01/01/80
Mining;ZWE;Zimbabwe;USD million;2014-Q1;16,65628239;3,738293129;4,132841345;17,05083061;Quarterly;01/01/80
Mining;ZWE;Zimbabwe;USD million;2014-Q2;11,54164909;3,447309568;2,377272029;10,47161155;Quarterly;01/01/80
Mining;ZWE;Zimbabwe;USD million;2014-Q3;26,29410451;5,50791556;8,067318132;28,85350709;Quarterly;01/01/80
Mining;ZWE;Zimbabwe;USD million;2014-Q4;19,38202507;6,582929196;3,65213552;16,45123139;Quarterly;01/01/80
Mining;ZWE;Zimbabwe;USD million;2015-Q1;20,29790975;5,027780275;4,743546581;20,01367606;Quarterly;01/01/80
Mining;ZWE;Zimbabwe;USD million;2015-Q2;13,38596613;3,662024491;2,447937777;12,17187942;Quarterly;01/01/80
Mining;ZWE;Zimbabwe;USD million;2015-Q3;17,89049803;4,103105315;1,835867271;15,62325999;Quarterly;01/01/80
Mining;ZWE;Zimbabwe;USD million;2015-Q4;21,67022429;4,17410648;3,329826351;20,82594416;Quarterly;01/01/80
Mining;ZWE;Zimbabwe;USD million;2016-Q1;20,39542824;3,864971453;4,37567425;20,90613103;Quarterly;01/01/80
Mining;ZWE;Zimbabwe;USD million;2016-Q2;11,01313091;1,744924823;2,940056139;12,20826223;Quarterly;01/01/80
Mining;ZWE;Zimbabwe;USD million;2016-Q3;10,97709971;1,663654236;2,000635932;11,31408141;Quarterly;01/01/80
Mining;ZWE;Zimbabwe;USD million;2016-Q4;8,257971032;2,828274819;1,972350607;7,40204682;Quarterly;01/01/80
Mining;ZWE;Zimbabwe;USD million;2017-Q1;17,85657007;3,237454;4,481907734;19,1010238;Quarterly;01/01/80
Mining;ZWE;Zimbabwe;USD million;2017-Q2;20,68346211;2,220773356;4,537409039;23,0000978;Quarterly;01/01/80
Mining;ZWE;Zimbabwe;USD million;2017-Q3;18,67571818;3,757449061;2,068056083;16,9863252;Quarterly;01/01/80
Mining;ZWE;Zimbabwe;USD million;2017-Q4;10,55010958;2,170885484;1,872922746;10,25214684;Quarterly;01/01/80
Mining;ZWE;Zimbabwe;USD million;2018-Q1;19,34454416;5,531667182;2,488082555;16,30095953;Quarterly;01/01/80
Mining;ZWE;Zimbabwe;USD million;2018-Q2;12,73063177;2,47809836;2,713396445;12,96592986;Quarterly;01/01/80
Mining;ZWE;Zimbabwe;USD million;2018-Q3;9,34043935;1,425667144;2,598026148;10,51279835;Quarterly;01/01/80
Mining;ZWE;Zimbabwe;USD million;2018-Q4;21,01586888;5,35583488;3,913005297;19,5730393;Quarterly;01/01/80
Mining;ZWE;Zimbabwe;USD million;2019-Q1;20,04109569;5,257711578;3,486601032;18,26998515;Quarterly;01/01/80
Mining;ZWE;Zimbabwe;USD million;2019-Q2;10,34538;3,071330055;1,860735436;9,134785376;Quarterly;01/01/80
Mining;ZWE;Zimbabwe;USD million;2019-Q3;15,41054464;2,090578293;2,389430324;15,70939667;Quarterly;01/01/80
Mining;ZWE;Zimbabwe;USD million;2019-Q4;12,0804756;2,47568616;3,595311133;13,20010057;Quarterly;01/01/80
Mining;ZWE;Zimbabwe;USD million;2020-Q1;14,65564483;2,841616001;2,964136426;14,77816526;Quarterly;01/01/80
Mining;ZWE;Zimbabwe;USD million;2020-Q2;18,42630523;3,83043822;4,94858546;19,54445247;Quarterly;01/01/80
Mining;ZWE;Zimbabwe;USD million;2020-Q3;12,56966913;2,925612259;1,396231555;11,04028842;Quarterly;01/01/80
Mining;ZWE;Zimbabwe;USD million;2020-Q4;16,65663449;2,218440111;3,552165667;17,99036005;Quarterly;01/01/80
Mining;ZWE;Zimbabwe;USD million;2021-Q1;18,80565284;4,402966256;1,977926897;16,38061348;Quarterly;01/01/80
Mining;ZWE;Zimbabwe;USD million;2021-Q2;16,62985868;4,217998511;2,599415927;15,0112761;Quarterly;01/01/80
Mining;ZWE;Zimbabwe;USD million;2021-Q3;17,20371777;3,336817571;3,597485162;17,46438536;Quarterly;01/01/80
Mining;ZWE;Zimbabwe;USD million;2021-Q4;14,33923785;2,169393194;1,238183013;13,40802767;Quarterly;01/01/80
Mining;ZWE;Zimbabwe;USD million;2022-Q1;12,38071046;2,999360501;2,952345643;12,3336956;Quarterly;01/01/80
Mining;ZWE;Zimbabwe;USD million;2022-Q2;13,47206263;4,090619048;3,233648049;12,61509163;Quarterly;01/01/80
Mining;ZWE;Zimbabwe;USD million;2022-Q3;17,98108273;5,375240526;4,234240502;16,8400827;Quarterly;01/01/80
Mining;ZWE;Zimbabwe;USD million;2022-Q4;16,56542356;4,945139395;4,826220914;16,44650508;Quarterly;01/01/80
Mining;ZWE;Zimbabwe;USD million;2023-Q1;4,975040904;1,262568397;0,560290035;4,272762542;Quarterly;01/01/80
Mining;ZWE;Zimbabwe;USD million;2023-Q2;7,160401725;1,652520044;1,514278724;7,022160405;Quarterly;01/01/80
Mining;ZWE;Zimbabwe;USD million;2023-Q3;19,47502979;4,75706753;5,081880295;19,79984255;Quarterly;01/01/80
Mining;ZWE;Zimbabwe;USD million;2023-Q4;15,61636008;2,91687833;2,040022337;14,73950409;Quarterly;01/01/80
Mining;ZWE;Zimbabwe;USD million;2024-Q1;23,79367361;5,538576817;5,697368846;23,95246564;Quarterly;01/01/80
Mining;ZWE;Zimbabwe;USD million;2024-Q2;15,48974316;4,195582778;2,409829786;13,70399017;Quarterly;01/01/80
Mining;ZWE;Zimbabwe;USD million;2024-Q3;7,683949539;1,671286244;1,811887919;7,824551213;Quarterly;01/01/80
Mining;ZWE;Zimbabwe;USD million;2024-Q4;18,97159116;5,778817493;4,992595495;18,18536916;Quarterly;01/01/80
Mining;ZWE;Zimbabwe;USD million;2025-Q1;19,10325799;4,519474185;3,573932932;18,15771673;Quarterly;01/01/80
Mining;ZWE;Zimbabwe;USD million;2025-Q2;19,86129488;3,400011716;4,378567978;20,83985114;Quarterly;01/01/80
Mining;ZWE;Zimbabwe;USD million;2025-Q3;16,36600427;2,302321767;3,3632042;17,4268867;Quarterly;01/01/80
Mining;ZWE;Zimbabwe;USD million;2025-Q4;8,718021574;1,914427468;1,814989184;8,61858329;Quarterly;01/01/80
Mining;ZWE;Zimbabwe;USD million;2026-Q1;15,87483108;4,663621986;4,672399399;15,88360849;Quarterly;01/01/80
Mining;ZWE;Zimbabwe;USD million;2026-Q2;17,34855155;4,970567695;4,420308149;16,798292;Quarterly;01/01/80
Mining;ZWE;Zimbabwe;USD million;2026-Q3;15,28890214;4,578385938;4,757134145;15,46765035;Quarterly;01/01/80
Other;ZWE;Zimbabwe;USD million;1980-Q1;13,15855075;3,393662292;3,197407423;12,96229588;Quarterly;01/01/80
Other;ZWE;Zimbabwe;USD million;1980-Q2;12,27303608;2,005877508;2,603746249;12,87090482;Quarterly;01/01/80
Other;ZWE;Zimbabwe;USD million;1980-Q3;11,90379845;2,054556664;3,111999164;12,96124095;Quarterly;01/01/80
Other;ZWE;Zimbabwe;USD million;1980-Q4;14,65859324;2,936392502;2,848336254;14,57053699;Quarterly;01/01/80
Other;ZWE;Zimbabwe;USD million;1981-Q1;18,41576909;2,712307912;3,148584591;18,85204577;Quarterly;01/01/80
Other;ZWE;Zimbabwe;USD million;1981-Q2;17,25324148;3,59706546;3,729837264;17,38601328;Quarterly;01/01/80
Other;ZWE;Zimbabwe;USD million;1981-Q3;14,87815368;5,225173214;2,82205441;12,47503488;Quarterly;01/01/80
Other;ZWE;Zimbabwe;USD million;1981-Q4;11,63327576;2,940981447;1,599395403;10,29168972;Quarterly;01/01/80
Other;ZWE;Zimbabwe;USD million;1982-Q1;19,95533368;4,46526109;4,280690904;19,77076349;Quarterly;01/01/80
Other;ZWE;Zimbabwe;USD million;1982-Q2;15,13655023;2,503298468;3,866255953;16,49950772;Quarterly;01/01/80
Other;ZWE;Zimbabwe;USD million;1982-Q3;7,066327893;1,584974226;0,839716197;6,321069864;Quarterly;01/01/80
Other;ZWE;Zimbabwe;USD million;1982-Q4;15,56195529;3,319733927;2,436605288;14,67882665;Quarterly;01/01/80
Other;ZWE;Zimbabwe;USD million;1983-Q1;11,69375495;4,222096562;1,902513891;9,374172284;Quarterly;01/01/80
Other;ZWE;Zimbabwe;USD million;1983-Q2;13,8381651;2,863660101;2,199173978;13,17367898;Quarterly;01/01/80
Other;ZWE;Zimbabwe;USD million;1983-Q3;23,07241085;3,397372588;3,552367943;23,22740621;Quarterly;01/01/80
Other;ZWE;Zimbabwe;USD million;1983-Q4;12,09610412;4,170241117;1,76557373;9,691436731;Quarterly;01/01/80
Other;ZWE;Zimbabwe;USD million;1984-Q1;10,14452472;1,869758157;2,084823666;10,35959023;Quarterly;01/01/80
Other;ZWE;Zimbabwe;USD million;1984-Q2;18,86757524;5,197776976;2,51419159;16,18398986;Quarterly;01/01/80
Other;ZWE;Zimbabwe;USD million;1984-Q3;11,73101901;2,241767468;2,432380019;11,92163157;Quarterly;01/01/80
Other;ZWE;Zimbabwe;USD million;1984-Q4;6,991185479;1,659969658;1,49290808;6,824123902;Quarterly;01/01/80
Other;ZWE;Zimbabwe;USD million;1985-Q1;23,25382849;6,235680587;6,129017534;23,14716544;Quarterly;01/01/80
Other;ZWE;Zimbabwe;USD million;1985-Q2;16,25810508;3,603400196;3,466638212;16,1213431;Quarterly;01/01/80
Other;ZWE;Zimbabwe;USD million;1985-Q3;10,82405159;2,56288541;1,810053907;10,07122009;Quarterly;01/01/80
Other;ZWE;Zimbabwe;USD million;1985-Q4;16,24896636;3,31237681;2,857643764;15,79423332;Quarterly;01/01/80
Other;ZWE;Zimbabwe;USD million;1986-Q1;21,95228689;6,380864517;4,262113012;19,83353538;Quarterly;01/01/80
Other;ZWE;Zimbabwe;USD million;1986-Q2;14,66191773;5,158462509;2,090438479;11,5938937;Quarterly;01/01/80
Other;ZWE;Zimbabwe;USD million;1986-Q3;14,23808415;3,050480894;2,668769237;13,8563725;Quarterly;01/01/80
Other;ZWE;Zimbabwe;USD million;1986-Q4;27,18390139;6,285695224;6,11260574;27,01081191;Quarterly;01/01/80
Other;ZWE;Zimbabwe;USD million;1987-Q1;19,86449966;3,654645564;5,215062993;21,42491709;Quarterly;01/01/80
Other;ZWE;Zimbabwe;USD million;1987-Q2;14,25648296;3,324628098;2,136430124;13,06828499;Quarterly;01/01/80
Other;ZWE;Zimbabwe;USD million;1987-Q3;12,41311039;4,161027828;3,040807455;11,29289002;Quarterly;01/01/80
Other;ZWE;Zimbabwe;USD million;1987-Q4;9,281651275;1,739751017;2,421456617;9,963356874;Quarterly;01/01/80
Other;ZWE;Zimbabwe;USD million;1988-Q1;6,827298923;1,310010669;1,440914046;6,9582023;Quarterly;01/01/80
Other;ZWE;Zimbabwe;USD million;1988-Q2;13,793857;2,545924733;1,515836104;12,76376837;Quarterly;01/01/80
Other;ZWE;Zimbabwe;USD million;1988-Q3;11,71116305;1,699349165;1,698484695;11,71029858;Quarterly;01/01/80
Other;ZWE;Zimbabwe;USD million;1988-Q4;19,8686359;3,59526627;5,784917184;22,05828681;Quarterly;01/01/80
Other;ZWE;Zimbabwe;USD million;1989-Q1;14,30941061;3,078697626;3,673106361;14,90381935;Quarterly;01/01/80
Other;ZWE;Zimbabwe;USD million;1989-Q2;17,59446986;4,082217819;4,971091294;18,48334333;Quarterly;01/01/80
Other;ZWE;Zimbabwe;USD million;1989-Q3;13,99333119;2,250803762;3,223927344;14,96645477;Quarterly;01/01/80
Other;ZWE;Zimbabwe;USD million;1989-Q4;11,24307848;1,52931529;2,056755906;11,7705191;Quarterly;01/01/80
Other;ZWE;Zimbabwe;USD million;1990-Q1;18,10517065;2,337606112;5,212181653;20,97974619;Quarterly;01/01/80
Other;ZWE;Zimbabwe;USD million;1990-Q2;14,40134649;3,316646338;4,283652912;15,36835307;Quarterly;01/01/80
Other;ZWE;Zimbabwe;USD million;1990-Q3;24,49155311;6,781429555;6,938432755;24,64855631;Quarterly;01/01/80
Other;ZWE;Zimbabwe;USD million;1990-Q4;13,86330678;1,813576509;2,862425295;14,91215557;Quarterly;01/01/80
Other;ZWE;Zimbabwe;USD million;1991-Q1;18,83564627;4,799673521;3,092884573;17,12885732;Quarterly;01/01/80
Other;ZWE;Zimbabwe;USD million;1991-Q2;15,1066502;4,135480915;4,30082637;15,27199566;Quarterly;01/01/80
Other;ZWE;Zimbabwe;USD million;1991-Q3;12,92273785;3,270443343;2,405623986;12,05791849;Quarterly;01/01/80
Other;ZWE;Zimbabwe;USD million;1991-Q4;11,45832941;2,81241224;2,414484986;11,06040215;Quarterly;01/01/80
Other;ZWE;Zimbabwe;USD million;1992-Q1;17,4692869;1,881314174;2,314593701;17,90256642;Quarterly;01/01/80
Other;ZWE;Zimbabwe;USD million;1992-Q2;27,23143092;8,846699363;6,201039675;24,58577124;Quarterly;01/01/80
Other;ZWE;Zimbabwe;USD million;1992-Q3;13,42380754;2,29850204;4,039547107;15,16485261;Quarterly;01/01/80
Other;ZWE;Zimbabwe;USD million;1992-Q4;17,54785569;3,470590187;2,432286478;16,50955198;Quarterly;01/01/80
Other;ZWE;Zimbabwe;USD million;1993-Q1;18,76484618;5,230861848;2,33864327;15,8726276;Quarterly;01/01/80
Other;ZWE;Zimbabwe;USD million;1993-Q2;11,31000137;2,651432907;2,876767628;11,53533609;Quarterly;01/01/80
Other;ZWE;Zimbabwe;USD million;1993-Q3;17,0223839;5,891647428;2,899358734;14,03009521;Quarterly;01/01/80
Other;ZWE;Zimbabwe;USD million;1993-Q4;12,42365488;2,921318426;3,17630972;12,67864617;Quarterly;01/01/80
Other;ZWE;Zimbabwe;USD million;1994-Q1;13,37709359;1,789988129;3,470384428;15,05748989;Quarterly;01/01/80
Other;ZWE;Zimbabwe;USD million;1994-Q2;11,85082685;2,299015267;2,901957632;12,45376922;Quarterly;01/01/80
Other;ZWE;Zimbabwe;USD million;1994-Q3;17,44858899;4,539677257;2,91011658;15,81902831;Quarterly;01/01/80
Other;ZWE;Zimbabwe;USD million;1994-Q4;15,72860272;4,1092782;3,649858728;15,26918325;Quarterly;01/01/80
Other;ZWE;Zimbabwe;USD million;1995-Q1;10,40424047;2,943697921;1,815587355;9,276129904;Quarterly;01/01/80
Other;ZWE;Zimbabwe;USD million;1995-Q2;17,42631976;5,876786224;4,000010629;15,54954416;Quarterly;01/01/80
Other;ZWE;Zimbabwe;USD million;1995-Q3;11,14436489;3,222619001;1,57982336;9,50156925;Quarterly;01/01/80
Other;ZWE;Zimbabwe;USD million;1995-Q4;11,25482824;3,808152094;1,423665282;8,870341429;Quarterly;01/01/80
Other;ZWE;Zimbabwe;USD million;1996-Q1;21,15827317;5,165554601;4,480556485;20,47327505;Quarterly;01/01/80
Other;ZWE;Zimbabwe;USD million;1996-Q2;20,46396154;6,580584886;5,809586683;19,69296334;Quarterly;01/01/80
Other;ZWE;Zimbabwe;USD million;1996-Q3;13,80259517;3,441873163;1,64298549;12,00370749;Quarterly;01/01/80
Other;ZWE;Zimbabwe;USD million;1996-Q4;16,52244867;4,871070688;2,236213319;13,8875913;Quarterly;01/01/80
Other;ZWE;Zimbabwe;USD million;1997-Q1;17,19662248;4,154080148;3,161278459;16,20382079;Quarterly;01/01/80
Other;ZWE;Zimbabwe;USD million;1997-Q2;22,02304777;2,387335217;6,012911424;25,64862398;Quarterly;01/01/80
Other;ZWE;Zimbabwe;USD million;1997-Q3;20,20792637;3,384672049;3,380373406;20,20362772;Quarterly;01/01/80
Other;ZWE;Zimbabwe;USD million;1997-Q4;8,795672162;1,084651134;1,603023787;9,314044815;Quarterly;01/01/80
Other;ZWE;Zimbabwe;USD million;1998-Q1;14,78519878;1,239067415;4,651225418;18,19735678;Quarterly;01/01/80
Other;ZWE;Zimbabwe;USD million;1998-Q2;8,124529427;0,756214717;1,028452341;8,396767052;Quarterly;01/01/80
Other;ZWE;Zimbabwe;USD million;1998-Q3;16,8215489;5,073682255;2,813958716;14,56182536;Quarterly;01/01/80
Other;ZWE;Zimbabwe;USD million;1998-Q4;9,20471848;1,752624139;2,274128257;9,726222598;Quarterly;01/01/80
Other;ZWE;Zimbabwe;USD million;1999-Q1;20,63746938;4,799873465;4,267156944;20,10475286;Quarterly;01/01/80
Other;ZWE;Zimbabwe;USD million;1999-Q2;17,92330202;3,158011933;2,229266869;16,99455695;Quarterly;01/01/80
Other;ZWE;Zimbabwe;USD million;1999-Q3;17,13152801;5,795448716;3,490554535;14,82663383;Quarterly;01/01/80
Other;ZWE;Zimbabwe;USD million;1999-Q4;13,77770632;4,24118597;3,223257932;12,75977829;Quarterly;01/01/80
Other;ZWE;Zimbabwe;USD million;2000-Q1;14,24414042;2,545060566;3,241880069;14,94095992;Quarterly;01/01/80
Other;ZWE;Zimbabwe;USD million;2000-Q2;20,3895716;3,058664006;1,720455739;19,05136334;Quarterly;01/01/80
Other;ZWE;Zimbabwe;USD million;2000-Q3;22,09425358;5,486567621;2,244559735;18,85224569;Quarterly;01/01/80
Other;ZWE;Zimbabwe;USD million;2000-Q4;13,46666656;2,955403895;3,749085387;14,26034805;Quarterly;01/01/80
Other;ZWE;Zimbabwe;USD million;2001-Q1;18,77066468;2,591552965;2,212877131;18,39198885;Quarterly;01/01/80
Other;ZWE;Zimbabwe;USD million;2001-Q2;16,03896209;3,379266129;2,385225255;15,04492121;Quarterly;01/01/80
Other;ZWE;Zimbabwe;USD million;2001-Q3;21,63874805;4,762283851;3,831391567;20,70785577;Quarterly;01/01/80
Other;ZWE;Zimbabwe;USD million;2001-Q4;23,75215859;2,763232656;4,362779915;25,35170585;Quarterly;01/01/80
Other;ZWE;Zimbabwe;USD million;2002-Q1;11,97628802;3,028174739;2,482813079;11,43092636;Quarterly;01/01/80
Other;ZWE;Zimbabwe;USD million;2002-Q2;21,32141732;7,267607918;3,87245044;17,92625984;Quarterly;01/01/80
Other;ZWE;Zimbabwe;USD million;2002-Q3;18,16755287;3,599356151;4,204688158;18,77288488;Quarterly;01/01/80
Other;ZWE;Zimbabwe;USD million;2002-Q4;13,15594882;3,021580111;1,871153019;12,00552173;Quarterly;01/01/80
Other;ZWE;Zimbabwe;USD million;2003-Q1;7,198669587;1,658495487;1,332804107;6,872978207;Quarterly;01/01/80
Other;ZWE;Zimbabwe;USD million;2003-Q2;20,73323512;5,807468147;2,535798276;17,46156525;Quarterly;01/01/80
Other;ZWE;Zimbabwe;USD million;2003-Q3;19,64741461;2,363531632;5,205057115;22,48894009;Quarterly;01/01/80
Other;ZWE;Zimbabwe;USD million;2003-Q4;17,50636975;3,548837612;3,581753245;17,53928539;Quarterly;01/01/80
Other;ZWE;Zimbabwe;USD million;2004-Q1;15,74757011;2,141582062;2,269663328;15,87565137;Quarterly;01/01/80
Other;ZWE;Zimbabwe;USD million;2004-Q2;15,08994612;4,897039338;2,639983756;12,83289054;Quarterly;01/01/80
Other;ZWE;Zimbabwe;USD million;2004-Q3;9,712658436;2,964736523;1,297925414;8,045847327;Quarterly;01/01/80
Other;ZWE;Zimbabwe;USD million;2004-Q4;6,868785072;1,562007775;1,011794687;6,318571985;Quarterly;01/01/80
Other;ZWE;Zimbabwe;USD million;2005-Q1;11,77363221;2,67632406;2,300045858;11,39735401;Quarterly;01/01/80
Other;ZWE;Zimbabwe;USD million;2005-Q2;19,76227286;4,21561211;3,956969313;19,50363007;Quarterly;01/01/80
Other;ZWE;Zimbabwe;USD million;2005-Q3;11,75844322;4,031818467;2,80994371;10,53656847;Quarterly;01/01/80
Other;ZWE;Zimbabwe;USD million;2005-Q4;18,21409551;3,664086851;3,317697928;17,86770658;Quarterly;01/01/80
Other;ZWE;Zimbabwe;USD million;2006-Q1;12,50744656;2,693303013;1,440427612;11,25457115;Quarterly;01/01/80
Other;ZWE;Zimbabwe;USD million;2006-Q2;19,89221942;4,013207205;4,528464705;20,40747692;Quarterly;01/01/80
Other;ZWE;Zimbabwe;USD million;2006-Q3;16,60619097;4,707142626;2,377156864;14,27620521;Quarterly;01/01/80
Other;ZWE;Zimbabwe;USD million;2006-Q4;11,91514218;2,522224009;2,929589025;12,3225072;Quarterly;01/01/80
Other;ZWE;Zimbabwe;USD million;2007-Q1;20,54502247;1,794136898;4,386943843;23,13782942;Quarterly;01/01/80
Other;ZWE;Zimbabwe;USD million;2007-Q2;7,664714478;1,529123261;1,146725078;7,282316294;Quarterly;01/01/80
Other;ZWE;Zimbabwe;USD million;2007-Q3;14,42025427;3,520882367;3,026615078;13,92598698;Quarterly;01/01/80
Other;ZWE;Zimbabwe;USD million;2007-Q4;19,71673651;5,660030576;5,119447034;19,17615296;Quarterly;01/01/80
Other;ZWE;Zimbabwe;USD million;2008-Q1;12,10221224;1,497064103;1,815436717;12,42058486;Quarterly;01/01/80
Other;ZWE;Zimbabwe;USD million;2008-Q2;11,04386454;2,217003548;2,05206473;10,87892572;Quarterly;01/01/80
Other;ZWE;Zimbabwe;USD million;2008-Q3;14,04267439;1,917635572;2,84306014;14,96809896;Quarterly;01/01/80
Other;ZWE;Zimbabwe;USD million;2008-Q4;17,77823012;4,193842427;3,992582808;17,5769705;Quarterly;01/01/80
Other;ZWE;Zimbabwe;USD million;2009-Q1;23,02009243;6,011373637;5,787140763;22,79585956;Quarterly;01/01/80
Other;ZWE;Zimbabwe;USD million;2009-Q2;19,30359049;2,329304669;4,407904517;21,38219034;Quarterly;01/01/80
Other;ZWE;Zimbabwe;USD million;2009-Q3;17,21444969;4,231312412;4,10745241;17,09058969;Quarterly;01/01/80
Other;ZWE;Zimbabwe;USD million;2009-Q4;14,60441708;3,033454104;2,624361971;14,19532495;Quarterly;01/01/80
Other;ZWE;Zimbabwe;USD million;2010-Q1;15,19144418;5,339806452;3,949184725;13,80082245;Quarterly;01/01/80
Other;ZWE;Zimbabwe;USD million;2010-Q2;13,91494435;2,353274689;1,841712801;13,40338246;Quarterly;01/01/80
Other;ZWE;Zimbabwe;USD million;2010-Q3;19,96283388;4,548086601;4,189698318;19,6044456;Quarterly;01/01/80
Other;ZWE;Zimbabwe;USD million;2010-Q4;16,21618222;2,664376228;3,501334629;17,05314062;Quarterly;01/01/80
Other;ZWE;Zimbabwe;USD million;2011-Q1;16,18219934;3,906180652;3,490934254;15,76695294;Quarterly;01/01/80
Other;ZWE;Zimbabwe;USD million;2011-Q2;14,18286957;3,128092979;3,53515991;14,5899365;Quarterly;01/01/80
Other;ZWE;Zimbabwe;USD million;2011-Q3;11,25827621;1,261895789;1,499215465;11,49559589;Quarterly;01/01/80
Other;ZWE;Zimbabwe;USD million;2011-Q4;14,81413722;1,895284603;3,306788799;16,22564142;Quarterly;01/01/80
Other;ZWE;Zimbabwe;USD million;2012-Q1;8,407251442;2,045773096;2,16409651;8,525574856;Quarterly;01/01/80
Other;ZWE;Zimbabwe;USD million;2012-Q2;18,04807761;2,870953448;5,042045143;20,2191693;Quarterly;01/01/80
Other;ZWE;Zimbabwe;USD million;2012-Q3;10,6428749;2,937056507;2,394733217;10,10055161;Quarterly;01/01/80
Other;ZWE;Zimbabwe;USD million;2012-Q4;20,07744856;2,843229671;4,053044934;21,28726382;Quarterly;01/01/80
Other;ZWE;Zimbabwe;USD million;2013-Q1;14,36602282;3,1437806;2,305221195;13,52746341;Quarterly;01/01/80
Other;ZWE;Zimbabwe;USD million;2013-Q2;15,71462219;4,074780083;4,05146326;15,69130537;Quarterly;01/01/80
Other;ZWE;Zimbabwe;USD million;2013-Q3;18,50776767;4,618605752;4,24203952;18,13120143;Quarterly;01/01/80
Other;ZWE;Zimbabwe;USD million;2013-Q4;20,92186959;4,808445769;5,221886648;21,33531047;Quarterly;01/01/80
Other;ZWE;Zimbabwe;USD million;2014-Q1;19,16886883;4,427498979;3,793667905;18,53503776;Quarterly;01/01/80
Other;ZWE;Zimbabwe;USD million;2014-Q2;10,92944746;2,419372523;2,892779163;11,4028541;Quarterly;01/01/80
Other;ZWE;Zimbabwe;USD million;2014-Q3;13,64960276;3,842301898;3,318511685;13,12581255;Quarterly;01/01/80
Other;ZWE;Zimbabwe;USD million;2014-Q4;15,77489437;3,067439949;2,647884406;15,35533883;Quarterly;01/01/80
Other;ZWE;Zimbabwe;USD million;2015-Q1;20,45139426;3,392411999;4,020808389;21,07979065;Quarterly;01/01/80
Other;ZWE;Zimbabwe;USD million;2015-Q2;16,5801721;2,985989015;2,924433397;16,51861648;Quarterly;01/01/80
Other;ZWE;Zimbabwe;USD million;2015-Q3;12,40971801;3,628164762;2,361364063;11,14291731;Quarterly;01/01/80
Other;ZWE;Zimbabwe;USD million;2015-Q4;19,88053977;4,075469371;3,390060008;19,19513041;Quarterly;01/01/80
Other;ZWE;Zimbabwe;USD million;2016-Q1;14,24627435;4,534664098;3,19311138;12,90472163;Quarterly;01/01/80
Other;ZWE;Zimbabwe;USD million;2016-Q2;14,67129925;1,587514108;4,000439879;17,08422502;Quarterly;01/01/80
Other;ZWE;Zimbabwe;USD million;2016-Q3;15,20777937;4,210560216;3,574885665;14,57210482;Quarterly;01/01/80
Other;ZWE;Zimbabwe;USD million;2016-Q4;19,75083931;6,477195849;4,243739823;17,51738328;Quarterly;01/01/80
Other;ZWE;Zimbabwe;USD million;2017-Q1;17,71008804;1,706594875;2,877679666;18,88117283;Quarterly;01/01/80
Other;ZWE;Zimbabwe;USD million;2017-Q2;10,71093261;2,523246566;3,554507818;11,74219386;Quarterly;01/01/80
Other;ZWE;Zimbabwe;USD million;2017-Q3;15,46240446;3,218692107;3,663768641;15,907481;Quarterly;01/01/80
Other;ZWE;Zimbabwe;USD million;2017-Q4;12,76044248;3,291715863;3,055097221;12,52382384;Quarterly;01/01/80
Other;ZWE;Zimbabwe;USD million;2018-Q1;14,39091633;3,000975855;4,255829407;15,64576988;Quarterly;01/01/80
Other;ZWE;Zimbabwe;USD million;2018-Q2;12,001913;2,444638389;2,108021914;11,66529653;Quarterly;01/01/80
Other;ZWE;Zimbabwe;USD million;2018-Q3;12,5538745;2,018872387;3,346161112;13,88116322;Quarterly;01/01/80
Other;ZWE;Zimbabwe;USD million;2018-Q4;18,2987561;2,765532668;4,146290616;19,67951404;Quarterly;01/01/80
Other;ZWE;Zimbabwe;USD million;2019-Q1;27,31339488;8,321443017;3,662132908;22,65408477;Quarterly;01/01/80
Other;ZWE;Zimbabwe;USD million;2019-Q2;16,92594297;4,162365537;5,101265161;17,8648426;Quarterly;01/01/80
Other;ZWE;Zimbabwe;USD million;2019-Q3;11,77807124;3,717440749;2,211250553;10,27188105;Quarterly;01/01/80
Other;ZWE;Zimbabwe;USD million;2019-Q4;24,86308761;5,707663452;3,442019444;22,5974436;Quarterly;01/01/80
Other;ZWE;Zimbabwe;USD million;2020-Q1;12,47185644;3,41362837;1,645156684;10,70338475;Quarterly;01/01/80
Other;ZWE;Zimbabwe;USD million;2020-Q2;13,36904581;3,151308927;2,967881584;13,18561846;Quarterly;01/01/80
Other;ZWE;Zimbabwe;USD million;2020-Q3;13,884523;2,335162975;2,439252756;13,98861279;Quarterly;01/01/80
Other;ZWE;Zimbabwe;USD million;2020-Q4;22,45627396;5,225207211;3,602454021;20,83352077;Quarterly;01/01/80
Other;ZWE;Zimbabwe;USD million;2021-Q1;12,83638769;1,658710528;2,302707065;13,48038423;Quarterly;01/01/80
Other;ZWE;Zimbabwe;USD million;2021-Q2;9,058613123;2,106336348;2,261702006;9,213978781;Quarterly;01/01/80
Other;ZWE;Zimbabwe;USD million;2021-Q3;25,47426433;6,427860628;7,599883735;26,64628744;Quarterly;01/01/80
Other;ZWE;Zimbabwe;USD million;2021-Q4;18,08704129;5,65565664;5,208096059;17,63948071;Quarterly;01/01/80
Other;ZWE;Zimbabwe;USD million;2022-Q1;21,00930312;4,596271787;6,575830224;22,98886155;Quarterly;01/01/80
Other;ZWE;Zimbabwe;USD million;2022-Q2;23,25301689;4,023342956;3,621293857;22,85096779;Quarterly;01/01/80
Other;ZWE;Zimbabwe;USD million;2022-Q3;16,87604416;2,324663328;3,835918962;18,3872998;Quarterly;01/01/80
Other;ZWE;Zimbabwe;USD million;2022-Q4;16,21355657;1,92980764;3,069739101;17,35348803;Quarterly;01/01/80
Other;ZWE;Zimbabwe;USD million;2023-Q1;19,69520192;3,995726521;1,983430359;17,68290576;Quarterly;01/01/80
Other;ZWE;Zimbabwe;USD million;2023-Q2;11,0288947;1,948628297;2,424624453;11,50489086;Quarterly;01/01/80
Other;ZWE;Zimbabwe;USD million;2023-Q3;12,98847511;3,0577779;3,012107623;12,94280484;Quarterly;01/01/80
Other;ZWE;Zimbabwe;USD million;2023-Q4;12,74677002;2,670360638;1,546716573;11,62312596;Quarterly;01/01/80
Other;ZWE;Zimbabwe;USD million;2024-Q1;14,11594836;3,484643258;3,120166585;13,75147169;Quarterly;01/01/80
Other;ZWE;Zimbabwe;USD million;2024-Q2;10,13400609;2,52380371;1,611973301;9,222175684;Quarterly;01/01/80
Other;ZWE;Zimbabwe;USD million;2024-Q3;16,25255687;4,725463281;3,719414137;15,24650773;Quarterly;01/01/80
Other;ZWE;Zimbabwe;USD million;2024-Q4;8,090692309;1,531964755;1,466860435;8,025587989;Quarterly;01/01/80
Other;ZWE;Zimbabwe;USD million;2025-Q1;17,22823447;3,264799111;1,574644361;15,53807972;Quarterly;01/01/80
Other;ZWE;Zimbabwe;USD million;2025-Q2;18,55668988;2,467943084;2,28465018;18,37339697;Quarterly;01/01/80
Other;ZWE;Zimbabwe;USD million;2025-Q3;16,64270366;3,929306516;1,79296307;14,50636021;Quarterly;01/01/80
Other;ZWE;Zimbabwe;USD million;2025-Q4;15,60680082;5,851314046;4,082212434;13,83769921;Quarterly;01/01/80
Other;ZWE;Zimbabwe;USD million;2026-Q1;13,73065356;3,718892747;1,470133206;11,48189402;Quarterly;01/01/80
Other;ZWE;Zimbabwe;USD million;2026-Q2;20,00861002;6,627842343;4,554170806;17,93493848;Quarterly;01/01/80
Other;ZWE;Zimbabwe;USD million;2026-Q3;15,43774836;2,100704537;4,357395725;17,69443955;Quarterly;01/01/80
Tourism;ZWE;Zimbabwe;USD million;1980-Q1;15,54786798;5,319684529;3,561469411;13,78965286;Quarterly;01/01/80
Tourism;ZWE;Zimbabwe;USD million;1980-Q2;13,09216575;2,118055093;2,217269438;13,1913801;Quarterly;01/01/80
Tourism;ZWE;Zimbabwe;USD million;1980-Q3;17,76479398;4,716206678;4,203268895;17,2518562;Quarterly;01/01/80
Tourism;ZWE;Zimbabwe;USD million;1980-Q4;14,03525892;1,50469918;1,501313375;14,03187312;Quarterly;01/01/80
Tourism;ZWE;Zimbabwe;USD million;1981-Q1;18,1318425;5,644027019;3,700142418;16,1879579;Quarterly;01/01/80
Tourism;ZWE;Zimbabwe;USD million;1981-Q2;12,40506302;1,696454995;2,004942511;12,71355053;Quarterly;01/01/80
Tourism;ZWE;Zimbabwe;USD million;1981-Q3;27,20873255;7,727326225;6,763811756;26,24521808;Quarterly;01/01/80
Tourism;ZWE;Zimbabwe;USD million;1981-Q4;22,08183746;6,007579795;6,454276613;22,52853428;Quarterly;01/01/80
Tourism;ZWE;Zimbabwe;USD million;1982-Q1;10,43437539;3,176105125;2,389506387;9,647776651;Quarterly;01/01/80
Tourism;ZWE;Zimbabwe;USD million;1982-Q2;20,52679207;6,127268595;5,768282868;20,16780634;Quarterly;01/01/80
Tourism;ZWE;Zimbabwe;USD million;1982-Q3;13,15583514;1,864962903;1,534773574;12,82564581;Quarterly;01/01/80
Tourism;ZWE;Zimbabwe;USD million;1982-Q4;20,5071232;5,725061792;3,761701088;18,54376249;Quarterly;01/01/80
Tourism;ZWE;Zimbabwe;USD million;1983-Q1;27,16407161;4,400782675;5,924678715;28,68796765;Quarterly;01/01/80
Tourism;ZWE;Zimbabwe;USD million;1983-Q2;22,7372735;4,576504196;4,857221279;23,01799058;Quarterly;01/01/80
Tourism;ZWE;Zimbabwe;USD million;1983-Q3;11,97060705;2,663870688;1,788681638;11,095418;Quarterly;01/01/80
Tourism;ZWE;Zimbabwe;USD million;1983-Q4;24,88965152;8,280460549;5,185029202;21,79422017;Quarterly;01/01/80
Tourism;ZWE;Zimbabwe;USD million;1984-Q1;22,69345757;7,725115896;4,98548172;19,9538234;Quarterly;01/01/80
Tourism;ZWE;Zimbabwe;USD million;1984-Q2;10,64343204;2,296586834;2,604084046;10,95092925;Quarterly;01/01/80
Tourism;ZWE;Zimbabwe;USD million;1984-Q3;16,30607731;3,382519811;3,264108779;16,18766628;Quarterly;01/01/80
Tourism;ZWE;Zimbabwe;USD million;1984-Q4;12,49750052;3,177253388;2,306797919;11,62704506;Quarterly;01/01/80
Tourism;ZWE;Zimbabwe;USD million;1985-Q1;12,98936355;3,852624937;3,521708257;12,65844687;Quarterly;01/01/80
Tourism;ZWE;Zimbabwe;USD million;1985-Q2;12,04996638;3,08615611;3,067956111;12,03176638;Quarterly;01/01/80
Tourism;ZWE;Zimbabwe;USD million;1985-Q3;18,93090562;2,550612599;3,971029463;20,35132248;Quarterly;01/01/80
Tourism;ZWE;Zimbabwe;USD million;1985-Q4;13,89517015;2,590089237;1,990481189;13,2955621;Quarterly;01/01/80
Tourism;ZWE;Zimbabwe;USD million;1986-Q1;10,73250478;2,611224216;2,219698892;10,34097946;Quarterly;01/01/80
Tourism;ZWE;Zimbabwe;USD million;1986-Q2;12,84058614;1,774955072;2,558745349;13,62437642;Quarterly;01/01/80
Tourism;ZWE;Zimbabwe;USD million;1986-Q3;9,732130568;2,612306882;1,858861773;8,978685458;Quarterly;01/01/80
Tourism;ZWE;Zimbabwe;USD million;1986-Q4;10,00537083;2,868151891;1,734907285;8,872126226;Quarterly;01/01/80
Tourism;ZWE;Zimbabwe;USD million;1987-Q1;19,16988704;5,583663525;4,853722802;18,43994632;Quarterly;01/01/80
Tourism;ZWE;Zimbabwe;USD million;1987-Q2;15,96462889;4,749204998;2,986568841;14,20199274;Quarterly;01/01/80
Tourism;ZWE;Zimbabwe;USD million;1987-Q3;15,10913123;3,445437004;3,814412392;15,47810662;Quarterly;01/01/80
Tourism;ZWE;Zimbabwe;USD million;1987-Q4;20,07804522;3,950891773;5,103386829;21,23054028;Quarterly;01/01/80
Tourism;ZWE;Zimbabwe;USD million;1988-Q1;17,31812083;3,461348175;3,885932513;17,74270517;Quarterly;01/01/80
Tourism;ZWE;Zimbabwe;USD million;1988-Q2;16,36434958;4,661533522;2,473275614;14,17609167;Quarterly;01/01/80
Tourism;ZWE;Zimbabwe;USD million;1988-Q3;13,53924565;2,126580413;3,550561968;14,9632272;Quarterly;01/01/80
Tourism;ZWE;Zimbabwe;USD million;1988-Q4;14,58083216;1,76870035;2,461887573;15,27401938;Quarterly;01/01/80
Tourism;ZWE;Zimbabwe;USD million;1989-Q1;12,704159;1,267252343;3,704513933;15,14142059;Quarterly;01/01/80
Tourism;ZWE;Zimbabwe;USD million;1989-Q2;16,59206677;5,317516896;2,949271715;14,22382159;Quarterly;01/01/80
Tourism;ZWE;Zimbabwe;USD million;1989-Q3;25,30484883;3,63843906;5,681070067;27,34747984;Quarterly;01/01/80
Tourism;ZWE;Zimbabwe;USD million;1989-Q4;10,36197461;1,229414947;1,144862744;10,27742241;Quarterly;01/01/80
Tourism;ZWE;Zimbabwe;USD million;1990-Q1;13,88648762;3,700077397;1,968181422;12,15459165;Quarterly;01/01/80
Tourism;ZWE;Zimbabwe;USD million;1990-Q2;15,5864378;2,236045659;2,449595852;15,799988;Quarterly;01/01/80
Tourism;ZWE;Zimbabwe;USD million;1990-Q3;12,90344899;1,279576811;1,341661321;12,9655335;Quarterly;01/01/80
Tourism;ZWE;Zimbabwe;USD million;1990-Q4;17,66881444;3,006988461;2,572678019;17,23450399;Quarterly;01/01/80
Tourism;ZWE;Zimbabwe;USD million;1991-Q1;10,87925575;3,448351999;2,277432978;9,708336731;Quarterly;01/01/80
Tourism;ZWE;Zimbabwe;USD million;1991-Q2;8,115538924;1,342882701;1,945258387;8,71791461;Quarterly;01/01/80
Tourism;ZWE;Zimbabwe;USD million;1991-Q3;10,64330151;2,29931649;2,537233118;10,88121813;Quarterly;01/01/80
Tourism;ZWE;Zimbabwe;USD million;1991-Q4;13,6989895;3,259632263;1,913756469;12,3531137;Quarterly;01/01/80
Tourism;ZWE;Zimbabwe;USD million;1992-Q1;16,65210557;3,398039497;3,498089224;16,75215529;Quarterly;01/01/80
Tourism;ZWE;Zimbabwe;USD million;1992-Q2;9,390395346;2,40768462;3,020342736;10,00305346;Quarterly;01/01/80
Tourism;ZWE;Zimbabwe;USD million;1992-Q3;9,328329779;1,163103499;1,307841795;9,473068075;Quarterly;01/01/80
Tourism;ZWE;Zimbabwe;USD million;1992-Q4;20,58400249;6,095704245;3,728642815;18,21694106;Quarterly;01/01/80
Tourism;ZWE;Zimbabwe;USD million;1993-Q1;12,15139118;3,520648938;1,411279974;10,04202222;Quarterly;01/01/80
Tourism;ZWE;Zimbabwe;USD million;1993-Q2;16,22581534;2,806070307;4,475939422;17,89568445;Quarterly;01/01/80
Tourism;ZWE;Zimbabwe;USD million;1993-Q3;27,08963318;4,803001112;5,199846885;27,48647896;Quarterly;01/01/80
Tourism;ZWE;Zimbabwe;USD million;1993-Q4;13,40859676;1,941025907;3,358861124;14,82643197;Quarterly;01/01/80
Tourism;ZWE;Zimbabwe;USD million;1994-Q1;16,13235581;3,703647351;2,120802993;14,54951146;Quarterly;01/01/80
Tourism;ZWE;Zimbabwe;USD million;1994-Q2;19,95011604;5,414135829;5,450752414;19,98673262;Quarterly;01/01/80
Tourism;ZWE;Zimbabwe;USD million;1994-Q3;7,41050867;1,08339291;1,631871091;7,958986851;Quarterly;01/01/80
Tourism;ZWE;Zimbabwe;USD million;1994-Q4;17,54099016;5,02929345;3,877274187;16,3889709;Quarterly;01/01/80
Tourism;ZWE;Zimbabwe;USD million;1995-Q1;23,91199484;6,417450362;4,049267673;21,54381215;Quarterly;01/01/80
Tourism;ZWE;Zimbabwe;USD million;1995-Q2;15,30185186;4,531177435;4,462825778;15,2335002;Quarterly;01/01/80
Tourism;ZWE;Zimbabwe;USD million;1995-Q3;21,92311009;3,223173315;3,854491777;22,55442856;Quarterly;01/01/80
Tourism;ZWE;Zimbabwe;USD million;1995-Q4;7,712998146;1,916697917;0,708068563;6,504368793;Quarterly;01/01/80
Tourism;ZWE;Zimbabwe;USD million;1996-Q1;17,23370467;4,128934261;5,265796458;18,37056687;Quarterly;01/01/80
Tourism;ZWE;Zimbabwe;USD million;1996-Q2;20,2217651;4,281416094;1,817010123;17,75735913;Quarterly;01/01/80
Tourism;ZWE;Zimbabwe;USD million;1996-Q3;16,98705145;4,657990855;1,882936997;14,21199759;Quarterly;01/01/80
Tourism;ZWE;Zimbabwe;USD million;1996-Q4;12,9189587;3,168223756;3,40551579;13,15625073;Quarterly;01/01/80
Tourism;ZWE;Zimbabwe;USD million;1997-Q1;12,82273854;0,981144041;2,281609939;14,12320444;Quarterly;01/01/80
Tourism;ZWE;Zimbabwe;USD million;1997-Q2;14,87437511;4,293273328;2,34969431;12,93079609;Quarterly;01/01/80
Tourism;ZWE;Zimbabwe;USD million;1997-Q3;16,26280328;4,490831105;1,033384505;12,80535668;Quarterly;01/01/80
Tourism;ZWE;Zimbabwe;USD million;1997-Q4;9,68313785;2,622026438;1,724848683;8,785960095;Quarterly;01/01/80
Tourism;ZWE;Zimbabwe;USD million;1998-Q1;17,14236122;2,021387473;1,100192737;16,22116648;Quarterly;01/01/80
Tourism;ZWE;Zimbabwe;USD million;1998-Q2;11,53684163;2,774767522;2,237660084;10,99973419;Quarterly;01/01/80
Tourism;ZWE;Zimbabwe;USD million;1998-Q3;19,85207326;5,539177664;4,754741303;19,0676369;Quarterly;01/01/80
Tourism;ZWE;Zimbabwe;USD million;1998-Q4;12,16719531;1,623818101;2,591757866;13,13513508;Quarterly;01/01/80
Tourism;ZWE;Zimbabwe;USD million;1999-Q1;20,45906052;3,676482818;4,341968592;21,12454629;Quarterly;01/01/80
Tourism;ZWE;Zimbabwe;USD million;1999-Q2;21,067405;2,688792514;3,403154413;21,7817669;Quarterly;01/01/80
Tourism;ZWE;Zimbabwe;USD million;1999-Q3;23,08005203;6,39261721;6,146197381;22,8336322;Quarterly;01/01/80
Tourism;ZWE;Zimbabwe;USD million;1999-Q4;23,27708575;1,874447902;3,898922901;25,30156075;Quarterly;01/01/80
Tourism;ZWE;Zimbabwe;USD million;2000-Q1;18,79762843;5,861249295;4,115750018;17,05212915;Quarterly;01/01/80
Tourism;ZWE;Zimbabwe;USD million;2000-Q2;15,04414792;2,416339833;2,415266649;15,04307474;Quarterly;01/01/80
Tourism;ZWE;Zimbabwe;USD million;2000-Q3;22,73943597;5,735319914;4,243832664;21,24794872;Quarterly;01/01/80
Tourism;ZWE;Zimbabwe;USD million;2000-Q4;12,90158728;2,769555566;3,14646734;13,27849906;Quarterly;01/01/80
Tourism;ZWE;Zimbabwe;USD million;2001-Q1;18,53422056;5,930353997;4,465013571;17,06888014;Quarterly;01/01/80
Tourism;ZWE;Zimbabwe;USD million;2001-Q2;15,14967307;4,380203812;4,536910113;15,30637938;Quarterly;01/01/80
Tourism;ZWE;Zimbabwe;USD million;2001-Q3;18,23305503;4,334405782;5,535402004;19,43405125;Quarterly;01/01/80
Tourism;ZWE;Zimbabwe;USD million;2001-Q4;15,38567231;3,197349496;3,328147478;15,5164703;Quarterly;01/01/80
Tourism;ZWE;Zimbabwe;USD million;2002-Q1;18,15335895;1,745368207;5,415578197;21,82356894;Quarterly;01/01/80
Tourism;ZWE;Zimbabwe;USD million;2002-Q2;15,46443542;2,553307365;4,455089093;17,36621714;Quarterly;01/01/80
Tourism;ZWE;Zimbabwe;USD million;2002-Q3;13,96504969;1,298430028;3,595100409;16,26172007;Quarterly;01/01/80
Tourism;ZWE;Zimbabwe;USD million;2002-Q4;12,52331813;1,762108066;2,917425495;13,67863556;Quarterly;01/01/80
Tourism;ZWE;Zimbabwe;USD million;2003-Q1;16,66780407;2,402638545;2,709236015;16,97440154;Quarterly;01/01/80
Tourism;ZWE;Zimbabwe;USD million;2003-Q2;10,45749738;3,346294594;2,438361939;9,549564722;Quarterly;01/01/80
Tourism;ZWE;Zimbabwe;USD million;2003-Q3;12,26924672;2,361270288;2,560798886;12,46877532;Quarterly;01/01/80
Tourism;ZWE;Zimbabwe;USD million;2003-Q4;14,18143066;3,060378635;1,568869359;12,68992138;Quarterly;01/01/80
Tourism;ZWE;Zimbabwe;USD million;2004-Q1;9,89968222;2,623927519;1,35134943;8,627104131;Quarterly;01/01/80
Tourism;ZWE;Zimbabwe;USD million;2004-Q2;15,0292494;3,537471114;3,456206375;14,94798466;Quarterly;01/01/80
Tourism;ZWE;Zimbabwe;USD million;2004-Q3;12,21514349;4,773805636;3,571818323;11,01315618;Quarterly;01/01/80
Tourism;ZWE;Zimbabwe;USD million;2004-Q4;16,42621406;4,817308969;3,837166119;15,44607121;Quarterly;01/01/80
Tourism;ZWE;Zimbabwe;USD million;2005-Q1;9,896962338;2,549463005;2,120759382;9,468258715;Quarterly;01/01/80
Tourism;ZWE;Zimbabwe;USD million;2005-Q2;21,22717969;4,726374033;3,5694698;20,07027546;Quarterly;01/01/80
Tourism;ZWE;Zimbabwe;USD million;2005-Q3;18,05652707;3,282265632;4,199443235;18,97370467;Quarterly;01/01/80
Tourism;ZWE;Zimbabwe;USD million;2005-Q4;10,85703134;1,585118106;2,331573676;11,60348691;Quarterly;01/01/80
Tourism;ZWE;Zimbabwe;USD million;2006-Q1;17,34557222;5,567668162;3,51251648;15,29042054;Quarterly;01/01/80
Tourism;ZWE;Zimbabwe;USD million;2006-Q2;15,20349915;2,433107075;1,988530838;14,75892291;Quarterly;01/01/80
Tourism;ZWE;Zimbabwe;USD million;2006-Q3;22,92377012;4,549098341;5,57763234;23,95230411;Quarterly;01/01/80
Tourism;ZWE;Zimbabwe;USD million;2006-Q4;28,3956836;8,42620902;4,316065869;24,28554045;Quarterly;01/01/80
Tourism;ZWE;Zimbabwe;USD million;2007-Q1;18,00913714;2,682327984;2,471930969;17,79874012;Quarterly;01/01/80
Tourism;ZWE;Zimbabwe;USD million;2007-Q2;13,71967902;1,55038659;2,622849958;14,79214238;Quarterly;01/01/80
Tourism;ZWE;Zimbabwe;USD million;2007-Q3;12,74226917;2,171273122;2,974441529;13,54543758;Quarterly;01/01/80
Tourism;ZWE;Zimbabwe;USD million;2007-Q4;9,543563704;2,412391576;2,145904081;9,277076209;Quarterly;01/01/80
Tourism;ZWE;Zimbabwe;USD million;2008-Q1;17,42330674;5,065898603;2,230174892;14,58758303;Quarterly;01/01/80
Tourism;ZWE;Zimbabwe;USD million;2008-Q2;13,01627131;3,683316213;2,898695104;12,2316502;Quarterly;01/01/80
Tourism;ZWE;Zimbabwe;USD million;2008-Q3;15,67701585;4,889828692;1,935225154;12,72241231;Quarterly;01/01/80
Tourism;ZWE;Zimbabwe;USD million;2008-Q4;10,33448279;2,70243135;1,686054509;9,318105953;Quarterly;01/01/80
Tourism;ZWE;Zimbabwe;USD million;2009-Q1;14,20496176;4,732972928;3,192303606;12,66429244;Quarterly;01/01/80
Tourism;ZWE;Zimbabwe;USD million;2009-Q2;16,70498962;4,403281257;3,514289762;15,81599812;Quarterly;01/01/80
Tourism;ZWE;Zimbabwe;USD million;2009-Q3;13,37501049;3,455942842;1,707121448;11,6261891;Quarterly;01/01/80
Tourism;ZWE;Zimbabwe;USD million;2009-Q4;18,86003024;3,123078282;3,497929055;19,23488102;Quarterly;01/01/80
Tourism;ZWE;Zimbabwe;USD million;2010-Q1;18,53372777;2,902399803;4,864377234;20,4957052;Quarterly;01/01/80
Tourism;ZWE;Zimbabwe;USD million;2010-Q2;21,72261044;4,235743663;3,742934084;21,22980086;Quarterly;01/01/80
Tourism;ZWE;Zimbabwe;USD million;2010-Q3;13,81746503;3,166947362;1,437921005;12,08843867;Quarterly;01/01/80
Tourism;ZWE;Zimbabwe;USD million;2010-Q4;20,02813564;4,273152061;5,780958202;21,53594178;Quarterly;01/01/80
Tourism;ZWE;Zimbabwe;USD million;2011-Q1;16,03087152;4,4094994;4,133117134;15,75448925;Quarterly;01/01/80
Tourism;ZWE;Zimbabwe;USD million;2011-Q2;11,14317167;1,99136793;2,138080607;11,28988435;Quarterly;01/01/80
Tourism;ZWE;Zimbabwe;USD million;2011-Q3;10,72650708;3,222370542;1,777409656;9,281546196;Quarterly;01/01/80
Tourism;ZWE;Zimbabwe;USD million;2011-Q4;12,75266171;3,267638037;2,331719146;11,81674282;Quarterly;01/01/80
Tourism;ZWE;Zimbabwe;USD million;2012-Q1;17,93112623;3,597905328;3,66143414;17,99465504;Quarterly;01/01/80
Tourism;ZWE;Zimbabwe;USD million;2012-Q2;7,006355168;1,067201636;0,934188307;6,873341839;Quarterly;01/01/80
Tourism;ZWE;Zimbabwe;USD million;2012-Q3;11,75084584;1,363660875;2,266083805;12,65326877;Quarterly;01/01/80
Tourism;ZWE;Zimbabwe;USD million;2012-Q4;18,2029571;4,910181882;2,411068994;15,70384421;Quarterly;01/01/80
Tourism;ZWE;Zimbabwe;USD million;2013-Q1;8,794661509;2,35572291;1,280250119;7,719188718;Quarterly;01/01/80
Tourism;ZWE;Zimbabwe;USD million;2013-Q2;8,668197326;1,720394248;2,107497324;9,055300402;Quarterly;01/01/80
Tourism;ZWE;Zimbabwe;USD million;2013-Q3;15,50234918;3,902731878;2,257798484;13,85741579;Quarterly;01/01/80
Tourism;ZWE;Zimbabwe;USD million;2013-Q4;21,69129837;4,354597259;3,895456399;21,23215751;Quarterly;01/01/80
Tourism;ZWE;Zimbabwe;USD million;2014-Q1;22,58173738;6,787533343;4,931491962;20,725696;Quarterly;01/01/80
Tourism;ZWE;Zimbabwe;USD million;2014-Q2;13,0551659;2,175827654;3,871811424;14,75114967;Quarterly;01/01/80
Tourism;ZWE;Zimbabwe;USD million;2014-Q3;14,69163563;2,530474835;2,36586372;14,52702452;Quarterly;01/01/80
Tourism;ZWE;Zimbabwe;USD million;2014-Q4;11,84767085;4,02538455;2,061745275;9,884031579;Quarterly;01/01/80
Tourism;ZWE;Zimbabwe;USD million;2015-Q1;16,5933875;2,361936655;3,543723048;17,77517389;Quarterly;01/01/80
Tourism;ZWE;Zimbabwe;USD million;2015-Q2;15,59842141;3,379704449;2,98764827;15,20636523;Quarterly;01/01/80
Tourism;ZWE;Zimbabwe;USD million;2015-Q3;13,98610766;4,105206342;3,148637743;13,02953906;Quarterly;01/01/80
Tourism;ZWE;Zimbabwe;USD million;2015-Q4;14,48490496;2,27114964;2,674057724;14,88781305;Quarterly;01/01/80
Tourism;ZWE;Zimbabwe;USD million;2016-Q1;11,8132479;3,152089614;2,281868725;10,94302701;Quarterly;01/01/80
Tourism;ZWE;Zimbabwe;USD million;2016-Q2;10,77430828;1,899204089;1,225253945;10,10035813;Quarterly;01/01/80
Tourism;ZWE;Zimbabwe;USD million;2016-Q3;15,2861648;3,078678983;1,939333891;14,14681971;Quarterly;01/01/80
Tourism;ZWE;Zimbabwe;USD million;2016-Q4;16,73601228;4,894852917;5,478709219;17,31986858;Quarterly;01/01/80
Tourism;ZWE;Zimbabwe;USD million;2017-Q1;23,12343606;2,431254685;3,831996777;24,52417815;Quarterly;01/01/80
Tourism;ZWE;Zimbabwe;USD million;2017-Q2;20,42593915;2,446684667;2,204034637;20,18328912;Quarterly;01/01/80
Tourism;ZWE;Zimbabwe;USD million;2017-Q3;5,66605568;1,495256522;1,308232575;5,479031733;Quarterly;01/01/80
Tourism;ZWE;Zimbabwe;USD million;2017-Q4;15,05088001;4,444767302;3,258184248;13,86429696;Quarterly;01/01/80
Tourism;ZWE;Zimbabwe;USD million;2018-Q1;24,33673945;2,291975526;5,785821227;27,83058515;Quarterly;01/01/80
Tourism;ZWE;Zimbabwe;USD million;2018-Q2;10,9043022;1,952296226;2,545972358;11,49797833;Quarterly;01/01/80
Tourism;ZWE;Zimbabwe;USD million;2018-Q3;15,30094859;5,198323355;2,951544101;13,05416934;Quarterly;01/01/80
Tourism;ZWE;Zimbabwe;USD million;2018-Q4;16,53045039;4,020526219;1,973953937;14,48387811;Quarterly;01/01/80
Tourism;ZWE;Zimbabwe;USD million;2019-Q1;14,30001467;2,506942699;3,396784978;15,18985695;Quarterly;01/01/80
Tourism;ZWE;Zimbabwe;USD million;2019-Q2;11,78890286;2,769521247;3,042151054;12,06153267;Quarterly;01/01/80
Tourism;ZWE;Zimbabwe;USD million;2019-Q3;20,73387609;5,228695127;3,732305968;19,23748693;Quarterly;01/01/80
Tourism;ZWE;Zimbabwe;USD million;2019-Q4;18,95072341;4,627075969;3,653034654;17,9766821;Quarterly;01/01/80
Tourism;ZWE;Zimbabwe;USD million;2020-Q1;15,95035518;3,805771362;3,005622929;15,15020675;Quarterly;01/01/80
Tourism;ZWE;Zimbabwe;USD million;2020-Q2;11,73823597;2,291646888;2,058635396;11,50522448;Quarterly;01/01/80
Tourism;ZWE;Zimbabwe;USD million;2020-Q3;9,483605897;1,657412764;2,400431103;10,22662424;Quarterly;01/01/80
Tourism;ZWE;Zimbabwe;USD million;2020-Q4;16,35485307;4,083138437;3,953506578;16,22522121;Quarterly;01/01/80
Tourism;ZWE;Zimbabwe;USD million;2021-Q1;10,64465603;2,166778718;2,246350632;10,72422794;Quarterly;01/01/80
Tourism;ZWE;Zimbabwe;USD million;2021-Q2;9,125325026;1,042891345;1,541880401;9,624314081;Quarterly;01/01/80
Tourism;ZWE;Zimbabwe;USD million;2021-Q3;18,10934474;3,115217048;4,310461244;19,30458893;Quarterly;01/01/80
Tourism;ZWE;Zimbabwe;USD million;2021-Q4;13,669412;4,667630629;2,682158984;11,68394036;Quarterly;01/01/80
Tourism;ZWE;Zimbabwe;USD million;2022-Q1;19,23032493;4,552411564;3,767620214;18,44553358;Quarterly;01/01/80
Tourism;ZWE;Zimbabwe;USD million;2022-Q2;16,26729136;5,03738856;3,782365865;15,01226866;Quarterly;01/01/80
Tourism;ZWE;Zimbabwe;USD million;2022-Q3;22,71373171;5,483153232;4,504088161;21,73466664;Quarterly;01/01/80
Tourism;ZWE;Zimbabwe;USD million;2022-Q4;10,04895693;2,604746691;1,200533623;8,64474386;Quarterly;01/01/80
Tourism;ZWE;Zimbabwe;USD million;2023-Q1;16,65241203;4,315132034;2,85537532;15,19265531;Quarterly;01/01/80
Tourism;ZWE;Zimbabwe;USD million;2023-Q2;15,15617146;2,108384142;2,776730024;15,82451734;Quarterly;01/01/80
Tourism;ZWE;Zimbabwe;USD million;2023-Q3;27,41581992;8,20853267;5,835582392;25,04286964;Quarterly;01/01/80
Tourism;ZWE;Zimbabwe;USD million;2023-Q4;17,04360107;5,528549754;3,422311724;14,93736304;Quarterly;01/01/80
Tourism;ZWE;Zimbabwe;USD million;2024-Q1;18,94388069;4,410394725;3,399387316;17,93287328;Quarterly;01/01/80
Tourism;ZWE;Zimbabwe;USD million;2024-Q2;17,88698335;2,401135923;4,749832931;20,23568036;Quarterly;01/01/80
Tourism;ZWE;Zimbabwe;USD million;2024-Q3;19,30504621;5,147113178;4,359813767;18,5177468;Quarterly;01/01/80
Tourism;ZWE;Zimbabwe;USD million;2024-Q4;22,0780311;4,874086586;5,084109442;22,28805396;Quarterly;01/01/80
Tourism;ZWE;Zimbabwe;USD million;2025-Q1;9,596576509;2,143569068;2,661633322;10,11464076;Quarterly;01/01/80
Tourism;ZWE;Zimbabwe;USD million;2025-Q2;11,39425474;2,288023835;1,615325003;10,72155591;Quarterly;01/01/80
Tourism;ZWE;Zimbabwe;USD million;2025-Q3;12,65540174;3,703593221;2,118647799;11,07045632;Quarterly;01/01/80
Tourism;ZWE;Zimbabwe;USD million;2025-Q4;26,65742493;6,441399386;4,939740106;25,15576565;Quarterly;01/01/80
Tourism;ZWE;Zimbabwe;USD million;2026-Q1;12,6496333;2,884676056;1,439878932;11,20483618;Quarterly;01/01/80
Tourism;ZWE;Zimbabwe;USD million;2026-Q2;17,72256882;2,866537225;4,324912668;19,18094426;Quarterly;01/01/80
Tourism;ZWE;Zimbabwe;USD million;2026-Q3;15,45365279;1,732230004;3,70562234;17,42704512;Quarterly;01/01/80
Transport;ZWE;Zimbabwe;USD million;1980-Q1;17,01803729;5,380688961;4,330885528;15,96823386;Quarterly;01/01/80
Transport;ZWE;Zimbabwe;USD million;1980-Q2;12,76146819;4,557029526;3,917128747;12,12156741;Quarterly;01/01/80
Transport;ZWE;Zimbabwe;USD million;1980-Q3;19,56479706;4,529510562;3,712600316;18,74788681;Quarterly;01/01/80
Transport;ZWE;Zimbabwe;USD million;1980-Q4;9,614412803;2,644323893;2,49689356;9,466982471;Quarterly;01/01/80
Transport;ZWE;Zimbabwe;USD million;1981-Q1;17,51155799;2,157383702;1,865748779;17,21992307;Quarterly;01/01/80
Transport;ZWE;Zimbabwe;USD million;1981-Q2;20,12809448;3,276393781;5,394939803;22,2466405;Quarterly;01/01/80
Transport;ZWE;Zimbabwe;USD million;1981-Q3;11,91470286;2,865079592;1,955354689;11,00497795;Quarterly;01/01/80
Transport;ZWE;Zimbabwe;USD million;1981-Q4;19,22954003;5,253529979;2,846937519;16,82294757;Quarterly;01/01/80
Transport;ZWE;Zimbabwe;USD million;1982-Q1;12,46424268;3,215671617;2,960062693;12,20863376;Quarterly;01/01/80
Transport;ZWE;Zimbabwe;USD million;1982-Q2;18,35836436;4,323429381;4,035738766;18,07067374;Quarterly;01/01/80
Transport;ZWE;Zimbabwe;USD million;1982-Q3;14,37570347;2,866317502;4,694940296;16,20432627;Quarterly;01/01/80
Transport;ZWE;Zimbabwe;USD million;1982-Q4;11,18294354;3,150242525;1,785867675;9,818568687;Quarterly;01/01/80
Transport;ZWE;Zimbabwe;USD million;1983-Q1;20,76329443;2,045316347;5,736522458;24,45450054;Quarterly;01/01/80
Transport;ZWE;Zimbabwe;USD million;1983-Q2;19,89549063;5,204424559;4,733190249;19,42425632;Quarterly;01/01/80
Transport;ZWE;Zimbabwe;USD million;1983-Q3;21,62989067;4,646941994;3,05075705;20,03370573;Quarterly;01/01/80
Transport;ZWE;Zimbabwe;USD million;1983-Q4;17,07469719;4,80046553;1,617945022;13,89217669;Quarterly;01/01/80
Transport;ZWE;Zimbabwe;USD million;1984-Q1;9,350639571;3,40257952;2,106031048;8,054091099;Quarterly;01/01/80
Transport;ZWE;Zimbabwe;USD million;1984-Q2;12,47482912;2,565767066;1,212240661;11,12130271;Quarterly;01/01/80
Transport;ZWE;Zimbabwe;USD million;1984-Q3;13,0400296;3,034443221;2,672314846;12,67790123;Quarterly;01/01/80
Transport;ZWE;Zimbabwe;USD million;1984-Q4;13,25598095;4,16439037;1,825960685;10,91755126;Quarterly;01/01/80
Transport;ZWE;Zimbabwe;USD million;1985-Q1;15,85768783;2,248914387;3,774403609;17,38317705;Quarterly;01/01/80
Transport;ZWE;Zimbabwe;USD million;1985-Q2;7,111175483;2,593023718;1,564614131;6,082765896;Quarterly;01/01/80
Transport;ZWE;Zimbabwe;USD million;1985-Q3;21,44811321;4,732245048;4,35747756;21,07334572;Quarterly;01/01/80
Transport;ZWE;Zimbabwe;USD million;1985-Q4;12,54930222;3,287599069;2,958113711;12,21981686;Quarterly;01/01/80
Transport;ZWE;Zimbabwe;USD million;1986-Q1;20,54937894;6,497134719;4,392111507;18,44435573;Quarterly;01/01/80
Transport;ZWE;Zimbabwe;USD million;1986-Q2;11,30632997;2,389797723;2,0316533;10,94818555;Quarterly;01/01/80
Transport;ZWE;Zimbabwe;USD million;1986-Q3;13,98486105;1,921577104;2,120386329;14,18367027;Quarterly;01/01/80
Transport;ZWE;Zimbabwe;USD million;1986-Q4;13,50869708;2,64133911;2,095157955;12,96251592;Quarterly;01/01/80
Transport;ZWE;Zimbabwe;USD million;1987-Q1;14,03192397;2,800986073;3,513491963;14,74442986;Quarterly;01/01/80
Transport;ZWE;Zimbabwe;USD million;1987-Q2;13,90886186;2,87331223;1,684009717;12,71955935;Quarterly;01/01/80
Transport;ZWE;Zimbabwe;USD million;1987-Q3;18,9086595;1,787199473;4,512024672;21,6334847;Quarterly;01/01/80
Transport;ZWE;Zimbabwe;USD million;1987-Q4;13,29517264;3,225711904;3,49690046;13,5663612;Quarterly;01/01/80
Transport;ZWE;Zimbabwe;USD million;1988-Q1;12,95681352;3,591063606;2,813500829;12,17925075;Quarterly;01/01/80
Transport;ZWE;Zimbabwe;USD million;1988-Q2;13,15681545;2,634731108;1,725817423;12,24790176;Quarterly;01/01/80
Transport;ZWE;Zimbabwe;USD million;1988-Q3;15,81162457;4,703999817;4,381281149;15,4889059;Quarterly;01/01/80
Transport;ZWE;Zimbabwe;USD million;1988-Q4;22,30513951;6,508649671;4,307139355;20,1036292;Quarterly;01/01/80
Transport;ZWE;Zimbabwe;USD million;1989-Q1;12,02375713;2,386182316;3,171795264;12,80937008;Quarterly;01/01/80
Transport;ZWE;Zimbabwe;USD million;1989-Q2;24,73233585;6,055050299;5,060068461;23,73735401;Quarterly;01/01/80
Transport;ZWE;Zimbabwe;USD million;1989-Q3;15,17468398;2,594560674;3,359092617;15,93921593;Quarterly;01/01/80
Transport;ZWE;Zimbabwe;USD million;1989-Q4;9,048188499;2,504637817;1,570619332;8,114170014;Quarterly;01/01/80
Transport;ZWE;Zimbabwe;USD million;1990-Q1;21,16869281;4,975153798;3,086684474;19,28022349;Quarterly;01/01/80
Transport;ZWE;Zimbabwe;USD million;1990-Q2;18,68989841;4,10655929;4,497014467;19,08035358;Quarterly;01/01/80
Transport;ZWE;Zimbabwe;USD million;1990-Q3;7,795104686;1,267853471;1,621542717;8,148793932;Quarterly;01/01/80
Transport;ZWE;Zimbabwe;USD million;1990-Q4;25,26130241;4,966822346;7,379844019;27,67432408;Quarterly;01/01/80
Transport;ZWE;Zimbabwe;USD million;1991-Q1;16,18141663;2,508309195;4,313487949;17,98659538;Quarterly;01/01/80
Transport;ZWE;Zimbabwe;USD million;1991-Q2;14,03988493;2,793511076;2,500902227;13,74727608;Quarterly;01/01/80
Transport;ZWE;Zimbabwe;USD million;1991-Q3;17,56734836;4,814826414;2,864757703;15,61727965;Quarterly;01/01/80
Transport;ZWE;Zimbabwe;USD million;1991-Q4;10,33567447;3,30062949;3,01671648;10,05176146;Quarterly;01/01/80
Transport;ZWE;Zimbabwe;USD million;1992-Q1;22,63016112;5,613053249;5,527406812;22,54451468;Quarterly;01/01/80
Transport;ZWE;Zimbabwe;USD million;1992-Q2;13,01084551;1,992817518;3,523204988;14,54123298;Quarterly;01/01/80
Transport;ZWE;Zimbabwe;USD million;1992-Q3;13,32177514;1,666678028;3,185840654;14,84093776;Quarterly;01/01/80
Transport;ZWE;Zimbabwe;USD million;1992-Q4;18,40960633;6,20975211;3,632860518;15,83271474;Quarterly;01/01/80
Transport;ZWE;Zimbabwe;USD million;1993-Q1;15,47877288;4,338208648;3,787768688;14,92833292;Quarterly;01/01/80
Transport;ZWE;Zimbabwe;USD million;1993-Q2;16,56355819;4,050275877;4,698905556;17,21218787;Quarterly;01/01/80
Transport;ZWE;Zimbabwe;USD million;1993-Q3;20,71437597;4,5743016;2,652860764;18,79293513;Quarterly;01/01/80
Transport;ZWE;Zimbabwe;USD million;1993-Q4;13,59356206;1,674844911;1,951969476;13,87068662;Quarterly;01/01/80
Transport;ZWE;Zimbabwe;USD million;1994-Q1;16,88789798;5,839618777;3,237499838;14,28577904;Quarterly;01/01/80
Transport;ZWE;Zimbabwe;USD million;1994-Q2;9,837206525;2,519941067;2,275505276;9,592770735;Quarterly;01/01/80
Transport;ZWE;Zimbabwe;USD million;1994-Q3;6,969183979;1,558454075;1,204646947;6,61537685;Quarterly;01/01/80
Transport;ZWE;Zimbabwe;USD million;1994-Q4;9,329253077;3,370516927;1,682605708;7,641341858;Quarterly;01/01/80
Transport;ZWE;Zimbabwe;USD million;1995-Q1;30,18281708;11,8338269;3,833528546;22,18251872;Quarterly;01/01/80
Transport;ZWE;Zimbabwe;USD million;1995-Q2;24,73884476;5,090740831;3,15321439;22,80131832;Quarterly;01/01/80
Transport;ZWE;Zimbabwe;USD million;1995-Q3;8,467023452;1,273725659;1,176649908;8,369947701;Quarterly;01/01/80
Transport;ZWE;Zimbabwe;USD million;1995-Q4;12,58373057;3,235337112;3,321218331;12,66961179;Quarterly;01/01/80
Transport;ZWE;Zimbabwe;USD million;1996-Q1;13,22107705;2,188682113;2,382836127;13,41523106;Quarterly;01/01/80
Transport;ZWE;Zimbabwe;USD million;1996-Q2;13,59129849;1,216246497;3,57307841;15,9481304;Quarterly;01/01/80
Transport;ZWE;Zimbabwe;USD million;1996-Q3;11,40506606;3,496279621;1,791845405;9,70063184;Quarterly;01/01/80
Transport;ZWE;Zimbabwe;USD million;1996-Q4;20,9393616;2,66321675;6,005346705;24,28149155;Quarterly;01/01/80
Transport;ZWE;Zimbabwe;USD million;1997-Q1;15,22694379;1,851906438;3,556413662;16,93145101;Quarterly;01/01/80
Transport;ZWE;Zimbabwe;USD million;1997-Q2;11,00535425;2,467544738;2,507221284;11,04503079;Quarterly;01/01/80
Transport;ZWE;Zimbabwe;USD million;1997-Q3;8,540519751;1,707561416;1,258097077;8,091055411;Quarterly;01/01/80
Transport;ZWE;Zimbabwe;USD million;1997-Q4;18,25033001;2,979035924;5,033437055;20,30473114;Quarterly;01/01/80
Transport;ZWE;Zimbabwe;USD million;1998-Q1;11,0344225;1,11030237;1,535626753;11,45974688;Quarterly;01/01/80
Transport;ZWE;Zimbabwe;USD million;1998-Q2;15,12270551;2,370813754;3,311215834;16,06310759;Quarterly;01/01/80
Transport;ZWE;Zimbabwe;USD million;1998-Q3;28,43979673;4,110193312;8,048956947;32,37856036;Quarterly;01/01/80
Transport;ZWE;Zimbabwe;USD million;1998-Q4;21,9998469;6,37073094;5,580638146;21,20975411;Quarterly;01/01/80
Transport;ZWE;Zimbabwe;USD million;1999-Q1;11,69739476;2,945885256;3,179881615;11,93139112;Quarterly;01/01/80
Transport;ZWE;Zimbabwe;USD million;1999-Q2;27,30726778;4,136862011;3,212144582;26,38255035;Quarterly;01/01/80
Transport;ZWE;Zimbabwe;USD million;1999-Q3;16,335664;3,20133248;3,132948477;16,26728;Quarterly;01/01/80
Transport;ZWE;Zimbabwe;USD million;1999-Q4;18,04502852;2,859444766;4,74746845;19,9330522;Quarterly;01/01/80
Transport;ZWE;Zimbabwe;USD million;2000-Q1;17,55231634;3,55882922;2,944069763;16,93755689;Quarterly;01/01/80
Transport;ZWE;Zimbabwe;USD million;2000-Q2;8,166821822;2,053276665;1,652662609;7,766207766;Quarterly;01/01/80
Transport;ZWE;Zimbabwe;USD million;2000-Q3;18,78345834;5,0307791;5,003731175;18,75641042;Quarterly;01/01/80
Transport;ZWE;Zimbabwe;USD million;2000-Q4;23,84652186;5,98685131;6,114455833;23,97412639;Quarterly;01/01/80
Transport;ZWE;Zimbabwe;USD million;2001-Q1;9,757365609;2,595825359;1,409376728;8,570916979;Quarterly;01/01/80
Transport;ZWE;Zimbabwe;USD million;2001-Q2;14,07385528;4,701197015;3,202098635;12,5747569;Quarterly;01/01/80
Transport;ZWE;Zimbabwe;USD million;2001-Q3;14,82711563;3,605209824;3,680276358;14,90218217;Quarterly;01/01/80
Transport;ZWE;Zimbabwe;USD million;2001-Q4;27,07672026;8,082696014;7,384100077;26,37812432;Quarterly;01/01/80
Transport;ZWE;Zimbabwe;USD million;2002-Q1;20,48287221;6,148983775;4,360605268;18,69449371;Quarterly;01/01/80
Transport;ZWE;Zimbabwe;USD million;2002-Q2;21,11483321;4,011347332;3,590311153;20,69379703;Quarterly;01/01/80
Transport;ZWE;Zimbabwe;USD million;2002-Q3;14,46076868;1,315284057;4,330926505;17,47641113;Quarterly;01/01/80
Transport;ZWE;Zimbabwe;USD million;2002-Q4;11,03597905;2,415947959;2,512151337;11,13218243;Quarterly;01/01/80
Transport;ZWE;Zimbabwe;USD million;2003-Q1;23,80299545;5,036555837;3,439459906;22,20589952;Quarterly;01/01/80
Transport;ZWE;Zimbabwe;USD million;2003-Q2;19,19339593;7,214083065;1,862005748;13,84131861;Quarterly;01/01/80
Transport;ZWE;Zimbabwe;USD million;2003-Q3;11,30333901;1,643147742;2,320156664;11,98034794;Quarterly;01/01/80
Transport;ZWE;Zimbabwe;USD million;2003-Q4;12,48841921;2,687402453;2,020875618;11,82189237;Quarterly;01/01/80
Transport;ZWE;Zimbabwe;USD million;2004-Q1;22,05378334;4,311886089;3,430394963;21,17229222;Quarterly;01/01/80
Transport;ZWE;Zimbabwe;USD million;2004-Q2;15,99987842;2,767233021;2,28607987;15,51872527;Quarterly;01/01/80
Transport;ZWE;Zimbabwe;USD million;2004-Q3;9,487583163;2,528696191;1,842500279;8,801387251;Quarterly;01/01/80
Transport;ZWE;Zimbabwe;USD million;2004-Q4;10,42612081;2,368011272;1,79176256;9,849872103;Quarterly;01/01/80
Transport;ZWE;Zimbabwe;USD million;2005-Q1;14,15304338;3,870542792;2,050805664;12,33330625;Quarterly;01/01/80
Transport;ZWE;Zimbabwe;USD million;2005-Q2;20,18651321;4,943389813;3,02937592;18,27249932;Quarterly;01/01/80
Transport;ZWE;Zimbabwe;USD million;2005-Q3;23,39467522;3,612390271;5,441496926;25,22378188;Quarterly;01/01/80
Transport;ZWE;Zimbabwe;USD million;2005-Q4;14,14970664;2,563333301;1,1946397;12,78101304;Quarterly;01/01/80
Transport;ZWE;Zimbabwe;USD million;2006-Q1;14,85742616;4,660729216;2,871710586;13,06840753;Quarterly;01/01/80
Transport;ZWE;Zimbabwe;USD million;2006-Q2;15,0746625;2,22792586;3,521508761;16,36824541;Quarterly;01/01/80
Transport;ZWE;Zimbabwe;USD million;2006-Q3;14,5488173;4,143744188;3,139567372;13,54464048;Quarterly;01/01/80
Transport;ZWE;Zimbabwe;USD million;2006-Q4;30,50269302;6,145731094;6,700771898;31,05773383;Quarterly;01/01/80
Transport;ZWE;Zimbabwe;USD million;2007-Q1;15,03828923;2,595570687;3,359290164;15,80200871;Quarterly;01/01/80
Transport;ZWE;Zimbabwe;USD million;2007-Q2;19,20782935;5,236217498;3,030105301;17,00171715;Quarterly;01/01/80
Transport;ZWE;Zimbabwe;USD million;2007-Q3;11,91961535;3,755918057;2,911058438;11,07475573;Quarterly;01/01/80
Transport;ZWE;Zimbabwe;USD million;2007-Q4;26,08608942;5,351896108;3,832303149;24,56649646;Quarterly;01/01/80
Transport;ZWE;Zimbabwe;USD million;2008-Q1;7,105288677;2,495456119;1,702298777;6,312131336;Quarterly;01/01/80
Transport;ZWE;Zimbabwe;USD million;2008-Q2;23,31946268;4,326291043;5,287864563;24,2810362;Quarterly;01/01/80
Transport;ZWE;Zimbabwe;USD million;2008-Q3;14,40070252;2,960201514;4,011941352;15,45244236;Quarterly;01/01/80
Transport;ZWE;Zimbabwe;USD million;2008-Q4;13,80165711;4,373339496;2,230580176;11,65889779;Quarterly;01/01/80
Transport;ZWE;Zimbabwe;USD million;2009-Q1;14,50744246;2,399461689;3,222495431;15,3304762;Quarterly;01/01/80
Transport;ZWE;Zimbabwe;USD million;2009-Q2;11,43489017;1,463858186;2,137986911;12,1090189;Quarterly;01/01/80
Transport;ZWE;Zimbabwe;USD million;2009-Q3;19,16673981;4,68702055;4,959262479;19,43898174;Quarterly;01/01/80
Transport;ZWE;Zimbabwe;USD million;2009-Q4;13,5308787;1,810342891;2,76568682;14,48622263;Quarterly;01/01/80
Transport;ZWE;Zimbabwe;USD million;2010-Q1;11,96772977;1,938247941;2,113486919;12,14296875;Quarterly;01/01/80
Transport;ZWE;Zimbabwe;USD million;2010-Q2;22,20883811;7,047814088;1,813588303;16,97461233;Quarterly;01/01/80
Transport;ZWE;Zimbabwe;USD million;2010-Q3;17,03582923;4,789063259;4,167789875;16,41455585;Quarterly;01/01/80
Transport;ZWE;Zimbabwe;USD million;2010-Q4;26,95617661;6,637365718;3,653243392;23,97205428;Quarterly;01/01/80
Transport;ZWE;Zimbabwe;USD million;2011-Q1;16,49269815;4,052324253;3,560934348;16,00130825;Quarterly;01/01/80
Transport;ZWE;Zimbabwe;USD million;2011-Q2;10,51471706;1,06766147;2,107844584;11,55490018;Quarterly;01/01/80
Transport;ZWE;Zimbabwe;USD million;2011-Q3;15,34287828;2,833844263;3,048895774;15,55792979;Quarterly;01/01/80
Transport;ZWE;Zimbabwe;USD million;2011-Q4;13,99892047;4,909048475;3,896765766;12,98663776;Quarterly;01/01/80
Transport;ZWE;Zimbabwe;USD million;2012-Q1;8,970228714;1,509690286;2,04016797;9,500706398;Quarterly;01/01/80
Transport;ZWE;Zimbabwe;USD million;2012-Q2;14,42248902;2,603371413;3,675240589;15,4943582;Quarterly;01/01/80
Transport;ZWE;Zimbabwe;USD million;2012-Q3;28,67041641;6,356320401;5,040361752;27,35445777;Quarterly;01/01/80
Transport;ZWE;Zimbabwe;USD million;2012-Q4;11,81956088;3,116493886;1,636995548;10,34006254;Quarterly;01/01/80
Transport;ZWE;Zimbabwe;USD million;2013-Q1;11,60416977;3,1239136;3,085193571;11,56544974;Quarterly;01/01/80
Transport;ZWE;Zimbabwe;USD million;2013-Q2;16,91028293;4,675233946;4,260701576;16,49575056;Quarterly;01/01/80
Transport;ZWE;Zimbabwe;USD million;2013-Q3;31,0828899;7,177152152;8,643114787;32,54885253;Quarterly;01/01/80
Transport;ZWE;Zimbabwe;USD million;2013-Q4;9,087663871;1,627248381;2,467076697;9,927492187;Quarterly;01/01/80
Transport;ZWE;Zimbabwe;USD million;2014-Q1;17,2376923;4,668789111;2,631001865;15,19990506;Quarterly;01/01/80
Transport;ZWE;Zimbabwe;USD million;2014-Q2;12,11621396;2,59047294;2,367038623;11,89277964;Quarterly;01/01/80
Transport;ZWE;Zimbabwe;USD million;2014-Q3;12,24250348;2,665798742;2,758960174;12,33566491;Quarterly;01/01/80
Transport;ZWE;Zimbabwe;USD million;2014-Q4;19,41889997;3,580138401;1,755428475;17,59419005;Quarterly;01/01/80
Transport;ZWE;Zimbabwe;USD million;2015-Q1;13,73471021;3,63238616;3,360102604;13,46242665;Quarterly;01/01/80
Transport;ZWE;Zimbabwe;USD million;2015-Q2;18,67255617;5,108088035;3,624313095;17,18878123;Quarterly;01/01/80
Transport;ZWE;Zimbabwe;USD million;2015-Q3;13,81485785;3,887954098;4,05466034;13,98156409;Quarterly;01/01/80
Transport;ZWE;Zimbabwe;USD million;2015-Q4;7,624645204;0,749384847;1,273163138;8,148423496;Quarterly;01/01/80
Transport;ZWE;Zimbabwe;USD million;2016-Q1;27,20871888;6,099814628;3,006604142;24,11550839;Quarterly;01/01/80
Transport;ZWE;Zimbabwe;USD million;2016-Q2;7,952183329;2,198265309;1,336077691;7,089995711;Quarterly;01/01/80
Transport;ZWE;Zimbabwe;USD million;2016-Q3;24,60025598;5,565403882;4,113843738;23,14869583;Quarterly;01/01/80
Transport;ZWE;Zimbabwe;USD million;2016-Q4;15,10986822;3,918097041;2,029625431;13,22139661;Quarterly;01/01/80
Transport;ZWE;Zimbabwe;USD million;2017-Q1;18,89862799;4,23489108;3,280068064;17,94380498;Quarterly;01/01/80
Transport;ZWE;Zimbabwe;USD million;2017-Q2;15,15881584;2,318193775;4,216995963;17,05761803;Quarterly;01/01/80
Transport;ZWE;Zimbabwe;USD million;2017-Q3;11,62343102;3,273007597;1,940208692;10,29063211;Quarterly;01/01/80
Transport;ZWE;Zimbabwe;USD million;2017-Q4;17,74626874;4,203889765;4,326791836;17,86917082;Quarterly;01/01/80
Transport;ZWE;Zimbabwe;USD million;2018-Q1;14,48310782;3,228396097;2,280594344;13,53530606;Quarterly;01/01/80
Transport;ZWE;Zimbabwe;USD million;2018-Q2;12,51186979;3,96321415;2,306739163;10,8553948;Quarterly;01/01/80
Transport;ZWE;Zimbabwe;USD million;2018-Q3;14,48879929;2,27059856;2,087472476;14,3056732;Quarterly;01/01/80
Transport;ZWE;Zimbabwe;USD million;2018-Q4;13,23489103;2,13221908;3,086720863;14,18939281;Quarterly;01/01/80
Transport;ZWE;Zimbabwe;USD million;2019-Q1;9,365090346;1,259407375;1,98400939;10,08969236;Quarterly;01/01/80
Transport;ZWE;Zimbabwe;USD million;2019-Q2;19,87435358;3,486726797;5,141828982;21,52945577;Quarterly;01/01/80
Transport;ZWE;Zimbabwe;USD million;2019-Q3;12,77565438;3,828418415;2,593319475;11,54055545;Quarterly;01/01/80
Transport;ZWE;Zimbabwe;USD million;2019-Q4;9,811544462;2,367464902;1,70156433;9,14564389;Quarterly;01/01/80
Transport;ZWE;Zimbabwe;USD million;2020-Q1;14,85063833;1,59282741;1,401151829;14,65896275;Quarterly;01/01/80
Transport;ZWE;Zimbabwe;USD million;2020-Q2;18,94728818;2,798866727;5,311956097;21,46037755;Quarterly;01/01/80
Transport;ZWE;Zimbabwe;USD million;2020-Q3;19,9302315;5,554229277;3,360510161;17,73651238;Quarterly;01/01/80
Transport;ZWE;Zimbabwe;USD million;2020-Q4;11,4809963;3,604458194;2,541337544;10,41787565;Quarterly;01/01/80
Transport;ZWE;Zimbabwe;USD million;2021-Q1;15,87809701;3,772988508;2,697898325;14,80300683;Quarterly;01/01/80
Transport;ZWE;Zimbabwe;USD million;2021-Q2;12,47080937;3,544594097;3,017872317;11,94408759;Quarterly;01/01/80
Transport;ZWE;Zimbabwe;USD million;2021-Q3;16,89339615;3,251335239;1,867936317;15,50999722;Quarterly;01/01/80
Transport;ZWE;Zimbabwe;USD million;2021-Q4;11,23430768;2,304835733;1,987931643;10,91740359;Quarterly;01/01/80
Transport;ZWE;Zimbabwe;USD million;2022-Q1;13,08422063;2,579593434;3,612906435;14,11753363;Quarterly;01/01/80
Transport;ZWE;Zimbabwe;USD million;2022-Q2;9,178477803;2,518247973;1,665607827;8,325837657;Quarterly;01/01/80
Transport;ZWE;Zimbabwe;USD million;2022-Q3;16,541788;3,162133692;5,084980708;18,46463502;Quarterly;01/01/80
Transport;ZWE;Zimbabwe;USD million;2022-Q4;25,30458558;8,195846618;5,884469272;22,99320824;Quarterly;01/01/80
Transport;ZWE;Zimbabwe;USD million;2023-Q1;20,26257068;4,216903164;5,647213011;21,69288053;Quarterly;01/01/80
Transport;ZWE;Zimbabwe;USD million;2023-Q2;23,92978226;4,62657873;4,225713285;23,52891681;Quarterly;01/01/80
Transport;ZWE;Zimbabwe;USD million;2023-Q3;14,03648727;4,761161071;4,369747385;13,64507358;Quarterly;01/01/80
Transport;ZWE;Zimbabwe;USD million;2023-Q4;15,27574292;3,317761081;2,251756794;14,20973863;Quarterly;01/01/80
Transport;ZWE;Zimbabwe;USD million;2024-Q1;11,40553928;2,381706299;2,188234247;11,21206723;Quarterly;01/01/80
Transport;ZWE;Zimbabwe;USD million;2024-Q2;16,02119427;5,006942241;4,112171608;15,12642364;Quarterly;01/01/80
Transport;ZWE;Zimbabwe;USD million;2024-Q3;20,56796865;5,447262722;4,337300531;19,45800646;Quarterly;01/01/80
Transport;ZWE;Zimbabwe;USD million;2024-Q4;8,689675904;1,359369301;1,981441663;9,311748266;Quarterly;01/01/80
Transport;ZWE;Zimbabwe;USD million;2025-Q1;14,32485888;4,21632808;3,021581132;13,13011193;Quarterly;01/01/80
Transport;ZWE;Zimbabwe;USD million;2025-Q2;18,47966661;4,582894149;3,461506598;17,35827906;Quarterly;01/01/80
Transport;ZWE;Zimbabwe;USD million;2025-Q3;18,54097787;2,907124947;5,230028172;20,86388109;Quarterly;01/01/80
Transport;ZWE;Zimbabwe;USD million;2025-Q4;13,98589245;3,795958392;2,923411971;13,11334603;Quarterly;01/01/80
Transport;ZWE;Zimbabwe;USD million;2026-Q1;11,0679823;2,482842175;1,034614101;9,61975423;Quarterly;01/01/80
Transport;ZWE;Zimbabwe;USD million;2026-Q2;26,61324181;5,560253477;6,048404158;27,10139249;Quarterly;01/01/80
Transport;ZWE;Zimbabwe;USD million;2026-Q3;11,95110942;2,566468104;3,934411646;13,31905296;Quarterly;01/01/80