market;commodity;unit;period;global_demand;global_supply;price;price_change_pct;frequency;date
Global;coal;Synthetic price index / US$ equivalent;1980-Q1;3047,397027;3072,050244;51,12368831;0,364626098;Quarterly;01/01/80
Global;coal;Synthetic price index / US$ equivalent;1980-Q2;2989,197003;3006,577378;58,95698738;6,227588826;Quarterly;01/01/80
Global;coal;Synthetic price index / US$ equivalent;1980-Q3;3058,212765;2987,292326;62,6828013;1,761511717;Quarterly;01/01/80
Global;coal;Synthetic price index / US$ equivalent;1980-Q4;3038,928545;2955,962442;64,52324987;-0,670932671;Quarterly;01/01/80
Global;coal;Synthetic price index / US$ equivalent;1981-Q1;2918,711067;2874,200777;66,57047158;1,76236911;Quarterly;01/01/80
Global;coal;Synthetic price index / US$ equivalent;1981-Q2;3134,034976;3060,949216;66,1001757;-0,24533207;Quarterly;01/01/80
Global;coal;Synthetic price index / US$ equivalent;1981-Q3;3074,103718;3031,347351;62,75249525;-2,258969503;Quarterly;01/01/80
Global;coal;Synthetic price index / US$ equivalent;1981-Q4;3142,74646;3099,70939;55,88028119;-3,7204493;Quarterly;01/01/80
Global;coal;Synthetic price index / US$ equivalent;1982-Q1;3168,56736;3070,321454;51,64482504;-3,923981396;Quarterly;01/01/80
Global;coal;Synthetic price index / US$ equivalent;1982-Q2;3025,064167;2900,794241;44,08297961;-6,756168468;Quarterly;01/01/80
Global;coal;Synthetic price index / US$ equivalent;1982-Q3;3045,2926;2942,658748;37,04373322;-2,593324495;Quarterly;01/01/80
Global;coal;Synthetic price index / US$ equivalent;1982-Q4;3112,914793;3066,745598;30,34986051;-6,782528154;Quarterly;01/01/80
Global;coal;Synthetic price index / US$ equivalent;1983-Q1;3184,412087;3149,659356;32,40308369;5,648467651;Quarterly;01/01/80
Global;coal;Synthetic price index / US$ equivalent;1983-Q2;2997,376012;2924,784193;32,16372452;-3,794138066;Quarterly;01/01/80
Global;coal;Synthetic price index / US$ equivalent;1983-Q3;3101,683949;3146,362286;29,3201651;-1,986274491;Quarterly;01/01/80
Global;coal;Synthetic price index / US$ equivalent;1983-Q4;3213,979018;3309,974966;28,82087515;0,628011415;Quarterly;01/01/80
Global;coal;Synthetic price index / US$ equivalent;1984-Q1;3367,432017;3376,816671;28,25873485;-0,696190209;Quarterly;01/01/80
Global;coal;Synthetic price index / US$ equivalent;1984-Q2;3233,962316;3146,991656;26,98739853;-1,261509463;Quarterly;01/01/80
Global;coal;Synthetic price index / US$ equivalent;1984-Q3;3033,019092;2945,268858;29,7427368;3,819614802;Quarterly;01/01/80
Global;coal;Synthetic price index / US$ equivalent;1984-Q4;3215,927077;3230,542869;33,36260778;2,533826495;Quarterly;01/01/80
Global;coal;Synthetic price index / US$ equivalent;1985-Q1;3121,671707;3045,211935;32,19841702;-1,596318135;Quarterly;01/01/80
Global;coal;Synthetic price index / US$ equivalent;1985-Q2;3111,559697;3021,430624;29,33470343;-2,551529345;Quarterly;01/01/80
Global;coal;Synthetic price index / US$ equivalent;1985-Q3;3238,4012;3210,265716;26,42038803;-3,952644079;Quarterly;01/01/80
Global;coal;Synthetic price index / US$ equivalent;1985-Q4;3243,116995;3118,154035;25,12259789;0,479568797;Quarterly;01/01/80
Global;coal;Synthetic price index / US$ equivalent;1986-Q1;2965,064813;2860,429189;24,70668762;-0,665027757;Quarterly;01/01/80
Global;coal;Synthetic price index / US$ equivalent;1986-Q2;3083,76148;3047,902586;29,67868916;6,921272569;Quarterly;01/01/80
Global;coal;Synthetic price index / US$ equivalent;1986-Q3;3118,241929;3006,337094;32,74076028;3,973329509;Quarterly;01/01/80
Global;coal;Synthetic price index / US$ equivalent;1986-Q4;3253,873357;3163,400271;34,25471054;1,70607159;Quarterly;01/01/80
Global;coal;Synthetic price index / US$ equivalent;1987-Q1;3302,120793;3149,79916;38,80331442;2,974313073;Quarterly;01/01/80
Global;coal;Synthetic price index / US$ equivalent;1987-Q2;2887,979099;2964,770118;40,0310883;0,427625797;Quarterly;01/01/80
Global;coal;Synthetic price index / US$ equivalent;1987-Q3;3324,724648;3268,766574;41,50013459;3,151157122;Quarterly;01/01/80
Global;coal;Synthetic price index / US$ equivalent;1987-Q4;3060,561046;2943,026296;40,76498881;-2,410410758;Quarterly;01/01/80
Global;coal;Synthetic price index / US$ equivalent;1988-Q1;3224,678468;3078,826035;37,84934874;-2,693586652;Quarterly;01/01/80
Global;coal;Synthetic price index / US$ equivalent;1988-Q2;3104,268984;3031,43895;40,26912741;4,413243675;Quarterly;01/01/80
Global;coal;Synthetic price index / US$ equivalent;1988-Q3;3427,782037;3429,168356;39,25270653;-3,098543452;Quarterly;01/01/80
Global;coal;Synthetic price index / US$ equivalent;1988-Q4;3315,381962;3384,105101;38,54622232;1,515709094;Quarterly;01/01/80
Global;coal;Synthetic price index / US$ equivalent;1989-Q1;3343,012978;3181,08358;39,62653598;-1,225983562;Quarterly;01/01/80
Global;coal;Synthetic price index / US$ equivalent;1989-Q2;3481,03668;3496,749272;38,44125346;0,374123569;Quarterly;01/01/80
Global;coal;Synthetic price index / US$ equivalent;1989-Q3;3396,128241;3400,657023;39,85301242;0,602734983;Quarterly;01/01/80
Global;coal;Synthetic price index / US$ equivalent;1989-Q4;3466,857498;3411,384232;37,20938161;-3,584415884;Quarterly;01/01/80
Global;coal;Synthetic price index / US$ equivalent;1990-Q1;3569,615306;3613,987766;37,53401283;2,951945887;Quarterly;01/01/80
Global;coal;Synthetic price index / US$ equivalent;1990-Q2;3650,388984;3590,893293;38,09109631;-0,848525191;Quarterly;01/01/80
Global;coal;Synthetic price index / US$ equivalent;1990-Q3;3765,65157;3674,179307;42,43504784;5,584124185;Quarterly;01/01/80
Global;coal;Synthetic price index / US$ equivalent;1990-Q4;3630,030933;3598,632982;47,55253478;2,839636551;Quarterly;01/01/80
Global;coal;Synthetic price index / US$ equivalent;1991-Q1;3504,054622;3393,626257;49,31055643;0,367560979;Quarterly;01/01/80
Global;coal;Synthetic price index / US$ equivalent;1991-Q2;3620,806365;3479,93196;52,1908628;3,695092051;Quarterly;01/01/80
Global;coal;Synthetic price index / US$ equivalent;1991-Q3;3724,662389;3640,679046;58,91036213;3,605153954;Quarterly;01/01/80
Global;coal;Synthetic price index / US$ equivalent;1991-Q4;3390,087317;3212,914428;63,84187772;1,414254393;Quarterly;01/01/80
Global;coal;Synthetic price index / US$ equivalent;1992-Q1;3494,986664;3514,80051;71,92142625;4,398937998;Quarterly;01/01/80
Global;coal;Synthetic price index / US$ equivalent;1992-Q2;3512,672884;3512,004966;65,35027632;-3,616346608;Quarterly;01/01/80
Global;coal;Synthetic price index / US$ equivalent;1992-Q3;3488,557041;3384,183055;66,40448541;-0,869199397;Quarterly;01/01/80
Global;coal;Synthetic price index / US$ equivalent;1992-Q4;3420,201801;3261,667648;63,33265802;2,495835534;Quarterly;01/01/80
Global;coal;Synthetic price index / US$ equivalent;1993-Q1;3505,895351;3408,234001;66,78779692;0,284486721;Quarterly;01/01/80
Global;coal;Synthetic price index / US$ equivalent;1993-Q2;3517,724937;3431,290027;64,20364614;-2,661385112;Quarterly;01/01/80
Global;coal;Synthetic price index / US$ equivalent;1993-Q3;3680,074261;3647,437382;71,33476161;4,953552841;Quarterly;01/01/80
Global;coal;Synthetic price index / US$ equivalent;1993-Q4;3666,874455;3684,143418;66,03982322;-2,721658024;Quarterly;01/01/80
Global;coal;Synthetic price index / US$ equivalent;1994-Q1;3579,796089;3456,768495;64,66840149;-2,066226769;Quarterly;01/01/80
Global;coal;Synthetic price index / US$ equivalent;1994-Q2;3631,470039;3637,4319;65,96730065;3,206425481;Quarterly;01/01/80
Global;coal;Synthetic price index / US$ equivalent;1994-Q3;3721,207789;3671,331936;62,00838817;-5,248793778;Quarterly;01/01/80
Global;coal;Synthetic price index / US$ equivalent;1994-Q4;3772,425839;3600,555199;57,65567823;0,409915109;Quarterly;01/01/80
Global;coal;Synthetic price index / US$ equivalent;1995-Q1;3634,508483;3635,283857;54,35122224;-2,120747412;Quarterly;01/01/80
Global;coal;Synthetic price index / US$ equivalent;1995-Q2;3980,369674;3964,247113;55,80563561;0,165325026;Quarterly;01/01/80
Global;coal;Synthetic price index / US$ equivalent;1995-Q3;3911,867597;3710,588892;56,83609283;1,401829434;Quarterly;01/01/80
Global;coal;Synthetic price index / US$ equivalent;1995-Q4;3470,410488;3390,204359;47,45369756;-7,501498159;Quarterly;01/01/80
Global;coal;Synthetic price index / US$ equivalent;1996-Q1;3905,035557;3757,452531;46,33379963;3,476544762;Quarterly;01/01/80
Global;coal;Synthetic price index / US$ equivalent;1996-Q2;3734,259962;3574,267759;49,1318149;-0,480514507;Quarterly;01/01/80
Global;coal;Synthetic price index / US$ equivalent;1996-Q3;3756,388647;3766,566387;51,50040551;2,174188276;Quarterly;01/01/80
Global;coal;Synthetic price index / US$ equivalent;1996-Q4;3930,526543;3868,263642;50,57825517;-0,79505378;Quarterly;01/01/80
Global;coal;Synthetic price index / US$ equivalent;1997-Q1;3777,830397;3864,209923;50,35804674;-0,09240986;Quarterly;01/01/80
Global;coal;Synthetic price index / US$ equivalent;1997-Q2;3692,889302;3650,143582;55,68612331;4,435244031;Quarterly;01/01/80
Global;coal;Synthetic price index / US$ equivalent;1997-Q3;3584,882537;3596,561253;53,01106469;-4,004741268;Quarterly;01/01/80
Global;coal;Synthetic price index / US$ equivalent;1997-Q4;3541,552435;3664,071326;54,73393702;3,526004524;Quarterly;01/01/80
Global;coal;Synthetic price index / US$ equivalent;1998-Q1;3884,217178;3826,404597;53,78504665;-1,638697369;Quarterly;01/01/80
Global;coal;Synthetic price index / US$ equivalent;1998-Q2;3853,109952;3802,414693;52,10473978;-0,733143384;Quarterly;01/01/80
Global;coal;Synthetic price index / US$ equivalent;1998-Q3;3926,861369;3943,71107;51,08403598;-0,389099204;Quarterly;01/01/80
Global;coal;Synthetic price index / US$ equivalent;1998-Q4;3726,206565;3791,417853;48,33456536;-2,951500457;Quarterly;01/01/80
Global;coal;Synthetic price index / US$ equivalent;1999-Q1;3885,887967;3887,619411;48,36689373;0,739441384;Quarterly;01/01/80
Global;coal;Synthetic price index / US$ equivalent;1999-Q2;4117,997069;4117,43903;42,97240976;-2,987895534;Quarterly;01/01/80
Global;coal;Synthetic price index / US$ equivalent;1999-Q3;3955,986503;3981,735745;46,88206201;2,100126536;Quarterly;01/01/80
Global;coal;Synthetic price index / US$ equivalent;1999-Q4;4154,346686;4058,265258;46,66061195;2,743861077;Quarterly;01/01/80
Global;coal;Synthetic price index / US$ equivalent;2000-Q1;4031,423893;4018,94726;48,46413626;0,194278378;Quarterly;01/01/80
Global;coal;Synthetic price index / US$ equivalent;2000-Q2;4146,477712;4205,340425;46,82635151;-0,780656935;Quarterly;01/01/80
Global;coal;Synthetic price index / US$ equivalent;2000-Q3;4138,522797;4162,821047;42,16897392;-5,693347;Quarterly;01/01/80
Global;coal;Synthetic price index / US$ equivalent;2000-Q4;4153,609033;4138,182339;42,81324359;3,787125166;Quarterly;01/01/80
Global;coal;Synthetic price index / US$ equivalent;2001-Q1;3986,835944;3816,135231;46,617161;0,745701788;Quarterly;01/01/80
Global;coal;Synthetic price index / US$ equivalent;2001-Q2;4475,573612;4321,459542;49,81363069;3,082215088;Quarterly;01/01/80
Global;coal;Synthetic price index / US$ equivalent;2001-Q3;4192,191826;4105,480407;50,52210946;-0,290159253;Quarterly;01/01/80
Global;coal;Synthetic price index / US$ equivalent;2001-Q4;4190,239532;4147,622096;50,955338;1,533722827;Quarterly;01/01/80
Global;coal;Synthetic price index / US$ equivalent;2002-Q1;4315,536616;4183,611838;52,3664989;0,614157458;Quarterly;01/01/80
Global;coal;Synthetic price index / US$ equivalent;2002-Q2;4112,916001;4118,220524;55,35171858;0,303669162;Quarterly;01/01/80
Global;coal;Synthetic price index / US$ equivalent;2002-Q3;4330,334473;4167,470063;58,58582083;5,231678191;Quarterly;01/01/80
Global;coal;Synthetic price index / US$ equivalent;2002-Q4;4159,60924;4011,783671;58,49298816;-2,554366233;Quarterly;01/01/80
Global;coal;Synthetic price index / US$ equivalent;2003-Q1;4141,235178;4162,62539;64,35638506;4,327838692;Quarterly;01/01/80
Global;coal;Synthetic price index / US$ equivalent;2003-Q2;4230,024896;4198,315118;64,18623273;-1,182293051;Quarterly;01/01/80
Global;coal;Synthetic price index / US$ equivalent;2003-Q3;4206,636878;4324,67555;64,21536569;2,377908484;Quarterly;01/01/80
Global;coal;Synthetic price index / US$ equivalent;2003-Q4;4430,891571;4210,231414;70,3021952;2,968007641;Quarterly;01/01/80
Global;coal;Synthetic price index / US$ equivalent;2004-Q1;4197,037004;4115,125976;78,62266904;3,240497399;Quarterly;01/01/80
Global;coal;Synthetic price index / US$ equivalent;2004-Q2;4327,668673;4085,496312;74,41081675;-2,423783111;Quarterly;01/01/80
Global;coal;Synthetic price index / US$ equivalent;2004-Q3;4487,629837;4339,666771;82,13781531;4,910537564;Quarterly;01/01/80
Global;coal;Synthetic price index / US$ equivalent;2004-Q4;4738,604986;4604,658767;92,65014109;3,814561434;Quarterly;01/01/80
Global;coal;Synthetic price index / US$ equivalent;2005-Q1;4812,451479;4783,851219;96,59793584;1,738593436;Quarterly;01/01/80
Global;coal;Synthetic price index / US$ equivalent;2005-Q2;4716,486326;4797,551262;94,36009619;-3,382569313;Quarterly;01/01/80
Global;coal;Synthetic price index / US$ equivalent;2005-Q3;4825,339212;4781,526357;92,21893123;2,047549979;Quarterly;01/01/80
Global;coal;Synthetic price index / US$ equivalent;2005-Q4;5003,156807;4802,563244;98,24320601;2,076602036;Quarterly;01/01/80
Global;coal;Synthetic price index / US$ equivalent;2006-Q1;4564,421747;4610,476006;103,2635731;0,718244629;Quarterly;01/01/80
Global;coal;Synthetic price index / US$ equivalent;2006-Q2;4655,799796;4450,564175;97,68650203;-4,551007025;Quarterly;01/01/80
Global;coal;Synthetic price index / US$ equivalent;2006-Q3;4965,561086;4934,670813;91,443213;0,606599317;Quarterly;01/01/80
Global;coal;Synthetic price index / US$ equivalent;2006-Q4;4794,842663;4863,965489;90,15767607;0,275819139;Quarterly;01/01/80
Global;coal;Synthetic price index / US$ equivalent;2007-Q1;4904,601139;4993,007955;88,0073172;-1,036031274;Quarterly;01/01/80
Global;coal;Synthetic price index / US$ equivalent;2007-Q2;4918,053291;4864,144825;85,14069701;-0,867275805;Quarterly;01/01/80
Global;coal;Synthetic price index / US$ equivalent;2007-Q3;5001,92459;4829,855381;88,55298292;0,216838368;Quarterly;01/01/80
Global;coal;Synthetic price index / US$ equivalent;2007-Q4;5323,225673;5297,976537;85,51042737;-0,502383094;Quarterly;01/01/80
Global;coal;Synthetic price index / US$ equivalent;2008-Q1;4843,93136;4606,484643;90,97534925;3,133329285;Quarterly;01/01/80
Global;coal;Synthetic price index / US$ equivalent;2008-Q2;5048,752154;4978,630809;101,7866644;3,13999109;Quarterly;01/01/80
Global;coal;Synthetic price index / US$ equivalent;2008-Q3;4837,334631;4843,560685;101,8009095;-0,342190335;Quarterly;01/01/80
Global;coal;Synthetic price index / US$ equivalent;2008-Q4;5198,731634;5208,640814;107,7628205;0,779828541;Quarterly;01/01/80
Global;coal;Synthetic price index / US$ equivalent;2009-Q1;4831,917547;4750,847516;91,93917946;-5,932946827;Quarterly;01/01/80
Global;coal;Synthetic price index / US$ equivalent;2009-Q2;5065,294586;5011,045506;89,53043479;2,896074106;Quarterly;01/01/80
Global;coal;Synthetic price index / US$ equivalent;2009-Q3;4966,721166;5003,422517;90,25043378;-1,617732027;Quarterly;01/01/80
Global;coal;Synthetic price index / US$ equivalent;2009-Q4;5040,352902;5089,241114;81,6107994;-4,786124381;Quarterly;01/01/80
Global;coal;Synthetic price index / US$ equivalent;2010-Q1;5331,553503;5415,098167;77,88352144;1,240549527;Quarterly;01/01/80
Global;coal;Synthetic price index / US$ equivalent;2010-Q2;5151,389724;5149,86143;77,68530063;-2,32088638;Quarterly;01/01/80
Global;coal;Synthetic price index / US$ equivalent;2010-Q3;5184,619883;5184,702722;66,81674505;-3,478638724;Quarterly;01/01/80
Global;coal;Synthetic price index / US$ equivalent;2010-Q4;4923,945252;5168,721684;69,7716077;1,734891084;Quarterly;01/01/80
Global;coal;Synthetic price index / US$ equivalent;2011-Q1;5184,709972;5030,03469;73,42245495;3,159722937;Quarterly;01/01/80
Global;coal;Synthetic price index / US$ equivalent;2011-Q2;5316,657307;5183,049351;75,75062481;-1,645477028;Quarterly;01/01/80
Global;coal;Synthetic price index / US$ equivalent;2011-Q3;5061,827617;4998,024672;72,82231182;-0,509374153;Quarterly;01/01/80
Global;coal;Synthetic price index / US$ equivalent;2011-Q4;5427,516504;5419,552237;70,06748028;0,677058463;Quarterly;01/01/80
Global;coal;Synthetic price index / US$ equivalent;2012-Q1;5178,207777;5089,614641;71,15957407;-2,522861668;Quarterly;01/01/80
Global;coal;Synthetic price index / US$ equivalent;2012-Q2;5337,40594;5190,813586;67,34178784;-0,254882691;Quarterly;01/01/80
Global;coal;Synthetic price index / US$ equivalent;2012-Q3;5317,87295;5037,2282;72,16497789;4,128058219;Quarterly;01/01/80
Global;coal;Synthetic price index / US$ equivalent;2012-Q4;5318,467484;5164,195831;79,72589583;1,766194486;Quarterly;01/01/80
Global;coal;Synthetic price index / US$ equivalent;2013-Q1;4958,72779;4851,816432;76,19932428;-1,514106995;Quarterly;01/01/80
Global;coal;Synthetic price index / US$ equivalent;2013-Q2;5096,00424;5020,410318;78,44263108;-0,15338373;Quarterly;01/01/80
Global;coal;Synthetic price index / US$ equivalent;2013-Q3;5300,107333;5482,749393;74,58738277;-2,550594234;Quarterly;01/01/80
Global;coal;Synthetic price index / US$ equivalent;2013-Q4;5365,296109;5176,000532;63,11271491;-3,094606839;Quarterly;01/01/80
Global;coal;Synthetic price index / US$ equivalent;2014-Q1;5303,326709;5439,975842;57,57136373;-2,730235567;Quarterly;01/01/80
Global;coal;Synthetic price index / US$ equivalent;2014-Q2;5625,53584;5621,615944;56,50270157;-0,930215524;Quarterly;01/01/80
Global;coal;Synthetic price index / US$ equivalent;2014-Q3;5177,671972;5041,149078;58,34434821;2,421287802;Quarterly;01/01/80
Global;coal;Synthetic price index / US$ equivalent;2014-Q4;5669,46078;5734,343794;56,42358985;-2,437112622;Quarterly;01/01/80
Global;coal;Synthetic price index / US$ equivalent;2015-Q1;5225,514618;5125,053155;59,42781621;4,058014072;Quarterly;01/01/80
Global;coal;Synthetic price index / US$ equivalent;2015-Q2;5375,310342;5489,904871;65,19485576;3,023410002;Quarterly;01/01/80
Global;coal;Synthetic price index / US$ equivalent;2015-Q3;4889,564742;4749,123865;73,03367329;5,869442567;Quarterly;01/01/80
Global;coal;Synthetic price index / US$ equivalent;2015-Q4;5092,835922;5015,141799;85,84733569;2,43638025;Quarterly;01/01/80
Global;coal;Synthetic price index / US$ equivalent;2016-Q1;5161,19367;5061,606301;77,9686018;-5,284974347;Quarterly;01/01/80
Global;coal;Synthetic price index / US$ equivalent;2016-Q2;5227,469499;5174,028188;76,6806158;0,938955331;Quarterly;01/01/80
Global;coal;Synthetic price index / US$ equivalent;2016-Q3;5119,034777;5199,22263;75,39027277;-0,166276354;Quarterly;01/01/80
Global;coal;Synthetic price index / US$ equivalent;2016-Q4;5383,395788;5149,182815;78,59949153;2,796055601;Quarterly;01/01/80
Global;coal;Synthetic price index / US$ equivalent;2017-Q1;5212,571585;5127,709722;91,44375136;7,575145647;Quarterly;01/01/80
Global;coal;Synthetic price index / US$ equivalent;2017-Q2;5569,664873;5444,90751;101,8871308;2,008210268;Quarterly;01/01/80
Global;coal;Synthetic price index / US$ equivalent;2017-Q3;5337,142126;5136,557419;111,4663613;1,857049653;Quarterly;01/01/80
Global;coal;Synthetic price index / US$ equivalent;2017-Q4;5258,050529;5399,592412;107,2530025;-2,983619159;Quarterly;01/01/80
Global;coal;Synthetic price index / US$ equivalent;2018-Q1;5182,457876;5252,727765;103,0874518;-0,230253382;Quarterly;01/01/80
Global;coal;Synthetic price index / US$ equivalent;2018-Q2;5331,805654;5119,600255;102,5526989;0,926895018;Quarterly;01/01/80
Global;coal;Synthetic price index / US$ equivalent;2018-Q3;5434,534236;5442,382803;102,2404463;-1,086836901;Quarterly;01/01/80
Global;coal;Synthetic price index / US$ equivalent;2018-Q4;5638,449778;5689,352326;104,8593186;2,133850884;Quarterly;01/01/80
Global;coal;Synthetic price index / US$ equivalent;2019-Q1;5192,040381;4983,252025;108,2031962;1,296747754;Quarterly;01/01/80
Global;coal;Synthetic price index / US$ equivalent;2019-Q2;5762,981916;5667,384383;122,0895035;2,852911011;Quarterly;01/01/80
Global;coal;Synthetic price index / US$ equivalent;2019-Q3;5347,295338;5374,974653;117,8265542;-1,65820889;Quarterly;01/01/80
Global;coal;Synthetic price index / US$ equivalent;2019-Q4;5420,630533;5579,60175;116,0533218;0,67464819;Quarterly;01/01/80
Global;coal;Synthetic price index / US$ equivalent;2020-Q1;5285,93974;5259,662374;120,1475625;-0,465280275;Quarterly;01/01/80
Global;coal;Synthetic price index / US$ equivalent;2020-Q2;5513,696172;5478,315779;112,4026897;-1,558055615;Quarterly;01/01/80
Global;coal;Synthetic price index / US$ equivalent;2020-Q3;5567,382793;5724,946777;101,35584;-1,826948163;Quarterly;01/01/80
Global;coal;Synthetic price index / US$ equivalent;2020-Q4;5583,830324;5468,152341;106,0114873;1,28223903;Quarterly;01/01/80
Global;coal;Synthetic price index / US$ equivalent;2021-Q1;5655,910567;5666,643168;104,6305452;-0,364021602;Quarterly;01/01/80
Global;coal;Synthetic price index / US$ equivalent;2021-Q2;5572,063407;5418,413414;107,9815686;-0,222117456;Quarterly;01/01/80
Global;coal;Synthetic price index / US$ equivalent;2021-Q3;5462,840742;5383,887488;104,6773467;-1,140635267;Quarterly;01/01/80
Global;coal;Synthetic price index / US$ equivalent;2021-Q4;5850,831513;5807,762938;109,4694996;1,434806205;Quarterly;01/01/80
Global;coal;Synthetic price index / US$ equivalent;2022-Q1;5827,864273;6099,878294;112,4877914;4,655207257;Quarterly;01/01/80
Global;coal;Synthetic price index / US$ equivalent;2022-Q2;5519,438925;5503,95397;120,9245027;0,32443634;Quarterly;01/01/80
Global;coal;Synthetic price index / US$ equivalent;2022-Q3;5534,73651;5472,127492;122,4071029;1,742538298;Quarterly;01/01/80
Global;coal;Synthetic price index / US$ equivalent;2022-Q4;5694,966105;5807,304064;129,0065249;0,348327952;Quarterly;01/01/80
Global;coal;Synthetic price index / US$ equivalent;2023-Q1;5778,839879;5701,02135;117,2555262;-2,033687906;Quarterly;01/01/80
Global;coal;Synthetic price index / US$ equivalent;2023-Q2;5568,448906;5462,416125;132,2709089;4,505151126;Quarterly;01/01/80
Global;coal;Synthetic price index / US$ equivalent;2023-Q3;5968,139315;5800,800316;142,9017719;1,888482536;Quarterly;01/01/80
Global;coal;Synthetic price index / US$ equivalent;2023-Q4;6042,268635;5880,641449;155,9066212;3,203796784;Quarterly;01/01/80
Global;coal;Synthetic price index / US$ equivalent;2024-Q1;6026,685594;5818,086113;142,5752566;-5,322326934;Quarterly;01/01/80
Global;coal;Synthetic price index / US$ equivalent;2024-Q2;5626,854348;5186,89107;141,7444239;1,632955321;Quarterly;01/01/80
Global;coal;Synthetic price index / US$ equivalent;2024-Q3;5573,618562;5526,647617;143,6058916;1,609817701;Quarterly;01/01/80
Global;coal;Synthetic price index / US$ equivalent;2024-Q4;5698,365684;5441,142971;153,3016643;1,158252629;Quarterly;01/01/80
Global;coal;Synthetic price index / US$ equivalent;2025-Q1;5300,898067;5205,530317;150,0197067;-0,24098965;Quarterly;01/01/80
Global;coal;Synthetic price index / US$ equivalent;2025-Q2;5505,477083;5294,14123;154,8465462;0,040506376;Quarterly;01/01/80
Global;coal;Synthetic price index / US$ equivalent;2025-Q3;5725,532812;5743,570384;156,0038329;1,763899945;Quarterly;01/01/80
Global;coal;Synthetic price index / US$ equivalent;2025-Q4;5296,468097;5465,655855;152,2654383;-3,926073461;Quarterly;01/01/80
Global;coal;Synthetic price index / US$ equivalent;2026-Q1;5208,378959;5061,230298;154,8868354;3,328585209;Quarterly;01/01/80
Global;coal;Synthetic price index / US$ equivalent;2026-Q2;5864,344656;5800,497839;146,4141159;-2,374160813;Quarterly;01/01/80
Global;coal;Synthetic price index / US$ equivalent;2026-Q3;5672,644713;5735,244131;141,6386278;-1,918099523;Quarterly;01/01/80
Global;commodity;Synthetic price index / US$ equivalent;1980-Q1;3084,121253;3045,508906;99,40678362;0,282432032;Quarterly;01/01/80
Global;commodity;Synthetic price index / US$ equivalent;1980-Q2;2926,665162;2939,503952;99,35300238;0,757393792;Quarterly;01/01/80
Global;commodity;Synthetic price index / US$ equivalent;1980-Q3;2972,685245;2929,779069;100,6873274;0,502385431;Quarterly;01/01/80
Global;commodity;Synthetic price index / US$ equivalent;1980-Q4;2992,191313;3160,124456;95,69413225;-3,297128288;Quarterly;01/01/80
Global;commodity;Synthetic price index / US$ equivalent;1981-Q1;2963,268848;2970,720499;95,81125145;2,046768105;Quarterly;01/01/80
Global;commodity;Synthetic price index / US$ equivalent;1981-Q2;3161,341228;3035,998105;107,0746039;2,737698297;Quarterly;01/01/80
Global;commodity;Synthetic price index / US$ equivalent;1981-Q3;3269,944061;3208,554961;104,5349439;-1,318142507;Quarterly;01/01/80
Global;commodity;Synthetic price index / US$ equivalent;1981-Q4;2958,925184;2840,083072;97,66776174;-2,010718687;Quarterly;01/01/80
Global;commodity;Synthetic price index / US$ equivalent;1982-Q1;3119,692261;3172,962168;94,97243316;-0,510639127;Quarterly;01/01/80
Global;commodity;Synthetic price index / US$ equivalent;1982-Q2;2962,001136;2897,782158;101,3207917;2,951043704;Quarterly;01/01/80
Global;commodity;Synthetic price index / US$ equivalent;1982-Q3;3010,808737;3022,023917;96,28468819;-3,514365839;Quarterly;01/01/80
Global;commodity;Synthetic price index / US$ equivalent;1982-Q4;3057,674913;3095,210399;92,78994361;-0,842329524;Quarterly;01/01/80
Global;commodity;Synthetic price index / US$ equivalent;1983-Q1;3030,760441;3050,690494;91,63827524;0,210793478;Quarterly;01/01/80
Global;commodity;Synthetic price index / US$ equivalent;1983-Q2;3003,069606;3008,679974;94,81188056;1,068504939;Quarterly;01/01/80
Global;commodity;Synthetic price index / US$ equivalent;1983-Q3;3038,030049;3045,542734;100,5503038;3,113962921;Quarterly;01/01/80
Global;commodity;Synthetic price index / US$ equivalent;1983-Q4;3025,749383;2981,19733;111,6427726;2,854046239;Quarterly;01/01/80
Global;commodity;Synthetic price index / US$ equivalent;1984-Q1;3281,323061;3285,029517;105,4964542;-2,60021593;Quarterly;01/01/80
Global;commodity;Synthetic price index / US$ equivalent;1984-Q2;3134,158428;3164,158053;102,614589;-1,747111482;Quarterly;01/01/80
Global;commodity;Synthetic price index / US$ equivalent;1984-Q3;3169,579119;3171,72791;101,3189704;1,821087569;Quarterly;01/01/80
Global;commodity;Synthetic price index / US$ equivalent;1984-Q4;3262,353061;3338,50902;112,5536866;3,581707242;Quarterly;01/01/80
Global;commodity;Synthetic price index / US$ equivalent;1985-Q1;3232,070288;3072,885338;113,3828686;-0,508361528;Quarterly;01/01/80
Global;commodity;Synthetic price index / US$ equivalent;1985-Q2;3220,121935;3121,130762;104,9370402;-4,146674597;Quarterly;01/01/80
Global;commodity;Synthetic price index / US$ equivalent;1985-Q3;3279,864451;3142,125283;97,03639392;-0,756007719;Quarterly;01/01/80
Global;commodity;Synthetic price index / US$ equivalent;1985-Q4;3154,043686;3153,702259;97,01037834;-0,012421904;Quarterly;01/01/80
Global;commodity;Synthetic price index / US$ equivalent;1986-Q1;3397,961495;3421,943281;98,45559431;0,166365296;Quarterly;01/01/80
Global;commodity;Synthetic price index / US$ equivalent;1986-Q2;3227,135387;3134,190815;97,11994805;-1,012726101;Quarterly;01/01/80
Global;commodity;Synthetic price index / US$ equivalent;1986-Q3;3251,851175;3081,387801;95,00536675;0,48331843;Quarterly;01/01/80
Global;commodity;Synthetic price index / US$ equivalent;1986-Q4;3195,502646;3080,551115;98,71257624;1,465724937;Quarterly;01/01/80
Global;commodity;Synthetic price index / US$ equivalent;1987-Q1;3075,143801;3050,950114;96,37224439;-1,616270173;Quarterly;01/01/80
Global;commodity;Synthetic price index / US$ equivalent;1987-Q2;3228,421546;3410,469604;92,0392471;-2,513776668;Quarterly;01/01/80
Global;commodity;Synthetic price index / US$ equivalent;1987-Q3;3063,987466;3081,435102;81,62738132;-2,86735185;Quarterly;01/01/80
Global;commodity;Synthetic price index / US$ equivalent;1987-Q4;3205,368882;3192,209887;81,80307351;2,340172075;Quarterly;01/01/80
Global;commodity;Synthetic price index / US$ equivalent;1988-Q1;3060,628678;2978,987208;91,3767162;1,795657609;Quarterly;01/01/80
Global;commodity;Synthetic price index / US$ equivalent;1988-Q2;3239,85764;3080,591619;86,27444434;-1,645337672;Quarterly;01/01/80
Global;commodity;Synthetic price index / US$ equivalent;1988-Q3;3102,833784;3059,164876;88,66371647;1,29445557;Quarterly;01/01/80
Global;commodity;Synthetic price index / US$ equivalent;1988-Q4;3296,913384;3236,621097;97,09833853;2,185490948;Quarterly;01/01/80
Global;commodity;Synthetic price index / US$ equivalent;1989-Q1;3132,998627;3163,60686;95,99966166;-1,41920832;Quarterly;01/01/80
Global;commodity;Synthetic price index / US$ equivalent;1989-Q2;3331,887068;3350,574132;90,77797806;2,506311931;Quarterly;01/01/80
Global;commodity;Synthetic price index / US$ equivalent;1989-Q3;3524,326846;3663,025919;98,03749021;0,844811872;Quarterly;01/01/80
Global;commodity;Synthetic price index / US$ equivalent;1989-Q4;3653,593898;3778,839524;104,4880285;1,315935177;Quarterly;01/01/80
Global;commodity;Synthetic price index / US$ equivalent;1990-Q1;3510,912755;3540,397918;96,85659215;-2,500475451;Quarterly;01/01/80
Global;commodity;Synthetic price index / US$ equivalent;1990-Q2;3756,477355;3722,770409;95,35417515;0,424801828;Quarterly;01/01/80
Global;commodity;Synthetic price index / US$ equivalent;1990-Q3;3589,667483;3429,68693;100,2014425;2,430512399;Quarterly;01/01/80
Global;commodity;Synthetic price index / US$ equivalent;1990-Q4;3316,919622;3388,482035;102,7241241;-0,519503749;Quarterly;01/01/80
Global;commodity;Synthetic price index / US$ equivalent;1991-Q1;3659,34065;3560,889227;106,4109998;1,426542264;Quarterly;01/01/80
Global;commodity;Synthetic price index / US$ equivalent;1991-Q2;3621,539754;3596,171125;113,9051175;3,740892195;Quarterly;01/01/80
Global;commodity;Synthetic price index / US$ equivalent;1991-Q3;3555,924076;3570,082482;113,3447637;-0,869629472;Quarterly;01/01/80
Global;commodity;Synthetic price index / US$ equivalent;1991-Q4;3509,262449;3539,840947;111,9466688;-0,653957684;Quarterly;01/01/80
Global;commodity;Synthetic price index / US$ equivalent;1992-Q1;3536,409251;3590,6608;115,710124;0,918782466;Quarterly;01/01/80
Global;commodity;Synthetic price index / US$ equivalent;1992-Q2;3535,465766;3550,554582;119,0431513;1,325469956;Quarterly;01/01/80
Global;commodity;Synthetic price index / US$ equivalent;1992-Q3;3424,255458;3450,50173;117,1513826;-1,137830993;Quarterly;01/01/80
Global;commodity;Synthetic price index / US$ equivalent;1992-Q4;3544,75571;3604,380801;125,4139105;3,273165246;Quarterly;01/01/80
Global;commodity;Synthetic price index / US$ equivalent;1993-Q1;3614,826652;3687,87219;129,1747609;0,07600101;Quarterly;01/01/80
Global;commodity;Synthetic price index / US$ equivalent;1993-Q2;3439,536277;3412,772428;130,4925918;0,852104307;Quarterly;01/01/80
Global;commodity;Synthetic price index / US$ equivalent;1993-Q3;3554,156926;3585,248041;135,5759539;0,91798842;Quarterly;01/01/80
Global;commodity;Synthetic price index / US$ equivalent;1993-Q4;3548,008258;3527,741213;131,2188953;-0,739921874;Quarterly;01/01/80
Global;commodity;Synthetic price index / US$ equivalent;1994-Q1;3627,209989;3453,163768;131,0342701;0,036072535;Quarterly;01/01/80
Global;commodity;Synthetic price index / US$ equivalent;1994-Q2;3491,433829;3429,693568;129,2443453;-0,953739554;Quarterly;01/01/80
Global;commodity;Synthetic price index / US$ equivalent;1994-Q3;3609,838021;3480,044527;125,5097713;-0,698521946;Quarterly;01/01/80
Global;commodity;Synthetic price index / US$ equivalent;1994-Q4;3683,754062;3583,414862;116,4346216;-4,191582208;Quarterly;01/01/80
Global;commodity;Synthetic price index / US$ equivalent;1995-Q1;3772,929528;3830,949696;110,7835687;0,054781941;Quarterly;01/01/80
Global;commodity;Synthetic price index / US$ equivalent;1995-Q2;3850,756725;3840,592087;112,9734291;1,698078255;Quarterly;01/01/80
Global;commodity;Synthetic price index / US$ equivalent;1995-Q3;3716,557876;3755,346075;118,1489852;1,1126924;Quarterly;01/01/80
Global;commodity;Synthetic price index / US$ equivalent;1995-Q4;3512,77709;3482,98986;142,7247821;7,492649937;Quarterly;01/01/80
Global;commodity;Synthetic price index / US$ equivalent;1996-Q1;3583,373683;3467,636144;146,1358359;-1,281380383;Quarterly;01/01/80
Global;commodity;Synthetic price index / US$ equivalent;1996-Q2;3757,261129;3708,787013;146,9681448;0,885111086;Quarterly;01/01/80
Global;commodity;Synthetic price index / US$ equivalent;1996-Q3;3809,096545;3914,859072;138,2013325;-3,196338624;Quarterly;01/01/80
Global;commodity;Synthetic price index / US$ equivalent;1996-Q4;3852,959001;3877,677326;137,1588733;0,887418878;Quarterly;01/01/80
Global;commodity;Synthetic price index / US$ equivalent;1997-Q1;3801,258793;3703,874869;137,1009045;-0,529866744;Quarterly;01/01/80
Global;commodity;Synthetic price index / US$ equivalent;1997-Q2;3773,800883;3656,315498;133,8366391;-0,117110615;Quarterly;01/01/80
Global;commodity;Synthetic price index / US$ equivalent;1997-Q3;3696,061249;3752,731528;133,2833002;-0,633938775;Quarterly;01/01/80
Global;commodity;Synthetic price index / US$ equivalent;1997-Q4;4136,627713;4050,771123;130,6405173;0,066206733;Quarterly;01/01/80
Global;commodity;Synthetic price index / US$ equivalent;1998-Q1;3632,763679;3829,97994;127,4673211;-0,666655214;Quarterly;01/01/80
Global;commodity;Synthetic price index / US$ equivalent;1998-Q2;3847,020469;3769,870874;135,2301738;2,801784699;Quarterly;01/01/80
Global;commodity;Synthetic price index / US$ equivalent;1998-Q3;3980,132931;3922,753661;138,5233107;-0,206568212;Quarterly;01/01/80
Global;commodity;Synthetic price index / US$ equivalent;1998-Q4;3721,469976;3641,062397;139,3384684;-0,926641616;Quarterly;01/01/80
Global;commodity;Synthetic price index / US$ equivalent;1999-Q1;3642,537035;3640,880392;135,2821638;-0,018533436;Quarterly;01/01/80
Global;commodity;Synthetic price index / US$ equivalent;1999-Q2;3605,797816;3554,444528;138,6711661;1,763459382;Quarterly;01/01/80
Global;commodity;Synthetic price index / US$ equivalent;1999-Q3;3807,685679;3742,831348;137,2635586;-0,495073619;Quarterly;01/01/80
Global;commodity;Synthetic price index / US$ equivalent;1999-Q4;3803,760479;3667,893251;143,0815194;2,554914396;Quarterly;01/01/80
Global;commodity;Synthetic price index / US$ equivalent;2000-Q1;4139,844121;3902,326126;137,5288509;-4,162911984;Quarterly;01/01/80
Global;commodity;Synthetic price index / US$ equivalent;2000-Q2;4081,171571;3986,413315;132,4107385;-0,764278535;Quarterly;01/01/80
Global;commodity;Synthetic price index / US$ equivalent;2000-Q3;3985,893355;4029,975482;134,199266;0,865437432;Quarterly;01/01/80
Global;commodity;Synthetic price index / US$ equivalent;2000-Q4;4033,018293;3970,433299;121,3353262;-3,319158692;Quarterly;01/01/80
Global;commodity;Synthetic price index / US$ equivalent;2001-Q1;3998,346248;4069,66794;108,0869598;-2,327722782;Quarterly;01/01/80
Global;commodity;Synthetic price index / US$ equivalent;2001-Q2;4367,544191;4293,11256;111,4885946;-0,302572674;Quarterly;01/01/80
Global;commodity;Synthetic price index / US$ equivalent;2001-Q3;4151,680271;4171,179038;109,1053434;-1,337150074;Quarterly;01/01/80
Global;commodity;Synthetic price index / US$ equivalent;2001-Q4;4396,701632;4528,893922;105,0172201;-0,650190323;Quarterly;01/01/80
Global;commodity;Synthetic price index / US$ equivalent;2002-Q1;4296,525796;4235,768632;100,7153339;-0,723578103;Quarterly;01/01/80
Global;commodity;Synthetic price index / US$ equivalent;2002-Q2;4340,07093;4282,455868;105,7872729;1,761312444;Quarterly;01/01/80
Global;commodity;Synthetic price index / US$ equivalent;2002-Q3;4297,526862;4345,880041;113,9317279;2,602245905;Quarterly;01/01/80
Global;commodity;Synthetic price index / US$ equivalent;2002-Q4;4123,28384;4081,737083;120,3783821;2,729703933;Quarterly;01/01/80
Global;commodity;Synthetic price index / US$ equivalent;2003-Q1;3918,771936;3897,473878;125,3328883;-0,046010951;Quarterly;01/01/80
Global;commodity;Synthetic price index / US$ equivalent;2003-Q2;4226,197341;4200,409126;125,5373731;1,614045269;Quarterly;01/01/80
Global;commodity;Synthetic price index / US$ equivalent;2003-Q3;4195,608778;4160,011469;124,7455348;-1,99015616;Quarterly;01/01/80
Global;commodity;Synthetic price index / US$ equivalent;2003-Q4;4369,138382;4283,214884;117,0595307;-2,123138217;Quarterly;01/01/80
Global;commodity;Synthetic price index / US$ equivalent;2004-Q1;4380,393189;4201,258171;109,3987544;-3,685594998;Quarterly;01/01/80
Global;commodity;Synthetic price index / US$ equivalent;2004-Q2;4174,774562;4116,764306;101,9019017;0,432826847;Quarterly;01/01/80
Global;commodity;Synthetic price index / US$ equivalent;2004-Q3;4364,842581;4347,339226;109,8904558;2,423240416;Quarterly;01/01/80
Global;commodity;Synthetic price index / US$ equivalent;2004-Q4;4888,180393;4666,204795;116,0424264;1,488923082;Quarterly;01/01/80
Global;commodity;Synthetic price index / US$ equivalent;2005-Q1;4620,32006;4514,280913;117,1490065;-0,600730222;Quarterly;01/01/80
Global;commodity;Synthetic price index / US$ equivalent;2005-Q2;4603,348176;4324,775164;108,1855646;-1,700523713;Quarterly;01/01/80
Global;commodity;Synthetic price index / US$ equivalent;2005-Q3;4882,764762;4885,49013;107,1753114;0,448718124;Quarterly;01/01/80
Global;commodity;Synthetic price index / US$ equivalent;2005-Q4;4892,101723;4887,866844;116,9279651;1,702666841;Quarterly;01/01/80
Global;commodity;Synthetic price index / US$ equivalent;2006-Q1;4967,551952;4859,481393;114,6790095;0,873641954;Quarterly;01/01/80
Global;commodity;Synthetic price index / US$ equivalent;2006-Q2;4569,978461;4582,717241;112,9072791;-2,418760548;Quarterly;01/01/80
Global;commodity;Synthetic price index / US$ equivalent;2006-Q3;4948,961224;4806,619236;103,3105747;-3,298044218;Quarterly;01/01/80
Global;commodity;Synthetic price index / US$ equivalent;2006-Q4;4592,851063;4604,082316;98,7685523;-0,265426601;Quarterly;01/01/80
Global;commodity;Synthetic price index / US$ equivalent;2007-Q1;4790,344683;4885,027709;96,85008969;-1,610031103;Quarterly;01/01/80
Global;commodity;Synthetic price index / US$ equivalent;2007-Q2;4682,448914;4818,653048;93,09037318;-0,278357168;Quarterly;01/01/80
Global;commodity;Synthetic price index / US$ equivalent;2007-Q3;5230,064125;4939,631988;84,99037492;-2,000896663;Quarterly;01/01/80
Global;commodity;Synthetic price index / US$ equivalent;2007-Q4;4915,551196;4662,853637;85,21185639;-0,049428224;Quarterly;01/01/80
Global;commodity;Synthetic price index / US$ equivalent;2008-Q1;5256,234306;5212,621709;83,66405556;-0,387816978;Quarterly;01/01/80
Global;commodity;Synthetic price index / US$ equivalent;2008-Q2;5137,03618;4985,973751;90,85773261;3,21551249;Quarterly;01/01/80
Global;commodity;Synthetic price index / US$ equivalent;2008-Q3;5562,937528;5345,982041;85,29802443;-5,050025406;Quarterly;01/01/80
Global;commodity;Synthetic price index / US$ equivalent;2008-Q4;5203,654611;5234,117513;85,92208346;3,640448115;Quarterly;01/01/80
Global;commodity;Synthetic price index / US$ equivalent;2009-Q1;5000,987031;5011,63465;89,32223286;0,03610776;Quarterly;01/01/80
Global;commodity;Synthetic price index / US$ equivalent;2009-Q2;5300,098024;5316,967377;81,37640536;-2,607358166;Quarterly;01/01/80
Global;commodity;Synthetic price index / US$ equivalent;2009-Q3;5147,40121;5215,49749;75,88157999;-2,810017245;Quarterly;01/01/80
Global;commodity;Synthetic price index / US$ equivalent;2009-Q4;5113,167685;5122,415252;73,24237991;-1,043934572;Quarterly;01/01/80
Global;commodity;Synthetic price index / US$ equivalent;2010-Q1;5243,988372;5095,033339;75,5132088;0,88718819;Quarterly;01/01/80
Global;commodity;Synthetic price index / US$ equivalent;2010-Q2;5151,858173;5065,198069;72,78746206;0,583617102;Quarterly;01/01/80
Global;commodity;Synthetic price index / US$ equivalent;2010-Q3;5368,542826;5192,42087;78,14918193;0,778686431;Quarterly;01/01/80
Global;commodity;Synthetic price index / US$ equivalent;2010-Q4;5372,395423;5479,480485;75,2840497;-0,070594258;Quarterly;01/01/80
Global;commodity;Synthetic price index / US$ equivalent;2011-Q1;5261,735859;5427,929793;75,26644537;0,525347414;Quarterly;01/01/80
Global;commodity;Synthetic price index / US$ equivalent;2011-Q2;5251,37853;5088,199076;81,38278064;2,050452434;Quarterly;01/01/80
Global;commodity;Synthetic price index / US$ equivalent;2011-Q3;5467,509359;5475,033246;80,97390407;0,536409669;Quarterly;01/01/80
Global;commodity;Synthetic price index / US$ equivalent;2011-Q4;4701,236269;4857,054034;87,1371668;2,068675572;Quarterly;01/01/80
Global;commodity;Synthetic price index / US$ equivalent;2012-Q1;5219,309772;5010,124477;90,26766972;2,242606019;Quarterly;01/01/80
Global;commodity;Synthetic price index / US$ equivalent;2012-Q2;5465,56878;5445,655337;100,5909889;3,11000784;Quarterly;01/01/80
Global;commodity;Synthetic price index / US$ equivalent;2012-Q3;5432,641335;5474,790837;102,0641602;-1,62947618;Quarterly;01/01/80
Global;commodity;Synthetic price index / US$ equivalent;2012-Q4;4993,01984;5066,500212;89,2560145;-3,853207066;Quarterly;01/01/80
Global;commodity;Synthetic price index / US$ equivalent;2013-Q1;5341,255033;5243,225742;87,59601673;-0,149422012;Quarterly;01/01/80
Global;commodity;Synthetic price index / US$ equivalent;2013-Q2;5493,385199;5559,334443;88,18750641;0,420085375;Quarterly;01/01/80
Global;commodity;Synthetic price index / US$ equivalent;2013-Q3;5244,712288;5051,479305;87,9771539;-0,187816226;Quarterly;01/01/80
Global;commodity;Synthetic price index / US$ equivalent;2013-Q4;5487,498853;5493,999549;78,13128745;-5,849380948;Quarterly;01/01/80
Global;commodity;Synthetic price index / US$ equivalent;2014-Q1;5304,348887;5401,262161;70,24754225;-1,153983948;Quarterly;01/01/80
Global;commodity;Synthetic price index / US$ equivalent;2014-Q2;5592,994368;5488,826272;76,04280526;4,043192164;Quarterly;01/01/80
Global;commodity;Synthetic price index / US$ equivalent;2014-Q3;5660,273039;5483,158301;76,98427641;-1,780484349;Quarterly;01/01/80
Global;commodity;Synthetic price index / US$ equivalent;2014-Q4;5310,014303;5270,985833;74,99090108;0,432172361;Quarterly;01/01/80
Global;commodity;Synthetic price index / US$ equivalent;2015-Q1;5196,35532;5164,384606;81,48326554;2,784369488;Quarterly;01/01/80
Global;commodity;Synthetic price index / US$ equivalent;2015-Q2;5139,0157;5122,482082;85,41922238;1,084917727;Quarterly;01/01/80
Global;commodity;Synthetic price index / US$ equivalent;2015-Q3;4787,394446;4629,989337;85,1812788;0,845624847;Quarterly;01/01/80
Global;commodity;Synthetic price index / US$ equivalent;2015-Q4;4985,612398;4795,963266;92,80230186;3,046416254;Quarterly;01/01/80
Global;commodity;Synthetic price index / US$ equivalent;2016-Q1;5406,424075;5300,635277;95,50892215;0,08291247;Quarterly;01/01/80
Global;commodity;Synthetic price index / US$ equivalent;2016-Q2;5322,705423;5381,029311;92,62485859;-1,492040808;Quarterly;01/01/80
Global;commodity;Synthetic price index / US$ equivalent;2016-Q3;5453,499756;5447,209141;91,94475192;-0,118785457;Quarterly;01/01/80
Global;commodity;Synthetic price index / US$ equivalent;2016-Q4;5298,244277;5202,108643;92,01661632;0,597477935;Quarterly;01/01/80
Global;commodity;Synthetic price index / US$ equivalent;2017-Q1;5578,570591;5360,73124;97,78515003;1,50041896;Quarterly;01/01/80
Global;commodity;Synthetic price index / US$ equivalent;2017-Q2;5365,725771;5308,777261;99,89676627;2,24791563;Quarterly;01/01/80
Global;commodity;Synthetic price index / US$ equivalent;2017-Q3;5303,109839;5196,860338;98,60733914;-2,187848895;Quarterly;01/01/80
Global;commodity;Synthetic price index / US$ equivalent;2017-Q4;4952,18711;4955,549371;93,01234155;0,068005339;Quarterly;01/01/80
Global;commodity;Synthetic price index / US$ equivalent;2018-Q1;5190,454657;4845,792553;93,88751845;-1,265537452;Quarterly;01/01/80
Global;commodity;Synthetic price index / US$ equivalent;2018-Q2;5119,109801;5221,452755;95,0086475;0,348263974;Quarterly;01/01/80
Global;commodity;Synthetic price index / US$ equivalent;2018-Q3;5212,065151;5081,000471;91,75968563;-1,026544532;Quarterly;01/01/80
Global;commodity;Synthetic price index / US$ equivalent;2018-Q4;5289,043724;5432,086143;99,69791436;4,099626867;Quarterly;01/01/80
Global;commodity;Synthetic price index / US$ equivalent;2019-Q1;5327,918886;5450,390565;107,8475581;2,90643983;Quarterly;01/01/80
Global;commodity;Synthetic price index / US$ equivalent;2019-Q2;5471,366859;5511,165796;106,0479435;-3,169688476;Quarterly;01/01/80
Global;commodity;Synthetic price index / US$ equivalent;2019-Q3;5342,284453;5287,251887;105,8510246;0,70845115;Quarterly;01/01/80
Global;commodity;Synthetic price index / US$ equivalent;2019-Q4;5597,161001;5649,27372;109,8542179;2,762188829;Quarterly;01/01/80
Global;commodity;Synthetic price index / US$ equivalent;2020-Q1;5807,428994;5624,714215;109,9035247;-0,983733994;Quarterly;01/01/80
Global;commodity;Synthetic price index / US$ equivalent;2020-Q2;5446,797975;5482,575336;103,1047148;-2,478363569;Quarterly;01/01/80
Global;commodity;Synthetic price index / US$ equivalent;2020-Q3;5492,491139;5516,934501;104,6404657;1,529168832;Quarterly;01/01/80
Global;commodity;Synthetic price index / US$ equivalent;2020-Q4;6014,404654;5815,316102;102,6385171;-0,484801377;Quarterly;01/01/80
Global;commodity;Synthetic price index / US$ equivalent;2021-Q1;5825,91763;5587,449449;96,99787388;-2,550327587;Quarterly;01/01/80
Global;commodity;Synthetic price index / US$ equivalent;2021-Q2;5399,964527;5286,682191;96,95098745;0,286106427;Quarterly;01/01/80
Global;commodity;Synthetic price index / US$ equivalent;2021-Q3;5616,014421;5338,624751;99,39510883;1,749186309;Quarterly;01/01/80
Global;commodity;Synthetic price index / US$ equivalent;2021-Q4;5786,524805;5908,654492;98,68875504;-2,505927231;Quarterly;01/01/80
Global;commodity;Synthetic price index / US$ equivalent;2022-Q1;5945,361056;5779,649021;92,69278176;0,060673283;Quarterly;01/01/80
Global;commodity;Synthetic price index / US$ equivalent;2022-Q2;6042,292385;6190,731479;91,38721926;-0,880688768;Quarterly;01/01/80
Global;commodity;Synthetic price index / US$ equivalent;2022-Q3;5912,357838;6013,838471;91,54998956;0,634740865;Quarterly;01/01/80
Global;commodity;Synthetic price index / US$ equivalent;2022-Q4;5826,079754;5756,807311;101,3426269;4,635498874;Quarterly;01/01/80
Global;commodity;Synthetic price index / US$ equivalent;2023-Q1;5587,925794;5424,926026;103,1014238;-1,471543713;Quarterly;01/01/80
Global;commodity;Synthetic price index / US$ equivalent;2023-Q2;6118,443012;6065,965617;109,3420277;3,415102099;Quarterly;01/01/80
Global;commodity;Synthetic price index / US$ equivalent;2023-Q3;6124,5917;6000,763524;114,539687;1,385950048;Quarterly;01/01/80
Global;commodity;Synthetic price index / US$ equivalent;2023-Q4;5637,449881;5496,238701;125,8930827;2,525287426;Quarterly;01/01/80
Global;commodity;Synthetic price index / US$ equivalent;2024-Q1;5916,541925;6055,093727;118,4480026;-1,672565981;Quarterly;01/01/80
Global;commodity;Synthetic price index / US$ equivalent;2024-Q2;5839,674465;5835,832581;121,8462482;0,872022323;Quarterly;01/01/80
Global;commodity;Synthetic price index / US$ equivalent;2024-Q3;5815,166946;5817,843483;116,5360195;-0,885938532;Quarterly;01/01/80
Global;commodity;Synthetic price index / US$ equivalent;2024-Q4;5330,949798;5323,455272;123,8820736;1,403976978;Quarterly;01/01/80
Global;commodity;Synthetic price index / US$ equivalent;2025-Q1;5420,375106;5185,596955;136,2138029;2,912720492;Quarterly;01/01/80
Global;commodity;Synthetic price index / US$ equivalent;2025-Q2;5382,10127;5295,157233;138,3895615;1,100525048;Quarterly;01/01/80
Global;commodity;Synthetic price index / US$ equivalent;2025-Q3;5321,88047;5454,149759;137,1483224;-1,918106303;Quarterly;01/01/80
Global;commodity;Synthetic price index / US$ equivalent;2025-Q4;5948,791193;6165,606715;120,5888558;-3,046706659;Quarterly;01/01/80
Global;commodity;Synthetic price index / US$ equivalent;2026-Q1;5449,794183;5490,196811;118,6563111;0,185591085;Quarterly;01/01/80
Global;commodity;Synthetic price index / US$ equivalent;2026-Q2;5581,391663;5620,719214;131,3963637;3,502136202;Quarterly;01/01/80
Global;commodity;Synthetic price index / US$ equivalent;2026-Q3;6030,638904;5964,362232;120,9546253;-4,653710008;Quarterly;01/01/80
Global;copper;Synthetic price index / US$ equivalent;1980-Q1;3077,56317;3207,788294;1,258119082;-0,036705434;Quarterly;01/01/80
Global;copper;Synthetic price index / US$ equivalent;1980-Q2;3092,494699;2941,718673;1,192817561;-1,764582024;Quarterly;01/01/80
Global;copper;Synthetic price index / US$ equivalent;1980-Q3;2993,136414;2890,731173;1,228574431;0,818968582;Quarterly;01/01/80
Global;copper;Synthetic price index / US$ equivalent;1980-Q4;3194,243559;3319,204882;1,230330988;-0,262086995;Quarterly;01/01/80
Global;copper;Synthetic price index / US$ equivalent;1981-Q1;2965,990749;2825,017735;1,26449415;2,59297758;Quarterly;01/01/80
Global;copper;Synthetic price index / US$ equivalent;1981-Q2;3075,884145;2988,582916;1,304249331;-1,02911219;Quarterly;01/01/80
Global;copper;Synthetic price index / US$ equivalent;1981-Q3;3238,393706;3274,864341;1,325218336;3,224249688;Quarterly;01/01/80
Global;copper;Synthetic price index / US$ equivalent;1981-Q4;2900,607399;2840,344693;1,381229495;-1,396520762;Quarterly;01/01/80
Global;copper;Synthetic price index / US$ equivalent;1982-Q1;3180,432305;3143,825861;1,217864481;-3,156401641;Quarterly;01/01/80
Global;copper;Synthetic price index / US$ equivalent;1982-Q2;3070,857337;2976,497085;1,290931472;3,219792396;Quarterly;01/01/80
Global;copper;Synthetic price index / US$ equivalent;1982-Q3;2988,90862;2934,861211;1,326499814;1,594428388;Quarterly;01/01/80
Global;copper;Synthetic price index / US$ equivalent;1982-Q4;3131,83608;3078,190174;1,346359916;-1,571990091;Quarterly;01/01/80
Global;copper;Synthetic price index / US$ equivalent;1983-Q1;2907,533659;2881,855132;1,452385475;5,779589904;Quarterly;01/01/80
Global;copper;Synthetic price index / US$ equivalent;1983-Q2;3009,501898;2984,954815;1,450141161;-2,232170681;Quarterly;01/01/80
Global;copper;Synthetic price index / US$ equivalent;1983-Q3;2971,7575;2933,356644;1,33688611;-4,349385439;Quarterly;01/01/80
Global;copper;Synthetic price index / US$ equivalent;1983-Q4;2980,459475;3051,51103;1,226843678;-2,146493034;Quarterly;01/01/80
Global;copper;Synthetic price index / US$ equivalent;1984-Q1;3033,168859;3073,007147;1,1668754;1,14567468;Quarterly;01/01/80
Global;copper;Synthetic price index / US$ equivalent;1984-Q2;3341,885017;3101,045891;1,162840436;-2,522876583;Quarterly;01/01/80
Global;copper;Synthetic price index / US$ equivalent;1984-Q3;3099,591229;2965,677973;1,069484844;-2,623915306;Quarterly;01/01/80
Global;copper;Synthetic price index / US$ equivalent;1984-Q4;3198,972126;3203,954027;0,976012087;-3,272975382;Quarterly;01/01/80
Global;copper;Synthetic price index / US$ equivalent;1985-Q1;3140,574903;3055,340105;0,902867659;-3,858833743;Quarterly;01/01/80
Global;copper;Synthetic price index / US$ equivalent;1985-Q2;3267,179754;3306,29257;0,778987501;-2,151033901;Quarterly;01/01/80
Global;copper;Synthetic price index / US$ equivalent;1985-Q3;3225,272657;3228,671449;0,813035137;1,890616069;Quarterly;01/01/80
Global;copper;Synthetic price index / US$ equivalent;1985-Q4;3177,538023;3290,463986;0,760878954;-2,697340856;Quarterly;01/01/80
Global;copper;Synthetic price index / US$ equivalent;1986-Q1;3151,65156;3107,782238;0,859099707;4,750389788;Quarterly;01/01/80
Global;copper;Synthetic price index / US$ equivalent;1986-Q2;3193,205721;3237,612006;0,872751037;0,551516158;Quarterly;01/01/80
Global;copper;Synthetic price index / US$ equivalent;1986-Q3;3312,873609;3226,508172;0,794043882;-4,794912762;Quarterly;01/01/80
Global;copper;Synthetic price index / US$ equivalent;1986-Q4;3222,151476;3135,375465;0,744334345;0,466647917;Quarterly;01/01/80
Global;copper;Synthetic price index / US$ equivalent;1987-Q1;3375,486654;3301,185426;0,712903007;-3,432565007;Quarterly;01/01/80
Global;copper;Synthetic price index / US$ equivalent;1987-Q2;3223,707806;3170,98426;0,631628501;-1,694104346;Quarterly;01/01/80
Global;copper;Synthetic price index / US$ equivalent;1987-Q3;3162,510565;2989,144164;0,669010625;-0,162079383;Quarterly;01/01/80
Global;copper;Synthetic price index / US$ equivalent;1987-Q4;3108,915161;3071,690592;0,599400727;-2,435152255;Quarterly;01/01/80
Global;copper;Synthetic price index / US$ equivalent;1988-Q1;3290,197163;3344,95137;0,569090808;-2,010991003;Quarterly;01/01/80
Global;copper;Synthetic price index / US$ equivalent;1988-Q2;3276,834133;3211,338448;0,572654341;0,490066525;Quarterly;01/01/80
Global;copper;Synthetic price index / US$ equivalent;1988-Q3;2982,14811;2922,350054;0,580629845;1,310262463;Quarterly;01/01/80
Global;copper;Synthetic price index / US$ equivalent;1988-Q4;3479,969088;3418,911115;0,55203019;-2,525968693;Quarterly;01/01/80
Global;copper;Synthetic price index / US$ equivalent;1989-Q1;3387,010125;3405,847731;0,539648155;-2,15991382;Quarterly;01/01/80
Global;copper;Synthetic price index / US$ equivalent;1989-Q2;3482,181133;3393,280031;0,501226735;-1,280681706;Quarterly;01/01/80
Global;copper;Synthetic price index / US$ equivalent;1989-Q3;3565,614876;3453,900311;0,479690143;-2,177341673;Quarterly;01/01/80
Global;copper;Synthetic price index / US$ equivalent;1989-Q4;3459,372645;3494,571146;0,468453727;1,19848798;Quarterly;01/01/80
Global;copper;Synthetic price index / US$ equivalent;1990-Q1;3618,436522;3460,028985;0,463491811;-2,374098105;Quarterly;01/01/80
Global;copper;Synthetic price index / US$ equivalent;1990-Q2;3870,690388;3712,109438;0,418141394;-2,276708888;Quarterly;01/01/80
Global;copper;Synthetic price index / US$ equivalent;1990-Q3;3569,213193;3511,856829;0,404474046;1,516048458;Quarterly;01/01/80
Global;copper;Synthetic price index / US$ equivalent;1990-Q4;3627,86564;3547,429599;0,428337983;1,154869;Quarterly;01/01/80
Global;copper;Synthetic price index / US$ equivalent;1991-Q1;3804,835823;3655,007805;0,45775963;1,226050004;Quarterly;01/01/80
Global;copper;Synthetic price index / US$ equivalent;1991-Q2;3679,764268;3670,476477;0,415237768;-4,284219433;Quarterly;01/01/80
Global;copper;Synthetic price index / US$ equivalent;1991-Q3;3509,269857;3421,352264;0,436612161;3,758556691;Quarterly;01/01/80
Global;copper;Synthetic price index / US$ equivalent;1991-Q4;3721,742071;3710,24293;0,463718412;2,558693674;Quarterly;01/01/80
Global;copper;Synthetic price index / US$ equivalent;1992-Q1;3346,747222;3239,133763;0,516125375;3,949457078;Quarterly;01/01/80
Global;copper;Synthetic price index / US$ equivalent;1992-Q2;3362,606554;3308,895974;0,563417519;0,278203375;Quarterly;01/01/80
Global;copper;Synthetic price index / US$ equivalent;1992-Q3;3517,900034;3494,271377;0,534652078;-1,829227068;Quarterly;01/01/80
Global;copper;Synthetic price index / US$ equivalent;1992-Q4;3302,905045;3284,712085;0,498150736;-1,974304643;Quarterly;01/01/80
Global;copper;Synthetic price index / US$ equivalent;1993-Q1;3693,641351;3719,342386;0,477463642;0,568269563;Quarterly;01/01/80
Global;copper;Synthetic price index / US$ equivalent;1993-Q2;3600,997863;3577,83336;0,458267958;-1,442608229;Quarterly;01/01/80
Global;copper;Synthetic price index / US$ equivalent;1993-Q3;3632,576079;3637,855124;0,483107976;0,879923506;Quarterly;01/01/80
Global;copper;Synthetic price index / US$ equivalent;1993-Q4;3647,097006;3516,39007;0,500241958;0,601957869;Quarterly;01/01/80
Global;copper;Synthetic price index / US$ equivalent;1994-Q1;3441,921605;3378,661134;0,489326158;0,197763272;Quarterly;01/01/80
Global;copper;Synthetic price index / US$ equivalent;1994-Q2;3666,843744;3584,02924;0,48436827;1,026469699;Quarterly;01/01/80
Global;copper;Synthetic price index / US$ equivalent;1994-Q3;3776,707473;3728,041794;0,477016031;-2,854067184;Quarterly;01/01/80
Global;copper;Synthetic price index / US$ equivalent;1994-Q4;3313,181995;3035,836722;0,470418136;0,371771055;Quarterly;01/01/80
Global;copper;Synthetic price index / US$ equivalent;1995-Q1;3523,831999;3416,639364;0,501625904;3,356095427;Quarterly;01/01/80
Global;copper;Synthetic price index / US$ equivalent;1995-Q2;3518,183985;3452,356819;0,553483206;3,885479477;Quarterly;01/01/80
Global;copper;Synthetic price index / US$ equivalent;1995-Q3;3982,662355;3999,81624;0,549638331;-2,523253024;Quarterly;01/01/80
Global;copper;Synthetic price index / US$ equivalent;1995-Q4;3816,45076;3649,67418;0,526978847;0,090271571;Quarterly;01/01/80
Global;copper;Synthetic price index / US$ equivalent;1996-Q1;3810,552511;3942,157802;0,589625015;3,768773236;Quarterly;01/01/80
Global;copper;Synthetic price index / US$ equivalent;1996-Q2;3918,803418;3860,032451;0,610165704;1,220549378;Quarterly;01/01/80
Global;copper;Synthetic price index / US$ equivalent;1996-Q3;3788,096829;3738,984301;0,644587805;1,346358305;Quarterly;01/01/80
Global;copper;Synthetic price index / US$ equivalent;1996-Q4;3721,795043;3668,688411;0,644425913;-0,835823227;Quarterly;01/01/80
Global;copper;Synthetic price index / US$ equivalent;1997-Q1;3703,911026;3793,618408;0,56323414;-5,81716855;Quarterly;01/01/80
Global;copper;Synthetic price index / US$ equivalent;1997-Q2;3986,097005;3719,287917;0,551512706;3,021664995;Quarterly;01/01/80
Global;copper;Synthetic price index / US$ equivalent;1997-Q3;3648,463463;3665,944585;0,631468471;3,76012374;Quarterly;01/01/80
Global;copper;Synthetic price index / US$ equivalent;1997-Q4;3866,58383;4009,933048;0,635255867;-0,499960916;Quarterly;01/01/80
Global;copper;Synthetic price index / US$ equivalent;1998-Q1;3881,663194;3835,646508;0,620624403;-0,401416963;Quarterly;01/01/80
Global;copper;Synthetic price index / US$ equivalent;1998-Q2;3736,733129;3792,107351;0,606045417;-1,479679406;Quarterly;01/01/80
Global;copper;Synthetic price index / US$ equivalent;1998-Q3;4013,759204;3998,745921;0,599314304;-0,9742965;Quarterly;01/01/80
Global;copper;Synthetic price index / US$ equivalent;1998-Q4;3899,126735;3905,812769;0,619292057;3,9101751;Quarterly;01/01/80
Global;copper;Synthetic price index / US$ equivalent;1999-Q1;3983,155044;3900,80755;0,592199734;-2,688477602;Quarterly;01/01/80
Global;copper;Synthetic price index / US$ equivalent;1999-Q2;3822,192341;3776,340768;0,585344279;2,054039387;Quarterly;01/01/80
Global;copper;Synthetic price index / US$ equivalent;1999-Q3;3907,851404;3933,18691;0,627271277;-0,747081297;Quarterly;01/01/80
Global;copper;Synthetic price index / US$ equivalent;1999-Q4;3754,231778;3722,281711;0,59716061;0,227464778;Quarterly;01/01/80
Global;copper;Synthetic price index / US$ equivalent;2000-Q1;4162,989371;4106,456365;0,574448809;-3,719863103;Quarterly;01/01/80
Global;copper;Synthetic price index / US$ equivalent;2000-Q2;3829,437917;3814,481127;0,555250769;0,574856969;Quarterly;01/01/80
Global;copper;Synthetic price index / US$ equivalent;2000-Q3;4206,076898;4250,155313;0,581334235;0,920389824;Quarterly;01/01/80
Global;copper;Synthetic price index / US$ equivalent;2000-Q4;4119,85901;4161,755325;0,539250307;-2,567227099;Quarterly;01/01/80
Global;copper;Synthetic price index / US$ equivalent;2001-Q1;4109,686977;4034,661427;0,570016698;4,600442362;Quarterly;01/01/80
Global;copper;Synthetic price index / US$ equivalent;2001-Q2;4299,367029;4192,103757;0,632386401;2,051727373;Quarterly;01/01/80
Global;copper;Synthetic price index / US$ equivalent;2001-Q3;4013,984229;3922,101297;0,653381882;1,125266115;Quarterly;01/01/80
Global;copper;Synthetic price index / US$ equivalent;2001-Q4;3994,677278;3955,097839;0,672953206;2,132015773;Quarterly;01/01/80
Global;copper;Synthetic price index / US$ equivalent;2002-Q1;4082,715468;3970,60554;0,713901631;1,50573607;Quarterly;01/01/80
Global;copper;Synthetic price index / US$ equivalent;2002-Q2;4206,904079;4206,708691;0,739647163;0,543240687;Quarterly;01/01/80
Global;copper;Synthetic price index / US$ equivalent;2002-Q3;4347,894435;4272,514408;0,719680057;-0,079990158;Quarterly;01/01/80
Global;copper;Synthetic price index / US$ equivalent;2002-Q4;4179,824711;4066,850646;0,780431038;2,776549883;Quarterly;01/01/80
Global;copper;Synthetic price index / US$ equivalent;2003-Q1;4173,041633;4172,693086;0,905315631;5,659082602;Quarterly;01/01/80
Global;copper;Synthetic price index / US$ equivalent;2003-Q2;4265,283454;4273,28155;0,898500208;-0,675891496;Quarterly;01/01/80
Global;copper;Synthetic price index / US$ equivalent;2003-Q3;4416,126088;4629,885801;0,876678692;-0,994090398;Quarterly;01/01/80
Global;copper;Synthetic price index / US$ equivalent;2003-Q4;4102,763003;4131,59655;0,87979159;0,477697297;Quarterly;01/01/80
Global;copper;Synthetic price index / US$ equivalent;2004-Q1;4228,169193;4073,341907;0,883233083;-1,547655717;Quarterly;01/01/80
Global;copper;Synthetic price index / US$ equivalent;2004-Q2;4287,140132;4189,953638;0,884650871;0,319630742;Quarterly;01/01/80
Global;copper;Synthetic price index / US$ equivalent;2004-Q3;4476,153979;4554,249186;0,872356444;-0,48989249;Quarterly;01/01/80
Global;copper;Synthetic price index / US$ equivalent;2004-Q4;4616,399285;4743,24136;0,827701225;-0,802924269;Quarterly;01/01/80
Global;copper;Synthetic price index / US$ equivalent;2005-Q1;4759,615652;4747,711437;0,877334525;2,750567481;Quarterly;01/01/80
Global;copper;Synthetic price index / US$ equivalent;2005-Q2;4520,889056;4508,509121;0,893005859;-0,446806136;Quarterly;01/01/80
Global;copper;Synthetic price index / US$ equivalent;2005-Q3;4683,992945;4520,860343;0,881987048;0,371702743;Quarterly;01/01/80
Global;copper;Synthetic price index / US$ equivalent;2005-Q4;4927,39563;5021,0466;0,825829881;-3,759206708;Quarterly;01/01/80
Global;copper;Synthetic price index / US$ equivalent;2006-Q1;5123,305657;5174,09164;0,792536721;-1,075043774;Quarterly;01/01/80
Global;copper;Synthetic price index / US$ equivalent;2006-Q2;4918,191424;5042,382987;0,826699149;4,147277403;Quarterly;01/01/80
Global;copper;Synthetic price index / US$ equivalent;2006-Q3;4516,155543;4452,817024;0,95005131;3,851885412;Quarterly;01/01/80
Global;copper;Synthetic price index / US$ equivalent;2006-Q4;4490,911398;4592,420057;0,963708738;-0,811898022;Quarterly;01/01/80
Global;copper;Synthetic price index / US$ equivalent;2007-Q1;4722,231042;4692,662728;0,997504272;4,205725265;Quarterly;01/01/80
Global;copper;Synthetic price index / US$ equivalent;2007-Q2;4990,612367;5006,869073;1,115842625;2,470473713;Quarterly;01/01/80
Global;copper;Synthetic price index / US$ equivalent;2007-Q3;5060,556075;5048,489177;1,147294089;1,422416385;Quarterly;01/01/80
Global;copper;Synthetic price index / US$ equivalent;2007-Q4;4956,897427;5101,924206;1,184332104;-0,727729383;Quarterly;01/01/80
Global;copper;Synthetic price index / US$ equivalent;2008-Q1;4979,411821;4941,718956;1,225269221;3,799311774;Quarterly;01/01/80
Global;copper;Synthetic price index / US$ equivalent;2008-Q2;4934,591896;4886,274463;1,421596521;4,592002319;Quarterly;01/01/80
Global;copper;Synthetic price index / US$ equivalent;2008-Q3;5224,531376;4886,715497;1,553483637;2,51978339;Quarterly;01/01/80
Global;copper;Synthetic price index / US$ equivalent;2008-Q4;4964,867604;5111,581816;1,6716367;0,48973755;Quarterly;01/01/80
Global;copper;Synthetic price index / US$ equivalent;2009-Q1;5138,130814;5155,829266;1,650866655;1,478927312;Quarterly;01/01/80
Global;copper;Synthetic price index / US$ equivalent;2009-Q2;5109,684209;5295,691827;1,632567915;-1,649694217;Quarterly;01/01/80
Global;copper;Synthetic price index / US$ equivalent;2009-Q3;4883,203121;4916,907813;1,51552019;-2,534737298;Quarterly;01/01/80
Global;copper;Synthetic price index / US$ equivalent;2009-Q4;4896,753832;4684,801963;1,476162886;-0,300937396;Quarterly;01/01/80
Global;copper;Synthetic price index / US$ equivalent;2010-Q1;5164,146337;5260,905259;1,439620752;-1,248101752;Quarterly;01/01/80
Global;copper;Synthetic price index / US$ equivalent;2010-Q2;4999,637219;4973,881661;1,387983148;-0,711013686;Quarterly;01/01/80
Global;copper;Synthetic price index / US$ equivalent;2010-Q3;5090,772215;5093,905481;1,387014048;-2,044611954;Quarterly;01/01/80
Global;copper;Synthetic price index / US$ equivalent;2010-Q4;5526,051458;5490,447535;1,237173353;-2,779257374;Quarterly;01/01/80
Global;copper;Synthetic price index / US$ equivalent;2011-Q1;5049,77383;4952,168332;1,20792747;-0,043886335;Quarterly;01/01/80
Global;copper;Synthetic price index / US$ equivalent;2011-Q2;5016,462663;4896,238157;1,163924679;-1,678171623;Quarterly;01/01/80
Global;copper;Synthetic price index / US$ equivalent;2011-Q3;5176,805351;5125,98501;1,135050128;1,529549391;Quarterly;01/01/80
Global;copper;Synthetic price index / US$ equivalent;2011-Q4;5101,973278;4961,368686;1,082349675;-3,228065277;Quarterly;01/01/80
Global;copper;Synthetic price index / US$ equivalent;2012-Q1;5168,201477;5238,725108;1,056187879;0,143903726;Quarterly;01/01/80
Global;copper;Synthetic price index / US$ equivalent;2012-Q2;5167,890575;5056,753126;1,041086523;-0,316441514;Quarterly;01/01/80
Global;copper;Synthetic price index / US$ equivalent;2012-Q3;5313,9353;5252,197825;0,991834245;-2,072372498;Quarterly;01/01/80
Global;copper;Synthetic price index / US$ equivalent;2012-Q4;5694,966145;5623,653494;0,972601754;-0,720631851;Quarterly;01/01/80
Global;copper;Synthetic price index / US$ equivalent;2013-Q1;5702,534386;5441,398979;0,86761634;-3,345575064;Quarterly;01/01/80
Global;copper;Synthetic price index / US$ equivalent;2013-Q2;5388,938412;5472,326808;0,838494143;-1,567894121;Quarterly;01/01/80
Global;copper;Synthetic price index / US$ equivalent;2013-Q3;5522,798834;5374,773813;0,859946544;2,978745109;Quarterly;01/01/80
Global;copper;Synthetic price index / US$ equivalent;2013-Q4;5447,980916;5310,074523;0,844014019;-2,795528491;Quarterly;01/01/80
Global;copper;Synthetic price index / US$ equivalent;2014-Q1;4972,474046;4991,495264;0,893875323;3,182834302;Quarterly;01/01/80
Global;copper;Synthetic price index / US$ equivalent;2014-Q2;5560,996956;5488,089269;0,971149415;2,497860393;Quarterly;01/01/80
Global;copper;Synthetic price index / US$ equivalent;2014-Q3;5006,400182;5306,257162;0,928726842;-0,037406082;Quarterly;01/01/80
Global;copper;Synthetic price index / US$ equivalent;2014-Q4;5370,026574;5200,707486;1,003506802;-0,817137606;Quarterly;01/01/80
Global;copper;Synthetic price index / US$ equivalent;2015-Q1;5266,22904;5275,910847;1,005152884;4,303534756;Quarterly;01/01/80
Global;copper;Synthetic price index / US$ equivalent;2015-Q2;5508,709221;5395,632202;1,062819039;0,574504323;Quarterly;01/01/80
Global;copper;Synthetic price index / US$ equivalent;2015-Q3;5067,469064;4886,195103;1,034517858;-0,605216085;Quarterly;01/01/80
Global;copper;Synthetic price index / US$ equivalent;2015-Q4;5242,388211;5233,953077;1,00390398;-2,664559105;Quarterly;01/01/80
Global;copper;Synthetic price index / US$ equivalent;2016-Q1;5090,672078;4948,3753;1,037966978;1,444854563;Quarterly;01/01/80
Global;copper;Synthetic price index / US$ equivalent;2016-Q2;5237,78975;5003,347253;1,086662262;3,208724857;Quarterly;01/01/80
Global;copper;Synthetic price index / US$ equivalent;2016-Q3;5054,257619;4806,70347;1,126931121;0,665274859;Quarterly;01/01/80
Global;copper;Synthetic price index / US$ equivalent;2016-Q4;5104,666882;5240,905936;1,221602176;3,325526192;Quarterly;01/01/80
Global;copper;Synthetic price index / US$ equivalent;2017-Q1;5014,273025;4999,123179;1,27876664;1,491671372;Quarterly;01/01/80
Global;copper;Synthetic price index / US$ equivalent;2017-Q2;5547,056711;5490,296588;1,503744092;5,935014606;Quarterly;01/01/80
Global;copper;Synthetic price index / US$ equivalent;2017-Q3;4976,553291;5085,449823;1,526360468;-1,211016211;Quarterly;01/01/80
Global;copper;Synthetic price index / US$ equivalent;2017-Q4;5071,290097;5181,396464;1,588404967;3,44709659;Quarterly;01/01/80
Global;copper;Synthetic price index / US$ equivalent;2018-Q1;5061,256678;4989,154087;1,727394117;0,936571754;Quarterly;01/01/80
Global;copper;Synthetic price index / US$ equivalent;2018-Q2;5222,3302;5098,036631;1,637398862;-2,240254242;Quarterly;01/01/80
Global;copper;Synthetic price index / US$ equivalent;2018-Q3;5146,999163;5089,416521;1,554882552;-2,034861706;Quarterly;01/01/80
Global;copper;Synthetic price index / US$ equivalent;2018-Q4;5359,877454;5504,912607;1,503442471;1,658240128;Quarterly;01/01/80
Global;copper;Synthetic price index / US$ equivalent;2019-Q1;5111,718759;4982,373177;1,617397911;1,88802897;Quarterly;01/01/80
Global;copper;Synthetic price index / US$ equivalent;2019-Q2;5366,270193;5346,679827;1,660645016;1,621347764;Quarterly;01/01/80
Global;copper;Synthetic price index / US$ equivalent;2019-Q3;5569,034059;5870,290615;1,685525172;-0,969205221;Quarterly;01/01/80
Global;copper;Synthetic price index / US$ equivalent;2019-Q4;5229,091649;5224,266009;1,718967276;0,944158339;Quarterly;01/01/80
Global;copper;Synthetic price index / US$ equivalent;2020-Q1;5568,182471;5397,252787;1,698468123;-1,789778615;Quarterly;01/01/80
Global;copper;Synthetic price index / US$ equivalent;2020-Q2;5677,342235;5337,637854;1,526972515;-1,839632866;Quarterly;01/01/80
Global;copper;Synthetic price index / US$ equivalent;2020-Q3;5807,533439;5934,419759;1,50882539;-0,364552801;Quarterly;01/01/80
Global;copper;Synthetic price index / US$ equivalent;2020-Q4;5473,229475;5366,056654;1,419590578;-2,477182995;Quarterly;01/01/80
Global;copper;Synthetic price index / US$ equivalent;2021-Q1;5083,850639;5072,469399;1,26145303;-5,114275082;Quarterly;01/01/80
Global;copper;Synthetic price index / US$ equivalent;2021-Q2;5633,570991;5570,573988;1,272299345;3,199905714;Quarterly;01/01/80
Global;copper;Synthetic price index / US$ equivalent;2021-Q3;5574,465759;5504,629184;1,220304653;-2,271550509;Quarterly;01/01/80
Global;copper;Synthetic price index / US$ equivalent;2021-Q4;5458,952715;5175,09146;1,249277966;1,132649739;Quarterly;01/01/80
Global;copper;Synthetic price index / US$ equivalent;2022-Q1;5802,094084;5603,508109;1,279261132;0,265001264;Quarterly;01/01/80
Global;copper;Synthetic price index / US$ equivalent;2022-Q2;5945,752237;5943,966063;1,213495902;-1,134528712;Quarterly;01/01/80
Global;copper;Synthetic price index / US$ equivalent;2022-Q3;5912,573366;5620,531289;1,41675815;5,331347527;Quarterly;01/01/80
Global;copper;Synthetic price index / US$ equivalent;2022-Q4;5674,897111;5784,35941;1,452274024;1,484827291;Quarterly;01/01/80
Global;copper;Synthetic price index / US$ equivalent;2023-Q1;6105,968096;6190,304779;1,333592427;-2,671021261;Quarterly;01/01/80
Global;copper;Synthetic price index / US$ equivalent;2023-Q2;5864,394371;5638,837826;1,478162929;3,443579474;Quarterly;01/01/80
Global;copper;Synthetic price index / US$ equivalent;2023-Q3;5978,062219;5766,562609;1,516645095;0,317376474;Quarterly;01/01/80
Global;copper;Synthetic price index / US$ equivalent;2023-Q4;5939,735618;5809,596461;1,587018738;1,482792428;Quarterly;01/01/80
Global;copper;Synthetic price index / US$ equivalent;2024-Q1;6209,386362;6250,116991;1,637122041;1,170965861;Quarterly;01/01/80
Global;copper;Synthetic price index / US$ equivalent;2024-Q2;5701,865253;5656,075872;1,735853852;1,480432172;Quarterly;01/01/80
Global;copper;Synthetic price index / US$ equivalent;2024-Q3;5718,143568;5739,104382;1,697389802;-0,307416879;Quarterly;01/01/80
Global;copper;Synthetic price index / US$ equivalent;2024-Q4;5728,829741;5713,586766;1,665695062;-0,464593126;Quarterly;01/01/80
Global;copper;Synthetic price index / US$ equivalent;2025-Q1;5754,384387;5785,754202;1,589690311;-0,990824957;Quarterly;01/01/80
Global;copper;Synthetic price index / US$ equivalent;2025-Q2;5957,981674;5681,204815;1,637768855;2,830996409;Quarterly;01/01/80
Global;copper;Synthetic price index / US$ equivalent;2025-Q3;5444,442191;5307,895382;1,839114896;3,350135483;Quarterly;01/01/80
Global;copper;Synthetic price index / US$ equivalent;2025-Q4;5417,617713;5183,407708;1,862177433;-2,104749527;Quarterly;01/01/80
Global;copper;Synthetic price index / US$ equivalent;2026-Q1;5398,159005;5337,757147;1,913828029;2,597942738;Quarterly;01/01/80
Global;copper;Synthetic price index / US$ equivalent;2026-Q2;5809,925406;5854,220416;2,013793401;1,332164578;Quarterly;01/01/80
Global;copper;Synthetic price index / US$ equivalent;2026-Q3;5731,306177;5781,276727;1,937115576;-2,319596055;Quarterly;01/01/80
Global;gold;Synthetic price index / US$ equivalent;1980-Q1;3108,749471;3013,128606;519,3638978;-0,411411387;Quarterly;01/01/80
Global;gold;Synthetic price index / US$ equivalent;1980-Q2;2966,441158;2895,075993;502,092322;-1,751347121;Quarterly;01/01/80
Global;gold;Synthetic price index / US$ equivalent;1980-Q3;2859,272322;2845,168649;489,0797581;0,291862931;Quarterly;01/01/80
Global;gold;Synthetic price index / US$ equivalent;1980-Q4;3201,203052;3146,978957;498,8304316;0,21493614;Quarterly;01/01/80
Global;gold;Synthetic price index / US$ equivalent;1981-Q1;3084,663101;3038,81696;472,0099633;-3,319058946;Quarterly;01/01/80
Global;gold;Synthetic price index / US$ equivalent;1981-Q2;3164,622194;3139,950624;447,1917718;0,954959599;Quarterly;01/01/80
Global;gold;Synthetic price index / US$ equivalent;1981-Q3;3181,328751;3114,627819;445,8421698;-1,337915524;Quarterly;01/01/80
Global;gold;Synthetic price index / US$ equivalent;1981-Q4;3183,016738;3237,364807;450,7941607;0,531740827;Quarterly;01/01/80
Global;gold;Synthetic price index / US$ equivalent;1982-Q1;3084,482316;3116,584746;451,0218066;1,209813385;Quarterly;01/01/80
Global;gold;Synthetic price index / US$ equivalent;1982-Q2;3064,835178;3088,433693;464,3497348;-0,348960446;Quarterly;01/01/80
Global;gold;Synthetic price index / US$ equivalent;1982-Q3;3153,236171;3195,844527;445,5304988;-1,276780437;Quarterly;01/01/80
Global;gold;Synthetic price index / US$ equivalent;1982-Q4;2939,625113;2946,324798;429,0057509;-1,108668375;Quarterly;01/01/80
Global;gold;Synthetic price index / US$ equivalent;1983-Q1;2937,463376;2875,899328;401,1403674;-3,244811556;Quarterly;01/01/80
Global;gold;Synthetic price index / US$ equivalent;1983-Q2;2827,093229;2826,594681;401,3423377;2,372757917;Quarterly;01/01/80
Global;gold;Synthetic price index / US$ equivalent;1983-Q3;3001,448591;3013,160567;406,3323314;-1,691001326;Quarterly;01/01/80
Global;gold;Synthetic price index / US$ equivalent;1983-Q4;3100,710365;3130,094728;413,4590269;2,04082778;Quarterly;01/01/80
Global;gold;Synthetic price index / US$ equivalent;1984-Q1;3262,394883;3213,263559;421,0443721;0,593133454;Quarterly;01/01/80
Global;gold;Synthetic price index / US$ equivalent;1984-Q2;3324,274215;3253,877908;423,9960596;-1,050915892;Quarterly;01/01/80
Global;gold;Synthetic price index / US$ equivalent;1984-Q3;3395,163829;3349,389812;411,8904083;0,128003467;Quarterly;01/01/80
Global;gold;Synthetic price index / US$ equivalent;1984-Q4;3107,903655;3201,949297;393,1499224;-2,799804976;Quarterly;01/01/80
Global;gold;Synthetic price index / US$ equivalent;1985-Q1;3171,302346;3222,488665;383,8850206;1,738902565;Quarterly;01/01/80
Global;gold;Synthetic price index / US$ equivalent;1985-Q2;3397,996245;3171,77683;398,4486788;0,854014129;Quarterly;01/01/80
Global;gold;Synthetic price index / US$ equivalent;1985-Q3;3233,001584;3262,947388;393,9112874;-1,343420073;Quarterly;01/01/80
Global;gold;Synthetic price index / US$ equivalent;1985-Q4;3327,246503;3288,541229;392,0540956;-1,39667036;Quarterly;01/01/80
Global;gold;Synthetic price index / US$ equivalent;1986-Q1;3137,488374;3138,0049;395,0655659;2,306483819;Quarterly;01/01/80
Global;gold;Synthetic price index / US$ equivalent;1986-Q2;3136,460095;3050,645106;410,2204968;0,973298214;Quarterly;01/01/80
Global;gold;Synthetic price index / US$ equivalent;1986-Q3;3222,319599;3226,999495;425,4114479;1,753081698;Quarterly;01/01/80
Global;gold;Synthetic price index / US$ equivalent;1986-Q4;3160,38103;3140,2516;457,1081175;2,523905617;Quarterly;01/01/80
Global;gold;Synthetic price index / US$ equivalent;1987-Q1;3219,35965;3186,971284;460,6664787;0,124117566;Quarterly;01/01/80
Global;gold;Synthetic price index / US$ equivalent;1987-Q2;2859,371124;2831,678618;435,5104683;-2,77526308;Quarterly;01/01/80
Global;gold;Synthetic price index / US$ equivalent;1987-Q3;3238,088371;3186,745354;407,7371224;-2,324645921;Quarterly;01/01/80
Global;gold;Synthetic price index / US$ equivalent;1987-Q4;3161,022572;3191,826223;393,6041448;-0,996808921;Quarterly;01/01/80
Global;gold;Synthetic price index / US$ equivalent;1988-Q1;3206,030336;3177,570562;391,7937417;0,718808051;Quarterly;01/01/80
Global;gold;Synthetic price index / US$ equivalent;1988-Q2;3397,5237;3594,846883;386,041711;-1,058048623;Quarterly;01/01/80
Global;gold;Synthetic price index / US$ equivalent;1988-Q3;3309,333127;3175,950507;375,4361128;-0,21122494;Quarterly;01/01/80
Global;gold;Synthetic price index / US$ equivalent;1988-Q4;3376,304453;3358,907644;361,0145681;-2,668351194;Quarterly;01/01/80
Global;gold;Synthetic price index / US$ equivalent;1989-Q1;3207,860817;3266,368984;356,2463242;0,294537225;Quarterly;01/01/80
Global;gold;Synthetic price index / US$ equivalent;1989-Q2;3364,663596;3267,828886;382,8994908;3,958919754;Quarterly;01/01/80
Global;gold;Synthetic price index / US$ equivalent;1989-Q3;3337,952584;3219,022262;376,3627088;-1,791875354;Quarterly;01/01/80
Global;gold;Synthetic price index / US$ equivalent;1989-Q4;3523,914866;3360,071228;369,1928699;-0,631377302;Quarterly;01/01/80
Global;gold;Synthetic price index / US$ equivalent;1990-Q1;3640,743804;3607,222442;369,1678684;0,470397079;Quarterly;01/01/80
Global;gold;Synthetic price index / US$ equivalent;1990-Q2;3371,881985;3272,356993;381,2021155;1,653266192;Quarterly;01/01/80
Global;gold;Synthetic price index / US$ equivalent;1990-Q3;3749,686094;3807,429656;392,6754922;-0,187424926;Quarterly;01/01/80
Global;gold;Synthetic price index / US$ equivalent;1990-Q4;3918,12935;3930,261261;370,1576956;-2,212925158;Quarterly;01/01/80
Global;gold;Synthetic price index / US$ equivalent;1991-Q1;3813,237726;3694,985437;346,8913818;-1,613765654;Quarterly;01/01/80
Global;gold;Synthetic price index / US$ equivalent;1991-Q2;3594,510412;3501,381244;370,7395516;2,114021664;Quarterly;01/01/80
Global;gold;Synthetic price index / US$ equivalent;1991-Q3;3525,380632;3588,058123;351,8491788;-2,257981435;Quarterly;01/01/80
Global;gold;Synthetic price index / US$ equivalent;1991-Q4;3742,830127;3609,136886;336,0554044;-1,578489167;Quarterly;01/01/80
Global;gold;Synthetic price index / US$ equivalent;1992-Q1;3491,657002;3513,430279;300,9726293;-3,948993891;Quarterly;01/01/80
Global;gold;Synthetic price index / US$ equivalent;1992-Q2;3630,005064;3552,854892;281,5534661;-0,846664263;Quarterly;01/01/80
Global;gold;Synthetic price index / US$ equivalent;1992-Q3;3548,670789;3586,532708;304,7127294;3,252481029;Quarterly;01/01/80
Global;gold;Synthetic price index / US$ equivalent;1992-Q4;3459,520032;3526,620949;303,6024415;0,569913147;Quarterly;01/01/80
Global;gold;Synthetic price index / US$ equivalent;1993-Q1;3684,58525;3699,334611;326,7710621;1,678545018;Quarterly;01/01/80
Global;gold;Synthetic price index / US$ equivalent;1993-Q2;3385,593722;3339,54416;347,2984215;1,348515801;Quarterly;01/01/80
Global;gold;Synthetic price index / US$ equivalent;1993-Q3;3569,343117;3621,905189;342,1557486;-0,486295641;Quarterly;01/01/80
Global;gold;Synthetic price index / US$ equivalent;1993-Q4;3511,705233;3456,747401;337,8540451;-0,201038483;Quarterly;01/01/80
Global;gold;Synthetic price index / US$ equivalent;1994-Q1;3699,608581;3640,019216;302,8652518;-4,279798323;Quarterly;01/01/80
Global;gold;Synthetic price index / US$ equivalent;1994-Q2;3505,495626;3438,468045;294,8898923;-0,132227606;Quarterly;01/01/80
Global;gold;Synthetic price index / US$ equivalent;1994-Q3;3860,104378;3885,47299;303,3174264;1,167561527;Quarterly;01/01/80
Global;gold;Synthetic price index / US$ equivalent;1994-Q4;3843,987392;3784,865371;304,5203487;-0,121605893;Quarterly;01/01/80
Global;gold;Synthetic price index / US$ equivalent;1995-Q1;3563,978056;3485,76759;328,9575711;4,39877374;Quarterly;01/01/80
Global;gold;Synthetic price index / US$ equivalent;1995-Q2;3684,84538;3736,572223;331,7275179;-1,745526037;Quarterly;01/01/80
Global;gold;Synthetic price index / US$ equivalent;1995-Q3;3587,194912;3468,030364;342,4004095;2,424795467;Quarterly;01/01/80
Global;gold;Synthetic price index / US$ equivalent;1995-Q4;3679,784593;3603,140001;395,5129437;5,215374284;Quarterly;01/01/80
Global;gold;Synthetic price index / US$ equivalent;1996-Q1;3649,310716;3598,008537;406,7060696;0,448231718;Quarterly;01/01/80
Global;gold;Synthetic price index / US$ equivalent;1996-Q2;3941,955103;3827,979699;390,4061282;-1,302321159;Quarterly;01/01/80
Global;gold;Synthetic price index / US$ equivalent;1996-Q3;3958,128758;3979,968532;389,6011959;-1,084522952;Quarterly;01/01/80
Global;gold;Synthetic price index / US$ equivalent;1996-Q4;3590,873062;3515,494847;407,1145679;2,204495805;Quarterly;01/01/80
Global;gold;Synthetic price index / US$ equivalent;1997-Q1;3895,743584;3717,561106;404,3678211;-0,520145716;Quarterly;01/01/80
Global;gold;Synthetic price index / US$ equivalent;1997-Q2;3759,445397;3734,14499;396,6065059;-1,107030858;Quarterly;01/01/80
Global;gold;Synthetic price index / US$ equivalent;1997-Q3;3767,257354;3858,69885;400,829694;1,665330533;Quarterly;01/01/80
Global;gold;Synthetic price index / US$ equivalent;1997-Q4;4075,444327;3896,130709;407,1159119;0,519484719;Quarterly;01/01/80
Global;gold;Synthetic price index / US$ equivalent;1998-Q1;3796,862597;3783,973935;434,6880353;1,228152184;Quarterly;01/01/80
Global;gold;Synthetic price index / US$ equivalent;1998-Q2;4086,465915;4172,368309;446,7733773;1,75368618;Quarterly;01/01/80
Global;gold;Synthetic price index / US$ equivalent;1998-Q3;3849,449578;3756,844449;471,0031781;1,750106198;Quarterly;01/01/80
Global;gold;Synthetic price index / US$ equivalent;1998-Q4;3714,39497;3707,323114;476,8186062;1,394220259;Quarterly;01/01/80
Global;gold;Synthetic price index / US$ equivalent;1999-Q1;3801,707247;3754,729004;503,8393037;0,209319372;Quarterly;01/01/80
Global;gold;Synthetic price index / US$ equivalent;1999-Q2;3551,972239;3299,645795;465,8369595;-2,456032804;Quarterly;01/01/80
Global;gold;Synthetic price index / US$ equivalent;1999-Q3;4084,039944;4043,739544;463,1333828;1,063162466;Quarterly;01/01/80
Global;gold;Synthetic price index / US$ equivalent;1999-Q4;3761,444978;3734,399943;471,9307566;0,428722007;Quarterly;01/01/80
Global;gold;Synthetic price index / US$ equivalent;2000-Q1;3930,18593;3928,895165;475,0006637;1,776597268;Quarterly;01/01/80
Global;gold;Synthetic price index / US$ equivalent;2000-Q2;4140,940089;3964,8455;509,1381588;0,637651135;Quarterly;01/01/80
Global;gold;Synthetic price index / US$ equivalent;2000-Q3;4445,752753;4323,472316;510,9462031;-0,611412274;Quarterly;01/01/80
Global;gold;Synthetic price index / US$ equivalent;2000-Q4;4425,138331;4465,006384;500,9175693;-0,783884778;Quarterly;01/01/80
Global;gold;Synthetic price index / US$ equivalent;2001-Q1;4611,172882;4502,838871;486,8447832;-1,016304547;Quarterly;01/01/80
Global;gold;Synthetic price index / US$ equivalent;2001-Q2;3976,521708;4093,772536;483,1438214;0,70720142;Quarterly;01/01/80
Global;gold;Synthetic price index / US$ equivalent;2001-Q3;3996,948643;4090,491139;443,6503935;-3,262387156;Quarterly;01/01/80
Global;gold;Synthetic price index / US$ equivalent;2001-Q4;4473,694112;4400,346897;447,994092;2,054672091;Quarterly;01/01/80
Global;gold;Synthetic price index / US$ equivalent;2002-Q1;4329,066415;4314,575732;455,5468133;-0,20786149;Quarterly;01/01/80
Global;gold;Synthetic price index / US$ equivalent;2002-Q2;4071,849748;4154,847904;450,9709499;-0,058989561;Quarterly;01/01/80
Global;gold;Synthetic price index / US$ equivalent;2002-Q3;4484,116601;4400,097215;515,5719456;5,311383944;Quarterly;01/01/80
Global;gold;Synthetic price index / US$ equivalent;2002-Q4;4538,250893;4556,810379;542,8598837;0,603941197;Quarterly;01/01/80
Global;gold;Synthetic price index / US$ equivalent;2003-Q1;4124,803545;3996,080143;534,3610373;-1,23551684;Quarterly;01/01/80
Global;gold;Synthetic price index / US$ equivalent;2003-Q2;4106,250895;3865,085002;553,6861069;0,969252636;Quarterly;01/01/80
Global;gold;Synthetic price index / US$ equivalent;2003-Q3;4376,786066;4324,641484;557,0405758;1,003168957;Quarterly;01/01/80
Global;gold;Synthetic price index / US$ equivalent;2003-Q4;4315,370472;4369,575934;524,6687685;-2,143545628;Quarterly;01/01/80
Global;gold;Synthetic price index / US$ equivalent;2004-Q1;4457,463313;4395,806592;468,3268495;-5,247933005;Quarterly;01/01/80
Global;gold;Synthetic price index / US$ equivalent;2004-Q2;4417,083454;4329,140392;430,8879052;-0,787963949;Quarterly;01/01/80
Global;gold;Synthetic price index / US$ equivalent;2004-Q3;4433,656482;4494,738024;428,4441918;-0,830170032;Quarterly;01/01/80
Global;gold;Synthetic price index / US$ equivalent;2004-Q4;4636,636951;4768,461411;432,0180091;1,914626736;Quarterly;01/01/80
Global;gold;Synthetic price index / US$ equivalent;2005-Q1;4722,561274;4678,790143;426,6920127;-0,727451664;Quarterly;01/01/80
Global;gold;Synthetic price index / US$ equivalent;2005-Q2;4586,202952;4628,330901;465,2085141;2,766978063;Quarterly;01/01/80
Global;gold;Synthetic price index / US$ equivalent;2005-Q3;4723,619856;4845,181275;445,0897752;-1,994031504;Quarterly;01/01/80
Global;gold;Synthetic price index / US$ equivalent;2005-Q4;4474,237558;4454,908344;430,4966067;-2,654189245;Quarterly;01/01/80
Global;gold;Synthetic price index / US$ equivalent;2006-Q1;4906,399911;4816,078592;418,8518762;0,723795679;Quarterly;01/01/80
Global;gold;Synthetic price index / US$ equivalent;2006-Q2;4629,517;4606,771806;412,2174593;-0,567638314;Quarterly;01/01/80
Global;gold;Synthetic price index / US$ equivalent;2006-Q3;4670,851127;4621,980017;450,622817;4,872444675;Quarterly;01/01/80
Global;gold;Synthetic price index / US$ equivalent;2006-Q4;5015,271788;5008,082449;472,8179993;0,417651285;Quarterly;01/01/80
Global;gold;Synthetic price index / US$ equivalent;2007-Q1;4930,970752;4594,291311;479,9849133;-1,56932531;Quarterly;01/01/80
Global;gold;Synthetic price index / US$ equivalent;2007-Q2;4894,908041;4867,750593;484,0004389;3,196549147;Quarterly;01/01/80
Global;gold;Synthetic price index / US$ equivalent;2007-Q3;4671,081448;4649,078509;505,7247117;0,984555715;Quarterly;01/01/80
Global;gold;Synthetic price index / US$ equivalent;2007-Q4;5037,613905;4966,76518;516,7196747;-0,535629926;Quarterly;01/01/80
Global;gold;Synthetic price index / US$ equivalent;2008-Q1;5208,315335;5025,22338;495,0975888;-0,286979373;Quarterly;01/01/80
Global;gold;Synthetic price index / US$ equivalent;2008-Q2;5071,317284;4980,779953;508,5942031;1,075123683;Quarterly;01/01/80
Global;gold;Synthetic price index / US$ equivalent;2008-Q3;4863,899306;4870,261242;472,0763946;-4,539938082;Quarterly;01/01/80
Global;gold;Synthetic price index / US$ equivalent;2008-Q4;5203,763748;4995,82675;410,3561147;-2,392907971;Quarterly;01/01/80
Global;gold;Synthetic price index / US$ equivalent;2009-Q1;4691,754677;4652,331409;392,3425402;-1,416287;Quarterly;01/01/80
Global;gold;Synthetic price index / US$ equivalent;2009-Q2;5178,752259;5081,618142;386,2694597;0,103773068;Quarterly;01/01/80
Global;gold;Synthetic price index / US$ equivalent;2009-Q3;5139,304897;5026,781453;412,8993993;0,786186214;Quarterly;01/01/80
Global;gold;Synthetic price index / US$ equivalent;2009-Q4;5254,400102;5055,448961;426,3182159;2,912358445;Quarterly;01/01/80
Global;gold;Synthetic price index / US$ equivalent;2010-Q1;5306,937848;5383,158714;451,7153691;-0,482288248;Quarterly;01/01/80
Global;gold;Synthetic price index / US$ equivalent;2010-Q2;5307,154437;5416,909762;431,1307502;-1,360140252;Quarterly;01/01/80
Global;gold;Synthetic price index / US$ equivalent;2010-Q3;5294,786068;5181,855271;395,8259237;-2,133477705;Quarterly;01/01/80
Global;gold;Synthetic price index / US$ equivalent;2010-Q4;5228,877171;5089,319038;407,726344;1,161086659;Quarterly;01/01/80
Global;gold;Synthetic price index / US$ equivalent;2011-Q1;5340,441001;5498,532435;405,5139633;0,259787776;Quarterly;01/01/80
Global;gold;Synthetic price index / US$ equivalent;2011-Q2;5072,424415;5035,399697;384,5762772;-1,355774148;Quarterly;01/01/80
Global;gold;Synthetic price index / US$ equivalent;2011-Q3;5367,095229;5250,050407;384,0276823;-0,146623443;Quarterly;01/01/80
Global;gold;Synthetic price index / US$ equivalent;2011-Q4;5311,537907;5169,072083;379,7725219;-1,708752393;Quarterly;01/01/80
Global;gold;Synthetic price index / US$ equivalent;2012-Q1;5023,105449;4957,113963;356,1787988;-1,572077385;Quarterly;01/01/80
Global;gold;Synthetic price index / US$ equivalent;2012-Q2;5224,087544;5069,233195;351,10845;0,783505449;Quarterly;01/01/80
Global;gold;Synthetic price index / US$ equivalent;2012-Q3;5727,998973;5819,498578;371,1585722;1,111368263;Quarterly;01/01/80
Global;gold;Synthetic price index / US$ equivalent;2012-Q4;5316,2409;5369,034566;357,4341561;-1,182341969;Quarterly;01/01/80
Global;gold;Synthetic price index / US$ equivalent;2013-Q1;5026,490887;4992,985214;335,587855;-1,108817294;Quarterly;01/01/80
Global;gold;Synthetic price index / US$ equivalent;2013-Q2;5094,861914;5066,495926;323,9665422;-2,22489199;Quarterly;01/01/80
Global;gold;Synthetic price index / US$ equivalent;2013-Q3;5271,404572;5302,346612;279,4561206;-6,783562431;Quarterly;01/01/80
Global;gold;Synthetic price index / US$ equivalent;2013-Q4;5460,611157;5268,970234;267,1496473;1,12908511;Quarterly;01/01/80
Global;gold;Synthetic price index / US$ equivalent;2014-Q1;5164,654493;4970,519862;268,9107817;-0,524591447;Quarterly;01/01/80
Global;gold;Synthetic price index / US$ equivalent;2014-Q2;5451,106084;5261,37525;283,375138;3,320574814;Quarterly;01/01/80
Global;gold;Synthetic price index / US$ equivalent;2014-Q3;5390,328438;5279,252861;280,4717935;-2,230294693;Quarterly;01/01/80
Global;gold;Synthetic price index / US$ equivalent;2014-Q4;5164,040631;4883,635483;271,0867707;-0,827343808;Quarterly;01/01/80
Global;gold;Synthetic price index / US$ equivalent;2015-Q1;5124,779035;5038,147352;259,4052088;-1,078135808;Quarterly;01/01/80
Global;gold;Synthetic price index / US$ equivalent;2015-Q2;5412,118252;5211,187591;265,1971512;1,779480908;Quarterly;01/01/80
Global;gold;Synthetic price index / US$ equivalent;2015-Q3;5159,199146;5032,669398;277,5633791;0,678978218;Quarterly;01/01/80
Global;gold;Synthetic price index / US$ equivalent;2015-Q4;5241,072756;5032,925833;292,1926281;2,279523868;Quarterly;01/01/80
Global;gold;Synthetic price index / US$ equivalent;2016-Q1;5272,669326;5294,025864;293,7472805;1,030938514;Quarterly;01/01/80
Global;gold;Synthetic price index / US$ equivalent;2016-Q2;5334,38632;5231,033338;308,2911554;0,519485555;Quarterly;01/01/80
Global;gold;Synthetic price index / US$ equivalent;2016-Q3;5665,468978;5648,710816;309,7135502;0,316805477;Quarterly;01/01/80
Global;gold;Synthetic price index / US$ equivalent;2016-Q4;5456,663767;5451,001308;342,1169986;3,042764599;Quarterly;01/01/80
Global;gold;Synthetic price index / US$ equivalent;2017-Q1;5345,943528;5285,42258;359,9410262;2,515522002;Quarterly;01/01/80
Global;gold;Synthetic price index / US$ equivalent;2017-Q2;5269,130773;5231,76506;371,5386251;0,191969884;Quarterly;01/01/80
Global;gold;Synthetic price index / US$ equivalent;2017-Q3;5210,06104;5258,122476;354,772402;-2,551768159;Quarterly;01/01/80
Global;gold;Synthetic price index / US$ equivalent;2017-Q4;5072,192535;4987,981768;367,9031357;2,529079946;Quarterly;01/01/80
Global;gold;Synthetic price index / US$ equivalent;2018-Q1;5137,607326;5042,846249;349,257944;-0,987496798;Quarterly;01/01/80
Global;gold;Synthetic price index / US$ equivalent;2018-Q2;4773,479498;4768,126163;338,5077172;-2,072622986;Quarterly;01/01/80
Global;gold;Synthetic price index / US$ equivalent;2018-Q3;5487,561102;5231,424394;332,0547288;0,167928573;Quarterly;01/01/80
Global;gold;Synthetic price index / US$ equivalent;2018-Q4;5340,81038;5197,068079;319,9660827;-1,732569819;Quarterly;01/01/80
Global;gold;Synthetic price index / US$ equivalent;2019-Q1;5706,932488;5811,497906;291,9309882;-4,297909754;Quarterly;01/01/80
Global;gold;Synthetic price index / US$ equivalent;2019-Q2;5609,313799;5561,803613;284,1666308;2,493831877;Quarterly;01/01/80
Global;gold;Synthetic price index / US$ equivalent;2019-Q3;5331,648273;5415,129733;296,4326584;0,505367242;Quarterly;01/01/80
Global;gold;Synthetic price index / US$ equivalent;2019-Q4;5596,721774;5461,540375;301,8865013;0,702278072;Quarterly;01/01/80
Global;gold;Synthetic price index / US$ equivalent;2020-Q1;5562,70123;5427,206349;289,5663939;-2,811760709;Quarterly;01/01/80
Global;gold;Synthetic price index / US$ equivalent;2020-Q2;5622,889404;5484,292553;282,4688374;0,589108569;Quarterly;01/01/80
Global;gold;Synthetic price index / US$ equivalent;2020-Q3;5654,707887;5410,737586;304,4333019;2,644679116;Quarterly;01/01/80
Global;gold;Synthetic price index / US$ equivalent;2020-Q4;5439,067178;5673,901341;321,6640883;2,154108085;Quarterly;01/01/80
Global;gold;Synthetic price index / US$ equivalent;2021-Q1;5563,687009;5763,661341;337,1546394;-0,022715022;Quarterly;01/01/80
Global;gold;Synthetic price index / US$ equivalent;2021-Q2;5442,270057;5728,091783;337,2711516;1,367608993;Quarterly;01/01/80
Global;gold;Synthetic price index / US$ equivalent;2021-Q3;5331,812867;5504,760909;362,4828008;2,295895465;Quarterly;01/01/80
Global;gold;Synthetic price index / US$ equivalent;2021-Q4;5740,534816;5699,064584;381,1756066;1,329280216;Quarterly;01/01/80
Global;gold;Synthetic price index / US$ equivalent;2022-Q1;5754,528171;6047,363202;370,2286654;-1,321799672;Quarterly;01/01/80
Global;gold;Synthetic price index / US$ equivalent;2022-Q2;5742,05613;5792,469324;371,7929368;1,064383886;Quarterly;01/01/80
Global;gold;Synthetic price index / US$ equivalent;2022-Q3;5993,775207;6005,056705;370,5775896;-0,583500462;Quarterly;01/01/80
Global;gold;Synthetic price index / US$ equivalent;2022-Q4;5766,039733;5784,567683;348,3506839;-2,791116132;Quarterly;01/01/80
Global;gold;Synthetic price index / US$ equivalent;2023-Q1;6221,557993;6156,776086;324,0031066;-3,216913362;Quarterly;01/01/80
Global;gold;Synthetic price index / US$ equivalent;2023-Q2;5600,538744;5372,171627;346,0776798;4,077887899;Quarterly;01/01/80
Global;gold;Synthetic price index / US$ equivalent;2023-Q3;5783,02011;5769,079161;348,6731977;0,198604897;Quarterly;01/01/80
Global;gold;Synthetic price index / US$ equivalent;2023-Q4;5440,855921;5539,667974;339,9893956;-1,536043537;Quarterly;01/01/80
Global;gold;Synthetic price index / US$ equivalent;2024-Q1;5925,569884;5676,467543;366,4802264;3,99477507;Quarterly;01/01/80
Global;gold;Synthetic price index / US$ equivalent;2024-Q2;5879,462186;5659,130478;360,7411279;-0,515125139;Quarterly;01/01/80
Global;gold;Synthetic price index / US$ equivalent;2024-Q3;5719,458816;5590,989026;337,3321565;-3,658564753;Quarterly;01/01/80
Global;gold;Synthetic price index / US$ equivalent;2024-Q4;5805,051057;5843,624393;343,5874618;2,387668977;Quarterly;01/01/80
Global;gold;Synthetic price index / US$ equivalent;2025-Q1;5281,966138;5188,959828;373,427921;2,292512269;Quarterly;01/01/80
Global;gold;Synthetic price index / US$ equivalent;2025-Q2;5591,262521;5489,432355;371,0826228;-1,495811942;Quarterly;01/01/80
Global;gold;Synthetic price index / US$ equivalent;2025-Q3;5401,658534;5198,811572;345,2890819;-0,524714228;Quarterly;01/01/80
Global;gold;Synthetic price index / US$ equivalent;2025-Q4;5680,744042;5414,801611;344,2437127;-1,037997599;Quarterly;01/01/80
Global;gold;Synthetic price index / US$ equivalent;2026-Q1;5623,850035;5427,692686;347,5706137;0,670399267;Quarterly;01/01/80
Global;gold;Synthetic price index / US$ equivalent;2026-Q2;5590,987674;5903,436659;353,5065246;1,27988561;Quarterly;01/01/80
Global;gold;Synthetic price index / US$ equivalent;2026-Q3;5886,505268;5848,820039;378,2502253;2,088516874;Quarterly;01/01/80
Global;lithium;Synthetic price index / US$ equivalent;1980-Q1;3187,955043;3057,051909;4471,883887;4,926775869;Quarterly;01/01/80
Global;lithium;Synthetic price index / US$ equivalent;1980-Q2;2967,815068;2972,578913;4826,149409;0,784146018;Quarterly;01/01/80
Global;lithium;Synthetic price index / US$ equivalent;1980-Q3;3048,014021;3118,037732;4902,119214;1,280871106;Quarterly;01/01/80
Global;lithium;Synthetic price index / US$ equivalent;1980-Q4;2892,483349;3004,841104;4517,545959;3,548891912;Quarterly;01/01/80
Global;lithium;Synthetic price index / US$ equivalent;1981-Q1;3191,843875;3103,888361;5977,856329;4,626504282;Quarterly;01/01/80
Global;lithium;Synthetic price index / US$ equivalent;1981-Q2;3194,953025;3234,790542;6847,877974;7,188754211;Quarterly;01/01/80
Global;lithium;Synthetic price index / US$ equivalent;1981-Q3;3007,785339;2899,628972;8443,746065;5,045278239;Quarterly;01/01/80
Global;lithium;Synthetic price index / US$ equivalent;1981-Q4;3123,085729;3025,873803;8137,730855;-2,429501993;Quarterly;01/01/80
Global;lithium;Synthetic price index / US$ equivalent;1982-Q1;3211,916349;3201,808908;7604,096471;-3,500961722;Quarterly;01/01/80
Global;lithium;Synthetic price index / US$ equivalent;1982-Q2;3139,008037;3003,463624;7007,745918;0,875575751;Quarterly;01/01/80
Global;lithium;Synthetic price index / US$ equivalent;1982-Q3;3149,990001;3159,142324;7299,693411;0,308974293;Quarterly;01/01/80
Global;lithium;Synthetic price index / US$ equivalent;1982-Q4;3016,22363;3071,619906;7341,768501;-1,418985046;Quarterly;01/01/80
Global;lithium;Synthetic price index / US$ equivalent;1983-Q1;3040,742344;2913,45983;6778,069289;0,126900447;Quarterly;01/01/80
Global;lithium;Synthetic price index / US$ equivalent;1983-Q2;3274,954201;3252,741584;6766,669013;-1,022974175;Quarterly;01/01/80
Global;lithium;Synthetic price index / US$ equivalent;1983-Q3;2934,047913;2941,055074;6339,655564;-1,935991148;Quarterly;01/01/80
Global;lithium;Synthetic price index / US$ equivalent;1983-Q4;2906,202656;2895,965985;5950,335801;-2,733890322;Quarterly;01/01/80
Global;lithium;Synthetic price index / US$ equivalent;1984-Q1;3303,951321;3164,152513;5850,167038;1,405395209;Quarterly;01/01/80
Global;lithium;Synthetic price index / US$ equivalent;1984-Q2;3123,117757;3192,432016;4870,913322;-7,205789169;Quarterly;01/01/80
Global;lithium;Synthetic price index / US$ equivalent;1984-Q3;3209,32517;3251,866754;3863,736132;-8,920198483;Quarterly;01/01/80
Global;lithium;Synthetic price index / US$ equivalent;1984-Q4;3158,923437;3155,638263;4465,453648;9,049244433;Quarterly;01/01/80
Global;lithium;Synthetic price index / US$ equivalent;1985-Q1;3184,62159;3153,443539;5032,179058;2,02084665;Quarterly;01/01/80
Global;lithium;Synthetic price index / US$ equivalent;1985-Q2;3164,847079;3099,103844;4507,044926;-4,272533661;Quarterly;01/01/80
Global;lithium;Synthetic price index / US$ equivalent;1985-Q3;3210,985581;3346,766501;3965,476368;-2,898965646;Quarterly;01/01/80
Global;lithium;Synthetic price index / US$ equivalent;1985-Q4;3204,169724;3132,884862;4434,950295;6,767528058;Quarterly;01/01/80
Global;lithium;Synthetic price index / US$ equivalent;1986-Q1;3249,857215;3212,592389;4525,356649;-1,245602497;Quarterly;01/01/80
Global;lithium;Synthetic price index / US$ equivalent;1986-Q2;3135,111037;3054,35845;4561,634154;0,022215121;Quarterly;01/01/80
Global;lithium;Synthetic price index / US$ equivalent;1986-Q3;3087,79494;3188,229567;4851,442594;3,343181339;Quarterly;01/01/80
Global;lithium;Synthetic price index / US$ equivalent;1986-Q4;3206,236136;3052,572031;5265,725187;3,781091397;Quarterly;01/01/80
Global;lithium;Synthetic price index / US$ equivalent;1987-Q1;3250,438768;3229,264318;6922,062514;8,62260615;Quarterly;01/01/80
Global;lithium;Synthetic price index / US$ equivalent;1987-Q2;3212,783503;3165,50253;7076,879574;0,907054086;Quarterly;01/01/80
Global;lithium;Synthetic price index / US$ equivalent;1987-Q3;3217,467169;3120,666073;6566,713067;-2,688949486;Quarterly;01/01/80
Global;lithium;Synthetic price index / US$ equivalent;1987-Q4;3350,64156;3191,127323;6619,472266;0,456486421;Quarterly;01/01/80
Global;lithium;Synthetic price index / US$ equivalent;1988-Q1;3118,980182;3109,222446;6059,237938;-3,784581065;Quarterly;01/01/80
Global;lithium;Synthetic price index / US$ equivalent;1988-Q2;3019,673021;3092,312424;6648,476326;4,264925608;Quarterly;01/01/80
Global;lithium;Synthetic price index / US$ equivalent;1988-Q3;3425,040503;3379,047344;6783,888219;0,604812692;Quarterly;01/01/80
Global;lithium;Synthetic price index / US$ equivalent;1988-Q4;3387,929578;3436,241487;6535,889667;0,36213146;Quarterly;01/01/80
Global;lithium;Synthetic price index / US$ equivalent;1989-Q1;3172,316325;2959,873747;7174,637053;0,947211636;Quarterly;01/01/80
Global;lithium;Synthetic price index / US$ equivalent;1989-Q2;3265,169486;3328,49689;6272,646016;-5,903301556;Quarterly;01/01/80
Global;lithium;Synthetic price index / US$ equivalent;1989-Q3;3559,666727;3570,787276;5962,1106;1,525841315;Quarterly;01/01/80
Global;lithium;Synthetic price index / US$ equivalent;1989-Q4;3282,395483;3261,568688;6052,445746;1,186469367;Quarterly;01/01/80
Global;lithium;Synthetic price index / US$ equivalent;1990-Q1;3638,922065;3766,334603;6819,199669;3,961343401;Quarterly;01/01/80
Global;lithium;Synthetic price index / US$ equivalent;1990-Q2;3546,825207;3603,699365;7203,607124;0,621831616;Quarterly;01/01/80
Global;lithium;Synthetic price index / US$ equivalent;1990-Q3;3357,297583;3237,081661;6646,992817;-4,763730494;Quarterly;01/01/80
Global;lithium;Synthetic price index / US$ equivalent;1990-Q4;3484,476284;3511,290784;7537,101874;8,057925909;Quarterly;01/01/80
Global;lithium;Synthetic price index / US$ equivalent;1991-Q1;3632,197289;3607,307446;7616,004481;0,325475147;Quarterly;01/01/80
Global;lithium;Synthetic price index / US$ equivalent;1991-Q2;3584,224826;3456,70859;7357,830734;-2,600169279;Quarterly;01/01/80
Global;lithium;Synthetic price index / US$ equivalent;1991-Q3;3419,302661;3388,593547;6995,988805;0,475088349;Quarterly;01/01/80
Global;lithium;Synthetic price index / US$ equivalent;1991-Q4;3603,499414;3627,572531;6813,775821;-2,197112626;Quarterly;01/01/80
Global;lithium;Synthetic price index / US$ equivalent;1992-Q1;3429,778359;3438,199762;6525,264237;-1,963067461;Quarterly;01/01/80
Global;lithium;Synthetic price index / US$ equivalent;1992-Q2;3550,050171;3591,979183;6832,581039;2,754496845;Quarterly;01/01/80
Global;lithium;Synthetic price index / US$ equivalent;1992-Q3;3267,412863;3229,518618;7754,195049;3,587775965;Quarterly;01/01/80
Global;lithium;Synthetic price index / US$ equivalent;1992-Q4;3499,785295;3472,716752;7113,52046;0,087124736;Quarterly;01/01/80
Global;lithium;Synthetic price index / US$ equivalent;1993-Q1;3810,810569;3848,387988;8302,113441;4,133038325;Quarterly;01/01/80
Global;lithium;Synthetic price index / US$ equivalent;1993-Q2;3575,001876;3681,394733;8626,819662;0,154793928;Quarterly;01/01/80
Global;lithium;Synthetic price index / US$ equivalent;1993-Q3;3918,719128;3987,530206;8235,436106;-1,568121031;Quarterly;01/01/80
Global;lithium;Synthetic price index / US$ equivalent;1993-Q4;3545,744096;3589,167785;10104,77323;10,81530428;Quarterly;01/01/80
Global;lithium;Synthetic price index / US$ equivalent;1994-Q1;3508,564201;3430,697057;10397,35214;-3,149818332;Quarterly;01/01/80
Global;lithium;Synthetic price index / US$ equivalent;1994-Q2;3441,034741;3341,815505;9362,766044;-0,929565531;Quarterly;01/01/80
Global;lithium;Synthetic price index / US$ equivalent;1994-Q3;3653,937188;3810,619724;10421,83253;4,722479131;Quarterly;01/01/80
Global;lithium;Synthetic price index / US$ equivalent;1994-Q4;3809,614332;3889,773604;10979,79459;1,081288071;Quarterly;01/01/80
Global;lithium;Synthetic price index / US$ equivalent;1995-Q1;3755,807914;3777,85368;10509,43321;-3,273289262;Quarterly;01/01/80
Global;lithium;Synthetic price index / US$ equivalent;1995-Q2;3469,706484;3335,275511;11012,23119;2,311460299;Quarterly;01/01/80
Global;lithium;Synthetic price index / US$ equivalent;1995-Q3;3695,885284;3726,283712;9525,401117;-5,044950416;Quarterly;01/01/80
Global;lithium;Synthetic price index / US$ equivalent;1995-Q4;3451,712181;3640,272429;10362,83694;3,820616405;Quarterly;01/01/80
Global;lithium;Synthetic price index / US$ equivalent;1996-Q1;3665,876175;3575,959335;10814,53307;2,720904162;Quarterly;01/01/80
Global;lithium;Synthetic price index / US$ equivalent;1996-Q2;3808,813434;3795,227677;11878,75765;3,365160333;Quarterly;01/01/80
Global;lithium;Synthetic price index / US$ equivalent;1996-Q3;3739,327204;3884,666995;12066,93389;-2,024107338;Quarterly;01/01/80
Global;lithium;Synthetic price index / US$ equivalent;1996-Q4;3932,966163;3683,088301;11196,605;-2,755122596;Quarterly;01/01/80
Global;lithium;Synthetic price index / US$ equivalent;1997-Q1;3767,916147;3772,942077;10317,29284;-0,78216331;Quarterly;01/01/80
Global;lithium;Synthetic price index / US$ equivalent;1997-Q2;3882,703277;3632,054881;10702,07128;2,556228396;Quarterly;01/01/80
Global;lithium;Synthetic price index / US$ equivalent;1997-Q3;3768,352342;3585,353087;12074,20163;0,393652465;Quarterly;01/01/80
Global;lithium;Synthetic price index / US$ equivalent;1997-Q4;3764,288855;3810,142749;12125,21018;2,734226923;Quarterly;01/01/80
Global;lithium;Synthetic price index / US$ equivalent;1998-Q1;3745,331478;3925,456094;12049,78878;0,784020942;Quarterly;01/01/80
Global;lithium;Synthetic price index / US$ equivalent;1998-Q2;3865,501407;3958,077928;13736,51171;6,427558538;Quarterly;01/01/80
Global;lithium;Synthetic price index / US$ equivalent;1998-Q3;4024,935343;3965,599385;13219,53395;-6,076447219;Quarterly;01/01/80
Global;lithium;Synthetic price index / US$ equivalent;1998-Q4;3766,099317;3694,978543;12228,85677;-2,218913374;Quarterly;01/01/80
Global;lithium;Synthetic price index / US$ equivalent;1999-Q1;3784,342294;3739,712176;11948,99868;2,429130952;Quarterly;01/01/80
Global;lithium;Synthetic price index / US$ equivalent;1999-Q2;4024,079359;3894,444087;11399,00887;-3,524769777;Quarterly;01/01/80
Global;lithium;Synthetic price index / US$ equivalent;1999-Q3;3934,677299;3819,701629;11385,74857;4,507994629;Quarterly;01/01/80
Global;lithium;Synthetic price index / US$ equivalent;1999-Q4;4020,143017;4088,157387;11598,66344;-3,883376266;Quarterly;01/01/80
Global;lithium;Synthetic price index / US$ equivalent;2000-Q1;4166,63207;4063,069928;10314,07593;-0,71859222;Quarterly;01/01/80
Global;lithium;Synthetic price index / US$ equivalent;2000-Q2;3972,105794;4017,463922;10377,08314;-3,246751054;Quarterly;01/01/80
Global;lithium;Synthetic price index / US$ equivalent;2000-Q3;4171,310875;4189,012872;9676,635243;2,21154942;Quarterly;01/01/80
Global;lithium;Synthetic price index / US$ equivalent;2000-Q4;4019,238933;3977,12602;9474,096639;-4,909468111;Quarterly;01/01/80
Global;lithium;Synthetic price index / US$ equivalent;2001-Q1;4445,025547;4459,70566;10071,68272;5,863920475;Quarterly;01/01/80
Global;lithium;Synthetic price index / US$ equivalent;2001-Q2;4162,164115;4060,834275;10520,6027;0,504050307;Quarterly;01/01/80
Global;lithium;Synthetic price index / US$ equivalent;2001-Q3;4109,974546;4059,077483;9451,205074;-4,765227433;Quarterly;01/01/80
Global;lithium;Synthetic price index / US$ equivalent;2001-Q4;4178,856671;4306,611752;8664,073119;-2,232250109;Quarterly;01/01/80
Global;lithium;Synthetic price index / US$ equivalent;2002-Q1;4039,269421;4043,077875;8826,342322;1,57019887;Quarterly;01/01/80
Global;lithium;Synthetic price index / US$ equivalent;2002-Q2;4193,461703;4102,999351;8925,12727;-0,265211571;Quarterly;01/01/80
Global;lithium;Synthetic price index / US$ equivalent;2002-Q3;4330,623796;4178,383397;10064,59537;7,360196895;Quarterly;01/01/80
Global;lithium;Synthetic price index / US$ equivalent;2002-Q4;4207,28304;4059,156198;10619,85008;0,439738786;Quarterly;01/01/80
Global;lithium;Synthetic price index / US$ equivalent;2003-Q1;4440,07903;4169,535432;13514,71838;7,862020753;Quarterly;01/01/80
Global;lithium;Synthetic price index / US$ equivalent;2003-Q2;4152,713639;3911,62098;13574,52905;3,900151338;Quarterly;01/01/80
Global;lithium;Synthetic price index / US$ equivalent;2003-Q3;4221,188889;4041,077154;14936,50493;0,014178133;Quarterly;01/01/80
Global;lithium;Synthetic price index / US$ equivalent;2003-Q4;4356,971223;4377,894897;14984,19207;1,169818495;Quarterly;01/01/80
Global;lithium;Synthetic price index / US$ equivalent;2004-Q1;4275,375986;4222,915066;17315,22272;7,014557043;Quarterly;01/01/80
Global;lithium;Synthetic price index / US$ equivalent;2004-Q2;4243,849195;4296,034356;20877,63606;7,832170219;Quarterly;01/01/80
Global;lithium;Synthetic price index / US$ equivalent;2004-Q3;4609,720247;4555,556199;22191,56604;1,209911966;Quarterly;01/01/80
Global;lithium;Synthetic price index / US$ equivalent;2004-Q4;4598,551628;4585,566502;24761,39446;1,637819932;Quarterly;01/01/80
Global;lithium;Synthetic price index / US$ equivalent;2005-Q1;4609,435391;4525,411183;26041,84612;2,884452967;Quarterly;01/01/80
Global;lithium;Synthetic price index / US$ equivalent;2005-Q2;4741,838481;4713,903615;28518,63029;2,572919725;Quarterly;01/01/80
Global;lithium;Synthetic price index / US$ equivalent;2005-Q3;4654,558852;4839,185891;33890,9404;6,443905759;Quarterly;01/01/80
Global;lithium;Synthetic price index / US$ equivalent;2005-Q4;4726,997775;4645,190675;38216,28698;4,815181927;Quarterly;01/01/80
Global;lithium;Synthetic price index / US$ equivalent;2006-Q1;4300,699049;4112,957698;38126,64825;-2,207602956;Quarterly;01/01/80
Global;lithium;Synthetic price index / US$ equivalent;2006-Q2;4673,042502;4522,49354;39257,42909;3,194537027;Quarterly;01/01/80
Global;lithium;Synthetic price index / US$ equivalent;2006-Q3;4806,481593;4854,657982;38018,72972;-4,379428173;Quarterly;01/01/80
Global;lithium;Synthetic price index / US$ equivalent;2006-Q4;5049,23859;4754,586104;30085,67202;-9,310531173;Quarterly;01/01/80
Global;lithium;Synthetic price index / US$ equivalent;2007-Q1;4762,252221;4941,290602;29557,55484;4,70383501;Quarterly;01/01/80
Global;lithium;Synthetic price index / US$ equivalent;2007-Q2;4945,93975;4825,571884;30183,33256;-0,016143262;Quarterly;01/01/80
Global;lithium;Synthetic price index / US$ equivalent;2007-Q3;5262,922726;5290,873481;35138,16716;4,694766518;Quarterly;01/01/80
Global;lithium;Synthetic price index / US$ equivalent;2007-Q4;5237,496667;5049,333844;34717,43677;0,592206969;Quarterly;01/01/80
Global;lithium;Synthetic price index / US$ equivalent;2008-Q1;5193,295492;5329,270434;35925,10218;5,347860164;Quarterly;01/01/80
Global;lithium;Synthetic price index / US$ equivalent;2008-Q2;5217,215007;5025,461113;35751,83083;-4,816877742;Quarterly;01/01/80
Global;lithium;Synthetic price index / US$ equivalent;2008-Q3;4938,554706;4944,82043;34169,15771;-2,273203595;Quarterly;01/01/80
Global;lithium;Synthetic price index / US$ equivalent;2008-Q4;5091,142669;5175,272421;31117,55981;-0,444503801;Quarterly;01/01/80
Global;lithium;Synthetic price index / US$ equivalent;2009-Q1;4809,318615;4779,217182;29972,23629;-0,756589837;Quarterly;01/01/80
Global;lithium;Synthetic price index / US$ equivalent;2009-Q2;4999,006589;4882,087186;28906,57583;-2,77352442;Quarterly;01/01/80
Global;lithium;Synthetic price index / US$ equivalent;2009-Q3;5063,095553;4874,812955;35796,06041;12,61543167;Quarterly;01/01/80
Global;lithium;Synthetic price index / US$ equivalent;2009-Q4;4907,436611;4598,35664;35939,7517;-6,114953602;Quarterly;01/01/80
Global;lithium;Synthetic price index / US$ equivalent;2010-Q1;5171,769602;5085,293166;35562,36137;3,64172924;Quarterly;01/01/80
Global;lithium;Synthetic price index / US$ equivalent;2010-Q2;5124,647768;5146,771417;38468,98335;2,789266682;Quarterly;01/01/80
Global;lithium;Synthetic price index / US$ equivalent;2010-Q3;5100,905253;5203,504555;39423,50154;0,148638828;Quarterly;01/01/80
Global;lithium;Synthetic price index / US$ equivalent;2010-Q4;5205,112669;5533,477994;36570,40933;-3,429905504;Quarterly;01/01/80
Global;lithium;Synthetic price index / US$ equivalent;2011-Q1;5277,086739;5171,806954;36844,41244;1,108095543;Quarterly;01/01/80
Global;lithium;Synthetic price index / US$ equivalent;2011-Q2;5431,038127;5613,780786;35469,10588;0,453448925;Quarterly;01/01/80
Global;lithium;Synthetic price index / US$ equivalent;2011-Q3;5372,291503;5496,197352;41010,56977;2,923797419;Quarterly;01/01/80
Global;lithium;Synthetic price index / US$ equivalent;2011-Q4;5126,283698;5058,12561;44448,25812;5,633910444;Quarterly;01/01/80
Global;lithium;Synthetic price index / US$ equivalent;2012-Q1;5235,918772;5363,128576;50986,95802;1,40414991;Quarterly;01/01/80
Global;lithium;Synthetic price index / US$ equivalent;2012-Q2;5238,243155;5283,323039;43717,76241;-1,632959058;Quarterly;01/01/80
Global;lithium;Synthetic price index / US$ equivalent;2012-Q3;5472,320727;5332,51881;41332,17699;-3,70207335;Quarterly;01/01/80
Global;lithium;Synthetic price index / US$ equivalent;2012-Q4;5151,482573;5154,209221;41350,59781;2,939829836;Quarterly;01/01/80
Global;lithium;Synthetic price index / US$ equivalent;2013-Q1;5359,503003;5233,523662;41859,02475;-1,821097435;Quarterly;01/01/80
Global;lithium;Synthetic price index / US$ equivalent;2013-Q2;5030,6612;4988,695434;41870,67963;2,758715006;Quarterly;01/01/80
Global;lithium;Synthetic price index / US$ equivalent;2013-Q3;5164,386179;5191,780277;40347,60736;-6,695853501;Quarterly;01/01/80
Global;lithium;Synthetic price index / US$ equivalent;2013-Q4;5559,376838;5494,793268;32866,77898;-2,969992688;Quarterly;01/01/80
Global;lithium;Synthetic price index / US$ equivalent;2014-Q1;5331,843451;5457,553027;33078,40686;0,810950682;Quarterly;01/01/80
Global;lithium;Synthetic price index / US$ equivalent;2014-Q2;5454,343209;5486,607081;37028,03462;3,79592593;Quarterly;01/01/80
Global;lithium;Synthetic price index / US$ equivalent;2014-Q3;5497,566958;5302,940521;37010,87779;-2,331156967;Quarterly;01/01/80
Global;lithium;Synthetic price index / US$ equivalent;2014-Q4;5426,58894;5413,684135;31541,12406;-2,824442463;Quarterly;01/01/80
Global;lithium;Synthetic price index / US$ equivalent;2015-Q1;5220,862973;5239,220301;25621,11468;-7,768531329;Quarterly;01/01/80
Global;lithium;Synthetic price index / US$ equivalent;2015-Q2;5285,685739;5307,006642;20253,15317;-8,335851399;Quarterly;01/01/80
Global;lithium;Synthetic price index / US$ equivalent;2015-Q3;4965,439234;4870,086032;17964,19105;-2,792840158;Quarterly;01/01/80
Global;lithium;Synthetic price index / US$ equivalent;2015-Q4;4895,626497;4662,304056;17737,59185;1,841615974;Quarterly;01/01/80
Global;lithium;Synthetic price index / US$ equivalent;2016-Q1;5505,538022;5522,564907;16864,76694;-0,90253694;Quarterly;01/01/80
Global;lithium;Synthetic price index / US$ equivalent;2016-Q2;5332,502075;5233,287497;17411,26153;-0,335242658;Quarterly;01/01/80
Global;lithium;Synthetic price index / US$ equivalent;2016-Q3;5313,005726;5182,552129;14284,15565;-9,359454875;Quarterly;01/01/80
Global;lithium;Synthetic price index / US$ equivalent;2016-Q4;5383,547223;5379,703653;14239,15031;6,982207624;Quarterly;01/01/80
Global;lithium;Synthetic price index / US$ equivalent;2017-Q1;5082,688431;5248,817618;15933,1566;3,652496687;Quarterly;01/01/80
Global;lithium;Synthetic price index / US$ equivalent;2017-Q2;5067,880074;4867,718321;15279,44007;-4,564327205;Quarterly;01/01/80
Global;lithium;Synthetic price index / US$ equivalent;2017-Q3;5033,415718;5205,759896;13932,00363;0,28835625;Quarterly;01/01/80
Global;lithium;Synthetic price index / US$ equivalent;2017-Q4;5066,912482;4922,216888;14489,25901;0,930112454;Quarterly;01/01/80
Global;lithium;Synthetic price index / US$ equivalent;2018-Q1;5343,219804;5214,607341;14285,7857;-0,904967668;Quarterly;01/01/80
Global;lithium;Synthetic price index / US$ equivalent;2018-Q2;5027,833903;4925,972579;17487,83945;10,04154762;Quarterly;01/01/80
Global;lithium;Synthetic price index / US$ equivalent;2018-Q3;5334,022548;5289,763322;22134,83818;6,247689736;Quarterly;01/01/80
Global;lithium;Synthetic price index / US$ equivalent;2018-Q4;5248,779109;5074,392652;22623,76579;2,988418617;Quarterly;01/01/80
Global;lithium;Synthetic price index / US$ equivalent;2019-Q1;5224,218476;5107,524705;21765,64999;-6,49062995;Quarterly;01/01/80
Global;lithium;Synthetic price index / US$ equivalent;2019-Q2;5673,233462;5462,693935;18698,12613;-1,963410359;Quarterly;01/01/80
Global;lithium;Synthetic price index / US$ equivalent;2019-Q3;5163,248932;5291,331179;18756,13273;0,829639549;Quarterly;01/01/80
Global;lithium;Synthetic price index / US$ equivalent;2019-Q4;5745,85644;5599,722748;17996,73142;-2,076271346;Quarterly;01/01/80
Global;lithium;Synthetic price index / US$ equivalent;2020-Q1;5506,27997;5471,784724;18718,41504;1,456040098;Quarterly;01/01/80
Global;lithium;Synthetic price index / US$ equivalent;2020-Q2;5443,735163;5477,706527;18613,65423;-2,870299298;Quarterly;01/01/80
Global;lithium;Synthetic price index / US$ equivalent;2020-Q3;5671,349751;5476,646227;19005,20092;4,581558905;Quarterly;01/01/80
Global;lithium;Synthetic price index / US$ equivalent;2020-Q4;5525,342437;5418,848395;18323,13813;-0,338634562;Quarterly;01/01/80
Global;lithium;Synthetic price index / US$ equivalent;2021-Q1;5864,696808;5899,017525;19242,23684;-1,827058418;Quarterly;01/01/80
Global;lithium;Synthetic price index / US$ equivalent;2021-Q2;5550,56028;5769,782095;20831,3013;3,787292139;Quarterly;01/01/80
Global;lithium;Synthetic price index / US$ equivalent;2021-Q3;5543,713356;5536,439586;18974,5167;-5,395204597;Quarterly;01/01/80
Global;lithium;Synthetic price index / US$ equivalent;2021-Q4;5771,035291;5834,477032;16789,0601;1,408171004;Quarterly;01/01/80
Global;lithium;Synthetic price index / US$ equivalent;2022-Q1;5648,925528;5578,693579;19032,94948;1,380380539;Quarterly;01/01/80
Global;lithium;Synthetic price index / US$ equivalent;2022-Q2;5877,349423;5679,958161;16938,04517;-2,352287476;Quarterly;01/01/80
Global;lithium;Synthetic price index / US$ equivalent;2022-Q3;5632,826243;5777,486481;18547,0553;3,279238168;Quarterly;01/01/80
Global;lithium;Synthetic price index / US$ equivalent;2022-Q4;5572,384508;5562,85435;17482,05218;-2,840257617;Quarterly;01/01/80
Global;lithium;Synthetic price index / US$ equivalent;2023-Q1;5877,642896;5878,436089;18738,88112;3,732759841;Quarterly;01/01/80
Global;lithium;Synthetic price index / US$ equivalent;2023-Q2;5467,517606;5625,535714;18293,93049;-0,104309395;Quarterly;01/01/80
Global;lithium;Synthetic price index / US$ equivalent;2023-Q3;5567,003691;5513,080273;19021,39982;2,746424495;Quarterly;01/01/80
Global;lithium;Synthetic price index / US$ equivalent;2023-Q4;5616,856721;5605,538173;20233,41667;-0,160110222;Quarterly;01/01/80
Global;lithium;Synthetic price index / US$ equivalent;2024-Q1;5924,191696;5928,224484;18258,09302;-3,966840133;Quarterly;01/01/80
Global;lithium;Synthetic price index / US$ equivalent;2024-Q2;5833,811204;5917,003502;20086,26553;4,883623442;Quarterly;01/01/80
Global;lithium;Synthetic price index / US$ equivalent;2024-Q3;5966,224229;5776,628136;21715,19779;2,508878742;Quarterly;01/01/80
Global;lithium;Synthetic price index / US$ equivalent;2024-Q4;5725,468758;5546,650434;24880,70534;6,86041468;Quarterly;01/01/80
Global;lithium;Synthetic price index / US$ equivalent;2025-Q1;5600,490332;5764,194672;29250,0816;6,075223727;Quarterly;01/01/80
Global;lithium;Synthetic price index / US$ equivalent;2025-Q2;5707,425409;5721,57027;34406,00161;7,791063409;Quarterly;01/01/80
Global;lithium;Synthetic price index / US$ equivalent;2025-Q3;5163,828088;5054,184116;40596,24969;1,500637949;Quarterly;01/01/80
Global;lithium;Synthetic price index / US$ equivalent;2025-Q4;5707,985755;5559,752812;37853,4559;-1,808413971;Quarterly;01/01/80
Global;lithium;Synthetic price index / US$ equivalent;2026-Q1;5969,541344;5846,387272;35958,49459;-1,841447623;Quarterly;01/01/80
Global;lithium;Synthetic price index / US$ equivalent;2026-Q2;5751,864111;5628,536247;39702,70866;5,884605122;Quarterly;01/01/80
Global;lithium;Synthetic price index / US$ equivalent;2026-Q3;6047,022492;5761,745714;41109,4919;-2,088092326;Quarterly;01/01/80
Global;maize;Synthetic price index / US$ equivalent;1980-Q1;3002,664879;2900,901534;96,87620345;0,93694863;Quarterly;01/01/80
Global;maize;Synthetic price index / US$ equivalent;1980-Q2;2681,46548;2624,8349;93,02652243;-1,904417619;Quarterly;01/01/80
Global;maize;Synthetic price index / US$ equivalent;1980-Q3;3065,848774;3112,657373;96,18048433;3,148491195;Quarterly;01/01/80
Global;maize;Synthetic price index / US$ equivalent;1980-Q4;3065,37568;3123,931544;104,1654562;2,148456001;Quarterly;01/01/80
Global;maize;Synthetic price index / US$ equivalent;1981-Q1;2970,32452;2971,16633;109,2855655;-0,203864066;Quarterly;01/01/80
Global;maize;Synthetic price index / US$ equivalent;1981-Q2;2994,334324;3053,755466;101,5145134;-2,350240489;Quarterly;01/01/80
Global;maize;Synthetic price index / US$ equivalent;1981-Q3;2993,057622;2935,419925;102,9507815;4,663589661;Quarterly;01/01/80
Global;maize;Synthetic price index / US$ equivalent;1981-Q4;3131,128503;3118,11097;114,7991165;0,7213633;Quarterly;01/01/80
Global;maize;Synthetic price index / US$ equivalent;1982-Q1;3023,672013;2944,537677;114,1937455;0,767812916;Quarterly;01/01/80
Global;maize;Synthetic price index / US$ equivalent;1982-Q2;3053,542332;3017,346865;113,978596;-0,984656399;Quarterly;01/01/80
Global;maize;Synthetic price index / US$ equivalent;1982-Q3;3029,782289;2963,777255;122,9016296;3,187116178;Quarterly;01/01/80
Global;maize;Synthetic price index / US$ equivalent;1982-Q4;2976,532158;3021,296619;123,386922;-1,928848052;Quarterly;01/01/80
Global;maize;Synthetic price index / US$ equivalent;1983-Q1;3063,198021;2988,924669;110,5032146;-2,833200967;Quarterly;01/01/80
Global;maize;Synthetic price index / US$ equivalent;1983-Q2;3005,211415;2966,956233;105,4731605;-1,6199923;Quarterly;01/01/80
Global;maize;Synthetic price index / US$ equivalent;1983-Q3;3071,35132;3023,553666;97,49736832;-3,023974884;Quarterly;01/01/80
Global;maize;Synthetic price index / US$ equivalent;1983-Q4;3160,385498;3174,65708;94,96438937;0,77776642;Quarterly;01/01/80
Global;maize;Synthetic price index / US$ equivalent;1984-Q1;3119,533256;3080,592222;94,59290173;-0,763704515;Quarterly;01/01/80
Global;maize;Synthetic price index / US$ equivalent;1984-Q2;3074,8925;3094,378675;94,54664423;1,03197134;Quarterly;01/01/80
Global;maize;Synthetic price index / US$ equivalent;1984-Q3;3194,001351;3080,786087;100,5765514;1,931749422;Quarterly;01/01/80
Global;maize;Synthetic price index / US$ equivalent;1984-Q4;3112,570894;2929,817768;92,93564284;-3,268854087;Quarterly;01/01/80
Global;maize;Synthetic price index / US$ equivalent;1985-Q1;3183,511409;3155,601408;87,36280766;-0,893418403;Quarterly;01/01/80
Global;maize;Synthetic price index / US$ equivalent;1985-Q2;3052,135417;3006,875272;88,89630903;0,347254602;Quarterly;01/01/80
Global;maize;Synthetic price index / US$ equivalent;1985-Q3;3473,869727;3503,226885;88,14626668;-1,186200186;Quarterly;01/01/80
Global;maize;Synthetic price index / US$ equivalent;1985-Q4;3340,382751;3376,299363;84,22199795;-0,514663337;Quarterly;01/01/80
Global;maize;Synthetic price index / US$ equivalent;1986-Q1;3217,487556;3160,709708;79,61587421;-3,003049543;Quarterly;01/01/80
Global;maize;Synthetic price index / US$ equivalent;1986-Q2;3069,754546;2994,69615;73,51970555;-2,706514502;Quarterly;01/01/80
Global;maize;Synthetic price index / US$ equivalent;1986-Q3;3344,225233;3427,970664;70,35311615;-0,153937475;Quarterly;01/01/80
Global;maize;Synthetic price index / US$ equivalent;1986-Q4;3107,85605;3224,061696;68,46200881;-3,166144934;Quarterly;01/01/80
Global;maize;Synthetic price index / US$ equivalent;1987-Q1;3242,43977;3189,779184;71,56582257;3,535450099;Quarterly;01/01/80
Global;maize;Synthetic price index / US$ equivalent;1987-Q2;3251,514002;3170,167878;74,97280353;2,299637045;Quarterly;01/01/80
Global;maize;Synthetic price index / US$ equivalent;1987-Q3;3462,130887;3303,548416;75,82874197;-0,465762643;Quarterly;01/01/80
Global;maize;Synthetic price index / US$ equivalent;1987-Q4;3216,603251;3208,402584;73,00543302;-1,616308222;Quarterly;01/01/80
Global;maize;Synthetic price index / US$ equivalent;1988-Q1;3136,382372;2989,941074;71,84493294;-0,755591067;Quarterly;01/01/80
Global;maize;Synthetic price index / US$ equivalent;1988-Q2;3227,153809;3233,512769;69,54578987;-0,982878757;Quarterly;01/01/80
Global;maize;Synthetic price index / US$ equivalent;1988-Q3;3105,830172;3037,39104;63,52462051;-2,449562421;Quarterly;01/01/80
Global;maize;Synthetic price index / US$ equivalent;1988-Q4;3282,373425;3235,904795;61,08823111;-1,354583261;Quarterly;01/01/80
Global;maize;Synthetic price index / US$ equivalent;1989-Q1;3452,649107;3326,127906;60,3606037;1,1867009;Quarterly;01/01/80
Global;maize;Synthetic price index / US$ equivalent;1989-Q2;3388,312734;3447,756108;60,07567652;-1,443574363;Quarterly;01/01/80
Global;maize;Synthetic price index / US$ equivalent;1989-Q3;3401,022851;3351,832007;59,44589649;0,140450176;Quarterly;01/01/80
Global;maize;Synthetic price index / US$ equivalent;1989-Q4;3383,064854;3328,117749;60,69836534;0,59840195;Quarterly;01/01/80
Global;maize;Synthetic price index / US$ equivalent;1990-Q1;3320,875716;3214,110861;58,58275139;0,068181218;Quarterly;01/01/80
Global;maize;Synthetic price index / US$ equivalent;1990-Q2;3782,755711;3634,536523;61,09555566;1,013007078;Quarterly;01/01/80
Global;maize;Synthetic price index / US$ equivalent;1990-Q3;3677,760953;3698,460447;64,51842276;0,425562783;Quarterly;01/01/80
Global;maize;Synthetic price index / US$ equivalent;1990-Q4;3505,623325;3377,811274;64,84350744;1,187288873;Quarterly;01/01/80
Global;maize;Synthetic price index / US$ equivalent;1991-Q1;3670,420123;3611,514147;66,37733688;2,124116101;Quarterly;01/01/80
Global;maize;Synthetic price index / US$ equivalent;1991-Q2;3552,271906;3534,441041;71,49765442;1,924754618;Quarterly;01/01/80
Global;maize;Synthetic price index / US$ equivalent;1991-Q3;3768,301526;3740,413226;75,36033452;0,594478403;Quarterly;01/01/80
Global;maize;Synthetic price index / US$ equivalent;1991-Q4;3534,466038;3395,426151;69,73495161;-2,763122506;Quarterly;01/01/80
Global;maize;Synthetic price index / US$ equivalent;1992-Q1;3500,815995;3399,704463;63,13428119;-5,07617317;Quarterly;01/01/80
Global;maize;Synthetic price index / US$ equivalent;1992-Q2;3615,447379;3604,517941;56,52120475;-0,985427181;Quarterly;01/01/80
Global;maize;Synthetic price index / US$ equivalent;1992-Q3;3415,450418;3413,123276;55,3895353;-1,446006501;Quarterly;01/01/80
Global;maize;Synthetic price index / US$ equivalent;1992-Q4;3442,472241;3438,736112;54,4761598;-0,866186685;Quarterly;01/01/80
Global;maize;Synthetic price index / US$ equivalent;1993-Q1;3535,457946;3517,695566;53,75550626;0,943366976;Quarterly;01/01/80
Global;maize;Synthetic price index / US$ equivalent;1993-Q2;3529,066854;3473,706826;52,73323923;0,60659121;Quarterly;01/01/80
Global;maize;Synthetic price index / US$ equivalent;1993-Q3;3506,262936;3417,335346;52,62235381;-1,992642432;Quarterly;01/01/80
Global;maize;Synthetic price index / US$ equivalent;1993-Q4;3590,468294;3470,875824;52,76707315;0,426829277;Quarterly;01/01/80
Global;maize;Synthetic price index / US$ equivalent;1994-Q1;3387,567925;3345,909234;54,138265;0,923223861;Quarterly;01/01/80
Global;maize;Synthetic price index / US$ equivalent;1994-Q2;3603,925761;3449,393148;49,83669846;-2,319114355;Quarterly;01/01/80
Global;maize;Synthetic price index / US$ equivalent;1994-Q3;3550,368297;3491,530305;47,49040554;-3,63417958;Quarterly;01/01/80
Global;maize;Synthetic price index / US$ equivalent;1994-Q4;3590,213026;3457,084685;46,43905349;1,035966902;Quarterly;01/01/80
Global;maize;Synthetic price index / US$ equivalent;1995-Q1;3688,949519;3837,341239;45,18250205;-1,069887059;Quarterly;01/01/80
Global;maize;Synthetic price index / US$ equivalent;1995-Q2;3287,345844;3264,403832;43,16036674;0,152425966;Quarterly;01/01/80
Global;maize;Synthetic price index / US$ equivalent;1995-Q3;3953,273825;3777,458525;43,88461109;-1,169454542;Quarterly;01/01/80
Global;maize;Synthetic price index / US$ equivalent;1995-Q4;3616,449637;3610,662804;41,46861236;-0,077210558;Quarterly;01/01/80
Global;maize;Synthetic price index / US$ equivalent;1996-Q1;3510,129769;3495,454477;45,87368676;2,941763958;Quarterly;01/01/80
Global;maize;Synthetic price index / US$ equivalent;1996-Q2;3769,464626;3744,466026;46,273464;-0,434084947;Quarterly;01/01/80
Global;maize;Synthetic price index / US$ equivalent;1996-Q3;3798,885263;3701,605941;45,20219129;0,230884342;Quarterly;01/01/80
Global;maize;Synthetic price index / US$ equivalent;1996-Q4;3918,384174;3958,229283;44,75374682;-0,995949849;Quarterly;01/01/80
Global;maize;Synthetic price index / US$ equivalent;1997-Q1;4077,244474;4119,485841;46,21144201;1,458144763;Quarterly;01/01/80
Global;maize;Synthetic price index / US$ equivalent;1997-Q2;3997,988023;3884,783278;45,99832606;0,280675683;Quarterly;01/01/80
Global;maize;Synthetic price index / US$ equivalent;1997-Q3;3693,313326;3785,725672;46,916853;-0,978748209;Quarterly;01/01/80
Global;maize;Synthetic price index / US$ equivalent;1997-Q4;3757,215321;3673,781705;48,72637022;3,240451494;Quarterly;01/01/80
Global;maize;Synthetic price index / US$ equivalent;1998-Q1;3638,142252;3660,272724;49,01600831;0,138813155;Quarterly;01/01/80
Global;maize;Synthetic price index / US$ equivalent;1998-Q2;3792,453353;3689,455075;51,94375787;2,699984935;Quarterly;01/01/80
Global;maize;Synthetic price index / US$ equivalent;1998-Q3;3767,953764;3775,991417;56,8078576;2,283593213;Quarterly;01/01/80
Global;maize;Synthetic price index / US$ equivalent;1998-Q4;3921,223274;3999,084276;57,77490623;-1,561980466;Quarterly;01/01/80
Global;maize;Synthetic price index / US$ equivalent;1999-Q1;4028,408304;3936,797644;57,96849808;2,46517625;Quarterly;01/01/80
Global;maize;Synthetic price index / US$ equivalent;1999-Q2;3889,50176;3849,110573;61,16847572;2,342635728;Quarterly;01/01/80
Global;maize;Synthetic price index / US$ equivalent;1999-Q3;3673,222563;3754,455599;65,26073706;0,182689604;Quarterly;01/01/80
Global;maize;Synthetic price index / US$ equivalent;1999-Q4;3792,848287;3690,325807;62,26682751;-1,200345254;Quarterly;01/01/80
Global;maize;Synthetic price index / US$ equivalent;2000-Q1;4070,740878;3970,183088;62,76671556;0,549676707;Quarterly;01/01/80
Global;maize;Synthetic price index / US$ equivalent;2000-Q2;4223,883715;4150,9796;59,57617463;-1,946618893;Quarterly;01/01/80
Global;maize;Synthetic price index / US$ equivalent;2000-Q3;3955,24583;4056,846428;58,43028864;-1,131799411;Quarterly;01/01/80
Global;maize;Synthetic price index / US$ equivalent;2000-Q4;4090,806729;4055,17905;55,9066751;-0,946947195;Quarterly;01/01/80
Global;maize;Synthetic price index / US$ equivalent;2001-Q1;4068,488541;4130,868178;54,4542235;-0,265617033;Quarterly;01/01/80
Global;maize;Synthetic price index / US$ equivalent;2001-Q2;4239,576513;4131,734617;60,48168492;3,313317728;Quarterly;01/01/80
Global;maize;Synthetic price index / US$ equivalent;2001-Q3;4213,509662;4222,111045;58,01456833;-2,715477959;Quarterly;01/01/80
Global;maize;Synthetic price index / US$ equivalent;2001-Q4;4404,210148;4408,80711;57,5083322;0,006527733;Quarterly;01/01/80
Global;maize;Synthetic price index / US$ equivalent;2002-Q1;4262,598243;4339,4659;55,53843851;1,390145243;Quarterly;01/01/80
Global;maize;Synthetic price index / US$ equivalent;2002-Q2;4135,256669;4000,743318;56,33054768;-1,183563808;Quarterly;01/01/80
Global;maize;Synthetic price index / US$ equivalent;2002-Q3;4305,466255;4251,738134;48,37100241;-6,790076544;Quarterly;01/01/80
Global;maize;Synthetic price index / US$ equivalent;2002-Q4;4190,001462;4138,841807;45,33682739;-0,055479605;Quarterly;01/01/80
Global;maize;Synthetic price index / US$ equivalent;2003-Q1;4226,086934;4168,980865;44,19822691;-1,931441536;Quarterly;01/01/80
Global;maize;Synthetic price index / US$ equivalent;2003-Q2;4280,722686;4069,382242;41,98571439;-0,475434876;Quarterly;01/01/80
Global;maize;Synthetic price index / US$ equivalent;2003-Q3;4595,966078;4558,788768;40,01785575;-0,958518319;Quarterly;01/01/80
Global;maize;Synthetic price index / US$ equivalent;2003-Q4;4253,976329;4094,874943;39,22637854;-2,195711526;Quarterly;01/01/80
Global;maize;Synthetic price index / US$ equivalent;2004-Q1;4379,287378;4403,016047;38,74816358;-0,125066356;Quarterly;01/01/80
Global;maize;Synthetic price index / US$ equivalent;2004-Q2;4192,701232;4214,478809;35,80592235;-0,969106838;Quarterly;01/01/80
Global;maize;Synthetic price index / US$ equivalent;2004-Q3;4320,795289;4191,502594;35,02701934;-1,029215898;Quarterly;01/01/80
Global;maize;Synthetic price index / US$ equivalent;2004-Q4;4487,980893;4442,491137;36,99258362;0,847131911;Quarterly;01/01/80
Global;maize;Synthetic price index / US$ equivalent;2005-Q1;4712,04758;4650,988776;36,35382373;-0,230844086;Quarterly;01/01/80
Global;maize;Synthetic price index / US$ equivalent;2005-Q2;4535,276325;4728,012707;33,60851708;-2,424110849;Quarterly;01/01/80
Global;maize;Synthetic price index / US$ equivalent;2005-Q3;4531,954622;4505,320431;33,55407429;0,075546016;Quarterly;01/01/80
Global;maize;Synthetic price index / US$ equivalent;2005-Q4;4938,287491;5016,747235;33,40464145;-0,534217442;Quarterly;01/01/80
Global;maize;Synthetic price index / US$ equivalent;2006-Q1;4652,015957;4646,674894;34,71429006;2,536928089;Quarterly;01/01/80
Global;maize;Synthetic price index / US$ equivalent;2006-Q2;4642,602935;4888,749316;33,70892093;-1,233997591;Quarterly;01/01/80
Global;maize;Synthetic price index / US$ equivalent;2006-Q3;4761,228442;4624,395429;35,252305;0,293586069;Quarterly;01/01/80
Global;maize;Synthetic price index / US$ equivalent;2006-Q4;4791,435329;5052,567211;33,74893104;-0,819895771;Quarterly;01/01/80
Global;maize;Synthetic price index / US$ equivalent;2007-Q1;4877,953031;4866,923579;33,3967507;0,82253618;Quarterly;01/01/80
Global;maize;Synthetic price index / US$ equivalent;2007-Q2;5320,810379;5211,883477;37,03470831;3,234437626;Quarterly;01/01/80
Global;maize;Synthetic price index / US$ equivalent;2007-Q3;4976,811912;4896,513254;38,84040899;0,892999173;Quarterly;01/01/80
Global;maize;Synthetic price index / US$ equivalent;2007-Q4;5298,570402;5227,387131;39,29325629;0,707015063;Quarterly;01/01/80
Global;maize;Synthetic price index / US$ equivalent;2008-Q1;5292,70169;5209,62262;39,48522635;1,818219015;Quarterly;01/01/80
Global;maize;Synthetic price index / US$ equivalent;2008-Q2;5480,85034;5332,160634;40,19758271;-1,410437937;Quarterly;01/01/80
Global;maize;Synthetic price index / US$ equivalent;2008-Q3;4900,95298;4666,035522;40,7409572;1,170176072;Quarterly;01/01/80
Global;maize;Synthetic price index / US$ equivalent;2008-Q4;5449,206342;5572,477896;41,576879;1,156826194;Quarterly;01/01/80
Global;maize;Synthetic price index / US$ equivalent;2009-Q1;4820,348995;4808,388926;43,55240738;1,169243469;Quarterly;01/01/80
Global;maize;Synthetic price index / US$ equivalent;2009-Q2;4949,563816;4874,515768;41,94237737;-1,326894336;Quarterly;01/01/80
Global;maize;Synthetic price index / US$ equivalent;2009-Q3;5028,526036;4993,164247;39,04004978;-3,289184407;Quarterly;01/01/80
Global;maize;Synthetic price index / US$ equivalent;2009-Q4;5253,008201;5294,200132;37,64057131;0,033365748;Quarterly;01/01/80
Global;maize;Synthetic price index / US$ equivalent;2010-Q1;5076,126822;5319,009425;37,67228791;-0,432587266;Quarterly;01/01/80
Global;maize;Synthetic price index / US$ equivalent;2010-Q2;5156,745179;5091,505653;37,00121572;0,666169107;Quarterly;01/01/80
Global;maize;Synthetic price index / US$ equivalent;2010-Q3;5154,980512;5152,86078;36,716313;-2,64568281;Quarterly;01/01/80
Global;maize;Synthetic price index / US$ equivalent;2010-Q4;5597,380638;5493,757911;34,2519861;-0,492034219;Quarterly;01/01/80
Global;maize;Synthetic price index / US$ equivalent;2011-Q1;5173,509246;5014,767239;33,50268323;-1,133302431;Quarterly;01/01/80
Global;maize;Synthetic price index / US$ equivalent;2011-Q2;5402,570897;5279,051072;34,31973046;1,693392663;Quarterly;01/01/80
Global;maize;Synthetic price index / US$ equivalent;2011-Q3;5355,614804;5449,876146;34,98847734;-1,190888184;Quarterly;01/01/80
Global;maize;Synthetic price index / US$ equivalent;2011-Q4;5434,814788;5350,364601;32,41352072;-1,738032181;Quarterly;01/01/80
Global;maize;Synthetic price index / US$ equivalent;2012-Q1;5422,425263;5338,235028;32,45951196;2,300180829;Quarterly;01/01/80
Global;maize;Synthetic price index / US$ equivalent;2012-Q2;5144,719856;4981,501384;35,61419671;2,039080794;Quarterly;01/01/80
Global;maize;Synthetic price index / US$ equivalent;2012-Q3;5501,496813;5331,044126;35,98423826;-0,682409743;Quarterly;01/01/80
Global;maize;Synthetic price index / US$ equivalent;2012-Q4;5364,006683;5309,449511;34,94016797;0,460738652;Quarterly;01/01/80
Global;maize;Synthetic price index / US$ equivalent;2013-Q1;5374,254436;5467,294927;38,1312725;2,704957646;Quarterly;01/01/80
Global;maize;Synthetic price index / US$ equivalent;2013-Q2;5215,398935;5115,901039;39,3528383;2,389562492;Quarterly;01/01/80
Global;maize;Synthetic price index / US$ equivalent;2013-Q3;5507,11388;5393,787809;41,30770683;-0,545321945;Quarterly;01/01/80
Global;maize;Synthetic price index / US$ equivalent;2013-Q4;5318,967638;5320,439763;42,3514465;1,130149075;Quarterly;01/01/80
Global;maize;Synthetic price index / US$ equivalent;2014-Q1;5084,878515;4913,061733;46,80194256;4,742982027;Quarterly;01/01/80
Global;maize;Synthetic price index / US$ equivalent;2014-Q2;5460,92987;5412,985865;47,54320288;0,09672477;Quarterly;01/01/80
Global;maize;Synthetic price index / US$ equivalent;2014-Q3;5215,110073;5164,285575;50,30408745;1,315121077;Quarterly;01/01/80
Global;maize;Synthetic price index / US$ equivalent;2014-Q4;5397,131452;5398,531957;55,52423919;5,316474409;Quarterly;01/01/80
Global;maize;Synthetic price index / US$ equivalent;2015-Q1;5000,495955;4803,054091;58,95083407;0,077218378;Quarterly;01/01/80
Global;maize;Synthetic price index / US$ equivalent;2015-Q2;5430,398773;5112,819793;58,74102529;1,029820741;Quarterly;01/01/80
Global;maize;Synthetic price index / US$ equivalent;2015-Q3;5312,562146;5126,447042;55,5352494;-5,254610192;Quarterly;01/01/80
Global;maize;Synthetic price index / US$ equivalent;2015-Q4;5212,234676;5179,536365;54,00560818;1,177704598;Quarterly;01/01/80
Global;maize;Synthetic price index / US$ equivalent;2016-Q1;5119,795531;5032,209939;53,13778824;-0,705591611;Quarterly;01/01/80
Global;maize;Synthetic price index / US$ equivalent;2016-Q2;5124,980632;4937,150491;50,95534406;-0,771163302;Quarterly;01/01/80
Global;maize;Synthetic price index / US$ equivalent;2016-Q3;5216,255154;5203,564779;53,25708167;1,998133477;Quarterly;01/01/80
Global;maize;Synthetic price index / US$ equivalent;2016-Q4;5193,789502;5460,948571;54,21256431;-0,557713991;Quarterly;01/01/80
Global;maize;Synthetic price index / US$ equivalent;2017-Q1;4894,674931;4754,313671;55,05546862;1,981019993;Quarterly;01/01/80
Global;maize;Synthetic price index / US$ equivalent;2017-Q2;5348,844049;5145,290507;55,8942606;-0,361783167;Quarterly;01/01/80
Global;maize;Synthetic price index / US$ equivalent;2017-Q3;5183,503927;4960,396258;59,6858809;3,864164236;Quarterly;01/01/80
Global;maize;Synthetic price index / US$ equivalent;2017-Q4;4985,551577;4945,132985;67,8254585;3,759717091;Quarterly;01/01/80
Global;maize;Synthetic price index / US$ equivalent;2018-Q1;5432,418945;5514,750508;68,72167963;-1,03139996;Quarterly;01/01/80
Global;maize;Synthetic price index / US$ equivalent;2018-Q2;5430,355875;5333,527963;61,48681803;-2,010242518;Quarterly;01/01/80
Global;maize;Synthetic price index / US$ equivalent;2018-Q3;5193,242737;5121,937825;65,64648518;2,320606302;Quarterly;01/01/80
Global;maize;Synthetic price index / US$ equivalent;2018-Q4;5177,2691;4977,353473;64,26683629;-1,666740276;Quarterly;01/01/80
Global;maize;Synthetic price index / US$ equivalent;2019-Q1;5285,399977;5190,583293;62,20525036;-3,811897749;Quarterly;01/01/80
Global;maize;Synthetic price index / US$ equivalent;2019-Q2;5576,92252;5166,739712;53,89524292;-3,03444529;Quarterly;01/01/80
Global;maize;Synthetic price index / US$ equivalent;2019-Q3;5159,279398;5026,711826;54,87104313;2,548548501;Quarterly;01/01/80
Global;maize;Synthetic price index / US$ equivalent;2019-Q4;5560,744873;5395,323436;56,57558572;2,076937604;Quarterly;01/01/80
Global;maize;Synthetic price index / US$ equivalent;2020-Q1;5415,040559;5304,331295;61,03085955;1,111153346;Quarterly;01/01/80
Global;maize;Synthetic price index / US$ equivalent;2020-Q2;5417,75994;5393,522793;60,12804905;-1,299755696;Quarterly;01/01/80
Global;maize;Synthetic price index / US$ equivalent;2020-Q3;5764,640894;5457,217916;54,15339742;-3,308802212;Quarterly;01/01/80
Global;maize;Synthetic price index / US$ equivalent;2020-Q4;5645,721698;5675,47893;48,10316228;-4,200545885;Quarterly;01/01/80
Global;maize;Synthetic price index / US$ equivalent;2021-Q1;5522,277095;5337,755534;46,63599244;0,216384524;Quarterly;01/01/80
Global;maize;Synthetic price index / US$ equivalent;2021-Q2;5453,459923;5277,298578;47,51595686;0,356319648;Quarterly;01/01/80
Global;maize;Synthetic price index / US$ equivalent;2021-Q3;5551,329417;5491,285268;48,32511473;1,94977323;Quarterly;01/01/80
Global;maize;Synthetic price index / US$ equivalent;2021-Q4;5598,075577;5550,733816;50,34746308;0,417348519;Quarterly;01/01/80
Global;maize;Synthetic price index / US$ equivalent;2022-Q1;5689,776085;5630,255759;49,68143304;-2,870072612;Quarterly;01/01/80
Global;maize;Synthetic price index / US$ equivalent;2022-Q2;6065,371704;5917,876851;47,44799158;1,851880795;Quarterly;01/01/80
Global;maize;Synthetic price index / US$ equivalent;2022-Q3;5985,049559;5932,885653;48,15696104;-1,143615301;Quarterly;01/01/80
Global;maize;Synthetic price index / US$ equivalent;2022-Q4;5806,366522;5545,680526;47,07491962;-0,94764288;Quarterly;01/01/80
Global;maize;Synthetic price index / US$ equivalent;2023-Q1;5862,572222;5858,474949;50,49979337;4,512398907;Quarterly;01/01/80
Global;maize;Synthetic price index / US$ equivalent;2023-Q2;5852,920557;5799,871782;54,62545743;2,883601348;Quarterly;01/01/80
Global;maize;Synthetic price index / US$ equivalent;2023-Q3;5724,598612;5666,523513;60,46334548;1,701605954;Quarterly;01/01/80
Global;maize;Synthetic price index / US$ equivalent;2023-Q4;5950,429714;5767,46289;61,36160087;2,700399;Quarterly;01/01/80
Global;maize;Synthetic price index / US$ equivalent;2024-Q1;5342,81886;5318,349952;60,39603119;-1,775119839;Quarterly;01/01/80
Global;maize;Synthetic price index / US$ equivalent;2024-Q2;5287,831328;5024,85288;61,61267925;1,240540699;Quarterly;01/01/80
Global;maize;Synthetic price index / US$ equivalent;2024-Q3;5608,249049;5761,555371;62,25966232;1,514881614;Quarterly;01/01/80
Global;maize;Synthetic price index / US$ equivalent;2024-Q4;5580,12121;5444,034537;69,39471384;2,658335799;Quarterly;01/01/80
Global;maize;Synthetic price index / US$ equivalent;2025-Q1;5509,37245;5640,374173;72,73198126;0,226878476;Quarterly;01/01/80
Global;maize;Synthetic price index / US$ equivalent;2025-Q2;5528,140226;5512,90842;76,72688436;3,035224333;Quarterly;01/01/80
Global;maize;Synthetic price index / US$ equivalent;2025-Q3;5585,789294;5546,276646;81,96534628;2,471072639;Quarterly;01/01/80
Global;maize;Synthetic price index / US$ equivalent;2025-Q4;5701,574924;5720,012756;89,78753971;1,974100621;Quarterly;01/01/80
Global;maize;Synthetic price index / US$ equivalent;2026-Q1;5835,062609;5612,814043;87,87225045;-0,413506211;Quarterly;01/01/80
Global;maize;Synthetic price index / US$ equivalent;2026-Q2;5241,870273;5107,836227;81,86166049;-2,947549633;Quarterly;01/01/80
Global;maize;Synthetic price index / US$ equivalent;2026-Q3;5465,765653;5496,659175;79,65159378;-0,483199752;Quarterly;01/01/80
Global;platinum;Synthetic price index / US$ equivalent;1980-Q1;3118,480788;3060,967549;439,5925227;-1,55519343;Quarterly;01/01/80
Global;platinum;Synthetic price index / US$ equivalent;1980-Q2;2865,646445;2764,103064;452,0174523;2,25260021;Quarterly;01/01/80
Global;platinum;Synthetic price index / US$ equivalent;1980-Q3;3069,783463;3054,697829;466,1149902;1,194996149;Quarterly;01/01/80
Global;platinum;Synthetic price index / US$ equivalent;1980-Q4;3152,510403;3065,480331;467,9061316;-0,786754956;Quarterly;01/01/80
Global;platinum;Synthetic price index / US$ equivalent;1981-Q1;3160,432101;3159,461187;480,716768;0,971776905;Quarterly;01/01/80
Global;platinum;Synthetic price index / US$ equivalent;1981-Q2;3098,060212;3093,092263;482,8499772;2,038219739;Quarterly;01/01/80
Global;platinum;Synthetic price index / US$ equivalent;1981-Q3;2997,027387;2970,111294;476,9121782;-0,457646314;Quarterly;01/01/80
Global;platinum;Synthetic price index / US$ equivalent;1981-Q4;3092,811407;3151,17314;484,6017027;0,129619659;Quarterly;01/01/80
Global;platinum;Synthetic price index / US$ equivalent;1982-Q1;3212,240469;3241,996576;454,928304;-3,543846855;Quarterly;01/01/80
Global;platinum;Synthetic price index / US$ equivalent;1982-Q2;3141,149061;3177,755635;423,6480293;-1,26894944;Quarterly;01/01/80
Global;platinum;Synthetic price index / US$ equivalent;1982-Q3;2944,03409;2897,713541;473,8721633;5,079501346;Quarterly;01/01/80
Global;platinum;Synthetic price index / US$ equivalent;1982-Q4;2983,763468;2924,784447;523,1729118;3,381666954;Quarterly;01/01/80
Global;platinum;Synthetic price index / US$ equivalent;1983-Q1;2794,12123;2806,817156;544,4251299;1,294138278;Quarterly;01/01/80
Global;platinum;Synthetic price index / US$ equivalent;1983-Q2;2918,656172;2810,826577;604,584958;3,790343138;Quarterly;01/01/80
Global;platinum;Synthetic price index / US$ equivalent;1983-Q3;2967,327719;2869,708334;639,675935;2,396228295;Quarterly;01/01/80
Global;platinum;Synthetic price index / US$ equivalent;1983-Q4;3054,963498;2988,452085;721,1434031;1,255233127;Quarterly;01/01/80
Global;platinum;Synthetic price index / US$ equivalent;1984-Q1;3024,765037;2990,451422;658,8185657;-3,203303145;Quarterly;01/01/80
Global;platinum;Synthetic price index / US$ equivalent;1984-Q2;3034,251573;3025,884306;600,1519499;-3,363513066;Quarterly;01/01/80
Global;platinum;Synthetic price index / US$ equivalent;1984-Q3;3247,116679;3298,775748;565,902476;-0,085013646;Quarterly;01/01/80
Global;platinum;Synthetic price index / US$ equivalent;1984-Q4;3047,926222;2940,381484;509,6520773;-3,210885668;Quarterly;01/01/80
Global;platinum;Synthetic price index / US$ equivalent;1985-Q1;3040,653959;3002,700356;515,8344979;1,410019143;Quarterly;01/01/80
Global;platinum;Synthetic price index / US$ equivalent;1985-Q2;3152,708371;3249,705786;502,3706535;-2,750049812;Quarterly;01/01/80
Global;platinum;Synthetic price index / US$ equivalent;1985-Q3;3392,901986;3322,763664;508,031127;1,883776639;Quarterly;01/01/80
Global;platinum;Synthetic price index / US$ equivalent;1985-Q4;3208,091625;3162,253891;519,9546652;1,141551622;Quarterly;01/01/80
Global;platinum;Synthetic price index / US$ equivalent;1986-Q1;3136,723079;3013,503372;510,1338691;-1,957246949;Quarterly;01/01/80
Global;platinum;Synthetic price index / US$ equivalent;1986-Q2;3171,769961;3049,653996;548,2717274;3,515374599;Quarterly;01/01/80
Global;platinum;Synthetic price index / US$ equivalent;1986-Q3;3275,577135;3299,398834;569,9094639;1,527742956;Quarterly;01/01/80
Global;platinum;Synthetic price index / US$ equivalent;1986-Q4;3218,082897;3152,287017;627,1123889;2,876171368;Quarterly;01/01/80
Global;platinum;Synthetic price index / US$ equivalent;1987-Q1;3181,912193;3050,286896;663,5282764;2,829184494;Quarterly;01/01/80
Global;platinum;Synthetic price index / US$ equivalent;1987-Q2;3242,358489;3292,282403;672,32271;0,347277372;Quarterly;01/01/80
Global;platinum;Synthetic price index / US$ equivalent;1987-Q3;3313,844152;3276,723213;782,4469041;4,874937319;Quarterly;01/01/80
Global;platinum;Synthetic price index / US$ equivalent;1987-Q4;3328,640572;3260,27109;825,568338;1,871888634;Quarterly;01/01/80
Global;platinum;Synthetic price index / US$ equivalent;1988-Q1;3123,027532;3151,592284;761,6287435;-4,481953884;Quarterly;01/01/80
Global;platinum;Synthetic price index / US$ equivalent;1988-Q2;3350,546949;3172,377652;695,7962255;-1,035868605;Quarterly;01/01/80
Global;platinum;Synthetic price index / US$ equivalent;1988-Q3;3256,144644;3254,25945;667,8063101;-1,954907367;Quarterly;01/01/80
Global;platinum;Synthetic price index / US$ equivalent;1988-Q4;3389,51496;3323,889846;647,7731337;0,410571208;Quarterly;01/01/80
Global;platinum;Synthetic price index / US$ equivalent;1989-Q1;3306,546212;3314,671428;676,828129;-0,01843682;Quarterly;01/01/80
Global;platinum;Synthetic price index / US$ equivalent;1989-Q2;3505,960544;3585,617252;665,9192967;-0,648924023;Quarterly;01/01/80
Global;platinum;Synthetic price index / US$ equivalent;1989-Q3;3520,890973;3392,506698;652,8072485;-0,155046983;Quarterly;01/01/80
Global;platinum;Synthetic price index / US$ equivalent;1989-Q4;3659,199965;3464,199047;639,4697719;-0,395401314;Quarterly;01/01/80
Global;platinum;Synthetic price index / US$ equivalent;1990-Q1;3346,113454;3232,902558;690,4059907;2,107474364;Quarterly;01/01/80
Global;platinum;Synthetic price index / US$ equivalent;1990-Q2;3387,872073;3256,617265;667,6532617;-1,706077197;Quarterly;01/01/80
Global;platinum;Synthetic price index / US$ equivalent;1990-Q3;3739,787533;3689,425071;641,1844472;0,216474036;Quarterly;01/01/80
Global;platinum;Synthetic price index / US$ equivalent;1990-Q4;3506,551172;3521,831804;644,9580756;-0,326806766;Quarterly;01/01/80
Global;platinum;Synthetic price index / US$ equivalent;1991-Q1;3684,525736;3654,798889;672,2746629;3,883353118;Quarterly;01/01/80
Global;platinum;Synthetic price index / US$ equivalent;1991-Q2;3548,775437;3419,999946;719,8365128;-1,245459829;Quarterly;01/01/80
Global;platinum;Synthetic price index / US$ equivalent;1991-Q3;3741,227273;3663,34322;677,7238182;-0,259547004;Quarterly;01/01/80
Global;platinum;Synthetic price index / US$ equivalent;1991-Q4;3505,693213;3415,277437;695,4397493;-0,580266579;Quarterly;01/01/80
Global;platinum;Synthetic price index / US$ equivalent;1992-Q1;3552,990044;3427,881452;668,2657064;1,24021449;Quarterly;01/01/80
Global;platinum;Synthetic price index / US$ equivalent;1992-Q2;3471,524688;3483,366529;651,4097816;-2,270043283;Quarterly;01/01/80
Global;platinum;Synthetic price index / US$ equivalent;1992-Q3;3600,675226;3663,873354;613,6785174;-2,835119503;Quarterly;01/01/80
Global;platinum;Synthetic price index / US$ equivalent;1992-Q4;3445,512704;3389,910865;602,4475586;0,244940971;Quarterly;01/01/80
Global;platinum;Synthetic price index / US$ equivalent;1993-Q1;3546,706373;3426,304896;539,3508542;-4,276392535;Quarterly;01/01/80
Global;platinum;Synthetic price index / US$ equivalent;1993-Q2;3722,219476;3820,652753;527,4962271;0,072480413;Quarterly;01/01/80
Global;platinum;Synthetic price index / US$ equivalent;1993-Q3;3486,944764;3308,210118;536,3835682;1,105999794;Quarterly;01/01/80
Global;platinum;Synthetic price index / US$ equivalent;1993-Q4;3479,803393;3370,473978;516,05646;-1,145808755;Quarterly;01/01/80
Global;platinum;Synthetic price index / US$ equivalent;1994-Q1;3637,298344;3553,996832;553,3058888;2,262689812;Quarterly;01/01/80
Global;platinum;Synthetic price index / US$ equivalent;1994-Q2;3543,608425;3459,432883;552,2651346;-1,376737528;Quarterly;01/01/80
Global;platinum;Synthetic price index / US$ equivalent;1994-Q3;3771,560468;3678,92684;554,7468271;2,458377154;Quarterly;01/01/80
Global;platinum;Synthetic price index / US$ equivalent;1994-Q4;3826,36422;3831,97485;562,0227839;-2,349803153;Quarterly;01/01/80
Global;platinum;Synthetic price index / US$ equivalent;1995-Q1;3590,964056;3492,840962;473,9212557;-4,105812181;Quarterly;01/01/80
Global;platinum;Synthetic price index / US$ equivalent;1995-Q2;3640,989646;3679,654485;445,0939149;-1,505360822;Quarterly;01/01/80
Global;platinum;Synthetic price index / US$ equivalent;1995-Q3;3781,486539;3687,359789;422,4457662;-0,476268739;Quarterly;01/01/80
Global;platinum;Synthetic price index / US$ equivalent;1995-Q4;3858,950319;3713,508187;425,2099715;-1,728063762;Quarterly;01/01/80
Global;platinum;Synthetic price index / US$ equivalent;1996-Q1;3982,669369;4054,153563;398,4846954;-1,364198663;Quarterly;01/01/80
Global;platinum;Synthetic price index / US$ equivalent;1996-Q2;3889,0827;3932,438028;409,8540823;0,572346383;Quarterly;01/01/80
Global;platinum;Synthetic price index / US$ equivalent;1996-Q3;3739,526852;3629,242049;381,354353;-1,700935506;Quarterly;01/01/80
Global;platinum;Synthetic price index / US$ equivalent;1996-Q4;4102,885176;4019,919272;382,2506333;-1,027623802;Quarterly;01/01/80
Global;platinum;Synthetic price index / US$ equivalent;1997-Q1;4161,256423;4214,796281;361,8268066;-1,54246742;Quarterly;01/01/80
Global;platinum;Synthetic price index / US$ equivalent;1997-Q2;3812,263395;3779,441769;357,113961;-0,948402133;Quarterly;01/01/80
Global;platinum;Synthetic price index / US$ equivalent;1997-Q3;3733,434948;3726,410203;348,7241664;0,332795718;Quarterly;01/01/80
Global;platinum;Synthetic price index / US$ equivalent;1997-Q4;4121,259945;4085,409858;322,5630973;-3,786677073;Quarterly;01/01/80
Global;platinum;Synthetic price index / US$ equivalent;1998-Q1;3684,593824;3735,784089;308,6430701;1,035424483;Quarterly;01/01/80
Global;platinum;Synthetic price index / US$ equivalent;1998-Q2;4022,905154;3998,971791;312,6522894;-0,379996082;Quarterly;01/01/80
Global;platinum;Synthetic price index / US$ equivalent;1998-Q3;4005,661213;4085,471343;324,0103042;1,929113286;Quarterly;01/01/80
Global;platinum;Synthetic price index / US$ equivalent;1998-Q4;4038,658832;4055,158761;329,4953878;-1,342494951;Quarterly;01/01/80
Global;platinum;Synthetic price index / US$ equivalent;1999-Q1;4112,716976;3972,088974;326,8947671;0,18626364;Quarterly;01/01/80
Global;platinum;Synthetic price index / US$ equivalent;1999-Q2;3918,190634;3709,30108;333,360839;1,697425396;Quarterly;01/01/80
Global;platinum;Synthetic price index / US$ equivalent;1999-Q3;4124,338415;4067,511176;330,2254391;-1,861005183;Quarterly;01/01/80
Global;platinum;Synthetic price index / US$ equivalent;1999-Q4;4252,852483;4097,232743;301,276802;-0,444707953;Quarterly;01/01/80
Global;platinum;Synthetic price index / US$ equivalent;2000-Q1;4370,587142;4312,471963;319,7423518;1,317969985;Quarterly;01/01/80
Global;platinum;Synthetic price index / US$ equivalent;2000-Q2;4040,21362;4113,344904;310,4979118;-2,219620801;Quarterly;01/01/80
Global;platinum;Synthetic price index / US$ equivalent;2000-Q3;4080,643664;4008,21206;322,0908629;2,763059029;Quarterly;01/01/80
Global;platinum;Synthetic price index / US$ equivalent;2000-Q4;4112,247784;4048,917447;310,9695246;-2,383228103;Quarterly;01/01/80
Global;platinum;Synthetic price index / US$ equivalent;2001-Q1;4426,968057;4662,016567;295,4601955;-0,84274103;Quarterly;01/01/80
Global;platinum;Synthetic price index / US$ equivalent;2001-Q2;4339,322113;4317,947638;295,8394844;-0,144496633;Quarterly;01/01/80
Global;platinum;Synthetic price index / US$ equivalent;2001-Q3;4214,855835;4213,406968;289,708336;-2,168395359;Quarterly;01/01/80
Global;platinum;Synthetic price index / US$ equivalent;2001-Q4;4205,963129;4055,830576;280,7271437;-0,266072481;Quarterly;01/01/80
Global;platinum;Synthetic price index / US$ equivalent;2002-Q1;4219,452943;4202,422221;275,1734022;1,026176239;Quarterly;01/01/80
Global;platinum;Synthetic price index / US$ equivalent;2002-Q2;4132,178763;4086,090553;281,0348209;0,236516753;Quarterly;01/01/80
Global;platinum;Synthetic price index / US$ equivalent;2002-Q3;4089,375221;3911,034436;264,3428922;-3,636427087;Quarterly;01/01/80
Global;platinum;Synthetic price index / US$ equivalent;2002-Q4;4217,88786;4179,249453;239,880432;-2,251134884;Quarterly;01/01/80
Global;platinum;Synthetic price index / US$ equivalent;2003-Q1;4141,469944;4051,80915;253,8704896;2,878065209;Quarterly;01/01/80
Global;platinum;Synthetic price index / US$ equivalent;2003-Q2;4293,903361;4066,574959;277,838783;2,073541122;Quarterly;01/01/80
Global;platinum;Synthetic price index / US$ equivalent;2003-Q3;4382,059802;4519,764265;263,4055141;-1,397290614;Quarterly;01/01/80
Global;platinum;Synthetic price index / US$ equivalent;2003-Q4;4177,821892;4033,853472;244,4353444;-1,637021945;Quarterly;01/01/80
Global;platinum;Synthetic price index / US$ equivalent;2004-Q1;4224,667444;4109,258762;238,7438378;-3,629907255;Quarterly;01/01/80
Global;platinum;Synthetic price index / US$ equivalent;2004-Q2;4475,319213;4457,786289;225,9877613;0,619278615;Quarterly;01/01/80
Global;platinum;Synthetic price index / US$ equivalent;2004-Q3;4339,828067;4527,905038;214,7749107;-2,863453296;Quarterly;01/01/80
Global;platinum;Synthetic price index / US$ equivalent;2004-Q4;4447,981909;4279,767326;203,5789563;-1,427843841;Quarterly;01/01/80
Global;platinum;Synthetic price index / US$ equivalent;2005-Q1;4808,700743;4521,69845;182,5119483;-3,320729921;Quarterly;01/01/80
Global;platinum;Synthetic price index / US$ equivalent;2005-Q2;4750,358048;4611,589989;176,8947041;0,407480203;Quarterly;01/01/80
Global;platinum;Synthetic price index / US$ equivalent;2005-Q3;4715,374404;4656,937161;183,0942312;1,481474044;Quarterly;01/01/80
Global;platinum;Synthetic price index / US$ equivalent;2005-Q4;4763,240071;4628,093363;188,990053;0,53445345;Quarterly;01/01/80
Global;platinum;Synthetic price index / US$ equivalent;2006-Q1;5030,121597;5263,528966;199,2340677;2,440739417;Quarterly;01/01/80
Global;platinum;Synthetic price index / US$ equivalent;2006-Q2;4753,425194;4596,460701;208,9126736;1,810224106;Quarterly;01/01/80
Global;platinum;Synthetic price index / US$ equivalent;2006-Q3;5042,583199;5071,50734;196,0498383;-3,414852509;Quarterly;01/01/80
Global;platinum;Synthetic price index / US$ equivalent;2006-Q4;4598,89481;4554,528054;190,0348575;-0,147760116;Quarterly;01/01/80
Global;platinum;Synthetic price index / US$ equivalent;2007-Q1;4921,982463;4821,959599;194,5162903;-0,649316761;Quarterly;01/01/80
Global;platinum;Synthetic price index / US$ equivalent;2007-Q2;5549,009084;5453,288167;203,4033252;4,856815867;Quarterly;01/01/80
Global;platinum;Synthetic price index / US$ equivalent;2007-Q3;4956,347093;4864,751936;210,0460236;-2,009441035;Quarterly;01/01/80
Global;platinum;Synthetic price index / US$ equivalent;2007-Q4;5240,928406;5263,729544;209,3254982;1,136316403;Quarterly;01/01/80
Global;platinum;Synthetic price index / US$ equivalent;2008-Q1;5317,061123;5161,310262;192,0363108;-4,450189037;Quarterly;01/01/80
Global;platinum;Synthetic price index / US$ equivalent;2008-Q2;5069,019859;5100,609193;206,6898911;5,370556294;Quarterly;01/01/80
Global;platinum;Synthetic price index / US$ equivalent;2008-Q3;5085,339149;5172,404056;210,5258317;0,116031674;Quarterly;01/01/80
Global;platinum;Synthetic price index / US$ equivalent;2008-Q4;4897,823092;4948,765378;212,2149951;0,377908535;Quarterly;01/01/80
Global;platinum;Synthetic price index / US$ equivalent;2009-Q1;5153,759103;5129,874035;228,2375521;3,392273005;Quarterly;01/01/80
Global;platinum;Synthetic price index / US$ equivalent;2009-Q2;5255,457431;5230,224389;237,6412723;0,401795826;Quarterly;01/01/80
Global;platinum;Synthetic price index / US$ equivalent;2009-Q3;5136,154271;5218,35806;231,4541655;-0,777377996;Quarterly;01/01/80
Global;platinum;Synthetic price index / US$ equivalent;2009-Q4;5155,249864;5199,773546;242,6712917;1,518005674;Quarterly;01/01/80
Global;platinum;Synthetic price index / US$ equivalent;2010-Q1;5177,491818;5049,685765;256,8703673;1,002320261;Quarterly;01/01/80
Global;platinum;Synthetic price index / US$ equivalent;2010-Q2;5318,396916;5156,39054;234,1082134;-2,662961131;Quarterly;01/01/80
Global;platinum;Synthetic price index / US$ equivalent;2010-Q3;4840,710542;4963,905849;210,2039932;-5,219974875;Quarterly;01/01/80
Global;platinum;Synthetic price index / US$ equivalent;2010-Q4;4920,72226;4799,001708;204,09309;1,195678105;Quarterly;01/01/80
Global;platinum;Synthetic price index / US$ equivalent;2011-Q1;5522,501698;5357,977754;192,4454385;-1,874399532;Quarterly;01/01/80
Global;platinum;Synthetic price index / US$ equivalent;2011-Q2;5505,046121;5205,182595;201,7930307;0,716984402;Quarterly;01/01/80
Global;platinum;Synthetic price index / US$ equivalent;2011-Q3;4943,146875;4864,603353;185,6927573;-2,985921451;Quarterly;01/01/80
Global;platinum;Synthetic price index / US$ equivalent;2011-Q4;5263,382387;5173,395913;179,9830949;-1,02048351;Quarterly;01/01/80
Global;platinum;Synthetic price index / US$ equivalent;2012-Q1;5122,270339;5127,97527;174,8636183;0,7302313;Quarterly;01/01/80
Global;platinum;Synthetic price index / US$ equivalent;2012-Q2;5137,255121;5005,170817;177,0759891;-0,623375775;Quarterly;01/01/80
Global;platinum;Synthetic price index / US$ equivalent;2012-Q3;5196,514391;5120,214843;182,4899508;1,746202053;Quarterly;01/01/80
Global;platinum;Synthetic price index / US$ equivalent;2012-Q4;5016,405366;4993,518916;179,3650179;-0,73251102;Quarterly;01/01/80
Global;platinum;Synthetic price index / US$ equivalent;2013-Q1;5418,814308;5325,430289;174,7367415;-0,127306825;Quarterly;01/01/80
Global;platinum;Synthetic price index / US$ equivalent;2013-Q2;5333,587611;5197,273573;177,210086;0,48950562;Quarterly;01/01/80
Global;platinum;Synthetic price index / US$ equivalent;2013-Q3;5426,252398;5402,234959;172,3359437;-0,419902927;Quarterly;01/01/80
Global;platinum;Synthetic price index / US$ equivalent;2013-Q4;5450,246543;5414,463187;171,1856831;-1,652021401;Quarterly;01/01/80
Global;platinum;Synthetic price index / US$ equivalent;2014-Q1;5151,365951;5106,99558;165,2356618;-0,600464471;Quarterly;01/01/80
Global;platinum;Synthetic price index / US$ equivalent;2014-Q2;5474,74766;5452,301121;163,5581139;-1,330202181;Quarterly;01/01/80
Global;platinum;Synthetic price index / US$ equivalent;2014-Q3;5448,374992;5467,103315;158,2571981;-0,291897224;Quarterly;01/01/80
Global;platinum;Synthetic price index / US$ equivalent;2014-Q4;5235,591879;5347,576126;159,7342366;0,266920942;Quarterly;01/01/80
Global;platinum;Synthetic price index / US$ equivalent;2015-Q1;5377,448024;5368,211058;164,9706314;2,166945148;Quarterly;01/01/80
Global;platinum;Synthetic price index / US$ equivalent;2015-Q2;5579,78063;5477,090862;154,1205189;-3,023518537;Quarterly;01/01/80
Global;platinum;Synthetic price index / US$ equivalent;2015-Q3;5276,221239;5107,565479;138,152906;-3,92175983;Quarterly;01/01/80
Global;platinum;Synthetic price index / US$ equivalent;2015-Q4;5443,861826;5528,536773;142,3363836;1,946895829;Quarterly;01/01/80
Global;platinum;Synthetic price index / US$ equivalent;2016-Q1;4934,260593;4898,927033;146,8253497;0,048973376;Quarterly;01/01/80
Global;platinum;Synthetic price index / US$ equivalent;2016-Q2;5090,095333;5120,846611;150,1654763;2,464130432;Quarterly;01/01/80
Global;platinum;Synthetic price index / US$ equivalent;2016-Q3;5252,203387;5073,204427;169,9250779;5,015047113;Quarterly;01/01/80
Global;platinum;Synthetic price index / US$ equivalent;2016-Q4;5255,744783;5264,518422;189,1184541;2,777831408;Quarterly;01/01/80
Global;platinum;Synthetic price index / US$ equivalent;2017-Q1;5424,125518;5623,015711;197,4926558;0,617265394;Quarterly;01/01/80
Global;platinum;Synthetic price index / US$ equivalent;2017-Q2;5383,335045;5228,564934;197,4516546;0,351940045;Quarterly;01/01/80
Global;platinum;Synthetic price index / US$ equivalent;2017-Q3;5140,121684;4797,047818;191,2554727;-1,494697772;Quarterly;01/01/80
Global;platinum;Synthetic price index / US$ equivalent;2017-Q4;5431,441992;5418,533268;198,3462199;1,040207073;Quarterly;01/01/80
Global;platinum;Synthetic price index / US$ equivalent;2018-Q1;5021,384972;5051,652119;215,6481053;3,590583099;Quarterly;01/01/80
Global;platinum;Synthetic price index / US$ equivalent;2018-Q2;5470,373398;5530,182518;236,5760577;2,677720517;Quarterly;01/01/80
Global;platinum;Synthetic price index / US$ equivalent;2018-Q3;5623,252176;5557,085254;255,9320021;2,911634632;Quarterly;01/01/80
Global;platinum;Synthetic price index / US$ equivalent;2018-Q4;5428,222192;5262,149486;271,8243296;2,9899165;Quarterly;01/01/80
Global;platinum;Synthetic price index / US$ equivalent;2019-Q1;5396,059383;5327,841717;293,0609827;4,266644121;Quarterly;01/01/80
Global;platinum;Synthetic price index / US$ equivalent;2019-Q2;5346,90403;5375,057531;316,3740715;0,310295661;Quarterly;01/01/80
Global;platinum;Synthetic price index / US$ equivalent;2019-Q3;5576,51616;5462,741786;333,2271726;2,109095907;Quarterly;01/01/80
Global;platinum;Synthetic price index / US$ equivalent;2019-Q4;5329,760243;5161,248851;322,6684644;-0,931234131;Quarterly;01/01/80
Global;platinum;Synthetic price index / US$ equivalent;2020-Q1;5122,087029;4999,984532;322,4183968;-1,273312283;Quarterly;01/01/80
Global;platinum;Synthetic price index / US$ equivalent;2020-Q2;5295,817053;5356,244449;317,8935587;0,373625792;Quarterly;01/01/80
Global;platinum;Synthetic price index / US$ equivalent;2020-Q3;5779,296316;5524,294694;319,9748422;1,826554723;Quarterly;01/01/80
Global;platinum;Synthetic price index / US$ equivalent;2020-Q4;5768,999359;5572,818962;327,7886768;0,288659194;Quarterly;01/01/80
Global;platinum;Synthetic price index / US$ equivalent;2021-Q1;5951,949974;5738,943821;329,1449331;-2,311604081;Quarterly;01/01/80
Global;platinum;Synthetic price index / US$ equivalent;2021-Q2;5639,965031;5739,89193;320,9176804;-0,739358506;Quarterly;01/01/80
Global;platinum;Synthetic price index / US$ equivalent;2021-Q3;5250,543362;5251,747689;297,7386923;-0,993011298;Quarterly;01/01/80
Global;platinum;Synthetic price index / US$ equivalent;2021-Q4;5630,977387;5591,018804;292,4513766;-1,419222804;Quarterly;01/01/80
Global;platinum;Synthetic price index / US$ equivalent;2022-Q1;6063,606156;6115,206751;280,7735159;-0,887259389;Quarterly;01/01/80
Global;platinum;Synthetic price index / US$ equivalent;2022-Q2;5575,33988;5607,354509;277,3336162;1,698280795;Quarterly;01/01/80
Global;platinum;Synthetic price index / US$ equivalent;2022-Q3;5779,660495;5709,611492;298,9882102;1,378736646;Quarterly;01/01/80
Global;platinum;Synthetic price index / US$ equivalent;2022-Q4;5503,940324;5449,922565;329,0441327;4,117675403;Quarterly;01/01/80
Global;platinum;Synthetic price index / US$ equivalent;2023-Q1;5699,702965;5565,519474;353,5956857;1,643390857;Quarterly;01/01/80
Global;platinum;Synthetic price index / US$ equivalent;2023-Q2;5641,854996;5654,954585;333,0426101;-2,895987057;Quarterly;01/01/80
Global;platinum;Synthetic price index / US$ equivalent;2023-Q3;5904,116965;5778,863104;355,8341235;5,423869545;Quarterly;01/01/80
Global;platinum;Synthetic price index / US$ equivalent;2023-Q4;5670,216192;5543,485321;401,3705302;2,880867791;Quarterly;01/01/80
Global;platinum;Synthetic price index / US$ equivalent;2024-Q1;5904,15589;5599,87631;429,2082657;1,613272539;Quarterly;01/01/80
Global;platinum;Synthetic price index / US$ equivalent;2024-Q2;5866,334285;5805,851507;450,3546942;3,467788775;Quarterly;01/01/80
Global;platinum;Synthetic price index / US$ equivalent;2024-Q3;5989,73518;5818,406157;465,4268773;-0,645810012;Quarterly;01/01/80
Global;platinum;Synthetic price index / US$ equivalent;2024-Q4;5466,532593;5566,009683;440,768433;-1,417007079;Quarterly;01/01/80
Global;platinum;Synthetic price index / US$ equivalent;2025-Q1;5484,932951;5648,304399;399,2080708;-4,786198568;Quarterly;01/01/80
Global;platinum;Synthetic price index / US$ equivalent;2025-Q2;5185,722867;5041,948246;374,3082913;-1,927582828;Quarterly;01/01/80
Global;platinum;Synthetic price index / US$ equivalent;2025-Q3;5516,656115;5578,49672;343,0640286;-1,602543272;Quarterly;01/01/80
Global;platinum;Synthetic price index / US$ equivalent;2025-Q4;5560,399406;5544,003322;308,2078421;-4,34393355;Quarterly;01/01/80
Global;platinum;Synthetic price index / US$ equivalent;2026-Q1;5557,681256;5449,130971;316,8801564;3,098347961;Quarterly;01/01/80
Global;platinum;Synthetic price index / US$ equivalent;2026-Q2;5393,813849;5497,7595;354,4291344;3,94322949;Quarterly;01/01/80
Global;platinum;Synthetic price index / US$ equivalent;2026-Q3;5730,838968;5592,700563;381,7898945;2,640107068;Quarterly;01/01/80
Global;tobacco;Synthetic price index / US$ equivalent;1980-Q1;3166,168269;3271,188207;1,468872223;0,732661672;Quarterly;01/01/80
Global;tobacco;Synthetic price index / US$ equivalent;1980-Q2;2893,870675;2906,848862;1,56062928;1,585636083;Quarterly;01/01/80
Global;tobacco;Synthetic price index / US$ equivalent;1980-Q3;2961,914174;3037,131338;1,380574239;-3,658932617;Quarterly;01/01/80
Global;tobacco;Synthetic price index / US$ equivalent;1980-Q4;3022,458626;3078,498875;1,388997794;0,798021822;Quarterly;01/01/80
Global;tobacco;Synthetic price index / US$ equivalent;1981-Q1;3065,911845;2989,434218;1,507266633;4,195174863;Quarterly;01/01/80
Global;tobacco;Synthetic price index / US$ equivalent;1981-Q2;2933,008534;2948,585096;1,679240972;3,281899449;Quarterly;01/01/80
Global;tobacco;Synthetic price index / US$ equivalent;1981-Q3;3064,895327;3047,099533;1,759185385;0,503336153;Quarterly;01/01/80
Global;tobacco;Synthetic price index / US$ equivalent;1981-Q4;3300,37731;3195,755232;1,79182456;1,275413105;Quarterly;01/01/80
Global;tobacco;Synthetic price index / US$ equivalent;1982-Q1;2994,135621;3065,397997;1,751589858;-0,663374081;Quarterly;01/01/80
Global;tobacco;Synthetic price index / US$ equivalent;1982-Q2;3293,426018;3231,223306;1,793337189;-0,802065181;Quarterly;01/01/80
Global;tobacco;Synthetic price index / US$ equivalent;1982-Q3;2963,90574;2886,996907;1,756521882;1,121743813;Quarterly;01/01/80
Global;tobacco;Synthetic price index / US$ equivalent;1982-Q4;3054,076543;2982,344783;1,766219722;-0,135414268;Quarterly;01/01/80
Global;tobacco;Synthetic price index / US$ equivalent;1983-Q1;2907,505302;2882,528921;1,752265906;-1,575485431;Quarterly;01/01/80
Global;tobacco;Synthetic price index / US$ equivalent;1983-Q2;3063,068767;3120,407108;1,632120789;-1,709352224;Quarterly;01/01/80
Global;tobacco;Synthetic price index / US$ equivalent;1983-Q3;2833,195861;2808,185809;1,721874338;1,164171407;Quarterly;01/01/80
Global;tobacco;Synthetic price index / US$ equivalent;1983-Q4;3094,88852;3152,318607;1,739171089;3,284450365;Quarterly;01/01/80
Global;tobacco;Synthetic price index / US$ equivalent;1984-Q1;3165,309481;3303,592146;1,776230377;-0,911899903;Quarterly;01/01/80
Global;tobacco;Synthetic price index / US$ equivalent;1984-Q2;2960,368547;2984,043001;1,812685291;0,583165363;Quarterly;01/01/80
Global;tobacco;Synthetic price index / US$ equivalent;1984-Q3;3235,75787;3156,224304;1,912631546;1,686210976;Quarterly;01/01/80
Global;tobacco;Synthetic price index / US$ equivalent;1984-Q4;3109,862736;3120,088931;1,863423224;0,766634887;Quarterly;01/01/80
Global;tobacco;Synthetic price index / US$ equivalent;1985-Q1;3157,592758;3113,313797;1,932834143;-0,107338042;Quarterly;01/01/80
Global;tobacco;Synthetic price index / US$ equivalent;1985-Q2;3135,941383;3053,485702;1,914656155;-0,99158654;Quarterly;01/01/80
Global;tobacco;Synthetic price index / US$ equivalent;1985-Q3;3289,329965;3110,780792;1,905390287;1,452883991;Quarterly;01/01/80
Global;tobacco;Synthetic price index / US$ equivalent;1985-Q4;3118,113827;3173,65967;2,011150897;0,96961111;Quarterly;01/01/80
Global;tobacco;Synthetic price index / US$ equivalent;1986-Q1;3012,592849;3164,545635;2,021027599;0,921720544;Quarterly;01/01/80
Global;tobacco;Synthetic price index / US$ equivalent;1986-Q2;3326,040366;3328,852054;2,146956946;1,749697478;Quarterly;01/01/80
Global;tobacco;Synthetic price index / US$ equivalent;1986-Q3;3055,121734;3049,380587;2,154339235;-0,437101153;Quarterly;01/01/80
Global;tobacco;Synthetic price index / US$ equivalent;1986-Q4;3278,615394;3322,839503;2,188653896;0,800195657;Quarterly;01/01/80
Global;tobacco;Synthetic price index / US$ equivalent;1987-Q1;3157,730257;3190,441585;2,401380347;2,416033983;Quarterly;01/01/80
Global;tobacco;Synthetic price index / US$ equivalent;1987-Q2;3240,433537;3066,80616;2,452184139;1,488275189;Quarterly;01/01/80
Global;tobacco;Synthetic price index / US$ equivalent;1987-Q3;3363,087173;3407,644011;2,525504874;1,188961006;Quarterly;01/01/80
Global;tobacco;Synthetic price index / US$ equivalent;1987-Q4;3366,018478;3360,67305;2,475245237;-0,535921345;Quarterly;01/01/80
Global;tobacco;Synthetic price index / US$ equivalent;1988-Q1;3148,963099;3087,943618;2,477843419;-0,57153231;Quarterly;01/01/80
Global;tobacco;Synthetic price index / US$ equivalent;1988-Q2;3468,60644;3395,102757;2,339679105;-1,312867987;Quarterly;01/01/80
Global;tobacco;Synthetic price index / US$ equivalent;1988-Q3;3354,526697;3362,8452;2,232181718;-1,440684513;Quarterly;01/01/80
Global;tobacco;Synthetic price index / US$ equivalent;1988-Q4;3181,643838;3078,477939;2,300737032;0,755440553;Quarterly;01/01/80
Global;tobacco;Synthetic price index / US$ equivalent;1989-Q1;3257,187229;3125,13087;2,357653134;1,467247895;Quarterly;01/01/80
Global;tobacco;Synthetic price index / US$ equivalent;1989-Q2;3320,126491;3190,990427;2,24241632;-2,720738043;Quarterly;01/01/80
Global;tobacco;Synthetic price index / US$ equivalent;1989-Q3;3604,444312;3624,474967;2,255667653;0,647493807;Quarterly;01/01/80
Global;tobacco;Synthetic price index / US$ equivalent;1989-Q4;3622,778818;3557,744671;2,238339922;-0,137617964;Quarterly;01/01/80
Global;tobacco;Synthetic price index / US$ equivalent;1990-Q1;3543,459239;3483,15354;2,273875046;1,131469661;Quarterly;01/01/80
Global;tobacco;Synthetic price index / US$ equivalent;1990-Q2;3397,419546;3469,499067;2,2865018;-1,245044851;Quarterly;01/01/80
Global;tobacco;Synthetic price index / US$ equivalent;1990-Q3;3556,662869;3455,620565;2,044043167;-3,822776958;Quarterly;01/01/80
Global;tobacco;Synthetic price index / US$ equivalent;1990-Q4;3492,176708;3518,988504;2,066072793;1,741373112;Quarterly;01/01/80
Global;tobacco;Synthetic price index / US$ equivalent;1991-Q1;3682,924043;3654,396758;2,043144038;0,508046984;Quarterly;01/01/80
Global;tobacco;Synthetic price index / US$ equivalent;1991-Q2;3682,785787;3656,754118;2,24059773;3,023574043;Quarterly;01/01/80
Global;tobacco;Synthetic price index / US$ equivalent;1991-Q3;3485,226767;3383,911235;2,354244939;1,948813976;Quarterly;01/01/80
Global;tobacco;Synthetic price index / US$ equivalent;1991-Q4;3647,981025;3564,658528;2,407946805;-1,467751768;Quarterly;01/01/80
Global;tobacco;Synthetic price index / US$ equivalent;1992-Q1;3617,615067;3698,481785;2,275397502;-0,380122386;Quarterly;01/01/80
Global;tobacco;Synthetic price index / US$ equivalent;1992-Q2;3461,357776;3505,969029;2,353551469;0,976354049;Quarterly;01/01/80
Global;tobacco;Synthetic price index / US$ equivalent;1992-Q3;3523,328791;3469,829984;2,455719042;3,030816054;Quarterly;01/01/80
Global;tobacco;Synthetic price index / US$ equivalent;1992-Q4;3394,976982;3503,733328;2,564955242;0,373852836;Quarterly;01/01/80
Global;tobacco;Synthetic price index / US$ equivalent;1993-Q1;3544,734351;3528,40705;2,69259291;1,179062182;Quarterly;01/01/80
Global;tobacco;Synthetic price index / US$ equivalent;1993-Q2;3886,641723;3852,127109;2,67809332;0,246733398;Quarterly;01/01/80
Global;tobacco;Synthetic price index / US$ equivalent;1993-Q3;3805,06964;3824,293523;2,485478865;-3,792600875;Quarterly;01/01/80
Global;tobacco;Synthetic price index / US$ equivalent;1993-Q4;3687,045106;3670,027382;2,456138545;2,358823204;Quarterly;01/01/80
Global;tobacco;Synthetic price index / US$ equivalent;1994-Q1;3616,023742;3583,196478;2,543471567;0,512437653;Quarterly;01/01/80
Global;tobacco;Synthetic price index / US$ equivalent;1994-Q2;3653,02943;3685,443686;2,790368823;3,267207914;Quarterly;01/01/80
Global;tobacco;Synthetic price index / US$ equivalent;1994-Q3;3679,299342;3617,336947;2,807651046;-1,835735254;Quarterly;01/01/80
Global;tobacco;Synthetic price index / US$ equivalent;1994-Q4;3749,251976;3745,193953;2,771858041;-0,257237396;Quarterly;01/01/80
Global;tobacco;Synthetic price index / US$ equivalent;1995-Q1;3580,5938;3660,311609;2,64410774;-1,420368623;Quarterly;01/01/80
Global;tobacco;Synthetic price index / US$ equivalent;1995-Q2;3700,331877;3510,370219;2,636031015;1,592005401;Quarterly;01/01/80
Global;tobacco;Synthetic price index / US$ equivalent;1995-Q3;3574,066151;3622,352914;2,92128557;2,305479529;Quarterly;01/01/80
Global;tobacco;Synthetic price index / US$ equivalent;1995-Q4;3513,103655;3412,796547;3,034767961;1,967295979;Quarterly;01/01/80
Global;tobacco;Synthetic price index / US$ equivalent;1996-Q1;3427,873934;3449,782551;3,087751603;0,520088971;Quarterly;01/01/80
Global;tobacco;Synthetic price index / US$ equivalent;1996-Q2;3862,296129;3915,835165;3,027809927;-0,815055441;Quarterly;01/01/80
Global;tobacco;Synthetic price index / US$ equivalent;1996-Q3;3658,140631;3415,73325;3,165331874;2,830778076;Quarterly;01/01/80
Global;tobacco;Synthetic price index / US$ equivalent;1996-Q4;3948,60329;4096,878286;3,358446311;0,759872589;Quarterly;01/01/80
Global;tobacco;Synthetic price index / US$ equivalent;1997-Q1;4201,759119;4300,350676;3,616344028;2,752940064;Quarterly;01/01/80
Global;tobacco;Synthetic price index / US$ equivalent;1997-Q2;3712,815505;3624,291325;3,469192796;-1,887261903;Quarterly;01/01/80
Global;tobacco;Synthetic price index / US$ equivalent;1997-Q3;3836,807499;3734,706647;3,668411038;3,268731573;Quarterly;01/01/80
Global;tobacco;Synthetic price index / US$ equivalent;1997-Q4;3804,986678;3611,618745;3,932792702;1,339405777;Quarterly;01/01/80
Global;tobacco;Synthetic price index / US$ equivalent;1998-Q1;3726,898025;3691,536479;4,055467557;0,542622366;Quarterly;01/01/80
Global;tobacco;Synthetic price index / US$ equivalent;1998-Q2;3965,23372;3811,64122;3,906527549;-0,423075249;Quarterly;01/01/80
Global;tobacco;Synthetic price index / US$ equivalent;1998-Q3;3951,722173;3902,418363;4,095776683;1,138169557;Quarterly;01/01/80
Global;tobacco;Synthetic price index / US$ equivalent;1998-Q4;3792,640769;3874,2002;3,948623752;-1,093044554;Quarterly;01/01/80
Global;tobacco;Synthetic price index / US$ equivalent;1999-Q1;3894,729382;3751,567861;3,86903516;-0,732615681;Quarterly;01/01/80
Global;tobacco;Synthetic price index / US$ equivalent;1999-Q2;3660,874694;3508,569546;3,740559601;-0,293084273;Quarterly;01/01/80
Global;tobacco;Synthetic price index / US$ equivalent;1999-Q3;3852,023524;3830,540838;3,742520793;-1,354516417;Quarterly;01/01/80
Global;tobacco;Synthetic price index / US$ equivalent;1999-Q4;3884,758367;3924,513277;4,003043632;3,731249381;Quarterly;01/01/80
Global;tobacco;Synthetic price index / US$ equivalent;2000-Q1;4229,715454;3986,081612;4,18828917;1,359654456;Quarterly;01/01/80
Global;tobacco;Synthetic price index / US$ equivalent;2000-Q2;4125,985254;3975,634503;4,236591186;-0,608792919;Quarterly;01/01/80
Global;tobacco;Synthetic price index / US$ equivalent;2000-Q3;3946,704364;3995,968828;3,943974258;-1,126319079;Quarterly;01/01/80
Global;tobacco;Synthetic price index / US$ equivalent;2000-Q4;3979,021729;3992,590934;4,086971098;0,023873058;Quarterly;01/01/80
Global;tobacco;Synthetic price index / US$ equivalent;2001-Q1;4423,876778;4251,200399;3,758967888;-2,755701351;Quarterly;01/01/80
Global;tobacco;Synthetic price index / US$ equivalent;2001-Q2;4405,494452;4431,861256;3,678129264;-0,243114095;Quarterly;01/01/80
Global;tobacco;Synthetic price index / US$ equivalent;2001-Q3;4337,802142;4171,452117;4,165301205;5,732618804;Quarterly;01/01/80
Global;tobacco;Synthetic price index / US$ equivalent;2001-Q4;3983,510578;3684,83549;4,253126552;-0,996737372;Quarterly;01/01/80
Global;tobacco;Synthetic price index / US$ equivalent;2002-Q1;4157,975309;4279,48419;4,463107992;3,04331116;Quarterly;01/01/80
Global;tobacco;Synthetic price index / US$ equivalent;2002-Q2;4135,662692;4129,758025;4,562332467;0,227554762;Quarterly;01/01/80
Global;tobacco;Synthetic price index / US$ equivalent;2002-Q3;4251,93789;4186,832278;4,492267264;-1,731259993;Quarterly;01/01/80
Global;tobacco;Synthetic price index / US$ equivalent;2002-Q4;4075,454528;3993,937174;4,319229275;-0,137095509;Quarterly;01/01/80
Global;tobacco;Synthetic price index / US$ equivalent;2003-Q1;4003,628811;3892,254153;4,2097453;-2,541487018;Quarterly;01/01/80
Global;tobacco;Synthetic price index / US$ equivalent;2003-Q2;4435,918116;4391,627699;4,223072434;2,314614973;Quarterly;01/01/80
Global;tobacco;Synthetic price index / US$ equivalent;2003-Q3;4338,107697;4250,552109;4,167304838;-2,297007955;Quarterly;01/01/80
Global;tobacco;Synthetic price index / US$ equivalent;2003-Q4;4426,79219;4341,934388;4,600321655;5,298736272;Quarterly;01/01/80
Global;tobacco;Synthetic price index / US$ equivalent;2004-Q1;4270,178548;4289,176041;4,699663958;0,239408923;Quarterly;01/01/80
Global;tobacco;Synthetic price index / US$ equivalent;2004-Q2;4453,867073;4434,595885;4,68803711;1,37998343;Quarterly;01/01/80
Global;tobacco;Synthetic price index / US$ equivalent;2004-Q3;4302,775851;4196,71252;5,135333822;1,93529484;Quarterly;01/01/80
Global;tobacco;Synthetic price index / US$ equivalent;2004-Q4;4557,239721;4480,203649;5,262472927;1,078283726;Quarterly;01/01/80
Global;tobacco;Synthetic price index / US$ equivalent;2005-Q1;4760,278625;4420,995271;5,333981225;0,337271973;Quarterly;01/01/80
Global;tobacco;Synthetic price index / US$ equivalent;2005-Q2;4679,689289;4436,953163;5,800467002;5,275638235;Quarterly;01/01/80
Global;tobacco;Synthetic price index / US$ equivalent;2005-Q3;4803,858075;4730,49862;6,418207968;1,333053655;Quarterly;01/01/80
Global;tobacco;Synthetic price index / US$ equivalent;2005-Q4;4614,61671;4524,475746;7,077573655;3,577635395;Quarterly;01/01/80
Global;tobacco;Synthetic price index / US$ equivalent;2006-Q1;4797,554111;4666,302145;6,954413893;-2,02152361;Quarterly;01/01/80
Global;tobacco;Synthetic price index / US$ equivalent;2006-Q2;4808,53438;4919,186877;6,406741038;-3,796547411;Quarterly;01/01/80
Global;tobacco;Synthetic price index / US$ equivalent;2006-Q3;5114,841512;4835,682507;6,319603557;1,951125784;Quarterly;01/01/80
Global;tobacco;Synthetic price index / US$ equivalent;2006-Q4;4743,848223;4771,691229;5,943011857;-3,984391904;Quarterly;01/01/80
Global;tobacco;Synthetic price index / US$ equivalent;2007-Q1;4770,386501;4778,330757;5,672842764;0,817831299;Quarterly;01/01/80
Global;tobacco;Synthetic price index / US$ equivalent;2007-Q2;4710,024493;4644,368328;5,94967635;2,667262144;Quarterly;01/01/80
Global;tobacco;Synthetic price index / US$ equivalent;2007-Q3;5066,934421;5121,931696;6,279453112;-0,705927501;Quarterly;01/01/80
Global;tobacco;Synthetic price index / US$ equivalent;2007-Q4;4877,761632;4772,241659;5,895817028;-1,923613837;Quarterly;01/01/80
Global;tobacco;Synthetic price index / US$ equivalent;2008-Q1;5091,166331;5117,846882;5,640498081;-1,772332787;Quarterly;01/01/80
Global;tobacco;Synthetic price index / US$ equivalent;2008-Q2;4951,455997;4932,687916;5,512876821;0,153840461;Quarterly;01/01/80
Global;tobacco;Synthetic price index / US$ equivalent;2008-Q3;5147,931914;5188,381111;5,307225964;-2,36138384;Quarterly;01/01/80
Global;tobacco;Synthetic price index / US$ equivalent;2008-Q4;5268,09908;5072,937847;4,814012663;-2,710952172;Quarterly;01/01/80
Global;tobacco;Synthetic price index / US$ equivalent;2009-Q1;5173,172851;5140,794932;4,907513988;2,43147513;Quarterly;01/01/80
Global;tobacco;Synthetic price index / US$ equivalent;2009-Q2;5041,37754;4804,455512;5,044808451;0,319013762;Quarterly;01/01/80
Global;tobacco;Synthetic price index / US$ equivalent;2009-Q3;5046,961825;4749,123269;5,475651389;3,718932046;Quarterly;01/01/80
Global;tobacco;Synthetic price index / US$ equivalent;2009-Q4;5182,792906;5210,375286;6,138924944;4,163010351;Quarterly;01/01/80
Global;tobacco;Synthetic price index / US$ equivalent;2010-Q1;5029,49027;4976,346454;6,540976641;0,839592149;Quarterly;01/01/80
Global;tobacco;Synthetic price index / US$ equivalent;2010-Q2;4961,009609;4971,824722;6,406495158;-1,53196197;Quarterly;01/01/80
Global;tobacco;Synthetic price index / US$ equivalent;2010-Q3;5213,440313;4987,37279;6,343048518;1,29676613;Quarterly;01/01/80
Global;tobacco;Synthetic price index / US$ equivalent;2010-Q4;5195,999081;5182,541787;6,520076215;0,88141764;Quarterly;01/01/80
Global;tobacco;Synthetic price index / US$ equivalent;2011-Q1;5095,305902;5288,171654;7,04737197;2,794398205;Quarterly;01/01/80
Global;tobacco;Synthetic price index / US$ equivalent;2011-Q2;5063,77013;5015,285259;7,446485275;1,320887247;Quarterly;01/01/80
Global;tobacco;Synthetic price index / US$ equivalent;2011-Q3;5191,608942;5480,292364;7,013080921;-3,058168086;Quarterly;01/01/80
Global;tobacco;Synthetic price index / US$ equivalent;2011-Q4;5189,762753;5075,006848;6,802689362;-0,246407121;Quarterly;01/01/80
Global;tobacco;Synthetic price index / US$ equivalent;2012-Q1;5327,23217;5444,83663;7,287427944;2,126225892;Quarterly;01/01/80
Global;tobacco;Synthetic price index / US$ equivalent;2012-Q2;5181,969515;5089,518872;7,041058256;-1,222777433;Quarterly;01/01/80
Global;tobacco;Synthetic price index / US$ equivalent;2012-Q3;5342,066056;5288,381073;7,143152486;1,608475383;Quarterly;01/01/80
Global;tobacco;Synthetic price index / US$ equivalent;2012-Q4;5456,982678;5404,923132;7,077436185;-1,243460846;Quarterly;01/01/80
Global;tobacco;Synthetic price index / US$ equivalent;2013-Q1;5553,301937;5607,753848;7,080203095;-1,222775813;Quarterly;01/01/80
Global;tobacco;Synthetic price index / US$ equivalent;2013-Q2;5283,434024;5302,900794;6,988034882;1,434551454;Quarterly;01/01/80
Global;tobacco;Synthetic price index / US$ equivalent;2013-Q3;5243,247203;5031,580771;6,588112942;-2,400314248;Quarterly;01/01/80
Global;tobacco;Synthetic price index / US$ equivalent;2013-Q4;5524,475949;5678,807581;6,973563119;4,041079244;Quarterly;01/01/80
Global;tobacco;Synthetic price index / US$ equivalent;2014-Q1;5480,935906;5551,426196;7,620424556;1,065864908;Quarterly;01/01/80
Global;tobacco;Synthetic price index / US$ equivalent;2014-Q2;5372,901138;5361,154011;6,954794272;-2,748902413;Quarterly;01/01/80
Global;tobacco;Synthetic price index / US$ equivalent;2014-Q3;5504,393811;5358,456348;6,712606435;-1,909876616;Quarterly;01/01/80
Global;tobacco;Synthetic price index / US$ equivalent;2014-Q4;4897,713957;5037,202852;6,688950019;1,190812525;Quarterly;01/01/80
Global;tobacco;Synthetic price index / US$ equivalent;2015-Q1;5131,938863;5133,308408;6,419333302;-0,750384033;Quarterly;01/01/80
Global;tobacco;Synthetic price index / US$ equivalent;2015-Q2;5466,589612;5393,055938;6,161566522;-1,734600428;Quarterly;01/01/80
Global;tobacco;Synthetic price index / US$ equivalent;2015-Q3;5103,472139;5022,245206;6,431496525;0,962586891;Quarterly;01/01/80
Global;tobacco;Synthetic price index / US$ equivalent;2015-Q4;5404,040587;5331,269572;6,63539209;0,226612512;Quarterly;01/01/80
Global;tobacco;Synthetic price index / US$ equivalent;2016-Q1;5242,586932;5207,847666;6,186938545;-0,572703864;Quarterly;01/01/80
Global;tobacco;Synthetic price index / US$ equivalent;2016-Q2;5339,255996;5437,015041;6,696865943;1,125927073;Quarterly;01/01/80
Global;tobacco;Synthetic price index / US$ equivalent;2016-Q3;5455,903806;5526,107492;6,456689645;-0,290057485;Quarterly;01/01/80
Global;tobacco;Synthetic price index / US$ equivalent;2016-Q4;5112,73882;5084,703787;6,343185772;-0,962904845;Quarterly;01/01/80
Global;tobacco;Synthetic price index / US$ equivalent;2017-Q1;5187,586715;5266,788124;6,170058416;0,034615501;Quarterly;01/01/80
Global;tobacco;Synthetic price index / US$ equivalent;2017-Q2;5103,522295;5065,616275;5,862024186;-2,583063034;Quarterly;01/01/80
Global;tobacco;Synthetic price index / US$ equivalent;2017-Q3;5346,608803;5382,016029;5,980841736;1,31279645;Quarterly;01/01/80
Global;tobacco;Synthetic price index / US$ equivalent;2017-Q4;5060,297459;4903,984356;5,741152184;-1,089563989;Quarterly;01/01/80
Global;tobacco;Synthetic price index / US$ equivalent;2018-Q1;5178,692929;5062,38712;5,744236664;-0,916657527;Quarterly;01/01/80
Global;tobacco;Synthetic price index / US$ equivalent;2018-Q2;4935,627897;5004,071714;5,478692518;-0,821211982;Quarterly;01/01/80
Global;tobacco;Synthetic price index / US$ equivalent;2018-Q3;5090,884312;5109,670016;5,370347126;-0,867907932;Quarterly;01/01/80
Global;tobacco;Synthetic price index / US$ equivalent;2018-Q4;5172,514773;5152,30393;5,271271206;-1,139456111;Quarterly;01/01/80
Global;tobacco;Synthetic price index / US$ equivalent;2019-Q1;5096,910738;5023,886791;4,734413554;-3,108294754;Quarterly;01/01/80
Global;tobacco;Synthetic price index / US$ equivalent;2019-Q2;5575,473285;5540,04556;5,064413651;3,385506388;Quarterly;01/01/80
Global;tobacco;Synthetic price index / US$ equivalent;2019-Q3;5582,172022;5366,357938;5,141608917;2,08836619;Quarterly;01/01/80
Global;tobacco;Synthetic price index / US$ equivalent;2019-Q4;5253,040906;5404,041;5,428546204;-0,056870528;Quarterly;01/01/80
Global;tobacco;Synthetic price index / US$ equivalent;2020-Q1;5634,524066;5365,987835;5,789686386;3,00788648;Quarterly;01/01/80
Global;tobacco;Synthetic price index / US$ equivalent;2020-Q2;5784,327503;5480,774837;5,34261333;-6,278079916;Quarterly;01/01/80
Global;tobacco;Synthetic price index / US$ equivalent;2020-Q3;5555,409083;5338,00565;5,005377229;-0,162178237;Quarterly;01/01/80
Global;tobacco;Synthetic price index / US$ equivalent;2020-Q4;5817,705972;5695,224382;4,992585041;1,539718141;Quarterly;01/01/80
Global;tobacco;Synthetic price index / US$ equivalent;2021-Q1;5672,541557;5666,532131;4,893892422;-1,513465776;Quarterly;01/01/80
Global;tobacco;Synthetic price index / US$ equivalent;2021-Q2;5533,181439;5322,534081;4,754170956;0,896772625;Quarterly;01/01/80
Global;tobacco;Synthetic price index / US$ equivalent;2021-Q3;5478,836682;5500,864502;5,194120074;1,547269372;Quarterly;01/01/80
Global;tobacco;Synthetic price index / US$ equivalent;2021-Q4;5682,092567;5491,549881;4,980224263;-1,570429203;Quarterly;01/01/80
Global;tobacco;Synthetic price index / US$ equivalent;2022-Q1;6213,946669;6255,020701;5,510035608;3,661453622;Quarterly;01/01/80
Global;tobacco;Synthetic price index / US$ equivalent;2022-Q2;6115,091955;5869,907469;5,259745477;-0,969896331;Quarterly;01/01/80
Global;tobacco;Synthetic price index / US$ equivalent;2022-Q3;5623,623883;5576,617384;5,403099549;1,470392352;Quarterly;01/01/80
Global;tobacco;Synthetic price index / US$ equivalent;2022-Q4;5665,284947;5723,858961;5,654612184;2,328169297;Quarterly;01/01/80
Global;tobacco;Synthetic price index / US$ equivalent;2023-Q1;5806,72443;5696,54437;5,964959419;-0,57828678;Quarterly;01/01/80
Global;tobacco;Synthetic price index / US$ equivalent;2023-Q2;6071,87989;5882,426899;5,529547327;-1,46818701;Quarterly;01/01/80
Global;tobacco;Synthetic price index / US$ equivalent;2023-Q3;5835,623123;5865,301996;5,552364389;-0,856058255;Quarterly;01/01/80
Global;tobacco;Synthetic price index / US$ equivalent;2023-Q4;5679,926827;5761,359307;5,473027356;0,161664475;Quarterly;01/01/80
Global;tobacco;Synthetic price index / US$ equivalent;2024-Q1;5910,621666;5835,304377;5,470011211;0,319520971;Quarterly;01/01/80
Global;tobacco;Synthetic price index / US$ equivalent;2024-Q2;5775,789255;5824,55358;5,357165968;-0,623897159;Quarterly;01/01/80
Global;tobacco;Synthetic price index / US$ equivalent;2024-Q3;5377,762642;5214,863608;5,34175856;0,543027044;Quarterly;01/01/80
Global;tobacco;Synthetic price index / US$ equivalent;2024-Q4;5830,001084;5813,638324;5,670934294;0,712900646;Quarterly;01/01/80
Global;tobacco;Synthetic price index / US$ equivalent;2025-Q1;5626,286212;5523,733842;5,681594959;-0,164388882;Quarterly;01/01/80
Global;tobacco;Synthetic price index / US$ equivalent;2025-Q2;5714,201542;5358,968;5,335020377;-1,121932147;Quarterly;01/01/80
Global;tobacco;Synthetic price index / US$ equivalent;2025-Q3;5685,46269;5729,281373;5,270513884;-0,153633829;Quarterly;01/01/80
Global;tobacco;Synthetic price index / US$ equivalent;2025-Q4;5566,198388;5532,828473;5,123861707;-0,505975129;Quarterly;01/01/80
Global;tobacco;Synthetic price index / US$ equivalent;2026-Q1;5691,80049;5602,486711;5,643105649;2,828528236;Quarterly;01/01/80
Global;tobacco;Synthetic price index / US$ equivalent;2026-Q2;5885,32515;5931,241666;6,110059135;2,777395917;Quarterly;01/01/80
Global;tobacco;Synthetic price index / US$ equivalent;2026-Q3;5980,826066;6104,51785;5,978228145;-1,942363436;Quarterly;01/01/80