date;market;commodity;global_demand;global_supply;price;price_change_pct;unit
01/01/80;Global;gold;1012,90569;1017,710976;519,839895;;Synthetic price index / US$ equivalent
01/02/80;Global;gold;1058,118766;1023,61911;522,7290952;0,55578653;Synthetic price index / US$ equivalent
01/03/80;Global;gold;1037,725015;971,7985205;515,5227032;-1,378609305;Synthetic price index / US$ equivalent
01/04/80;Global;gold;1036,545007;996,9451003;504,6623047;-2,106677054;Synthetic price index / US$ equivalent
01/05/80;Global;gold;1015,245921;1028,821272;513,2525022;1,702167445;Synthetic price index / US$ equivalent
01/06/80;Global;gold;914,6502303;869,3096205;488,3621591;-4,849531753;Synthetic price index / US$ equivalent
01/07/80;Global;gold;936,0143307;953,4887377;497,9566618;1,9646286;Synthetic price index / US$ equivalent
01/08/80;Global;gold;944,0598643;906,9439667;477,3754111;-4,133140947;Synthetic price index / US$ equivalent
01/09/80;Global;gold;979,1981273;984,735945;491,9072014;3,044101139;Synthetic price index / US$ equivalent
01/10/80;Global;gold;1048,372345;1069,733088;491,2737334;-0,128777953;Synthetic price index / US$ equivalent
01/11/80;Global;gold;1076,617038;1051,011119;510,766007;3,967701162;Synthetic price index / US$ equivalent
01/12/80;Global;gold;1076,213669;1026,23475;494,4515544;-3,194114788;Synthetic price index / US$ equivalent
01/01/81;Global;gold;1104,259154;1121,527454;488,6753494;-1,168204451;Synthetic price index / US$ equivalent
01/02/81;Global;gold;1025,10142;942,3550628;481,0791856;-1,554439722;Synthetic price index / US$ equivalent
01/03/81;Global;gold;955,302526;974,9344428;446,2753548;-7,234532664;Synthetic price index / US$ equivalent
01/04/81;Global;gold;1007,512291;1052,149371;438,3798051;-1,769210335;Synthetic price index / US$ equivalent
01/05/81;Global;gold;1082,626349;1000,711293;444,3062766;1,351903395;Synthetic price index / US$ equivalent
01/06/81;Global;gold;1074,483554;1087,089961;458,8892338;3,282185737;Synthetic price index / US$ equivalent
01/07/81;Global;gold;1076,507238;1015,000561;441,351954;-3,821680388;Synthetic price index / US$ equivalent
01/08/81;Global;gold;1120,193022;1133,307761;456,1982038;3,36381197;Synthetic price index / US$ equivalent
01/09/81;Global;gold;984,6284908;966,3194965;439,9763515;-3,555878154;Synthetic price index / US$ equivalent
01/10/81;Global;gold;1123,632697;1103,333187;450,0765842;2,295630803;Synthetic price index / US$ equivalent
01/11/81;Global;gold;1047,754425;1135,200248;455,4845455;1,201564689;Synthetic price index / US$ equivalent
01/12/81;Global;gold;1011,629617;998,8313725;446,8213524;-1,901973011;Synthetic price index / US$ equivalent
01/01/82;Global;gold;1057,856455;1079,049183;444,7544061;-0,462588974;Synthetic price index / US$ equivalent
01/02/82;Global;gold;1007,288702;1029,066087;445,3341598;0,130353682;Synthetic price index / US$ equivalent
01/03/82;Global;gold;1019,33716;1008,469476;462,9768539;3,961675448;Synthetic price index / US$ equivalent
01/04/82;Global;gold;1090,815659;1090,115172;464,2920307;0,284069659;Synthetic price index / US$ equivalent
01/05/82;Global;gold;1004,550904;997,349317;470,8234533;1,406748823;Synthetic price index / US$ equivalent
01/06/82;Global;gold;969,4686155;1000,969204;457,9337205;-2,73769982;Synthetic price index / US$ equivalent
01/07/82;Global;gold;1005,457327;1027,991095;446,4847728;-2,500132051;Synthetic price index / US$ equivalent
01/08/82;Global;gold;1072,838957;1089,372435;449,6249897;0,703320047;Synthetic price index / US$ equivalent
01/09/82;Global;gold;1074,939887;1078,480996;440,4817338;-2,033529307;Synthetic price index / US$ equivalent
01/10/82;Global;gold;987,8192293;1003,812268;426,2173999;-3,238348549;Synthetic price index / US$ equivalent
01/11/82;Global;gold;1061,483521;1065,265223;435,1511477;2,096054225;Synthetic price index / US$ equivalent
01/12/82;Global;gold;890,3223635;877,2473077;425,6487051;-2,1837108;Synthetic price index / US$ equivalent
01/01/83;Global;gold;1006,271023;964,0034435;415,3268398;-2,424972812;Synthetic price index / US$ equivalent
01/02/83;Global;gold;941,3718113;980,298411;402,5851289;-3,067875628;Synthetic price index / US$ equivalent
01/03/83;Global;gold;989,8205411;931,5974737;385,5091335;-4,241586227;Synthetic price index / US$ equivalent
01/04/83;Global;gold;886,2046158;898,6139515;392,7209648;1,870729051;Synthetic price index / US$ equivalent
01/05/83;Global;gold;994,1954482;960,3427539;397,7766598;1,287350407;Synthetic price index / US$ equivalent
01/06/83;Global;gold;946,6931652;967,6379756;413,5293884;3,960194293;Synthetic price index / US$ equivalent
01/07/83;Global;gold;996,0425663;1024,68158;412,8767078;-0,157831727;Synthetic price index / US$ equivalent
01/08/83;Global;gold;942,3608181;975,5867926;413,5725548;0,168536275;Synthetic price index / US$ equivalent
01/09/83;Global;gold;1063,045207;1012,892195;392,5477316;-5,083708527;Synthetic price index / US$ equivalent
01/10/83;Global;gold;1064,030498;1125,304636;409,2546947;4,256033547;Synthetic price index / US$ equivalent
01/11/83;Global;gold;977,7669773;928,8506746;414,1965949;1,207536592;Synthetic price index / US$ equivalent
01/12/83;Global;gold;1058,912889;1075,939418;416,925791;0,658913202;Synthetic price index / US$ equivalent
01/01/84;Global;gold;1064,943795;992,7359977;416,8993295;-0,006346793;Synthetic price index / US$ equivalent
01/02/84;Global;gold;1074,070456;1051,430156;421,860132;1,189928151;Synthetic price index / US$ equivalent
01/03/84;Global;gold;1123,380632;1169,097405;424,3736549;0,595819003;Synthetic price index / US$ equivalent
01/04/84;Global;gold;1045,04639;1036,261093;434,9509635;2,492451759;Synthetic price index / US$ equivalent
01/05/84;Global;gold;1236,341732;1210,75496;426,3242053;-1,983386375;Synthetic price index / US$ equivalent
01/06/84;Global;gold;1042,886093;1006,861854;410,7130099;-3,661813059;Synthetic price index / US$ equivalent
01/07/84;Global;gold;1192,610221;1102,278177;405,123287;-1,360980245;Synthetic price index / US$ equivalent
01/08/84;Global;gold;1149,170152;1145,14522;418,566806;3,31837725;Synthetic price index / US$ equivalent
01/09/84;Global;gold;1053,383456;1101,966414;411,9811319;-1,573386605;Synthetic price index / US$ equivalent
01/10/84;Global;gold;1001,133948;1044,430524;416,3554059;1,06176561;Synthetic price index / US$ equivalent
01/11/84;Global;gold;1031,215291;1057,242524;385,498528;-7,411187045;Synthetic price index / US$ equivalent
01/12/84;Global;gold;1075,554417;1100,27625;377,5958333;-2,049993493;Synthetic price index / US$ equivalent
01/01/85;Global;gold;1048,590009;1093,811554;370,9742926;-1,753605328;Synthetic price index / US$ equivalent
01/02/85;Global;gold;953,7256387;937,645258;383,3984971;3,349074258;Synthetic price index / US$ equivalent
01/03/85;Global;gold;1168,986698;1191,031854;397,2822721;3,621238765;Synthetic price index / US$ equivalent
01/04/85;Global;gold;1127,678264;1031,173353;397,6362037;0,089088189;Synthetic price index / US$ equivalent
01/05/85;Global;gold;1149,557414;1078,799398;390,5422561;-1,784029615;Synthetic price index / US$ equivalent
01/06/85;Global;gold;1120,760566;1061,804079;407,1675767;4,256983812;Synthetic price index / US$ equivalent
01/07/85;Global;gold;1081,366551;1116,09688;397,1577673;-2,458400428;Synthetic price index / US$ equivalent
01/08/85;Global;gold;1178,124945;1215,757582;393,6369607;-0,886500735;Synthetic price index / US$ equivalent
01/09/85;Global;gold;973,5100885;931,0929255;390,9391342;-0,685359056;Synthetic price index / US$ equivalent
01/10/85;Global;gold;1094,816513;1075,703803;408,4877354;4,488832054;Synthetic price index / US$ equivalent
01/11/85;Global;gold;1129,615752;1073,608204;393,8936324;-3,572715084;Synthetic price index / US$ equivalent
01/12/85;Global;gold;1102,814238;1139,229222;373,7809192;-5,106128049;Synthetic price index / US$ equivalent
01/01/86;Global;gold;1087,925017;1090,249922;385,0619748;3,01809296;Synthetic price index / US$ equivalent
01/02/86;Global;gold;1020,562975;1015,543861;400,048702;3,892029908;Synthetic price index / US$ equivalent
01/03/86;Global;gold;1029,000382;1032,211117;400,0860209;0,009328588;Synthetic price index / US$ equivalent
01/04/86;Global;gold;1043,583528;1062,948124;404,2037648;1,029214648;Synthetic price index / US$ equivalent
01/05/86;Global;gold;1028,213791;970,7819204;414,6853918;2,593154214;Synthetic price index / US$ equivalent
01/06/86;Global;gold;1064,662776;1016,915061;411,7723338;-0,702474221;Synthetic price index / US$ equivalent
01/07/86;Global;gold;998,4682606;1023,909157;429,043843;4,194431672;Synthetic price index / US$ equivalent
01/08/86;Global;gold;1119,465769;1107,915513;414,2460858;-3,449008178;Synthetic price index / US$ equivalent
01/09/86;Global;gold;1104,38557;1095,174825;432,9444151;4,513821601;Synthetic price index / US$ equivalent
01/10/86;Global;gold;1093,125003;1083,530527;443,1178942;2,349834938;Synthetic price index / US$ equivalent
01/11/86;Global;gold;1108,023739;1053,401396;461,7602907;4,207096292;Synthetic price index / US$ equivalent
01/12/86;Global;gold;959,2322882;1003,319677;466,4461677;1,014785621;Synthetic price index / US$ equivalent
01/01/87;Global;gold;1124,694661;1144,648334;450,331998;-3,454668692;Synthetic price index / US$ equivalent
01/02/87;Global;gold;1092,093291;1144,580279;463,9927349;3,033481286;Synthetic price index / US$ equivalent
01/03/87;Global;gold;1002,571698;897,7426709;467,6747033;0,793540104;Synthetic price index / US$ equivalent
01/04/87;Global;gold;959,8111083;949,0458223;438,4638628;-6,245974032;Synthetic price index / US$ equivalent
01/05/87;Global;gold;940,7634267;954,9870263;438,728583;0,060374464;Synthetic price index / US$ equivalent
01/06/87;Global;gold;958,7965892;927,645769;429,3389592;-2,140189672;Synthetic price index / US$ equivalent
01/07/87;Global;gold;1051,403381;1080,707291;415,8404939;-3,144011272;Synthetic price index / US$ equivalent
01/08/87;Global;gold;983,1172329;988,656346;407,3050598;-2,052574048;Synthetic price index / US$ equivalent
01/09/87;Global;gold;1203,567757;1117,381718;400,0658134;-1,777352444;Synthetic price index / US$ equivalent
01/10/87;Global;gold;1017,09817;1009,674946;391,0435041;-2,255206259;Synthetic price index / US$ equivalent
01/11/87;Global;gold;1160,066698;1226,732319;401,9871865;2,798584363;Synthetic price index / US$ equivalent
01/12/87;Global;gold;983,8577037;955,4189577;387,7817437;-3,533804866;Synthetic price index / US$ equivalent
01/01/88;Global;gold;1050,425956;1082,311681;385,7717719;-0,518325556;Synthetic price index / US$ equivalent
01/02/88;Global;gold;1084,995198;1082,931245;393,4669245;1,994742273;Synthetic price index / US$ equivalent
01/03/88;Global;gold;1070,609182;1012,327636;396,1425288;0,680007438;Synthetic price index / US$ equivalent
01/04/88;Global;gold;1087,137916;1117,232856;393,5119266;-0,664054496;Synthetic price index / US$ equivalent
01/05/88;Global;gold;1153,712536;1266,962053;381,0602421;-3,16424576;Synthetic price index / US$ equivalent
01/06/88;Global;gold;1156,673248;1210,651974;383,5529644;0,654154386;Synthetic price index / US$ equivalent
01/07/88;Global;gold;1113,664753;1054,478559;372,9065956;-2,775723257;Synthetic price index / US$ equivalent
01/08/88;Global;gold;1119,395089;1101,434439;372,5160815;-0,104721687;Synthetic price index / US$ equivalent
01/09/88;Global;gold;1076,273285;1020,037508;380,8856615;2,246770124;Synthetic price index / US$ equivalent
01/10/88;Global;gold;1057,331897;1089,319685;368,5006482;-3,251635489;Synthetic price index / US$ equivalent
01/11/88;Global;gold;1164,022094;1118,965304;363,3866664;-1,387780946;Synthetic price index / US$ equivalent
01/12/88;Global;gold;1154,950461;1150,622656;351,1563897;-3,365637146;Synthetic price index / US$ equivalent
01/01/89;Global;gold;1106,236678;1095,155369;356,9359455;1,64586377;Synthetic price index / US$ equivalent
01/02/89;Global;gold;954,3525037;979,6135149;357,5940631;0,184379735;Synthetic price index / US$ equivalent
01/03/89;Global;gold;1147,271636;1191,6001;354,2089639;-0,946631832;Synthetic price index / US$ equivalent
01/04/89;Global;gold;1128,051087;1053,758817;364,6823865;2,956848556;Synthetic price index / US$ equivalent
01/05/89;Global;gold;1156,777535;1110,423941;386,1532835;5,887560728;Synthetic price index / US$ equivalent
01/06/89;Global;gold;1079,834974;1103,646128;397,8628025;3,032349976;Synthetic price index / US$ equivalent
01/07/89;Global;gold;1177,17009;1083,81743;386,2973439;-2,906896165;Synthetic price index / US$ equivalent
01/08/89;Global;gold;1105,338647;1065,706742;366,5518962;-5,111463491;Synthetic price index / US$ equivalent
01/09/89;Global;gold;1055,443847;1069,49809;376,2388863;2,642733594;Synthetic price index / US$ equivalent
01/10/89;Global;gold;1125,647631;1047,445377;372,6333995;-0,958297219;Synthetic price index / US$ equivalent
01/11/89;Global;gold;1205,882838;1110,492146;365,8588083;-1,818031131;Synthetic price index / US$ equivalent
01/12/89;Global;gold;1192,384397;1202,133704;369,0864017;0,882196444;Synthetic price index / US$ equivalent
01/01/90;Global;gold;1381,118284;1353,596914;369,2443414;0,042792051;Synthetic price index / US$ equivalent
01/02/90;Global;gold;1155,188601;1161,694199;364,1040828;-1,392102187;Synthetic price index / US$ equivalent
01/03/90;Global;gold;1104,43692;1091,931329;374,155181;2,760501375;Synthetic price index / US$ equivalent
01/04/90;Global;gold;1131,23151;1086,441447;371,2848595;-0,767147333;Synthetic price index / US$ equivalent
01/05/90;Global;gold;1105,181227;1059,694211;379,484836;2,208540485;Synthetic price index / US$ equivalent
01/06/90;Global;gold;1135,469248;1126,221335;392,836651;3,518405425;Synthetic price index / US$ equivalent
01/07/90;Global;gold;1130,357891;1113,808105;397,4560922;1,175919087;Synthetic price index / US$ equivalent
01/08/90;Global;gold;1343,428791;1385,054048;390,0324701;-1,867784202;Synthetic price index / US$ equivalent
01/09/90;Global;gold;1275,899413;1308,567502;390,5379145;0,129590336;Synthetic price index / US$ equivalent
01/10/90;Global;gold;1392,82263;1363,615297;376,9418978;-3,481356408;Synthetic price index / US$ equivalent
01/11/90;Global;gold;1184,053274;1156,383785;368,4145915;-2,262233606;Synthetic price index / US$ equivalent
01/12/90;Global;gold;1341,253447;1410,262179;365,1165976;-0,89518546;Synthetic price index / US$ equivalent
01/01/91;Global;gold;1214,032181;1194,498523;347,9757495;-4,694623097;Synthetic price index / US$ equivalent
01/02/91;Global;gold;1416,043589;1377,644611;345,2503838;-0,783205637;Synthetic price index / US$ equivalent
01/03/91;Global;gold;1183,161957;1122,842303;347,4480122;0,636531772;Synthetic price index / US$ equivalent
01/04/91;Global;gold;1115,412567;1053,75764;373,1533223;7,398318365;Synthetic price index / US$ equivalent
01/05/91;Global;gold;1209,354764;1188,835786;369,8478215;-0,885829128;Synthetic price index / US$ equivalent
01/06/91;Global;gold;1269,74308;1258,787818;369,2175111;-0,170424245;Synthetic price index / US$ equivalent
01/07/91;Global;gold;1101,749067;1148,908137;365,6425326;-0,968258118;Synthetic price index / US$ equivalent
01/08/91;Global;gold;1255,845661;1249,775199;345,4341724;-5,526807856;Synthetic price index / US$ equivalent
01/09/91;Global;gold;1167,785904;1189,374788;344,4708313;-0,278878331;Synthetic price index / US$ equivalent
01/10/91;Global;gold;1271,139833;1198,265307;346,6211899;0,624249843;Synthetic price index / US$ equivalent
01/11/91;Global;gold;1214,840366;1234,045072;333,2997315;-3,84323256;Synthetic price index / US$ equivalent
01/12/91;Global;gold;1256,849929;1176,826507;328,2452918;-1,516484783;Synthetic price index / US$ equivalent
01/01/92;Global;gold;1128,274222;1166,871204;307,529327;-6,311123203;Synthetic price index / US$ equivalent
01/02/92;Global;gold;1189,905117;1176,431376;304,7550702;-0,902111315;Synthetic price index / US$ equivalent
01/03/92;Global;gold;1173,477664;1170,127699;290,6334908;-4,633747155;Synthetic price index / US$ equivalent
01/04/92;Global;gold;1206,39078;1209,534107;275,959997;-5,04879659;Synthetic price index / US$ equivalent
01/05/92;Global;gold;1216,420756;1174,095003;285,9270427;3,611771926;Synthetic price index / US$ equivalent
01/06/92;Global;gold;1207,193528;1169,225782;282,7733586;-1,102968124;Synthetic price index / US$ equivalent
01/07/92;Global;gold;1160,146515;1201,555209;300,6176974;6,310473853;Synthetic price index / US$ equivalent
01/08/92;Global;gold;1188,256032;1202,553572;302,4877662;0,622075423;Synthetic price index / US$ equivalent
01/09/92;Global;gold;1200,268242;1182,423928;311,0327244;2,824893811;Synthetic price index / US$ equivalent
01/10/92;Global;gold;1137,571343;1163,844566;304,5589218;-2,081389538;Synthetic price index / US$ equivalent
01/11/92;Global;gold;1167,528841;1177,900274;291,2316988;-4,375909565;Synthetic price index / US$ equivalent
01/12/92;Global;gold;1154,419847;1184,876109;315,0167039;8,167038543;Synthetic price index / US$ equivalent
01/01/93;Global;gold;1199,544559;1198,768917;313,8297303;-0,376797056;Synthetic price index / US$ equivalent
01/02/93;Global;gold;1191,034281;1174,50571;336,0374228;7,076350753;Synthetic price index / US$ equivalent
01/03/93;Global;gold;1294,00641;1326,059984;330,4460334;-1,663918644;Synthetic price index / US$ equivalent
01/04/93;Global;gold;1173,222826;1137,234659;348,0178547;5,317606968;Synthetic price index / US$ equivalent
01/05/93;Global;gold;1178,098383;1190,328559;350,331358;0,664765688;Synthetic price index / US$ equivalent
01/06/93;Global;gold;1034,272514;1011,980942;343,5460518;-1,936825252;Synthetic price index / US$ equivalent
01/07/93;Global;gold;1132,479681;1168,828945;350,2576459;1,953622822;Synthetic price index / US$ equivalent
01/08/93;Global;gold;1244,857336;1262,067482;337,9181611;-3,522973715;Synthetic price index / US$ equivalent
01/09/93;Global;gold;1192,0061;1191,008762;338,2914389;0,110463969;Synthetic price index / US$ equivalent
01/10/93;Global;gold;1121,689352;1099,021762;344,8091509;1,92665592;Synthetic price index / US$ equivalent
01/11/93;Global;gold;1246,288564;1249,496552;332,7819728;-3,488068147;Synthetic price index / US$ equivalent
01/12/93;Global;gold;1143,727317;1108,229087;335,9710117;0,958296778;Synthetic price index / US$ equivalent
01/01/94;Global;gold;1179,693678;1111,947876;312,0986555;-7,105480945;Synthetic price index / US$ equivalent
01/02/94;Global;gold;1275,461462;1298,6371;302,0413301;-3,222482755;Synthetic price index / US$ equivalent
01/03/94;Global;gold;1244,453441;1229,43424;294,4557697;-2,511431268;Synthetic price index / US$ equivalent
01/04/94;Global;gold;1096,734663;1011,582329;297,7014085;1,102250041;Synthetic price index / US$ equivalent
01/05/94;Global;gold;1237,051632;1213,97311;293,72274;-1,336462775;Synthetic price index / US$ equivalent
01/06/94;Global;gold;1171,709331;1212,912605;293,2455285;-0,162470085;Synthetic price index / US$ equivalent
01/07/94;Global;gold;1282,430825;1321,597642;302,1865467;3,048987083;Synthetic price index / US$ equivalent
01/08/94;Global;gold;1319,42692;1313,386156;304,2125644;0,670452623;Synthetic price index / US$ equivalent
01/09/94;Global;gold;1258,246634;1250,489192;303,553168;-0,216755125;Synthetic price index / US$ equivalent
01/10/94;Global;gold;1408,277105;1413,595094;312,5379929;2,959885045;Synthetic price index / US$ equivalent
01/11/94;Global;gold;1224,323026;1213,673305;299,0117127;-4,32788349;Synthetic price index / US$ equivalent
01/12/94;Global;gold;1211,387261;1157,596972;302,0113407;1,003180767;Synthetic price index / US$ equivalent
01/01/95;Global;gold;1243,01831;1220,829364;318,3651111;5,414952416;Synthetic price index / US$ equivalent
01/02/95;Global;gold;1199,470551;1149,991279;324,9916201;2,0814181;Synthetic price index / US$ equivalent
01/03/95;Global;gold;1121,489195;1114,946947;343,5159822;5,699950704;Synthetic price index / US$ equivalent
01/04/95;Global;gold;1279,286022;1267,108375;343,5757286;0,017392601;Synthetic price index / US$ equivalent
01/05/95;Global;gold;1234,863117;1210,711374;326,0553854;-5,099412366;Synthetic price index / US$ equivalent
01/06/95;Global;gold;1170,696241;1258,752474;325,5514396;-0,154558347;Synthetic price index / US$ equivalent
01/07/95;Global;gold;1247,136408;1194,058473;338,0966035;3,853512048;Synthetic price index / US$ equivalent
01/08/95;Global;gold;1272,456879;1169,069212;339,4025315;0,386258832;Synthetic price index / US$ equivalent
01/09/95;Global;gold;1067,601626;1104,902679;349,7020934;3,034615521;Synthetic price index / US$ equivalent
01/10/95;Global;gold;1111,864311;1082,788239;379,0047857;8,379329945;Synthetic price index / US$ equivalent
01/11/95;Global;gold;1193,159791;1182,072915;400,6510711;5,711348839;Synthetic price index / US$ equivalent
01/12/95;Global;gold;1374,760492;1338,278847;406,8829744;1,555444068;Synthetic price index / US$ equivalent
01/01/96;Global;gold;1163,328074;1143,428076;413,9139624;1,728012336;Synthetic price index / US$ equivalent
01/02/96;Global;gold;1154,731846;1140,686055;394,6955487;-4,643093846;Synthetic price index / US$ equivalent
01/03/96;Global;gold;1331,250796;1313,894406;411,5086976;4,259776665;Synthetic price index / US$ equivalent
01/04/96;Global;gold;1398,997373;1382,616239;380,9265166;-7,431721641;Synthetic price index / US$ equivalent
01/05/96;Global;gold;1244,705523;1255,909384;396,0039488;3,958094677;Synthetic price index / US$ equivalent
01/06/96;Global;gold;1298,252207;1189,454076;394,2879191;-0,433336513;Synthetic price index / US$ equivalent
01/07/96;Global;gold;1349,810813;1381,571181;397,1190807;0,71804421;Synthetic price index / US$ equivalent
01/08/96;Global;gold;1314,980776;1299,323451;390,1831315;-1,746566593;Synthetic price index / US$ equivalent
01/09/96;Global;gold;1293,33717;1299,073901;381,5013755;-2,225046472;Synthetic price index / US$ equivalent
01/10/96;Global;gold;1189,433229;1163,76576;406,715605;6,609210642;Synthetic price index / US$ equivalent
01/11/96;Global;gold;1218,968441;1220,288035;407,8984892;0,290838159;Synthetic price index / US$ equivalent
01/12/96;Global;gold;1182,471391;1131,441052;406,7296096;-0,286561388;Synthetic price index / US$ equivalent
01/01/97;Global;gold;1279,212222;1219,469522;404,4617291;-0,557589226;Synthetic price index / US$ equivalent
01/02/97;Global;gold;1227,149654;1207,224031;408,3113882;0,951798101;Synthetic price index / US$ equivalent
01/03/97;Global;gold;1389,381708;1290,867554;400,3303459;-1,954646022;Synthetic price index / US$ equivalent
01/04/97;Global;gold;1218,142202;1205,677002;402,9100423;0,644391931;Synthetic price index / US$ equivalent
01/05/97;Global;gold;1243,517523;1180,308641;399,8793844;-0,752192194;Synthetic price index / US$ equivalent
01/06/97;Global;gold;1297,785672;1348,159348;387,0300909;-3,213292311;Synthetic price index / US$ equivalent
01/07/97;Global;gold;1275,650428;1296,396496;403,1142799;4,155798049;Synthetic price index / US$ equivalent
01/08/97;Global;gold;1152,159895;1182,168488;393,2006762;-2,459253912;Synthetic price index / US$ equivalent
01/09/97;Global;gold;1339,447031;1380,133865;406,1741259;3,299447462;Synthetic price index / US$ equivalent
01/10/97;Global;gold;1326,851954;1260,522487;406,0728877;-0,024924842;Synthetic price index / US$ equivalent
01/11/97;Global;gold;1356,266561;1305,868577;402,8489311;-0,793935433;Synthetic price index / US$ equivalent
01/12/97;Global;gold;1392,325812;1329,739645;412,4259169;2,37731443;Synthetic price index / US$ equivalent
01/01/98;Global;gold;1231,748496;1288,569733;435,4209819;5,575562566;Synthetic price index / US$ equivalent
01/02/98;Global;gold;1231,013797;1186,35835;441,6639877;1,433786156;Synthetic price index / US$ equivalent
01/03/98;Global;gold;1334,100304;1309,045851;426,9791363;-3,324892171;Synthetic price index / US$ equivalent
01/04/98;Global;gold;1421,022069;1477,678565;444,4657597;4,095428057;Synthetic price index / US$ equivalent
01/05/98;Global;gold;1395,914106;1423,495686;446,194358;0,388915963;Synthetic price index / US$ equivalent
01/06/98;Global;gold;1269,529739;1271,194058;449,6600143;0,776714521;Synthetic price index / US$ equivalent
01/07/98;Global;gold;1273,289191;1179,056156;472,8913473;5,166421779;Synthetic price index / US$ equivalent
01/08/98;Global;gold;1348,140988;1339,613023;466,9107524;-1,264686891;Synthetic price index / US$ equivalent
01/09/98;Global;gold;1228,019399;1238,17527;473,2074347;1,348583705;Synthetic price index / US$ equivalent
01/10/98;Global;gold;1193,359177;1164,403198;470,2269685;-0,629843496;Synthetic price index / US$ equivalent
01/11/98;Global;gold;1135,378119;1115,258283;467,518155;-0,576065092;Synthetic price index / US$ equivalent
01/12/98;Global;gold;1385,657674;1427,661633;492,7106951;5,388569364;Synthetic price index / US$ equivalent
01/01/99;Global;gold;1280,41491;1265,273172;502,5301932;1,992954121;Synthetic price index / US$ equivalent
01/02/99;Global;gold;1271,515992;1221,848881;513,7188795;2,226470454;Synthetic price index / US$ equivalent
01/03/99;Global;gold;1249,776346;1267,606951;495,2688382;-3,591466458;Synthetic price index / US$ equivalent
01/04/99;Global;gold;1237,2062;1235,654521;484,2984249;-2,215042106;Synthetic price index / US$ equivalent
01/05/99;Global;gold;1213,36067;1036,488928;454,1904757;-6,216817498;Synthetic price index / US$ equivalent
01/06/99;Global;gold;1101,405369;1027,502345;459,0219777;1,063761192;Synthetic price index / US$ equivalent
01/07/99;Global;gold;1456,177139;1389,350392;452,3681684;-1,449562265;Synthetic price index / US$ equivalent
01/08/99;Global;gold;1326,745044;1366,181853;463,4355745;2,446548397;Synthetic price index / US$ equivalent
01/09/99;Global;gold;1301,117761;1288,207299;473,5964054;2,192501266;Synthetic price index / US$ equivalent
01/10/99;Global;gold;1278,395343;1269,76878;463,8000655;-2,068499615;Synthetic price index / US$ equivalent
01/11/99;Global;gold;1285,584576;1362,064065;472,5045546;1,876776159;Synthetic price index / US$ equivalent
01/12/99;Global;gold;1197,46506;1102,567097;479,4876497;1,477889477;Synthetic price index / US$ equivalent
01/01/00;Global;gold;1265,307029;1353,514537;463,2324612;-3,390116197;Synthetic price index / US$ equivalent
01/02/00;Global;gold;1489,056102;1405,751769;458,5944875;-1,001219493;Synthetic price index / US$ equivalent
01/03/00;Global;gold;1175,822799;1169,628859;503,1750423;9,721127493;Synthetic price index / US$ equivalent
01/04/00;Global;gold;1430,706956;1384,252188;515,4608652;2,441659829;Synthetic price index / US$ equivalent
01/05/00;Global;gold;1363,508236;1290,327376;499,6210244;-3,072947304;Synthetic price index / US$ equivalent
01/06/00;Global;gold;1346,724897;1290,265936;512,3325868;2,544240881;Synthetic price index / US$ equivalent
01/07/00;Global;gold;1566,875313;1571,615321;529,1402002;3,280605957;Synthetic price index / US$ equivalent
01/08/00;Global;gold;1414,166798;1299,106384;501,645255;-5,196155032;Synthetic price index / US$ equivalent
01/09/00;Global;gold;1464,710642;1452,750611;502,0531541;0,081312253;Synthetic price index / US$ equivalent
01/10/00;Global;gold;1500,394616;1498,495933;510,0843828;1,599676985;Synthetic price index / US$ equivalent
01/11/00;Global;gold;1560,808948;1535,276197;502,5526738;-1,476561384;Synthetic price index / US$ equivalent
01/12/00;Global;gold;1363,934767;1431,234254;490,1156513;-2,474769934;Synthetic price index / US$ equivalent
01/01/01;Global;gold;1420,505552;1395,559518;507,733125;3,594554383;Synthetic price index / US$ equivalent
01/02/01;Global;gold;1583,822199;1558,023228;478,5383486;-5,750023962;Synthetic price index / US$ equivalent
01/03/01;Global;gold;1606,845131;1549,256126;474,2628762;-0,893444061;Synthetic price index / US$ equivalent
01/04/01;Global;gold;1317,734011;1344,2268;481,6632364;1,560392056;Synthetic price index / US$ equivalent
01/05/01;Global;gold;1145,691448;1174,966878;483,3983513;0,360234033;Synthetic price index / US$ equivalent
01/06/01;Global;gold;1513,096249;1574,578858;484,3698765;0,200978171;Synthetic price index / US$ equivalent
01/07/01;Global;gold;1361,748779;1388,302549;456,293102;-5,796556689;Synthetic price index / US$ equivalent
01/08/01;Global;gold;1286,76279;1257,962437;436,6362114;-4,307952604;Synthetic price index / US$ equivalent
01/09/01;Global;gold;1348,437074;1444,226152;438,0218669;0,317347824;Synthetic price index / US$ equivalent
01/10/01;Global;gold;1648,74829;1659,991817;430,9117117;-1,623242068;Synthetic price index / US$ equivalent
01/11/01;Global;gold;1377,402362;1389,815668;447,9495237;3,953898563;Synthetic price index / US$ equivalent
01/12/01;Global;gold;1447,543459;1350,539412;465,1210406;3,833359778;Synthetic price index / US$ equivalent
01/01/02;Global;gold;1319,560465;1367,838401;452,8028263;-2,648388962;Synthetic price index / US$ equivalent
01/02/02;Global;gold;1495,311782;1456,079414;451,8868159;-0,202297844;Synthetic price index / US$ equivalent
01/03/02;Global;gold;1514,194168;1490,657917;461,9507978;2,227102336;Synthetic price index / US$ equivalent
01/04/02;Global;gold;1293,205614;1348,385277;444,641393;-3,747023465;Synthetic price index / US$ equivalent
01/05/02;Global;gold;1407,794252;1418,429;447,668658;0,680832939;Synthetic price index / US$ equivalent
01/06/02;Global;gold;1370,849883;1388,033627;460,6027987;2,889221843;Synthetic price index / US$ equivalent
01/07/02;Global;gold;1370,06906;1393,940202;485,7601304;5,461827805;Synthetic price index / US$ equivalent
01/08/02;Global;gold;1555,193647;1540,710565;523,2947489;7,726986256;Synthetic price index / US$ equivalent
01/09/02;Global;gold;1558,853895;1465,446448;537,6609573;2,745337772;Synthetic price index / US$ equivalent
01/10/02;Global;gold;1603,533478;1693,749617;528,972352;-1,616000787;Synthetic price index / US$ equivalent
01/11/02;Global;gold;1518,279902;1449,634429;552,7568494;4,496359258;Synthetic price index / US$ equivalent
01/12/02;Global;gold;1416,437513;1413,426333;546,8504496;-1,068534881;Synthetic price index / US$ equivalent
01/01/03;Global;gold;1236,459205;1284,497162;539,266457;-1,386849479;Synthetic price index / US$ equivalent
01/02/03;Global;gold;1441,532894;1400,654601;537,0167667;-0,417176005;Synthetic price index / US$ equivalent
01/03/03;Global;gold;1446,811446;1310,92838;526,7998883;-1,902525037;Synthetic price index / US$ equivalent
01/04/03;Global;gold;1243,050847;1207,907297;553,3423731;5,038437811;Synthetic price index / US$ equivalent
01/05/03;Global;gold;1393,794903;1295,993394;566,7758799;2,427702542;Synthetic price index / US$ equivalent
01/06/03;Global;gold;1469,405146;1361,184311;540,9400677;-4,558382444;Synthetic price index / US$ equivalent
01/07/03;Global;gold;1462,523493;1469,772581;547,6910064;1,248001236;Synthetic price index / US$ equivalent
01/08/03;Global;gold;1414,227283;1395,530902;566,401729;3,416291737;Synthetic price index / US$ equivalent
01/09/03;Global;gold;1500,03529;1459,338001;557,028992;-1,654786101;Synthetic price index / US$ equivalent
01/10/03;Global;gold;1406,723407;1461,157196;525,9244662;-5,584004811;Synthetic price index / US$ equivalent
01/11/03;Global;gold;1513,712989;1536,679566;526,6167911;0,131639594;Synthetic price index / US$ equivalent
01/12/03;Global;gold;1394,934076;1371,739172;521,4650482;-0,978271667;Synthetic price index / US$ equivalent
01/01/04;Global;gold;1467,061361;1452,082723;503,5414451;-3,437162882;Synthetic price index / US$ equivalent
01/02/04;Global;gold;1484,93649;1539,945054;458,3603477;-8,972667064;Synthetic price index / US$ equivalent
01/03/04;Global;gold;1505,465462;1403,778815;443,0787555;-3,333969068;Synthetic price index / US$ equivalent
01/04/04;Global;gold;1531,102643;1493,857979;431,1687279;-2,688015946;Synthetic price index / US$ equivalent
01/05/04;Global;gold;1500,475474;1508,787467;428,9473822;-0,515191741;Synthetic price index / US$ equivalent
01/06/04;Global;gold;1385,505337;1326,494946;432,5476056;0,839315838;Synthetic price index / US$ equivalent
01/07/04;Global;gold;1478,65708;1536,756528;431,416062;-0,261599785;Synthetic price index / US$ equivalent
01/08/04;Global;gold;1582,685384;1606,136519;432,1335129;0,166301397;Synthetic price index / US$ equivalent
01/09/04;Global;gold;1372,314018;1351,844978;421,7830004;-2,395211707;Synthetic price index / US$ equivalent
01/10/04;Global;gold;1450,359349;1470,637712;424,0963425;0,54846735;Synthetic price index / US$ equivalent
01/11/04;Global;gold;1534,956137;1572,259212;425,7483911;0,389545605;Synthetic price index / US$ equivalent
01/12/04;Global;gold;1651,321465;1725,564488;446,2092936;4,805867253;Synthetic price index / US$ equivalent
01/01/05;Global;gold;1556,424752;1532,782964;428,9897456;-3,859074265;Synthetic price index / US$ equivalent
01/02/05;Global;gold;1516,293284;1513,541788;415,549992;-3,132884578;Synthetic price index / US$ equivalent
01/03/05;Global;gold;1649,843238;1632,465391;435,5363004;4,809603852;Synthetic price index / US$ equivalent
01/04/05;Global;gold;1508,959891;1404,497466;459,9275367;5,600276316;Synthetic price index / US$ equivalent
01/05/05;Global;gold;1559,386947;1654,703044;463,283257;0,729619341;Synthetic price index / US$ equivalent
01/06/05;Global;gold;1517,856114;1569,13039;472,4147485;1,971038534;Synthetic price index / US$ equivalent
01/07/05;Global;gold;1501,644363;1505,438356;455,7566277;-3,526164415;Synthetic price index / US$ equivalent
01/08/05;Global;gold;1596,666296;1648,630249;435,360962;-4,475122148;Synthetic price index / US$ equivalent
01/09/05;Global;gold;1625,309198;1691,112671;444,1517359;2,019192051;Synthetic price index / US$ equivalent
01/10/05;Global;gold;1419,655549;1440,806215;444,3661393;0,048272568;Synthetic price index / US$ equivalent
01/11/05;Global;gold;1496,891409;1540,816086;437,9327766;-1,447761682;Synthetic price index / US$ equivalent
01/12/05;Global;gold;1557,690601;1473,286044;409,1909042;-6,563078622;Synthetic price index / US$ equivalent
01/01/06;Global;gold;1658,689347;1655,89325;418,3333642;2,234277428;Synthetic price index / US$ equivalent
01/02/06;Global;gold;1585,235916;1571,257905;420,1611268;0,436915332;Synthetic price index / US$ equivalent
01/03/06;Global;gold;1662,474649;1588,927437;418,0611375;-0,499805723;Synthetic price index / US$ equivalent
01/04/06;Global;gold;1563,247589;1510,535749;421,3959592;0,797687563;Synthetic price index / US$ equivalent
01/05/06;Global;gold;1562,508117;1562,426589;404,6448974;-3,975135838;Synthetic price index / US$ equivalent
01/06/06;Global;gold;1503,761295;1533,809468;410,6115213;1,474533331;Synthetic price index / US$ equivalent
01/07/06;Global;gold;1738,177449;1747,391353;441,0209746;7,405893835;Synthetic price index / US$ equivalent
01/08/06;Global;gold;1499,091802;1490,107906;438,2405738;-0,630446376;Synthetic price index / US$ equivalent
01/09/06;Global;gold;1433,581876;1384,480758;472,6069025;7,841886566;Synthetic price index / US$ equivalent
01/10/06;Global;gold;1620,925277;1550,544825;476,8179357;0,891022354;Synthetic price index / US$ equivalent
01/11/06;Global;gold;1644,981135;1695,462168;463,5118509;-2,790600735;Synthetic price index / US$ equivalent
01/12/06;Global;gold;1749,365376;1762,075455;478,1242114;3,152532235;Synthetic price index / US$ equivalent
01/01/07;Global;gold;1715,705552;1552,318429;494,3000662;3,383190902;Synthetic price index / US$ equivalent
01/02/07;Global;gold;1598,937794;1470,155886;491,1118506;-0,64499599;Synthetic price index / US$ equivalent
01/03/07;Global;gold;1616,327405;1571,816997;454,5428232;-7,446170842;Synthetic price index / US$ equivalent
01/04/07;Global;gold;1600,380524;1583,164354;475,3214339;4,57132083;Synthetic price index / US$ equivalent
01/05/07;Global;gold;1674,046306;1640,824749;477,4096476;0,439326648;Synthetic price index / US$ equivalent
01/06/07;Global;gold;1620,481211;1643,76149;499,2702352;4,578999963;Synthetic price index / US$ equivalent
01/07/07;Global;gold;1642,344162;1693,109028;492,7555673;-1,304838034;Synthetic price index / US$ equivalent
01/08/07;Global;gold;1501,356412;1573,142793;510,5642183;3,614094315;Synthetic price index / US$ equivalent
01/09/07;Global;gold;1527,380874;1382,826689;513,8543495;0,644410864;Synthetic price index / US$ equivalent
01/10/07;Global;gold;1657,040169;1606,568564;536,8386715;4,472925453;Synthetic price index / US$ equivalent
01/11/07;Global;gold;1675,335993;1754,487311;508,8768739;-5,208603462;Synthetic price index / US$ equivalent
01/12/07;Global;gold;1705,237743;1605,709305;504,4434787;-0,871211768;Synthetic price index / US$ equivalent
01/01/08;Global;gold;1867,854183;1779,329161;486,6998564;-3,517464903;Synthetic price index / US$ equivalent
01/02/08;Global;gold;1807,745237;1794,519838;498,9465653;2,516275437;Synthetic price index / US$ equivalent
01/03/08;Global;gold;1532,715916;1451,374381;499,6463446;0,140251349;Synthetic price index / US$ equivalent
01/04/08;Global;gold;1746,586017;1727,121965;499,6681464;0,004363453;Synthetic price index / US$ equivalent
01/05/08;Global;gold;1659,352228;1673,598022;510,2350741;2,114789127;Synthetic price index / US$ equivalent
01/06/08;Global;gold;1665,379039;1580,059966;515,8793887;1,106218468;Synthetic price index / US$ equivalent
01/07/08;Global;gold;1556,069068;1522,119735;499,3254541;-3,20887691;Synthetic price index / US$ equivalent
01/08/08;Global;gold;1740,706209;1820,265609;468,261238;-6,221236239;Synthetic price index / US$ equivalent
01/09/08;Global;gold;1567,124029;1527,875899;448,6424918;-4,189701098;Synthetic price index / US$ equivalent
01/10/08;Global;gold;1790,440697;1742,705951;415,4941164;-7,388594711;Synthetic price index / US$ equivalent
01/11/08;Global;gold;1839,409679;1815,322343;399,8314124;-3,769657215;Synthetic price index / US$ equivalent
01/12/08;Global;gold;1573,913372;1437,798456;415,7428155;3,979528013;Synthetic price index / US$ equivalent
01/01/09;Global;gold;1471,594181;1560,670172;393,1958689;-5,423291946;Synthetic price index / US$ equivalent
01/02/09;Global;gold;1679,617967;1596,248722;386,2235885;-1,773233374;Synthetic price index / US$ equivalent
01/03/09;Global;gold;1540,542528;1495,412514;397,6081634;2,947664319;Synthetic price index / US$ equivalent
01/04/09;Global;gold;1692,799894;1656,723391;375,4136045;-5,582017898;Synthetic price index / US$ equivalent
01/05/09;Global;gold;1940,521178;1928,16807;385,5331814;2,695580753;Synthetic price index / US$ equivalent
01/06/09;Global;gold;1545,431187;1496,726681;397,8615932;3,19775635;Synthetic price index / US$ equivalent
01/07/09;Global;gold;1695,36305;1747,699689;404,860778;1,759200926;Synthetic price index / US$ equivalent
01/08/09;Global;gold;1757,240282;1696,939709;427,7017995;5,641697763;Synthetic price index / US$ equivalent
01/09/09;Global;gold;1686,701566;1582,142055;406,1356204;-5,042340048;Synthetic price index / US$ equivalent
01/10/09;Global;gold;1796,625786;1769,957401;408,6453176;0,617945612;Synthetic price index / US$ equivalent
01/11/09;Global;gold;1688,757194;1594,779068;427,8285856;4,694356482;Synthetic price index / US$ equivalent
01/12/09;Global;gold;1769,017123;1690,712492;442,4807445;3,424773241;Synthetic price index / US$ equivalent
01/01/10;Global;gold;1888,028666;1920,273157;457,9040758;3,485650275;Synthetic price index / US$ equivalent
01/02/10;Global;gold;1647,300333;1659,335639;462,1746163;0,932627767;Synthetic price index / US$ equivalent
01/03/10;Global;gold;1771,608849;1803,549918;435,0674152;-5,865142786;Synthetic price index / US$ equivalent
01/04/10;Global;gold;1867,304182;1939,692877;452,3989188;3,983636344;Synthetic price index / US$ equivalent
01/05/10;Global;gold;1820,630051;1888,348791;424,5449161;-6,156956086;Synthetic price index / US$ equivalent
01/06/10;Global;gold;1619,220204;1588,868095;416,4484157;-1,907101015;Synthetic price index / US$ equivalent
01/07/10;Global;gold;1738,654409;1748,933505;403,4634109;-3,118034377;Synthetic price index / US$ equivalent
01/08/10;Global;gold;1747,21468;1699,589825;393,7098646;-2,417454974;Synthetic price index / US$ equivalent
01/09/10;Global;gold;1808,91698;1733,331942;390,3044957;-0,864943763;Synthetic price index / US$ equivalent
01/10/10;Global;gold;1583,243438;1444,132949;407,3102748;4,357054387;Synthetic price index / US$ equivalent
01/11/10;Global;gold;1737,969886;1738,720328;412,2196066;1,205305162;Synthetic price index / US$ equivalent
01/12/10;Global;gold;1907,663848;1906,46576;403,6491505;-2,079099571;Synthetic price index / US$ equivalent
01/01/11;Global;gold;1729,290897;1794,702314;401,0481114;-0,644381174;Synthetic price index / US$ equivalent
01/02/11;Global;gold;1874,781873;1942,287946;408,7746183;1,926578556;Synthetic price index / US$ equivalent
01/03/11;Global;gold;1736,368231;1761,542175;406,7191603;-0,502834053;Synthetic price index / US$ equivalent
01/04/11;Global;gold;1576,965718;1618,610091;391,3643036;-3,775297113;Synthetic price index / US$ equivalent
01/05/11;Global;gold;1593,112153;1549,924342;372,9552737;-4,703809133;Synthetic price index / US$ equivalent
01/06/11;Global;gold;1902,346544;1866,865264;389,4092541;4,411783804;Synthetic price index / US$ equivalent
01/07/11;Global;gold;1825,135365;1655,087716;385,1354968;-1,097497627;Synthetic price index / US$ equivalent
01/08/11;Global;gold;1772,523632;1720,235152;379,4023442;-1,48860665;Synthetic price index / US$ equivalent
01/09/11;Global;gold;1769,436232;1874,72754;387,5452061;2,146233947;Synthetic price index / US$ equivalent
01/10/11;Global;gold;1601,657515;1600,066141;386,7436461;-0,206830055;Synthetic price index / US$ equivalent
01/11/11;Global;gold;1864,019931;1754,004265;384,7687775;-0,510640231;Synthetic price index / US$ equivalent
01/12/11;Global;gold;1845,860461;1815,001676;367,805142;-4,408786892;Synthetic price index / US$ equivalent
01/01/12;Global;gold;1850,008961;1781,753677;357,1781197;-2,889307726;Synthetic price index / US$ equivalent
01/02/12;Global;gold;1469,280058;1437,399849;360,8087654;1,016480448;Synthetic price index / US$ equivalent
01/03/12;Global;gold;1703,81643;1737,960437;350,5495114;-2,843404875;Synthetic price index / US$ equivalent
01/04/12;Global;gold;1736,748303;1699,95308;345,1837202;-1,530679968;Synthetic price index / US$ equivalent
01/05/12;Global;gold;1710,479614;1677,772736;349,4478284;1,23531554;Synthetic price index / US$ equivalent
01/06/12;Global;gold;1776,859627;1691,507379;358,6938013;2,645880776;Synthetic price index / US$ equivalent
01/07/12;Global;gold;1938,75688;1853,249875;378,0686785;5,401508806;Synthetic price index / US$ equivalent
01/08/12;Global;gold;1939,43548;1925,167317;365,3208522;-3,371828207;Synthetic price index / US$ equivalent
01/09/12;Global;gold;1849,806613;2041,081386;370,0861858;1,304424189;Synthetic price index / US$ equivalent
01/10/12;Global;gold;1925,881266;1899,471078;354,7605378;-4,141102424;Synthetic price index / US$ equivalent
01/11/12;Global;gold;1777,860879;1884,082028;360,7390791;1,685232923;Synthetic price index / US$ equivalent
01/12/12;Global;gold;1612,498755;1585,48146;356,8028516;-1,091156406;Synthetic price index / US$ equivalent
01/01/13;Global;gold;1631,099327;1725,021415;327,9197244;-8,094982164;Synthetic price index / US$ equivalent
01/02/13;Global;gold;1702,187034;1654,153426;335,101986;2,190249961;Synthetic price index / US$ equivalent
01/03/13;Global;gold;1693,204526;1613,810374;343,7418546;2,57828032;Synthetic price index / US$ equivalent
01/04/13;Global;gold;1797,488353;1766,591495;330,9551279;-3,719863163;Synthetic price index / US$ equivalent
01/05/13;Global;gold;1605,533042;1598,375201;319,8143141;-3,366261143;Synthetic price index / US$ equivalent
01/06/13;Global;gold;1691,840519;1701,52923;321,1301847;0,411448334;Synthetic price index / US$ equivalent
01/07/13;Global;gold;1692,139453;1708,044757;295,7681197;-7,897751833;Synthetic price index / US$ equivalent
01/08/13;Global;gold;1823,007793;1869,947102;282,6107685;-4,448535966;Synthetic price index / US$ equivalent
01/09/13;Global;gold;1756,257325;1724,354753;259,9894736;-8,004399494;Synthetic price index / US$ equivalent
01/10/13;Global;gold;2041,388621;2074,534414;262,3670308;0,91448212;Synthetic price index / US$ equivalent
01/11/13;Global;gold;1754,592396;1629,077472;270,2697592;3,012088948;Synthetic price index / US$ equivalent
01/12/13;Global;gold;1664,630139;1565,358349;268,8121518;-0,539315737;Synthetic price index / US$ equivalent
01/01/14;Global;gold;1753,995831;1728,361907;265,5983306;-1,195563975;Synthetic price index / US$ equivalent
01/02/14;Global;gold;1725,908884;1703,334339;277,0799729;4,322934676;Synthetic price index / US$ equivalent
01/03/14;Global;gold;1684,749778;1538,823616;264,0540415;-4,701145042;Synthetic price index / US$ equivalent
01/04/14;Global;gold;1750,652167;1715,708067;272,0759771;3,037990103;Synthetic price index / US$ equivalent
01/05/14;Global;gold;1890,784834;1765,552787;286,9176534;5,454974896;Synthetic price index / US$ equivalent
01/06/14;Global;gold;1809,669082;1780,114396;291,1317835;1,468759443;Synthetic price index / US$ equivalent
01/07/14;Global;gold;1722,813825;1712,376109;293,4333068;0,790543462;Synthetic price index / US$ equivalent
01/08/14;Global;gold;1865,021363;1809,96883;276,2235766;-5,8649546;Synthetic price index / US$ equivalent
01/09/14;Global;gold;1802,49325;1756,907921;271,7584972;-1,61647294;Synthetic price index / US$ equivalent
01/10/14;Global;gold;1802,162838;1743,919982;273,7425199;0,730068305;Synthetic price index / US$ equivalent
01/11/14;Global;gold;1768,115001;1697,606542;274,5983196;0,312629458;Synthetic price index / US$ equivalent
01/12/14;Global;gold;1593,762791;1442,108959;264,9194725;-3,524729186;Synthetic price index / US$ equivalent
01/01/15;Global;gold;1740,090475;1670,767247;265,8111841;0,336597231;Synthetic price index / US$ equivalent
01/02/15;Global;gold;1631,866499;1673,25393;256,0936291;-3,655811197;Synthetic price index / US$ equivalent
01/03/15;Global;gold;1752,822061;1694,126175;256,3108132;0,084806541;Synthetic price index / US$ equivalent
01/04/15;Global;gold;1969,146566;1891,665923;258,753142;0,952877783;Synthetic price index / US$ equivalent
01/05/15;Global;gold;1681,870705;1664,979633;266,6317517;3,044836323;Synthetic price index / US$ equivalent
01/06/15;Global;gold;1761,100981;1654,542036;270,2065599;1,340728618;Synthetic price index / US$ equivalent
01/07/15;Global;gold;1706,232595;1603,681356;277,8622016;2,833255307;Synthetic price index / US$ equivalent
01/08/15;Global;gold;1760,279752;1764,793809;279,1954218;0,479813464;Synthetic price index / US$ equivalent
01/09/15;Global;gold;1692,686799;1664,194234;275,6325138;-1,276134118;Synthetic price index / US$ equivalent
01/10/15;Global;gold;1799,186991;1669,292066;287,5004223;4,305699767;Synthetic price index / US$ equivalent
01/11/15;Global;gold;1592,659597;1539,195318;294,2832452;2,359239267;Synthetic price index / US$ equivalent
01/12/15;Global;gold;1849,226168;1824,438449;294,7942167;0,173632569;Synthetic price index / US$ equivalent
01/01/16;Global;gold;1806,329934;1808,454191;283,3252513;-3,89049879;Synthetic price index / US$ equivalent
01/02/16;Global;gold;1764,890262;1808,221943;294,4659219;3,932113568;Synthetic price index / US$ equivalent
01/03/16;Global;gold;1701,44913;1677,349729;303,4506684;3,051200762;Synthetic price index / US$ equivalent
01/04/16;Global;gold;1802,088397;1756,608738;300,5743938;-0,947855724;Synthetic price index / US$ equivalent
01/05/16;Global;gold;1804,052324;1755,043368;316,6480516;5,347647052;Synthetic price index / US$ equivalent
01/06/16;Global;gold;1728,245599;1719,381232;307,6510207;-2,841334662;Synthetic price index / US$ equivalent
01/07/16;Global;gold;1947,713236;1895,536387;311,9053691;1,382848771;Synthetic price index / US$ equivalent
01/08/16;Global;gold;1948,010139;1977,648443;306,7418443;-1,655478;Synthetic price index / US$ equivalent
01/09/16;Global;gold;1769,745603;1775,525986;310,4934371;1,22304566;Synthetic price index / US$ equivalent
01/10/16;Global;gold;1888,701526;1871,545421;336,5757066;8,400264338;Synthetic price index / US$ equivalent
01/11/16;Global;gold;1980,593817;2065,156266;351,2849581;4,370265357;Synthetic price index / US$ equivalent
01/12/16;Global;gold;1587,368424;1514,299621;338,4903313;-3,642235897;Synthetic price index / US$ equivalent
01/01/17;Global;gold;1879,079797;1917,149557;353,202482;4,346402059;Synthetic price index / US$ equivalent
01/02/17;Global;gold;1738,308041;1594,23576;362,0536116;2,505964731;Synthetic price index / US$ equivalent
01/03/17;Global;gold;1728,55569;1774,037263;364,5669849;0,694199215;Synthetic price index / US$ equivalent
01/04/17;Global;gold;1646,949692;1608,197646;375,9803942;3,130675497;Synthetic price index / US$ equivalent
01/05/17;Global;gold;1807,135803;1807,862445;372,2019468;-1,004958629;Synthetic price index / US$ equivalent
01/06/17;Global;gold;1815,045278;1815,704969;366,4335342;-1,549807215;Synthetic price index / US$ equivalent
01/07/17;Global;gold;1848,230043;1943,385242;370,8073285;1,19361192;Synthetic price index / US$ equivalent
01/08/17;Global;gold;1666,752008;1607,329187;354,7895001;-4,319717322;Synthetic price index / US$ equivalent
01/09/17;Global;gold;1695,078989;1707,408046;338,7203774;-4,529199074;Synthetic price index / US$ equivalent
01/10/17;Global;gold;1685,009682;1639,546119;361,9143753;6,847535461;Synthetic price index / US$ equivalent
01/11/17;Global;gold;1656,843817;1564,767325;377,7818698;4,384322802;Synthetic price index / US$ equivalent
01/12/17;Global;gold;1730,339036;1783,668324;364,0131622;-3,644618424;Synthetic price index / US$ equivalent
01/01/18;Global;gold;1685,645277;1681,359783;355,1452645;-2,436147536;Synthetic price index / US$ equivalent
01/02/18;Global;gold;1745,298039;1658,259588;339,9247782;-4,285707235;Synthetic price index / US$ equivalent
01/03/18;Global;gold;1706,66401;1703,226877;352,7037892;3,759364377;Synthetic price index / US$ equivalent
01/04/18;Global;gold;1593,28363;1641,891419;353,3800351;0,19173197;Synthetic price index / US$ equivalent
01/05/18;Global;gold;1613,32218;1593,31123;331,3732589;-6,22750978;Synthetic price index / US$ equivalent
01/06/18;Global;gold;1566,873688;1532,923513;330,7698575;-0,182091149;Synthetic price index / US$ equivalent
01/07/18;Global;gold;1886,202535;1843,834541;332,8462112;0,627733657;Synthetic price index / US$ equivalent
01/08/18;Global;gold;1744,286471;1687,29812;330,8933572;-0,586713625;Synthetic price index / US$ equivalent
01/09/18;Global;gold;1857,072096;1700,291732;332,4246181;0,462765687;Synthetic price index / US$ equivalent
01/10/18;Global;gold;1832,700958;1757,900565;324,4262055;-2,406083099;Synthetic price index / US$ equivalent
01/11/18;Global;gold;1782,974618;1762,603501;320,0394586;-1,352155545;Synthetic price index / US$ equivalent
01/12/18;Global;gold;1725,134804;1676,564013;315,432584;-1,439470814;Synthetic price index / US$ equivalent
01/01/19;Global;gold;1755,186509;1828,663012;303,4078146;-3,81215195;Synthetic price index / US$ equivalent
01/02/19;Global;gold;1838,88706;1803,548245;296,0414132;-2,42788783;Synthetic price index / US$ equivalent
01/03/19;Global;gold;2112,85892;2179,286649;276,3437368;-6,653689483;Synthetic price index / US$ equivalent
01/04/19;Global;gold;1851,42814;1913,592739;273,5990513;-0,993214301;Synthetic price index / US$ equivalent
01/05/19;Global;gold;1873,987153;1912,307102;281,6691817;2,94961929;Synthetic price index / US$ equivalent
01/06/19;Global;gold;1883,898506;1735,903772;297,2316593;5,525090641;Synthetic price index / US$ equivalent
01/07/19;Global;gold;1676,912311;1853,986443;287,8842748;-3,144814545;Synthetic price index / US$ equivalent
01/08/19;Global;gold;1728,040654;1563,13932;300,0587923;4,228962314;Synthetic price index / US$ equivalent
01/09/19;Global;gold;1926,695308;1998,00397;301,3549082;0,431953959;Synthetic price index / US$ equivalent
01/10/19;Global;gold;1887,310268;1821,436338;298,021201;-1,106239538;Synthetic price index / US$ equivalent
01/11/19;Global;gold;1920,304175;1915,047732;299,9911859;0,661021729;Synthetic price index / US$ equivalent
01/12/19;Global;gold;1789,107331;1725,056305;307,647117;2,552052027;Synthetic price index / US$ equivalent
01/01/20;Global;gold;1748,182403;1725,276518;296,1435478;-3,73920917;Synthetic price index / US$ equivalent
01/02/20;Global;gold;2179,658831;2181,096031;290,1591023;-2,020792156;Synthetic price index / US$ equivalent
01/03/20;Global;gold;1634,859996;1520,8338;282,3965315;-2,675280801;Synthetic price index / US$ equivalent
01/04/20;Global;gold;1862,899884;1795,826122;279,9602498;-0,86271658;Synthetic price index / US$ equivalent
01/05/20;Global;gold;1894,607852;1900,089827;280,1188581;0,056653867;Synthetic price index / US$ equivalent
01/06/20;Global;gold;1865,381668;1788,376603;287,3274044;2,573388419;Synthetic price index / US$ equivalent
01/07/20;Global;gold;1815,574322;1639,645753;298,9950673;4,060755337;Synthetic price index / US$ equivalent
01/08/20;Global;gold;1963,854524;1978,580467;303,6212421;1,547241201;Synthetic price index / US$ equivalent
01/09/20;Global;gold;1875,279041;1792,511366;310,6835961;2,326040811;Synthetic price index / US$ equivalent
01/10/20;Global;gold;1804,844433;1926,123931;315,299293;1,485658378;Synthetic price index / US$ equivalent
01/11/20;Global;gold;1836,599328;1943,754121;318,5733453;1,038395072;Synthetic price index / US$ equivalent
01/12/20;Global;gold;1797,623417;1804,023288;331,1196264;3,938270805;Synthetic price index / US$ equivalent
01/01/21;Global;gold;1860,201818;1770,853109;343,0360355;3,598822954;Synthetic price index / US$ equivalent
01/02/21;Global;gold;1931,133116;2200,187183;337,8591606;-1,509134434;Synthetic price index / US$ equivalent
01/03/21;Global;gold;1772,352075;1792,621049;330,5687221;-2,157833584;Synthetic price index / US$ equivalent
01/04/21;Global;gold;1737,80069;1794,097714;328,5141185;-0,621536022;Synthetic price index / US$ equivalent
01/05/21;Global;gold;2010,668517;2076,732482;339,1061227;3,224215832;Synthetic price index / US$ equivalent
01/06/21;Global;gold;1693,80085;1857,261587;344,1932136;1,500147168;Synthetic price index / US$ equivalent
01/07/21;Global;gold;1775,099088;1862,325899;349,8457283;1,642250502;Synthetic price index / US$ equivalent
01/08/21;Global;gold;1864,43798;1927,766544;369,4779119;5,611668779;Synthetic price index / US$ equivalent
01/09/21;Global;gold;1692,275799;1714,668466;368,1247622;-0,366232887;Synthetic price index / US$ equivalent
01/10/21;Global;gold;1938,010975;1919,513847;380,5753216;3,382157517;Synthetic price index / US$ equivalent
01/11/21;Global;gold;1782,831156;1739,253304;380,0747862;-0,131520709;Synthetic price index / US$ equivalent
01/12/21;Global;gold;2019,692685;2040,297433;382,8767121;0,737203839;Synthetic price index / US$ equivalent
01/01/22;Global;gold;1803,974472;1898,150019;362,9890896;-5,194262763;Synthetic price index / US$ equivalent
01/02/22;Global;gold;1956,105256;2141,663614;380,9118765;4,937555262;Synthetic price index / US$ equivalent
01/03/22;Global;gold;1994,448444;2007,549569;366,7850301;-3,708691514;Synthetic price index / US$ equivalent
01/04/22;Global;gold;1684,072433;1719,836803;361,7283997;-1,378635988;Synthetic price index / US$ equivalent
01/05/22;Global;gold;1994,005111;2016,969095;375,2724767;3,744266987;Synthetic price index / US$ equivalent
01/06/22;Global;gold;2063,978586;2055,663426;378,377934;0,827520659;Synthetic price index / US$ equivalent
01/07/22;Global;gold;1930,921681;1986,257914;368,6453815;-2,572177611;Synthetic price index / US$ equivalent
01/08/22;Global;gold;1968,009126;1947,456218;371,4109576;0,750199581;Synthetic price index / US$ equivalent
01/09/22;Global;gold;2094,8444;2071,342573;371,6764297;0,071476643;Synthetic price index / US$ equivalent
01/10/22;Global;gold;1729,839166;1683,282761;358,7603043;-3,475099403;Synthetic price index / US$ equivalent
01/11/22;Global;gold;1973,742433;2022,842341;344,9593136;-3,846855562;Synthetic price index / US$ equivalent
01/12/22;Global;gold;2062,458134;2078,442581;341,332434;-1,051393432;Synthetic price index / US$ equivalent
01/01/23;Global;gold;2114,034606;2029,482414;341,1136421;-0,064099356;Synthetic price index / US$ equivalent
01/02/23;Global;gold;2028,758694;2091,87643;321,7266617;-5,683437419;Synthetic price index / US$ equivalent
01/03/23;Global;gold;2078,764693;2035,417242;309,169016;-3,903203312;Synthetic price index / US$ equivalent
01/04/23;Global;gold;1766,443201;1703,958035;331,3467088;7,173323215;Synthetic price index / US$ equivalent
01/05/23;Global;gold;1885,695497;1864,720377;359,7725215;8,578872791;Synthetic price index / US$ equivalent
01/06/23;Global;gold;1948,400045;1803,493216;347,1138091;-3,518532308;Synthetic price index / US$ equivalent
01/07/23;Global;gold;1973,008103;1890,14425;354,5124959;2,131487313;Synthetic price index / US$ equivalent
01/08/23;Global;gold;2007,47385;2021,331367;342,6533473;-3,345199033;Synthetic price index / US$ equivalent
01/09/23;Global;gold;1802,538157;1857,603544;348,8537501;1,809526412;Synthetic price index / US$ equivalent
01/10/23;Global;gold;1935,396333;1908,015572;349,8970459;0,299063955;Synthetic price index / US$ equivalent
01/11/23;Global;gold;1896,91968;1959,45937;337,1823212;-3,633847414;Synthetic price index / US$ equivalent
01/12/23;Global;gold;1608,539909;1672,193033;332,8888197;-1,273347151;Synthetic price index / US$ equivalent
01/01/24;Global;gold;2005,715958;1903,212981;345,9137155;3,912686466;Synthetic price index / US$ equivalent
01/02/24;Global;gold;2125,179442;2081,175987;380,3397461;9,952201675;Synthetic price index / US$ equivalent
01/03/24;Global;gold;1794,674484;1692,078575;373,1872178;-1,880562931;Synthetic price index / US$ equivalent
01/04/24;Global;gold;2150,964054;2037,581694;363,1616718;-2,686465541;Synthetic price index / US$ equivalent
01/05/24;Global;gold;1897,786232;1885,609423;352,2111853;-3,015319979;Synthetic price index / US$ equivalent
01/06/24;Global;gold;1830,7119;1735,939361;366,8505266;4,156410103;Synthetic price index / US$ equivalent
01/07/24;Global;gold;1993,29991;1960,180999;347,4874995;-5,278178908;Synthetic price index / US$ equivalent
01/08/24;Global;gold;1794,276184;1796,410857;336,5407821;-3,150247832;Synthetic price index / US$ equivalent
01/09/24;Global;gold;1931,882721;1834,397169;327,9681881;-2,547267518;Synthetic price index / US$ equivalent
01/10/24;Global;gold;1996,534441;1902,808645;331,2388491;0,997249471;Synthetic price index / US$ equivalent
01/11/24;Global;gold;2007,445336;2111,116423;347,6630055;4,958402816;Synthetic price index / US$ equivalent
01/12/24;Global;gold;1801,07128;1829,699325;351,8605309;1,207354645;Synthetic price index / US$ equivalent
01/01/25;Global;gold;1843,604798;1848,472285;361,5113303;2,742791104;Synthetic price index / US$ equivalent
01/02/25;Global;gold;1845,60211;1785,663642;382,6776315;5,854948227;Synthetic price index / US$ equivalent
01/03/25;Global;gold;1592,75923;1554,823901;376,0948012;-1,720202523;Synthetic price index / US$ equivalent
01/04/25;Global;gold;1807,965077;1851,049004;379,9674344;1,029696015;Synthetic price index / US$ equivalent
01/05/25;Global;gold;2040,748828;2007,555249;374,0417896;-1,559513863;Synthetic price index / US$ equivalent
01/06/25;Global;gold;1742,548616;1630,828102;359,2386445;-3,957617977;Synthetic price index / US$ equivalent
01/07/25;Global;gold;1827,528342;1745,980419;345,0975683;-3,936401726;Synthetic price index / US$ equivalent
01/08/25;Global;gold;1799,796605;1695,192076;337,8438318;-2,101937884;Synthetic price index / US$ equivalent
01/09/25;Global;gold;1774,333587;1757,639077;352,9258457;4,464196926;Synthetic price index / US$ equivalent
01/10/25;Global;gold;2112,251404;1983,504787;349,6262703;-0,934920324;Synthetic price index / US$ equivalent
01/11/25;Global;gold;1689,090171;1576,158503;341,1188353;-2,433293978;Synthetic price index / US$ equivalent
01/12/25;Global;gold;1879,402467;1855,13832;341,9860327;0,254221505;Synthetic price index / US$ equivalent
01/01/26;Global;gold;2112,333664;2008,242613;336,4655221;-1,614250324;Synthetic price index / US$ equivalent
01/02/26;Global;gold;1835,925646;1773,566304;358,1982491;6,459124511;Synthetic price index / US$ equivalent
01/03/26;Global;gold;1675,590724;1645,883769;348,0480699;-2,833676387;Synthetic price index / US$ equivalent
01/04/26;Global;gold;1882,237018;2021,685638;343,5882678;-1,28137531;Synthetic price index / US$ equivalent
01/05/26;Global;gold;1784,480862;1881,868821;355,5516767;3,481902597;Synthetic price index / US$ equivalent
01/06/26;Global;gold;1924,269794;1999,8822;361,3796292;1,639129544;Synthetic price index / US$ equivalent
01/07/26;Global;gold;1840,844251;1813,132032;385,4124129;6,65028732;Synthetic price index / US$ equivalent
01/08/26;Global;gold;2124,711476;2085,211012;366,2844034;-4,962997791;Synthetic price index / US$ equivalent
01/09/26;Global;gold;1920,949541;1950,476995;383,0538597;4,578261093;Synthetic price index / US$ equivalent
01/01/80;Global;platinum;922,9146597;912,9868147;439,1677457;;Synthetic price index / US$ equivalent
01/02/80;Global;platinum;1035,779196;1041,835541;455,1841851;3,646998121;Synthetic price index / US$ equivalent
01/03/80;Global;platinum;1159,786932;1106,145193;424,4256373;-6,757384982;Synthetic price index / US$ equivalent
01/04/80;Global;platinum;1113,98231;1000,764333;441,3192895;3,980356205;Synthetic price index / US$ equivalent
01/05/80;Global;platinum;874,5101377;917,6516196;461,5199708;4,577339294;Synthetic price index / US$ equivalent
01/06/80;Global;platinum;877,1539974;845,6871113;453,2130965;-1,799894871;Synthetic price index / US$ equivalent
01/07/80;Global;platinum;945,650206;966,3895235;458,6366342;1,196686005;Synthetic price index / US$ equivalent
01/08/80;Global;platinum;1094,335919;1114,520739;470,131641;2,506342923;Synthetic price index / US$ equivalent
01/09/80;Global;platinum;1029,797338;973,7875672;469,5766954;-0,118040482;Synthetic price index / US$ equivalent
01/10/80;Global;platinum;991,5994326;949,4521915;457,2955582;-2,615363435;Synthetic price index / US$ equivalent
01/11/80;Global;platinum;1142,000199;1118,843059;490,251723;7,206753751;Synthetic price index / US$ equivalent
01/12/80;Global;platinum;1018,910772;997,1850801;456,1711136;-6,951655186;Synthetic price index / US$ equivalent
01/01/81;Global;platinum;1014,542882;975,3024916;483,6165353;6,016475138;Synthetic price index / US$ equivalent
01/02/81;Global;platinum;1036,933412;1083,012704;490,2091999;1,363200834;Synthetic price index / US$ equivalent
01/03/81;Global;platinum;1108,955807;1101,145991;468,3245687;-4,464345258;Synthetic price index / US$ equivalent
01/04/81;Global;platinum;964,3885797;905,0057881;472,8428244;0,964770145;Synthetic price index / US$ equivalent
01/05/81;Global;platinum;1118,145207;1079,35557;478,2954744;1,153163324;Synthetic price index / US$ equivalent
01/06/81;Global;platinum;1015,526425;1108,730904;497,4116328;3,996725747;Synthetic price index / US$ equivalent
01/07/81;Global;platinum;886,471386;880,4749447;483,5101686;-2,794760565;Synthetic price index / US$ equivalent
01/08/81;Global;platinum;997,0778959;941,6917309;458,4917934;-5,174322457;Synthetic price index / US$ equivalent
01/09/81;Global;platinum;1113,478105;1147,944619;488,7345727;6,596144081;Synthetic price index / US$ equivalent
01/10/81;Global;platinum;1042,663284;1071,009202;479,5165844;-1,886092945;Synthetic price index / US$ equivalent
01/11/81;Global;platinum;1036,839112;1046,776014;483,8039654;0,894104858;Synthetic price index / US$ equivalent
01/12/81;Global;platinum;1013,309011;1033,387924;490,4845583;1,380847065;Synthetic price index / US$ equivalent
01/01/82;Global;platinum;1137,586991;1197,122582;460,6377533;-6,085167114;Synthetic price index / US$ equivalent
01/02/82;Global;platinum;985,2087553;966,5376309;464,6703582;0,875439525;Synthetic price index / US$ equivalent
01/03/82;Global;platinum;1089,444723;1078,336364;439,4768004;-5,421812975;Synthetic price index / US$ equivalent
01/04/82;Global;platinum;1039,342487;1033,77792;428,6016522;-2,474567087;Synthetic price index / US$ equivalent
01/05/82;Global;platinum;1077,4237;1111,729611;419,5223333;-2,11835836;Synthetic price index / US$ equivalent
01/06/82;Global;platinum;1024,382873;1032,248104;422,8201024;0,786077125;Synthetic price index / US$ equivalent
01/07/82;Global;platinum;968,1859965;963,1738354;458,7354212;8,494231631;Synthetic price index / US$ equivalent
01/08/82;Global;platinum;974,9972707;955,8557036;472,6906357;3,042105274;Synthetic price index / US$ equivalent
01/09/82;Global;platinum;1000,850823;978,6840017;490,190433;3,702167134;Synthetic price index / US$ equivalent
01/10/82;Global;platinum;1053,954926;1015,986803;495,0014259;0,98145384;Synthetic price index / US$ equivalent
01/11/82;Global;platinum;899,1312357;890,9855378;533,6309804;7,803927932;Synthetic price index / US$ equivalent
01/12/82;Global;platinum;1030,677307;1017,812107;540,8863291;1,359619089;Synthetic price index / US$ equivalent
01/01/83;Global;platinum;947,6194004;934,9708206;526,8388061;-2,59713034;Synthetic price index / US$ equivalent
01/02/83;Global;platinum;882,0112515;897,1541765;544,909951;3,43010892;Synthetic price index / US$ equivalent
01/03/83;Global;platinum;964,4905785;974,6921594;561,5266326;3,049436254;Synthetic price index / US$ equivalent
01/04/83;Global;platinum;983,3911371;908,2087528;580,4659175;3,372820423;Synthetic price index / US$ equivalent
01/05/83;Global;platinum;905,4759722;889,253397;605,4733766;4,308170098;Synthetic price index / US$ equivalent
01/06/83;Global;platinum;1029,789063;1013,364428;627,8155797;3,690038893;Synthetic price index / US$ equivalent
01/07/83;Global;platinum;1044,333229;927,1569043;617,2728816;-1,679266725;Synthetic price index / US$ equivalent
01/08/83;Global;platinum;963,4267485;972,4976623;628,9290265;1,888329345;Synthetic price index / US$ equivalent
01/09/83;Global;platinum;959,5677415;970,0537673;672,8258969;6,979622264;Synthetic price index / US$ equivalent
01/10/83;Global;platinum;1098,243844;1094,293571;738,8470157;9,812511541;Synthetic price index / US$ equivalent
01/11/83;Global;platinum;934,9705155;879,8200258;729,9832296;-1,199678138;Synthetic price index / US$ equivalent
01/12/83;Global;platinum;1021,749139;1014,338488;694,5999641;-4,847134021;Synthetic price index / US$ equivalent
01/01/84;Global;platinum;1016,22458;1032,456629;710,027974;2,221136007;Synthetic price index / US$ equivalent
01/02/84;Global;platinum;1003,871853;955,473414;639,0974881;-9,989815689;Synthetic price index / US$ equivalent
01/03/84;Global;platinum;1004,668605;1002,521379;627,330235;-1,841229753;Synthetic price index / US$ equivalent
01/04/84;Global;platinum;942,322355;879,7004725;641,8829822;2,319790511;Synthetic price index / US$ equivalent
01/05/84;Global;platinum;1086,54199;1106,326621;593,9797129;-7,462928713;Synthetic price index / US$ equivalent
01/06/84;Global;platinum;1005,387229;1039,857212;564,5931546;-4,947400995;Synthetic price index / US$ equivalent
01/07/84;Global;platinum;1160,744927;1225,209994;568,3692392;0,66881516;Synthetic price index / US$ equivalent
01/08/84;Global;platinum;1026,873745;1082,629357;566,2081149;-0,380232465;Synthetic price index / US$ equivalent
01/09/84;Global;platinum;1059,498008;990,9363962;563,1300737;-0,543623634;Synthetic price index / US$ equivalent
01/10/84;Global;platinum;950,1146969;897,471004;539,0514594;-4,275853041;Synthetic price index / US$ equivalent
01/11/84;Global;platinum;1060,613877;1073,00689;482,6147549;-10,46963207;Synthetic price index / US$ equivalent
01/12/84;Global;platinum;1037,197648;969,9035893;507,2900177;5,112828108;Synthetic price index / US$ equivalent
01/01/85;Global;platinum;948,7088683;952,144115;505,0746806;-0,436700331;Synthetic price index / US$ equivalent
01/02/85;Global;platinum;1002,222173;1034,822366;513,5304735;1,67416686;Synthetic price index / US$ equivalent
01/03/85;Global;platinum;1089,722918;1015,733874;528,8983397;2,992590902;Synthetic price index / US$ equivalent
01/04/85;Global;platinum;1036,150298;1118,377322;515,5912944;-2,515993016;Synthetic price index / US$ equivalent
01/05/85;Global;platinum;1068,480708;1151,738254;505,1061762;-2,033610397;Synthetic price index / US$ equivalent
01/06/85;Global;platinum;1048,077364;979,5902107;486,4144897;-3,700546023;Synthetic price index / US$ equivalent
01/07/85;Global;platinum;1090,545471;1096,413543;505,9685131;4,020033069;Synthetic price index / US$ equivalent
01/08/85;Global;platinum;1145,008067;1117,954628;503,9436416;-0,400197134;Synthetic price index / US$ equivalent
01/09/85;Global;platinum;1157,348448;1108,395493;514,1812263;2,031493981;Synthetic price index / US$ equivalent
01/10/85;Global;platinum;1038,289;995,9016542;498,6231036;-3,025805288;Synthetic price index / US$ equivalent
01/11/85;Global;platinum;1053,551085;1070,193941;530,431662;6,379278903;Synthetic price index / US$ equivalent
01/12/85;Global;platinum;1116,251539;1096,158295;530,8092299;0,07118125;Synthetic price index / US$ equivalent
01/01/86;Global;platinum;1063,47206;984,4981374;526,1519605;-0,877390432;Synthetic price index / US$ equivalent
01/02/86;Global;platinum;1091,82508;1073,42597;504,195234;-4,173077023;Synthetic price index / US$ equivalent
01/03/86;Global;platinum;981,4259385;955,5792645;500,0544127;-0,821273391;Synthetic price index / US$ equivalent
01/04/86;Global;platinum;998,9732725;962,8434648;522,2983868;4,448310731;Synthetic price index / US$ equivalent
01/05/86;Global;platinum;1018,507732;879,3567425;569,7922783;9,093248757;Synthetic price index / US$ equivalent
01/06/86;Global;platinum;1154,288957;1207,453789;552,7245171;-2,99543569;Synthetic price index / US$ equivalent
01/07/86;Global;platinum;1017,483476;966,1537867;551,8956775;-0,149955269;Synthetic price index / US$ equivalent
01/08/86;Global;platinum;1157,324723;1166,92823;579,9108886;5,076178747;Synthetic price index / US$ equivalent
01/09/86;Global;platinum;1100,768936;1166,316817;577,9218255;-0,342994611;Synthetic price index / US$ equivalent
01/10/86;Global;platinum;1117,357473;1172,712227;626,1940625;8,352727794;Synthetic price index / US$ equivalent
01/11/86;Global;platinum;1098,039619;1035,47449;627,2209362;0,163986499;Synthetic price index / US$ equivalent
01/12/86;Global;platinum;1002,685805;944,1003005;627,922168;0,111799811;Synthetic price index / US$ equivalent
01/01/87;Global;platinum;1097,269037;1059,613501;639,6056096;1,860651238;Synthetic price index / US$ equivalent
01/02/87;Global;platinum;1063,530853;1016,916872;668,3750985;4,498004464;Synthetic price index / US$ equivalent
01/03/87;Global;platinum;1021,112303;973,7565237;682,6041211;2,128897781;Synthetic price index / US$ equivalent
01/04/87;Global;platinum;1093,782725;1151,353157;663,8425573;-2,748527773;Synthetic price index / US$ equivalent
01/05/87;Global;platinum;1105,430855;1142,80569;664,1109297;0,040427116;Synthetic price index / US$ equivalent
01/06/87;Global;platinum;1043,144908;998,1235564;689,0146431;3,749932773;Synthetic price index / US$ equivalent
01/07/87;Global;platinum;969,1305658;979,2835351;747,6891404;8,515711225;Synthetic price index / US$ equivalent
01/08/87;Global;platinum;1179,949272;1183,591294;807,4067608;7,986958378;Synthetic price index / US$ equivalent
01/09/87;Global;platinum;1164,764314;1113,848383;792,2448112;-1,877857646;Synthetic price index / US$ equivalent
01/10/87;Global;platinum;1110,552525;1145,608396;803,2366858;1,387434091;Synthetic price index / US$ equivalent
01/11/87;Global;platinum;1048,392332;976,4265268;836,2290784;4,107430995;Synthetic price index / US$ equivalent
01/12/87;Global;platinum;1169,695714;1138,236168;837,2392499;0,120800816;Synthetic price index / US$ equivalent
01/01/88;Global;platinum;1103,70614;1138,605986;781,7309376;-6,629922367;Synthetic price index / US$ equivalent
01/02/88;Global;platinum;981,5241585;965,981033;774,2693021;-0,954501762;Synthetic price index / US$ equivalent
01/03/88;Global;platinum;1037,797234;1047,005265;728,8859907;-5,861437522;Synthetic price index / US$ equivalent
01/04/88;Global;platinum;1144,989287;1061,701004;695,6301488;-4,562557419;Synthetic price index / US$ equivalent
01/05/88;Global;platinum;1120,55916;1113,779855;686,269452;-1,345642781;Synthetic price index / US$ equivalent
01/06/88;Global;platinum;1084,998502;996,8967938;705,4890757;2,800594384;Synthetic price index / US$ equivalent
01/07/88;Global;platinum;1032,821856;976,4892694;688,994443;-2,338042256;Synthetic price index / US$ equivalent
01/08/88;Global;platinum;1045,706132;1069,373916;650,5202512;-5,584107702;Synthetic price index / US$ equivalent
01/09/88;Global;platinum;1177,616656;1208,396265;663,9042361;2,057427856;Synthetic price index / US$ equivalent
01/10/88;Global;platinum;1128,437088;1150,814513;645,2469869;-2,81023198;Synthetic price index / US$ equivalent
01/11/88;Global;platinum;1108,808437;1100,640303;627,9113433;-2,686667886;Synthetic price index / US$ equivalent
01/12/88;Global;platinum;1152,269435;1072,43503;670,1610707;6,728613491;Synthetic price index / US$ equivalent
01/01/89;Global;platinum;1073,405307;1015,623455;677,3656359;1,075049787;Synthetic price index / US$ equivalent
01/02/89;Global;platinum;1103,176241;1079,602402;683,5357348;0,910896361;Synthetic price index / US$ equivalent
01/03/89;Global;platinum;1129,964664;1219,445572;669,5830164;-2,041256608;Synthetic price index / US$ equivalent
01/04/89;Global;platinum;1199,373573;1214,933282;678,8163501;1,378967715;Synthetic price index / US$ equivalent
01/05/89;Global;platinum;1090,170764;1191,373056;662,5496714;-2,396329832;Synthetic price index / US$ equivalent
01/06/89;Global;platinum;1216,416207;1179,310914;656,3918688;-0,929409951;Synthetic price index / US$ equivalent
01/07/89;Global;platinum;1133,555827;1090,940189;668,3843015;1,827023357;Synthetic price index / US$ equivalent
01/08/89;Global;platinum;1182,265127;1150,16607;637,6802926;-4,593765723;Synthetic price index / US$ equivalent
01/09/89;Global;platinum;1205,070019;1151,400439;652,3571513;2,301601418;Synthetic price index / US$ equivalent
01/10/89;Global;platinum;1224,996657;1155,84379;642,4515147;-1,518437643;Synthetic price index / US$ equivalent
01/11/89;Global;platinum;1241,845242;1146,133151;631,5915042;-1,690401567;Synthetic price index / US$ equivalent
01/12/89;Global;platinum;1192,358067;1162,222106;644,3662967;2,022635267;Synthetic price index / US$ equivalent
01/01/90;Global;platinum;1182,118052;1084,606999;691,2888719;7,281972285;Synthetic price index / US$ equivalent
01/02/90;Global;platinum;1026,287656;1027,85721;695,3360132;0,585448644;Synthetic price index / US$ equivalent
01/03/90;Global;platinum;1137,707745;1120,43835;684,5930869;-1,544997835;Synthetic price index / US$ equivalent
01/04/90;Global;platinum;1127,957438;1117,740086;694,514485;1,44924019;Synthetic price index / US$ equivalent
01/05/90;Global;platinum;1134,086363;1105,141122;659,025577;-5,109887382;Synthetic price index / US$ equivalent
01/06/90;Global;platinum;1125,828271;1033,736056;649,419723;-1,457584398;Synthetic price index / US$ equivalent
01/07/90;Global;platinum;1263,982915;1275,820262;640,4799928;-1,376572015;Synthetic price index / US$ equivalent
01/08/90;Global;platinum;1180,105443;1139,549485;630,00102;-1,636112434;Synthetic price index / US$ equivalent
01/09/90;Global;platinum;1295,699175;1274,055325;653,0723287;3,662106557;Synthetic price index / US$ equivalent
01/10/90;Global;platinum;1174,929298;1217,451809;633,5600637;-2,987764774;Synthetic price index / US$ equivalent
01/11/90;Global;platinum;1204,504003;1171,3358;655,3483026;3,439017091;Synthetic price index / US$ equivalent
01/12/90;Global;platinum;1127,117871;1133,044194;645,9658604;-1,431672616;Synthetic price index / US$ equivalent
01/01/91;Global;platinum;1330,046276;1378,50128;623,392389;-3,49453009;Synthetic price index / US$ equivalent
01/02/91;Global;platinum;1114,516129;1049,111548;672,0579041;7,806562268;Synthetic price index / US$ equivalent
01/03/91;Global;platinum;1239,963331;1227,186061;721,3736957;7,338027176;Synthetic price index / US$ equivalent
01/04/91;Global;platinum;1252,548837;1147,374105;729,135227;1,075937662;Synthetic price index / US$ equivalent
01/05/91;Global;platinum;1147,485215;1120,728228;736,7750886;1,047797637;Synthetic price index / US$ equivalent
01/06/91;Global;platinum;1148,741385;1151,897613;693,5992227;-5,860114787;Synthetic price index / US$ equivalent
01/07/91;Global;platinum;1310,501114;1332,106536;668,6680159;-3,594468682;Synthetic price index / US$ equivalent
01/08/91;Global;platinum;1186,251994;1133,693913;676,8765132;1,227589341;Synthetic price index / US$ equivalent
01/09/91;Global;platinum;1244,474164;1197,542771;687,6269254;1,588238328;Synthetic price index / US$ equivalent
01/10/91;Global;platinum;1121,590221;1086,187896;702,659791;2,186195023;Synthetic price index / US$ equivalent
01/11/91;Global;platinum;1123,40391;1067,260692;708,89316;0,887110522;Synthetic price index / US$ equivalent
01/12/91;Global;platinum;1260,699081;1261,828849;674,7662969;-4,814105283;Synthetic price index / US$ equivalent
01/01/92;Global;platinum;1130,186651;1137,593967;655,2664736;-2,889863264;Synthetic price index / US$ equivalent
01/02/92;Global;platinum;1170,493618;1104,688038;651,2387481;-0,614669855;Synthetic price index / US$ equivalent
01/03/92;Global;platinum;1252,309775;1185,599447;698,2918976;7,225176588;Synthetic price index / US$ equivalent
01/04/92;Global;platinum;1262,971941;1240,805609;670,4295521;-3,990071435;Synthetic price index / US$ equivalent
01/05/92;Global;platinum;1042,760768;1080,881812;633,2870398;-5,540106669;Synthetic price index / US$ equivalent
01/06/92;Global;platinum;1165,79198;1161,679108;650,5127528;2,720048254;Synthetic price index / US$ equivalent
01/07/92;Global;platinum;1168,505022;1255,079169;626,2093745;-3,736034113;Synthetic price index / US$ equivalent
01/08/92;Global;platinum;1265,748059;1314,446743;618,203281;-1,278501059;Synthetic price index / US$ equivalent
01/09/92;Global;platinum;1166,422145;1094,347441;596,6228966;-3,490823337;Synthetic price index / US$ equivalent
01/10/92;Global;platinum;1160,127186;1171,117125;600,0890722;0,580965897;Synthetic price index / US$ equivalent
01/11/92;Global;platinum;1163,851011;1088,343458;606,2959009;1,034317916;Synthetic price index / US$ equivalent
01/12/92;Global;platinum;1121,534507;1130,450282;600,9577026;-0,880460901;Synthetic price index / US$ equivalent
01/01/93;Global;platinum;1239,906741;1167,568052;561,6968663;-6,533044856;Synthetic price index / US$ equivalent
01/02/93;Global;platinum;1264,935512;1223,031062;529,8257541;-5,674076906;Synthetic price index / US$ equivalent
01/03/93;Global;platinum;1041,864119;1035,705782;526,5299421;-0,622055844;Synthetic price index / US$ equivalent
01/04/93;Global;platinum;1236,171317;1249,366064;530,9575504;0,840903427;Synthetic price index / US$ equivalent
01/05/93;Global;platinum;1179,334221;1264,227489;523,9330384;-1,322989379;Synthetic price index / US$ equivalent
01/06/93;Global;platinum;1306,713938;1307,0592;527,5980925;0,69952719;Synthetic price index / US$ equivalent
01/07/93;Global;platinum;1182,470344;1086,669138;552,0746279;4,639238796;Synthetic price index / US$ equivalent
01/08/93;Global;platinum;1138,035812;1091,555405;514,3723081;-6,829207106;Synthetic price index / US$ equivalent
01/09/93;Global;platinum;1166,438608;1129,985576;542,7037687;5,507967692;Synthetic price index / US$ equivalent
01/10/93;Global;platinum;1163,649825;1145,477806;516,0452791;-4,912162233;Synthetic price index / US$ equivalent
01/11/93;Global;platinum;1135,808936;1133,377903;508,6821625;-1,426835389;Synthetic price index / US$ equivalent
01/12/93;Global;platinum;1180,344632;1091,61827;523,4419384;2,901571358;Synthetic price index / US$ equivalent
01/01/94;Global;platinum;1168,769373;1121,205964;553,0981285;5,665612153;Synthetic price index / US$ equivalent
01/02/94;Global;platinum;1225,206261;1206,489701;547,6285999;-0,988889366;Synthetic price index / US$ equivalent
01/03/94;Global;platinum;1243,32271;1226,301166;559,190938;2,111346647;Synthetic price index / US$ equivalent
01/04/94;Global;platinum;1228,433107;1297,250151;576,3577181;3,06993175;Synthetic price index / US$ equivalent
01/05/94;Global;platinum;1138,010959;1065,969016;545,0258728;-5,43618041;Synthetic price index / US$ equivalent
01/06/94;Global;platinum;1177,164359;1096,213717;535,411813;-1,763963924;Synthetic price index / US$ equivalent
01/07/94;Global;platinum;1216,98681;1148,082055;544,5784978;1,712081161;Synthetic price index / US$ equivalent
01/08/94;Global;platinum;1169,5892;1175,621608;544,2618478;-0,058145876;Synthetic price index / US$ equivalent
01/09/94;Global;platinum;1384,984458;1355,223176;575,4001359;5,721196179;Synthetic price index / US$ equivalent
01/10/94;Global;platinum;1273,117058;1250,986198;608,2577933;5,710401412;Synthetic price index / US$ equivalent
01/11/94;Global;platinum;1218,943227;1282,842418;545,6229897;-10,29741079;Synthetic price index / US$ equivalent
01/12/94;Global;platinum;1334,303934;1298,146235;532,1875688;-2,462400079;Synthetic price index / US$ equivalent
01/01/95;Global;platinum;1252,67245;1213,565734;472,5086856;-11,21388147;Synthetic price index / US$ equivalent
01/02/95;Global;platinum;1251,931453;1229,40408;482,2701741;2,065885527;Synthetic price index / US$ equivalent
01/03/95;Global;platinum;1086,360153;1049,871148;466,9849075;-3,169440595;Synthetic price index / US$ equivalent
01/04/95;Global;platinum;1180,955308;1196,651381;443,197752;-5,093773932;Synthetic price index / US$ equivalent
01/05/95;Global;platinum;1170,201855;1184,72798;446,329967;0,706730807;Synthetic price index / US$ equivalent
01/06/95;Global;platinum;1289,832483;1298,275123;445,7540258;-0,129039341;Synthetic price index / US$ equivalent
01/07/95;Global;platinum;1353,268995;1257,740064;411,1931648;-7,753348024;Synthetic price index / US$ equivalent
01/08/95;Global;platinum;1201,217413;1241,563163;418,6095955;1,803636662;Synthetic price index / US$ equivalent
01/09/95;Global;platinum;1227,000131;1188,056562;437,5345382;4,520905144;Synthetic price index / US$ equivalent
01/10/95;Global;platinum;1180,74542;1170,973507;431,6147657;-1,352984047;Synthetic price index / US$ equivalent
01/11/95;Global;platinum;1357,197357;1313,647045;428,848179;-0,640985197;Synthetic price index / US$ equivalent
01/12/95;Global;platinum;1321,007543;1228,887635;415,1669698;-3,190222042;Synthetic price index / US$ equivalent
01/01/96;Global;platinum;1285,539053;1258,818475;395,9004887;-4,640658474;Synthetic price index / US$ equivalent
01/02/96;Global;platinum;1436,828613;1492,226849;401,5325817;1,422603206;Synthetic price index / US$ equivalent
01/03/96;Global;platinum;1260,301703;1303,108239;398,0210158;-0,874540721;Synthetic price index / US$ equivalent
01/04/96;Global;platinum;1328,495559;1316,672853;410,2440587;3,070954149;Synthetic price index / US$ equivalent
01/05/96;Global;platinum;1252,262694;1235,394479;414,7385781;1,095572093;Synthetic price index / US$ equivalent
01/06/96;Global;platinum;1308,324447;1380,370697;404,5796102;-2,449487094;Synthetic price index / US$ equivalent
01/07/96;Global;platinum;1247,444734;1185,508655;389,5798052;-3,707503923;Synthetic price index / US$ equivalent
01/08/96;Global;platinum;1307,417217;1307,612615;370,9686803;-4,77723041;Synthetic price index / US$ equivalent
01/09/96;Global;platinum;1184,6649;1136,120779;383,5145733;3,381927815;Synthetic price index / US$ equivalent
01/10/96;Global;platinum;1336,138421;1284,732517;386,7976641;0,856053726;Synthetic price index / US$ equivalent
01/11/96;Global;platinum;1403,194804;1375,395896;388,4651097;0,431089896;Synthetic price index / US$ equivalent
01/12/96;Global;platinum;1363,55195;1359,790859;371,4891261;-4,370015029;Synthetic price index / US$ equivalent
01/01/97;Global;platinum;1428,231115;1506,75488;373,3135051;0,491098896;Synthetic price index / US$ equivalent
01/02/97;Global;platinum;1293,485358;1320,605951;357,811716;-4,152485467;Synthetic price index / US$ equivalent
01/03/97;Global;platinum;1439,539949;1387,435449;354,3551987;-0,966015688;Synthetic price index / US$ equivalent
01/04/97;Global;platinum;1215,755294;1163,626647;363,6021009;2,60950092;Synthetic price index / US$ equivalent
01/05/97;Global;platinum;1329,447347;1280,910767;363,9928457;0,107464942;Synthetic price index / US$ equivalent
01/06/97;Global;platinum;1267,060754;1334,904355;343,7469366;-5,562172261;Synthetic price index / US$ equivalent
01/07/97;Global;platinum;1256,224838;1254,361126;357,7333891;4,06882245;Synthetic price index / US$ equivalent
01/08/97;Global;platinum;1203,175667;1157,598029;341,9040934;-4,424886298;Synthetic price index / US$ equivalent
01/09/97;Global;platinum;1274,034443;1314,451049;346,5350168;1,354451004;Synthetic price index / US$ equivalent
01/10/97;Global;platinum;1286,308164;1327,5455;341,14856;-1,554375891;Synthetic price index / US$ equivalent
01/11/97;Global;platinum;1470,997338;1416,200243;318,1396935;-6,744529875;Synthetic price index / US$ equivalent
01/12/97;Global;platinum;1363,954443;1341,664115;308,4010384;-3,061125452;Synthetic price index / US$ equivalent
01/01/98;Global;platinum;1248,461986;1278,044098;299,1881133;-2,987319717;Synthetic price index / US$ equivalent
01/02/98;Global;platinum;1293,654744;1353,398167;309,0457819;3,294806217;Synthetic price index / US$ equivalent
01/03/98;Global;platinum;1142,477093;1104,341824;317,6953149;2,79878695;Synthetic price index / US$ equivalent
01/04/98;Global;platinum;1311,42044;1306,924326;308,0987378;-3,020685759;Synthetic price index / US$ equivalent
01/05/98;Global;platinum;1349,147548;1341,561171;316,019658;2,570903159;Synthetic price index / US$ equivalent
01/06/98;Global;platinum;1362,337167;1350,486295;313,8384724;-0,690205647;Synthetic price index / US$ equivalent
01/07/98;Global;platinum;1294,685789;1345,452631;323,9275905;3,214748649;Synthetic price index / US$ equivalent
01/08/98;Global;platinum;1366,530374;1375,470285;316,2238008;-2,378244361;Synthetic price index / US$ equivalent
01/09/98;Global;platinum;1344,44505;1364,548427;331,8795213;4,950835571;Synthetic price index / US$ equivalent
01/10/98;Global;platinum;1343,104595;1411,385147;335,4914453;1,088323881;Synthetic price index / US$ equivalent
01/11/98;Global;platinum;1415,34864;1471,165589;334,6242509;-0,258484816;Synthetic price index / US$ equivalent
01/12/98;Global;platinum;1280,205597;1172,608025;318,3704671;-4,857323919;Synthetic price index / US$ equivalent
01/01/99;Global;platinum;1362,661274;1361,80247;327,541254;2,880539452;Synthetic price index / US$ equivalent
01/02/99;Global;platinum;1397,678075;1305,678167;333,450272;1,80405305;Synthetic price index / US$ equivalent
01/03/99;Global;platinum;1352,377627;1304,608338;319,6927754;-4,125801583;Synthetic price index / US$ equivalent
01/04/99;Global;platinum;1387,606025;1357,396842;324,3668164;1,462041476;Synthetic price index / US$ equivalent
01/05/99;Global;platinum;1261,152055;1217,429328;339,7443849;4,740795845;Synthetic price index / US$ equivalent
01/06/99;Global;platinum;1269,432554;1134,47491;335,9713158;-1,110561134;Synthetic price index / US$ equivalent
01/07/99;Global;platinum;1398,740849;1331,408515;334,9826963;-0,294257124;Synthetic price index / US$ equivalent
01/08/99;Global;platinum;1389,255983;1359,759905;338,6623799;1,098469751;Synthetic price index / US$ equivalent
01/09/99;Global;platinum;1336,341583;1376,342757;317,0312409;-6,387228175;Synthetic price index / US$ equivalent
01/10/99;Global;platinum;1445,874269;1381,195968;294,6566807;-7,057525359;Synthetic price index / US$ equivalent
01/11/99;Global;platinum;1397,990785;1324,15897;297,5167284;0,970637302;Synthetic price index / US$ equivalent
01/12/99;Global;platinum;1408,987429;1391,877805;311,6569969;4,752764198;Synthetic price index / US$ equivalent
01/01/00;Global;platinum;1451,910703;1351,950718;320,1782656;2,734181714;Synthetic price index / US$ equivalent
01/02/00;Global;platinum;1348,129824;1266,612595;315,1073818;-1,583768902;Synthetic price index / US$ equivalent
01/03/00;Global;platinum;1570,546614;1693,90865;323,9414082;2,803497144;Synthetic price index / US$ equivalent
01/04/00;Global;platinum;1333,846622;1290,544172;316,0251438;-2,44373339;Synthetic price index / US$ equivalent
01/05/00;Global;platinum;1267,889474;1309,186187;312,658267;-1,06538257;Synthetic price index / US$ equivalent
01/06/00;Global;platinum;1438,477525;1513,614546;302,8103244;-3,149746443;Synthetic price index / US$ equivalent
01/07/00;Global;platinum;1395,823828;1348,987488;314,7701862;3,949621538;Synthetic price index / US$ equivalent
01/08/00;Global;platinum;1365,586078;1410,347141;322,9300173;2,592313831;Synthetic price index / US$ equivalent
01/09/00;Global;platinum;1319,233758;1248,877431;328,5723852;1,747241718;Synthetic price index / US$ equivalent
01/10/00;Global;platinum;1403,84786;1318,829245;322,4707982;-1,856999338;Synthetic price index / US$ equivalent
01/11/00;Global;platinum;1384,75007;1391,330251;305,0532551;-5,401277648;Synthetic price index / US$ equivalent
01/12/00;Global;platinum;1323,649853;1338,757951;305,3845206;0,108592677;Synthetic price index / US$ equivalent
01/01/01;Global;platinum;1431,57697;1449,18774;294,2962966;-3,630905704;Synthetic price index / US$ equivalent
01/02/01;Global;platinum;1511,16372;1566,999123;294,5403506;0,082927988;Synthetic price index / US$ equivalent
01/03/01;Global;platinum;1484,227368;1645,829704;297,5439394;1,019754627;Synthetic price index / US$ equivalent
01/04/01;Global;platinum;1559,64299;1586,810846;295,4991434;-0,687224887;Synthetic price index / US$ equivalent
01/05/01;Global;platinum;1390,085937;1380,558;295,7699426;0,091641263;Synthetic price index / US$ equivalent
01/06/01;Global;platinum;1389,593186;1350,578792;296,2493671;0,162093726;Synthetic price index / US$ equivalent
01/07/01;Global;platinum;1386,443308;1395,265578;311,2065467;5,048847791;Synthetic price index / US$ equivalent
01/08/01;Global;platinum;1346,079971;1372,021191;282,0329339;-9,374357036;Synthetic price index / US$ equivalent
01/09/01;Global;platinum;1482,332556;1446,120199;275,8855274;-2,179676832;Synthetic price index / US$ equivalent
01/10/01;Global;platinum;1371,371887;1347,065101;290,0154493;5,121661172;Synthetic price index / US$ equivalent
01/11/01;Global;platinum;1363,969875;1318,651155;279,0840018;-3,769263877;Synthetic price index / US$ equivalent
01/12/01;Global;platinum;1470,621367;1390,11432;273,0819801;-2,150614737;Synthetic price index / US$ equivalent
01/01/02;Global;platinum;1321,016485;1372,057215;269,2276668;-1,411412528;Synthetic price index / US$ equivalent
01/02/02;Global;platinum;1376,560234;1350,42031;274,8417079;2,085239301;Synthetic price index / US$ equivalent
01/03/02;Global;platinum;1521,876224;1479,944695;281,4508318;2,404701944;Synthetic price index / US$ equivalent
01/04/02;Global;platinum;1490,00001;1506,022701;277,8795738;-1,268874559;Synthetic price index / US$ equivalent
01/05/02;Global;platinum;1303,489159;1263,651479;281,8256433;1,42006461;Synthetic price index / US$ equivalent
01/06/02;Global;platinum;1338,689594;1316,416372;283,3992456;0,558360209;Synthetic price index / US$ equivalent
01/07/02;Global;platinum;1327,702989;1294,223727;270,3465147;-4,605774751;Synthetic price index / US$ equivalent
01/08/02;Global;platinum;1332,064033;1227,471429;269,3159226;-0,381211519;Synthetic price index / US$ equivalent
01/09/02;Global;platinum;1429,608199;1389,33928;253,3662392;-5,922294992;Synthetic price index / US$ equivalent
01/10/02;Global;platinum;1519,199039;1470,627134;248,8504369;-1,782322036;Synthetic price index / US$ equivalent
01/11/02;Global;platinum;1384,749172;1344,292223;234,4297839;-5,794907633;Synthetic price index / US$ equivalent
01/12/02;Global;platinum;1313,939649;1364,330097;236,3610752;0,823825016;Synthetic price index / US$ equivalent
01/01/03;Global;platinum;1372,07149;1328,258807;249,8405749;5,702927083;Synthetic price index / US$ equivalent
01/02/03;Global;platinum;1406,082529;1395,292291;254,5576103;1,888018122;Synthetic price index / US$ equivalent
01/03/03;Global;platinum;1363,315925;1328,258052;257,2132836;1,043250422;Synthetic price index / US$ equivalent
01/04/03;Global;platinum;1344,217105;1208,606233;273,4001846;6,293182365;Synthetic price index / US$ equivalent
01/05/03;Global;platinum;1464,020952;1398,457111;287,6694493;5,219186212;Synthetic price index / US$ equivalent
01/06/03;Global;platinum;1485,665303;1459,511614;272,446715;-5,29174521;Synthetic price index / US$ equivalent
01/07/03;Global;platinum;1423,258225;1465,998538;267,6919698;-1,745201901;Synthetic price index / US$ equivalent
01/08/03;Global;platinum;1718,146571;1778,516962;261,3766169;-2,359186507;Synthetic price index / US$ equivalent
01/09/03;Global;platinum;1240,655007;1275,248765;261,1479557;-0,087483433;Synthetic price index / US$ equivalent
01/10/03;Global;platinum;1307,316764;1202,897794;247,5302444;-5,214557874;Synthetic price index / US$ equivalent
01/11/03;Global;platinum;1382,534452;1392,830356;237,8983389;-3,8912035;Synthetic price index / US$ equivalent
01/12/03;Global;platinum;1487,970676;1438,125321;247,8774499;4,194695539;Synthetic price index / US$ equivalent
01/01/04;Global;platinum;1388,811596;1341,295726;251,0927137;1,297118307;Synthetic price index / US$ equivalent
01/02/04;Global;platinum;1283,46956;1283,076978;243,9810917;-2,832269363;Synthetic price index / US$ equivalent
01/03/04;Global;platinum;1552,386288;1484,886057;221,1577079;-9,354570708;Synthetic price index / US$ equivalent
01/04/04;Global;platinum;1409,111212;1434,276824;217,4333453;-1,684030211;Synthetic price index / US$ equivalent
01/05/04;Global;platinum;1528,617997;1498,625575;236,3745416;8,711265638;Synthetic price index / US$ equivalent
01/06/04;Global;platinum;1537,590004;1524,88389;224,1553971;-5,169399583;Synthetic price index / US$ equivalent
01/07/04;Global;platinum;1452,419455;1475,03554;223,8125292;-0,152959872;Synthetic price index / US$ equivalent
01/08/04;Global;platinum;1464,375205;1553,120812;215,1882911;-3,853331269;Synthetic price index / US$ equivalent
01/09/04;Global;platinum;1423,033407;1499,748686;205,3239119;-4,584068748;Synthetic price index / US$ equivalent
01/10/04;Global;platinum;1443,874292;1399,489816;204,9352119;-0,18931062;Synthetic price index / US$ equivalent
01/11/04;Global;platinum;1460,905303;1395,24721;209,5497833;2,251722082;Synthetic price index / US$ equivalent
01/12/04;Global;platinum;1543,202314;1485,030301;196,2518735;-6,345942986;Synthetic price index / US$ equivalent
01/01/05;Global;platinum;1403,188446;1364,932449;184,2498975;-6,115598193;Synthetic price index / US$ equivalent
01/02/05;Global;platinum;1488,081551;1442,423257;186,2202532;1,06939308;Synthetic price index / US$ equivalent
01/03/05;Global;platinum;1917,430747;1714,342743;177,0656941;-4,915984649;Synthetic price index / US$ equivalent
01/04/05;Global;platinum;1635,239329;1508,620413;176,4612404;-0,341372576;Synthetic price index / US$ equivalent
01/05/05;Global;platinum;1488,8725;1442,530018;175,0359097;-0,807730185;Synthetic price index / US$ equivalent
01/06/05;Global;platinum;1626,24622;1660,439558;179,1869622;2,37154337;Synthetic price index / US$ equivalent
01/07/05;Global;platinum;1588,26057;1565,292831;184,1200479;2,753038329;Synthetic price index / US$ equivalent
01/08/05;Global;platinum;1649,589318;1652,601584;178,2174819;-3,205824747;Synthetic price index / US$ equivalent
01/09/05;Global;platinum;1477,524517;1439,042747;186,9451636;4,89720855;Synthetic price index / US$ equivalent
01/10/05;Global;platinum;1592,023361;1565,426061;190,6906943;2,003545071;Synthetic price index / US$ equivalent
01/11/05;Global;platinum;1589,017477;1536,530206;186,4300323;-2,234331329;Synthetic price index / US$ equivalent
01/12/05;Global;platinum;1582,199233;1526,137096;189,8494324;1,834146607;Synthetic price index / US$ equivalent
01/01/06;Global;platinum;1645,415621;1756,288397;191,9569455;1,110097119;Synthetic price index / US$ equivalent
01/02/06;Global;platinum;1695,141085;1762,406783;201,7551759;5,104389628;Synthetic price index / US$ equivalent
01/03/06;Global;platinum;1689,564891;1744,833786;203,9900816;1,107731505;Synthetic price index / US$ equivalent
01/04/06;Global;platinum;1451,615853;1426,083357;200,8915106;-1,518981212;Synthetic price index / US$ equivalent
01/05/06;Global;platinum;1729,745505;1738,816172;210,7936575;4,929101752;Synthetic price index / US$ equivalent
01/06/06;Global;platinum;1572,063835;1431,561171;215,0528525;2,020551777;Synthetic price index / US$ equivalent
01/07/06;Global;platinum;1685,178482;1685,28135;204,7551929;-4,788432005;Synthetic price index / US$ equivalent
01/08/06;Global;platinum;1813,14104;1759,010925;190,0634061;-7,17529389;Synthetic price index / US$ equivalent
01/09/06;Global;platinum;1544,263678;1627,215064;193,330916;1,719168368;Synthetic price index / US$ equivalent
01/10/06;Global;platinum;1574,764593;1581,23321;189,8693859;-1,790469012;Synthetic price index / US$ equivalent
01/11/06;Global;platinum;1495,978169;1511,412616;187,8563636;-1,060214264;Synthetic price index / US$ equivalent
01/12/06;Global;platinum;1528,152047;1461,882228;192,3788232;2,407402927;Synthetic price index / US$ equivalent
01/01/07;Global;platinum;1629,26503;1613,628674;194,0786525;0,883584423;Synthetic price index / US$ equivalent
01/02/07;Global;platinum;1662,974141;1583,851332;201,3670511;3,755383961;Synthetic price index / US$ equivalent
01/03/07;Global;platinum;1629,743291;1624,479592;188,1031672;-6,586918666;Synthetic price index / US$ equivalent
01/04/07;Global;platinum;1772,702077;1826,809232;188,0801802;-0,01222041;Synthetic price index / US$ equivalent
01/05/07;Global;platinum;1839,108517;1766,370581;205,7038977;9,370321468;Synthetic price index / US$ equivalent
01/06/07;Global;platinum;1937,19849;1860,108353;216,4258977;5,212346543;Synthetic price index / US$ equivalent
01/07/07;Global;platinum;1726,443478;1725,521482;221,2578805;2,232626888;Synthetic price index / US$ equivalent
01/08/07;Global;platinum;1600,518293;1495,687584;205,7085498;-7,027695787;Synthetic price index / US$ equivalent
01/09/07;Global;platinum;1629,385322;1643,54287;203,1716404;-1,233254205;Synthetic price index / US$ equivalent
01/10/07;Global;platinum;1779,320224;1771,029559;199,7565095;-1,680909254;Synthetic price index / US$ equivalent
01/11/07;Global;platinum;1773,010931;1817,947131;219,1988982;9,733043875;Synthetic price index / US$ equivalent
01/12/07;Global;platinum;1688,597251;1674,752854;209,021087;-4,643185412;Synthetic price index / US$ equivalent
01/01/08;Global;platinum;1686,088467;1687,867006;199,8992614;-4,364069511;Synthetic price index / US$ equivalent
01/02/08;Global;platinum;1961,898642;1858,186443;193,915746;-2,993265421;Synthetic price index / US$ equivalent
01/03/08;Global;platinum;1669,074015;1615,256813;182,2939251;-5,993232178;Synthetic price index / US$ equivalent
01/04/08;Global;platinum;1787,525928;1763,558481;193,9207674;6,378074462;Synthetic price index / US$ equivalent
01/05/08;Global;platinum;1596,982938;1578,821168;213,4148669;10,05261055;Synthetic price index / US$ equivalent
01/06/08;Global;platinum;1684,510993;1758,229544;212,734039;-0,319016128;Synthetic price index / US$ equivalent
01/07/08;Global;platinum;1547,919397;1609,485839;209,2816965;-1,622844466;Synthetic price index / US$ equivalent
01/08/08;Global;platinum;1871,818411;1853,512424;208,8975628;-0,183548592;Synthetic price index / US$ equivalent
01/09/08;Global;platinum;1665,601341;1709,405793;213,3982359;2,154488079;Synthetic price index / US$ equivalent
01/10/08;Global;platinum;1640,214379;1672,497288;210,8635766;-1,187760224;Synthetic price index / US$ equivalent
01/11/08;Global;platinum;1593,67435;1575,975154;210,0448496;-0,388273308;Synthetic price index / US$ equivalent
01/12/08;Global;platinum;1663,934364;1700,292935;215,7365591;2,709759139;Synthetic price index / US$ equivalent
01/01/09;Global;platinum;1717,833784;1750,598133;218,8638683;1,449596296;Synthetic price index / US$ equivalent
01/02/09;Global;platinum;1772,815887;1720,183664;227,4715024;3,932871236;Synthetic price index / US$ equivalent
01/03/09;Global;platinum;1663,109433;1659,092238;238,3772857;4,794351483;Synthetic price index / US$ equivalent
01/04/09;Global;platinum;1745,238682;1651,680152;233,1460643;-2,19451339;Synthetic price index / US$ equivalent
01/05/09;Global;platinum;1843,167583;1884,441761;238,6477277;2,359749652;Synthetic price index / US$ equivalent
01/06/09;Global;platinum;1667,051166;1694,102477;241,130025;1,040151217;Synthetic price index / US$ equivalent
01/07/09;Global;platinum;1896,425903;1914,137815;229,5993563;-4,78192984;Synthetic price index / US$ equivalent
01/08/09;Global;platinum;1576,911661;1654,930765;229,5405247;-0,025623619;Synthetic price index / US$ equivalent
01/09/09;Global;platinum;1662,816707;1649,28948;235,2226155;2,475419472;Synthetic price index / US$ equivalent
01/10/09;Global;platinum;1702,73926;1602,405569;238,5064963;1,39607356;Synthetic price index / US$ equivalent
01/11/09;Global;platinum;1729,085421;1735,76516;243,4149923;2,058013542;Synthetic price index / US$ equivalent
01/12/09;Global;platinum;1723,425183;1861,602817;246,0923866;1,09992992;Synthetic price index / US$ equivalent
01/01/10;Global;platinum;1839,798382;1793,366653;247,803746;0,695413386;Synthetic price index / US$ equivalent
01/02/10;Global;platinum;1643,468982;1590,911205;270,8931724;9,317626041;Synthetic price index / US$ equivalent
01/03/10;Global;platinum;1694,224454;1665,407906;251,9141837;-7,006078645;Synthetic price index / US$ equivalent
01/04/10;Global;platinum;2028,29902;1968,646005;240,7945136;-4,414070666;Synthetic price index / US$ equivalent
01/05/10;Global;platinum;1676,793654;1549,34444;229,4712521;-4,70245823;Synthetic price index / US$ equivalent
01/06/10;Global;platinum;1613,304242;1638,400095;232,0588744;1,127645504;Synthetic price index / US$ equivalent
01/07/10;Global;platinum;1621,607322;1659,62853;221,7947266;-4,423079185;Synthetic price index / US$ equivalent
01/08/10;Global;platinum;1604,488204;1580,469886;211,2618936;-4,748910498;Synthetic price index / US$ equivalent
01/09/10;Global;platinum;1614,615015;1723,807432;197,5553594;-6,487934941;Synthetic price index / US$ equivalent
01/10/10;Global;platinum;1712,36802;1697,373949;200,8917569;1,688841841;Synthetic price index / US$ equivalent
01/11/10;Global;platinum;1664,239024;1568,092128;206,7417523;2,912013655;Synthetic price index / US$ equivalent
01/12/10;Global;platinum;1544,115216;1533,535631;204,6457607;-1,013821182;Synthetic price index / US$ equivalent
01/01/11;Global;platinum;1891,635213;1795,321704;190,0646166;-7,125065307;Synthetic price index / US$ equivalent
01/02/11;Global;platinum;1754,206308;1788,013678;194,3859139;2,273593816;Synthetic price index / US$ equivalent
01/03/11;Global;platinum;1876,660177;1774,642372;192,8857851;-0,771727105;Synthetic price index / US$ equivalent
01/04/11;Global;platinum;1731,105942;1686,309818;206,092163;6,846734643;Synthetic price index / US$ equivalent
01/05/11;Global;platinum;1800,550914;1678,647692;202,7699541;-1,61200157;Synthetic price index / US$ equivalent
01/06/11;Global;platinum;1973,389264;1840,225084;196,5169751;-3,083779867;Synthetic price index / US$ equivalent
01/07/11;Global;platinum;1610,088765;1588,610051;188,1662884;-4,249346239;Synthetic price index / US$ equivalent
01/08/11;Global;platinum;1603,454449;1594,611383;189,6893935;0,809446336;Synthetic price index / US$ equivalent
01/09/11;Global;platinum;1729,60366;1681,381919;179,2225899;-5,51786445;Synthetic price index / US$ equivalent
01/10/11;Global;platinum;1845,553341;1759,450746;185,0829256;3,269864435;Synthetic price index / US$ equivalent
01/11/11;Global;platinum;1728,964559;1801,785784;181,3403408;-2,022112413;Synthetic price index / US$ equivalent
01/12/11;Global;platinum;1688,864487;1612,159382;173,5260182;-4,309202552;Synthetic price index / US$ equivalent
01/01/12;Global;platinum;1689,092396;1621,464768;175,4715783;1,121192118;Synthetic price index / US$ equivalent
01/02/12;Global;platinum;1631,329559;1575,044039;171,8828067;-2,045215301;Synthetic price index / US$ equivalent
01/03/12;Global;platinum;1801,848384;1931,466463;177,2364698;3,114717083;Synthetic price index / US$ equivalent
01/04/12;Global;platinum;1749,293379;1727,280986;180,7567493;1,986204914;Synthetic price index / US$ equivalent
01/05/12;Global;platinum;1786,103235;1666,489943;176,6201938;-2,288465347;Synthetic price index / US$ equivalent
01/06/12;Global;platinum;1601,858507;1611,399889;173,8510242;-1,567866891;Synthetic price index / US$ equivalent
01/07/12;Global;platinum;1594,890514;1554,509691;177,5007552;2,099343963;Synthetic price index / US$ equivalent
01/08/12;Global;platinum;1721,805378;1762,508492;187,1150679;5,41649114;Synthetic price index / US$ equivalent
01/09/12;Global;platinum;1879,818499;1803,19666;182,8540294;-2,277228944;Synthetic price index / US$ equivalent
01/10/12;Global;platinum;1591,79849;1544,742038;177,6231005;-2,860712961;Synthetic price index / US$ equivalent
01/11/12;Global;platinum;1645,541504;1664,990235;181,738969;2,31719216;Synthetic price index / US$ equivalent
01/12/12;Global;platinum;1779,065372;1783,786643;178,7329842;-1,654012261;Synthetic price index / US$ equivalent
01/01/13;Global;platinum;1819,121271;1818,862138;176,6701024;-1,154169633;Synthetic price index / US$ equivalent
01/02/13;Global;platinum;1832,079879;1801,195087;169,823859;-3,875156745;Synthetic price index / US$ equivalent
01/03/13;Global;platinum;1767,613158;1705,373064;177,716263;4,647405904;Synthetic price index / US$ equivalent
01/04/13;Global;platinum;1634,997611;1603,988199;171,1772398;-3,679473767;Synthetic price index / US$ equivalent
01/05/13;Global;platinum;1876,855282;1848,639182;180,4908734;5,440929928;Synthetic price index / US$ equivalent
01/06/13;Global;platinum;1821,734719;1744,646192;179,9621447;-0,292939301;Synthetic price index / US$ equivalent
01/07/13;Global;platinum;1787,020621;1829,798153;173,7981075;-3,425185487;Synthetic price index / US$ equivalent
01/08/13;Global;platinum;1921,755772;1836,966564;166,1502135;-4,400447219;Synthetic price index / US$ equivalent
01/09/13;Global;platinum;1717,476005;1735,470242;177,0595101;6,565923923;Synthetic price index / US$ equivalent
01/10/13;Global;platinum;1787,677764;1697,85674;173,4400892;-2,044183274;Synthetic price index / US$ equivalent
01/11/13;Global;platinum;1931,473394;2001,571823;171,6939741;-1,006754044;Synthetic price index / US$ equivalent
01/12/13;Global;platinum;1731,095384;1715,034623;168,422986;-1,905126886;Synthetic price index / US$ equivalent
01/01/14;Global;platinum;1886,781384;1780,562361;164,3643705;-2,409775301;Synthetic price index / US$ equivalent
01/02/14;Global;platinum;1675,583096;1700,767126;165,9843929;0,985628702;Synthetic price index / US$ equivalent
01/03/14;Global;platinum;1589,001472;1625,666093;165,3582221;-0,377246815;Synthetic price index / US$ equivalent
01/04/14;Global;platinum;1772,366072;1829,870311;167,6263198;1,371626818;Synthetic price index / US$ equivalent
01/05/14;Global;platinum;1979,909094;1930,382704;164,2978277;-1,985661997;Synthetic price index / US$ equivalent
01/06/14;Global;platinum;1722,472494;1692,048106;158,7501943;-3,376571365;Synthetic price index / US$ equivalent
01/07/14;Global;platinum;1969,378182;1874,701855;159,2388551;0,307817484;Synthetic price index / US$ equivalent
01/08/14;Global;platinum;1758,263978;1797,88647;158,1730103;-0,669337121;Synthetic price index / US$ equivalent
01/09/14;Global;platinum;1720,732832;1794,51499;157,359729;-0,514172036;Synthetic price index / US$ equivalent
01/10/14;Global;platinum;1766,699653;1846,919982;158,5112681;0,731787716;Synthetic price index / US$ equivalent
01/11/14;Global;platinum;1694,609104;1730,120766;162,1519481;2,296795671;Synthetic price index / US$ equivalent
01/12/14;Global;platinum;1774,283122;1770,535377;158,5394936;-2,22782056;Synthetic price index / US$ equivalent
01/01/15;Global;platinum;1843,403994;1832,27965;162,4281491;2,452799226;Synthetic price index / US$ equivalent
01/02/15;Global;platinum;1788,889089;1815,075048;163,4456314;0,626419901;Synthetic price index / US$ equivalent
01/03/15;Global;platinum;1745,154941;1720,85636;169,0381137;3,421616315;Synthetic price index / US$ equivalent
01/04/15;Global;platinum;1866,252853;1739,30843;157,400103;-6,884844201;Synthetic price index / US$ equivalent
01/05/15;Global;platinum;1844,391842;1816,919545;151,1152433;-3,992919659;Synthetic price index / US$ equivalent
01/06/15;Global;platinum;1869,135935;1920,862888;153,8462105;1,807208249;Synthetic price index / US$ equivalent
01/07/15;Global;platinum;1695,835903;1663,962836;137,4166865;-10,67918667;Synthetic price index / US$ equivalent
01/08/15;Global;platinum;1784,251709;1679,804678;141,2675559;2,802330316;Synthetic price index / US$ equivalent
01/09/15;Global;platinum;1796,133627;1763,797965;135,7744756;-3,888423134;Synthetic price index / US$ equivalent
01/10/15;Global;platinum;2031,924283;2086,481252;139,1577564;2,491838594;Synthetic price index / US$ equivalent
01/11/15;Global;platinum;1774,581251;1865,395653;144,0412933;3,509353001;Synthetic price index / US$ equivalent
01/12/15;Global;platinum;1637,356291;1576,659868;143,8101011;-0,160504109;Synthetic price index / US$ equivalent
01/01/16;Global;platinum;1670,040128;1659,562453;145,298773;1,035165063;Synthetic price index / US$ equivalent
01/02/16;Global;platinum;1664,267753;1686,062106;151,4876989;4,259448136;Synthetic price index / US$ equivalent
01/03/16;Global;platinum;1599,952712;1553,302474;143,6895771;-5,147693071;Synthetic price index / US$ equivalent
01/04/16;Global;platinum;1724,884804;1709,949491;144,822394;0,788377889;Synthetic price index / US$ equivalent
01/05/16;Global;platinum;1713,431315;1730,324164;151,1460577;4,366495799;Synthetic price index / US$ equivalent
01/06/16;Global;platinum;1651,779214;1680,572956;154,5279774;2,237517608;Synthetic price index / US$ equivalent
01/07/16;Global;platinum;1620,885426;1504,594288;155,6217399;0,70780877;Synthetic price index / US$ equivalent
01/08/16;Global;platinum;1654,569949;1584,279021;175,9620384;13,07034511;Synthetic price index / US$ equivalent
01/09/16;Global;platinum;1976,748012;1984,331118;178,1914554;1,266987464;Synthetic price index / US$ equivalent
01/10/16;Global;platinum;1722,187205;1802,862145;189,7917623;6,510024211;Synthetic price index / US$ equivalent
01/11/16;Global;platinum;1813,121517;1750,839794;184,5512979;-2,761165327;Synthetic price index / US$ equivalent
01/12/16;Global;platinum;1720,436061;1710,816483;193,012302;4,584635341;Synthetic price index / US$ equivalent
01/01/17;Global;platinum;1834,84636;1987,602137;198,1092769;2,640751351;Synthetic price index / US$ equivalent
01/02/17;Global;platinum;1683,144065;1683,807099;197,8205497;-0,145741404;Synthetic price index / US$ equivalent
01/03/17;Global;platinum;1906,135094;1951,606475;196,5481407;-0,643213765;Synthetic price index / US$ equivalent
01/04/17;Global;platinum;1688,848229;1683,401418;193,8593519;-1,368005205;Synthetic price index / US$ equivalent
01/05/17;Global;platinum;1825,479238;1761,130272;199,9824337;3,158517651;Synthetic price index / US$ equivalent
01/06/17;Global;platinum;1869,007577;1784,033244;198,5131782;-0,734692312;Synthetic price index / US$ equivalent
01/07/17;Global;platinum;1691,281658;1503,904625;190,205783;-4,184807906;Synthetic price index / US$ equivalent
01/08/17;Global;platinum;1806,767868;1779,707068;194,0116532;2,000922428;Synthetic price index / US$ equivalent
01/09/17;Global;platinum;1642,072158;1513,436126;189,5489819;-2,300207836;Synthetic price index / US$ equivalent
01/10/17;Global;platinum;1845,216805;1844,958274;199,0911293;5,034132739;Synthetic price index / US$ equivalent
01/11/17;Global;platinum;1883,095525;1863,597484;200,7101799;0,813220856;Synthetic price index / US$ equivalent
01/12/17;Global;platinum;1703,129661;1709,97751;195,2373504;-2,726732375;Synthetic price index / US$ equivalent
01/01/18;Global;platinum;1541,176451;1519,107636;207,3617045;6,210058716;Synthetic price index / US$ equivalent
01/02/18;Global;platinum;1632,05657;1625,349461;223,2548325;7,664447038;Synthetic price index / US$ equivalent
01/03/18;Global;platinum;1848,151952;1907,195022;216,3277788;-3,102756455;Synthetic price index / US$ equivalent
01/04/18;Global;platinum;1841,874209;1861,265922;232,6987297;7,567660057;Synthetic price index / US$ equivalent
01/05/18;Global;platinum;1775,901954;1778,682114;243,7180129;4,735429028;Synthetic price index / US$ equivalent
01/06/18;Global;platinum;1852,597235;1890,234482;233,3114304;-4,269927535;Synthetic price index / US$ equivalent
01/07/18;Global;platinum;1892,431628;1851,998235;254,4165732;9,045910355;Synthetic price index / US$ equivalent
01/08/18;Global;platinum;1784,037503;1770,354373;259,8888343;2,150905891;Synthetic price index / US$ equivalent
01/09/18;Global;platinum;1946,783045;1934,732646;253,490599;-2,46191235;Synthetic price index / US$ equivalent
01/10/18;Global;platinum;1848,88606;1848,354842;259,7898438;2,485001385;Synthetic price index / US$ equivalent
01/11/18;Global;platinum;1874,955246;1776,541337;279,2416398;7,487512088;Synthetic price index / US$ equivalent
01/12/18;Global;platinum;1704,380886;1637,253307;276,4415052;-1,002763972;Synthetic price index / US$ equivalent
01/01/19;Global;platinum;1899,613892;1793,390168;283,1403917;2,423256409;Synthetic price index / US$ equivalent
01/02/19;Global;platinum;1885,909403;1979,241742;283,4861478;0,122114711;Synthetic price index / US$ equivalent
01/03/19;Global;platinum;1610,536088;1555,209807;312,5564085;10,25456124;Synthetic price index / US$ equivalent
01/04/19;Global;platinum;1671,461873;1656,138022;329,419811;5,395314919;Synthetic price index / US$ equivalent
01/05/19;Global;platinum;1868,329239;1937,422656;305,6438756;-7,217518372;Synthetic price index / US$ equivalent
01/06/19;Global;platinum;1807,112918;1781,496853;314,0585279;2,753090436;Synthetic price index / US$ equivalent
01/07/19;Global;platinum;1818,72294;1853,941831;324,5857507;3,351993928;Synthetic price index / US$ equivalent
01/08/19;Global;platinum;1888,578142;1771,166708;341,2094152;5,121501613;Synthetic price index / US$ equivalent
01/09/19;Global;platinum;1869,215078;1837,633247;333,886352;-2,146207819;Synthetic price index / US$ equivalent
01/10/19;Global;platinum;1773,399074;1655,565602;318,7384929;-4,53683089;Synthetic price index / US$ equivalent
01/11/19;Global;platinum;1866,105531;1817,345613;324,9859384;1,960053678;Synthetic price index / US$ equivalent
01/12/19;Global;platinum;1690,255638;1688,337635;324,2809621;-0,216925181;Synthetic price index / US$ equivalent
01/01/20;Global;platinum;1766,451847;1751,718974;332,494302;2,532785096;Synthetic price index / US$ equivalent
01/02/20;Global;platinum;1634,585626;1609,921385;323,0573641;-2,83822545;Synthetic price index / US$ equivalent
01/03/20;Global;platinum;1721,049557;1638,344173;311,7035243;-3,514496496;Synthetic price index / US$ equivalent
01/04/20;Global;platinum;1905,947481;1960,978153;311,3401076;-0,116590504;Synthetic price index / US$ equivalent
01/05/20;Global;platinum;1692,119707;1665,50847;327,8157082;5,291833662;Synthetic price index / US$ equivalent
01/06/20;Global;platinum;1697,749865;1729,757826;314,5248603;-4,054365782;Synthetic price index / US$ equivalent
01/07/20;Global;platinum;1832,559665;1716,704362;310,6405253;-1,234985054;Synthetic price index / US$ equivalent
01/08/20;Global;platinum;1843,092551;1729,392754;317,4764759;2,200598463;Synthetic price index / US$ equivalent
01/09/20;Global;platinum;2103,6441;2078,197578;331,8075252;4,514050762;Synthetic price index / US$ equivalent
01/10/20;Global;platinum;1930,137698;2079,93327;321,8427671;-3,003174243;Synthetic price index / US$ equivalent
01/11/20;Global;platinum;2012,779638;1791,781314;327,1103145;1,636683487;Synthetic price index / US$ equivalent
01/12/20;Global;platinum;1826,082024;1701,104378;334,4129487;2,23246834;Synthetic price index / US$ equivalent
01/01/21;Global;platinum;2094,544099;1909,882222;343,867088;2,827085286;Synthetic price index / US$ equivalent
01/02/21;Global;platinum;2021,846784;2075,170146;332,5358226;-3,295245673;Synthetic price index / US$ equivalent
01/03/21;Global;platinum;1835,559092;1753,891453;311,0318887;-6,466651857;Synthetic price index / US$ equivalent
01/04/21;Global;platinum;1990,175263;1978,550742;325,8122521;4,75204117;Synthetic price index / US$ equivalent
01/05/21;Global;platinum;1680,706377;1756,875214;334,6999591;2,727861494;Synthetic price index / US$ equivalent
01/06/21;Global;platinum;1969,08339;2004,465974;302,2408301;-9,697978182;Synthetic price index / US$ equivalent
01/07/21;Global;platinum;1738,859583;1824,217546;298,6318544;-1,194072832;Synthetic price index / US$ equivalent
01/08/21;Global;platinum;1754,24154;1597,55831;301,3563166;0,91231467;Synthetic price index / US$ equivalent
01/09/21;Global;platinum;1757,44224;1829,971833;293,2279058;-2,697275734;Synthetic price index / US$ equivalent
01/10/21;Global;platinum;1978,460083;1923,102649;302,3043916;3,095369011;Synthetic price index / US$ equivalent
01/11/21;Global;platinum;1842,336314;1787,9217;294,6038321;-2,547286662;Synthetic price index / US$ equivalent
01/12/21;Global;platinum;1810,18099;1879,994455;280,4459062;-4,805750761;Synthetic price index / US$ equivalent
01/01/22;Global;platinum;2102,249637;2297,714035;291,4445062;3,921825837;Synthetic price index / US$ equivalent
01/02/22;Global;platinum;1860,293311;1847,716407;278,3454385;-4,494532396;Synthetic price index / US$ equivalent
01/03/22;Global;platinum;2101,063208;1969,776309;272,5306029;-2,089071608;Synthetic price index / US$ equivalent
01/04/22;Global;platinum;1747,679376;1778,708216;272,4145934;-0,042567519;Synthetic price index / US$ equivalent
01/05/22;Global;platinum;1930,801185;1906,312838;273,141216;0,266734077;Synthetic price index / US$ equivalent
01/06/22;Global;platinum;1896,859319;1922,333456;286,4450392;4,870675828;Synthetic price index / US$ equivalent
01/07/22;Global;platinum;1885,928972;1862,410065;301,5787184;5,283275039;Synthetic price index / US$ equivalent
01/08/22;Global;platinum;1850,879092;1934,99456;297,2784889;-1,425906153;Synthetic price index / US$ equivalent
01/09/22;Global;platinum;2042,852432;1912,206866;298,1074234;0,278841053;Synthetic price index / US$ equivalent
01/10/22;Global;platinum;1789,052645;1776,498238;325,1530847;9,072454835;Synthetic price index / US$ equivalent
01/11/22;Global;platinum;1937,984346;1854,482034;326,1302303;0,300518616;Synthetic price index / US$ equivalent
01/12/22;Global;platinum;1776,903333;1818,942293;335,8490832;2,980052759;Synthetic price index / US$ equivalent
01/01/23;Global;platinum;1885,569091;1846,269413;358,6410827;6,786381346;Synthetic price index / US$ equivalent
01/02/23;Global;platinum;1892,950446;1824,524047;350,2038955;-2,35254344;Synthetic price index / US$ equivalent
01/03/23;Global;platinum;1921,183428;1894,726013;351,9420788;0,496334666;Synthetic price index / US$ equivalent
01/04/23;Global;platinum;2065,457221;2177,248439;345,4678295;-1,839578059;Synthetic price index / US$ equivalent
01/05/23;Global;platinum;1699,503384;1707,973784;331,4598057;-4,054798351;Synthetic price index / US$ equivalent
01/06/23;Global;platinum;1876,894391;1769,732362;322,2001951;-2,79358476;Synthetic price index / US$ equivalent
01/07/23;Global;platinum;2136,556829;2137,871549;334,7480732;3,894435309;Synthetic price index / US$ equivalent
01/08/23;Global;platinum;1853,754826;1755,717461;355,2919252;6,137108347;Synthetic price index / US$ equivalent
01/09/23;Global;platinum;1913,805311;1885,274094;377,4623722;6,240064979;Synthetic price index / US$ equivalent
01/10/23;Global;platinum;1752,962244;1788,689578;384,1501267;1,771767215;Synthetic price index / US$ equivalent
01/11/23;Global;platinum;1882,494236;1826,109922;409,3379008;6,556752773;Synthetic price index / US$ equivalent
01/12/23;Global;platinum;2034,759712;1928,68582;410,6235632;0,314083386;Synthetic price index / US$ equivalent
01/01/24;Global;platinum;2027,539982;1843,959601;411,4176724;0,193391063;Synthetic price index / US$ equivalent
01/02/24;Global;platinum;2054,886852;1970,616007;447,1114709;8,675805844;Synthetic price index / US$ equivalent
01/03/24;Global;platinum;1821,729056;1785,300701;429,0956539;-4,029379289;Synthetic price index / US$ equivalent
01/04/24;Global;platinum;1882,970294;1876,018281;440,9843824;2,770647605;Synthetic price index / US$ equivalent
01/05/24;Global;platinum;1937,261394;1931,396573;435,8844627;-1,156485319;Synthetic price index / US$ equivalent
01/06/24;Global;platinum;2046,102597;1998,436653;474,1952375;8,789204038;Synthetic price index / US$ equivalent
01/07/24;Global;platinum;2084,214351;1959,239971;466,0286644;-1,722196364;Synthetic price index / US$ equivalent
01/08/24;Global;platinum;1920,093154;1913,192167;465,2260085;-0,172233152;Synthetic price index / US$ equivalent
01/09/24;Global;platinum;1985,427675;1945,97402;465,0259589;-0,043000518;Synthetic price index / US$ equivalent
01/10/24;Global;platinum;1658,901416;1649,316847;442,6533544;-4,811044215;Synthetic price index / US$ equivalent
01/11/24;Global;platinum;1978,135568;1915,499369;434,7067898;-1,795211665;Synthetic price index / US$ equivalent
01/12/24;Global;platinum;1829,495609;2001,193468;444,9451547;2,355234643;Synthetic price index / US$ equivalent
01/01/25;Global;platinum;1798,269889;1765,746391;432,3368531;-2,833675432;Synthetic price index / US$ equivalent
01/02/25;Global;platinum;1837,627743;1866,229645;382,7495514;-11,46959862;Synthetic price index / US$ equivalent
01/03/25;Global;platinum;1849,035319;2016,328364;382,537808;-0,055321648;Synthetic price index / US$ equivalent
01/04/25;Global;platinum;1743,786187;1715,232038;389,9521966;1,938210652;Synthetic price index / US$ equivalent
01/05/25;Global;platinum;1779,44664;1621,347969;372,5613762;-4,459731361;Synthetic price index / US$ equivalent
01/06/25;Global;platinum;1662,490041;1705,36824;360,4113011;-3,261227775;Synthetic price index / US$ equivalent
01/07/25;Global;platinum;1756,59024;1755,604173;347,4316349;-3,601348277;Synthetic price index / US$ equivalent
01/08/25;Global;platinum;1808,239394;1811,582729;338,6363768;-2,531507569;Synthetic price index / US$ equivalent
01/09/25;Global;platinum;1951,826482;2011,309818;343,1240742;1,325226031;Synthetic price index / US$ equivalent
01/10/25;Global;platinum;1978,909585;1945,455891;324,0931104;-5,546379638;Synthetic price index / US$ equivalent
01/11/25;Global;platinum;1653,83592;1631,96552;300,6387548;-7,236918925;Synthetic price index / US$ equivalent
01/12/25;Global;platinum;1927,6539;1966,581911;299,8916612;-0,248502088;Synthetic price index / US$ equivalent
01/01/26;Global;platinum;1847,484276;1852,715954;317,4751719;5,863287643;Synthetic price index / US$ equivalent
01/02/26;Global;platinum;1857,917649;1660,737917;305,6422633;-3,727191804;Synthetic price index / US$ equivalent
01/03/26;Global;platinum;1852,279331;1935,6771;327,5230341;7,158948045;Synthetic price index / US$ equivalent
01/04/26;Global;platinum;1681,550225;1816,721192;337,0886086;2,920580686;Synthetic price index / US$ equivalent
01/05/26;Global;platinum;1646,714061;1741,214694;358,5322839;6,361435771;Synthetic price index / US$ equivalent
01/06/26;Global;platinum;2065,549563;1939,823613;367,6665106;2,547672013;Synthetic price index / US$ equivalent
01/07/26;Global;platinum;1846,375168;1831,910277;367,4871588;-0,048781113;Synthetic price index / US$ equivalent
01/08/26;Global;platinum;2050,499333;2010,193461;380,5334272;3,550129075;Synthetic price index / US$ equivalent
01/09/26;Global;platinum;1833,964466;1750,596825;397,3490976;4,418973244;Synthetic price index / US$ equivalent
01/01/80;Global;coal;998,0775221;957,8036729;50,7987514;;Synthetic price index / US$ equivalent
01/02/80;Global;coal;1018,581854;1077,091231;51,40594082;1,195284138;Synthetic price index / US$ equivalent
01/03/80;Global;coal;1030,737651;1037,15534;51,16637271;-0,466031942;Synthetic price index / US$ equivalent
01/04/80;Global;coal;965,1703385;953,6177978;56,7036537;10,8221097;Synthetic price index / US$ equivalent
01/05/80;Global;coal;974,5663873;1001,449832;58,91878549;3,906506287;Synthetic price index / US$ equivalent
01/06/80;Global;coal;1049,460278;1051,509748;61,24852294;3,954150491;Synthetic price index / US$ equivalent
01/07/80;Global;coal;1030,613156;990,4715997;61,01831738;-0,375854866;Synthetic price index / US$ equivalent
01/08/80;Global;coal;1019,982061;1021,336443;62,50992627;2,444526408;Synthetic price index / US$ equivalent
01/09/80;Global;coal;1007,617548;975,4842829;64,52016024;3,215863609;Synthetic price index / US$ equivalent
01/10/80;Global;coal;998,9201947;999,1249089;63,70402711;-1,264927306;Synthetic price index / US$ equivalent
01/11/80;Global;coal;989,9877592;978,0147538;66,81311026;4,880512715;Synthetic price index / US$ equivalent
01/12/80;Global;coal;1050,020591;978,822779;63,05261223;-5,628383421;Synthetic price index / US$ equivalent
01/01/81;Global;coal;964,8427364;959,0289771;66,19669304;4,986440205;Synthetic price index / US$ equivalent
01/02/81;Global;coal;950,4023188;908,8380781;67,12933271;1,408891632;Synthetic price index / US$ equivalent
01/03/81;Global;coal;1003,466012;1006,333722;66,38538899;-1,108224508;Synthetic price index / US$ equivalent
01/04/81;Global;coal;1121,571518;1048,045579;64,11766211;-3,416002998;Synthetic price index / US$ equivalent
01/05/81;Global;coal;921,3949769;923,7132787;68,53251348;6,885546387;Synthetic price index / US$ equivalent
01/06/81;Global;coal;1091,068482;1089,190358;65,65035149;-4,205539598;Synthetic price index / US$ equivalent
01/07/81;Global;coal;1123,159624;1061,079026;64,32982225;-2,011457983;Synthetic price index / US$ equivalent
01/08/81;Global;coal;926,1604319;924,1229109;62,62737199;-2,646440181;Synthetic price index / US$ equivalent
01/09/81;Global;coal;1024,783661;1046,145413;61,3002915;-2,119010345;Synthetic price index / US$ equivalent
01/10/81;Global;coal;1064,45449;1024,848602;58,51608433;-4,541915055;Synthetic price index / US$ equivalent
01/11/81;Global;coal;977,0256329;975,0251442;54,49243679;-6,876139408;Synthetic price index / US$ equivalent
01/12/81;Global;coal;1101,266337;1099,835644;54,63232246;0,256706563;Synthetic price index / US$ equivalent
01/01/82;Global;coal;1104,7506;1110,219172;55,96034536;2,430837362;Synthetic price index / US$ equivalent
01/02/82;Global;coal;1069,076728;1006,997912;50,7086764;-9,384625711;Synthetic price index / US$ equivalent
01/03/82;Global;coal;994,7400321;953,1043692;48,26545335;-4,818155838;Synthetic price index / US$ equivalent
01/04/82;Global;coal;1006,065373;962,7063933;48,40011676;0,279005792;Synthetic price index / US$ equivalent
01/05/82;Global;coal;1108,817597;1070,291727;44,92946386;-7,170753153;Synthetic price index / US$ equivalent
01/06/82;Global;coal;910,1811971;867,7961208;38,91935819;-13,37675804;Synthetic price index / US$ equivalent
01/07/82;Global;coal;1017,891091;958,8429592;36,73773626;-5,605493084;Synthetic price index / US$ equivalent
01/08/82;Global;coal;1006,798371;977,9107413;38,5880029;5,036419855;Synthetic price index / US$ equivalent
01/09/82;Global;coal;1020,603138;1005,905047;35,8054605;-7,210900256;Synthetic price index / US$ equivalent
01/10/82;Global;coal;1022,86838;1056,31158;31,34860844;-12,44740886;Synthetic price index / US$ equivalent
01/11/82;Global;coal;1069,932208;1026,694875;30,79500034;-1,765973453;Synthetic price index / US$ equivalent
01/12/82;Global;coal;1020,114205;983,7391423;28,90597277;-6,134202146;Synthetic price index / US$ equivalent
01/01/83;Global;coal;992,3657853;1024,050003;30,75885161;6,410020717;Synthetic price index / US$ equivalent
01/02/83;Global;coal;1150,351926;1132,830514;32,36563978;5,223823681;Synthetic price index / US$ equivalent
01/03/83;Global;coal;1041,694376;992,7788393;34,08475969;5,311558555;Synthetic price index / US$ equivalent
01/04/83;Global;coal;977,5521567;925,3752748;33,8333181;-0,737695055;Synthetic price index / US$ equivalent
01/05/83;Global;coal;1027,921565;1025,487319;32,33282194;-4,434966043;Synthetic price index / US$ equivalent
01/06/83;Global;coal;991,9022903;973,9215993;30,32503352;-6,209753099;Synthetic price index / US$ equivalent
01/07/83;Global;coal;1119,548033;1111,945651;30,0178317;-1,013030436;Synthetic price index / US$ equivalent
01/08/83;Global;coal;896,7790342;958,7300446;29,39154361;-2,086386855;Synthetic price index / US$ equivalent
01/09/83;Global;coal;1085,356881;1075,68659;28,55111999;-2,859406182;Synthetic price index / US$ equivalent
01/10/83;Global;coal;1159,296053;1239,001085;28,91592606;1,277729453;Synthetic price index / US$ equivalent
01/11/83;Global;coal;988,898407;932,3676868;28,46521265;-1,558703022;Synthetic price index / US$ equivalent
01/12/83;Global;coal;1065,784558;1138,606194;29,08148673;2,165007816;Synthetic price index / US$ equivalent
01/01/84;Global;coal;1180,805322;1208,505213;27,62405748;-5,01153626;Synthetic price index / US$ equivalent
01/02/84;Global;coal;1099,489904;1087,842652;28,732738;4,01346011;Synthetic price index / US$ equivalent
01/03/84;Global;coal;1087,13679;1080,468805;28,41940908;-1,090494478;Synthetic price index / US$ equivalent
01/04/84;Global;coal;1004,232043;987,643777;27,02118878;-4,919948539;Synthetic price index / US$ equivalent
01/05/84;Global;coal;1073,297155;1071,652582;26,62338711;-1,472184182;Synthetic price index / US$ equivalent
01/06/84;Global;coal;1156,433118;1087,695297;27,31761971;2,607604333;Synthetic price index / US$ equivalent
01/07/84;Global;coal;1029,462586;990,3549179;28,57269036;4,594363142;Synthetic price index / US$ equivalent
01/08/84;Global;coal;981,4726665;930,7359276;30,09819176;5,339019129;Synthetic price index / US$ equivalent
01/09/84;Global;coal;1022,083839;1024,178012;30,55732828;1,525462134;Synthetic price index / US$ equivalent
01/10/84;Global;coal;989,1337604;1000,651297;33,81356847;10,65616782;Synthetic price index / US$ equivalent
01/11/84;Global;coal;1045,026062;994,6293306;33,48676118;-0,966497475;Synthetic price index / US$ equivalent
01/12/84;Global;coal;1181,767255;1235,262242;32,78749369;-2,088190865;Synthetic price index / US$ equivalent
01/01/85;Global;coal;997,0860094;954,3226891;32,94971263;0,494758571;Synthetic price index / US$ equivalent
01/02/85;Global;coal;1030,131557;1005,812894;32,41726509;-1,615939862;Synthetic price index / US$ equivalent
01/03/85;Global;coal;1094,45414;1085,076351;31,22827335;-3,667773115;Synthetic price index / US$ equivalent
01/04/85;Global;coal;1042,639348;1007,394369;29,29757141;-6,182544645;Synthetic price index / US$ equivalent
01/05/85;Global;coal;1023,271732;958,7296638;29,85927831;1,917247298;Synthetic price index / US$ equivalent
01/06/85;Global;coal;1045,648617;1055,306592;28,84726057;-3,389290688;Synthetic price index / US$ equivalent
01/07/85;Global;coal;1040,743854;1030,726931;28,02435507;-2,852629621;Synthetic price index / US$ equivalent
01/08/85;Global;coal;1098,93409;1132,346677;25,71822954;-8,229004838;Synthetic price index / US$ equivalent
01/09/85;Global;coal;1098,723256;1047,192108;25,51857949;-0,776297778;Synthetic price index / US$ equivalent
01/10/85;Global;coal;1119,926206;1040,92287;24,50161541;-3,985190789;Synthetic price index / US$ equivalent
01/11/85;Global;coal;1057,964244;1040,956837;25,01848942;2,109550728;Synthetic price index / US$ equivalent
01/12/85;Global;coal;1065,226545;1036,274328;25,84768883;3,314346452;Synthetic price index / US$ equivalent
01/01/86;Global;coal;909,7787297;906,0508847;24,81909578;-3,97943916;Synthetic price index / US$ equivalent
01/02/86;Global;coal;1000,107845;959,4175479;24,03010983;-3,178947209;Synthetic price index / US$ equivalent
01/03/86;Global;coal;1055,178238;994,9607567;25,27085724;5,163303099;Synthetic price index / US$ equivalent
01/04/86;Global;coal;1054,513642;1007,009799;28,32708673;12,0938893;Synthetic price index / US$ equivalent
01/05/86;Global;coal;1043,420425;1018,78715;29,87636848;5,469259019;Synthetic price index / US$ equivalent
01/06/86;Global;coal;985,8274123;1022,105636;30,83261226;3,200669392;Synthetic price index / US$ equivalent
01/07/86;Global;coal;1060,335232;997,5690561;31,54861449;2,322223702;Synthetic price index / US$ equivalent
01/08/86;Global;coal;922,9692264;907,7256213;32,05651934;1,609911753;Synthetic price index / US$ equivalent
01/09/86;Global;coal;1134,93747;1101,042417;34,61714701;7,987853074;Synthetic price index / US$ equivalent
01/10/86;Global;coal;1083,971864;1040,408011;32,18531572;-7,02493274;Synthetic price index / US$ equivalent
01/11/86;Global;coal;1121,817826;1090,653081;34,36816686;6,782133703;Synthetic price index / US$ equivalent
01/12/86;Global;coal;1048,083668;1032,339179;36,21064903;5,361013807;Synthetic price index / US$ equivalent
01/01/87;Global;coal;1011,425329;986,3091987;38,08779556;5,18396266;Synthetic price index / US$ equivalent
01/02/87;Global;coal;1156,03677;1071,244665;38,79694699;1,861886259;Synthetic price index / US$ equivalent
01/03/87;Global;coal;1134,658694;1092,245296;39,52520072;1,877090301;Synthetic price index / US$ equivalent
01/04/87;Global;coal;969,9764366;968,9240933;39,27431792;-0,634741355;Synthetic price index / US$ equivalent
01/05/87;Global;coal;927,4110379;963,7715182;40,82285948;3,942885934;Synthetic price index / US$ equivalent
01/06/87;Global;coal;990,5916251;1032,074506;39,9960875;-2,025267189;Synthetic price index / US$ equivalent
01/07/87;Global;coal;1117,975158;1055,01226;40,54147469;1,363601358;Synthetic price index / US$ equivalent
01/08/87;Global;coal;1119,58736;1137,644833;40,17105291;-0,913686011;Synthetic price index / US$ equivalent
01/09/87;Global;coal;1087,162129;1076,109482;43,78787616;9,00355602;Synthetic price index / US$ equivalent
01/10/87;Global;coal;919,3036286;905,9800776;40,69446821;-7,064530695;Synthetic price index / US$ equivalent
01/11/87;Global;coal;1164,573282;1110,269799;40,97628984;0,692530571;Synthetic price index / US$ equivalent
01/12/87;Global;coal;976,6841355;926,7764197;40,62420839;-0,85923215;Synthetic price index / US$ equivalent
01/01/88;Global;coal;1172,750418;1094,264576;39,4688014;-2,844134147;Synthetic price index / US$ equivalent
01/02/88;Global;coal;1030,528058;990,2875178;36,72439123;-6,95336589;Synthetic price index / US$ equivalent
01/03/88;Global;coal;1021,399993;994,2739415;37,35485357;1,716740079;Synthetic price index / US$ equivalent
01/04/88;Global;coal;1076,19149;1114,915247;38,10052323;1,996178776;Synthetic price index / US$ equivalent
01/05/88;Global;coal;947,7836432;840,0350526;40,20211195;5,515905149;Synthetic price index / US$ equivalent
01/06/88;Global;coal;1080,293851;1076,48865;42,50474705;5,727647101;Synthetic price index / US$ equivalent
01/07/88;Global;coal;1108,010168;1110,138789;41,47359848;-2,425960979;Synthetic price index / US$ equivalent
01/08/88;Global;coal;1122,301815;1116,937265;37,7396828;-9,003114791;Synthetic price index / US$ equivalent
01/09/88;Global;coal;1197,470054;1202,092303;38,54483833;2,133445413;Synthetic price index / US$ equivalent
01/10/88;Global;coal;1051,117534;1097,936928;37,59914694;-2,45348386;Synthetic price index / US$ equivalent
01/11/88;Global;coal;1104,101127;1091,313205;37,79548348;0,522183487;Synthetic price index / US$ equivalent
01/12/88;Global;coal;1160,163301;1194,854968;40,24403653;6,478427656;Synthetic price index / US$ equivalent
01/01/89;Global;coal;1137,56046;1080,003964;39,72079637;-1,300168197;Synthetic price index / US$ equivalent
01/02/89;Global;coal;1140,837475;1105,649862;40,41088755;1,737354851;Synthetic price index / US$ equivalent
01/03/89;Global;coal;1064,615043;995,4297548;38,74792403;-4,115137339;Synthetic price index / US$ equivalent
01/04/89;Global;coal;1172,071702;1208,341859;39,11487236;0,947014178;Synthetic price index / US$ equivalent
01/05/89;Global;coal;1169,746329;1044,573343;37,12966238;-5,075332901;Synthetic price index / US$ equivalent
01/06/89;Global;coal;1139,218648;1243,834071;39,07922563;5,250689429;Synthetic price index / US$ equivalent
01/07/89;Global;coal;1118,264246;1080,076134;40,11283423;2,644905526;Synthetic price index / US$ equivalent
01/08/89;Global;coal;1136,337033;1149,237226;39,6701743;-1,103536909;Synthetic price index / US$ equivalent
01/09/89;Global;coal;1141,526962;1171,343662;39,77602874;0,266836332;Synthetic price index / US$ equivalent
01/10/89;Global;coal;1228,504456;1203,127193;37,92707827;-4,648403897;Synthetic price index / US$ equivalent
01/11/89;Global;coal;1102,436139;1100,335625;38,10077668;0,457979937;Synthetic price index / US$ equivalent
01/12/89;Global;coal;1135,916903;1107,921414;35,60028988;-6,562823693;Synthetic price index / US$ equivalent
01/01/90;Global;coal;1261,028661;1290,812944;36,48188348;2,476366345;Synthetic price index / US$ equivalent
01/02/90;Global;coal;1174,572001;1223,950987;37,27751505;2,180895002;Synthetic price index / US$ equivalent
01/03/90;Global;coal;1134,014644;1099,223835;38,84263997;4,198576315;Synthetic price index / US$ equivalent
01/04/90;Global;coal;1225,553445;1253,327577;38,50836946;-0,86057617;Synthetic price index / US$ equivalent
01/05/90;Global;coal;1143,246579;1110,870705;37,90470719;-1,567613175;Synthetic price index / US$ equivalent
01/06/90;Global;coal;1281,58896;1226,695012;37,86021229;-0,117386228;Synthetic price index / US$ equivalent
01/07/90;Global;coal;1226,897441;1114,544624;40,02267511;5,711702849;Synthetic price index / US$ equivalent
01/08/90;Global;coal;1269,61583;1258,108484;42,72513096;6,752311901;Synthetic price index / US$ equivalent
01/09/90;Global;coal;1269,1383;1301,526199;44,55733745;4,288357806;Synthetic price index / US$ equivalent
01/10/90;Global;coal;1210,408506;1182,222384;46,16078141;3,598608097;Synthetic price index / US$ equivalent
01/11/90;Global;coal;1209,751438;1228,010349;48,04912809;4,090803118;Synthetic price index / US$ equivalent
01/12/90;Global;coal;1209,870988;1188,400248;48,44769486;0,829498439;Synthetic price index / US$ equivalent
01/01/91;Global;coal;1167,161855;1109,563198;49,26506104;1,68711058;Synthetic price index / US$ equivalent
01/02/91;Global;coal;1170,347195;1129,3211;49,69574806;0,874224056;Synthetic price index / US$ equivalent
01/03/91;Global;coal;1166,545573;1154,741958;48,97086018;-1,4586517;Synthetic price index / US$ equivalent
01/04/91;Global;coal;1180,30418;1144,933348;49,99045416;2,082042201;Synthetic price index / US$ equivalent
01/05/91;Global;coal;1140,403346;1070,639282;51,99086899;4,00159364;Synthetic price index / US$ equivalent
01/06/91;Global;coal;1300,098839;1264,35933;54,59126526;5,001640311;Synthetic price index / US$ equivalent
01/07/91;Global;coal;1252,174539;1208,061007;57,1029153;4,60082768;Synthetic price index / US$ equivalent
01/08/91;Global;coal;1282,447737;1267,641454;58,92141736;3,18460459;Synthetic price index / US$ equivalent
01/09/91;Global;coal;1190,040113;1164,976585;60,70675374;3,030029593;Synthetic price index / US$ equivalent
01/10/91;Global;coal;1142,809741;1109,772871;63,30037291;4,272373352;Synthetic price index / US$ equivalent
01/11/91;Global;coal;1134,417234;1019,585071;64,98918726;2,667937436;Synthetic price index / US$ equivalent
01/12/91;Global;coal;1112,860342;1083,556486;63,23607299;-2,697547608;Synthetic price index / US$ equivalent
01/01/92;Global;coal;1193,121522;1217,255518;70,34793392;11,24652527;Synthetic price index / US$ equivalent
01/02/92;Global;coal;1168,473201;1180,40405;73,7983669;4,904810677;Synthetic price index / US$ equivalent
01/03/92;Global;coal;1133,391942;1117,140941;71,61797794;-2,954521954;Synthetic price index / US$ equivalent
01/04/92;Global;coal;1191,874485;1234,907897;67,11785278;-6,28351329;Synthetic price index / US$ equivalent
01/05/92;Global;coal;1166,619309;1163,294181;64,85244264;-3,37527207;Synthetic price index / US$ equivalent
01/06/92;Global;coal;1154,17909;1113,802889;64,08053355;-1,190254466;Synthetic price index / US$ equivalent
01/07/92;Global;coal;1171,660948;1193,550381;69,51019819;8,473188878;Synthetic price index / US$ equivalent
01/08/92;Global;coal;1092,560946;1061,663896;67,74453822;-2,540145208;Synthetic price index / US$ equivalent
01/09/92;Global;coal;1224,335148;1128,968778;61,95871983;-8,540641862;Synthetic price index / US$ equivalent
01/10/92;Global;coal;1065,530017;1070,038947;61,37751523;-0,938051346;Synthetic price index / US$ equivalent
01/11/92;Global;coal;1124,952522;996,7567304;62,02389176;1,053116159;Synthetic price index / US$ equivalent
01/12/92;Global;coal;1229,719262;1194,87197;66,59656707;7,372441789;Synthetic price index / US$ equivalent
01/01/93;Global;coal;1175,525381;1193,654041;67,08700894;0,736437164;Synthetic price index / US$ equivalent
01/02/93;Global;coal;1137,567104;1078,563789;66,12576359;-1,432833821;Synthetic price index / US$ equivalent
01/03/93;Global;coal;1192,802866;1136,016171;67,15061825;1,54985682;Synthetic price index / US$ equivalent
01/04/93;Global;coal;1187,089246;1180,574586;67,48798285;0,502399854;Synthetic price index / US$ equivalent
01/05/93;Global;coal;1211,880199;1194,168834;63,26811481;-6,252769551;Synthetic price index / US$ equivalent
01/06/93;Global;coal;1118,755491;1056,546607;61,85484075;-2,233785639;Synthetic price index / US$ equivalent
01/07/93;Global;coal;1219,802654;1211,231612;70,16508985;13,43508285;Synthetic price index / US$ equivalent
01/08/93;Global;coal;1235,690076;1166,824518;72,73111055;3,657118811;Synthetic price index / US$ equivalent
01/09/93;Global;coal;1224,581531;1269,381252;71,10808444;-2,23154314;Synthetic price index / US$ equivalent
01/10/93;Global;coal;1137,509575;1130,850167;68,34947828;-3,879455036;Synthetic price index / US$ equivalent
01/11/93;Global;coal;1279,705916;1296,948209;64,40802019;-5,766624984;Synthetic price index / US$ equivalent
01/12/93;Global;coal;1249,658964;1256,345042;65,36197121;1,481105947;Synthetic price index / US$ equivalent
01/01/94;Global;coal;1315,159717;1248,755139;66,44033124;1,649827894;Synthetic price index / US$ equivalent
01/02/94;Global;coal;1077,925773;1064,938897;66,33069278;-0,165017927;Synthetic price index / US$ equivalent
01/03/94;Global;coal;1186,710599;1143,074459;61,23418045;-7,683490274;Synthetic price index / US$ equivalent
01/04/94;Global;coal;1206,159884;1256,552399;63,88241898;4,324771739;Synthetic price index / US$ equivalent
01/05/94;Global;coal;1170,869846;1178,603778;66,73100945;4,459114908;Synthetic price index / US$ equivalent
01/06/94;Global;coal;1254,440309;1202,275723;67,2884735;0,835389797;Synthetic price index / US$ equivalent
01/07/94;Global;coal;1166,101796;1170,228673;65,38159844;-2,833880691;Synthetic price index / US$ equivalent
01/08/94;Global;coal;1225,544507;1203,92858;63,51675923;-2,852238633;Synthetic price index / US$ equivalent
01/09/94;Global;coal;1329,561485;1297,174684;57,12680683;-10,06026201;Synthetic price index / US$ equivalent
01/10/94;Global;coal;1272,06398;1277,500042;58,22601039;1,924146686;Synthetic price index / US$ equivalent
01/11/94;Global;coal;1292,53997;1199,143668;56,93885231;-2,210623872;Synthetic price index / US$ equivalent
01/12/94;Global;coal;1207,821889;1123,911489;57,802172;1,516222512;Synthetic price index / US$ equivalent
01/01/95;Global;coal;1148,826301;1151,324846;55,79286294;-3,476182632;Synthetic price index / US$ equivalent
01/02/95;Global;coal;1151,66396;1177,968558;53,12849667;-4,77546074;Synthetic price index / US$ equivalent
01/03/95;Global;coal;1334,018222;1305,990453;54,13230709;1,889401136;Synthetic price index / US$ equivalent
01/04/95;Global;coal;1257,905141;1263,213998;56,9762345;5,253660076;Synthetic price index / US$ equivalent
01/05/95;Global;coal;1493,835451;1561,587541;56,14781909;-1,45396659;Synthetic price index / US$ equivalent
01/06/95;Global;coal;1228,629082;1139,445574;54,29285325;-3,303718407;Synthetic price index / US$ equivalent
01/07/95;Global;coal;1425,882331;1420,021118;55,54691814;2,309815776;Synthetic price index / US$ equivalent
01/08/95;Global;coal;1352,80206;1215,972663;58,45891107;5,242402323;Synthetic price index / US$ equivalent
01/09/95;Global;coal;1133,183206;1074,595111;56,50244927;-3,346729796;Synthetic price index / US$ equivalent
01/10/95;Global;coal;1166,33084;1129,725438;50,09725662;-11,33613274;Synthetic price index / US$ equivalent
01/11/95;Global;coal;1134,484223;1152,201669;47,60729177;-4,9702619;Synthetic price index / US$ equivalent
01/12/95;Global;coal;1169,595424;1108,277252;44,65654429;-6,198099842;Synthetic price index / US$ equivalent
01/01/96;Global;coal;1367,515925;1272,554633;43,74700491;-2,036743759;Synthetic price index / US$ equivalent
01/02/96;Global;coal;1259,563536;1200,624123;45,89150504;4,902050175;Synthetic price index / US$ equivalent
01/03/96;Global;coal;1277,956096;1284,273775;49,36288895;7,56432787;Synthetic price index / US$ equivalent
01/04/96;Global;coal;1189,600445;1179,399137;50,05664307;1,405416378;Synthetic price index / US$ equivalent
01/05/96;Global;coal;1331,989254;1190,696323;48,70526115;-2,699705454;Synthetic price index / US$ equivalent
01/06/96;Global;coal;1212,670263;1204,172299;48,63354049;-0,147254445;Synthetic price index / US$ equivalent
01/07/96;Global;coal;1229,601789;1275,879502;50,0772244;2,968494374;Synthetic price index / US$ equivalent
01/08/96;Global;coal;1295,191085;1245,137828;52,60472703;5,047209902;Synthetic price index / US$ equivalent
01/09/96;Global;coal;1231,595773;1245,549056;51,8192651;-1,493139449;Synthetic price index / US$ equivalent
01/10/96;Global;coal;1278,02781;1256,927121;50,76336691;-2,037655654;Synthetic price index / US$ equivalent
01/11/96;Global;coal;1335,173391;1280,621956;50,38593195;-0,743518388;Synthetic price index / US$ equivalent
01/12/96;Global;coal;1317,325342;1330,714565;50,58546664;0,396012701;Synthetic price index / US$ equivalent
01/01/97;Global;coal;1234,535846;1270,016928;49,74770779;-1,656125572;Synthetic price index / US$ equivalent
01/02/97;Global;coal;1312,664158;1349,354914;50,90367671;2,323662679;Synthetic price index / US$ equivalent
01/03/97;Global;coal;1230,630394;1244,838081;50,42275573;-0,944766686;Synthetic price index / US$ equivalent
01/04/97;Global;coal;1288,833057;1318,730595;53,73869039;6,576266245;Synthetic price index / US$ equivalent
01/05/97;Global;coal;1243,693038;1190,707031;55,90622573;4,033472575;Synthetic price index / US$ equivalent
01/06/97;Global;coal;1160,363207;1140,705956;57,41345382;2,695993274;Synthetic price index / US$ equivalent
01/07/97;Global;coal;1207,924855;1145,257218;57,81389248;0,697464851;Synthetic price index / US$ equivalent
01/08/97;Global;coal;1146,015167;1272,689994;50,72287407;-12,26524993;Synthetic price index / US$ equivalent
01/09/97;Global;coal;1230,942515;1178,614042;50,49642752;-0,446438726;Synthetic price index / US$ equivalent
01/10/97;Global;coal;1120,916735;1186,838246;53,7817721;6,506093094;Synthetic price index / US$ equivalent
01/11/97;Global;coal;1234,885662;1278,246317;54,42973794;1,204805662;Synthetic price index / US$ equivalent
01/12/97;Global;coal;1185,750039;1198,986764;55,99030102;2,867114816;Synthetic price index / US$ equivalent
01/01/98;Global;coal;1243,923606;1236,048868;55,61730044;-0,666187835;Synthetic price index / US$ equivalent
01/02/98;Global;coal;1295,107558;1217,381473;52,52474921;-5,56041234;Synthetic price index / US$ equivalent
01/03/98;Global;coal;1345,186014;1372,974256;53,21309028;1,310508067;Synthetic price index / US$ equivalent
01/04/98;Global;coal;1271,511838;1281,511361;51,77588026;-2,700858026;Synthetic price index / US$ equivalent
01/05/98;Global;coal;1242,600094;1178,843968;52,50955764;1,417025405;Synthetic price index / US$ equivalent
01/06/98;Global;coal;1338,99802;1342,059365;52,02878143;-0,915597531;Synthetic price index / US$ equivalent
01/07/98;Global;coal;1342,599554;1262,493555;53,48141804;2,79198662;Synthetic price index / US$ equivalent
01/08/98;Global;coal;1177,260391;1244,254153;48,6516875;-9,030670313;Synthetic price index / US$ equivalent
01/09/98;Global;coal;1407,001424;1436,963363;51,11900241;5,071386082;Synthetic price index / US$ equivalent
01/10/98;Global;coal;1249,362694;1310,352206;51,79514855;1,322690411;Synthetic price index / US$ equivalent
01/11/98;Global;coal;1264,651417;1289,279025;46,67020954;-9,894631367;Synthetic price index / US$ equivalent
01/12/98;Global;coal;1212,192453;1191,786621;46,538338;-0,282560413;Synthetic price index / US$ equivalent
01/01/99;Global;coal;1384,945776;1401,101099;47,91889998;2,966504685;Synthetic price index / US$ equivalent
01/02/99;Global;coal;1213,700189;1219,882508;49,70101153;3,719015994;Synthetic price index / US$ equivalent
01/03/99;Global;coal;1287,242002;1266,635804;47,48076967;-4,467196527;Synthetic price index / US$ equivalent
01/04/99;Global;coal;1361,817678;1414,688583;42,02897114;-11,48211912;Synthetic price index / US$ equivalent
01/05/99;Global;coal;1354,85538;1272,119466;43,83280585;4,291884066;Synthetic price index / US$ equivalent
01/06/99;Global;coal;1401,324011;1430,630981;43,05545228;-1,773451545;Synthetic price index / US$ equivalent
01/07/99;Global;coal;1257,87923;1210,509304;46,03411893;6,9182101;Synthetic price index / US$ equivalent
01/08/99;Global;coal;1313,352399;1334,505881;49,08314864;6,623412781;Synthetic price index / US$ equivalent
01/09/99;Global;coal;1384,754874;1436,720561;45,52891845;-7,241243272;Synthetic price index / US$ equivalent
01/10/99;Global;coal;1388,236513;1336,389406;44,91109152;-1,356998918;Synthetic price index / US$ equivalent
01/11/99;Global;coal;1312,847711;1354,680692;45,78644338;1,949077237;Synthetic price index / US$ equivalent
01/12/99;Global;coal;1453,262462;1367,19516;49,28430097;7,63950491;Synthetic price index / US$ equivalent
01/01/00;Global;coal;1295,918717;1277,870226;46,88444386;-4,869414926;Synthetic price index / US$ equivalent
01/02/00;Global;coal;1349,033112;1337,236741;49,04918702;4,617188523;Synthetic price index / US$ equivalent
01/03/00;Global;coal;1386,472064;1403,840294;49,45877791;0,835061535;Synthetic price index / US$ equivalent
01/04/00;Global;coal;1312,221542;1317,621543;47,31748988;-4,329439832;Synthetic price index / US$ equivalent
01/05/00;Global;coal;1391,976252;1493,253613;45,05661525;-4,778095041;Synthetic price index / US$ equivalent
01/06/00;Global;coal;1442,279917;1394,465269;48,10494942;6,765564068;Synthetic price index / US$ equivalent
01/07/00;Global;coal;1387,393403;1388,602014;43,61213057;-9,339618689;Synthetic price index / US$ equivalent
01/08/00;Global;coal;1323,217418;1344,307341;42,60368407;-2,31230736;Synthetic price index / US$ equivalent
01/09/00;Global;coal;1427,911977;1429,911693;40,29110712;-5,428114952;Synthetic price index / US$ equivalent
01/10/00;Global;coal;1333,645852;1395,972388;40,16797541;-0,305605171;Synthetic price index / US$ equivalent
01/11/00;Global;coal;1428,682975;1368,151204;43,29603592;7,787448758;Synthetic price index / US$ equivalent
01/12/00;Global;coal;1391,280206;1374,058747;44,97571945;3,879531911;Synthetic price index / US$ equivalent
01/01/01;Global;coal;1394,303125;1349,94472;47,0604709;4,635282059;Synthetic price index / US$ equivalent
01/02/01;Global;coal;1240,912296;1191,501856;46,85510561;-0,436385965;Synthetic price index / US$ equivalent
01/03/01;Global;coal;1351,620524;1274,688654;45,93590649;-1,961790731;Synthetic price index / US$ equivalent
01/04/01;Global;coal;1524,82472;1536,153705;47,20690335;2,766891864;Synthetic price index / US$ equivalent
01/05/01;Global;coal;1614,39835;1519,111433;52,1681196;10,50951429;Synthetic price index / US$ equivalent
01/06/01;Global;coal;1336,350542;1266,194404;50,06586912;-4,029760888;Synthetic price index / US$ equivalent
01/07/01;Global;coal;1485,895943;1417,881045;50,89278544;1,651656766;Synthetic price index / US$ equivalent
01/08/01;Global;coal;1238,140515;1260,106265;51,06940969;0,347051659;Synthetic price index / US$ equivalent
01/09/01;Global;coal;1468,155368;1427,493097;49,60413325;-2,869186183;Synthetic price index / US$ equivalent
01/10/01;Global;coal;1379,528573;1462,600924;49,70341588;0,200149916;Synthetic price index / US$ equivalent
01/11/01;Global;coal;1548,974719;1477,094605;51,25181733;3,115281756;Synthetic price index / US$ equivalent
01/12/01;Global;coal;1261,73624;1207,926567;51,91078081;1,285736808;Synthetic price index / US$ equivalent
01/01/02;Global;coal;1397,259329;1403,285837;51,2844698;-1,206514328;Synthetic price index / US$ equivalent
01/02/02;Global;coal;1410,951263;1269,073989;52,97093909;3,288460028;Synthetic price index / US$ equivalent
01/03/02;Global;coal;1507,326024;1511,252011;52,84408782;-0,239473325;Synthetic price index / US$ equivalent
01/04/02;Global;coal;1359,524462;1366,538338;56,95198327;7,77361409;Synthetic price index / US$ equivalent
01/05/02;Global;coal;1425,97831;1454,379732;56,01053453;-1,653056998;Synthetic price index / US$ equivalent
01/06/02;Global;coal;1327,413229;1297,302454;53,09263795;-5,209549607;Synthetic price index / US$ equivalent
01/07/02;Global;coal;1460,433213;1451,809967;54,62187947;2,880326872;Synthetic price index / US$ equivalent
01/08/02;Global;coal;1417,159262;1383,069497;59,31593417;8,59372608;Synthetic price index / US$ equivalent
01/09/02;Global;coal;1452,741997;1332,590599;61,81964885;4,220981621;Synthetic price index / US$ equivalent
01/10/02;Global;coal;1358,287024;1327,531359;61,95193091;0,213980611;Synthetic price index / US$ equivalent
01/11/02;Global;coal;1515,245334;1371,132921;56,50495514;-8,7922615;Synthetic price index / US$ equivalent
01/12/02;Global;coal;1286,076881;1313,119392;57,02207843;0,915182191;Synthetic price index / US$ equivalent
01/01/03;Global;coal;1404,533472;1513,412013;61,85009906;8,466932053;Synthetic price index / US$ equivalent
01/02/03;Global;coal;1299,986972;1275,641399;66,74133816;7,908215464;Synthetic price index / US$ equivalent
01/03/03;Global;coal;1436,714733;1373,571978;64,47771795;-3,391631441;Synthetic price index / US$ equivalent
01/04/03;Global;coal;1451,272739;1447,177029;65,50740431;1,596964649;Synthetic price index / US$ equivalent
01/05/03;Global;coal;1395,757067;1373,999069;64,88746636;-0,946363182;Synthetic price index / US$ equivalent
01/06/03;Global;coal;1382,995091;1377,139019;62,16382753;-4,19748062;Synthetic price index / US$ equivalent
01/07/03;Global;coal;1411,306235;1541,160323;62,36592707;0,325107935;Synthetic price index / US$ equivalent
01/08/03;Global;coal;1433,229795;1392,453776;63,60815025;1,991829901;Synthetic price index / US$ equivalent
01/09/03;Global;coal;1362,100848;1391,061451;66,67201976;4,816787615;Synthetic price index / US$ equivalent
01/10/03;Global;coal;1477,882971;1342,093464;67,89011267;1,826992678;Synthetic price index / US$ equivalent
01/11/03;Global;coal;1461,275266;1474,44289;70,2367962;3,456591005;Synthetic price index / US$ equivalent
01/12/03;Global;coal;1491,733334;1393,69506;72,77967673;3,620439241;Synthetic price index / US$ equivalent
01/01/04;Global;coal;1377,194418;1336,14946;77,31780552;6,23543411;Synthetic price index / US$ equivalent
01/02/04;Global;coal;1416,637395;1394,863692;78,51385947;1,54693209;Synthetic price index / US$ equivalent
01/03/04;Global;coal;1403,20519;1384,112824;80,03634213;1,939125998;Synthetic price index / US$ equivalent
01/04/04;Global;coal;1428,38541;1371,421815;75,46950899;-5,705949346;Synthetic price index / US$ equivalent
01/05/04;Global;coal;1370,943147;1281,562635;73,49556149;-2,615556298;Synthetic price index / US$ equivalent
01/06/04;Global;coal;1528,340115;1432,511862;74,26737977;1,050156312;Synthetic price index / US$ equivalent
01/07/04;Global;coal;1486,530839;1480,746182;79,75154913;7,384358221;Synthetic price index / US$ equivalent
01/08/04;Global;coal;1494,562178;1375,019157;80,97948536;1,539702032;Synthetic price index / US$ equivalent
01/09/04;Global;coal;1506,536819;1483,901433;85,68241144;5,807552441;Synthetic price index / US$ equivalent
01/10/04;Global;coal;1645,461862;1645,399382;86,8827297;1,400892253;Synthetic price index / US$ equivalent
01/11/04;Global;coal;1435,336186;1346,655393;95,44326257;9,852974122;Synthetic price index / US$ equivalent
01/12/04;Global;coal;1657,806938;1612,603991;95,624431;0,189817927;Synthetic price index / US$ equivalent
01/01/05;Global;coal;1564,878677;1608,936551;93,86165307;-1,843438861;Synthetic price index / US$ equivalent
01/02/05;Global;coal;1558,704435;1501,260812;95,36264638;1,599154987;Synthetic price index / US$ equivalent
01/03/05;Global;coal;1688,868367;1673,653856;100,5695081;5,460064182;Synthetic price index / US$ equivalent
01/04/05;Global;coal;1519,686529;1476,741619;97,52476012;-3,027506063;Synthetic price index / US$ equivalent
01/05/05;Global;coal;1500,104672;1635,278095;94,85776663;-2,734683474;Synthetic price index / US$ equivalent
01/06/05;Global;coal;1696,695125;1685,531548;90,69776181;-4,385518404;Synthetic price index / US$ equivalent
01/07/05;Global;coal;1639,75153;1628,094588;91,95058356;1,381314954;Synthetic price index / US$ equivalent
01/08/05;Global;coal;1610,165458;1559,356666;88,65283924;-3,586431099;Synthetic price index / US$ equivalent
01/09/05;Global;coal;1575,422225;1594,075103;96,05337088;8,347766082;Synthetic price index / US$ equivalent
01/10/05;Global;coal;1809,913079;1810,081132;93,64738346;-2,504844331;Synthetic price index / US$ equivalent
01/11/05;Global;coal;1595,622396;1452,245186;99,09617995;5,818418288;Synthetic price index / US$ equivalent
01/12/05;Global;coal;1597,621332;1540,236926;101,9860546;2,916232149;Synthetic price index / US$ equivalent
01/01/06;Global;coal;1443,571904;1413,871891;104,0272111;2,001407424;Synthetic price index / US$ equivalent
01/02/06;Global;coal;1657,961804;1703,725254;101,6354537;-2,299165159;Synthetic price index / US$ equivalent
01/03/06;Global;coal;1462,888039;1492,878861;104,1280547;2,452491622;Synthetic price index / US$ equivalent
01/04/06;Global;coal;1468,437871;1483,372003;104,1658773;0,036323158;Synthetic price index / US$ equivalent
01/05/06;Global;coal;1647,558914;1635,191868;98,52051953;-5,419584495;Synthetic price index / US$ equivalent
01/06/06;Global;coal;1539,803011;1332,000304;90,37310928;-8,269759738;Synthetic price index / US$ equivalent
01/07/06;Global;coal;1663,654978;1581,771595;91,71358925;1,483273054;Synthetic price index / US$ equivalent
01/08/06;Global;coal;1637,78931;1603,61616;90,61079302;-1,202434935;Synthetic price index / US$ equivalent
01/09/06;Global;coal;1664,116798;1749,283058;92,00525672;1,538959831;Synthetic price index / US$ equivalent
01/10/06;Global;coal;1703,676285;1664,980697;86,75082661;-5,711010758;Synthetic price index / US$ equivalent
01/11/06;Global;coal;1434,290259;1435,068111;91,23790204;5,172371954;Synthetic price index / US$ equivalent
01/12/06;Global;coal;1656,87612;1763,916681;92,48429957;1,366096222;Synthetic price index / US$ equivalent
01/01/07;Global;coal;1648,128776;1646,111934;88,10510184;-4,735071525;Synthetic price index / US$ equivalent
01/02/07;Global;coal;1680,007907;1724,316241;86,43701854;-1,893287976;Synthetic price index / US$ equivalent
01/03/07;Global;coal;1576,464457;1622,57978;89,47983124;3,520265679;Synthetic price index / US$ equivalent
01/04/07;Global;coal;1542,475252;1478,442602;83,15286698;-7,070827209;Synthetic price index / US$ equivalent
01/05/07;Global;coal;1673,779963;1752,566577;85,36020468;2,654553923;Synthetic price index / US$ equivalent
01/06/07;Global;coal;1701,798076;1633,135646;86,90901939;1,814445872;Synthetic price index / US$ equivalent
01/07/07;Global;coal;1680,883403;1645,569822;90,92721384;4,623449305;Synthetic price index / US$ equivalent
01/08/07;Global;coal;1601,5016;1456,248002;87,41319435;-3,864651007;Synthetic price index / US$ equivalent
01/09/07;Global;coal;1719,539587;1728,037557;87,31854055;-0,108283196;Synthetic price index / US$ equivalent
01/10/07;Global;coal;1776,719806;1853,263267;86,62837021;-0,790405267;Synthetic price index / US$ equivalent
01/11/07;Global;coal;1720,879528;1640,144534;83,95858926;-3,081878307;Synthetic price index / US$ equivalent
01/12/07;Global;coal;1825,626339;1804,568736;85,94432265;2,365134293;Synthetic price index / US$ equivalent
01/01/08;Global;coal;1505,915358;1445,101652;87,71137705;2,056045533;Synthetic price index / US$ equivalent
01/02/08;Global;coal;1658,874185;1659,611549;90,94355769;3,685018694;Synthetic price index / US$ equivalent
01/03/08;Global;coal;1679,141817;1501,771443;94,27111302;3,658923629;Synthetic price index / US$ equivalent
01/04/08;Global;coal;1650,335606;1614,884318;97,96670585;3,920175247;Synthetic price index / US$ equivalent
01/05/08;Global;coal;1711,022538;1741,060627;104,0841626;6,244424301;Synthetic price index / US$ equivalent
01/06/08;Global;coal;1687,39401;1622,685864;103,3091246;-0,744626276;Synthetic price index / US$ equivalent
01/07/08;Global;coal;1676,272309;1695,035005;100,0801443;-3,125551929;Synthetic price index / US$ equivalent
01/08/08;Global;coal;1696,314551;1672,274503;103,1724155;3,089794972;Synthetic price index / US$ equivalent
01/09/08;Global;coal;1464,74777;1476,251176;102,1501688;-0,990814048;Synthetic price index / US$ equivalent
01/10/08;Global;coal;1748,763899;1823,582018;111,0027038;8,666197185;Synthetic price index / US$ equivalent
01/11/08;Global;coal;1718,838596;1596,288984;108,1993123;-2,52551643;Synthetic price index / US$ equivalent
01/12/08;Global;coal;1731,129138;1788,769812;104,0864453;-3,801195133;Synthetic price index / US$ equivalent
01/01/09;Global;coal;1571,261951;1552,531892;94,25453151;-9,445911769;Synthetic price index / US$ equivalent
01/02/09;Global;coal;1710,360705;1613,780723;95,27810303;1,085965316;Synthetic price index / US$ equivalent
01/03/09;Global;coal;1550,294892;1584,534901;86,28490385;-9,438894028;Synthetic price index / US$ equivalent
01/04/09;Global;coal;1738,864036;1638,057356;85,64703834;-0,739255057;Synthetic price index / US$ equivalent
01/05/09;Global;coal;1673,207107;1738,552631;89,03745454;3,958591293;Synthetic price index / US$ equivalent
01/06/09;Global;coal;1653,223443;1634,43552;93,9068115;5,468886081;Synthetic price index / US$ equivalent
01/07/09;Global;coal;1717,985209;1750,753558;91,63829688;-2,41570828;Synthetic price index / US$ equivalent
01/08/09;Global;coal;1817,13743;1885,952743;89,70209472;-2,11287444;Synthetic price index / US$ equivalent
01/09/09;Global;coal;1431,598527;1366,716215;89,41090974;-0,324613362;Synthetic price index / US$ equivalent
01/10/09;Global;coal;1586,682613;1570,647975;85,62685474;-4,232207242;Synthetic price index / US$ equivalent
01/11/09;Global;coal;1717,480957;1699,029751;82,0363832;-4,193160601;Synthetic price index / US$ equivalent
01/12/09;Global;coal;1736,189332;1819,563389;77,16916024;-5,933005298;Synthetic price index / US$ equivalent
01/01/10;Global;coal;1754,1293;1866,329695;78,00267597;1,080115074;Synthetic price index / US$ equivalent
01/02/10;Global;coal;1728,241882;1747,031574;75,71248286;-2,936044287;Synthetic price index / US$ equivalent
01/03/10;Global;coal;1849,182321;1801,736898;79,9354055;5,577577795;Synthetic price index / US$ equivalent
01/04/10;Global;coal;1618,949162;1710,210106;81,85058783;2,395912455;Synthetic price index / US$ equivalent
01/05/10;Global;coal;1780,497967;1771,969467;76,85223115;-6,106683917;Synthetic price index / US$ equivalent
01/06/10;Global;coal;1751,942595;1667,681857;74,35308291;-3,251887678;Synthetic price index / US$ equivalent
01/07/10;Global;coal;1640,302719;1636,810974;66,92637837;-9,988428526;Synthetic price index / US$ equivalent
01/08/10;Global;coal;1783,173085;1802,698744;66,89684658;-0,04412579;Synthetic price index / US$ equivalent
01/09/10;Global;coal;1761,14408;1745,193004;66,62701022;-0,403361855;Synthetic price index / US$ equivalent
01/10/10;Global;coal;1686,74141;1829,702254;68,91530356;3,434483014;Synthetic price index / US$ equivalent
01/11/10;Global;coal;1527,887346;1612,364458;70,2668655;1,961192742;Synthetic price index / US$ equivalent
01/12/10;Global;coal;1709,316496;1726,654972;70,13265402;-0,191002503;Synthetic price index / US$ equivalent
01/01/11;Global;coal;1841,050144;1719,325148;69,73688202;-0,564319159;Synthetic price index / US$ equivalent
01/02/11;Global;coal;1602,817713;1620,294232;73,61576026;5,562161842;Synthetic price index / US$ equivalent
01/03/11;Global;coal;1740,842116;1690,415311;76,91472256;4,481326126;Synthetic price index / US$ equivalent
01/04/11;Global;coal;1909,985477;1788,793634;76,39571329;-0,67478534;Synthetic price index / US$ equivalent
01/05/11;Global;coal;1754,021604;1713,102697;77,80197859;1,840764676;Synthetic price index / US$ equivalent
01/06/11;Global;coal;1652,650227;1681,15302;73,05418254;-6,102410419;Synthetic price index / US$ equivalent
01/07/11;Global;coal;1757,57155;1691,928421;73,90478755;1,164348127;Synthetic price index / US$ equivalent
01/08/11;Global;coal;1727,863954;1736,797869;72,63485419;-1,718337071;Synthetic price index / US$ equivalent
01/09/11;Global;coal;1576,392113;1569,298382;71,92729373;-0,974133514;Synthetic price index / US$ equivalent
01/10/11;Global;coal;1836,735425;1911,610927;69,4884412;-3,390719164;Synthetic price index / US$ equivalent
01/11/11;Global;coal;1859,391025;1864,667053;67,6105363;-2,7024709;Synthetic price index / US$ equivalent
01/12/11;Global;coal;1731,390055;1643,274257;73,10346335;8,124365453;Synthetic price index / US$ equivalent
01/01/12;Global;coal;1746,532961;1795,346103;75,15553639;2,807080471;Synthetic price index / US$ equivalent
01/02/12;Global;coal;1577,762089;1461,601774;70,76646221;-5,839987831;Synthetic price index / US$ equivalent
01/03/12;Global;coal;1853,912727;1832,666764;67,55672361;-4,535677644;Synthetic price index / US$ equivalent
01/04/12;Global;coal;1780,256718;1675,372535;66,90135439;-0,970102135;Synthetic price index / US$ equivalent
01/05/12;Global;coal;1902,477904;1837,894697;68,10436389;1,798184074;Synthetic price index / US$ equivalent
01/06/12;Global;coal;1654,671319;1677,546353;67,01964525;-1,592730012;Synthetic price index / US$ equivalent
01/07/12;Global;coal;1750,531974;1667,954684;67,46421501;0,663342463;Synthetic price index / US$ equivalent
01/08/12;Global;coal;1671,047828;1543,989556;73,49114706;8,933524307;Synthetic price index / US$ equivalent
01/09/12;Global;coal;1896,293149;1825,283959;75,5395716;2,787307886;Synthetic price index / US$ equivalent
01/10/12;Global;coal;1823,991674;1825,360731;78,00903479;3,269098745;Synthetic price index / US$ equivalent
01/11/12;Global;coal;1709,721366;1579,569597;81,67426056;4,698463179;Synthetic price index / US$ equivalent
01/12/12;Global;coal;1784,754444;1759,265503;79,49439213;-2,668978467;Synthetic price index / US$ equivalent
01/01/13;Global;coal;1605,723443;1532,821092;77,67783743;-2,285135662;Synthetic price index / US$ equivalent
01/02/13;Global;coal;1722,957698;1661,937442;75,02629139;-3,41351681;Synthetic price index / US$ equivalent
01/03/13;Global;coal;1630,046649;1657,057898;75,89384402;1,156331488;Synthetic price index / US$ equivalent
01/04/13;Global;coal;1864,712193;1841,023147;77,55506311;2,188871988;Synthetic price index / US$ equivalent
01/05/13;Global;coal;1660,387278;1750,593386;82,75930472;6,710382781;Synthetic price index / US$ equivalent
01/06/13;Global;coal;1570,904769;1428,793785;75,01352542;-9,359405959;Synthetic price index / US$ equivalent
01/07/13;Global;coal;1751,643834;1755,700452;78,07815977;4,085442373;Synthetic price index / US$ equivalent
01/08/13;Global;coal;1780,384573;1974,595842;76,62665587;-1,859039588;Synthetic price index / US$ equivalent
01/09/13;Global;coal;1768,078926;1752,453099;69,05733267;-9,878185486;Synthetic price index / US$ equivalent
01/10/13;Global;coal;1865,523113;1919,619227;64,44362969;-6,680974787;Synthetic price index / US$ equivalent
01/11/13;Global;coal;1841,021691;1675,252123;62,15017906;-3,558847695;Synthetic price index / US$ equivalent
01/12/13;Global;coal;1658,751305;1581,129182;62,74433599;0,956001966;Synthetic price index / US$ equivalent
01/01/14;Global;coal;1794,388006;1856,006887;58,1056222;-7,393039889;Synthetic price index / US$ equivalent
01/02/14;Global;coal;1780,976424;1862,65789;56,97918789;-1,938597794;Synthetic price index / US$ equivalent
01/03/14;Global;coal;1727,962278;1721,311066;57,6292811;1,140930981;Synthetic price index / US$ equivalent
01/04/14;Global;coal;1756,023442;1791,59692;55,21700309;-4,185854761;Synthetic price index / US$ equivalent
01/05/14;Global;coal;1959,537639;1935,666976;58,44765158;5,850821864;Synthetic price index / US$ equivalent
01/06/14;Global;coal;1909,97476;1894,352048;55,84345003;-4,455613676;Synthetic price index / US$ equivalent
01/07/14;Global;coal;1737,916402;1651,643385;55,50388528;-0,608065485;Synthetic price index / US$ equivalent
01/08/14;Global;coal;1617,407444;1584,563497;59,63857626;7,449372164;Synthetic price index / US$ equivalent
01/09/14;Global;coal;1822,348126;1804,942196;59,89058308;0,422556727;Synthetic price index / US$ equivalent
01/10/14;Global;coal;1901,651535;1953,199698;56,56580192;-5,551425595;Synthetic price index / US$ equivalent
01/11/14;Global;coal;2006,990669;1944,483156;57,1510284;1,034594148;Synthetic price index / US$ equivalent
01/12/14;Global;coal;1760,818577;1836,66094;55,55393924;-2,79450642;Synthetic price index / US$ equivalent
01/01/15;Global;coal;1800,675935;1697,535366;56,30522365;1,352351288;Synthetic price index / US$ equivalent
01/02/15;Global;coal;1701,65208;1639,943587;59,41504885;5,523155753;Synthetic price index / US$ equivalent
01/03/15;Global;coal;1723,186602;1787,574201;62,56317611;5,298535173;Synthetic price index / US$ equivalent
01/04/15;Global;coal;1848,143547;1809,864386;62,22889502;-0,534309658;Synthetic price index / US$ equivalent
01/05/15;Global;coal;1690,68577;1812,846556;65,0071768;4,464616931;Synthetic price index / US$ equivalent
01/06/15;Global;coal;1836,481024;1867,193929;68,34849546;5,139922732;Synthetic price index / US$ equivalent
01/07/15;Global;coal;1652,987257;1537,728892;66,89671638;-2,124083452;Synthetic price index / US$ equivalent
01/08/15;Global;coal;1608,028439;1547,981563;71,51479348;6,903294135;Synthetic price index / US$ equivalent
01/09/15;Global;coal;1628,549046;1663,41341;80,68951002;12,82911702;Synthetic price index / US$ equivalent
01/10/15;Global;coal;1740,266213;1791,377901;84,25681636;4,42102863;Synthetic price index / US$ equivalent
01/11/15;Global;coal;1705,47895;1600,964073;86,59222609;2,77177543;Synthetic price index / US$ equivalent
01/12/15;Global;coal;1647,090759;1622,799825;86,69296462;0,116336691;Synthetic price index / US$ equivalent
01/01/16;Global;coal;1816,201787;1780,961106;81,03613609;-6,525129872;Synthetic price index / US$ equivalent
01/02/16;Global;coal;1657,936197;1588,964518;79,26763468;-2,182361472;Synthetic price index / US$ equivalent
01/03/16;Global;coal;1687,055685;1691,680677;73,60203463;-7,147431698;Synthetic price index / US$ equivalent
01/04/16;Global;coal;1711,255664;1748,566535;74,61118108;1,371084989;Synthetic price index / US$ equivalent
01/05/16;Global;coal;1766,705416;1741,147671;80,05990513;7,302825086;Synthetic price index / US$ equivalent
01/06/16;Global;coal;1749,508419;1684,313982;75,37076119;-5,857044082;Synthetic price index / US$ equivalent
01/07/16;Global;coal;1658,695447;1700,013676;74,58312232;-1,045019128;Synthetic price index / US$ equivalent
01/08/16;Global;coal;1834,815539;1888,025397;76,6428401;2,761640584;Synthetic price index / US$ equivalent
01/09/16;Global;coal;1625,523791;1611,183557;74,9448559;-2,215450518;Synthetic price index / US$ equivalent
01/10/16;Global;coal;1759,356729;1673,879754;76,29271744;1,798471054;Synthetic price index / US$ equivalent
01/11/16;Global;coal;1733,404321;1647,897122;78,10913166;2,380848765;Synthetic price index / US$ equivalent
01/12/16;Global;coal;1890,634738;1827,405938;81,39662549;4,208846983;Synthetic price index / US$ equivalent
01/01/17;Global;coal;1738,488479;1758,463859;85,07093707;4,514083429;Synthetic price index / US$ equivalent
01/02/17;Global;coal;1727,574157;1748,578771;88,2379556;3,72279727;Synthetic price index / US$ equivalent
01/03/17;Global;coal;1746,508949;1620,667092;101,0223614;14,48855624;Synthetic price index / US$ equivalent
01/04/17;Global;coal;1842,137725;1847,47249;97,06544538;-3,916871459;Synthetic price index / US$ equivalent
01/05/17;Global;coal;1812,822045;1722,475147;101,6415429;4,714445517;Synthetic price index / US$ equivalent
01/06/17;Global;coal;1914,705103;1874,959874;106,954404;5,227056745;Synthetic price index / US$ equivalent
01/07/17;Global;coal;1740,473209;1678,707045;109,749164;2,613038721;Synthetic price index / US$ equivalent
01/08/17;Global;coal;1874,382731;1875,71361;111,6308545;1,714537436;Synthetic price index / US$ equivalent
01/09/17;Global;coal;1722,286186;1582,136764;113,0190655;1,243572801;Synthetic price index / US$ equivalent
01/10/17;Global;coal;1749,58114;1727,169575;109,8420103;-2,811078973;Synthetic price index / US$ equivalent
01/11/17;Global;coal;1715,504152;1766,140294;108,7634109;-0,981955275;Synthetic price index / US$ equivalent
01/12/17;Global;coal;1792,965236;1906,282543;103,1535864;-5,157823227;Synthetic price index / US$ equivalent
01/01/18;Global;coal;1695,54373;1752,344356;104,1880394;1,002827963;Synthetic price index / US$ equivalent
01/02/18;Global;coal;1751,831089;1773,736882;102,6474813;-1,478632418;Synthetic price index / US$ equivalent
01/03/18;Global;coal;1735,083057;1726,646527;102,4268347;-0,214955693;Synthetic price index / US$ equivalent
01/04/18;Global;coal;1813,618332;1657,913201;101,2601835;-1,139009356;Synthetic price index / US$ equivalent
01/05/18;Global;coal;1698,099782;1760,180716;101,1721664;-0,086921682;Synthetic price index / US$ equivalent
01/06/18;Global;coal;1820,08754;1701,506338;105,2257467;4,006616092;Synthetic price index / US$ equivalent
01/07/18;Global;coal;1812,319366;1799,597254;103,4973263;-1,642583185;Synthetic price index / US$ equivalent
01/08/18;Global;coal;1639,234281;1573,686993;101,409535;-2,017241783;Synthetic price index / US$ equivalent
01/09/18;Global;coal;1982,980589;2069,098556;101,8144777;0,399314265;Synthetic price index / US$ equivalent
01/10/18;Global;coal;1909,555602;1958,252126;104,6074183;2,743166485;Synthetic price index / US$ equivalent
01/11/18;Global;coal;1885,164565;1910,331999;101,7213817;-2,758921603;Synthetic price index / US$ equivalent
01/12/18;Global;coal;1843,72961;1820,768201;108,2491558;6,417307769;Synthetic price index / US$ equivalent
01/01/19;Global;coal;1674,410835;1648,246107;107,1385088;-1,026009901;Synthetic price index / US$ equivalent
01/02/19;Global;coal;1770,524266;1749,558715;105,1960817;-1,813005469;Synthetic price index / US$ equivalent
01/03/19;Global;coal;1747,105279;1585,447203;112,2749981;6,729258632;Synthetic price index / US$ equivalent
01/04/19;Global;coal;1799,554992;1806,944979;121,286343;8,02613669;Synthetic price index / US$ equivalent
01/05/19;Global;coal;2102,224001;2006,358867;123,066505;1,467734912;Synthetic price index / US$ equivalent
01/06/19;Global;coal;1861,202923;1854,080538;121,9156626;-0,935138569;Synthetic price index / US$ equivalent
01/07/19;Global;coal;1717,819888;1713,726398;114,6534216;-5,9567744;Synthetic price index / US$ equivalent
01/08/19;Global;coal;1992,384746;1959,430505;123,6668089;7,861420194;Synthetic price index / US$ equivalent
01/09/19;Global;coal;1637,090704;1701,81775;115,1594321;-6,879272465;Synthetic price index / US$ equivalent
01/10/19;Global;coal;1703,035553;1803,871254;116,0561686;0,778691301;Synthetic price index / US$ equivalent
01/11/19;Global;coal;1798,072327;1809,294336;114,6374448;-1,222445833;Synthetic price index / US$ equivalent
01/12/19;Global;coal;1919,522653;1966,436161;117,466352;2,467699101;Synthetic price index / US$ equivalent
01/01/20;Global;coal;1733,151865;1728,186275;122,8438195;4,577879043;Synthetic price index / US$ equivalent
01/02/20;Global;coal;1858,824582;1878,791116;122,0511576;-0,645259947;Synthetic price index / US$ equivalent
01/03/20;Global;coal;1693,963294;1652,684983;115,5477105;-5,32845992;Synthetic price index / US$ equivalent
01/04/20;Global;coal;1968,196251;1841,292687;114,6038546;-0,816853884;Synthetic price index / US$ equivalent
01/05/20;Global;coal;1888,37633;1903,794592;112,3783619;-1,94190034;Synthetic price index / US$ equivalent
01/06/20;Global;coal;1657,123591;1733,228499;110,2258526;-1,91541262;Synthetic price index / US$ equivalent
01/07/20;Global;coal;1851,643735;1898,215888;102,7206252;-6,808953861;Synthetic price index / US$ equivalent
01/08/20;Global;coal;1769,990406;1808,568672;97,58679209;-4,997860045;Synthetic price index / US$ equivalent
01/09/20;Global;coal;1945,748652;2018,162217;103,7601027;6,325969416;Synthetic price index / US$ equivalent
01/10/20;Global;coal;1879,500726;1867,377221;105,7388947;1,9070837;Synthetic price index / US$ equivalent
01/11/20;Global;coal;1940,698612;1854,053716;104,5424693;-1,131490383;Synthetic price index / US$ equivalent
01/12/20;Global;coal;1763,630985;1746,721404;107,7530979;3,071123772;Synthetic price index / US$ equivalent
01/01/21;Global;coal;1954,577524;1922,636318;103,7663032;-3,699935094;Synthetic price index / US$ equivalent
01/02/21;Global;coal;1847,463049;1943,347944;103,6559343;-0,106363018;Synthetic price index / US$ equivalent
01/03/21;Global;coal;1853,869994;1800,658906;106,4693981;2,714233305;Synthetic price index / US$ equivalent
01/04/21;Global;coal;1793,183534;1659,870146;111,5319474;4,754933641;Synthetic price index / US$ equivalent
01/05/21;Global;coal;1868,345124;1927,009634;106,869422;-4,180439279;Synthetic price index / US$ equivalent
01/06/21;Global;coal;1910,534748;1831,533634;105,5433363;-1,24084673;Synthetic price index / US$ equivalent
01/07/21;Global;coal;1753,657255;1831,678602;108,7439479;3,032509349;Synthetic price index / US$ equivalent
01/08/21;Global;coal;1847,455787;1731,384895;103,4780471;-4,842477098;Synthetic price index / US$ equivalent
01/09/21;Global;coal;1861,727699;1820,82399;101,8100451;-1,611938053;Synthetic price index / US$ equivalent
01/10/21;Global;coal;1907,495195;1988,162396;114,478269;12,44299998;Synthetic price index / US$ equivalent
01/11/21;Global;coal;1934,123881;1871,093375;108,5924607;-5,14141971;Synthetic price index / US$ equivalent
01/12/21;Global;coal;2009,212437;1948,507167;105,3377691;-2,997161654;Synthetic price index / US$ equivalent
01/01/22;Global;coal;2087,85524;2217,021269;107,1348016;1,705971673;Synthetic price index / US$ equivalent
01/02/22;Global;coal;1951,117173;2092,725253;109,799047;2,486816023;Synthetic price index / US$ equivalent
01/03/22;Global;coal;1788,89186;1790,131772;120,5295257;9,772834075;Synthetic price index / US$ equivalent
01/04/22;Global;coal;1910,619451;1928,246917;122,4178156;1,566661733;Synthetic price index / US$ equivalent
01/05/22;Global;coal;1777,659766;1826,210854;118,7522546;-2,994303543;Synthetic price index / US$ equivalent
01/06/22;Global;coal;1831,159708;1749,496199;121,6034379;2,40095083;Synthetic price index / US$ equivalent
01/07/22;Global;coal;1808,449835;1828,342404;115,5643849;-4,966186041;Synthetic price index / US$ equivalent
01/08/22;Global;coal;1858,055776;1803,975601;124,0711615;7,361071166;Synthetic price index / US$ equivalent
01/09/22;Global;coal;1868,230899;1839,809487;127,5857623;2,832729769;Synthetic price index / US$ equivalent
01/10/22;Global;coal;1923,23506;1952,282445;126,8886285;-0,546404083;Synthetic price index / US$ equivalent
01/11/22;Global;coal;2007,114505;2071,920741;131,3065409;3,481724498;Synthetic price index / US$ equivalent
01/12/22;Global;coal;1764,616541;1783,100878;128,8244054;-1,890336559;Synthetic price index / US$ equivalent
01/01/23;Global;coal;1754,775124;1669,688427;119,2441726;-7,436659812;Synthetic price index / US$ equivalent
01/02/23;Global;coal;1855,075252;1834,752782;112,1963048;-5,91045049;Synthetic price index / US$ equivalent
01/03/23;Global;coal;2168,989502;2196,58014;120,3261013;7,246046582;Synthetic price index / US$ equivalent
01/04/23;Global;coal;1838,028377;1895,448131;126,7412416;5,331461955;Synthetic price index / US$ equivalent
01/05/23;Global;coal;1695,01394;1704,795148;132,7508793;4,741659153;Synthetic price index / US$ equivalent
01/06/23;Global;coal;2035,40659;1862,172845;137,3206057;3,44233227;Synthetic price index / US$ equivalent
01/07/23;Global;coal;2053,201287;1975,789939;139,8949044;1,874663138;Synthetic price index / US$ equivalent
01/08/23;Global;coal;1753,143283;1682,258037;143,5696183;2,626767463;Synthetic price index / US$ equivalent
01/09/23;Global;coal;2161,794745;2142,75234;145,240793;1,164017009;Synthetic price index / US$ equivalent
01/10/23;Global;coal;1878,111858;1739,730429;152,6661973;5,112478431;Synthetic price index / US$ equivalent
01/11/23;Global;coal;2013,860149;1996,014102;155,4447172;1,819996801;Synthetic price index / US$ equivalent
01/12/23;Global;coal;2150,296628;2144,896918;159,6089492;2,678915122;Synthetic price index / US$ equivalent
01/01/24;Global;coal;1990,425056;1943,389625;151,0484356;-5,363429611;Synthetic price index / US$ equivalent
01/02/24;Global;coal;2082,639793;2015,534122;141,2422192;-6,492100588;Synthetic price index / US$ equivalent
01/03/24;Global;coal;1953,620744;1859,162365;135,4351151;-4,111450602;Synthetic price index / US$ equivalent
01/04/24;Global;coal;1804,378672;1650,037554;137,4434258;1,482858142;Synthetic price index / US$ equivalent
01/05/24;Global;coal;1956,799441;1791,040139;145,8811005;6,139016655;Synthetic price index / US$ equivalent
01/06/24;Global;coal;1865,676235;1745,813378;141,9087453;-2,723008833;Synthetic price index / US$ equivalent
01/07/24;Global;coal;1803,449757;1742,524707;138,7765363;-2,207199429;Synthetic price index / US$ equivalent
01/08/24;Global;coal;2005,502983;2082,266425;143,3283818;3,279982071;Synthetic price index / US$ equivalent
01/09/24;Global;coal;1764,665823;1701,856484;148,7127568;3,756670462;Synthetic price index / US$ equivalent
01/10/24;Global;coal;1849,403478;1728,047284;152,8190815;2,76124581;Synthetic price index / US$ equivalent
01/11/24;Global;coal;1954,557615;1878,723849;153,1747374;0,232729988;Synthetic price index / US$ equivalent
01/12/24;Global;coal;1894,404592;1834,371838;153,9111741;0,48078209;Synthetic price index / US$ equivalent
01/01/25;Global;coal;1779,513754;1765,164806;144,6853373;-5,99426051;Synthetic price index / US$ equivalent
01/02/25;Global;coal;1793,98959;1701,148937;153,1079897;5,821358632;Synthetic price index / US$ equivalent
01/03/25;Global;coal;1727,394723;1739,216574;152,2657931;-0,550067071;Synthetic price index / US$ equivalent
01/04/25;Global;coal;1933,025139;1843,549719;155,064993;1,838364277;Synthetic price index / US$ equivalent
01/05/25;Global;coal;1734,370104;1700,832908;157,1350525;1,334962497;Synthetic price index / US$ equivalent
01/06/25;Global;coal;1838,08184;1749,758603;152,339593;-3,051807646;Synthetic price index / US$ equivalent
01/07/25;Global;coal;1706,291956;1689,940693;154,5422556;1,445889805;Synthetic price index / US$ equivalent
01/08/25;Global;coal;1995,828934;1972,338701;153,0550905;-0,962303244;Synthetic price index / US$ equivalent
01/09/25;Global;coal;2023,411923;2081,29099;160,4141526;4,808113275;Synthetic price index / US$ equivalent
01/10/25;Global;coal;1619,370729;1641,540307;160,655529;0,150470785;Synthetic price index / US$ equivalent
01/11/25;Global;coal;1919,280481;1975,05772;154,136241;-4,057929466;Synthetic price index / US$ equivalent
01/12/25;Global;coal;1757,816887;1849,057828;142,0045448;-7,870761702;Synthetic price index / US$ equivalent
01/01/26;Global;coal;1551,981709;1496,267569;151,9069383;6,973293378;Synthetic price index / US$ equivalent
01/02/26;Global;coal;1850,389414;1785,994472;156,2642125;2,868383924;Synthetic price index / US$ equivalent
01/03/26;Global;coal;1806,007835;1778,968256;156,4893553;0,144078324;Synthetic price index / US$ equivalent
01/04/26;Global;coal;1910,109392;1876,669131;149,7395326;-4,31327914;Synthetic price index / US$ equivalent
01/05/26;Global;coal;1960,707044;1809,660565;144,0272153;-3,814835829;Synthetic price index / US$ equivalent
01/06/26;Global;coal;1993,52822;2114,168143;145,4755998;1,005632529;Synthetic price index / US$ equivalent
01/07/26;Global;coal;1848,826511;1858,454102;144,8449824;-0,433486727;Synthetic price index / US$ equivalent
01/08/26;Global;coal;1818,907212;1758,69324;142,8542857;-1,374363611;Synthetic price index / US$ equivalent
01/09/26;Global;coal;2004,91099;2118,096789;137,2166152;-3,946448231;Synthetic price index / US$ equivalent
01/01/80;Global;copper;995,6472149;1056,304681;1,262777048;;Synthetic price index / US$ equivalent
01/02/80;Global;copper;1038,85614;1067,412727;1,249852951;-1,023466318;Synthetic price index / US$ equivalent
01/03/80;Global;copper;1043,059814;1084,070887;1,261727247;0,950055451;Synthetic price index / US$ equivalent
01/04/80;Global;copper;947,3612033;913,0790286;1,229925726;-2,52047507;Synthetic price index / US$ equivalent
01/05/80;Global;copper;1080,295868;977,6535875;1,155179991;-6,077255975;Synthetic price index / US$ equivalent
01/06/80;Global;copper;1064,837629;1050,986057;1,193346965;3,303984972;Synthetic price index / US$ equivalent
01/07/80;Global;copper;968,929415;955,2240891;1,286667569;7,82007302;Synthetic price index / US$ equivalent
01/08/80;Global;copper;956,9157249;878,2307083;1,184072566;-7,973699301;Synthetic price index / US$ equivalent
01/09/80;Global;copper;1067,291274;1057,276376;1,214983159;2,610532025;Synthetic price index / US$ equivalent
01/10/80;Global;copper;1095,729172;1124,220227;1,214161047;-0,067664504;Synthetic price index / US$ equivalent
01/11/80;Global;copper;1089,731187;1175,489911;1,274867236;4,999846514;Synthetic price index / US$ equivalent
01/12/80;Global;copper;1008,783201;1019,494744;1,20196468;-5,718442996;Synthetic price index / US$ equivalent
01/01/81;Global;copper;981,5921915;973,1633311;1,221213595;1,601454338;Synthetic price index / US$ equivalent
01/02/81;Global;copper;1019,123444;961,9010887;1,274652297;4,375868536;Synthetic price index / US$ equivalent
01/03/81;Global;copper;965,2751138;889,9533152;1,297616558;1,801609866;Synthetic price index / US$ equivalent
01/04/81;Global;copper;1068,875856;982,7004414;1,322103145;1,887043313;Synthetic price index / US$ equivalent
01/05/81;Global;copper;952,0313761;970,005463;1,335081102;0,981614604;Synthetic price index / US$ equivalent
01/06/81;Global;copper;1054,976913;1035,877011;1,255563745;-5,955994486;Synthetic price index / US$ equivalent
01/07/81;Global;copper;1098,828044;1084,354098;1,285726595;2,402335215;Synthetic price index / US$ equivalent
01/08/81;Global;copper;1065,837299;1045,401915;1,309437557;1,844168239;Synthetic price index / US$ equivalent
01/09/81;Global;copper;1073,728362;1145,108328;1,380490855;5,426245611;Synthetic price index / US$ equivalent
01/10/81;Global;copper;942,7707555;942,5029204;1,415821204;2,559259918;Synthetic price index / US$ equivalent
01/11/81;Global;copper;948,5540107;903,0020124;1,407060286;-0,618787008;Synthetic price index / US$ equivalent
01/12/81;Global;copper;1009,282633;994,8397603;1,320806996;-6,130035194;Synthetic price index / US$ equivalent
01/01/82;Global;copper;1050,709982;1068,353595;1,219921419;-7,638177021;Synthetic price index / US$ equivalent
01/02/82;Global;copper;1055,624203;1013,921444;1,236622135;1,368999328;Synthetic price index / US$ equivalent
01/03/82;Global;copper;1074,098119;1061,550822;1,19704989;-3,200027231;Synthetic price index / US$ equivalent
01/04/82;Global;copper;963,1730261;971,0487282;1,257247252;5,028809803;Synthetic price index / US$ equivalent
01/05/82;Global;copper;1027,766026;932,3791642;1,299546667;3,364446818;Synthetic price index / US$ equivalent
01/06/82;Global;copper;1079,918286;1073,069192;1,316000495;1,266120568;Synthetic price index / US$ equivalent
01/07/82;Global;copper;969,5431601;1002,509998;1,301851731;-1,075133674;Synthetic price index / US$ equivalent
01/08/82;Global;copper;1037,059401;983,3595366;1,299660135;-0,16834446;Synthetic price index / US$ equivalent
01/09/82;Global;copper;982,3060587;948,9916763;1,377987575;6,026763299;Synthetic price index / US$ equivalent
01/10/82;Global;copper;1020,837102;1076,161912;1,334531469;-3,153592051;Synthetic price index / US$ equivalent
01/11/82;Global;copper;1013,243636;995,4050834;1,394498794;4,493511481;Synthetic price index / US$ equivalent
01/12/82;Global;copper;1097,755342;1006,623179;1,310049485;-6,055889703;Synthetic price index / US$ equivalent
01/01/83;Global;copper;907,9234795;903,1381737;1,348965257;2,970557443;Synthetic price index / US$ equivalent
01/02/83;Global;copper;981,3141577;932,8679392;1,458560795;8,124415138;Synthetic price index / US$ equivalent
01/03/83;Global;copper;1018,296022;1045,84902;1,549630372;6,243797129;Synthetic price index / US$ equivalent
01/04/83;Global;copper;998,8268963;994,5795125;1,435293359;-7,378341014;Synthetic price index / US$ equivalent
01/05/83;Global;copper;1034,447554;1024,845079;1,470681764;2,465586912;Synthetic price index / US$ equivalent
01/06/83;Global;copper;976,2274476;965,5302233;1,444448361;-1,783757942;Synthetic price index / US$ equivalent
01/07/83;Global;copper;1009,378234;984,7635225;1,428646206;-1,093992371;Synthetic price index / US$ equivalent
01/08/83;Global;copper;985,9153924;956,7278429;1,319441643;-7,643919292;Synthetic price index / US$ equivalent
01/09/83;Global;copper;976,4638741;991,8652789;1,26257048;-4,310244654;Synthetic price index / US$ equivalent
01/10/83;Global;copper;1013,835943;1048,251268;1,294950758;2,564631278;Synthetic price index / US$ equivalent
01/11/83;Global;copper;976,789092;1005,239887;1,205359781;-6,918485221;Synthetic price index / US$ equivalent
01/12/83;Global;copper;989,8344405;998,0198745;1,180220494;-2,08562516;Synthetic price index / US$ equivalent
01/01/84;Global;copper;970,3823073;941,6417711;1,121069996;-5,011817544;Synthetic price index / US$ equivalent
01/02/84;Global;copper;1026,458571;1078,408995;1,161807256;3,633783744;Synthetic price index / US$ equivalent
01/03/84;Global;copper;1036,327981;1052,95638;1,217748947;4,815057841;Synthetic price index / US$ equivalent
01/04/84;Global;copper;1117,694039;1051,943927;1,215923243;-0,149924524;Synthetic price index / US$ equivalent
01/05/84;Global;copper;1078,910442;972,5161048;1,145725482;-5,773206579;Synthetic price index / US$ equivalent
01/06/84;Global;copper;1145,280536;1076,585859;1,126872585;-1,645498645;Synthetic price index / US$ equivalent
01/07/84;Global;copper;989,9913068;909,9480529;1,103798678;-2,047605629;Synthetic price index / US$ equivalent
01/08/84;Global;copper;1059,89464;1060,963336;1,064257501;-3,582281617;Synthetic price index / US$ equivalent
01/09/84;Global;copper;1049,705283;994,7665835;1,040398352;-2,241858673;Synthetic price index / US$ equivalent
01/10/84;Global;copper;1063,997263;1090,756231;1,016667433;-2,280945451;Synthetic price index / US$ equivalent
01/11/84;Global;copper;1077,411035;1070,962818;0,969962569;-4,593917621;Synthetic price index / US$ equivalent
01/12/84;Global;copper;1057,563828;1042,234978;0,941406259;-2,944063075;Synthetic price index / US$ equivalent
01/01/85;Global;copper;1042,548871;1031,899521;0,953868803;1,323822118;Synthetic price index / US$ equivalent
01/02/85;Global;copper;1036,26965;1024,72768;0,920797852;-3,467033512;Synthetic price index / US$ equivalent
01/03/85;Global;copper;1061,756382;998,712904;0,833936322;-9,433289836;Synthetic price index / US$ equivalent
01/04/85;Global;copper;1106,765495;1066,860091;0,81324193;-2,481531481;Synthetic price index / US$ equivalent
01/05/85;Global;copper;1123,51757;1150,027331;0,745703714;-8,304812283;Synthetic price index / US$ equivalent
01/06/85;Global;copper;1036,896689;1089,405149;0,778016861;4,333242061;Synthetic price index / US$ equivalent
01/07/85;Global;copper;1040,128073;1115,04793;0,807464645;3,784980141;Synthetic price index / US$ equivalent
01/08/85;Global;copper;1053,243863;1078,496408;0,80891556;0,179687798;Synthetic price index / US$ equivalent
01/09/85;Global;copper;1131,90072;1035,127112;0,822725207;1,707180269;Synthetic price index / US$ equivalent
01/10/85;Global;copper;1049,956586;1065,857505;0,763935131;-7,145773001;Synthetic price index / US$ equivalent
01/11/85;Global;copper;1105,218327;1177,110255;0,761981843;-0,25568767;Synthetic price index / US$ equivalent
01/12/85;Global;copper;1022,36311;1047,496226;0,756719887;-0,690561897;Synthetic price index / US$ equivalent
01/01/86;Global;copper;1099,024175;1078,715592;0,837252156;10,64228266;Synthetic price index / US$ equivalent
01/02/86;Global;copper;1018,42771;999,895229;0,872806019;4,246494076;Synthetic price index / US$ equivalent
01/03/86;Global;copper;1034,199675;1029,171417;0,867240944;-0,637607369;Synthetic price index / US$ equivalent
01/04/86;Global;copper;1085,837617;1141,06708;0,88120384;1,610036592;Synthetic price index / US$ equivalent
01/05/86;Global;copper;998,6040316;1005,15803;0,856175214;-2,840276605;Synthetic price index / US$ equivalent
01/06/86;Global;copper;1108,764073;1091,386897;0,880874058;2,884788488;Synthetic price index / US$ equivalent
01/07/86;Global;copper;1086,416243;1056,970081;0,822269298;-6,653023698;Synthetic price index / US$ equivalent
01/08/86;Global;copper;1074,301826;1075,347741;0,800051067;-2,702062615;Synthetic price index / US$ equivalent
01/09/86;Global;copper;1152,155539;1094,190351;0,759811283;-5,029651973;Synthetic price index / US$ equivalent
01/10/86;Global;copper;1117,199312;1057,650054;0,726765544;-4,349203462;Synthetic price index / US$ equivalent
01/11/86;Global;copper;1097,452021;1124,083189;0,737237955;1,440961416;Synthetic price index / US$ equivalent
01/12/86;Global;copper;1007,500143;953,6422219;0,768999536;4,308185797;Synthetic price index / US$ equivalent
01/01/87;Global;copper;1184,764097;1181,923956;0,769487836;0,063498055;Synthetic price index / US$ equivalent
01/02/87;Global;copper;1052,893987;1045,051309;0,680528657;-11,56082973;Synthetic price index / US$ equivalent
01/03/87;Global;copper;1137,82857;1074,210161;0,688692528;1,199636657;Synthetic price index / US$ equivalent
01/04/87;Global;copper;1100,629861;1138,229097;0,63338776;-8,030400463;Synthetic price index / US$ equivalent
01/05/87;Global;copper;1085,388147;1063,925397;0,610898657;-3,550605995;Synthetic price index / US$ equivalent
01/06/87;Global;copper;1037,689798;968,8297656;0,650599087;6,49869342;Synthetic price index / US$ equivalent
01/07/87;Global;copper;1028,791177;967,7385136;0,687983931;5,746218335;Synthetic price index / US$ equivalent
01/08/87;Global;copper;1039,462193;1011,652014;0,673341362;-2,128330166;Synthetic price index / US$ equivalent
01/09/87;Global;copper;1094,257194;1009,753636;0,645706582;-4,104126318;Synthetic price index / US$ equivalent
01/10/87;Global;copper;1045,921663;1068,62558;0,619717623;-4,024886847;Synthetic price index / US$ equivalent
01/11/87;Global;copper;1018,930191;991,5224179;0,5803103;-6,358915902;Synthetic price index / US$ equivalent
01/12/87;Global;copper;1044,063307;1011,542593;0,598174259;3,078345983;Synthetic price index / US$ equivalent
01/01/88;Global;copper;1118,061599;1087,45109;0,578276256;-3,326455838;Synthetic price index / US$ equivalent
01/02/88;Global;copper;1056,77586;1097,151558;0,566295021;-2,071887768;Synthetic price index / US$ equivalent
01/03/88;Global;copper;1115,359704;1160,348722;0,562701147;-0,634629405;Synthetic price index / US$ equivalent
01/04/88;Global;copper;1132,586311;1160,48611;0,571886859;1,632431806;Synthetic price index / US$ equivalent
01/05/88;Global;copper;1115,57342;1114,873297;0,575140883;0,568997836;Synthetic price index / US$ equivalent
01/06/88;Global;copper;1028,674402;935,9790415;0,57093528;-0,731230067;Synthetic price index / US$ equivalent
01/07/88;Global;copper;909,3690046;922,203843;0,574548825;0,632916757;Synthetic price index / US$ equivalent
01/08/88;Global;copper;972,3367695;899,8629005;0,573867292;-0,118620521;Synthetic price index / US$ equivalent
01/09/88;Global;copper;1100,442336;1100,283311;0,593473417;3,416491152;Synthetic price index / US$ equivalent
01/10/88;Global;copper;1197,857416;1145,471621;0,549991984;-7,326601636;Synthetic price index / US$ equivalent
01/11/88;Global;copper;1140,719397;1118,520838;0,557613524;1,385754747;Synthetic price index / US$ equivalent
01/12/88;Global;copper;1141,392275;1154,918656;0,548485061;-1,637059191;Synthetic price index / US$ equivalent
01/01/89;Global;copper;1119,589093;1106,222607;0,555120206;1,209722203;Synthetic price index / US$ equivalent
01/02/89;Global;copper;1139,07484;1118,335031;0,551110453;-0,722321628;Synthetic price index / US$ equivalent
01/03/89;Global;copper;1128,346191;1181,290092;0,512713805;-6,967142036;Synthetic price index / US$ equivalent
01/04/89;Global;copper;1111,197967;1087,370385;0,506677197;-1,177383601;Synthetic price index / US$ equivalent
01/05/89;Global;copper;1134,937705;1109,453149;0,503766201;-0,574526741;Synthetic price index / US$ equivalent
01/06/89;Global;copper;1236,045462;1196,456497;0,493236808;-2,090134776;Synthetic price index / US$ equivalent
01/07/89;Global;copper;1166,346439;1147,767224;0,480478887;-2,586571258;Synthetic price index / US$ equivalent
01/08/89;Global;copper;1237,176615;1182,48395;0,498451053;3,740469566;Synthetic price index / US$ equivalent
01/09/89;Global;copper;1162,091822;1123,649138;0,460140488;-7,685923328;Synthetic price index / US$ equivalent
01/10/89;Global;copper;1226,582471;1204,488137;0,464318598;0,908007625;Synthetic price index / US$ equivalent
01/11/89;Global;copper;1118,524785;1158,75185;0,464247545;-0,015302619;Synthetic price index / US$ equivalent
01/12/89;Global;copper;1114,265389;1131,331158;0,476795037;2,702758933;Synthetic price index / US$ equivalent
01/01/90;Global;copper;1302,476148;1245,600257;0,48369788;1,447758996;Synthetic price index / US$ equivalent
01/02/90;Global;copper;1190,304929;1132,834021;0,463645639;-4,145612844;Synthetic price index / US$ equivalent
01/03/90;Global;copper;1125,655445;1081,594707;0,443131914;-4,424440467;Synthetic price index / US$ equivalent
01/04/90;Global;copper;1308,001638;1206,153758;0,434547364;-1,937244667;Synthetic price index / US$ equivalent
01/05/90;Global;copper;1237,882807;1166,067571;0,406990537;-6,341501412;Synthetic price index / US$ equivalent
01/06/90;Global;copper;1324,805943;1339,888109;0,412886281;1,448619414;Synthetic price index / US$ equivalent
01/07/90;Global;copper;1222,916497;1233,430807;0,38085627;-7,757586761;Synthetic price index / US$ equivalent
01/08/90;Global;copper;1175,454259;1148,170715;0,403402676;5,919925201;Synthetic price index / US$ equivalent
01/09/90;Global;copper;1170,842438;1130,255306;0,429163192;6,385806935;Synthetic price index / US$ equivalent
01/10/90;Global;copper;1193,341184;1172,807144;0,418784408;-2,41837695;Synthetic price index / US$ equivalent
01/11/90;Global;copper;1146,140828;1155,042253;0,422617691;0,915335535;Synthetic price index / US$ equivalent
01/12/90;Global;copper;1288,383628;1219,580202;0,443611852;4,967648414;Synthetic price index / US$ equivalent
01/01/91;Global;copper;1206,662999;1148,008181;0,451858645;1,859011138;Synthetic price index / US$ equivalent
01/02/91;Global;copper;1248,782549;1261,852573;0,461368819;2,104678956;Synthetic price index / US$ equivalent
01/03/91;Global;copper;1349,390276;1245,147051;0,460051426;-0,285540082;Synthetic price index / US$ equivalent
01/04/91;Global;copper;1223,066462;1242,055663;0,426802546;-7,227209425;Synthetic price index / US$ equivalent
01/05/91;Global;copper;1319,224173;1288,252018;0,415782381;-2,582028903;Synthetic price index / US$ equivalent
01/06/91;Global;copper;1137,473634;1140,168797;0,403128377;-3,04341997;Synthetic price index / US$ equivalent
01/07/91;Global;copper;1145,890585;1073,974792;0,423053691;4,942672017;Synthetic price index / US$ equivalent
01/08/91;Global;copper;1277,52417;1278,372991;0,436512946;3,181453282;Synthetic price index / US$ equivalent
01/09/91;Global;copper;1085,855102;1069,004481;0,450269847;3,151544774;Synthetic price index / US$ equivalent
01/10/91;Global;copper;1143,094524;1103,028942;0,460787406;2,335834692;Synthetic price index / US$ equivalent
01/11/91;Global;copper;1372,201517;1341,555882;0,446212579;-3,163026331;Synthetic price index / US$ equivalent
01/12/91;Global;copper;1206,44603;1265,658106;0,484155252;8,503272661;Synthetic price index / US$ equivalent
01/01/92;Global;copper;1108,275633;1078,805399;0,49836201;2,93433943;Synthetic price index / US$ equivalent
01/02/92;Global;copper;1127,281385;1021,141542;0,506628214;1,658674655;Synthetic price index / US$ equivalent
01/03/92;Global;copper;1111,190204;1139,186822;0,543385901;7,255357149;Synthetic price index / US$ equivalent
01/04/92;Global;copper;1012,236973;1015,067673;0,56077619;3,200357079;Synthetic price index / US$ equivalent
01/05/92;Global;copper;1260,952299;1174,621401;0,583416384;4,037295877;Synthetic price index / US$ equivalent
01/06/92;Global;copper;1089,417282;1119,206901;0,546059983;-6,403042832;Synthetic price index / US$ equivalent
01/07/92;Global;copper;1224,552722;1281,358821;0,548035532;0,361782393;Synthetic price index / US$ equivalent
01/08/92;Global;copper;1111,96603;1060,549752;0,539578113;-1,543224533;Synthetic price index / US$ equivalent
01/09/92;Global;copper;1181,381281;1152,362803;0,51634259;-4,306239064;Synthetic price index / US$ equivalent
01/10/92;Global;copper;1088,21464;1110,953533;0,507268431;-1,757391001;Synthetic price index / US$ equivalent
01/11/92;Global;copper;1142,182123;1135,760731;0,500859739;-1,263372934;Synthetic price index / US$ equivalent
01/12/92;Global;copper;1072,508282;1037,997822;0,486324038;-2,902149995;Synthetic price index / US$ equivalent
01/01/93;Global;copper;1291,668534;1255,452383;0,467500351;-3,870605994;Synthetic price index / US$ equivalent
01/02/93;Global;copper;1156,81069;1194,049398;0,471150143;0,780703598;Synthetic price index / US$ equivalent
01/03/93;Global;copper;1245,162126;1269,840605;0,493740431;4,794711083;Synthetic price index / US$ equivalent
01/04/93;Global;copper;1108,934232;1120,444559;0,462738978;-6,27889697;Synthetic price index / US$ equivalent
01/05/93;Global;copper;1265,232637;1223,12704;0,441668117;-4,553509157;Synthetic price index / US$ equivalent
01/06/93;Global;copper;1226,830994;1234,261761;0,470396779;6,504581439;Synthetic price index / US$ equivalent
01/07/93;Global;copper;1326,821193;1291,291215;0,485085063;3,122530698;Synthetic price index / US$ equivalent
01/08/93;Global;copper;1101,960188;1122,217579;0,481504742;-0,738080973;Synthetic price index / US$ equivalent
01/09/93;Global;copper;1203,794698;1224,34633;0,482734124;0,255320792;Synthetic price index / US$ equivalent
01/10/93;Global;copper;1208,399068;1147,673077;0,496081286;2,764909627;Synthetic price index / US$ equivalent
01/11/93;Global;copper;1227,337157;1129,21766;0,514152506;3,642794161;Synthetic price index / US$ equivalent
01/12/93;Global;copper;1211,360781;1239,499332;0,490492081;-4,601830181;Synthetic price index / US$ equivalent
01/01/94;Global;copper;1122,3414;1099,674778;0,498860597;1,706146939;Synthetic price index / US$ equivalent
01/02/94;Global;copper;1147,307274;1082,172806;0,476557791;-4,470749064;Synthetic price index / US$ equivalent
01/03/94;Global;copper;1172,272931;1196,81355;0,492560087;3,357891941;Synthetic price index / US$ equivalent
01/04/94;Global;copper;1310,169776;1289,960337;0,476815276;-3,196526019;Synthetic price index / US$ equivalent
01/05/94;Global;copper;1199,29931;1095,845554;0,470068527;-1,414960614;Synthetic price index / US$ equivalent
01/06/94;Global;copper;1157,374658;1198,223349;0,506221007;7,690895729;Synthetic price index / US$ equivalent
01/07/94;Global;copper;1278,495178;1280,011102;0,496694318;-1,881922902;Synthetic price index / US$ equivalent
01/08/94;Global;copper;1159,485302;1108,249837;0,470472645;-5,279237594;Synthetic price index / US$ equivalent
01/09/94;Global;copper;1338,726993;1339,780855;0,46388113;-1,401041057;Synthetic price index / US$ equivalent
01/10/94;Global;copper;1140,892913;1030,587856;0,473145908;1,997230929;Synthetic price index / US$ equivalent
01/11/94;Global;copper;1069,319978;974,7009368;0,469133988;-0,847924445;Synthetic price index / US$ equivalent
01/12/94;Global;copper;1102,969105;1030,547929;0,468974514;-0,033993318;Synthetic price index / US$ equivalent
01/01/95;Global;copper;1244,259459;1169,361026;0,475773312;1,449715849;Synthetic price index / US$ equivalent
01/02/95;Global;copper;1195,759902;1263,79997;0,51195975;7,605815204;Synthetic price index / US$ equivalent
01/03/95;Global;copper;1083,812638;983,4783674;0,51714465;1,012755228;Synthetic price index / US$ equivalent
01/04/95;Global;copper;1018,193361;1026,346643;0,530040504;2,493664849;Synthetic price index / US$ equivalent
01/05/95;Global;copper;1161,56017;1117,729009;0,55071427;3,900412499;Synthetic price index / US$ equivalent
01/06/95;Global;copper;1338,430454;1308,281168;0,579694843;5,262361083;Synthetic price index / US$ equivalent
01/07/95;Global;copper;1443,04283;1471,285471;0,567915207;-2,032040855;Synthetic price index / US$ equivalent
01/08/95;Global;copper;1349,819394;1301,76889;0,544210845;-4,173926338;Synthetic price index / US$ equivalent
01/09/95;Global;copper;1189,800131;1226,761878;0,536788942;-1,363791881;Synthetic price index / US$ equivalent
01/10/95;Global;copper;1319,643518;1236,472035;0,523771727;-2,42501539;Synthetic price index / US$ equivalent
01/11/95;Global;copper;1213,417923;1203,206615;0,519426289;-0,829643567;Synthetic price index / US$ equivalent
01/12/95;Global;copper;1283,38932;1209,995529;0,537738526;3,525473671;Synthetic price index / US$ equivalent
01/01/96;Global;copper;1224,130988;1288,441367;0,561132665;4,350467388;Synthetic price index / US$ equivalent
01/02/96;Global;copper;1306,477594;1311,8203;0,608257881;8,398230765;Synthetic price index / US$ equivalent
01/03/96;Global;copper;1279,943929;1341,896135;0,5994845;-1,442378445;Synthetic price index / US$ equivalent
01/04/96;Global;copper;1279,090812;1372,477505;0,587790477;-1,95067992;Synthetic price index / US$ equivalent
01/05/96;Global;copper;1302,721137;1253,867517;0,621998381;5,819744517;Synthetic price index / US$ equivalent
01/06/96;Global;copper;1336,991468;1233,68743;0,620708254;-0,207416463;Synthetic price index / US$ equivalent
01/07/96;Global;copper;1286,337582;1223,286553;0,630118989;1,516128657;Synthetic price index / US$ equivalent
01/08/96;Global;copper;1238,536239;1213,451023;0,658168832;4,45151526;Synthetic price index / US$ equivalent
01/09/96;Global;copper;1263,223008;1302,246725;0,645475592;-1,928569002;Synthetic price index / US$ equivalent
01/10/96;Global;copper;1174,086225;1113,667549;0,648058042;0,400084745;Synthetic price index / US$ equivalent
01/11/96;Global;copper;1219,734171;1245,418071;0,656351572;1,279751229;Synthetic price index / US$ equivalent
01/12/96;Global;copper;1327,974647;1309,60279;0,628868126;-4,187305656;Synthetic price index / US$ equivalent
01/01/97;Global;copper;1310,502602;1399,178208;0,585872476;-6,836989878;Synthetic price index / US$ equivalent
01/02/97;Global;copper;1280,688803;1199,261371;0,579541397;-1,080624008;Synthetic price index / US$ equivalent
01/03/97;Global;copper;1112,719621;1195,178828;0,524288548;-9,533891765;Synthetic price index / US$ equivalent
01/04/97;Global;copper;1259,732318;1130,538967;0,548916154;4,697338237;Synthetic price index / US$ equivalent
01/05/97;Global;copper;1314,180115;1232,943308;0,533806854;-2,752569779;Synthetic price index / US$ equivalent
01/06/97;Global;copper;1412,184572;1355,805642;0,571815111;7,120226527;Synthetic price index / US$ equivalent
01/07/97;Global;copper;1278,801719;1290,862212;0,596062925;4,240498957;Synthetic price index / US$ equivalent
01/08/97;Global;copper;1121,867252;1123,113859;0,663144465;11,25410385;Synthetic price index / US$ equivalent
01/09/97;Global;copper;1247,794493;1251,968515;0,635198022;-4,214231584;Synthetic price index / US$ equivalent
01/10/97;Global;copper;1454,409007;1506,622733;0,640351789;0,811363785;Synthetic price index / US$ equivalent
01/11/97;Global;copper;1236,24446;1304,954439;0,639852993;-0,077893991;Synthetic price index / US$ equivalent
01/12/97;Global;copper;1175,930364;1198,355876;0,62556282;-2,233352542;Synthetic price index / US$ equivalent
01/01/98;Global;copper;1227,731725;1167,555297;0,616586916;-1,43485262;Synthetic price index / US$ equivalent
01/02/98;Global;copper;1343,610502;1360,102542;0,627443644;1,760778356;Synthetic price index / US$ equivalent
01/03/98;Global;copper;1310,320967;1307,988669;0,617842648;-1,530176626;Synthetic price index / US$ equivalent
01/04/98;Global;copper;1169,104385;1139,906888;0,617069313;-0,12516703;Synthetic price index / US$ equivalent
01/05/98;Global;copper;1321,845126;1389,574897;0,610401611;-1,080543541;Synthetic price index / US$ equivalent
01/06/98;Global;copper;1245,783618;1262,625566;0,590665327;-3,233327647;Synthetic price index / US$ equivalent
01/07/98;Global;copper;1326,096448;1339,807306;0,636921238;7,831153945;Synthetic price index / US$ equivalent
01/08/98;Global;copper;1283,873456;1225,310511;0,590968843;-7,214768822;Synthetic price index / US$ equivalent
01/09/98;Global;copper;1403,789299;1433,628104;0,570052832;-3,539274623;Synthetic price index / US$ equivalent
01/10/98;Global;copper;1361,956432;1340,170723;0,607381336;6,548253404;Synthetic price index / US$ equivalent
01/11/98;Global;copper;1308,23266;1301,529881;0,611453611;0,67046425;Synthetic price index / US$ equivalent
01/12/98;Global;copper;1228,937643;1264,112165;0,639041222;4,511807647;Synthetic price index / US$ equivalent
01/01/99;Global;copper;1358,90362;1310,997059;0,603658574;-5,53683347;Synthetic price index / US$ equivalent
01/02/99;Global;copper;1341,70006;1298,374218;0,584663561;-3,146648452;Synthetic price index / US$ equivalent
01/03/99;Global;copper;1282,551364;1291,436273;0,588277068;0,618049115;Synthetic price index / US$ equivalent
01/04/99;Global;copper;1299,910387;1301,473729;0,560694281;-4,688740917;Synthetic price index / US$ equivalent
01/05/99;Global;copper;1263,906584;1193,676481;0,572754876;2,151010984;Synthetic price index / US$ equivalent
01/06/99;Global;copper;1258,37537;1281,190558;0,622583681;8,699848093;Synthetic price index / US$ equivalent
01/07/99;Global;copper;1436,096371;1528,076236;0,634188925;1,864045744;Synthetic price index / US$ equivalent
01/08/99;Global;copper;1203,224693;1123,762035;0,639748231;0,876600828;Synthetic price index / US$ equivalent
01/09/99;Global;copper;1268,53034;1281,348639;0,607876675;-4,981890463;Synthetic price index / US$ equivalent
01/10/99;Global;copper;1196,727853;1124,782741;0,591748665;-2,65317124;Synthetic price index / US$ equivalent
01/11/99;Global;copper;1294,708567;1261,216021;0,588377967;-0,569616602;Synthetic price index / US$ equivalent
01/12/99;Global;copper;1262,795358;1336,282949;0,611355198;3,905182177;Synthetic price index / US$ equivalent
01/01/00;Global;copper;1325,514356;1249,322193;0,586600743;-4,049111699;Synthetic price index / US$ equivalent
01/02/00;Global;copper;1343,418017;1305,033881;0,592317231;0,974510741;Synthetic price index / US$ equivalent
01/03/00;Global;copper;1494,056997;1552,100291;0,544428452;-8,084988352;Synthetic price index / US$ equivalent
01/04/00;Global;copper;1205,506994;1165,713804;0,550291288;1,076879218;Synthetic price index / US$ equivalent
01/05/00;Global;copper;1314,300874;1326,18663;0,561770654;2,086052614;Synthetic price index / US$ equivalent
01/06/00;Global;copper;1309,630048;1322,580693;0,553690365;-1,438360925;Synthetic price index / US$ equivalent
01/07/00;Global;copper;1424,337833;1421,352258;0,59565061;7,578287167;Synthetic price index / US$ equivalent
01/08/00;Global;copper;1364,419766;1382,950465;0,581049237;-2,451331961;Synthetic price index / US$ equivalent
01/09/00;Global;copper;1417,319299;1445,85259;0,567302857;-2,365785734;Synthetic price index / US$ equivalent
01/10/00;Global;copper;1356,559457;1349,295222;0,56585179;-0,255783432;Synthetic price index / US$ equivalent
01/11/00;Global;copper;1389,703726;1455,292066;0,52789969;-6,707074375;Synthetic price index / US$ equivalent
01/12/00;Global;copper;1373,595827;1357,168037;0,523999443;-0,73882349;Synthetic price index / US$ equivalent
01/01/01;Global;copper;1315,042614;1322,423936;0,540410782;3,131938219;Synthetic price index / US$ equivalent
01/02/01;Global;copper;1462,643371;1470,160289;0,570033215;5,481466036;Synthetic price index / US$ equivalent
01/03/01;Global;copper;1332,000992;1242,077202;0,599606098;5,18792283;Synthetic price index / US$ equivalent
01/04/01;Global;copper;1363,506465;1327,974001;0,616915359;2,886772008;Synthetic price index / US$ equivalent
01/05/01;Global;copper;1461,786134;1403,632284;0,643438593;4,299331155;Synthetic price index / US$ equivalent
01/06/01;Global;copper;1474,07443;1460,497472;0,63680525;-1,030921044;Synthetic price index / US$ equivalent
01/07/01;Global;copper;1432,672113;1468,595578;0,664155048;4,29484497;Synthetic price index / US$ equivalent
01/08/01;Global;copper;1303,761555;1246,809168;0,638682309;-3,835360304;Synthetic price index / US$ equivalent
01/09/01;Global;copper;1277,55056;1206,696552;0,657308288;2,91631368;Synthetic price index / US$ equivalent
01/10/01;Global;copper;1261,759847;1252,066656;0,637140416;-3,068251649;Synthetic price index / US$ equivalent
01/11/01;Global;copper;1351,838368;1313,14879;0,683250943;7,237105978;Synthetic price index / US$ equivalent
01/12/01;Global;copper;1381,079062;1389,882393;0,69846826;2,227192991;Synthetic price index / US$ equivalent
01/01/02;Global;copper;1415,916029;1505,766242;0,698730777;0,037584645;Synthetic price index / US$ equivalent
01/02/02;Global;copper;1309,691644;1199,435362;0,71259685;1,984465761;Synthetic price index / US$ equivalent
01/03/02;Global;copper;1357,107795;1265,403937;0,730377266;2,495157803;Synthetic price index / US$ equivalent
01/04/02;Global;copper;1378,74495;1347,316089;0,764989133;4,738902506;Synthetic price index / US$ equivalent
01/05/02;Global;copper;1363,480075;1363,772402;0,714509621;-6,598722652;Synthetic price index / US$ equivalent
01/06/02;Global;copper;1464,679053;1495,620199;0,739442736;3,489542206;Synthetic price index / US$ equivalent
01/07/02;Global;copper;1477,690472;1437,574903;0,701061313;-5,190587643;Synthetic price index / US$ equivalent
01/08/02;Global;copper;1467,041306;1527,066312;0,721797455;2,957821487;Synthetic price index / US$ equivalent
01/09/02;Global;copper;1403,162657;1307,873193;0,736181404;1,992795683;Synthetic price index / US$ equivalent
01/10/02;Global;copper;1412,116057;1417,857916;0,748916638;1,729904351;Synthetic price index / US$ equivalent
01/11/02;Global;copper;1310,721452;1293,594126;0,793758748;5,987597063;Synthetic price index / US$ equivalent
01/12/02;Global;copper;1456,987201;1355,398605;0,798617728;0,612148234;Synthetic price index / US$ equivalent
01/01/03;Global;copper;1324,863661;1335,358251;0,870339729;8,980767363;Synthetic price index / US$ equivalent
01/02/03;Global;copper;1542,587277;1536,241255;0,904280416;3,89970559;Synthetic price index / US$ equivalent
01/03/03;Global;copper;1305,590695;1301,093579;0,941326748;4,096774854;Synthetic price index / US$ equivalent
01/04/03;Global;copper;1424,364654;1378,075849;0,877872757;-6,740910309;Synthetic price index / US$ equivalent
01/05/03;Global;copper;1471,38565;1517,499053;0,897891867;2,280411347;Synthetic price index / US$ equivalent
01/06/03;Global;copper;1369,53315;1377,706648;0,919736;2,432824475;Synthetic price index / US$ equivalent
01/07/03;Global;copper;1406,636154;1481,018545;0,863368823;-6,128625653;Synthetic price index / US$ equivalent
01/08/03;Global;copper;1522,464089;1499,834444;0,875921341;1,453899835;Synthetic price index / US$ equivalent
01/09/03;Global;copper;1487,025845;1649,032812;0,890745912;1,692454625;Synthetic price index / US$ equivalent
01/10/03;Global;copper;1345,639828;1321,856082;0,89831841;0,850129876;Synthetic price index / US$ equivalent
01/11/03;Global;copper;1299,072317;1280,840343;0,841434719;-6,332241411;Synthetic price index / US$ equivalent
01/12/03;Global;copper;1458,050858;1528,900125;0,899621642;6,915203425;Synthetic price index / US$ equivalent
01/01/04;Global;copper;1406,254543;1440,767286;0,892229319;-0,821714619;Synthetic price index / US$ equivalent
01/02/04;Global;copper;1443,677935;1376,16816;0,899681982;0,835285592;Synthetic price index / US$ equivalent
01/03/04;Global;copper;1378,236715;1256,406461;0,857787948;-4,656538125;Synthetic price index / US$ equivalent
01/04/04;Global;copper;1389,263903;1291,787197;0,886871579;3,390538603;Synthetic price index / US$ equivalent
01/05/04;Global;copper;1364,701956;1381,020353;0,902426069;1,753860414;Synthetic price index / US$ equivalent
01/06/04;Global;copper;1533,174273;1517,146088;0,864654964;-4,18550679;Synthetic price index / US$ equivalent
01/07/04;Global;copper;1593,365203;1666,803707;0,88018471;1,796062732;Synthetic price index / US$ equivalent
01/08/04;Global;copper;1363,75302;1319,267836;0,885657199;0,621743264;Synthetic price index / US$ equivalent
01/09/04;Global;copper;1519,035756;1568,177642;0,851227422;-3,887483465;Synthetic price index / US$ equivalent
01/10/04;Global;copper;1534,489552;1474,957268;0,854257332;0,355946031;Synthetic price index / US$ equivalent
01/11/04;Global;copper;1577,616309;1647,546919;0,800139066;-6,335124542;Synthetic price index / US$ equivalent
01/12/04;Global;copper;1504,293424;1620,737173;0,828707277;3,570405702;Synthetic price index / US$ equivalent
01/01/05;Global;copper;1558,057157;1512,135813;0,879505957;6,129870146;Synthetic price index / US$ equivalent
01/02/05;Global;copper;1718,731943;1753,536008;0,855495002;-2,7300503;Synthetic price index / US$ equivalent
01/03/05;Global;copper;1482,826551;1482,039617;0,897002615;4,851882596;Synthetic price index / US$ equivalent
01/04/05;Global;copper;1574,300044;1604,521624;0,899832278;0,315457546;Synthetic price index / US$ equivalent
01/05/05;Global;copper;1430,368916;1426,732284;0,8941951;-0,626469778;Synthetic price index / US$ equivalent
01/06/05;Global;copper;1516,220095;1477,255212;0,884990201;-1,029406177;Synthetic price index / US$ equivalent
01/07/05;Global;copper;1621,767814;1566,06118;0,874295244;-1,208483047;Synthetic price index / US$ equivalent
01/08/05;Global;copper;1485,920827;1504,85066;0,87700111;0,309491067;Synthetic price index / US$ equivalent
01/09/05;Global;copper;1576,304304;1449,948504;0,894664791;2,014100211;Synthetic price index / US$ equivalent
01/10/05;Global;copper;1634,798812;1591,227664;0,871170009;-2,626098872;Synthetic price index / US$ equivalent
01/11/05;Global;copper;1577,639625;1666,16263;0,80954673;-7,073622592;Synthetic price index / US$ equivalent
01/12/05;Global;copper;1714,957194;1763,656307;0,796772903;-1,577898661;Synthetic price index / US$ equivalent
01/01/06;Global;copper;1611,256543;1628,898451;0,794809577;-0,24640974;Synthetic price index / US$ equivalent
01/02/06;Global;copper;1858,513233;1867,452227;0,81259385;2,237551385;Synthetic price index / US$ equivalent
01/03/06;Global;copper;1653,535881;1677,740962;0,770206737;-5,216272965;Synthetic price index / US$ equivalent
01/04/06;Global;copper;1638,273586;1805,745822;0,800232289;3,898375744;Synthetic price index / US$ equivalent
01/05/06;Global;copper;1647,512904;1639,92608;0,810518775;1,285437447;Synthetic price index / US$ equivalent
01/06/06;Global;copper;1632,404935;1596,711085;0,869346382;7,258019017;Synthetic price index / US$ equivalent
01/07/06;Global;copper;1461,088808;1457,593303;0,925210277;6,425965087;Synthetic price index / US$ equivalent
01/08/06;Global;copper;1548,593336;1463,099627;0,95167237;2,860116663;Synthetic price index / US$ equivalent
01/09/06;Global;copper;1506,473399;1532,124095;0,973271283;2,269574486;Synthetic price index / US$ equivalent
01/10/06;Global;copper;1474,191477;1522,433205;0,96440367;-0,911114227;Synthetic price index / US$ equivalent
01/11/06;Global;copper;1543,955236;1511,418042;0,977395047;1,34708912;Synthetic price index / US$ equivalent
01/12/06;Global;copper;1472,764685;1558,568809;0,949327497;-2,871668958;Synthetic price index / US$ equivalent
01/01/07;Global;copper;1474,910272;1456,367805;0,919632013;-3,12805476;Synthetic price index / US$ equivalent
01/02/07;Global;copper;1645,636795;1632,099078;1,002878866;9,05219173;Synthetic price index / US$ equivalent
01/03/07;Global;copper;1601,683975;1604,195844;1,070001938;6,693038824;Synthetic price index / US$ equivalent
01/04/07;Global;copper;1626,633899;1618,437761;1,060878553;-0,852651201;Synthetic price index / US$ equivalent
01/05/07;Global;copper;1708,439468;1716,61157;1,13728782;7,202451765;Synthetic price index / US$ equivalent
01/06/07;Global;copper;1655,539;1671,819742;1,149361501;1,061620576;Synthetic price index / US$ equivalent
01/07/07;Global;copper;1611,768004;1542,199984;1,119187713;-2,625265204;Synthetic price index / US$ equivalent
01/08/07;Global;copper;1581,900366;1568,185813;1,125941893;0,603489466;Synthetic price index / US$ equivalent
01/09/07;Global;copper;1866,887706;1938,10338;1,196752659;6,289024893;Synthetic price index / US$ equivalent
01/10/07;Global;copper;1587,693932;1672,319628;1,216939643;1,686813343;Synthetic price index / US$ equivalent
01/11/07;Global;copper;1581,391929;1615,665612;1,166357527;-4,156501606;Synthetic price index / US$ equivalent
01/12/07;Global;copper;1787,811565;1813,938967;1,169699143;0,286500114;Synthetic price index / US$ equivalent
01/01/08;Global;copper;1620,192453;1531,835965;1,150395659;-1,650294751;Synthetic price index / US$ equivalent
01/02/08;Global;copper;1742,114597;1693,121437;1,220038961;6,053856408;Synthetic price index / US$ equivalent
01/03/08;Global;copper;1617,10477;1716,761554;1,305373044;6,994373664;Synthetic price index / US$ equivalent
01/04/08;Global;copper;1705,425514;1666,675955;1,395691211;6,918954461;Synthetic price index / US$ equivalent
01/05/08;Global;copper;1545,014566;1461,643617;1,379043937;-1,192761938;Synthetic price index / US$ equivalent
01/06/08;Global;copper;1684,151816;1757,954891;1,490054415;8,049814433;Synthetic price index / US$ equivalent
01/07/08;Global;copper;1756,238428;1681,676599;1,486536053;-0,236123094;Synthetic price index / US$ equivalent
01/08/08;Global;copper;1787,263969;1665,008648;1,569664653;5,592101231;Synthetic price index / US$ equivalent
01/09/08;Global;copper;1681,028979;1540,030251;1,604250205;2,203372035;Synthetic price index / US$ equivalent
01/10/08;Global;copper;1616,039621;1731,59471;1,683639037;4,948656474;Synthetic price index / US$ equivalent
01/11/08;Global;copper;1789,153022;1780,063268;1,707373729;1,409725668;Synthetic price index / US$ equivalent
01/12/08;Global;copper;1559,674962;1599,923837;1,623897333;-4,889169491;Synthetic price index / US$ equivalent
01/01/09;Global;copper;1784,597999;1790,32665;1,611976374;-0,734095637;Synthetic price index / US$ equivalent
01/02/09;Global;copper;1713,346158;1702,001149;1,644270974;2,003416478;Synthetic price index / US$ equivalent
01/03/09;Global;copper;1640,186657;1663,501467;1,696352618;3,167461096;Synthetic price index / US$ equivalent
01/04/09;Global;copper;1760,543513;1785,716181;1,651807809;-2,625916826;Synthetic price index / US$ equivalent
01/05/09;Global;copper;1679,879003;1729,494581;1,632239577;-1,184655476;Synthetic price index / US$ equivalent
01/06/09;Global;copper;1669,261693;1780,481065;1,613656361;-1,138510348;Synthetic price index / US$ equivalent
01/07/09;Global;copper;1573,369741;1556,237171;1,546169433;-4,182236654;Synthetic price index / US$ equivalent
01/08/09;Global;copper;1629,698643;1715,83896;1,506786696;-2,547116481;Synthetic price index / US$ equivalent
01/09/09;Global;copper;1680,134737;1644,831682;1,493604441;-0,874858758;Synthetic price index / US$ equivalent
01/10/09;Global;copper;1635,424991;1595,772732;1,524938629;2,097890662;Synthetic price index / US$ equivalent
01/11/09;Global;copper;1556,073175;1526,166514;1,427657099;-6,379373467;Synthetic price index / US$ equivalent
01/12/09;Global;copper;1705,255666;1562,862717;1,47589293;3,378670616;Synthetic price index / US$ equivalent
01/01/10;Global;copper;1527,967435;1527,97171;1,444993833;-2,093586632;Synthetic price index / US$ equivalent
01/02/10;Global;copper;1782,556411;1862,089694;1,452901173;0,547223137;Synthetic price index / US$ equivalent
01/03/10;Global;copper;1853,622491;1870,843855;1,420967252;-2,19794176;Synthetic price index / US$ equivalent
01/04/10;Global;copper;1761,51044;1710,408619;1,374614951;-3,26202458;Synthetic price index / US$ equivalent
01/05/10;Global;copper;1616,180795;1665,476726;1,39936661;1,800624964;Synthetic price index / US$ equivalent
01/06/10;Global;copper;1621,945984;1597,996317;1,389967884;-0,671641442;Synthetic price index / US$ equivalent
01/07/10;Global;copper;1735,385644;1585,565144;1,435939876;3,307413907;Synthetic price index / US$ equivalent
01/08/10;Global;copper;1689,919495;1787,944776;1,423680271;-0,853768643;Synthetic price index / US$ equivalent
01/09/10;Global;copper;1665,467076;1720,395561;1,301421997;-8,587481127;Synthetic price index / US$ equivalent
01/10/10;Global;copper;1824,326778;1825,414484;1,2717925;-2,276701672;Synthetic price index / US$ equivalent
01/11/10;Global;copper;1758,88536;1708,522022;1,243941133;-2,189930127;Synthetic price index / US$ equivalent
01/12/10;Global;copper;1942,839319;1956,511029;1,195786426;-3,871140323;Synthetic price index / US$ equivalent
01/01/11;Global;copper;1701,329983;1704,878831;1,169084113;-2,233033639;Synthetic price index / US$ equivalent
01/02/11;Global;copper;1626,161353;1596,551895;1,267223422;8,394546457;Synthetic price index / US$ equivalent
01/03/11;Global;copper;1722,282493;1650,737606;1,187474875;-6,293171823;Synthetic price index / US$ equivalent
01/04/11;Global;copper;1569,306065;1460,169019;1,182975202;-0,378927847;Synthetic price index / US$ equivalent
01/05/11;Global;copper;1834,048718;1865,00789;1,180800841;-0,183804399;Synthetic price index / US$ equivalent
01/06/11;Global;copper;1613,10788;1571,061248;1,127997994;-4,471782624;Synthetic price index / US$ equivalent
01/07/11;Global;copper;1784,535355;1683,560706;1,090857025;-3,29264499;Synthetic price index / US$ equivalent
01/08/11;Global;copper;1742,732498;1766,665372;1,135772145;4,1174158;Synthetic price index / US$ equivalent
01/09/11;Global;copper;1649,537499;1675,758932;1,178521215;3,763877365;Synthetic price index / US$ equivalent
01/10/11;Global;copper;1696,845463;1680,387093;1,114918226;-5,396847166;Synthetic price index / US$ equivalent
01/11/11;Global;copper;1674,580985;1603,754899;1,065103025;-4,468058719;Synthetic price index / US$ equivalent
01/12/11;Global;copper;1730,54683;1677,226693;1,067027774;0,180710056;Synthetic price index / US$ equivalent
01/01/12;Global;copper;1692,652478;1695,216271;1,01893524;-4,507149192;Synthetic price index / US$ equivalent
01/02/12;Global;copper;1640,636482;1654,774979;1,081091138;6,100083276;Synthetic price index / US$ equivalent
01/03/12;Global;copper;1834,912516;1888,733857;1,06853726;-1,161222907;Synthetic price index / US$ equivalent
01/04/12;Global;copper;1752,909009;1788,254701;1,028209755;-3,774085064;Synthetic price index / US$ equivalent
01/05/12;Global;copper;1720,418838;1582,333311;1,037615943;0,914812139;Synthetic price index / US$ equivalent
01/06/12;Global;copper;1694,562727;1686,165114;1,057433872;1,909948382;Synthetic price index / US$ equivalent
01/07/12;Global;copper;1626,386749;1553,663993;1,035178025;-2,104703383;Synthetic price index / US$ equivalent
01/08/12;Global;copper;1849,273367;1786,266494;0,951089961;-8,123053394;Synthetic price index / US$ equivalent
01/09/12;Global;copper;1838,275184;1912,267338;0,989234749;4,010639282;Synthetic price index / US$ equivalent
01/10/12;Global;copper;1925,923915;1984,893462;0,965837489;-2,365187834;Synthetic price index / US$ equivalent
01/11/12;Global;copper;2010,165106;2007,754101;0,984489079;1,931131289;Synthetic price index / US$ equivalent
01/12/12;Global;copper;1758,877124;1631,005931;0,967478693;-1,727839008;Synthetic price index / US$ equivalent
01/01/13;Global;copper;1829,372091;1751,96902;0,893857534;-7,60958966;Synthetic price index / US$ equivalent
01/02/13;Global;copper;1870,245918;1767,593736;0,838876497;-6,150984385;Synthetic price index / US$ equivalent
01/03/13;Global;copper;2002,916377;1921,836223;0,87011499;3,723848853;Synthetic price index / US$ equivalent
01/04/13;Global;copper;1831,83934;1803,251907;0,870703822;0,067672936;Synthetic price index / US$ equivalent
01/05/13;Global;copper;1791,786857;1891,310262;0,816413867;-6,235180548;Synthetic price index / US$ equivalent
01/06/13;Global;copper;1765,312214;1777,764639;0,828364739;1,46382525;Synthetic price index / US$ equivalent
01/07/13;Global;copper;1934,067609;1862,143697;0,80146681;-3,247111789;Synthetic price index / US$ equivalent
01/08/13;Global;copper;1833,709937;1740,622957;0,877189244;9,447981222;Synthetic price index / US$ equivalent
01/09/13;Global;copper;1755,021288;1772,007158;0,901183579;2,735365894;Synthetic price index / US$ equivalent
01/10/13;Global;copper;1778,606318;1675,403928;0,862683481;-4,272170404;Synthetic price index / US$ equivalent
01/11/13;Global;copper;1940,984959;1955,20754;0,841815666;-2,418942174;Synthetic price index / US$ equivalent
01/12/13;Global;copper;1728,38964;1679,463055;0,82754291;-1,695472894;Synthetic price index / US$ equivalent
01/01/14;Global;copper;1640,589319;1715,196246;0,898339912;8,555085378;Synthetic price index / US$ equivalent
01/02/14;Global;copper;1622,74413;1702,897095;0,876754943;-2,40276188;Synthetic price index / US$ equivalent
01/03/14;Global;copper;1709,140596;1573,401923;0,906531114;3,396179409;Synthetic price index / US$ equivalent
01/04/14;Global;copper;1674,410046;1606,136936;0,955349615;5,385198595;Synthetic price index / US$ equivalent
01/05/14;Global;copper;2099,190512;2123,054558;0,9828172;2,875134306;Synthetic price index / US$ equivalent
01/06/14;Global;copper;1787,396398;1758,897775;0,975281432;-0,766751722;Synthetic price index / US$ equivalent
01/07/14;Global;copper;1690,815871;1682,910772;0,926733796;-4,977807821;Synthetic price index / US$ equivalent
01/08/14;Global;copper;1546,471149;1679,074083;0,890767665;-3,880956037;Synthetic price index / US$ equivalent
01/09/14;Global;copper;1769,113163;1944,272307;0,968679065;8,746545613;Synthetic price index / US$ equivalent
01/10/14;Global;copper;1636,031408;1588,791577;1,050094712;8,404811248;Synthetic price index / US$ equivalent
01/11/14;Global;copper;1803,55559;1688,844708;1,022035187;-2,672094705;Synthetic price index / US$ equivalent
01/12/14;Global;copper;1930,439575;1923,071201;0,938390505;-8,18412936;Synthetic price index / US$ equivalent
01/01/15;Global;copper;1801,762237;1826,454844;0,972231534;3,606284264;Synthetic price index / US$ equivalent
01/02/15;Global;copper;1739,540894;1580,498186;0,979884254;0,787129302;Synthetic price index / US$ equivalent
01/03/15;Global;copper;1724,925908;1868,957816;1,063342864;8,517190702;Synthetic price index / US$ equivalent
01/04/15;Global;copper;1777,798879;1716,482627;1,052424746;-1,026773115;Synthetic price index / US$ equivalent
01/05/15;Global;copper;1881,182132;1840,892443;1,054607431;0,207395825;Synthetic price index / US$ equivalent
01/06/15;Global;copper;1849,72821;1838,257133;1,08142494;2,542890258;Synthetic price index / US$ equivalent
01/07/15;Global;copper;1813,090167;1794,733521;1,052726959;-2,653719161;Synthetic price index / US$ equivalent
01/08/15;Global;copper;1571,057413;1442,520686;0,99314821;-5,659468363;Synthetic price index / US$ equivalent
01/09/15;Global;copper;1683,321485;1648,940896;1,057678405;6,49753927;Synthetic price index / US$ equivalent
01/10/15;Global;copper;1732,016709;1696,583046;1,034628646;-2,179278636;Synthetic price index / US$ equivalent
01/11/15;Global;copper;1759,579271;1723,909965;1,001745238;-3,178281175;Synthetic price index / US$ equivalent
01/12/15;Global;copper;1750,792231;1813,460065;0,975338057;-2,636117504;Synthetic price index / US$ equivalent
01/01/16;Global;copper;1631,801626;1537,595991;1,045522432;7,195902486;Synthetic price index / US$ equivalent
01/02/16;Global;copper;1748,977314;1693,703927;1,053041217;0,719141432;Synthetic price index / US$ equivalent
01/03/16;Global;copper;1709,893137;1717,075383;1,015337284;-3,580480231;Synthetic price index / US$ equivalent
01/04/16;Global;copper;1595,251224;1606,210918;1,047106574;3,128939517;Synthetic price index / US$ equivalent
01/05/16;Global;copper;1670,431313;1492,353685;1,096872483;4,752707118;Synthetic price index / US$ equivalent
01/06/16;Global;copper;1972,107214;1904,782649;1,116007729;1,744527936;Synthetic price index / US$ equivalent
01/07/16;Global;copper;1675,924223;1624,64538;1,140987918;2,23835261;Synthetic price index / US$ equivalent
01/08/16;Global;copper;1574,949969;1438,014599;1,102772047;-3,34936677;Synthetic price index / US$ equivalent
01/09/16;Global;copper;1803,383427;1744,043491;1,137033397;3,106838737;Synthetic price index / US$ equivalent
01/10/16;Global;copper;1720,001666;1743,092343;1,206240848;6,086668329;Synthetic price index / US$ equivalent
01/11/16;Global;copper;1620,2654;1644,382207;1,205435028;-0,066804263;Synthetic price index / US$ equivalent
01/12/16;Global;copper;1764,399816;1853,431386;1,253130651;3,95671451;Synthetic price index / US$ equivalent
01/01/17;Global;copper;1695,605654;1665,736296;1,259891697;0,53953244;Synthetic price index / US$ equivalent
01/02/17;Global;copper;1687,865619;1647,979588;1,266702498;0,540586248;Synthetic price index / US$ equivalent
01/03/17;Global;copper;1630,801752;1685,407295;1,309705723;3,394895429;Synthetic price index / US$ equivalent
01/04/17;Global;copper;1985,58645;1932,24399;1,476333914;12,7225672;Synthetic price index / US$ equivalent
01/05/17;Global;copper;1668,975553;1656,206314;1,483212565;0,465927864;Synthetic price index / US$ equivalent
01/06/17;Global;copper;1892,494708;1901,846283;1,551685796;4,616548748;Synthetic price index / US$ equivalent
01/07/17;Global;copper;1669,286034;1649,953332;1,546238016;-0,351087888;Synthetic price index / US$ equivalent
01/08/17;Global;copper;1558,97317;1627,710673;1,537106532;-0,590561332;Synthetic price index / US$ equivalent
01/09/17;Global;copper;1748,294086;1807,785818;1,495736856;-2,691399413;Synthetic price index / US$ equivalent
01/10/17;Global;copper;1591,280524;1637,191565;1,497822075;0,139410843;Synthetic price index / US$ equivalent
01/11/17;Global;copper;1666,461884;1697,664669;1,613919443;7,751078733;Synthetic price index / US$ equivalent
01/12/17;Global;copper;1813,547688;1846,54023;1,653473384;2,450800195;Synthetic price index / US$ equivalent
01/01/18;Global;copper;1641,575009;1657,539789;1,716838011;3,832213319;Synthetic price index / US$ equivalent
01/02/18;Global;copper;1735,123372;1643,184421;1,768116896;2,986821397;Synthetic price index / US$ equivalent
01/03/18;Global;copper;1684,558296;1688,429877;1,697227442;-4,009319455;Synthetic price index / US$ equivalent
01/04/18;Global;copper;1630,506551;1556,803149;1,685046167;-0,717716096;Synthetic price index / US$ equivalent
01/05/18;Global;copper;1847,276068;1889,255808;1,641771928;-2,568133753;Synthetic price index / US$ equivalent
01/06/18;Global;copper;1744,547581;1651,977675;1,585378492;-3,434912877;Synthetic price index / US$ equivalent
01/07/18;Global;copper;1678,640787;1635,28331;1,664514832;4,991637023;Synthetic price index / US$ equivalent
01/08/18;Global;copper;1716,574512;1718,483033;1,517019633;-8,861152566;Synthetic price index / US$ equivalent
01/09/18;Global;copper;1751,783864;1735,650178;1,483113189;-2,235069576;Synthetic price index / US$ equivalent
01/10/18;Global;copper;1820,357995;1799,457991;1,445174372;-2,558052721;Synthetic price index / US$ equivalent
01/11/18;Global;copper;1739,255068;1859,678874;1,509129657;4,425437282;Synthetic price index / US$ equivalent
01/12/18;Global;copper;1800,264391;1845,775742;1,556023384;3,107335822;Synthetic price index / US$ equivalent
01/01/19;Global;copper;1608,187026;1543,603731;1,619409652;4,073606382;Synthetic price index / US$ equivalent
01/02/19;Global;copper;1681,846096;1550,244182;1,588689398;-1,897003261;Synthetic price index / US$ equivalent
01/03/19;Global;copper;1821,685637;1888,525264;1,644094683;3,487483788;Synthetic price index / US$ equivalent
01/04/19;Global;copper;1829,998601;1753,44016;1,576067271;-4,137682143;Synthetic price index / US$ equivalent
01/05/19;Global;copper;1938,992828;1970,20372;1,685683782;6,955065484;Synthetic price index / US$ equivalent
01/06/19;Global;copper;1597,278764;1623,035947;1,720183996;2,04665995;Synthetic price index / US$ equivalent
01/07/19;Global;copper;1833,466233;1868,275593;1,699651332;-1,193631844;Synthetic price index / US$ equivalent
01/08/19;Global;copper;1731,409053;1756,238776;1,686280612;-0,786674288;Synthetic price index / US$ equivalent
01/09/19;Global;copper;2004,158773;2245,776246;1,670643572;-0,927309531;Synthetic price index / US$ equivalent
01/10/19;Global;copper;1653,911779;1714,952891;1,715865486;2,706855891;Synthetic price index / US$ equivalent
01/11/19;Global;copper;1757,890273;1676,710907;1,723036361;0,417915972;Synthetic price index / US$ equivalent
01/12/19;Global;copper;1817,289596;1832,602212;1,717999981;-0,292296846;Synthetic price index / US$ equivalent
01/01/20;Global;copper;1942,980987;1946,171986;1,775767907;3,362510327;Synthetic price index / US$ equivalent
01/02/20;Global;copper;1850,536827;1655,918152;1,695545122;-4,517639073;Synthetic price index / US$ equivalent
01/03/20;Global;copper;1774,664656;1795,16265;1,62409134;-4,214207099;Synthetic price index / US$ equivalent
01/04/20;Global;copper;2020,740348;1996,046064;1,500609288;-7,603146963;Synthetic price index / US$ equivalent
01/05/20;Global;copper;1740,707827;1598,604317;1,548973268;3,222956211;Synthetic price index / US$ equivalent
01/06/20;Global;copper;1915,894059;1742,987472;1,531334988;-1,138707845;Synthetic price index / US$ equivalent
01/07/20;Global;copper;2072,034818;2067,699636;1,548571806;1,125607228;Synthetic price index / US$ equivalent
01/08/20;Global;copper;1896,098848;1943,096652;1,46624885;-5,316056698;Synthetic price index / US$ equivalent
01/09/20;Global;copper;1839,399773;1923,623471;1,511655514;3,096791066;Synthetic price index / US$ equivalent
01/10/20;Global;copper;1764,459989;1646,705476;1,448577787;-4,172758061;Synthetic price index / US$ equivalent
01/11/20;Global;copper;1747,419355;1855,955738;1,40862229;-2,758256857;Synthetic price index / US$ equivalent
01/12/20;Global;copper;1961,350131;1863,39544;1,401571656;-0,500534068;Synthetic price index / US$ equivalent
01/01/21;Global;copper;1726,297345;1655,589468;1,310942694;-6,466238226;Synthetic price index / US$ equivalent
01/02/21;Global;copper;1776,114753;1824,479694;1,276695363;-2,61242015;Synthetic price index / US$ equivalent
01/03/21;Global;copper;1581,438541;1592,400236;1,196721035;-6,26416687;Synthetic price index / US$ equivalent
01/04/21;Global;copper;1893,97003;1789,03098;1,218224549;1,796869444;Synthetic price index / US$ equivalent
01/05/21;Global;copper;1948,828943;1935,010137;1,283805997;5,38336287;Synthetic price index / US$ equivalent
01/06/21;Global;copper;1790,772018;1846,53287;1,314867489;2,419484827;Synthetic price index / US$ equivalent
01/07/21;Global;copper;1787,654677;1791,997038;1,223719498;-6,932104648;Synthetic price index / US$ equivalent
01/08/21;Global;copper;2066,138109;1990,834077;1,212160426;-0,944585109;Synthetic price index / US$ equivalent
01/09/21;Global;copper;1720,672973;1721,798068;1,225034033;1,062038229;Synthetic price index / US$ equivalent
01/10/21;Global;copper;1751,794364;1687,619109;1,200162532;-2,030270228;Synthetic price index / US$ equivalent
01/11/21;Global;copper;1956,493451;1851,119014;1,283635985;6,955179001;Synthetic price index / US$ equivalent
01/12/21;Global;copper;1750,6649;1636,353336;1,264035382;-1,526959555;Synthetic price index / US$ equivalent
01/01/22;Global;copper;1779,312396;1794,332789;1,281182672;1,356551373;Synthetic price index / US$ equivalent
01/02/22;Global;copper;2079,770286;2025,377601;1,282622205;0,11235971;Synthetic price index / US$ equivalent
01/03/22;Global;copper;1943,011402;1783,79772;1,27397852;-0,673907292;Synthetic price index / US$ equivalent
01/04/22;Global;copper;1999,132665;2081,986592;1,254491957;-1,529583297;Synthetic price index / US$ equivalent
01/05/22;Global;copper;2087,698441;2064,949889;1,160317793;-7,506956441;Synthetic price index / US$ equivalent
01/06/22;Global;copper;1858,921131;1797,029582;1,225677956;5,632953601;Synthetic price index / US$ equivalent
01/07/22;Global;copper;1937,181088;1863,166205;1,374721681;12,16010491;Synthetic price index / US$ equivalent
01/08/22;Global;copper;1967,513188;1896,259024;1,449312569;5,425890126;Synthetic price index / US$ equivalent
01/09/22;Global;copper;2007,879091;1861,106061;1,426240202;-1,591952459;Synthetic price index / US$ equivalent
01/10/22;Global;copper;1936,766001;1977,518053;1,423903077;-0,163866137;Synthetic price index / US$ equivalent
01/11/22;Global;copper;1897,563245;1998,92036;1,44263641;1,315632588;Synthetic price index / US$ equivalent
01/12/22;Global;copper;1840,567865;1807,920998;1,490282585;3,302715422;Synthetic price index / US$ equivalent
01/01/23;Global;copper;2184,381143;2161,037146;1,33973361;-10,10204218;Synthetic price index / US$ equivalent
01/02/23;Global;copper;2002,242785;2042,450801;1,295691203;-3,287400342;Synthetic price index / US$ equivalent
01/03/23;Global;copper;1919,344168;1986,816831;1,365352469;5,376378735;Synthetic price index / US$ equivalent
01/04/23;Global;copper;2008,316639;1933,134855;1,458052247;6,789439362;Synthetic price index / US$ equivalent
01/05/23;Global;copper;1925,132003;1810,971056;1,466500086;0,579392109;Synthetic price index / US$ equivalent
01/06/23;Global;copper;1930,94573;1894,731914;1,509936454;2,961906951;Synthetic price index / US$ equivalent
01/07/23;Global;copper;1846,278264;1811,338263;1,506908635;-0,20052628;Synthetic price index / US$ equivalent
01/08/23;Global;copper;2152,744598;2094,160986;1,518704919;0,78281348;Synthetic price index / US$ equivalent
01/09/23;Global;copper;1979,039357;1861,06336;1,524321731;0,369842222;Synthetic price index / US$ equivalent
01/10/23;Global;copper;2093,799867;2019,237546;1,55088524;1,742644518;Synthetic price index / US$ equivalent
01/11/23;Global;copper;1892,230474;1912,413114;1,61843753;4,355724603;Synthetic price index / US$ equivalent
01/12/23;Global;copper;1953,705277;1877,945801;1,591733443;-1,649991835;Synthetic price index / US$ equivalent
01/01/24;Global;copper;2025,100822;2140,578285;1,612540249;1,30717908;Synthetic price index / US$ equivalent
01/02/24;Global;copper;2059,237576;2012,714663;1,650780904;2,371454272;Synthetic price index / US$ equivalent
01/03/24;Global;copper;2125,047964;2096,824043;1,64804497;-0,165735768;Synthetic price index / US$ equivalent
01/04/24;Global;copper;1836,440514;1792,593078;1,724465958;4,637069335;Synthetic price index / US$ equivalent
01/05/24;Global;copper;1883,760333;1896,872976;1,762939351;2,231032376;Synthetic price index / US$ equivalent
01/06/24;Global;copper;1981,664406;1966,609818;1,720156248;-2,426805195;Synthetic price index / US$ equivalent
01/07/24;Global;copper;1958,166878;2030,97339;1,756939241;2,138351864;Synthetic price index / US$ equivalent
01/08/24;Global;copper;1832,888994;1846,03462;1,63662099;-6,848173708;Synthetic price index / US$ equivalent
01/09/24;Global;copper;1927,087696;1862,096372;1,698609175;3,787571208;Synthetic price index / US$ equivalent
01/10/24;Global;copper;1930,598147;1899,101649;1,689268551;-0,549898338;Synthetic price index / US$ equivalent
01/11/24;Global;copper;1910,364192;1889,44584;1,634137518;-3,263603843;Synthetic price index / US$ equivalent
01/12/24;Global;copper;1887,867402;1925,039276;1,673679116;2,419722802;Synthetic price index / US$ equivalent
01/01/25;Global;copper;2054,264927;2012,981829;1,601996073;-4,282962187;Synthetic price index / US$ equivalent
01/02/25;Global;copper;1879,33876;1924,406575;1,546716758;-3,450652343;Synthetic price index / US$ equivalent
01/03/25;Global;copper;1820,7807;1848,365798;1,620358103;4,761139659;Synthetic price index / US$ equivalent
01/04/25;Global;copper;2155,162677;2133,661415;1,567506128;-3,261746569;Synthetic price index / US$ equivalent
01/05/25;Global;copper;1862,506143;1710,858648;1,591578174;1,535690705;Synthetic price index / US$ equivalent
01/06/25;Global;copper;1940,312853;1836,684752;1,754222265;10,21904509;Synthetic price index / US$ equivalent
01/07/25;Global;copper;1791,248923;1726,994937;1,756713571;0,142017697;Synthetic price index / US$ equivalent
01/08/25;Global;copper;1855,961646;1851,667961;1,825728614;3,928645194;Synthetic price index / US$ equivalent
01/09/25;Global;copper;1797,231622;1729,232483;1,934902503;5,979743558;Synthetic price index / US$ equivalent
01/10/25;Global;copper;1721,035745;1676,232917;1,900313866;-1,787616539;Synthetic price index / US$ equivalent
01/11/25;Global;copper;1831,067173;1857,060209;1,871050775;-1,539908324;Synthetic price index / US$ equivalent
01/12/25;Global;copper;1865,514795;1650,114582;1,815167657;-2,986723718;Synthetic price index / US$ equivalent
01/01/26;Global;copper;1837,367426;1916,713541;1,90980284;5,213578021;Synthetic price index / US$ equivalent
01/02/26;Global;copper;1750,129427;1741,856093;1,874184078;-1,865049151;Synthetic price index / US$ equivalent
01/03/26;Global;copper;1810,662152;1679,187512;1,95749717;4,445299344;Synthetic price index / US$ equivalent
01/04/26;Global;copper;1976,16298;1987,102554;1,944709493;-0,653266712;Synthetic price index / US$ equivalent
01/05/26;Global;copper;1762,983323;1807,354834;2,063250776;6,095577938;Synthetic price index / US$ equivalent
01/06/26;Global;copper;2070,779103;2059,763028;2,033419935;-1,445817492;Synthetic price index / US$ equivalent
01/07/26;Global;copper;1885,761131;1839,747808;1,96523382;-3,353272705;Synthetic price index / US$ equivalent
01/08/26;Global;copper;1904,81437;2011,065756;1,951333027;-0,707335311;Synthetic price index / US$ equivalent
01/09/26;Global;copper;1940,730676;1930,463163;1,89477988;-2,89818015;Synthetic price index / US$ equivalent
01/01/80;Global;tobacco;1043,014117;1157,557813;1,442421906;;Synthetic price index / US$ equivalent
01/02/80;Global;tobacco;1073,995827;1052,543934;1,502240939;4,147124515;Synthetic price index / US$ equivalent
01/03/80;Global;tobacco;1049,158326;1061,086461;1,461953824;-2,681801172;Synthetic price index / US$ equivalent
01/04/80;Global;tobacco;901,3854609;893,968849;1,584160902;8,359161285;Synthetic price index / US$ equivalent
01/05/80;Global;tobacco;987,0880502;984,8628888;1,570252619;-0,877958941;Synthetic price index / US$ equivalent
01/06/80;Global;tobacco;1005,397164;1028,017125;1,52747432;-2,724294095;Synthetic price index / US$ equivalent
01/07/80;Global;tobacco;960,7291284;978,3679566;1,425396964;-6,682754321;Synthetic price index / US$ equivalent
01/08/80;Global;tobacco;1023,818714;997,3422805;1,352720725;-5,098666624;Synthetic price index / US$ equivalent
01/09/80;Global;tobacco;977,3663314;1061,421101;1,363605028;0,804623093;Synthetic price index / US$ equivalent
01/10/80;Global;tobacco;1166,36088;1174,005977;1,394847244;2,291148517;Synthetic price index / US$ equivalent
01/11/80;Global;tobacco;992,6836618;1023,677608;1,376133684;-1,341620799;Synthetic price index / US$ equivalent
01/12/80;Global;tobacco;863,4140848;880,8152899;1,396012454;1,444537749;Synthetic price index / US$ equivalent
01/01/81;Global;tobacco;1116,761108;1066,864203;1,465977805;5,011799942;Synthetic price index / US$ equivalent
01/02/81;Global;tobacco;939,4206713;916,9754002;1,478003049;0,820288207;Synthetic price index / US$ equivalent
01/03/81;Global;tobacco;1009,730066;1005,594615;1,577819045;6,75343644;Synthetic price index / US$ equivalent
01/04/81;Global;tobacco;987,6423393;1016,066742;1,639855843;3,931806913;Synthetic price index / US$ equivalent
01/05/81;Global;tobacco;983,2467603;992,0884611;1,660085145;1,233602461;Synthetic price index / US$ equivalent
01/06/81;Global;tobacco;962,1194339;940,4298926;1,737781927;4,680288973;Synthetic price index / US$ equivalent
01/07/81;Global;tobacco;1035,573031;1042,779794;1,756257115;1,063147652;Synthetic price index / US$ equivalent
01/08/81;Global;tobacco;992,0741344;1030,353405;1,757190225;0,053130583;Synthetic price index / US$ equivalent
01/09/81;Global;tobacco;1037,248162;973,9663338;1,764108814;0,393730225;Synthetic price index / US$ equivalent
01/10/81;Global;tobacco;1006,482053;994,3400251;1,770979825;0,38948909;Synthetic price index / US$ equivalent
01/11/81;Global;tobacco;1067,8628;1001,648956;1,772595814;0,091248265;Synthetic price index / US$ equivalent
01/12/81;Global;tobacco;1226,032457;1199,766251;1,831898041;3,345501961;Synthetic price index / US$ equivalent
01/01/82;Global;tobacco;1033,384778;1053,449419;1,755817562;-4,153095733;Synthetic price index / US$ equivalent
01/02/82;Global;tobacco;942,6158778;979,0666986;1,707529079;-2,750199345;Synthetic price index / US$ equivalent
01/03/82;Global;tobacco;1018,134966;1032,88188;1,791422934;4,913172835;Synthetic price index / US$ equivalent
01/04/82;Global;tobacco;1151,429595;1160,1867;1,782286234;-0,510024735;Synthetic price index / US$ equivalent
01/05/82;Global;tobacco;1126,177769;1062,345221;1,853422404;3,991287642;Synthetic price index / US$ equivalent
01/06/82;Global;tobacco;1015,818653;1008,691385;1,74430293;-5,887458449;Synthetic price index / US$ equivalent
01/07/82;Global;tobacco;885,0462826;863,0639781;1,744989211;0,039344167;Synthetic price index / US$ equivalent
01/08/82;Global;tobacco;1085,501551;1025,414802;1,722583714;-1,283990588;Synthetic price index / US$ equivalent
01/09/82;Global;tobacco;993,3579061;998,5181275;1,801992719;4,609877859;Synthetic price index / US$ equivalent
01/10/82;Global;tobacco;968,9463483;977,3229747;1,741444582;-3,360065599;Synthetic price index / US$ equivalent
01/11/82;Global;tobacco;1025,133793;992,5530864;1,763956866;1,292736167;Synthetic price index / US$ equivalent
01/12/82;Global;tobacco;1059,996402;1012,468721;1,793257717;1,661086628;Synthetic price index / US$ equivalent
01/01/83;Global;tobacco;987,4577501;1018,274979;1,794187825;0,051866913;Synthetic price index / US$ equivalent
01/02/83;Global;tobacco;1006,387571;957,2521325;1,75313185;-2,288276309;Synthetic price index / US$ equivalent
01/03/83;Global;tobacco;913,6599815;907,0018095;1,709478045;-2,490046896;Synthetic price index / US$ equivalent
01/04/83;Global;tobacco;1043,22343;1060,163307;1,689221553;-1,184951864;Synthetic price index / US$ equivalent
01/05/83;Global;tobacco;1018,83257;1112,005509;1,586706195;-6,068792875;Synthetic price index / US$ equivalent
01/06/83;Global;tobacco;1001,012767;948,2382924;1,62043462;2,125688066;Synthetic price index / US$ equivalent
01/07/83;Global;tobacco;900,5597763;929,3723022;1,722645791;6,307639355;Synthetic price index / US$ equivalent
01/08/83;Global;tobacco;929,6741725;935,4143938;1,771594939;2,841509732;Synthetic price index / US$ equivalent
01/09/83;Global;tobacco;1002,961913;943,3991131;1,671382282;-5,656634868;Synthetic price index / US$ equivalent
01/10/83;Global;tobacco;1038,687358;1038,180914;1,688694363;1,035794217;Synthetic price index / US$ equivalent
01/11/83;Global;tobacco;1056,908102;1089,870585;1,691021008;0,137777698;Synthetic price index / US$ equivalent
01/12/83;Global;tobacco;999,29306;1024,267108;1,837797897;8,67977918;Synthetic price index / US$ equivalent
01/01/84;Global;tobacco;1115,276711;1162,635516;1,77215819;-3,571649911;Synthetic price index / US$ equivalent
01/02/84;Global;tobacco;1021,135679;1135,987255;1,76958563;-0,145165354;Synthetic price index / US$ equivalent
01/03/84;Global;tobacco;1028,897091;1004,969375;1,78694731;0,981115556;Synthetic price index / US$ equivalent
01/04/84;Global;tobacco;949,5699742;970,4541197;1,830902442;2,459788913;Synthetic price index / US$ equivalent
01/05/84;Global;tobacco;1035,634157;1043,967179;1,789883383;-2,240373819;Synthetic price index / US$ equivalent
01/06/84;Global;tobacco;975,1644154;969,6217023;1,817270048;1,530080996;Synthetic price index / US$ equivalent
01/07/84;Global;tobacco;1117,184193;1151,507293;1,91332027;5,28541267;Synthetic price index / US$ equivalent
01/08/84;Global;tobacco;1063,289807;1010,094563;1,915601011;0,119203297;Synthetic price index / US$ equivalent
01/09/84;Global;tobacco;1055,28387;994,6224474;1,908973356;-0,345983039;Synthetic price index / US$ equivalent
01/10/84;Global;tobacco;944,650185;1035,40051;1,819599089;-4,681797488;Synthetic price index / US$ equivalent
01/11/84;Global;tobacco;1051,451546;985,054896;1,823752037;0,228234222;Synthetic price index / US$ equivalent
01/12/84;Global;tobacco;1113,761005;1099,633525;1,946918546;6,753467928;Synthetic price index / US$ equivalent
01/01/85;Global;tobacco;1043,263065;970,6254411;1,897955658;-2,514891443;Synthetic price index / US$ equivalent
01/02/85;Global;tobacco;1008,660586;1023,815778;1,961715022;3,359370562;Synthetic price index / US$ equivalent
01/03/85;Global;tobacco;1105,669108;1118,872578;1,938831749;-1,166493245;Synthetic price index / US$ equivalent
01/04/85;Global;tobacco;1046,389366;987,3234673;1,947871495;0,46624708;Synthetic price index / US$ equivalent
01/05/85;Global;tobacco;1115,759663;1060,276805;1,914675319;-1,704228225;Synthetic price index / US$ equivalent
01/06/85;Global;tobacco;973,7923542;1005,88543;1,881421651;-1,736778475;Synthetic price index / US$ equivalent
01/07/85;Global;tobacco;1106,53324;1061,733138;1,894082801;0,672956567;Synthetic price index / US$ equivalent
01/08/85;Global;tobacco;1032,44692;930,9992466;1,860060236;-1,796255448;Synthetic price index / US$ equivalent
01/09/85;Global;tobacco;1150,349805;1118,048407;1,962027824;5,481950854;Synthetic price index / US$ equivalent
01/10/85;Global;tobacco;998,0744803;1019,793756;2,017232541;2,813656174;Synthetic price index / US$ equivalent
01/11/85;Global;tobacco;1083,260149;1071,104624;1,997283925;-0,988910081;Synthetic price index / US$ equivalent
01/12/85;Global;tobacco;1036,779198;1082,761291;2,018936225;1,084087237;Synthetic price index / US$ equivalent
01/01/86;Global;tobacco;977,0757017;1027,358798;1,976232859;-2,115141877;Synthetic price index / US$ equivalent
01/02/86;Global;tobacco;1027,166402;1048,773456;2,013059918;1,863497939;Synthetic price index / US$ equivalent
01/03/86;Global;tobacco;1008,350745;1088,41338;2,073790021;3,016805569;Synthetic price index / US$ equivalent
01/04/86;Global;tobacco;1127,720922;1109,945975;2,16986947;4,633036518;Synthetic price index / US$ equivalent
01/05/86;Global;tobacco;1170,136044;1181,259239;2,091108342;-3,629763435;Synthetic price index / US$ equivalent
01/06/86;Global;tobacco;1028,1834;1037,64684;2,179893024;4,24581935;Synthetic price index / US$ equivalent
01/07/86;Global;tobacco;999,744396;980,9587642;2,11817389;-2,831291876;Synthetic price index / US$ equivalent
01/08/86;Global;tobacco;1026,894402;1020,018824;2,196159798;3,681751887;Synthetic price index / US$ equivalent
01/09/86;Global;tobacco;1028,482936;1048,402999;2,148684017;-2,161763469;Synthetic price index / US$ equivalent
01/10/86;Global;tobacco;1076,725052;1060,592859;2,131814282;-0,785119403;Synthetic price index / US$ equivalent
01/11/86;Global;tobacco;1099,397874;1100,855617;2,236206076;4,896852179;Synthetic price index / US$ equivalent
01/12/86;Global;tobacco;1102,492468;1161,391027;2,19794133;-1,711145805;Synthetic price index / US$ equivalent
01/01/87;Global;tobacco;1067,61387;1125,922867;2,385365652;8,527266822;Synthetic price index / US$ equivalent
01/02/87;Global;tobacco;1001,472655;943,2088821;2,467828064;3,457013473;Synthetic price index / US$ equivalent
01/03/87;Global;tobacco;1088,643732;1121,309836;2,350947325;-4,736178346;Synthetic price index / US$ equivalent
01/04/87;Global;tobacco;1031,979063;913,6491837;2,427586447;3,25992511;Synthetic price index / US$ equivalent
01/05/87;Global;tobacco;1100,935857;1087,147007;2,472417256;1,846723456;Synthetic price index / US$ equivalent
01/06/87;Global;tobacco;1107,518616;1066,009969;2,456548713;-0,641822998;Synthetic price index / US$ equivalent
01/07/87;Global;tobacco;1214,923761;1207,892617;2,531402972;3,047131041;Synthetic price index / US$ equivalent
01/08/87;Global;tobacco;1055,342455;1109,17769;2,501072708;-1,198160226;Synthetic price index / US$ equivalent
01/09/87;Global;tobacco;1092,820957;1090,573705;2,544038941;1,717912202;Synthetic price index / US$ equivalent
01/10/87;Global;tobacco;1101,093801;1136,751516;2,429252621;-4,511971808;Synthetic price index / US$ equivalent
01/11/87;Global;tobacco;1137,329754;1094,546182;2,49659088;2,771974301;Synthetic price index / US$ equivalent
01/12/87;Global;tobacco;1127,594923;1129,375352;2,499892209;0,132233472;Synthetic price index / US$ equivalent
01/01/88;Global;tobacco;1002,731202;988,2461438;2,513742052;0,554017629;Synthetic price index / US$ equivalent
01/02/88;Global;tobacco;1038,170645;1023,640992;2,462947333;-2,020681435;Synthetic price index / US$ equivalent
01/03/88;Global;tobacco;1108,061252;1076,056483;2,456840871;-0,247933124;Synthetic price index / US$ equivalent
01/04/88;Global;tobacco;1132,718905;1030,423022;2,355368499;-4,130197164;Synthetic price index / US$ equivalent
01/05/88;Global;tobacco;1217,10313;1269,777724;2,304962862;-2,140031903;Synthetic price index / US$ equivalent
01/06/88;Global;tobacco;1118,784405;1094,902012;2,358705954;2,331625106;Synthetic price index / US$ equivalent
01/07/88;Global;tobacco;1039,697021;1030,780829;2,242627799;-4,92126434;Synthetic price index / US$ equivalent
01/08/88;Global;tobacco;1235,974567;1221,021343;2,198963289;-1,947024401;Synthetic price index / US$ equivalent
01/09/88;Global;tobacco;1078,855109;1111,043028;2,254954066;2,546235202;Synthetic price index / US$ equivalent
01/10/88;Global;tobacco;1036,598362;992,5563211;2,236561125;-0,815668096;Synthetic price index / US$ equivalent
01/11/88;Global;tobacco;1041,665729;1041,886044;2,363446142;5,673219287;Synthetic price index / US$ equivalent
01/12/88;Global;tobacco;1103,379748;1044,035574;2,302203828;-2,591229531;Synthetic price index / US$ equivalent
01/01/89;Global;tobacco;1075,816654;1025,383099;2,352474856;2,183604564;Synthetic price index / US$ equivalent
01/02/89;Global;tobacco;1124,591215;1100,698973;2,317142889;-1,50190624;Synthetic price index / US$ equivalent
01/03/89;Global;tobacco;1056,77936;999,0487981;2,403341656;3,720045362;Synthetic price index / US$ equivalent
01/04/89;Global;tobacco;1126,286646;1104,393579;2,387050913;-0,677837181;Synthetic price index / US$ equivalent
01/05/89;Global;tobacco;1074,260478;1022,834313;2,139012553;-10,39099578;Synthetic price index / US$ equivalent
01/06/89;Global;tobacco;1119,579366;1063,762535;2,201185495;2,906618834;Synthetic price index / US$ equivalent
01/07/89;Global;tobacco;1228,401182;1182,965309;2,255341091;2,460292272;Synthetic price index / US$ equivalent
01/08/89;Global;tobacco;1155,121976;1118,238569;2,268138052;0,567406891;Synthetic price index / US$ equivalent
01/09/89;Global;tobacco;1220,921155;1323,271089;2,243523815;-1,085217741;Synthetic price index / US$ equivalent
01/10/89;Global;tobacco;1176,306955;1159,09499;2,220114234;-1,043429156;Synthetic price index / US$ equivalent
01/11/89;Global;tobacco;1231,53456;1151,491687;2,261296023;1,854940117;Synthetic price index / US$ equivalent
01/12/89;Global;tobacco;1214,937303;1247,157995;2,23360951;-1,224364852;Synthetic price index / US$ equivalent
01/01/90;Global;tobacco;1086,358092;1070,225827;2,202281007;-1,402595311;Synthetic price index / US$ equivalent
01/02/90;Global;tobacco;1231,921483;1232,595537;2,311602166;4,963996793;Synthetic price index / US$ equivalent
01/03/90;Global;tobacco;1225,179664;1180,332176;2,307741964;-0,166992499;Synthetic price index / US$ equivalent
01/04/90;Global;tobacco;1163,56241;1237,050236;2,305885903;-0,080427574;Synthetic price index / US$ equivalent
01/05/90;Global;tobacco;1123,588028;1168,872992;2,333337026;1,190480562;Synthetic price index / US$ equivalent
01/06/90;Global;tobacco;1110,269108;1063,575839;2,220282471;-4,845187542;Synthetic price index / US$ equivalent
01/07/90;Global;tobacco;1108,935752;1051,122979;2,15516112;-2,933020992;Synthetic price index / US$ equivalent
01/08/90;Global;tobacco;1230,561554;1227,446821;2,003485557;-7,037783009;Synthetic price index / US$ equivalent
01/09/90;Global;tobacco;1217,165562;1177,050764;1,973482823;-1,497526872;Synthetic price index / US$ equivalent
01/10/90;Global;tobacco;1132,297419;1115,358747;2,016406907;2,175042203;Synthetic price index / US$ equivalent
01/11/90;Global;tobacco;1223,676803;1203,209379;2,10512087;4,399606181;Synthetic price index / US$ equivalent
01/12/90;Global;tobacco;1136,202485;1200,420379;2,076690601;-1,350529048;Synthetic price index / US$ equivalent
01/01/91;Global;tobacco;1212,049424;1215,161723;1,954293403;-5,893858146;Synthetic price index / US$ equivalent
01/02/91;Global;tobacco;1247,42418;1216,305848;2,074345153;6,142974741;Synthetic price index / US$ equivalent
01/03/91;Global;tobacco;1223,45044;1222,929187;2,100793559;1,275024357;Synthetic price index / US$ equivalent
01/04/91;Global;tobacco;1309,743098;1270,566966;2,137220613;1,733966369;Synthetic price index / US$ equivalent
01/05/91;Global;tobacco;1212,075825;1181,287823;2,290281322;7,161671018;Synthetic price index / US$ equivalent
01/06/91;Global;tobacco;1160,966865;1204,899329;2,294291255;0,175084743;Synthetic price index / US$ equivalent
01/07/91;Global;tobacco;1151,625616;1153,766857;2,273442206;-0,908735947;Synthetic price index / US$ equivalent
01/08/91;Global;tobacco;1157,600061;1085,585642;2,359721401;3,795090769;Synthetic price index / US$ equivalent
01/09/91;Global;tobacco;1176,00109;1144,558737;2,42957121;2,960087106;Synthetic price index / US$ equivalent
01/10/91;Global;tobacco;1267,004857;1244,290823;2,494442643;2,670077438;Synthetic price index / US$ equivalent
01/11/91;Global;tobacco;1283,716492;1252,174644;2,408276998;-3,454304516;Synthetic price index / US$ equivalent
01/12/91;Global;tobacco;1097,259675;1068,193062;2,321120774;-3,619028227;Synthetic price index / US$ equivalent
01/01/92;Global;tobacco;1295,137067;1352,881938;2,308273218;-0,553506571;Synthetic price index / US$ equivalent
01/02/92;Global;tobacco;1187,096837;1181,127595;2,225664058;-3,578829358;Synthetic price index / US$ equivalent
01/03/92;Global;tobacco;1135,381164;1164,472252;2,292255232;2,991968771;Synthetic price index / US$ equivalent
01/04/92;Global;tobacco;1081,100745;1032,842246;2,369618918;3,375003156;Synthetic price index / US$ equivalent
01/05/92;Global;tobacco;1190,963714;1220,748143;2,332402225;-1,570577157;Synthetic price index / US$ equivalent
01/06/92;Global;tobacco;1189,293317;1252,378641;2,358633263;1,124636147;Synthetic price index / US$ equivalent
01/07/92;Global;tobacco;1133,484439;1087,795272;2,409049022;2,137498849;Synthetic price index / US$ equivalent
01/08/92;Global;tobacco;1199,818176;1190,700913;2,383553932;-1,058305168;Synthetic price index / US$ equivalent
01/09/92;Global;tobacco;1190,026176;1191,333798;2,574554174;8,013254482;Synthetic price index / US$ equivalent
01/10/92;Global;tobacco;1057,017746;1061,211981;2,532081862;-1,649695795;Synthetic price index / US$ equivalent
01/11/92;Global;tobacco;1166,857392;1215,214742;2,560065343;1,10515704;Synthetic price index / US$ equivalent
01/12/92;Global;tobacco;1171,101843;1227,306605;2,602718521;1,666097262;Synthetic price index / US$ equivalent
01/01/93;Global;tobacco;1132,167099;1144,241788;2,633952503;1,200052238;Synthetic price index / US$ equivalent
01/02/93;Global;tobacco;1168,822134;1198,224754;2,750765149;4,434880482;Synthetic price index / US$ equivalent
01/03/93;Global;tobacco;1243,745118;1185,940508;2,693061078;-2,097746174;Synthetic price index / US$ equivalent
01/04/93;Global;tobacco;1303,576232;1315,755529;2,682320027;-0,398841728;Synthetic price index / US$ equivalent
01/05/93;Global;tobacco;1253,595066;1216,298892;2,640227162;-1,569270801;Synthetic price index / US$ equivalent
01/06/93;Global;tobacco;1329,470425;1320,072688;2,71173277;2,708312723;Synthetic price index / US$ equivalent
01/07/93;Global;tobacco;1242,685023;1234,158315;2,545925529;-6,114438803;Synthetic price index / US$ equivalent
01/08/93;Global;tobacco;1302,081572;1291,653299;2,49695125;-1,92363362;Synthetic price index / US$ equivalent
01/09/93;Global;tobacco;1260,303045;1298,481909;2,413559815;-3,339730201;Synthetic price index / US$ equivalent
01/10/93;Global;tobacco;1099,78862;1011,272258;2,342487839;-2,944695007;Synthetic price index / US$ equivalent
01/11/93;Global;tobacco;1277,200666;1359,559456;2,442936623;4,288124028;Synthetic price index / US$ equivalent
01/12/93;Global;tobacco;1310,05582;1299,195668;2,582991172;5,73304059;Synthetic price index / US$ equivalent
01/01/94;Global;tobacco;1178,577779;1128,364428;2,523984769;-2,284421369;Synthetic price index / US$ equivalent
01/02/94;Global;tobacco;1166,181014;1157,42258;2,487881374;-1,430412582;Synthetic price index / US$ equivalent
01/03/94;Global;tobacco;1271,264949;1297,40947;2,618548558;5,252146911;Synthetic price index / US$ equivalent
01/04/94;Global;tobacco;1172,086036;1133,557953;2,675102182;2,159731716;Synthetic price index / US$ equivalent
01/05/94;Global;tobacco;1327,51475;1382,436495;2,813045333;5,156556334;Synthetic price index / US$ equivalent
01/06/94;Global;tobacco;1153,428645;1169,449238;2,882958953;2,48533569;Synthetic price index / US$ equivalent
01/07/94;Global;tobacco;1228,235008;1223,915815;2,866898346;-0,557087582;Synthetic price index / US$ equivalent
01/08/94;Global;tobacco;1158,3252;1085,697698;2,829712895;-1,297062092;Synthetic price index / US$ equivalent
01/09/94;Global;tobacco;1292,739134;1307,723433;2,726341895;-3,653056089;Synthetic price index / US$ equivalent
01/10/94;Global;tobacco;1288,741908;1230,210329;2,803258022;2,821220872;Synthetic price index / US$ equivalent
01/11/94;Global;tobacco;1164,844721;1224,096451;2,810037231;0,241833219;Synthetic price index / US$ equivalent
01/12/94;Global;tobacco;1295,665348;1290,887173;2,702278871;-3,834766278;Synthetic price index / US$ equivalent
01/01/95;Global;tobacco;1205,869464;1259,987618;2,800704844;3,642332174;Synthetic price index / US$ equivalent
01/02/95;Global;tobacco;1155,863861;1111,484196;2,554454663;-8,79243601;Synthetic price index / US$ equivalent
01/03/95;Global;tobacco;1218,860475;1288,839795;2,577163713;0,888997968;Synthetic price index / US$ equivalent
01/04/95;Global;tobacco;1169,871676;1160,147156;2,544735108;-1,258305966;Synthetic price index / US$ equivalent
01/05/95;Global;tobacco;1304,704678;1201,753208;2,663439519;4,664705981;Synthetic price index / US$ equivalent
01/06/95;Global;tobacco;1225,755524;1148,469855;2,699918417;1,369616187;Synthetic price index / US$ equivalent
01/07/95;Global;tobacco;1149,963899;1161,696745;2,904243796;7,567835278;Synthetic price index / US$ equivalent
01/08/95;Global;tobacco;1217,82509;1251,176806;2,976558961;2,489982596;Synthetic price index / US$ equivalent
01/09/95;Global;tobacco;1206,277162;1209,479363;2,883053954;-3,141379287;Synthetic price index / US$ equivalent
01/10/95;Global;tobacco;1276,863775;1272,97011;3,071982767;6,553079316;Synthetic price index / US$ equivalent
01/11/95;Global;tobacco;1123,210863;1134,087616;2,982373214;-2,916994004;Synthetic price index / US$ equivalent
01/12/95;Global;tobacco;1113,029017;1005,73882;3,049947904;2,265802626;Synthetic price index / US$ equivalent
01/01/96;Global;tobacco;1152,303833;1195,246412;3,095693507;1,499881456;Synthetic price index / US$ equivalent
01/02/96;Global;tobacco;1177,477341;1146,096969;3,070223384;-0,822759833;Synthetic price index / US$ equivalent
01/03/96;Global;tobacco;1098,092759;1108,439169;3,097337918;0,883145291;Synthetic price index / US$ equivalent
01/04/96;Global;tobacco;1361,069343;1455,323373;3,091661844;-0,183256521;Synthetic price index / US$ equivalent
01/05/96;Global;tobacco;1228,372915;1223,258845;2,971963526;-3,871649755;Synthetic price index / US$ equivalent
01/06/96;Global;tobacco;1272,853871;1237,252947;3,01980441;1,609739953;Synthetic price index / US$ equivalent
01/07/96;Global;tobacco;1187,66665;1153,851149;3,070527732;1,679688987;Synthetic price index / US$ equivalent
01/08/96;Global;tobacco;1128,644929;1071,853889;3,142538963;2,345239566;Synthetic price index / US$ equivalent
01/09/96;Global;tobacco;1341,829052;1190,028211;3,282928927;4,467405674;Synthetic price index / US$ equivalent
01/10/96;Global;tobacco;1287,496593;1339,686185;3,391650237;3,311716815;Synthetic price index / US$ equivalent
01/11/96;Global;tobacco;1334,702541;1443,128552;3,327592365;-1,88869331;Synthetic price index / US$ equivalent
01/12/96;Global;tobacco;1326,404156;1314,06355;3,356096331;0,856594262;Synthetic price index / US$ equivalent
01/01/97;Global;tobacco;1309,543548;1356,727044;3,536023344;5,361199314;Synthetic price index / US$ equivalent
01/02/97;Global;tobacco;1452,302422;1504,606956;3,676010481;3,958886105;Synthetic price index / US$ equivalent
01/03/97;Global;tobacco;1439,913149;1439,016676;3,63699826;-1,061265226;Synthetic price index / US$ equivalent
01/04/97;Global;tobacco;1327,104229;1282,886503;3,535747939;-2,783897989;Synthetic price index / US$ equivalent
01/05/97;Global;tobacco;1220,036032;1173,041075;3,437733673;-2,772094265;Synthetic price index / US$ equivalent
01/06/97;Global;tobacco;1165,675243;1168,363747;3,434096776;-0,105793454;Synthetic price index / US$ equivalent
01/07/97;Global;tobacco;1261,383574;1235,810251;3,56237556;3,735444645;Synthetic price index / US$ equivalent
01/08/97;Global;tobacco;1327,820878;1300,448482;3,660962455;2,76744812;Synthetic price index / US$ equivalent
01/09/97;Global;tobacco;1247,603048;1198,447913;3,7818951;3,303301954;Synthetic price index / US$ equivalent
01/10/97;Global;tobacco;1305,201249;1197,48195;3,955071098;4,579079889;Synthetic price index / US$ equivalent
01/11/97;Global;tobacco;1233,740119;1135,396052;3,910667895;-1,122690385;Synthetic price index / US$ equivalent
01/12/97;Global;tobacco;1266,04531;1278,740743;3,932639115;0,561827828;Synthetic price index / US$ equivalent
01/01/98;Global;tobacco;1179,808414;1048,727516;4,023723999;2,316126178;Synthetic price index / US$ equivalent
01/02/98;Global;tobacco;1341,67061;1365,461681;4,151591825;3,177847831;Synthetic price index / US$ equivalent
01/03/98;Global;tobacco;1205,419001;1277,347281;3,991086846;-3,866106912;Synthetic price index / US$ equivalent
01/04/98;Global;tobacco;1399,093866;1390,65653;3,890608006;-2,517580896;Synthetic price index / US$ equivalent
01/05/98;Global;tobacco;1147,97983;1131,32694;3,889808178;-0,020557926;Synthetic price index / US$ equivalent
01/06/98;Global;tobacco;1418,160024;1289,657749;3,939166463;1,268913075;Synthetic price index / US$ equivalent
01/07/98;Global;tobacco;1263,065508;1170,28154;4,128737354;4,812462065;Synthetic price index / US$ equivalent
01/08/98;Global;tobacco;1429,982827;1469,154464;4,087409107;-1,000989987;Synthetic price index / US$ equivalent
01/09/98;Global;tobacco;1258,673837;1262,982359;4,071183588;-0,396963409;Synthetic price index / US$ equivalent
01/10/98;Global;tobacco;1256,872963;1322,484642;4,013520717;-1,416366285;Synthetic price index / US$ equivalent
01/11/98;Global;tobacco;1290,325348;1308,807444;3,894889059;-2,955800297;Synthetic price index / US$ equivalent
01/12/98;Global;tobacco;1245,442458;1242,908114;3,937461479;1,093032921;Synthetic price index / US$ equivalent
01/01/99;Global;tobacco;1288,2587;1223,696254;3,905800158;-0,804104913;Synthetic price index / US$ equivalent
01/02/99;Global;tobacco;1262,238008;1190,5244;3,849961983;-1,429621922;Synthetic price index / US$ equivalent
01/03/99;Global;tobacco;1344,232675;1337,347206;3,851343341;0,035879794;Synthetic price index / US$ equivalent
01/04/99;Global;tobacco;1114,5762;1064,049571;3,728535456;-3,188702589;Synthetic price index / US$ equivalent
01/05/99;Global;tobacco;1213,061455;1122,925014;3,680240155;-1,295288758;Synthetic price index / US$ equivalent
01/06/99;Global;tobacco;1333,237039;1321,594961;3,81290319;3,604738529;Synthetic price index / US$ equivalent
01/07/99;Global;tobacco;1127,357683;1070,373513;3,789230615;-0,620854355;Synthetic price index / US$ equivalent
01/08/99;Global;tobacco;1246,734972;1283,353436;3,779235049;-0,263788807;Synthetic price index / US$ equivalent
01/09/99;Global;tobacco;1477,93087;1476,813889;3,659096716;-3,178906088;Synthetic price index / US$ equivalent
01/10/99;Global;tobacco;1296,277289;1318,577879;3,952115864;8,007964009;Synthetic price index / US$ equivalent
01/11/99;Global;tobacco;1261,011311;1311,918596;3,978332003;0,663344412;Synthetic price index / US$ equivalent
01/12/99;Global;tobacco;1327,469766;1294,016801;4,07868303;2,522439724;Synthetic price index / US$ equivalent
01/01/00;Global;tobacco;1537,691905;1421,383393;4,127468361;1,19610499;Synthetic price index / US$ equivalent
01/02/00;Global;tobacco;1373,132852;1307,518704;4,190086512;1,517107958;Synthetic price index / US$ equivalent
01/03/00;Global;tobacco;1318,890698;1257,179515;4,247312636;1,36575042;Synthetic price index / US$ equivalent
01/04/00;Global;tobacco;1316,74926;1245,496498;4,318544478;1,677103787;Synthetic price index / US$ equivalent
01/05/00;Global;tobacco;1429,264522;1398,688353;4,222752811;-2,218147053;Synthetic price index / US$ equivalent
01/06/00;Global;tobacco;1379,971473;1331,449651;4,16847627;-1,285335492;Synthetic price index / US$ equivalent
01/07/00;Global;tobacco;1271,99043;1349,019671;3,880169454;-6,916359779;Synthetic price index / US$ equivalent
01/08/00;Global;tobacco;1371,922436;1339,340703;3,933175717;1,366081147;Synthetic price index / US$ equivalent
01/09/00;Global;tobacco;1302,791499;1307,608453;4,018577603;2,171321396;Synthetic price index / US$ equivalent
01/10/00;Global;tobacco;1438,466552;1510,334894;4,208133354;4,71698621;Synthetic price index / US$ equivalent
01/11/00;Global;tobacco;1154,183677;1115,631121;4,039068448;-4,017574836;Synthetic price index / US$ equivalent
01/12/00;Global;tobacco;1386,371499;1366,624918;4,013711491;-0,627792199;Synthetic price index / US$ equivalent
01/01/01;Global;tobacco;1430,273782;1450,463;3,87091244;-3,557780658;Synthetic price index / US$ equivalent
01/02/01;Global;tobacco;1530,617768;1445,368501;3,716267969;-3,995039229;Synthetic price index / US$ equivalent
01/03/01;Global;tobacco;1462,985228;1355,368897;3,689723256;-0,714284164;Synthetic price index / US$ equivalent
01/04/01;Global;tobacco;1395,827021;1382,488095;3,767091579;2,096859791;Synthetic price index / US$ equivalent
01/05/01;Global;tobacco;1458,595066;1503,906886;3,608845426;-4,200751438;Synthetic price index / US$ equivalent
01/06/01;Global;tobacco;1551,072365;1545,466274;3,658450787;1,374549362;Synthetic price index / US$ equivalent
01/07/01;Global;tobacco;1381,804264;1251,583636;3,889761429;6,322639146;Synthetic price index / US$ equivalent
01/08/01;Global;tobacco;1420,54067;1352,640056;4,291126263;10,31849489;Synthetic price index / US$ equivalent
01/09/01;Global;tobacco;1535,457208;1567,228424;4,315015923;0,556722379;Synthetic price index / US$ equivalent
01/10/01;Global;tobacco;1292,579786;1210,260538;4,293851155;-0,490491084;Synthetic price index / US$ equivalent
01/11/01;Global;tobacco;1379,651091;1237,653472;4,278686122;-0,353180228;Synthetic price index / US$ equivalent
01/12/01;Global;tobacco;1311,279702;1236,92148;4,186842378;-2,146540804;Synthetic price index / US$ equivalent
01/01/02;Global;tobacco;1492,525719;1539,451834;4,308462696;2,90482199;Synthetic price index / US$ equivalent
01/02/02;Global;tobacco;1342,926055;1350,160132;4,50080518;4,464294977;Synthetic price index / US$ equivalent
01/03/02;Global;tobacco;1322,523535;1389,872224;4,580056101;1,760816514;Synthetic price index / US$ equivalent
01/04/02;Global;tobacco;1299,65497;1361,433162;4,53013155;-1,090042333;Synthetic price index / US$ equivalent
01/05/02;Global;tobacco;1530,694731;1411,628369;4,546200502;0,354712685;Synthetic price index / US$ equivalent
01/06/02;Global;tobacco;1305,312991;1356,696494;4,610665349;1,417993933;Synthetic price index / US$ equivalent
01/07/02;Global;tobacco;1483,513066;1507,407969;4,612996351;0,050556729;Synthetic price index / US$ equivalent
01/08/02;Global;tobacco;1385,295598;1352,672713;4,489559693;-2,675845559;Synthetic price index / US$ equivalent
01/09/02;Global;tobacco;1383,129227;1326,751596;4,374245749;-2,56849115;Synthetic price index / US$ equivalent
01/10/02;Global;tobacco;1405,946358;1440,032229;4,317248963;-1,303008319;Synthetic price index / US$ equivalent
01/11/02;Global;tobacco;1407,609642;1325,865556;4,285215384;-0,741990546;Synthetic price index / US$ equivalent
01/12/02;Global;tobacco;1261,898527;1228,039389;4,355223477;1,633712338;Synthetic price index / US$ equivalent
01/01/03;Global;tobacco;1340,322649;1295,409325;4,334025848;-0,486717348;Synthetic price index / US$ equivalent
01/02/03;Global;tobacco;1310,417974;1216,376628;4,26677937;-1,551593846;Synthetic price index / US$ equivalent
01/03/03;Global;tobacco;1352,888189;1380,4682;4,02843068;-5,586149861;Synthetic price index / US$ equivalent
01/04/03;Global;tobacco;1408,875645;1398,61901;4,13976182;2,763635475;Synthetic price index / US$ equivalent
01/05/03;Global;tobacco;1542,459217;1526,008977;4,214865989;1,814214739;Synthetic price index / US$ equivalent
01/06/03;Global;tobacco;1484,583254;1466,999712;4,314589495;2,365994706;Synthetic price index / US$ equivalent
01/07/03;Global;tobacco;1438,813662;1426,500772;4,321451422;0,159040085;Synthetic price index / US$ equivalent
01/08/03;Global;tobacco;1477,157645;1423,602508;4,158333904;-3,774600281;Synthetic price index / US$ equivalent
01/09/03;Global;tobacco;1422,13639;1400,448829;4,022129188;-3,275463671;Synthetic price index / US$ equivalent
01/10/03;Global;tobacco;1509,182082;1423,635386;4,35202774;8,202087413;Synthetic price index / US$ equivalent
01/11/03;Global;tobacco;1357,043778;1348,876949;4,770047791;9,605178929;Synthetic price index / US$ equivalent
01/12/03;Global;tobacco;1560,56633;1569,422053;4,678889434;-1,911057525;Synthetic price index / US$ equivalent
01/01/04;Global;tobacco;1403,337473;1432,11485;4,765815654;1,857838731;Synthetic price index / US$ equivalent
01/02/04;Global;tobacco;1436,957465;1388,285783;4,624263545;-2,970154942;Synthetic price index / US$ equivalent
01/03/04;Global;tobacco;1429,88361;1468,775409;4,708912676;1,83054298;Synthetic price index / US$ equivalent
01/04/04;Global;tobacco;1525,72512;1487,494499;4,602176151;-2,266691535;Synthetic price index / US$ equivalent
01/05/04;Global;tobacco;1453,817784;1550,666123;4,567404496;-0,755548116;Synthetic price index / US$ equivalent
01/06/04;Global;tobacco;1474,324169;1396,435263;4,894530682;7,16218994;Synthetic price index / US$ equivalent
01/07/04;Global;tobacco;1510,868685;1453,704033;5,016250663;2,486857059;Synthetic price index / US$ equivalent
01/08/04;Global;tobacco;1457,84914;1425,44075;5,207973794;3,822040481;Synthetic price index / US$ equivalent
01/09/04;Global;tobacco;1334,058026;1317,567737;5,181777008;-0,503013022;Synthetic price index / US$ equivalent
01/10/04;Global;tobacco;1393,448618;1400,856586;5,283345276;1,96010495;Synthetic price index / US$ equivalent
01/11/04;Global;tobacco;1659,752464;1562,263009;5,157953391;-2,373342602;Synthetic price index / US$ equivalent
01/12/04;Global;tobacco;1504,03864;1517,084054;5,346120113;3,648088829;Synthetic price index / US$ equivalent
01/01/05;Global;tobacco;1643,408916;1560,233455;5,280827611;-1,221306293;Synthetic price index / US$ equivalent
01/02/05;Global;tobacco;1617,346288;1428,96207;5,32176429;0,775194382;Synthetic price index / US$ equivalent
01/03/05;Global;tobacco;1499,52342;1431,799747;5,399351773;1,457927831;Synthetic price index / US$ equivalent
01/04/05;Global;tobacco;1604,250167;1505,952478;5,478801491;1,471467702;Synthetic price index / US$ equivalent
01/05/05;Global;tobacco;1514,983688;1498,829592;5,638980209;2,923608724;Synthetic price index / US$ equivalent
01/06/05;Global;tobacco;1560,455434;1432,171094;6,283619307;11,43183828;Synthetic price index / US$ equivalent
01/07/05;Global;tobacco;1683,481927;1604,738203;6,231444062;-0,830337455;Synthetic price index / US$ equivalent
01/08/05;Global;tobacco;1578,296001;1625,806068;6,488994657;4,133080426;Synthetic price index / US$ equivalent
01/09/05;Global;tobacco;1542,080146;1499,954349;6,534185183;0,696417993;Synthetic price index / US$ equivalent
01/10/05;Global;tobacco;1495,841732;1422,27272;6,792940239;3,960020236;Synthetic price index / US$ equivalent
01/11/05;Global;tobacco;1551,594754;1547,451529;7,182729092;5,738146364;Synthetic price index / US$ equivalent
01/12/05;Global;tobacco;1567,180224;1554,751497;7,257051633;1,034739584;Synthetic price index / US$ equivalent
01/01/06;Global;tobacco;1636,229366;1595,146916;7,084807531;-2,37347219;Synthetic price index / US$ equivalent
01/02/06;Global;tobacco;1593,330838;1527,111606;6,952720979;-1,864363302;Synthetic price index / US$ equivalent
01/03/06;Global;tobacco;1567,993906;1544,043623;6,825713168;-1,826735336;Synthetic price index / US$ equivalent
01/04/06;Global;tobacco;1613,593303;1620,715725;6,667943687;-2,31139923;Synthetic price index / US$ equivalent
01/05/06;Global;tobacco;1550,229962;1691,239745;6,477829308;-2,851169527;Synthetic price index / US$ equivalent
01/06/06;Global;tobacco;1644,711115;1607,231407;6,074450118;-6,227073476;Synthetic price index / US$ equivalent
01/07/06;Global;tobacco;1715,597341;1613,723602;6,217546423;2,355707965;Synthetic price index / US$ equivalent
01/08/06;Global;tobacco;1609,556939;1434,308648;6,304423856;1,397294487;Synthetic price index / US$ equivalent
01/09/06;Global;tobacco;1789,687232;1787,650256;6,436840393;2,1003749;Synthetic price index / US$ equivalent
01/10/06;Global;tobacco;1552,329402;1526,582355;6,187203584;-3,878250721;Synthetic price index / US$ equivalent
01/11/06;Global;tobacco;1650,530164;1671,311768;5,944162024;-3,92813257;Synthetic price index / US$ equivalent
01/12/06;Global;tobacco;1540,988657;1573,797105;5,697669964;-4,146792421;Synthetic price index / US$ equivalent
01/01/07;Global;tobacco;1453,417543;1416,556959;5,507961992;-3,32957109;Synthetic price index / US$ equivalent
01/02/07;Global;tobacco;1567,166734;1534,616398;5,679497438;3,114317894;Synthetic price index / US$ equivalent
01/03/07;Global;tobacco;1749,802224;1827,1574;5,831068861;2,668747092;Synthetic price index / US$ equivalent
01/04/07;Global;tobacco;1524,609291;1540,572201;5,650903296;-3,089751963;Synthetic price index / US$ equivalent
01/05/07;Global;tobacco;1555,238148;1541,807203;5,903719899;4,473914871;Synthetic price index / US$ equivalent
01/06/07;Global;tobacco;1630,177055;1561,988924;6,294405856;6,617623524;Synthetic price index / US$ equivalent
01/07/07;Global;tobacco;1761,838126;1776,690324;6,503646938;3,3242388;Synthetic price index / US$ equivalent
01/08/07;Global;tobacco;1638,835831;1642,884521;6,183339398;-4,925045019;Synthetic price index / US$ equivalent
01/09/07;Global;tobacco;1666,260464;1702,356851;6,151373;-0,516976285;Synthetic price index / US$ equivalent
01/10/07;Global;tobacco;1542,947097;1520,017813;5,908994851;-3,940228449;Synthetic price index / US$ equivalent
01/11/07;Global;tobacco;1669,907349;1652,53763;5,979775789;1,19785074;Synthetic price index / US$ equivalent
01/12/07;Global;tobacco;1664,907186;1599,686215;5,798680444;-3,028463802;Synthetic price index / US$ equivalent
01/01/08;Global;tobacco;1794,121756;1939,539135;5,831810433;0,571336688;Synthetic price index / US$ equivalent
01/02/08;Global;tobacco;1590,214699;1614,617593;5,5969;-4,028087605;Synthetic price index / US$ equivalent
01/03/08;Global;tobacco;1706,829875;1563,690154;5,492783811;-1,860247444;Synthetic price index / US$ equivalent
01/04/08;Global;tobacco;1553,39257;1610,74946;5,478424468;-0,261421947;Synthetic price index / US$ equivalent
01/05/08;Global;tobacco;1770,981201;1750,940631;5,542461192;1,168889421;Synthetic price index / US$ equivalent
01/06/08;Global;tobacco;1627,082226;1570,997825;5,517744803;-0,44594609;Synthetic price index / US$ equivalent
01/07/08;Global;tobacco;1799,380542;1823,187078;5,591350072;1,333973775;Synthetic price index / US$ equivalent
01/08/08;Global;tobacco;1757,069772;1785,605038;5,203896916;-6,929509883;Synthetic price index / US$ equivalent
01/09/08;Global;tobacco;1591,481601;1579,588995;5,126430905;-1,488615412;Synthetic price index / US$ equivalent
01/10/08;Global;tobacco;1803,371184;1723,890342;5,008486329;-2,300715215;Synthetic price index / US$ equivalent
01/11/08;Global;tobacco;1832,086813;1776,465529;4,717124284;-5,817367271;Synthetic price index / US$ equivalent
01/12/08;Global;tobacco;1632,641082;1572,581976;4,716427375;-0,014774032;Synthetic price index / US$ equivalent
01/01/09;Global;tobacco;1691,105582;1637,36346;4,621082721;-2,021543977;Synthetic price index / US$ equivalent
01/02/09;Global;tobacco;1623,829614;1701,639557;5,049703712;9,275336892;Synthetic price index / US$ equivalent
01/03/09;Global;tobacco;1858,237655;1801,791915;5,051755531;0,040632475;Synthetic price index / US$ equivalent
01/04/09;Global;tobacco;1639,588586;1632,538922;4,918665425;-2,634531818;Synthetic price index / US$ equivalent
01/05/09;Global;tobacco;1708,767022;1626,976701;5,121517329;4,124124887;Synthetic price index / US$ equivalent
01/06/09;Global;tobacco;1693,021932;1544,939888;5,094242598;-0,532551782;Synthetic price index / US$ equivalent
01/07/09;Global;tobacco;1584,099864;1543,152521;5,374207556;5,495713115;Synthetic price index / US$ equivalent
01/08/09;Global;tobacco;1679,202508;1568,517238;5,374295714;0,00164038;Synthetic price index / US$ equivalent
01/09/09;Global;tobacco;1783,659453;1637,45351;5,678450897;5,659442643;Synthetic price index / US$ equivalent
01/10/09;Global;tobacco;1821,252328;1749,999877;5,967466186;5,089685444;Synthetic price index / US$ equivalent
01/11/09;Global;tobacco;1667,28957;1747,367338;6,036004797;1,148537898;Synthetic price index / US$ equivalent
01/12/09;Global;tobacco;1694,251008;1713,008071;6,41330385;6,250807711;Synthetic price index / US$ equivalent
01/01/10;Global;tobacco;1701,672753;1767,601715;6,546156957;2,071523665;Synthetic price index / US$ equivalent
01/02/10;Global;tobacco;1655,176731;1598,954295;6,501836435;-0,677046425;Synthetic price index / US$ equivalent
01/03/10;Global;tobacco;1672,640786;1609,790444;6,574936531;1,124299208;Synthetic price index / US$ equivalent
01/04/10;Global;tobacco;1684,1365;1619,85119;6,458499634;-1,770920467;Synthetic price index / US$ equivalent
01/05/10;Global;tobacco;1660,853635;1710,057383;6,4858241;0,423077611;Synthetic price index / US$ equivalent
01/06/10;Global;tobacco;1616,019474;1641,916149;6,275161741;-3,248043055;Synthetic price index / US$ equivalent
01/07/10;Global;tobacco;1646,058994;1521,236272;6,228784432;-0,739061564;Synthetic price index / US$ equivalent
01/08/10;Global;tobacco;1836,162119;1831,585979;6,281237314;0,84210462;Synthetic price index / US$ equivalent
01/09/10;Global;tobacco;1731,219201;1634,550539;6,519123809;3,787255334;Synthetic price index / US$ equivalent
01/10/10;Global;tobacco;1867,139171;1902,304958;6,625126756;1,626030592;Synthetic price index / US$ equivalent
01/11/10;Global;tobacco;1769,957713;1763,667779;6,265678561;-5,425529336;Synthetic price index / US$ equivalent
01/12/10;Global;tobacco;1558,902197;1516,56905;6,669423327;6,443751665;Synthetic price index / US$ equivalent
01/01/11;Global;tobacco;1622,731385;1671,402146;6,895378696;3,387929628;Synthetic price index / US$ equivalent
01/02/11;Global;tobacco;1738,342505;1762,139795;7,0032158;1,563904016;Synthetic price index / US$ equivalent
01/03/11;Global;tobacco;1734,232012;1854,629713;7,243521414;3,431360971;Synthetic price index / US$ equivalent
01/04/11;Global;tobacco;1719,164371;1647,369573;7,32572435;1,134847698;Synthetic price index / US$ equivalent
01/05/11;Global;tobacco;1674,33831;1774,20983;7,479731891;2,10228414;Synthetic price index / US$ equivalent
01/06/11;Global;tobacco;1670,267448;1593,705856;7,533999583;0,725529903;Synthetic price index / US$ equivalent
01/07/11;Global;tobacco;1646,250327;1722,044539;7,143519309;-5,182908093;Synthetic price index / US$ equivalent
01/08/11;Global;tobacco;1748,602359;1879,173214;7,034658244;-1,523913636;Synthetic price index / US$ equivalent
01/09/11;Global;tobacco;1796,756256;1879,07461;6,861065211;-2,467682529;Synthetic price index / US$ equivalent
01/10/11;Global;tobacco;1651,579559;1632,690098;6,818022495;-0,627347426;Synthetic price index / US$ equivalent
01/11/11;Global;tobacco;1667,972081;1588,096113;6,77982198;-0,560287313;Synthetic price index / US$ equivalent
01/12/11;Global;tobacco;1870,211113;1854,220638;6,810223609;0,448413377;Synthetic price index / US$ equivalent
01/01/12;Global;tobacco;1882,858434;1935,048796;7,342541646;7,816454608;Synthetic price index / US$ equivalent
01/02/12;Global;tobacco;1638,51653;1709,932201;7,282397823;-0,819114496;Synthetic price index / US$ equivalent
01/03/12;Global;tobacco;1805,857205;1799,855633;7,237344363;-0,618662435;Synthetic price index / US$ equivalent
01/04/12;Global;tobacco;1857,55478;1754,891261;7,240639314;0,045527063;Synthetic price index / US$ equivalent
01/05/12;Global;tobacco;1627,477114;1618,478447;6,913437608;-4,518961535;Synthetic price index / US$ equivalent
01/06/12;Global;tobacco;1696,937621;1716,149164;6,969097845;0,805102173;Synthetic price index / US$ equivalent
01/07/12;Global;tobacco;1898,534272;1889,921428;7,274561164;4,383111354;Synthetic price index / US$ equivalent
01/08/12;Global;tobacco;1645,932726;1715,410283;6,872193953;-5,531154416;Synthetic price index / US$ equivalent
01/09/12;Global;tobacco;1797,599058;1683,049362;7,282702342;5,97346921;Synthetic price index / US$ equivalent
01/10/12;Global;tobacco;1797,574092;1804,73545;6,913291203;-5,072445944;Synthetic price index / US$ equivalent
01/11/12;Global;tobacco;1912,433553;1773,822039;7,332768323;6,067690591;Synthetic price index / US$ equivalent
01/12/12;Global;tobacco;1746,975033;1826,365642;6,986249029;-4,725627186;Synthetic price index / US$ equivalent
01/01/13;Global;tobacco;1802,08432;1829,799715;7,334679485;4,987375263;Synthetic price index / US$ equivalent
01/02/13;Global;tobacco;1945,048303;2066,150661;7,19677458;-1,880176293;Synthetic price index / US$ equivalent
01/03/13;Global;tobacco;1806,169314;1711,803472;6,709155218;-6,775526408;Synthetic price index / US$ equivalent
01/04/13;Global;tobacco;1566,453317;1533,249132;6,910057317;2,99444702;Synthetic price index / US$ equivalent
01/05/13;Global;tobacco;1836,779019;1838,395407;7,05465578;2,092579793;Synthetic price index / US$ equivalent
01/06/13;Global;tobacco;1880,201688;1931,256254;6,99939155;-0,78337245;Synthetic price index / US$ equivalent
01/07/13;Global;tobacco;1918,907321;1791,665724;6,851754869;-2,109278789;Synthetic price index / US$ equivalent
01/08/13;Global;tobacco;1740,698899;1649,834542;6,415278319;-6,370288466;Synthetic price index / US$ equivalent
01/09/13;Global;tobacco;1583,640983;1590,080504;6,49730564;1,278624512;Synthetic price index / US$ equivalent
01/10/13;Global;tobacco;1832,802953;1936,064383;6,702259456;3,154443213;Synthetic price index / US$ equivalent
01/11/13;Global;tobacco;1732,564808;1699,342515;6,903065038;2,996087862;Synthetic price index / US$ equivalent
01/12/13;Global;tobacco;1959,108188;2043,400684;7,315364864;5,972706658;Synthetic price index / US$ equivalent
01/01/14;Global;tobacco;1860,71541;1892,903287;7,576110819;3,564360228;Synthetic price index / US$ equivalent
01/02/14;Global;tobacco;1784,198041;1858,523281;7,741033643;2,176879764;Synthetic price index / US$ equivalent
01/03/14;Global;tobacco;1836,022454;1799,999628;7,544129207;-2,543645267;Synthetic price index / US$ equivalent
01/04/14;Global;tobacco;1677,618643;1684,695787;7,039117727;-6,694099023;Synthetic price index / US$ equivalent
01/05/14;Global;tobacco;1879,002952;1907,723276;6,896121996;-2,031443953;Synthetic price index / US$ equivalent
01/06/14;Global;tobacco;1816,279542;1768,734947;6,929143092;0,478835737;Synthetic price index / US$ equivalent
01/07/14;Global;tobacco;1968,482304;1871,136269;7,111861938;2,636961648;Synthetic price index / US$ equivalent
01/08/14;Global;tobacco;1737,338601;1727,996518;6,509718917;-8,466742277;Synthetic price index / US$ equivalent
01/09/14;Global;tobacco;1798,572906;1759,323561;6,516238451;0,10015078;Synthetic price index / US$ equivalent
01/10/14;Global;tobacco;1696,227719;1698,0784;6,751535171;3,610928627;Synthetic price index / US$ equivalent
01/11/14;Global;tobacco;1608,462826;1779,624409;6,571129573;-2,672067805;Synthetic price index / US$ equivalent
01/12/14;Global;tobacco;1593,023412;1559,500042;6,744185314;2,633576752;Synthetic price index / US$ equivalent
01/01/15;Global;tobacco;1729,92809;1698,843763;6,360358475;-5,691226157;Synthetic price index / US$ equivalent
01/02/15;Global;tobacco;1877,049841;1947,248651;6,320120681;-0,63263407;Synthetic price index / US$ equivalent
01/03/15;Global;tobacco;1524,960933;1487,215994;6,577520749;4,072708128;Synthetic price index / US$ equivalent
01/04/15;Global;tobacco;1904,887456;1812,178673;6,194119955;-5,828956059;Synthetic price index / US$ equivalent
01/05/15;Global;tobacco;1748,447517;1779,311422;6,061409802;-2,142518293;Synthetic price index / US$ equivalent
01/06/15;Global;tobacco;1813,254639;1801,565843;6,229169808;2,767673068;Synthetic price index / US$ equivalent
01/07/15;Global;tobacco;1703,021259;1744,679238;6,324612251;1,532185598;Synthetic price index / US$ equivalent
01/08/15;Global;tobacco;1697,688978;1595,921857;6,565435531;3,807716111;Synthetic price index / US$ equivalent
01/09/15;Global;tobacco;1702,761902;1681,644111;6,404441792;-2,452141036;Synthetic price index / US$ equivalent
01/10/15;Global;tobacco;1822,870304;1776,749535;6,859231325;7,101158043;Synthetic price index / US$ equivalent
01/11/15;Global;tobacco;1942,97281;1902,038183;6,621142635;-3,471069562;Synthetic price index / US$ equivalent
01/12/15;Global;tobacco;1638,197473;1652,481854;6,425802312;-2,950250943;Synthetic price index / US$ equivalent
01/01/16;Global;tobacco;1732,214986;1713,329127;6,278529421;-2,291898865;Synthetic price index / US$ equivalent
01/02/16;Global;tobacco;1713,157587;1729,369301;5,98330698;-4,702095372;Synthetic price index / US$ equivalent
01/03/16;Global;tobacco;1797,214359;1765,149239;6,298979235;5,275882646;Synthetic price index / US$ equivalent
01/04/16;Global;tobacco;1775,690097;1805,686313;6,882987154;9,271469191;Synthetic price index / US$ equivalent
01/05/16;Global;tobacco;1777,142387;1896,999667;6,724595108;-2,301210823;Synthetic price index / US$ equivalent
01/06/16;Global;tobacco;1786,423513;1734,329061;6,483015566;-3,592477149;Synthetic price index / US$ equivalent
01/07/16;Global;tobacco;1829,990816;1922,550364;6,597894674;1,772001117;Synthetic price index / US$ equivalent
01/08/16;Global;tobacco;1876,165002;1976,646453;6,351307985;-3,737354126;Synthetic price index / US$ equivalent
01/09/16;Global;tobacco;1749,747987;1626,910675;6,420866275;1,095180552;Synthetic price index / US$ equivalent
01/10/16;Global;tobacco;1712,349269;1774,553136;6,453534477;0,508781855;Synthetic price index / US$ equivalent
01/11/16;Global;tobacco;1615,572702;1563,078195;6,339887139;-1,761009248;Synthetic price index / US$ equivalent
01/12/16;Global;tobacco;1784,81685;1747,072457;6,236135701;-1,636487142;Synthetic price index / US$ equivalent
01/01/17;Global;tobacco;1620,221693;1462,519968;6,091026213;-2,326913567;Synthetic price index / US$ equivalent
01/02/17;Global;tobacco;1927,289138;2019,605059;6,179197691;1,447563601;Synthetic price index / US$ equivalent
01/03/17;Global;tobacco;1640,075884;1784,663097;6,239951345;0,98319647;Synthetic price index / US$ equivalent
01/04/17;Global;tobacco;1740,286801;1684,408854;5,972474109;-4,286527588;Synthetic price index / US$ equivalent
01/05/17;Global;tobacco;1632,303159;1652,943904;5,846228016;-2,113798916;Synthetic price index / US$ equivalent
01/06/17;Global;tobacco;1730,932335;1728,263517;5,767370433;-1,348862598;Synthetic price index / US$ equivalent
01/07/17;Global;tobacco;1715,672281;1731,446684;5,729898891;-0,649716225;Synthetic price index / US$ equivalent
01/08/17;Global;tobacco;1798,315083;1815,53793;6,242122409;8,93948614;Synthetic price index / US$ equivalent
01/09/17;Global;tobacco;1832,62144;1835,031415;5,970503907;-4,351380565;Synthetic price index / US$ equivalent
01/10/17;Global;tobacco;1751,933779;1789,553644;5,780902327;-3,175637822;Synthetic price index / US$ equivalent
01/11/17;Global;tobacco;1651,653768;1525,278896;5,669089864;-1,934169741;Synthetic price index / US$ equivalent
01/12/17;Global;tobacco;1656,709913;1589,151817;5,773464361;1,841115595;Synthetic price index / US$ equivalent
01/01/18;Global;tobacco;1749,580391;1746,800664;5,803862691;0,526518017;Synthetic price index / US$ equivalent
01/02/18;Global;tobacco;1758,90403;1644,757476;5,81555425;0,201444437;Synthetic price index / US$ equivalent
01/03/18;Global;tobacco;1670,208507;1670,828979;5,613293051;-3,477935036;Synthetic price index / US$ equivalent
01/04/18;Global;tobacco;1813,774983;1805,925818;5,393405084;-3,917272186;Synthetic price index / US$ equivalent
01/05/18;Global;tobacco;1542,473883;1554,325422;5,574304813;3,354091274;Synthetic price index / US$ equivalent
01/06/18;Global;tobacco;1579,379031;1643,820474;5,468367656;-1,900455034;Synthetic price index / US$ equivalent
01/07/18;Global;tobacco;1760,065709;1799,498751;5,404674073;-1,1647641;Synthetic price index / US$ equivalent
01/08/18;Global;tobacco;1574,686297;1498,032701;5,379217908;-0,471002782;Synthetic price index / US$ equivalent
01/09/18;Global;tobacco;1756,132305;1812,138563;5,327149396;-0,967956915;Synthetic price index / US$ equivalent
01/10/18;Global;tobacco;1780,636022;1794,578123;5,349943724;0,42788978;Synthetic price index / US$ equivalent
01/11/18;Global;tobacco;1677,822187;1653,757498;5,318679001;-0,5843935;Synthetic price index / US$ equivalent
01/12/18;Global;tobacco;1714,056564;1703,968309;5,145190892;-3,261864614;Synthetic price index / US$ equivalent
01/01/19;Global;tobacco;1793,194783;1712,770719;4,848130436;-5,773555584;Synthetic price index / US$ equivalent
01/02/19;Global;tobacco;1655,543588;1648,549039;4,679045145;-3,487639068;Synthetic price index / US$ equivalent
01/03/19;Global;tobacco;1648,172367;1662,567033;4,67606508;-0,06368961;Synthetic price index / US$ equivalent
01/04/19;Global;tobacco;1944,655156;2012,496753;5,05090205;8,016076849;Synthetic price index / US$ equivalent
01/05/19;Global;tobacco;1835,017756;1684,023051;4,985568716;-1,293498331;Synthetic price index / US$ equivalent
01/06/19;Global;tobacco;1795,800373;1843,525756;5,156770187;3,433940646;Synthetic price index / US$ equivalent
01/07/19;Global;tobacco;2058,2489;1930,519374;5,026624308;-2,523786668;Synthetic price index / US$ equivalent
01/08/19;Global;tobacco;1660,394179;1562,665309;4,939020095;-1,742804068;Synthetic price index / US$ equivalent
01/09/19;Global;tobacco;1863,528943;1873,173255;5,459182346;10,5316893;Synthetic price index / US$ equivalent
01/10/19;Global;tobacco;1831,524348;1800,73128;5,471814827;0,231398768;Synthetic price index / US$ equivalent
01/11/19;Global;tobacco;1821,68739;1938,197004;5,365639609;-1,940402247;Synthetic price index / US$ equivalent
01/12/19;Global;tobacco;1599,829168;1665,112716;5,448184174;1,538391896;Synthetic price index / US$ equivalent
01/01/20;Global;tobacco;1866,313629;1860,604059;5,590637614;2,614695751;Synthetic price index / US$ equivalent
01/02/20;Global;tobacco;1878,399818;1699,871854;5,824272102;4,179031161;Synthetic price index / US$ equivalent
01/03/20;Global;tobacco;1889,810619;1805,511922;5,95414944;2,229932527;Synthetic price index / US$ equivalent
01/04/20;Global;tobacco;1843,445921;1798,387798;5,899687297;-0,914692248;Synthetic price index / US$ equivalent
01/05/20;Global;tobacco;1943,131951;1795,821382;5,241162719;-11,16202512;Synthetic price index / US$ equivalent
01/06/20;Global;tobacco;1997,749631;1886,565657;4,886989975;-6,757522375;Synthetic price index / US$ equivalent
01/07/20;Global;tobacco;1806,725705;1745,622109;5,072071783;3,787235265;Synthetic price index / US$ equivalent
01/08/20;Global;tobacco;1912,763868;1834,102304;5,08956474;0,344887811;Synthetic price index / US$ equivalent
01/09/20;Global;tobacco;1835,919509;1758,281237;4,854495162;-4,618657788;Synthetic price index / US$ equivalent
01/10/20;Global;tobacco;1973,998748;1834,744786;4,863745628;0,190554643;Synthetic price index / US$ equivalent
01/11/20;Global;tobacco;1915,895729;1987,413735;5,033269182;3,485452718;Synthetic price index / US$ equivalent
01/12/20;Global;tobacco;1927,811495;1873,065861;5,080740313;0,943147061;Synthetic price index / US$ equivalent
01/01/21;Global;tobacco;1923,735723;1956,690207;4,882605317;-3,899726888;Synthetic price index / US$ equivalent
01/02/21;Global;tobacco;1854,096606;1862,860673;4,949078914;1,361437035;Synthetic price index / US$ equivalent
01/03/21;Global;tobacco;1894,709228;1846,981251;4,849993035;-2,002107473;Synthetic price index / US$ equivalent
01/04/21;Global;tobacco;1920,373191;1830,755621;4,574927104;-5,671470628;Synthetic price index / US$ equivalent
01/05/21;Global;tobacco;1714,809455;1709,94555;4,722532813;3,226405705;Synthetic price index / US$ equivalent
01/06/21;Global;tobacco;1897,998793;1781,832909;4,965052951;5,135382799;Synthetic price index / US$ equivalent
01/07/21;Global;tobacco;1833,800334;1706,624672;5,081849169;2,352366012;Synthetic price index / US$ equivalent
01/08/21;Global;tobacco;1894,526273;2098,802935;5,307146081;4,433364797;Synthetic price index / US$ equivalent
01/09/21;Global;tobacco;1750,510075;1695,436894;5,193364972;-2,143922692;Synthetic price index / US$ equivalent
01/10/21;Global;tobacco;1734,855566;1619,817338;4,925325545;-5,16118987;Synthetic price index / US$ equivalent
01/11/21;Global;tobacco;1868,167637;1854,841184;5,071545592;2,968738712;Synthetic price index / US$ equivalent
01/12/21;Global;tobacco;2079,069364;2016,891359;4,943801652;-2,518836453;Synthetic price index / US$ equivalent
01/01/22;Global;tobacco;2262,219829;2240,838729;5,509996258;11,45261572;Synthetic price index / US$ equivalent
01/02/22;Global;tobacco;1958,477569;2047,430047;5,53616191;0,474876046;Synthetic price index / US$ equivalent
01/03/22;Global;tobacco;1993,249272;1966,751925;5,483948656;-0,943130901;Synthetic price index / US$ equivalent
01/04/22;Global;tobacco;2150,058842;2115,584455;5,250951583;-4,248709977;Synthetic price index / US$ equivalent
01/05/22;Global;tobacco;2076,57308;1964,518253;5,207949879;-0,818931644;Synthetic price index / US$ equivalent
01/06/22;Global;tobacco;1888,460032;1789,804761;5,32033497;2,157952627;Synthetic price index / US$ equivalent
01/07/22;Global;tobacco;1867,872391;1787,429083;5,202988927;-2,205613812;Synthetic price index / US$ equivalent
01/08/22;Global;tobacco;1914,556106;1872,767652;5,454567986;4,835279547;Synthetic price index / US$ equivalent
01/09/22;Global;tobacco;1841,195387;1916,420649;5,551741732;1,781511321;Synthetic price index / US$ equivalent
01/10/22;Global;tobacco;1898,138643;1900,092576;5,446499271;-1,895665662;Synthetic price index / US$ equivalent
01/11/22;Global;tobacco;1857,487659;1876,502336;5,578650614;2,42635383;Synthetic price index / US$ equivalent
01/12/22;Global;tobacco;1909,658646;1947,264049;5,938686668;6,453819721;Synthetic price index / US$ equivalent
01/01/23;Global;tobacco;1839,522183;1816,712952;6,057856433;2,00666868;Synthetic price index / US$ equivalent
01/02/23;Global;tobacco;2001,559226;1935,801287;6,004291329;-0,88422539;Synthetic price index / US$ equivalent
01/03/23;Global;tobacco;1965,643022;1944,030131;5,832730495;-2,857303629;Synthetic price index / US$ equivalent
01/04/23;Global;tobacco;1754,965974;1696,775966;5,550576097;-4,837432443;Synthetic price index / US$ equivalent
01/05/23;Global;tobacco;2076,630838;1990,726642;5,465147549;-1,53909336;Synthetic price index / US$ equivalent
01/06/23;Global;tobacco;2240,283079;2194,924291;5,572918334;1,971964772;Synthetic price index / US$ equivalent
01/07/23;Global;tobacco;2024,56352;1927,015812;5,569232239;-0,066142992;Synthetic price index / US$ equivalent
01/08/23;Global;tobacco;1984,912917;2022,842667;5,661829008;1,662648737;Synthetic price index / US$ equivalent
01/09/23;Global;tobacco;1826,146687;1915,443517;5,426031919;-4,164680511;Synthetic price index / US$ equivalent
01/10/23;Global;tobacco;2100,62064;2133,891481;5,495490372;1,280096662;Synthetic price index / US$ equivalent
01/11/23;Global;tobacco;1840,51503;1960,126563;5,471709969;-0,432725769;Synthetic price index / US$ equivalent
01/12/23;Global;tobacco;1738,791157;1667,341263;5,451881725;-0,362377468;Synthetic price index / US$ equivalent
01/01/24;Global;tobacco;1725,021952;1677,840528;5,420387371;-0,577678599;Synthetic price index / US$ equivalent
01/02/24;Global;tobacco;2181,192907;2154,979559;5,485772908;1,206289005;Synthetic price index / US$ equivalent
01/03/24;Global;tobacco;2004,406808;2002,48429;5,503873354;0,329952509;Synthetic price index / US$ equivalent
01/04/24;Global;tobacco;1772,2156;1760,9508;5,379405089;-2,261466735;Synthetic price index / US$ equivalent
01/05/24;Global;tobacco;2037,947529;2039,467797;5,293429348;-1,598238824;Synthetic price index / US$ equivalent
01/06/24;Global;tobacco;1965,626126;2024,134983;5,398663469;1,988014082;Synthetic price index / US$ equivalent
01/07/24;Global;tobacco;1692,917621;1559,64629;5,386614003;-0,223193504;Synthetic price index / US$ equivalent
01/08/24;Global;tobacco;2032,9523;1958,762679;5,16544993;-4,105808825;Synthetic price index / US$ equivalent
01/09/24;Global;tobacco;1651,892722;1696,454639;5,473211747;5,958083461;Synthetic price index / US$ equivalent
01/10/24;Global;tobacco;2040,329533;2054,425355;5,655624767;3,33283323;Synthetic price index / US$ equivalent
01/11/24;Global;tobacco;1939,670798;1914,675519;5,772922372;2,073999062;Synthetic price index / US$ equivalent
01/12/24;Global;tobacco;1850,000752;1844,53745;5,584255744;-3,268130353;Synthetic price index / US$ equivalent
01/01/25;Global;tobacco;1844,385629;1948,862065;5,753917082;3,038208596;Synthetic price index / US$ equivalent
01/02/25;Global;tobacco;1943,020634;1788,013433;5,739675442;-0,247512081;Synthetic price index / US$ equivalent
01/03/25;Global;tobacco;1838,879949;1786,858344;5,551192354;-3,283863161;Synthetic price index / US$ equivalent
01/04/25;Global;tobacco;1928,711752;1860,493131;5,406518823;-2,60617039;Synthetic price index / US$ equivalent
01/05/25;Global;tobacco;1748,200678;1482,549679;5,237114002;-3,133343776;Synthetic price index / US$ equivalent
01/06/25;Global;tobacco;2037,289113;2015,92519;5,361428305;2,373717724;Synthetic price index / US$ equivalent
01/07/25;Global;tobacco;1812,948753;1859,398964;5,205191635;-2,914086718;Synthetic price index / US$ equivalent
01/08/25;Global;tobacco;1972,176358;1941,019542;5,272684807;1,296651056;Synthetic price index / US$ equivalent
01/09/25;Global;tobacco;1900,337579;1928,862867;5,333665209;1,156534173;Synthetic price index / US$ equivalent
01/10/25;Global;tobacco;1871,463009;1821,407997;5,211997218;-2,281132888;Synthetic price index / US$ equivalent
01/11/25;Global;tobacco;1881,655323;2009,58108;4,925721298;-5,492633785;Synthetic price index / US$ equivalent
01/12/25;Global;tobacco;1813,080057;1701,839396;5,233866604;6,255841286;Synthetic price index / US$ equivalent
01/01/26;Global;tobacco;1860,236532;1887,437806;5,546848804;5,979942228;Synthetic price index / US$ equivalent
01/02/26;Global;tobacco;1992,389536;2085,970973;5,696935554;2,705802075;Synthetic price index / US$ equivalent
01/03/26;Global;tobacco;1839,174422;1629,077931;5,685532591;-0,200159593;Synthetic price index / US$ equivalent
01/04/26;Global;tobacco;1958,411563;1984,415845;6,0157721;5,808418192;Synthetic price index / US$ equivalent
01/05/26;Global;tobacco;1938,945329;1864,310504;6,14634777;2,17055546;Synthetic price index / US$ equivalent
01/06/26;Global;tobacco;1987,968257;2082,515316;6,168057537;0,3532141;Synthetic price index / US$ equivalent
01/07/26;Global;tobacco;1998,850816;2081,373666;5,987477505;-2,927664508;Synthetic price index / US$ equivalent
01/08/26;Global;tobacco;2119,997547;2088,814442;6,141782489;2,577128411;Synthetic price index / US$ equivalent
01/09/26;Global;tobacco;1861,977703;1934,329742;5,805424442;-5,47655421;Synthetic price index / US$ equivalent
01/01/80;Global;lithium;980,5086482;947,3754069;4298,8195;;Synthetic price index / US$ equivalent
01/02/80;Global;lithium;1089,044703;991,5848483;4387,516526;2,063287966;Synthetic price index / US$ equivalent
01/03/80;Global;lithium;1118,401692;1118,091653;4729,315636;7,790263773;Synthetic price index / US$ equivalent
01/04/80;Global;lithium;971,3406184;1022,370365;4875,758;3,096481086;Synthetic price index / US$ equivalent
01/05/80;Global;lithium;965,2733372;977,8054118;4764,905455;-2,273544856;Synthetic price index / US$ equivalent
01/06/80;Global;lithium;1031,201112;972,4031369;4837,784771;1,529501825;Synthetic price index / US$ equivalent
01/07/80;Global;lithium;1024,5599;1043,838482;4762,742325;-1,551173722;Synthetic price index / US$ equivalent
01/08/80;Global;lithium;1031,43995;1046,49746;4920,699618;3,316519814;Synthetic price index / US$ equivalent
01/09/80;Global;lithium;992,0141713;1027,70179;5022,915698;2,077267226;Synthetic price index / US$ equivalent
01/10/80;Global;lithium;912,3384463;961,6613199;3999,305125;-20,37881253;Synthetic price index / US$ equivalent
01/11/80;Global;lithium;971,1424673;1021,974315;4250,978428;6,292925793;Synthetic price index / US$ equivalent
01/12/80;Global;lithium;1009,002436;1021,205468;5302,354324;24,73256247;Synthetic price index / US$ equivalent
01/01/81;Global;lithium;1130,784585;1096,22102;5731,805339;8,099251566;Synthetic price index / US$ equivalent
01/02/81;Global;lithium;1019,195725;989,6710543;6144,504931;7,200167621;Synthetic price index / US$ equivalent
01/03/81;Global;lithium;1041,863566;1017,996287;6057,258716;-1,419906343;Synthetic price index / US$ equivalent
01/04/81;Global;lithium;1016,722769;1017,40633;6621,404762;9,313553744;Synthetic price index / US$ equivalent
01/05/81;Global;lithium;1101,796008;1103,358331;6505,718817;-1,747151084;Synthetic price index / US$ equivalent
01/06/81;Global;lithium;1076,434248;1114,025881;7416,510342;13,99985997;Synthetic price index / US$ equivalent
01/07/81;Global;lithium;978,5238594;1010,076845;8146,306797;9,840159608;Synthetic price index / US$ equivalent
01/08/81;Global;lithium;1045,886023;922,2867401;8608,999933;5,679790222;Synthetic price index / US$ equivalent
01/09/81;Global;lithium;983,3754563;967,265387;8575,931464;-0,384115111;Synthetic price index / US$ equivalent
01/10/81;Global;lithium;1053,312074;1053,941499;8580,159757;0,049304192;Synthetic price index / US$ equivalent
01/11/81;Global;lithium;1054,628638;1012,561856;7887,555065;-8,072165465;Synthetic price index / US$ equivalent
01/12/81;Global;lithium;1015,145017;959,3704479;7945,477743;0,734355294;Synthetic price index / US$ equivalent
01/01/82;Global;lithium;1129,837743;1121,761362;7856,511628;-1,119707561;Synthetic price index / US$ equivalent
01/02/82;Global;lithium;1000,103398;1003,261644;7834,448316;-0,280828347;Synthetic price index / US$ equivalent
01/03/82;Global;lithium;1081,975208;1076,785901;7121,329468;-9,102349257;Synthetic price index / US$ equivalent
01/04/82;Global;lithium;1033,376339;981,681784;6864,304111;-3,609232777;Synthetic price index / US$ equivalent
01/05/82;Global;lithium;1108,039432;1031,866065;6866,441642;0,031139817;Synthetic price index / US$ equivalent
01/06/82;Global;lithium;997,5922657;989,9157754;7292,492001;6,204820213;Synthetic price index / US$ equivalent
01/07/82;Global;lithium;1014,064302;1011,448048;7105,610383;-2,562657844;Synthetic price index / US$ equivalent
01/08/82;Global;lithium;1064,730603;1122,28122;7444,223671;4,765435618;Synthetic price index / US$ equivalent
01/09/82;Global;lithium;1071,195096;1025,413057;7349,246179;-1,275854894;Synthetic price index / US$ equivalent
01/10/82;Global;lithium;1042,694784;1104,292381;7853,097449;6,855822461;Synthetic price index / US$ equivalent
01/11/82;Global;lithium;1064,870834;1068,150632;7175,004334;-8,634721777;Synthetic price index / US$ equivalent
01/12/82;Global;lithium;908,6580113;899,1768921;6997,203721;-2,478055822;Synthetic price index / US$ equivalent
01/01/83;Global;lithium;1094,87374;1012,310528;6784,330167;-3,042266059;Synthetic price index / US$ equivalent
01/02/83;Global;lithium;959,0619922;902,0635739;6549,48967;-3,461513386;Synthetic price index / US$ equivalent
01/03/83;Global;lithium;986,806612;999,0857286;7000,388028;6,884480786;Synthetic price index / US$ equivalent
01/04/83;Global;lithium;1012,933376;984,5144375;6779,786089;-3,151281595;Synthetic price index / US$ equivalent
01/05/83;Global;lithium;1136,771125;1136,646901;6735,181288;-0,657908677;Synthetic price index / US$ equivalent
01/06/83;Global;lithium;1125,249701;1131,580246;6785,039663;0,740267748;Synthetic price index / US$ equivalent
01/07/83;Global;lithium;959,3631553;973,3345472;6385,101974;-5,894404577;Synthetic price index / US$ equivalent
01/08/83;Global;lithium;1031,809667;1057,842561;6246,377879;-2,172621457;Synthetic price index / US$ equivalent
01/09/83;Global;lithium;942,8750909;909,8779655;6387,48684;2,259052589;Synthetic price index / US$ equivalent
01/10/83;Global;lithium;961,9195459;937,1826526;6447,191811;0,934717721;Synthetic price index / US$ equivalent
01/11/83;Global;lithium;951,0082002;966,0117789;5582,614203;-13,41014248;Synthetic price index / US$ equivalent
01/12/83;Global;lithium;993,2749102;992,7715532;5821,20139;4,273753796;Synthetic price index / US$ equivalent
01/01/84;Global;lithium;1045,528308;1005,917978;5776,992131;-0,759452491;Synthetic price index / US$ equivalent
01/02/84;Global;lithium;1097,154931;1059,881718;5712,969673;-1,108231691;Synthetic price index / US$ equivalent
01/03/84;Global;lithium;1161,268083;1098,352816;6060,53931;6,08386981;Synthetic price index / US$ equivalent
01/04/84;Global;lithium;1069,907139;1058,840619;5298,367633;-12,57597118;Synthetic price index / US$ equivalent
01/05/84;Global;lithium;1056,600206;1045,898266;4535,847527;-14,39160433;Synthetic price index / US$ equivalent
01/06/84;Global;lithium;996,6104122;1087,693131;4778,524805;5,350208013;Synthetic price index / US$ equivalent
01/07/84;Global;lithium;1119,834401;1115,907489;4310,297908;-9,798565783;Synthetic price index / US$ equivalent
01/08/84;Global;lithium;1139,355601;1214,252809;3686,22811;-14,47857693;Synthetic price index / US$ equivalent
01/09/84;Global;lithium;950,1351677;921,7064565;3594,682377;-2,483452732;Synthetic price index / US$ equivalent
01/10/84;Global;lithium;1020,457758;1076,750535;4433,025911;23,32176938;Synthetic price index / US$ equivalent
01/11/84;Global;lithium;990,533788;1018,028194;4364,391697;-1,548247515;Synthetic price index / US$ equivalent
01/12/84;Global;lithium;1147,931891;1060,859534;4598,943335;5,374211433;Synthetic price index / US$ equivalent
01/01/85;Global;lithium;980,8719428;1032,609818;4924,291799;7,074417762;Synthetic price index / US$ equivalent
01/02/85;Global;lithium;1072,182458;1103,138933;5336,448965;8,369876983;Synthetic price index / US$ equivalent
01/03/85;Global;lithium;1131,56719;1017,694788;4835,796408;-9,381754796;Synthetic price index / US$ equivalent
01/04/85;Global;lithium;1072,062456;1046,245467;4734,331165;-2,098211647;Synthetic price index / US$ equivalent
01/05/85;Global;lithium;1038,415562;1014,687843;4547,304077;-3,950443703;Synthetic price index / US$ equivalent
01/06/85;Global;lithium;1054,369061;1038,170535;4239,499537;-6,768945632;Synthetic price index / US$ equivalent
01/07/85;Global;lithium;994,7796008;1043,660698;4257,330749;0,420597104;Synthetic price index / US$ equivalent
01/08/85;Global;lithium;1098,020551;1205,989897;3779,935637;-11,21348422;Synthetic price index / US$ equivalent
01/09/85;Global;lithium;1118,18543;1097,115907;3859,162717;2,095990181;Synthetic price index / US$ equivalent
01/10/85;Global;lithium;1029,937033;977,0963912;4224,023104;9,454392406;Synthetic price index / US$ equivalent
01/11/85;Global;lithium;1077,428811;1059,831345;4387,177156;3,862527461;Synthetic price index / US$ equivalent
01/12/85;Global;lithium;1096,803881;1095,957126;4693,650625;6,985664308;Synthetic price index / US$ equivalent
01/01/86;Global;lithium;1106,568182;1049,609474;4545,768321;-3,150688351;Synthetic price index / US$ equivalent
01/02/86;Global;lithium;1133,690654;1192,657401;4511,236842;-0,759640103;Synthetic price index / US$ equivalent
01/03/86;Global;lithium;1009,598379;970,3255134;4519,064784;0,173520963;Synthetic price index / US$ equivalent
01/04/86;Global;lithium;1033,683537;978,3145702;4530,74031;0,258361559;Synthetic price index / US$ equivalent
01/05/86;Global;lithium;1080,560244;1075,722095;4634,692344;2,294371926;Synthetic price index / US$ equivalent
01/06/86;Global;lithium;1020,867256;1000,321785;4519,469808;-2,486088123;Synthetic price index / US$ equivalent
01/07/86;Global;lithium;1001,966738;1056,653128;4610,564826;2,015612935;Synthetic price index / US$ equivalent
01/08/86;Global;lithium;1056,65879;1063,522943;4962,360737;7,630212882;Synthetic price index / US$ equivalent
01/09/86;Global;lithium;1029,169412;1068,053496;4981,402218;0,383718202;Synthetic price index / US$ equivalent
01/10/86;Global;lithium;1064,749154;1054,143373;4997,62988;0,325764936;Synthetic price index / US$ equivalent
01/11/86;Global;lithium;1046,368071;968,5270496;5236,402551;4,777718178;Synthetic price index / US$ equivalent
01/12/86;Global;lithium;1095,118911;1029,901608;5563,143131;6,239791077;Synthetic price index / US$ equivalent
01/01/87;Global;lithium;1138,274925;1091,273485;6553,836396;17,80815704;Synthetic price index / US$ equivalent
01/02/87;Global;lithium;1008,990039;963,9810295;7134,99201;8,86741107;Synthetic price index / US$ equivalent
01/03/87;Global;lithium;1103,173804;1174,009803;7077,359136;-0,807749663;Synthetic price index / US$ equivalent
01/04/87;Global;lithium;1147,603806;1089,841993;6924,763395;-2,156111313;Synthetic price index / US$ equivalent
01/05/87;Global;lithium;1021,470224;1056,846735;7039,674607;1,659424379;Synthetic price index / US$ equivalent
01/06/87;Global;lithium;1043,709473;1018,813802;7266,200719;3,217849191;Synthetic price index / US$ equivalent
01/07/87;Global;lithium;1135,473134;1084,305855;6350,274917;-12,60529178;Synthetic price index / US$ equivalent
01/08/87;Global;lithium;1113,652544;1128,351163;6715,839131;5,75666753;Synthetic price index / US$ equivalent
01/09/87;Global;lithium;968,3414914;908,0090554;6634,025153;-1,218224203;Synthetic price index / US$ equivalent
01/10/87;Global;lithium;1143,856298;1106,077186;6368,79177;-3,998076239;Synthetic price index / US$ equivalent
01/11/87;Global;lithium;1029,268069;987,7060852;6783,749618;6,515487749;Synthetic price index / US$ equivalent
01/12/87;Global;lithium;1177,517192;1097,344052;6705,875412;-1,147952246;Synthetic price index / US$ equivalent
01/01/88;Global;lithium;1021,253951;1045,109311;6124,564845;-8,668675317;Synthetic price index / US$ equivalent
01/02/88;Global;lithium;1097,882053;1051,238546;6092,337094;-0,526204747;Synthetic price index / US$ equivalent
01/03/88;Global;lithium;999,8441774;1012,874589;5960,811875;-2,158863132;Synthetic price index / US$ equivalent
01/04/88;Global;lithium;975,7694071;983,0271051;6628,197088;11,19621333;Synthetic price index / US$ equivalent
01/05/88;Global;lithium;998,0029063;1057,246147;6584,07781;-0,66563016;Synthetic price index / US$ equivalent
01/06/88;Global;lithium;1045,900708;1052,039172;6733,154081;2,264193651;Synthetic price index / US$ equivalent
01/07/88;Global;lithium;1108,50383;1061,90659;6390,719402;-5,08579894;Synthetic price index / US$ equivalent
01/08/88;Global;lithium;1149,361337;1180,456314;7170,610743;12,20349841;Synthetic price index / US$ equivalent
01/09/88;Global;lithium;1167,175335;1136,68444;6790,334512;-5,303261396;Synthetic price index / US$ equivalent
01/10/88;Global;lithium;1101,112846;1165,421787;6631,744102;-2,335531624;Synthetic price index / US$ equivalent
01/11/88;Global;lithium;1133,206718;1145,111769;6165,909607;-7,024313474;Synthetic price index / US$ equivalent
01/12/88;Global;lithium;1153,610014;1125,707931;6810,015291;10,44623948;Synthetic price index / US$ equivalent
01/01/89;Global;lithium;1119,458446;1018,855852;7178,220637;5,406821136;Synthetic price index / US$ equivalent
01/02/89;Global;lithium;1052,682329;1000,909798;7360,942997;2,545510502;Synthetic price index / US$ equivalent
01/03/89;Global;lithium;1000,17555;940,1080966;6984,747524;-5,110696729;Synthetic price index / US$ equivalent
01/04/89;Global;lithium;1140,585824;1119,929171;6820,818391;-2,346958607;Synthetic price index / US$ equivalent
01/05/89;Global;lithium;1046,091067;1060,72944;6185,744423;-9,310817725;Synthetic price index / US$ equivalent
01/06/89;Global;lithium;1078,492595;1147,838279;5811,375232;-6,052128335;Synthetic price index / US$ equivalent
01/07/89;Global;lithium;1250,256357;1177,365575;5859,796415;0,833213847;Synthetic price index / US$ equivalent
01/08/89;Global;lithium;1195,448102;1207,616979;5945,37551;1,460444836;Synthetic price index / US$ equivalent
01/09/89;Global;lithium;1113,962268;1185,804721;6081,159876;2,283865262;Synthetic price index / US$ equivalent
01/10/89;Global;lithium;1087,632928;1085,388779;5876,308617;-3,368621497;Synthetic price index / US$ equivalent
01/11/89;Global;lithium;1104,370235;1135,871148;5991,873947;1,966631398;Synthetic price index / US$ equivalent
01/12/89;Global;lithium;1090,39232;1040,308762;6289,154673;4,961398199;Synthetic price index / US$ equivalent
01/01/90;Global;lithium;1220,214692;1278,416821;6369,73114;1,28119709;Synthetic price index / US$ equivalent
01/02/90;Global;lithium;1257,043278;1327,480874;7042,48863;10,56178787;Synthetic price index / US$ equivalent
01/03/90;Global;lithium;1161,664095;1160,436908;7045,379237;0,041045244;Synthetic price index / US$ equivalent
01/04/90;Global;lithium;1188,701671;1235,812635;7004,425462;-0,581285601;Synthetic price index / US$ equivalent
01/05/90;Global;lithium;1150,813305;1136,801687;7447,804885;6,329989887;Synthetic price index / US$ equivalent
01/06/90;Global;lithium;1207,31023;1231,085043;7158,591023;-3,883209437;Synthetic price index / US$ equivalent
01/07/90;Global;lithium;1082,815733;993,6862644;7188,755561;0,42137535;Synthetic price index / US$ equivalent
01/08/90;Global;lithium;1187,573803;1139,453318;6583,038361;-8,425897853;Synthetic price index / US$ equivalent
01/09/90;Global;lithium;1086,908047;1103,942079;6169,18453;-6,286668978;Synthetic price index / US$ equivalent
01/10/90;Global;lithium;1128,972395;1143,398074;6992,12568;13,33954504;Synthetic price index / US$ equivalent
01/11/90;Global;lithium;1219,00737;1253,472815;7887,102272;12,7997784;Synthetic price index / US$ equivalent
01/12/90;Global;lithium;1136,496519;1114,419895;7732,077671;-1,965545716;Synthetic price index / US$ equivalent
01/01/91;Global;lithium;1223,909898;1228,35916;7750,659684;0,240323672;Synthetic price index / US$ equivalent
01/02/91;Global;lithium;1222,377647;1192,486304;7317,086971;-5,594010463;Synthetic price index / US$ equivalent
01/03/91;Global;lithium;1185,909745;1186,461982;7780,266788;6,33011223;Synthetic price index / US$ equivalent
01/04/91;Global;lithium;1126,375616;1080,735705;7613,437369;-2,144263476;Synthetic price index / US$ equivalent
01/05/91;Global;lithium;1193,705285;1213,417463;7273,211926;-4,468749483;Synthetic price index / US$ equivalent
01/06/91;Global;lithium;1264,143924;1162,555421;7186,842907;-1,187494877;Synthetic price index / US$ equivalent
01/07/91;Global;lithium;1186,124081;1166,677293;6767,853899;-5,82994526;Synthetic price index / US$ equivalent
01/08/91;Global;lithium;1109,124815;1107,095389;6952,87113;2,733765142;Synthetic price index / US$ equivalent
01/09/91;Global;lithium;1124,053766;1114,820865;7267,241386;4,521445165;Synthetic price index / US$ equivalent
01/10/91;Global;lithium;1239,742161;1265,220518;6927,883018;-4,66969995;Synthetic price index / US$ equivalent
01/11/91;Global;lithium;1142,282352;1117,665033;6720,896908;-2,987725243;Synthetic price index / US$ equivalent
01/12/91;Global;lithium;1221,4749;1244,686981;6792,547538;1,066087315;Synthetic price index / US$ equivalent
01/01/92;Global;lithium;1148,36495;1217,975167;6617,954885;-2,570355987;Synthetic price index / US$ equivalent
01/02/92;Global;lithium;1096,007792;1103,306858;6558,077208;-0,904776152;Synthetic price index / US$ equivalent
01/03/92;Global;lithium;1185,405618;1116,917737;6399,760617;-2,414070244;Synthetic price index / US$ equivalent
01/04/92;Global;lithium;1220,596629;1232,070688;6738,757106;5,297018263;Synthetic price index / US$ equivalent
01/05/92;Global;lithium;1156,957254;1145,69458;6818,901245;1,189301495;Synthetic price index / US$ equivalent
01/06/92;Global;lithium;1172,496288;1214,213915;6940,084765;1,777170776;Synthetic price index / US$ equivalent
01/07/92;Global;lithium;1063,184134;1078,599882;7610,128892;9,654696588;Synthetic price index / US$ equivalent
01/08/92;Global;lithium;1116,589861;1121,731153;7971,077284;4,742999709;Synthetic price index / US$ equivalent
01/09/92;Global;lithium;1087,638868;1029,187583;7681,37897;-3,634368402;Synthetic price index / US$ equivalent
01/10/92;Global;lithium;1118,631041;1068,357478;7126,950952;-7,217818829;Synthetic price index / US$ equivalent
01/11/92;Global;lithium;1185,596664;1184,750114;6626,246695;-7,025504463;Synthetic price index / US$ equivalent
01/12/92;Global;lithium;1195,55759;1219,60916;7587,363734;14,5046975;Synthetic price index / US$ equivalent
01/01/93;Global;lithium;1243,311197;1263,01482;8455,867355;11,44671129;Synthetic price index / US$ equivalent
01/02/93;Global;lithium;1226,762467;1280,00869;7949,249724;-5,991314777;Synthetic price index / US$ equivalent
01/03/93;Global;lithium;1340,736905;1305,364478;8501,223245;6,943718461;Synthetic price index / US$ equivalent
01/04/93;Global;lithium;1251,793911;1262,196122;9228,157681;8,550939257;Synthetic price index / US$ equivalent
01/05/93;Global;lithium;1164,925111;1247,837851;8201,571038;-11,12450261;Synthetic price index / US$ equivalent
01/06/93;Global;lithium;1158,282853;1171,360761;8450,730267;3,037945143;Synthetic price index / US$ equivalent
01/07/93;Global;lithium;1362,087468;1408,34569;8723,963923;3,233254964;Synthetic price index / US$ equivalent
01/08/93;Global;lithium;1336,034327;1356,16574;7957,368547;-8,787236887;Synthetic price index / US$ equivalent
01/09/93;Global;lithium;1220,597333;1223,018775;8024,975849;0,84961883;Synthetic price index / US$ equivalent
01/10/93;Global;lithium;1271,051566;1322,121378;9023,957609;12,44840831;Synthetic price index / US$ equivalent
01/11/93;Global;lithium;1161,788892;1191,708433;10396,08406;15,20537336;Synthetic price index / US$ equivalent
01/12/93;Global;lithium;1112,903638;1075,337973;10894,27804;4,792131164;Synthetic price index / US$ equivalent
01/01/94;Global;lithium;1069,097354;995,6181634;10850,02636;-0,406191955;Synthetic price index / US$ equivalent
01/02/94;Global;lithium;1159,621642;1160,692034;10451,80355;-3,670247424;Synthetic price index / US$ equivalent
01/03/94;Global;lithium;1279,845205;1274,38686;9890,226509;-5,373015618;Synthetic price index / US$ equivalent
01/04/94;Global;lithium;1190,088966;1158,909279;9112,868698;-7,859858512;Synthetic price index / US$ equivalent
01/05/94;Global;lithium;1110,892431;1146,924617;9394,858174;3,094409505;Synthetic price index / US$ equivalent
01/06/94;Global;lithium;1140,053344;1035,981609;9580,571259;1,976752413;Synthetic price index / US$ equivalent
01/07/94;Global;lithium;1238,546851;1280,818421;10226,04562;6,737326438;Synthetic price index / US$ equivalent
01/08/94;Global;lithium;1177,847567;1219,458744;10067,80585;-1,547418946;Synthetic price index / US$ equivalent
01/09/94;Global;lithium;1237,54277;1310,34256;10971,64613;8,977529902;Synthetic price index / US$ equivalent
01/10/94;Global;lithium;1278,40873;1290,132203;10766,10435;-1,873390559;Synthetic price index / US$ equivalent
01/11/94;Global;lithium;1129,781758;1153,197867;10852,51769;0,802642606;Synthetic price index / US$ equivalent
01/12/94;Global;lithium;1401,423845;1446,443533;11320,76174;4,314612165;Synthetic price index / US$ equivalent
01/01/95;Global;lithium;1285,437077;1275,60978;10693,70626;-5,538986639;Synthetic price index / US$ equivalent
01/02/95;Global;lithium;1217,279401;1179,580169;10595,3665;-0,919604063;Synthetic price index / US$ equivalent
01/03/95;Global;lithium;1253,091435;1322,663731;10239,22688;-3,361277082;Synthetic price index / US$ equivalent
01/04/95;Global;lithium;1116,852606;1090,3483;11005,49411;7,483643467;Synthetic price index / US$ equivalent
01/05/95;Global;lithium;1157,361645;1117,607617;11087,21;0,742500866;Synthetic price index / US$ equivalent
01/06/95;Global;lithium;1195,492233;1127,319594;10943,98947;-1,291763436;Synthetic price index / US$ equivalent
01/07/95;Global;lithium;1260,291391;1303,483284;10048,57004;-8,181837494;Synthetic price index / US$ equivalent
01/08/95;Global;lithium;1230,934547;1262,554113;9191,274204;-8,531520718;Synthetic price index / US$ equivalent
01/09/95;Global;lithium;1204,659346;1160,246315;9336,359108;1,578506965;Synthetic price index / US$ equivalent
01/10/95;Global;lithium;1161,209953;1251,737855;10593,78241;13,46802629;Synthetic price index / US$ equivalent
01/11/95;Global;lithium;1234,340002;1326,85692;10124,82723;-4,426702027;Synthetic price index / US$ equivalent
01/12/95;Global;lithium;1056,162225;1061,677654;10369,9012;2,420524958;Synthetic price index / US$ equivalent
01/01/96;Global;lithium;1241,669662;1195,854518;10343,38848;-0,255669879;Synthetic price index / US$ equivalent
01/02/96;Global;lithium;1241,826663;1179,019403;10868,52966;5,077071025;Synthetic price index / US$ equivalent
01/03/96;Global;lithium;1182,379849;1201,085415;11231,68108;3,34131134;Synthetic price index / US$ equivalent
01/04/96;Global;lithium;1233,563584;1255,809769;11576,95058;3,074067873;Synthetic price index / US$ equivalent
01/05/96;Global;lithium;1404,013521;1342,911423;11664,04617;0,752318994;Synthetic price index / US$ equivalent
01/06/96;Global;lithium;1171,236329;1196,506485;12395,27621;6,269094132;Synthetic price index / US$ equivalent
01/07/96;Global;lithium;1334,572769;1432,405289;12736,34593;2,751610486;Synthetic price index / US$ equivalent
01/08/96;Global;lithium;1286,602073;1305,645004;11836,14897;-7,067937437;Synthetic price index / US$ equivalent
01/09/96;Global;lithium;1118,152363;1146,616702;11628,30677;-1,755995062;Synthetic price index / US$ equivalent
01/10/96;Global;lithium;1247,60503;1145,932611;11181,55217;-3,841957511;Synthetic price index / US$ equivalent
01/11/96;Global;lithium;1294,257463;1142,267024;11779,78547;5,350181187;Synthetic price index / US$ equivalent
01/12/96;Global;lithium;1391,10367;1394,888666;10628,47736;-9,773591463;Synthetic price index / US$ equivalent
01/01/97;Global;lithium;1288,50592;1245,532389;10305,90188;-3,035011284;Synthetic price index / US$ equivalent
01/02/97;Global;lithium;1266,221041;1288,119678;10269,49572;-0,353255434;Synthetic price index / US$ equivalent
01/03/97;Global;lithium;1213,189186;1239,29001;10376,48094;1,04177679;Synthetic price index / US$ equivalent
01/04/97;Global;lithium;1355,412299;1314,534576;10524,71918;1,42859839;Synthetic price index / US$ equivalent
01/05/97;Global;lithium;1330,318069;1205,884216;10408,55476;-1,103729401;Synthetic price index / US$ equivalent
01/06/97;Global;lithium;1196,972909;1111,636089;11172,93989;7,343816198;Synthetic price index / US$ equivalent
01/07/97;Global;lithium;1219,274951;1081,883278;12724,75182;13,88902067;Synthetic price index / US$ equivalent
01/08/97;Global;lithium;1253,652869;1291,078734;12353,84721;-2,914827887;Synthetic price index / US$ equivalent
01/09/97;Global;lithium;1295,424522;1212,391075;11144,00587;-9,793235392;Synthetic price index / US$ equivalent
01/10/97;Global;lithium;1321,763228;1394,532244;12162,34337;9,137984234;Synthetic price index / US$ equivalent
01/11/97;Global;lithium;1275,779488;1312,52357;12164,72134;0,019551882;Synthetic price index / US$ equivalent
01/12/97;Global;lithium;1166,746139;1103,086935;12048,56584;-0,954855345;Synthetic price index / US$ equivalent
01/01/98;Global;lithium;1272,555982;1380,609296;12109,61497;0,506692099;Synthetic price index / US$ equivalent
01/02/98;Global;lithium;1223,469974;1249,085277;11725,90811;-3,168613236;Synthetic price index / US$ equivalent
01/03/98;Global;lithium;1249,305522;1295,761521;12313,84326;5,013983962;Synthetic price index / US$ equivalent
01/04/98;Global;lithium;1266,919962;1297,062468;12300,08547;-0,111726234;Synthetic price index / US$ equivalent
01/05/98;Global;lithium;1192,495702;1235,088482;14142,482;14,97872952;Synthetic price index / US$ equivalent
01/06/98;Global;lithium;1406,085744;1425,926977;14766,96767;4,41567233;Synthetic price index / US$ equivalent
01/07/98;Global;lithium;1414,797382;1336,10752;14112,68447;-4,430721393;Synthetic price index / US$ equivalent
01/08/98;Global;lithium;1324,891953;1356,014892;13315,62187;-5,647845403;Synthetic price index / US$ equivalent
01/09/98;Global;lithium;1285,246008;1273,476973;12230,29551;-8,150774861;Synthetic price index / US$ equivalent
01/10/98;Global;lithium;1335,663062;1353,904011;12590,46651;2,944908353;Synthetic price index / US$ equivalent
01/11/98;Global;lithium;1255,921461;1143,645693;12729,40299;1,103505454;Synthetic price index / US$ equivalent
01/12/98;Global;lithium;1174,514794;1197,428839;11366,70081;-10,70515393;Synthetic price index / US$ equivalent
01/01/99;Global;lithium;1330,935851;1302,982128;12028,86532;5,825476761;Synthetic price index / US$ equivalent
01/02/99;Global;lithium;1289,263825;1260,042844;11632,28595;-3,296897589;Synthetic price index / US$ equivalent
01/03/99;Global;lithium;1164,142618;1176,687204;12185,84476;4,758813684;Synthetic price index / US$ equivalent
01/04/99;Global;lithium;1340,958427;1312,921602;12452,18297;2,185635988;Synthetic price index / US$ equivalent
01/05/99;Global;lithium;1292,115007;1246,103456;10879,50468;-12,62973964;Synthetic price index / US$ equivalent
01/06/99;Global;lithium;1391,005925;1335,419029;10865,33895;-0,130205682;Synthetic price index / US$ equivalent
01/07/99;Global;lithium;1296,975451;1278,131534;10763,11367;-0,940838398;Synthetic price index / US$ equivalent
01/08/99;Global;lithium;1412,942657;1414,223718;11041,12069;2,582960961;Synthetic price index / US$ equivalent
01/09/99;Global;lithium;1224,759192;1127,346377;12353,01134;11,88186132;Synthetic price index / US$ equivalent
01/10/99;Global;lithium;1431,363271;1427,078192;12123,17805;-1,860544707;Synthetic price index / US$ equivalent
01/11/99;Global;lithium;1376,52475;1391,443126;11710,07865;-3,407517357;Synthetic price index / US$ equivalent
01/12/99;Global;lithium;1212,254996;1269,636069;10962,73362;-6,382066735;Synthetic price index / US$ equivalent
01/01/00;Global;lithium;1444,077803;1434,680895;9971,227159;-9,044335936;Synthetic price index / US$ equivalent
01/02/00;Global;lithium;1390,900318;1348,255208;10301,08913;3,308138155;Synthetic price index / US$ equivalent
01/03/00;Global;lithium;1331,653949;1280,133825;10669,9115;3,580421122;Synthetic price index / US$ equivalent
01/04/00;Global;lithium;1496,105868;1633,385765;10791,51444;1,139680823;Synthetic price index / US$ equivalent
01/05/00;Global;lithium;1174,691242;1135,390344;10714,50078;-0,713650145;Synthetic price index / US$ equivalent
01/06/00;Global;lithium;1301,308684;1248,687813;9625,234216;-10,16628384;Synthetic price index / US$ equivalent
01/07/00;Global;lithium;1498,00776;1534,477744;9168,955899;-4,740438593;Synthetic price index / US$ equivalent
01/08/00;Global;lithium;1289,402274;1344,799993;9619,90011;4,918163158;Synthetic price index / US$ equivalent
01/09/00;Global;lithium;1383,90084;1309,735134;10241,04972;6,456923694;Synthetic price index / US$ equivalent
01/10/00;Global;lithium;1301,960823;1281,96992;10511,01091;2,636069564;Synthetic price index / US$ equivalent
01/11/00;Global;lithium;1389,03348;1327,838443;9164,158049;-12,81373291;Synthetic price index / US$ equivalent
01/12/00;Global;lithium;1328,24463;1367,317657;8747,120953;-4,550740985;Synthetic price index / US$ equivalent
01/01/01;Global;lithium;1493,653767;1449,758808;9650,412306;10,32672759;Synthetic price index / US$ equivalent
01/02/01;Global;lithium;1482,261757;1555,361338;10204,68442;5,743507101;Synthetic price index / US$ equivalent
01/03/01;Global;lithium;1469,110022;1454,585514;10359,95142;1,521526731;Synthetic price index / US$ equivalent
01/04/01;Global;lithium;1343,600153;1297,572591;10543,10198;1,767870796;Synthetic price index / US$ equivalent
01/05/01;Global;lithium;1355,793775;1327,752135;10502,61688;-0,38399608;Synthetic price index / US$ equivalent
01/06/01;Global;lithium;1462,770187;1435,509549;10516,08924;0,128276204;Synthetic price index / US$ equivalent
01/07/01;Global;lithium;1354,800872;1293,724302;10132,68232;-3,645907828;Synthetic price index / US$ equivalent
01/08/01;Global;lithium;1441,49266;1443,307653;9157,367842;-9,625432293;Synthetic price index / US$ equivalent
01/09/01;Global;lithium;1313,681013;1322,045528;9063,565061;-1,024342177;Synthetic price index / US$ equivalent
01/10/01;Global;lithium;1382,92628;1453,932994;8788,96001;-3,02976863;Synthetic price index / US$ equivalent
01/11/01;Global;lithium;1412,252807;1481,376633;8734,940013;-0,614634689;Synthetic price index / US$ equivalent
01/12/01;Global;lithium;1383,677583;1371,302125;8468,319333;-3,052347008;Synthetic price index / US$ equivalent
01/01/02;Global;lithium;1323,540759;1291,033213;8347,381793;-1,428117379;Synthetic price index / US$ equivalent
01/02/02;Global;lithium;1363,228082;1423,125405;9326,60076;11,73085156;Synthetic price index / US$ equivalent
01/03/02;Global;lithium;1352,50058;1328,919258;8805,044415;-5,592137572;Synthetic price index / US$ equivalent
01/04/02;Global;lithium;1351,210468;1409,803186;9102,62626;3,379674547;Synthetic price index / US$ equivalent
01/05/02;Global;lithium;1317,530947;1285,006762;8946,350062;-1,716825373;Synthetic price index / US$ equivalent
01/06/02;Global;lithium;1524,720288;1408,189403;8726,405488;-2,458483888;Synthetic price index / US$ equivalent
01/07/02;Global;lithium;1429,886446;1417,252432;10205,96703;16,95499416;Synthetic price index / US$ equivalent
01/08/02;Global;lithium;1434,287376;1383,939303;9370,047258;-8,190500398;Synthetic price index / US$ equivalent
01/09/02;Global;lithium;1466,449975;1377,191663;10617,77183;13,31609692;Synthetic price index / US$ equivalent
01/10/02;Global;lithium;1513,547769;1515,118305;10552,34138;-0,616235221;Synthetic price index / US$ equivalent
01/11/02;Global;lithium;1365,196924;1269,966858;10550,66474;-0,015888808;Synthetic price index / US$ equivalent
01/12/02;Global;lithium;1328,538348;1274,071036;10756,54412;1,951340389;Synthetic price index / US$ equivalent
01/01/03;Global;lithium;1523,550899;1448,052168;13401,41021;24,58843709;Synthetic price index / US$ equivalent
01/02/03;Global;lithium;1470,360025;1327,298409;13899,14213;3,714026429;Synthetic price index / US$ equivalent
01/03/03;Global;lithium;1446,168106;1394,184855;13243,60281;-4,71640126;Synthetic price index / US$ equivalent
01/04/03;Global;lithium;1358,982487;1201,550511;13226,56926;-0,128617222;Synthetic price index / US$ equivalent
01/05/03;Global;lithium;1372,183562;1349,302096;12774,74872;-3,416007035;Synthetic price index / US$ equivalent
01/06/03;Global;lithium;1421,547589;1360,768373;14722,26916;15,24507827;Synthetic price index / US$ equivalent
01/07/03;Global;lithium;1314,606708;1197,219914;15485,76445;5,185989163;Synthetic price index / US$ equivalent
01/08/03;Global;lithium;1531,113353;1486,750864;14637,33414;-5,478775752;Synthetic price index / US$ equivalent
01/09/03;Global;lithium;1375,468828;1357,106376;14686,41619;0,335320988;Synthetic price index / US$ equivalent
01/10/03;Global;lithium;1497,116716;1504,450997;14630,59345;-0,380097765;Synthetic price index / US$ equivalent
01/11/03;Global;lithium;1434,858193;1415,613835;15119,65015;3,342698956;Synthetic price index / US$ equivalent
01/12/03;Global;lithium;1424,996314;1457,830064;15202,3326;0,546854295;Synthetic price index / US$ equivalent
01/01/04;Global;lithium;1331,409769;1352,638432;16040,30521;5,512131766;Synthetic price index / US$ equivalent
01/02/04;Global;lithium;1401,265873;1363,147265;17277,02186;7,710056885;Synthetic price index / US$ equivalent
01/03/04;Global;lithium;1542,700344;1507,129369;18628,3411;7,821482477;Synthetic price index / US$ equivalent
01/04/04;Global;lithium;1376,116224;1350,455057;18729,66152;0,543904681;Synthetic price index / US$ equivalent
01/05/04;Global;lithium;1463,971132;1511,95621;20631,24067;10,15276838;Synthetic price index / US$ equivalent
01/06/04;Global;lithium;1403,761839;1433,623089;23272,00597;12,7998376;Synthetic price index / US$ equivalent
01/07/04;Global;lithium;1528,491531;1555,081827;21544,42035;-7,423449541;Synthetic price index / US$ equivalent
01/08/04;Global;lithium;1544,47254;1509,295067;21154,64671;-1,80916281;Synthetic price index / US$ equivalent
01/09/04;Global;lithium;1536,756176;1491,179305;23875,63104;12,86234825;Synthetic price index / US$ equivalent
01/10/04;Global;lithium;1507,875489;1370,957561;23623,23491;-1,057128622;Synthetic price index / US$ equivalent
01/11/04;Global;lithium;1636,629753;1663,594702;25683,9975;8,723456366;Synthetic price index / US$ equivalent
01/12/04;Global;lithium;1454,046386;1551,014239;24976,95097;-2,752867948;Synthetic price index / US$ equivalent
01/01/05;Global;lithium;1575,590408;1571,433288;25487,68271;2,044812183;Synthetic price index / US$ equivalent
01/02/05;Global;lithium;1411,629236;1410,463706;25467,17902;-0,080445454;Synthetic price index / US$ equivalent
01/03/05;Global;lithium;1622,215747;1543,514188;27170,67663;6,688992172;Synthetic price index / US$ equivalent
01/04/05;Global;lithium;1609,717386;1624,277155;27196,08837;0,093526331;Synthetic price index / US$ equivalent
01/05/05;Global;lithium;1659,538647;1577,123744;29076,58539;6,914586379;Synthetic price index / US$ equivalent
01/06/05;Global;lithium;1472,582447;1512,502716;29283,21712;0,710646463;Synthetic price index / US$ equivalent
01/07/05;Global;lithium;1554,963225;1665,616224;31744,86496;8,406343562;Synthetic price index / US$ equivalent
01/08/05;Global;lithium;1575,950635;1589,222236;34664,38053;9,19681207;Synthetic price index / US$ equivalent
01/09/05;Global;lithium;1523,644992;1584,34743;35263,57572;1,728561646;Synthetic price index / US$ equivalent
01/10/05;Global;lithium;1562,31668;1590,109805;37528,82261;6,423758362;Synthetic price index / US$ equivalent
01/11/05;Global;lithium;1551,997481;1488,571564;36669,36046;-2,290138844;Synthetic price index / US$ equivalent
01/12/05;Global;lithium;1612,683614;1566,509306;40450,67788;10,31192626;Synthetic price index / US$ equivalent
01/01/06;Global;lithium;1416,60862;1374,244012;40720,87165;0,667958572;Synthetic price index / US$ equivalent
01/02/06;Global;lithium;1447,303759;1388,779888;36095,26058;-11,35931251;Synthetic price index / US$ equivalent
01/03/06;Global;lithium;1436,786669;1349,933798;37563,81252;4,068545068;Synthetic price index / US$ equivalent
01/04/06;Global;lithium;1493,486347;1457,461933;38517,83534;2,539739059;Synthetic price index / US$ equivalent
01/05/06;Global;lithium;1557,31802;1492,908226;38061,06093;-1,185877675;Synthetic price index / US$ equivalent
01/06/06;Global;lithium;1622,238135;1572,123381;41193,39098;8,229749697;Synthetic price index / US$ equivalent
01/07/06;Global;lithium;1533,349432;1558,084171;38924,34035;-5,508288038;Synthetic price index / US$ equivalent
01/08/06;Global;lithium;1591,763598;1583,763866;39200,46099;0,709377817;Synthetic price index / US$ equivalent
01/09/06;Global;lithium;1681,368563;1712,809945;35931,38782;-8,339374298;Synthetic price index / US$ equivalent
01/10/06;Global;lithium;1775,297934;1615,843578;32653,22415;-9,123398425;Synthetic price index / US$ equivalent
01/11/06;Global;lithium;1620,889019;1611,741706;30852,68488;-5,514123992;Synthetic price index / US$ equivalent
01/12/06;Global;lithium;1653,051638;1527,000821;26751,10702;-13,2940711;Synthetic price index / US$ equivalent
01/01/07;Global;lithium;1622,348983;1754,746587;27774,07118;3,824006851;Synthetic price index / US$ equivalent
01/02/07;Global;lithium;1507,897097;1558,695796;30231,9197;8,84943551;Synthetic price index / US$ equivalent
01/03/07;Global;lithium;1632,006141;1627,848219;30666,67365;1,43806267;Synthetic price index / US$ equivalent
01/04/07;Global;lithium;1598,050472;1535,533174;31317,76113;2,123110865;Synthetic price index / US$ equivalent
01/05/07;Global;lithium;1630,14322;1623,074104;28749,40957;-8,20094244;Synthetic price index / US$ equivalent
01/06/07;Global;lithium;1717,746058;1666,964606;30482,82698;6,02940179;Synthetic price index / US$ equivalent
01/07/07;Global;lithium;1776,652146;1675,486466;33834,51303;10,9953255;Synthetic price index / US$ equivalent
01/08/07;Global;lithium;1752,804411;1844,342761;36880,45825;9,002479847;Synthetic price index / US$ equivalent
01/09/07;Global;lithium;1733,46617;1771,044254;34699,53021;-5,91350579;Synthetic price index / US$ equivalent
01/10/07;Global;lithium;1699,198073;1626,956389;34979,37089;0,806468201;Synthetic price index / US$ equivalent
01/11/07;Global;lithium;1721,525832;1598,5662;33898,12714;-3,091089762;Synthetic price index / US$ equivalent
01/12/07;Global;lithium;1816,772762;1823,811255;35274,81227;4,061242468;Synthetic price index / US$ equivalent
01/01/08;Global;lithium;1631,915261;1661,643317;34098,34069;-3,335160433;Synthetic price index / US$ equivalent
01/02/08;Global;lithium;1839,437525;1879,407222;33174,78428;-2,708508385;Synthetic price index / US$ equivalent
01/03/08;Global;lithium;1721,942705;1788,219896;40502,18159;22,08724931;Synthetic price index / US$ equivalent
01/04/08;Global;lithium;1699,766641;1627,086721;38864,93516;-4,042366029;Synthetic price index / US$ equivalent
01/05/08;Global;lithium;1775,515332;1745,730135;33716,87768;-13,24602102;Synthetic price index / US$ equivalent
01/06/08;Global;lithium;1741,933033;1652,644257;34673,67966;2,837753823;Synthetic price index / US$ equivalent
01/07/08;Global;lithium;1631,331317;1583,379636;34588,20941;-0,246498929;Synthetic price index / US$ equivalent
01/08/08;Global;lithium;1617,097768;1624,932661;35715,40157;3,258891325;Synthetic price index / US$ equivalent
01/09/08;Global;lithium;1690,125621;1736,508133;32203,86215;-9,83200318;Synthetic price index / US$ equivalent
01/10/08;Global;lithium;1878,503349;1873,632457;29828,71143;-7,375359871;Synthetic price index / US$ equivalent
01/11/08;Global;lithium;1653,525389;1652,727925;31912,74112;6,986656806;Synthetic price index / US$ equivalent
01/12/08;Global;lithium;1559,11393;1648,912039;31611,22688;-0,944808338;Synthetic price index / US$ equivalent
01/01/09;Global;lithium;1718,705113;1684,527291;30851,34523;-2,403834738;Synthetic price index / US$ equivalent
01/02/09;Global;lithium;1588,581013;1599,579232;28374,78158;-8,027408969;Synthetic price index / US$ equivalent
01/03/09;Global;lithium;1502,03249;1495,110659;30690,58205;8,161474196;Synthetic price index / US$ equivalent
01/04/09;Global;lithium;1641,073059;1565,435334;29098,11602;-5,188777551;Synthetic price index / US$ equivalent
01/05/09;Global;lithium;1653,820697;1668,597362;29450,06841;1,209536693;Synthetic price index / US$ equivalent
01/06/09;Global;lithium;1704,112832;1648,054491;28171,54305;-4,341332403;Synthetic price index / US$ equivalent
01/07/09;Global;lithium;1797,992162;1591,95945;31129,75961;10,50072604;Synthetic price index / US$ equivalent
01/08/09;Global;lithium;1545,180243;1605,944056;36048,17961;15,79973653;Synthetic price index / US$ equivalent
01/09/09;Global;lithium;1719,923148;1676,909448;40210,24202;11,54583245;Synthetic price index / US$ equivalent
01/10/09;Global;lithium;1576,795222;1448,002717;41101,37232;2,216177409;Synthetic price index / US$ equivalent
01/11/09;Global;lithium;1677,193917;1617,351274;33855,01805;-17,63044363;Synthetic price index / US$ equivalent
01/12/09;Global;lithium;1653,447473;1533,002649;32862,86472;-2,93059459;Synthetic price index / US$ equivalent
01/01/10;Global;lithium;1777,939786;1676,936661;35575,66998;8,25492631;Synthetic price index / US$ equivalent
01/02/10;Global;lithium;1770,608327;1735,757265;34635,71485;-2,642129115;Synthetic price index / US$ equivalent
01/03/10;Global;lithium;1623,221489;1672,59924;36475,69928;5,312390524;Synthetic price index / US$ equivalent
01/04/10;Global;lithium;1801,665791;1809,971746;38605,59876;5,839228623;Synthetic price index / US$ equivalent
01/05/10;Global;lithium;1837,94787;1861,20175;37297,0259;-3,389593486;Synthetic price index / US$ equivalent
01/06/10;Global;lithium;1485,034107;1475,59792;39504,3254;5,918164909;Synthetic price index / US$ equivalent
01/07/10;Global;lithium;1710,243491;1744,014989;39554,44347;0,126867308;Synthetic price index / US$ equivalent
01/08/10;Global;lithium;1726,773938;1648,69649;39043,64559;-1,291379263;Synthetic price index / US$ equivalent
01/09/10;Global;lithium;1663,887824;1810,793077;39672,41556;1,61042844;Synthetic price index / US$ equivalent
01/10/10;Global;lithium;1621,553118;1777,984806;36673,84151;-7,558334948;Synthetic price index / US$ equivalent
01/11/10;Global;lithium;1784,407653;1764,738279;37399,42123;1,978466635;Synthetic price index / US$ equivalent
01/12/10;Global;lithium;1799,151898;1990,75491;35637,96526;-4,709848199;Synthetic price index / US$ equivalent
01/01/11;Global;lithium;1673,640755;1545,582343;38004,75951;6,641215993;Synthetic price index / US$ equivalent
01/02/11;Global;lithium;1547,005241;1572,108815;35836,12432;-5,706220011;Synthetic price index / US$ equivalent
01/03/11;Global;lithium;2056,440743;2054,115796;36692,35349;2,389290649;Synthetic price index / US$ equivalent
01/04/11;Global;lithium;1674,595074;1668,650299;35235,76354;-3,969737034;Synthetic price index / US$ equivalent
01/05/11;Global;lithium;1726,490117;1905,922002;34149,12457;-3,083909239;Synthetic price index / US$ equivalent
01/06/11;Global;lithium;2029,952936;2039,208485;37022,42954;8,413993047;Synthetic price index / US$ equivalent
01/07/11;Global;lithium;1526,241357;1546,550631;38748,76665;4,66294927;Synthetic price index / US$ equivalent
01/08/11;Global;lithium;1879,492411;1897,284599;44580,22176;15,04939542;Synthetic price index / US$ equivalent
01/09/11;Global;lithium;1966,557735;2052,362122;39702,7209;-10,94095243;Synthetic price index / US$ equivalent
01/10/11;Global;lithium;1670,83088;1626,136177;44584,88371;12,29679654;Synthetic price index / US$ equivalent
01/11/11;Global;lithium;1778,696159;1700,379842;42338,5256;-5,03838505;Synthetic price index / US$ equivalent
01/12/11;Global;lithium;1676,756659;1731,60959;46421,36504;9,643319843;Synthetic price index / US$ equivalent
01/01/12;Global;lithium;1890,923975;1954,283121;54354,97972;17,09043816;Synthetic price index / US$ equivalent
01/02/12;Global;lithium;1575,825774;1612,826093;51025,9204;-6,124662993;Synthetic price index / US$ equivalent
01/03/12;Global;lithium;1769,169023;1796,019361;47579,97393;-6,753325439;Synthetic price index / US$ equivalent
01/04/12;Global;lithium;1653,643141;1604,019749;41782,77342;-12,18411873;Synthetic price index / US$ equivalent
01/05/12;Global;lithium;1780,427161;1866,369735;44523,89598;6,560413148;Synthetic price index / US$ equivalent
01/06/12;Global;lithium;1804,172853;1812,933555;44846,61782;0,724828408;Synthetic price index / US$ equivalent
01/07/12;Global;lithium;1935,42594;1874,448711;42656,62457;-4,883296355;Synthetic price index / US$ equivalent
01/08/12;Global;lithium;1879,083631;1833,385535;41296,49966;-3,188543228;Synthetic price index / US$ equivalent
01/09/12;Global;lithium;1657,811156;1624,684564;40043,40674;-3,034380468;Synthetic price index / US$ equivalent
01/10/12;Global;lithium;1799,006266;1825,608664;39124,39269;-2,295044613;Synthetic price index / US$ equivalent
01/11/12;Global;lithium;1595,404923;1495,471443;41333,7168;5,646922447;Synthetic price index / US$ equivalent
01/12/12;Global;lithium;1757,071384;1833,129114;43593,68393;5,467611673;Synthetic price index / US$ equivalent
01/01/13;Global;lithium;1667,46602;1641,472404;45440,72478;4,236946025;Synthetic price index / US$ equivalent
01/02/13;Global;lithium;1814,355035;1699,480078;39332,11565;-13,44302751;Synthetic price index / US$ equivalent
01/03/13;Global;lithium;1877,681948;1892,57118;40804,23382;3,74278918;Synthetic price index / US$ equivalent
01/04/13;Global;lithium;1693,545545;1560,546968;38571,89804;-5,470843518;Synthetic price index / US$ equivalent
01/05/13;Global;lithium;1606,921333;1619,944749;43072,174;11,66724012;Synthetic price index / US$ equivalent
01/06/13;Global;lithium;1730,194321;1808,203717;43967,96686;2,07974842;Synthetic price index / US$ equivalent
01/07/13;Global;lithium;1554,097659;1558,503928;43167,94197;-1,819563084;Synthetic price index / US$ equivalent
01/08/13;Global;lithium;1683,609767;1752,780126;42477,8178;-1,598696003;Synthetic price index / US$ equivalent
01/09/13;Global;lithium;1926,678753;1880,496223;35397,06232;-16,66930142;Synthetic price index / US$ equivalent
01/10/13;Global;lithium;1928,605127;2029,182128;34589,23928;-2,282175364;Synthetic price index / US$ equivalent
01/11/13;Global;lithium;1664,427541;1596,899856;31758,4209;-8,184101292;Synthetic price index / US$ equivalent
01/12/13;Global;lithium;1966,34417;1868,711283;32252,67676;1,556298592;Synthetic price index / US$ equivalent
01/01/14;Global;lithium;1837,010661;1834,576593;32667,49524;1,286152098;Synthetic price index / US$ equivalent
01/02/14;Global;lithium;1664,287671;1612,587479;33538,88358;2,66744767;Synthetic price index / US$ equivalent
01/03/14;Global;lithium;1830,545119;2010,388955;33028,84177;-1,520747724;Synthetic price index / US$ equivalent
01/04/14;Global;lithium;1780,683123;1715,937601;37646,50828;13,98070977;Synthetic price index / US$ equivalent
01/05/14;Global;lithium;1861,908338;1905,132742;36765,01921;-2,341489596;Synthetic price index / US$ equivalent
01/06/14;Global;lithium;1811,751748;1865,536738;36672,57637;-0,251442382;Synthetic price index / US$ equivalent
01/07/14;Global;lithium;1888,283931;1873,051616;38771,09644;5,722314283;Synthetic price index / US$ equivalent
01/08/14;Global;lithium;1842,325479;1725,449092;38374,07051;-1,024025531;Synthetic price index / US$ equivalent
01/09/14;Global;lithium;1766,957549;1704,439813;33887,46642;-11,69175965;Synthetic price index / US$ equivalent
01/10/14;Global;lithium;1659,729945;1740,123449;33924,83776;0,110280706;Synthetic price index / US$ equivalent
01/11/14;Global;lithium;1752,076496;1801,329876;29828,65625;-12,07428473;Synthetic price index / US$ equivalent
01/12/14;Global;lithium;2014,782498;1872,230811;30869,87819;3,490676638;Synthetic price index / US$ equivalent
01/01/15;Global;lithium;1668,193392;1704,325726;26797,09863;-13,19337747;Synthetic price index / US$ equivalent
01/02/15;Global;lithium;1881,740135;1850,937213;25918,90262;-3,277205598;Synthetic price index / US$ equivalent
01/03/15;Global;lithium;1670,929446;1683,957362;24147,34279;-6,835010919;Synthetic price index / US$ equivalent
01/04/15;Global;lithium;1626,097898;1543,488569;21111,56983;-12,57187174;Synthetic price index / US$ equivalent
01/05/15;Global;lithium;1933,086366;2024,47337;21168,98359;0,271954005;Synthetic price index / US$ equivalent
01/06/15;Global;lithium;1726,501475;1739,044702;18478,90611;-12,70763646;Synthetic price index / US$ equivalent
01/07/15;Global;lithium;1700,603779;1610,314642;19110,34676;3,417088892;Synthetic price index / US$ equivalent
01/08/15;Global;lithium;1612,716218;1662,402947;17860,37796;-6,540796011;Synthetic price index / US$ equivalent
01/09/15;Global;lithium;1652,119237;1597,368443;16921,84843;-5,254813355;Synthetic price index / US$ equivalent
01/10/15;Global;lithium;1694,682944;1598,991699;17087,34015;0,977976618;Synthetic price index / US$ equivalent
01/11/15;Global;lithium;1544,13163;1449,270366;18291,23739;7,045550848;Synthetic price index / US$ equivalent
01/12/15;Global;lithium;1656,811923;1614,041991;17834,19799;-2,498679542;Synthetic price index / US$ equivalent
01/01/16;Global;lithium;1765,043413;1860,84482;17432,34969;-2,253245701;Synthetic price index / US$ equivalent
01/02/16;Global;lithium;1911,999816;1863,655842;15931,24759;-8,611014139;Synthetic price index / US$ equivalent
01/03/16;Global;lithium;1828,494793;1798,064245;17230,70354;8,156649019;Synthetic price index / US$ equivalent
01/04/16;Global;lithium;1702,715626;1663,400438;17606,97309;2,183715532;Synthetic price index / US$ equivalent
01/05/16;Global;lithium;1850,542753;1777,37482;17580,60124;-0,149780711;Synthetic price index / US$ equivalent
01/06/16;Global;lithium;1779,243696;1792,512238;17046,21025;-3,039662796;Synthetic price index / US$ equivalent
01/07/16;Global;lithium;1611,814204;1575,797824;14836,04905;-12,96570419;Synthetic price index / US$ equivalent
01/08/16;Global;lithium;1987,491474;1881,765598;15569,6256;4,944554626;Synthetic price index / US$ equivalent
01/09/16;Global;lithium;1713,700048;1724,988707;12446,79231;-20,05721506;Synthetic price index / US$ equivalent
01/10/16;Global;lithium;1892,279888;1979,770036;12656,73784;1,68674406;Synthetic price index / US$ equivalent
01/11/16;Global;lithium;1718,470013;1640,833124;14938,13385;18,02515023;Synthetic price index / US$ equivalent
01/12/16;Global;lithium;1772,797322;1759,100493;15122,57926;1,234728579;Synthetic price index / US$ equivalent
01/01/17;Global;lithium;1697,07523;1759,817672;14820,30677;-1,998815709;Synthetic price index / US$ equivalent
01/02/17;Global;lithium;1660,99829;1759,09665;16187,69015;9,226417523;Synthetic price index / US$ equivalent
01/03/17;Global;lithium;1724,614911;1729,903297;16791,4729;3,729888247;Synthetic price index / US$ equivalent
01/04/17;Global;lithium;1708,021053;1586,696658;16103,96643;-4,094378582;Synthetic price index / US$ equivalent
01/05/17;Global;lithium;1650,591797;1641,097661;15141,28741;-5,97790005;Synthetic price index / US$ equivalent
01/06/17;Global;lithium;1709,267224;1639,924002;14593,06637;-3,620702983;Synthetic price index / US$ equivalent
01/07/17;Global;lithium;1788,595024;1890,160677;13286,48398;-8,953446464;Synthetic price index / US$ equivalent
01/08/17;Global;lithium;1561,743201;1576,101639;13886,68998;4,517417825;Synthetic price index / US$ equivalent
01/09/17;Global;lithium;1683,077494;1739,49758;14622,83694;5,301097389;Synthetic price index / US$ equivalent
01/10/17;Global;lithium;1725,735583;1713,849407;14587,15518;-0,244013943;Synthetic price index / US$ equivalent
01/11/17;Global;lithium;1663,233917;1610,749816;13903,61249;-4,685921812;Synthetic price index / US$ equivalent
01/12/17;Global;lithium;1677,942982;1597,617665;14977,00935;7,720273115;Synthetic price index / US$ equivalent
01/01/18;Global;lithium;1801,310908;1741,451623;14456,12991;-3,477860125;Synthetic price index / US$ equivalent
01/02/18;Global;lithium;1802,296606;1828,815641;13863,60977;-4,098746686;Synthetic price index / US$ equivalent
01/03/18;Global;lithium;1739,61229;1644,340077;14537,61741;4,861703806;Synthetic price index / US$ equivalent
01/04/18;Global;lithium;1546,390132;1591,932777;15268,70145;5,028912382;Synthetic price index / US$ equivalent
01/05/18;Global;lithium;1892,028039;1797,708299;17886,15387;17,14260004;Synthetic price index / US$ equivalent
01/06/18;Global;lithium;1589,415732;1536,331503;19308,66302;7,953130435;Synthetic price index / US$ equivalent
01/07/18;Global;lithium;1788,116731;1816,221816;21034,80585;8,939732512;Synthetic price index / US$ equivalent
01/08/18;Global;lithium;1665,133153;1596,534476;22223,43138;5,650755924;Synthetic price index / US$ equivalent
01/09/18;Global;lithium;1880,772664;1877,00703;23146,27732;4,152580771;Synthetic price index / US$ equivalent
01/10/18;Global;lithium;1567,354125;1469,126213;20447,51617;-11,65959049;Synthetic price index / US$ equivalent
01/11/18;Global;lithium;1700,651228;1752,499424;22541,55536;10,24104427;Synthetic price index / US$ equivalent
01/12/18;Global;lithium;1980,773756;1852,767015;24882,22585;10,38380207;Synthetic price index / US$ equivalent
01/01/19;Global;lithium;1799,39533;1657,958582;23619,5097;-5,074771685;Synthetic price index / US$ equivalent
01/02/19;Global;lithium;1701,455305;1690,63243;21349,79387;-9,609495961;Synthetic price index / US$ equivalent
01/03/19;Global;lithium;1723,367841;1758,933693;20327,64639;-4,787622204;Synthetic price index / US$ equivalent
01/04/19;Global;lithium;1891,992169;1852,932817;19312,56959;-4,993577631;Synthetic price index / US$ equivalent
01/05/19;Global;lithium;1823,715833;1798,610652;17754,18333;-8,069284873;Synthetic price index / US$ equivalent
01/06/19;Global;lithium;1957,525461;1811,150466;19027,62547;7,172631426;Synthetic price index / US$ equivalent
01/07/19;Global;lithium;1678,252534;1760,136957;18551,3519;-2,503063611;Synthetic price index / US$ equivalent
01/08/19;Global;lithium;1560,179812;1504,583643;18258,82944;-1,576825565;Synthetic price index / US$ equivalent
01/09/19;Global;lithium;1924,816587;2026,61058;19458,21686;6,568807822;Synthetic price index / US$ equivalent
01/10/19;Global;lithium;1870,697778;1885,186113;18120,37951;-6,875436513;Synthetic price index / US$ equivalent
01/11/19;Global;lithium;1970,644892;1785,352759;17647,65402;-2,608805656;Synthetic price index / US$ equivalent
01/12/19;Global;lithium;1904,51377;1929,183875;18222,16072;3,25542813;Synthetic price index / US$ equivalent
01/01/20;Global;lithium;1901,261981;1850,191534;18227,09258;0,027065172;Synthetic price index / US$ equivalent
01/02/20;Global;lithium;1802,883316;1836,269915;18905,6155;3,722606451;Synthetic price index / US$ equivalent
01/03/20;Global;lithium;1802,134672;1785,323275;19022,53703;0,618448671;Synthetic price index / US$ equivalent
01/04/20;Global;lithium;1932,58867;1943,055407;19109,80904;0,458782168;Synthetic price index / US$ equivalent
01/05/20;Global;lithium;1676,665092;1664,649197;19383,25685;1,430929075;Synthetic price index / US$ equivalent
01/06/20;Global;lithium;1834,481401;1870,001924;17347,89681;-10,50060914;Synthetic price index / US$ equivalent
01/07/20;Global;lithium;1897,339336;1893,478107;18187,25397;4,838379935;Synthetic price index / US$ equivalent
01/08/20;Global;lithium;1994,947115;1882,565437;18985,22555;4,387531977;Synthetic price index / US$ equivalent
01/09/20;Global;lithium;1779,063299;1700,602683;19843,12324;4,518764803;Synthetic price index / US$ equivalent
01/10/20;Global;lithium;1847,268137;1785,824755;18177,25295;-8,395202073;Synthetic price index / US$ equivalent
01/11/20;Global;lithium;1922,221798;1928,571434;17369,11799;-4,445858597;Synthetic price index / US$ equivalent
01/12/20;Global;lithium;1755,852502;1704,452206;19423,04345;11,82515699;Synthetic price index / US$ equivalent
01/01/21;Global;lithium;1838,427087;1881,414887;20919,91277;7,706667175;Synthetic price index / US$ equivalent
01/02/21;Global;lithium;1866,11743;1801,565871;18597,33065;-11,10225528;Synthetic price index / US$ equivalent
01/03/21;Global;lithium;2160,152291;2216,036767;18209,46711;-2,085587145;Synthetic price index / US$ equivalent
01/04/21;Global;lithium;1899,950732;1952,276246;20680,8012;13,57169915;Synthetic price index / US$ equivalent
01/05/21;Global;lithium;1812,59842;1796,559771;21656,95751;4,720108745;Synthetic price index / US$ equivalent
01/06/21;Global;lithium;1838,011128;2020,946079;20156,14519;-6,929931477;Synthetic price index / US$ equivalent
01/07/21;Global;lithium;1884,020829;1919,338787;21061,56732;4,492040107;Synthetic price index / US$ equivalent
01/08/21;Global;lithium;1799,294467;1854,498347;18930,42565;-10,11862809;Synthetic price index / US$ equivalent
01/09/21;Global;lithium;1860,39806;1762,602452;16931,55712;-10,5590258;Synthetic price index / US$ equivalent
01/10/21;Global;lithium;1753,188976;1677,527675;16928,59821;-0,017475722;Synthetic price index / US$ equivalent
01/11/21;Global;lithium;2045,226976;2160,768915;15898,28726;-6,086215379;Synthetic price index / US$ equivalent
01/12/21;Global;lithium;1972,61934;1996,180442;17540,29482;10,32820411;Synthetic price index / US$ equivalent
01/01/22;Global;lithium;1907,440981;1937,214337;19180,64205;9,351879452;Synthetic price index / US$ equivalent
01/02/22;Global;lithium;1804,953173;1718,072978;19787,88382;3,165909506;Synthetic price index / US$ equivalent
01/03/22;Global;lithium;1936,531374;1923,406264;18130,32258;-8,376647342;Synthetic price index / US$ equivalent
01/04/22;Global;lithium;2022,625159;1852,147442;17774,06322;-1,964991796;Synthetic price index / US$ equivalent
01/05/22;Global;lithium;1898,685028;1880,368887;16226,93239;-8,704429665;Synthetic price index / US$ equivalent
01/06/22;Global;lithium;1956,039237;1947,441833;16813,1399;3,612559034;Synthetic price index / US$ equivalent
01/07/22;Global;lithium;1890,445922;1862,964036;18507,97335;10,08041005;Synthetic price index / US$ equivalent
01/08/22;Global;lithium;1863,5601;2018,904985;18671,98878;0,88618796;Synthetic price index / US$ equivalent
01/09/22;Global;lithium;1878,820221;1895,61746;18461,20378;-1,1288835;Synthetic price index / US$ equivalent
01/10/22;Global;lithium;1779,19806;1643,72466;18234,92816;-1,225681847;Synthetic price index / US$ equivalent
01/11/22;Global;lithium;1994,236457;2049,303159;17286,68954;-5,200122594;Synthetic price index / US$ equivalent
01/12/22;Global;lithium;1798,949991;1869,826531;16924,53885;-2,09496841;Synthetic price index / US$ equivalent
01/01/23;Global;lithium;1888,226283;1971,079574;18446,36533;8,991834238;Synthetic price index / US$ equivalent
01/02/23;Global;lithium;2035,912954;2006,20529;18918,57274;2,559894075;Synthetic price index / US$ equivalent
01/03/23;Global;lithium;1953,503659;1901,151225;18851,70528;-0,35344879;Synthetic price index / US$ equivalent
01/04/23;Global;lithium;1881,359776;1902,410246;17462,82685;-7,367388835;Synthetic price index / US$ equivalent
01/05/23;Global;lithium;1632,536965;1715,697947;18726,53042;7,236534962;Synthetic price index / US$ equivalent
01/06/23;Global;lithium;1953,620865;2007,42752;18692,43422;-0,182074312;Synthetic price index / US$ equivalent
01/07/23;Global;lithium;1851,272576;1890,331658;17544,79502;-6,139591987;Synthetic price index / US$ equivalent
01/08/23;Global;lithium;2018,317555;1908,570179;19379,94624;10,45980424;Synthetic price index / US$ equivalent
01/09/23;Global;lithium;1697,413559;1714,178436;20139,4582;3,919061235;Synthetic price index / US$ equivalent
01/10/23;Global;lithium;2020,302751;2113,151607;20638,48702;2,477866175;Synthetic price index / US$ equivalent
01/11/23;Global;lithium;1837,926067;1743,46108;20033,63667;-2,930691341;Synthetic price index / US$ equivalent
01/12/23;Global;lithium;1758,627902;1748,925486;20028,12632;-0,027505501;Synthetic price index / US$ equivalent
01/01/24;Global;lithium;1862,182799;1973,268461;18635,36431;-6,954030491;Synthetic price index / US$ equivalent
01/02/24;Global;lithium;2181,723006;2119,519729;18417,10703;-1,171199425;Synthetic price index / US$ equivalent
01/03/24;Global;lithium;1880,285892;1835,436294;17721,80774;-3,775290483;Synthetic price index / US$ equivalent
01/04/24;Global;lithium;1997,396888;2052,799517;19379,94588;9,356484239;Synthetic price index / US$ equivalent
01/05/24;Global;lithium;1940,245419;1831,328595;20476,86707;5,660083828;Synthetic price index / US$ equivalent
01/06/24;Global;lithium;1896,168896;2032,87539;20401,98363;-0,365697739;Synthetic price index / US$ equivalent
01/07/24;Global;lithium;2066,546071;1907,801707;20243,90623;-0,77481386;Synthetic price index / US$ equivalent
01/08/24;Global;lithium;1873,696459;1900,230086;23153,99216;14,37512059;Synthetic price index / US$ equivalent
01/09/24;Global;lithium;2025,981699;1968,596343;21747,69497;-6,073670503;Synthetic price index / US$ equivalent
01/10/24;Global;lithium;1785,957859;1798,92543;22898,23573;5,290403235;Synthetic price index / US$ equivalent
01/11/24;Global;lithium;1833,515138;1774,098824;25224,95793;10,16114181;Synthetic price index / US$ equivalent
01/12/24;Global;lithium;2105,995762;1973,62618;26518,92235;5,129698999;Synthetic price index / US$ equivalent
01/01/25;Global;lithium;1876,236794;1880,318289;27844,56797;4,998866861;Synthetic price index / US$ equivalent
01/02/25;Global;lithium;1870,196501;1979,218561;28323,09254;1,718556298;Synthetic price index / US$ equivalent
01/03/25;Global;lithium;1854,057038;1904,657822;31582,58428;11,50824802;Synthetic price index / US$ equivalent
01/04/25;Global;lithium;1956,966684;1987,31938;32606,98968;3,243576858;Synthetic price index / US$ equivalent
01/05/25;Global;lithium;1940,349053;1878,393874;31658,80331;-2,907923664;Synthetic price index / US$ equivalent
01/06/25;Global;lithium;1810,109672;1855,857017;38952,21184;23,03753703;Synthetic price index / US$ equivalent
01/07/25;Global;lithium;1738,667018;1658,452134;39295,693;0,881801415;Synthetic price index / US$ equivalent
01/08/25;Global;lithium;1733,510085;1804,119192;41848,2142;6,495676773;Synthetic price index / US$ equivalent
01/09/25;Global;lithium;1691,650985;1591,61279;40644,84188;-2,875564342;Synthetic price index / US$ equivalent
01/10/25;Global;lithium;1711,217467;1653,900109;39472,94029;-2,883272592;Synthetic price index / US$ equivalent
01/11/25;Global;lithium;2131,221401;2125,500588;35857,17382;-9,160114361;Synthetic price index / US$ equivalent
01/12/25;Global;lithium;1865,546887;1780,352114;38230,25359;6,618145041;Synthetic price index / US$ equivalent
01/01/26;Global;lithium;2034,508839;2025,500482;37282,46041;-2,47917052;Synthetic price index / US$ equivalent
01/02/26;Global;lithium;1893,631462;1757,929164;34561,59161;-7,297986157;Synthetic price index / US$ equivalent
01/03/26;Global;lithium;2041,401042;2062,957626;36031,43175;4,252813807;Synthetic price index / US$ equivalent
01/04/26;Global;lithium;1808,580246;1781,35143;36631,51365;1,66544005;Synthetic price index / US$ equivalent
01/05/26;Global;lithium;1925,993658;1856,615677;39755,25542;8,527471196;Synthetic price index / US$ equivalent
01/06/26;Global;lithium;2017,290206;1990,569141;42721,35691;7,46090412;Synthetic price index / US$ equivalent
01/07/26;Global;lithium;2033,267963;1973,559492;41301,21078;-3,324206517;Synthetic price index / US$ equivalent
01/08/26;Global;lithium;1848,307156;1722,242563;41970,88617;1,62144252;Synthetic price index / US$ equivalent
01/09/26;Global;lithium;2165,447373;2065,943659;40056,37875;-4,561512981;Synthetic price index / US$ equivalent
01/01/80;Global;maize;993,6997724;926,6773102;95,91519404;;Synthetic price index / US$ equivalent
01/02/80;Global;maize;938,5590229;924,6136073;96,99278368;1,123481679;Synthetic price index / US$ equivalent
01/03/80;Global;maize;1070,406084;1049,610616;97,72063264;0,750415581;Synthetic price index / US$ equivalent
01/04/80;Global;maize;901,2960152;883,3758778;93,65377932;-4,161714074;Synthetic price index / US$ equivalent
01/05/80;Global;maize;931,8243002;920,826648;93,22036454;-0,462784072;Synthetic price index / US$ equivalent
01/06/80;Global;maize;848,3451646;820,6323742;92,20542343;-1,08875471;Synthetic price index / US$ equivalent
01/07/80;Global;maize;1004,551513;1021,033018;89,94394146;-2,452656131;Synthetic price index / US$ equivalent
01/08/80;Global;maize;988,444962;948,3274313;97,69780131;8,620769478;Synthetic price index / US$ equivalent
01/09/80;Global;maize;1072,8523;1143,296924;100,8997102;3,277360239;Synthetic price index / US$ equivalent
01/10/80;Global;maize;1034,577608;1080,890874;102,3035208;1,391293016;Synthetic price index / US$ equivalent
01/11/80;Global;maize;994,824546;968,6953939;102,700315;0,387859779;Synthetic price index / US$ equivalent
01/12/80;Global;maize;1035,973526;1074,345276;107,4925328;4,666215208;Synthetic price index / US$ equivalent
01/01/81;Global;maize;974,0444648;983,5789049;110,1747274;2,495238127;Synthetic price index / US$ equivalent
01/02/81;Global;maize;1006,385141;990,923634;110,960186;0,712920845;Synthetic price index / US$ equivalent
01/03/81;Global;maize;989,8949144;996,6637906;106,721783;-3,81975117;Synthetic price index / US$ equivalent
01/04/81;Global;maize;992,6789769;1009,562868;103,5641529;-2,958749362;Synthetic price index / US$ equivalent
01/05/81;Global;maize;1042,626131;1089,851854;101,6099599;-1,88693958;Synthetic price index / US$ equivalent
01/06/81;Global;maize;959,0292155;954,3407443;99,36942728;-2,205032523;Synthetic price index / US$ equivalent
01/07/81;Global;maize;1016,066621;925,0351247;95,56226274;-3,83132383;Synthetic price index / US$ equivalent
01/08/81;Global;maize;1053,425469;1061,666495;100,1031173;4,751723548;Synthetic price index / US$ equivalent
01/09/81;Global;maize;923,5655327;948,7183048;113,1869644;13,07036927;Synthetic price index / US$ equivalent
01/10/81;Global;maize;1066,059077;1043,224627;116,6945123;3,098897468;Synthetic price index / US$ equivalent
01/11/81;Global;maize;1041,571708;1090,17014;112,2283725;-3,827206344;Synthetic price index / US$ equivalent
01/12/81;Global;maize;1023,497719;984,7162028;115,4744646;2,892398775;Synthetic price index / US$ equivalent
01/01/82;Global;maize;1084,620923;1024,579071;111,4422624;-3,491856137;Synthetic price index / US$ equivalent
01/02/82;Global;maize;1028,581942;1039,542257;113,1650946;1,545941436;Synthetic price index / US$ equivalent
01/03/82;Global;maize;910,4691477;880,4163499;117,9738794;4,24935345;Synthetic price index / US$ equivalent
01/04/82;Global;maize;1098,241889;1086,174661;110,997122;-5,913815355;Synthetic price index / US$ equivalent
01/05/82;Global;maize;980,8620121;882,3888094;116,7868298;5,216088166;Synthetic price index / US$ equivalent
01/06/82;Global;maize;974,4384301;1048,783394;114,1518362;-2,256242008;Synthetic price index / US$ equivalent
01/07/82;Global;maize;1066,786347;1092,197809;121,5382558;6,470697093;Synthetic price index / US$ equivalent
01/08/82;Global;maize;954,5416226;915,0822389;121,8628873;0,26710232;Synthetic price index / US$ equivalent
01/09/82;Global;maize;1008,45432;956,4972068;125,3037458;2,823549122;Synthetic price index / US$ equivalent
01/10/82;Global;maize;1043,509008;1103,994378;125,7994293;0,395585553;Synthetic price index / US$ equivalent
01/11/82;Global;maize;907,9086278;902,3670556;126,3773761;0,459419231;Synthetic price index / US$ equivalent
01/12/82;Global;maize;1025,114522;1014,935186;117,9839608;-6,64154894;Synthetic price index / US$ equivalent
01/01/83;Global;maize;914,5731567;888,0216749;112,0265982;-5,049298697;Synthetic price index / US$ equivalent
01/02/83;Global;maize;1141,59114;1127,495384;111,3013785;-0,647363866;Synthetic price index / US$ equivalent
01/03/83;Global;maize;1007,033724;973,4076095;108,1816672;-2,802940337;Synthetic price index / US$ equivalent
01/04/83;Global;maize;997,0531888;953,134473;105,1047676;-2,844196937;Synthetic price index / US$ equivalent
01/05/83;Global;maize;955,3194105;947,5090801;108,5073702;3,237343778;Synthetic price index / US$ equivalent
01/06/83;Global;maize;1052,838816;1066,31268;102,8073438;-5,253123742;Synthetic price index / US$ equivalent
01/07/83;Global;maize;1036,235054;1025,297528;99,24808915;-3,46206264;Synthetic price index / US$ equivalent
01/08/83;Global;maize;992,3494005;962,1089358;99,58356095;0,33801335;Synthetic price index / US$ equivalent
01/09/83;Global;maize;1042,766866;1036,147203;93,66045486;-5,947875363;Synthetic price index / US$ equivalent
01/10/83;Global;maize;966,6968484;960,7637794;95,23476908;1,680873989;Synthetic price index / US$ equivalent
01/11/83;Global;maize;1226,317669;1222,140506;93,8321047;-1,472849037;Synthetic price index / US$ equivalent
01/12/83;Global;maize;967,3709809;991,7527947;95,82629432;2,125274309;Synthetic price index / US$ equivalent
01/01/84;Global;maize;1071,466799;1040,899404;92,50622858;-3,464670908;Synthetic price index / US$ equivalent
01/02/84;Global;maize;1017,012955;951,9348193;97,93557543;5,869168965;Synthetic price index / US$ equivalent
01/03/84;Global;maize;1031,053502;1087,757999;93,33690119;-4,695611602;Synthetic price index / US$ equivalent
01/04/84;Global;maize;1065,810766;1033,374555;92,68525465;-0,698166035;Synthetic price index / US$ equivalent
01/05/84;Global;maize;1053,218279;1085,150145;94,72034213;2,195697138;Synthetic price index / US$ equivalent
01/06/84;Global;maize;955,8634551;975,8539745;96,2343359;1,598382917;Synthetic price index / US$ equivalent
01/07/84;Global;maize;1066,18288;1037,640536;100,894694;4,842718568;Synthetic price index / US$ equivalent
01/08/84;Global;maize;1051,2521;1025,646771;99,03137474;-1,846796038;Synthetic price index / US$ equivalent
01/09/84;Global;maize;1076,566371;1017,498781;101,8035855;2,799325736;Synthetic price index / US$ equivalent
01/10/84;Global;maize;972,5773876;858,7003064;94,7292335;-6,949020475;Synthetic price index / US$ equivalent
01/11/84;Global;maize;1095,105919;1088,494974;92,05448046;-2,8235772;Synthetic price index / US$ equivalent
01/12/84;Global;maize;1044,887587;982,6224881;92,02321454;-0,033964585;Synthetic price index / US$ equivalent
01/01/85;Global;maize;1039,625877;1052,079458;85,57131011;-7,01117046;Synthetic price index / US$ equivalent
01/02/85;Global;maize;1069,420486;1026,086594;87,20024246;1,903596374;Synthetic price index / US$ equivalent
01/03/85;Global;maize;1074,465046;1077,435356;89,31687041;2,427318878;Synthetic price index / US$ equivalent
01/04/85;Global;maize;1052,153613;1087,672931;85,94950796;-3,77013036;Synthetic price index / US$ equivalent
01/05/85;Global;maize;1019,400467;972,1590684;90,68729512;5,512291195;Synthetic price index / US$ equivalent
01/06/85;Global;maize;980,5813369;947,0432733;90,052124;-0,700397027;Synthetic price index / US$ equivalent
01/07/85;Global;maize;1126,520519;1122,082883;86,88564863;-3,516269503;Synthetic price index / US$ equivalent
01/08/85;Global;maize;1157,182484;1161,630612;90,89058238;4,609430682;Synthetic price index / US$ equivalent
01/09/85;Global;maize;1190,166723;1219,513391;86,66256904;-4,651761738;Synthetic price index / US$ equivalent
01/10/85;Global;maize;1083,564831;1128,364837;84,53217455;-2,458263717;Synthetic price index / US$ equivalent
01/11/85;Global;maize;1049,016678;1065,284135;82,87636195;-1,958795704;Synthetic price index / US$ equivalent
01/12/85;Global;maize;1207,801242;1182,650391;85,25745735;2,873069412;Synthetic price index / US$ equivalent
01/01/86;Global;maize;1136,793951;1161,207613;82,08230571;-3,72419228;Synthetic price index / US$ equivalent
01/02/86;Global;maize;1096,187827;1086,312837;78,9744482;-3,786269749;Synthetic price index / US$ equivalent
01/03/86;Global;maize;984,5057775;913,1892586;77,79086873;-1,498686599;Synthetic price index / US$ equivalent
01/04/86;Global;maize;1016,328287;994,1421325;74,96686983;-3,630244714;Synthetic price index / US$ equivalent
01/05/86;Global;maize;1064,470574;1101,803599;73,95917057;-1,344192789;Synthetic price index / US$ equivalent
01/06/86;Global;maize;988,9556857;898,7504184;71,63307626;-3,145106002;Synthetic price index / US$ equivalent
01/07/86;Global;maize;1152,565266;1165,228677;68,47872701;-4,403481478;Synthetic price index / US$ equivalent
01/08/86;Global;maize;1043,487182;1112,435181;71,41275063;4,284576749;Synthetic price index / US$ equivalent
01/09/86;Global;maize;1148,172785;1150,306806;71,16787081;-0,342907697;Synthetic price index / US$ equivalent
01/10/86;Global;maize;1036,918385;1078,361374;70,82744332;-0,478344351;Synthetic price index / US$ equivalent
01/11/86;Global;maize;1061,544785;1092,789273;70,05885207;-1,085160224;Synthetic price index / US$ equivalent
01/12/86;Global;maize;1009,39288;1052,911048;64,49973104;-7,934930227;Synthetic price index / US$ equivalent
01/01/87;Global;maize;1054,680675;1159,201067;70,80056387;9,768773789;Synthetic price index / US$ equivalent
01/02/87;Global;maize;1101,545348;1054,197218;72,53113648;2,444292137;Synthetic price index / US$ equivalent
01/03/87;Global;maize;1086,213747;976,3808987;71,36576737;-1,60671563;Synthetic price index / US$ equivalent
01/04/87;Global;maize;1206,434963;1191,215411;73,50930261;3,003590251;Synthetic price index / US$ equivalent
01/05/87;Global;maize;1029,268497;986,429329;75,00855935;2,039546957;Synthetic price index / US$ equivalent
01/06/87;Global;maize;1015,810542;992,5231379;76,40054864;1,855773926;Synthetic price index / US$ equivalent
01/07/87;Global;maize;1162,654488;1075,76674;77,30381836;1,182281721;Synthetic price index / US$ equivalent
01/08/87;Global;maize;1140,26278;1077,436;74,88594928;-3,127748576;Synthetic price index / US$ equivalent
01/09/87;Global;maize;1159,21362;1150,345676;75,29645827;0,548178925;Synthetic price index / US$ equivalent
01/10/87;Global;maize;1065,562032;1082,569258;74,56100296;-0,976746219;Synthetic price index / US$ equivalent
01/11/87;Global;maize;1071,103709;1070,519025;72,75523892;-2,421861262;Synthetic price index / US$ equivalent
01/12/87;Global;maize;1079,937509;1055,314301;71,70005718;-1,450317185;Synthetic price index / US$ equivalent
01/01/88;Global;maize;1076,25446;990,1832794;73,53026881;2,552594379;Synthetic price index / US$ equivalent
01/02/88;Global;maize;1006,331525;1012,518724;71,97590246;-2,113913601;Synthetic price index / US$ equivalent
01/03/88;Global;maize;1053,796387;987,2390706;70,02862754;-2,705453978;Synthetic price index / US$ equivalent
01/04/88;Global;maize;1080,842048;1039,271284;70,31710724;0,411945385;Synthetic price index / US$ equivalent
01/05/88;Global;maize;1037,811566;1067,672751;70,36796484;0,072326061;Synthetic price index / US$ equivalent
01/06/88;Global;maize;1108,500195;1126,568734;67,95229754;-3,432907716;Synthetic price index / US$ equivalent
01/07/88;Global;maize;1008,847637;1016,992531;62,73546142;-7,677203438;Synthetic price index / US$ equivalent
01/08/88;Global;maize;1018,166399;935,0220422;64,96902635;3,560290915;Synthetic price index / US$ equivalent
01/09/88;Global;maize;1078,816136;1085,376467;62,86937377;-3,231774741;Synthetic price index / US$ equivalent
01/10/88;Global;maize;1125,255433;1096,284201;61,80667634;-1,690326099;Synthetic price index / US$ equivalent
01/11/88;Global;maize;1069,751723;1058,365089;61,10959221;-1,12784599;Synthetic price index / US$ equivalent
01/12/88;Global;maize;1087,366269;1081,255505;60,34842477;-1,245577693;Synthetic price index / US$ equivalent
01/01/89;Global;maize;1165,639851;1117,618137;58,50505932;-3,054537794;Synthetic price index / US$ equivalent
01/02/89;Global;maize;1178,447739;1146,84269;60,13934329;2,793406223;Synthetic price index / US$ equivalent
01/03/89;Global;maize;1108,561517;1061,667079;62,43740849;3,82123427;Synthetic price index / US$ equivalent
01/04/89;Global;maize;1185,007736;1190,056666;60,71402878;-2,76017174;Synthetic price index / US$ equivalent
01/05/89;Global;maize;1077,007913;1119,384566;59,75264117;-1,583468651;Synthetic price index / US$ equivalent
01/06/89;Global;maize;1126,297085;1138,314875;59,7603596;0,012917303;Synthetic price index / US$ equivalent
01/07/89;Global;maize;1156,848023;1124,40788;59,9357884;0,293553785;Synthetic price index / US$ equivalent
01/08/89;Global;maize;1126,674305;1087,342271;58,42930719;-2,513491926;Synthetic price index / US$ equivalent
01/09/89;Global;maize;1117,500522;1140,081856;59,97259386;2,641288669;Synthetic price index / US$ equivalent
01/10/89;Global;maize;1040,926822;1025,779758;59,50755538;-0,775418331;Synthetic price index / US$ equivalent
01/11/89;Global;maize;1170,604997;1133,437666;61,56867553;3,463627671;Synthetic price index / US$ equivalent
01/12/89;Global;maize;1171,533035;1168,900325;61,01886511;-0,893003489;Synthetic price index / US$ equivalent
01/01/90;Global;maize;1135,9299;1073,446155;56,09157387;-8,075029317;Synthetic price index / US$ equivalent
01/02/90;Global;maize;1162,240899;1143,30428;58,82789418;4,878309037;Synthetic price index / US$ equivalent
01/03/90;Global;maize;1022,704916;997,3604259;60,82878613;3,401263933;Synthetic price index / US$ equivalent
01/04/90;Global;maize;1180,650383;1094,693185;61,06021854;0,380465279;Synthetic price index / US$ equivalent
01/05/90;Global;maize;1301,630692;1221,334202;59,61550122;-2,366053313;Synthetic price index / US$ equivalent
01/06/90;Global;maize;1300,474636;1318,509136;62,61094722;5,024609266;Synthetic price index / US$ equivalent
01/07/90;Global;maize;1206,271765;1189,56312;63,85982398;1,994661995;Synthetic price index / US$ equivalent
01/08/90;Global;maize;1268,988842;1269,418732;66,41467229;4,000713041;Synthetic price index / US$ equivalent
01/09/90;Global;maize;1202,500345;1239,478595;63,28077199;-4,718686687;Synthetic price index / US$ equivalent
01/10/90;Global;maize;1087,587731;1033,402186;63,48824393;0,327859366;Synthetic price index / US$ equivalent
01/11/90;Global;maize;1265,492694;1222,075369;65,49949053;3,167903978;Synthetic price index / US$ equivalent
01/12/90;Global;maize;1152,5429;1122,333719;65,54278784;0,066103275;Synthetic price index / US$ equivalent
01/01/91;Global;maize;1218,716857;1170,974174;62,50927456;-4,628294558;Synthetic price index / US$ equivalent
01/02/91;Global;maize;1187,922885;1196,660556;67,06801315;7,292899529;Synthetic price index / US$ equivalent
01/03/91;Global;maize;1263,780382;1243,879417;69,55472293;3,707743332;Synthetic price index / US$ equivalent
01/04/91;Global;maize;1144,317954;1222,993397;69,90056852;0,497228038;Synthetic price index / US$ equivalent
01/05/91;Global;maize;1227,315564;1191,092891;70,96322631;1,520241988;Synthetic price index / US$ equivalent
01/06/91;Global;maize;1180,638388;1120,354753;73,62916842;3,756793827;Synthetic price index / US$ equivalent
01/07/91;Global;maize;1236,112149;1180,405884;72,9089423;-0,978180435;Synthetic price index / US$ equivalent
01/08/91;Global;maize;1243,212561;1281,032889;78,52746828;7,706223417;Synthetic price index / US$ equivalent
01/09/91;Global;maize;1288,976817;1278,974454;74,64459298;-4,944607774;Synthetic price index / US$ equivalent
01/10/91;Global;maize;1207,37056;1138,704749;69,49682307;-6,89637348;Synthetic price index / US$ equivalent
01/11/91;Global;maize;1213,806668;1171,79265;71,24780245;2,519509968;Synthetic price index / US$ equivalent
01/12/91;Global;maize;1113,28881;1084,928752;68,46022932;-3,912504006;Synthetic price index / US$ equivalent
01/01/92;Global;maize;1164,551887;1169,011068;67,35844293;-1,609381693;Synthetic price index / US$ equivalent
01/02/92;Global;maize;1111,704187;1083,404595;63,55639744;-5,644497286;Synthetic price index / US$ equivalent
01/03/92;Global;maize;1224,559921;1147,2888;58,48800321;-7,97464053;Synthetic price index / US$ equivalent
01/04/92;Global;maize;1243,246937;1237,660709;57,06442769;-2,433961569;Synthetic price index / US$ equivalent
01/05/92;Global;maize;1130,723057;1145,514745;55,75598507;-2,292921659;Synthetic price index / US$ equivalent
01/06/92;Global;maize;1241,477385;1221,342487;56,74320148;1,770601686;Synthetic price index / US$ equivalent
01/07/92;Global;maize;1130,93348;1168,850352;56,72701844;-0,028519785;Synthetic price index / US$ equivalent
01/08/92;Global;maize;1177,434781;1210,099822;55,13528724;-2,805948995;Synthetic price index / US$ equivalent
01/09/92;Global;maize;1107,082156;1034,173101;54,30630023;-1,503550721;Synthetic price index / US$ equivalent
01/10/92;Global;maize;1154,276531;1097,508286;55,93608782;3,001102242;Synthetic price index / US$ equivalent
01/11/92;Global;maize;1045,234091;1055,903643;54,64604979;-2,306271471;Synthetic price index / US$ equivalent
01/12/92;Global;maize;1242,961619;1285,324183;52,8463418;-3,293390825;Synthetic price index / US$ equivalent
01/01/93;Global;maize;1215,168375;1122,633268;53,05141556;0,388056691;Synthetic price index / US$ equivalent
01/02/93;Global;maize;1127,695175;1170,605116;53,86073112;1,525530557;Synthetic price index / US$ equivalent
01/03/93;Global;maize;1192,594396;1224,457182;54,35437209;0,916513681;Synthetic price index / US$ equivalent
01/04/93;Global;maize;1264,531749;1242,927596;51,30163353;-5,616362481;Synthetic price index / US$ equivalent
01/05/93;Global;maize;1182,66738;1145,805056;51,75205219;0,877981129;Synthetic price index / US$ equivalent
01/06/93;Global;maize;1081,867725;1084,974174;55,14603198;6,558154983;Synthetic price index / US$ equivalent
01/07/93;Global;maize;1181,651195;1195,738428;53,06034781;-3,782111049;Synthetic price index / US$ equivalent
01/08/93;Global;maize;1179,628207;1144,437169;52,90857501;-0,286038071;Synthetic price index / US$ equivalent
01/09/93;Global;maize;1144,983535;1077,159748;51,8981386;-1,909778176;Synthetic price index / US$ equivalent
01/10/93;Global;maize;1253,703783;1189,272387;52,48294697;1,126838834;Synthetic price index / US$ equivalent
01/11/93;Global;maize;1236,562409;1191,562386;53,26514182;1,490379049;Synthetic price index / US$ equivalent
01/12/93;Global;maize;1100,202103;1090,041051;52,55313066;-1,336730053;Synthetic price index / US$ equivalent
01/01/94;Global;maize;1016,23115;1030,837414;52,88318032;0,628030447;Synthetic price index / US$ equivalent
01/02/94;Global;maize;1180,215125;1195,234676;55,59701297;5,131750078;Synthetic price index / US$ equivalent
01/03/94;Global;maize;1191,12165;1119,837144;53,93460171;-2,990108943;Synthetic price index / US$ equivalent
01/04/94;Global;maize;1093,368348;1061,613879;50,13254629;-7,049380744;Synthetic price index / US$ equivalent
01/05/94;Global;maize;1201,922511;1145,766601;49,21644556;-1,827357272;Synthetic price index / US$ equivalent
01/06/94;Global;maize;1308,634902;1242,012668;50,16110353;1,919394951;Synthetic price index / US$ equivalent
01/07/94;Global;maize;1133,623099;1133,066213;50,33581948;0,348309621;Synthetic price index / US$ equivalent
01/08/94;Global;maize;1181,357757;1156,351674;47,30428877;-6,022611216;Synthetic price index / US$ equivalent
01/09/94;Global;maize;1235,387441;1202,112418;44,83110837;-5,228237145;Synthetic price index / US$ equivalent
01/10/94;Global;maize;1140,717499;1082,608675;46,56973034;3,878159676;Synthetic price index / US$ equivalent
01/11/94;Global;maize;1211,347935;1177,013259;46,53617302;-0,072058228;Synthetic price index / US$ equivalent
01/12/94;Global;maize;1238,147591;1197,462751;46,21125711;-0,698200741;Synthetic price index / US$ equivalent
01/01/95;Global;maize;1146,484702;1185,900973;44,18942564;-4,37519254;Synthetic price index / US$ equivalent
01/02/95;Global;maize;1221,666111;1253,367196;46,77473455;5,850514871;Synthetic price index / US$ equivalent
01/03/95;Global;maize;1320,798706;1398,07307;44,58334596;-4,684983508;Synthetic price index / US$ equivalent
01/04/95;Global;maize;1133,445539;1085,625047;42,7986702;-4,003009915;Synthetic price index / US$ equivalent
01/05/95;Global;maize;1063,563312;1109,349992;42,02343587;-1,811351439;Synthetic price index / US$ equivalent
01/06/95;Global;maize;1090,336993;1069,428793;44,65899417;6,271639251;Synthetic price index / US$ equivalent
01/07/95;Global;maize;1297,534742;1284,944729;44,45413824;-0,458711475;Synthetic price index / US$ equivalent
01/08/95;Global;maize;1347,912297;1254,025896;44,09317626;-0,811987348;Synthetic price index / US$ equivalent
01/09/95;Global;maize;1307,826787;1238,4879;43,10651877;-2,237664804;Synthetic price index / US$ equivalent
01/10/95;Global;maize;1294,673158;1267,914167;39,76853353;-7,743574154;Synthetic price index / US$ equivalent
01/11/95;Global;maize;1179,232748;1236,49477;41,83348372;5,192422276;Synthetic price index / US$ equivalent
01/12/95;Global;maize;1142,54373;1106,253866;42,80381983;2,319520205;Synthetic price index / US$ equivalent
01/01/96;Global;maize;1127,079567;1129,747111;44,57555799;4,139205724;Synthetic price index / US$ equivalent
01/02/96;Global;maize;1214,933705;1153,793608;46,36921723;4,023862684;Synthetic price index / US$ equivalent
01/03/96;Global;maize;1168,116497;1211,913758;46,67628507;0,662223466;Synthetic price index / US$ equivalent
01/04/96;Global;maize;1414,799867;1379,399653;46,26009437;-0,891653432;Synthetic price index / US$ equivalent
01/05/96;Global;maize;1181,686696;1227,470981;46,49226641;0,501884055;Synthetic price index / US$ equivalent
01/06/96;Global;maize;1172,978063;1137,595393;46,06803124;-0,912485463;Synthetic price index / US$ equivalent
01/07/96;Global;maize;1241,771937;1210,7244;45,03613822;-2,239932958;Synthetic price index / US$ equivalent
01/08/96;Global;maize;1246,613535;1235,502971;44,25032959;-1,744840181;Synthetic price index / US$ equivalent
01/09/96;Global;maize;1310,499791;1255,37857;46,32010608;4,677426166;Synthetic price index / US$ equivalent
01/10/96;Global;maize;1225,245678;1293,154566;44,39013885;-4,166586382;Synthetic price index / US$ equivalent
01/11/96;Global;maize;1358,650423;1351,76791;44,9582947;1,279914565;Synthetic price index / US$ equivalent
01/12/96;Global;maize;1334,488073;1313,306808;44,91280692;-0,101177731;Synthetic price index / US$ equivalent
01/01/97;Global;maize;1391,358618;1397,491948;45,112665;0,444991289;Synthetic price index / US$ equivalent
01/02/97;Global;maize;1297,549269;1314,298147;46,62766617;3,358261306;Synthetic price index / US$ equivalent
01/03/97;Global;maize;1388,336587;1407,695746;46,89399486;0,571181693;Synthetic price index / US$ equivalent
01/04/97;Global;maize;1257,866876;1297,320936;46,76211379;-0,281232325;Synthetic price index / US$ equivalent
01/05/97;Global;maize;1425,320593;1363,959834;44,12395949;-5,64164895;Synthetic price index / US$ equivalent
01/06/97;Global;maize;1314,800554;1223,502508;47,1089049;6,764908325;Synthetic price index / US$ equivalent
01/07/97;Global;maize;1259,969436;1329,282695;47,51918735;0,870923348;Synthetic price index / US$ equivalent
01/08/97;Global;maize;1182,606655;1203,399816;47,52140408;0,004664913;Synthetic price index / US$ equivalent
01/09/97;Global;maize;1250,737235;1253,043162;45,70996757;-3,811832887;Synthetic price index / US$ equivalent
01/10/97;Global;maize;1210,694454;1232,411238;47,63761505;4,217127219;Synthetic price index / US$ equivalent
01/11/97;Global;maize;1341,717252;1252,5042;48,2557939;1,297669606;Synthetic price index / US$ equivalent
01/12/97;Global;maize;1204,803614;1188,866266;50,2857017;4,206557657;Synthetic price index / US$ equivalent
01/01/98;Global;maize;1238,421682;1204,815224;47,06161687;-6,411533925;Synthetic price index / US$ equivalent
01/02/98;Global;maize;1154,088017;1200,551671;49,67825908;5,560034658;Synthetic price index / US$ equivalent
01/03/98;Global;maize;1245,632552;1254,905829;50,30814897;1,267938732;Synthetic price index / US$ equivalent
01/04/98;Global;maize;1213,92995;1194,902471;49,84018752;-0,930190162;Synthetic price index / US$ equivalent
01/05/98;Global;maize;1215,424821;1231,44727;51,55442002;3,439458365;Synthetic price index / US$ equivalent
01/06/98;Global;maize;1363,098582;1263,105334;54,43666607;5,590686603;Synthetic price index / US$ equivalent
01/07/98;Global;maize;1168,766763;1225,301063;55,52951988;2,007569316;Synthetic price index / US$ equivalent
01/08/98;Global;maize;1213,98795;1130,459495;56,64351666;2,006134376;Synthetic price index / US$ equivalent
01/09/98;Global;maize;1385,199052;1420,230859;58,25053625;2,837075949;Synthetic price index / US$ equivalent
01/10/98;Global;maize;1308,964633;1370,210816;59,66542627;2,428973383;Synthetic price index / US$ equivalent
01/11/98;Global;maize;1344,62601;1349,380747;58,17009474;-2,506194331;Synthetic price index / US$ equivalent
01/12/98;Global;maize;1267,632631;1279,492713;55,48919769;-4,60872045;Synthetic price index / US$ equivalent
01/01/99;Global;maize;1324,224973;1292,834515;56,65115284;2,09402046;Synthetic price index / US$ equivalent
01/02/99;Global;maize;1255,448206;1202,98184;57,56609401;1,615044222;Synthetic price index / US$ equivalent
01/03/99;Global;maize;1448,735125;1440,981289;59,68824738;3,686464068;Synthetic price index / US$ equivalent
01/04/99;Global;maize;1319,390032;1322,248063;58,58681498;-1,84530866;Synthetic price index / US$ equivalent
01/05/99;Global;maize;1277,204977;1309,186852;61,01842315;4,15043583;Synthetic price index / US$ equivalent
01/06/99;Global;maize;1292,906751;1217,675658;63,90018904;4,722780014;Synthetic price index / US$ equivalent
01/07/99;Global;maize;1325,312569;1399,767705;64,49376196;0,928906362;Synthetic price index / US$ equivalent
01/08/99;Global;maize;1301,795102;1281,691569;67,16074743;4,135261137;Synthetic price index / US$ equivalent
01/09/99;Global;maize;1046,114891;1072,996325;64,1277018;-4,516098686;Synthetic price index / US$ equivalent
01/10/99;Global;maize;1256,307521;1263,953031;62,92710585;-1,872195506;Synthetic price index / US$ equivalent
01/11/99;Global;maize;1285,840693;1192,444352;62,03144365;-1,423332892;Synthetic price index / US$ equivalent
01/12/99;Global;maize;1250,700073;1233,928423;61,84193303;-0,305507364;Synthetic price index / US$ equivalent
01/01/00;Global;maize;1343,075479;1191,203788;64,12496146;3,69171583;Synthetic price index / US$ equivalent
01/02/00;Global;maize;1305,123907;1319,544966;61,41900729;-4,219814105;Synthetic price index / US$ equivalent
01/03/00;Global;maize;1422,541492;1459,434333;62,75617794;2,177128395;Synthetic price index / US$ equivalent
01/04/00;Global;maize;1473,461321;1391,499655;60,22996245;-4,025445095;Synthetic price index / US$ equivalent
01/05/00;Global;maize;1384,659847;1346,890543;59,35821864;-1,447359046;Synthetic price index / US$ equivalent
01/06/00;Global;maize;1365,762548;1412,589402;59,14034279;-0,367052537;Synthetic price index / US$ equivalent
01/07/00;Global;maize;1396,85258;1429,043239;58,80558482;-0,566039968;Synthetic price index / US$ equivalent
01/08/00;Global;maize;1286,50889;1283,593143;59,36464995;0,950700749;Synthetic price index / US$ equivalent
01/09/00;Global;maize;1271,884361;1344,210046;57,12063115;-3,780059013;Synthetic price index / US$ equivalent
01/10/00;Global;maize;1394,591732;1381,021597;55,03480174;-3,651621777;Synthetic price index / US$ equivalent
01/11/00;Global;maize;1302,940122;1240,583173;57,27741191;4,074894612;Synthetic price index / US$ equivalent
01/12/00;Global;maize;1393,274875;1433,574281;55,40781165;-3,264114421;Synthetic price index / US$ equivalent
01/01/01;Global;maize;1278,84241;1282,651546;54,84800766;-1,010334054;Synthetic price index / US$ equivalent
01/02/01;Global;maize;1316,92691;1362,662021;53,58151243;-2,3090998;Synthetic price index / US$ equivalent
01/03/01;Global;maize;1472,719222;1485,554612;54,93315042;2,522582755;Synthetic price index / US$ equivalent
01/04/01;Global;maize;1300,589537;1278,056723;58,29165365;6,113800507;Synthetic price index / US$ equivalent
01/05/01;Global;maize;1406,716822;1379,765239;62,80860791;7,748886819;Synthetic price index / US$ equivalent
01/06/01;Global;maize;1532,270154;1473,912656;60,34479321;-3,922734141;Synthetic price index / US$ equivalent
01/07/01;Global;maize;1362,989831;1370,447103;61,00058759;1,086745602;Synthetic price index / US$ equivalent
01/08/01;Global;maize;1410,257423;1439,756009;57,55138339;-5,65437865;Synthetic price index / US$ equivalent
01/09/01;Global;maize;1440,262409;1411,907933;55,49173401;-3,578800827;Synthetic price index / US$ equivalent
01/10/01;Global;maize;1428,335006;1352,875545;58,5264835;5,468831605;Synthetic price index / US$ equivalent
01/11/01;Global;maize;1564,591498;1658,350643;58,66942119;0,244227384;Synthetic price index / US$ equivalent
01/12/01;Global;maize;1411,283644;1397,580922;55,3290919;-5,693475791;Synthetic price index / US$ equivalent
01/01/02;Global;maize;1593,431101;1603,881322;54,49713698;-1,503648246;Synthetic price index / US$ equivalent
01/02/02;Global;maize;1364,671846;1437,853271;54,52714225;0,055058424;Synthetic price index / US$ equivalent
01/03/02;Global;maize;1304,495297;1297,731307;57,5910363;5,61902555;Synthetic price index / US$ equivalent
01/04/02;Global;maize;1326,062367;1351,265674;58,12233865;0,922543471;Synthetic price index / US$ equivalent
01/05/02;Global;maize;1394,453873;1311,988485;55,35488987;-4,761420215;Synthetic price index / US$ equivalent
01/06/02;Global;maize;1414,740429;1337,489159;55,51441453;0,288185321;Synthetic price index / US$ equivalent
01/07/02;Global;maize;1442,879114;1447,232859;51,61015332;-7,032878302;Synthetic price index / US$ equivalent
01/08/02;Global;maize;1441,383592;1426,993903;48,54942376;-5,930479499;Synthetic price index / US$ equivalent
01/09/02;Global;maize;1421,203549;1377,511372;44,95343016;-7,406871831;Synthetic price index / US$ equivalent
01/10/02;Global;maize;1464,277198;1370,474829;45,6733415;1,601460296;Synthetic price index / US$ equivalent
01/11/02;Global;maize;1347,548534;1377,41213;45,46855557;-0,448370797;Synthetic price index / US$ equivalent
01/12/02;Global;maize;1378,175729;1390,954848;44,86858511;-1,319528314;Synthetic price index / US$ equivalent
01/01/03;Global;maize;1366,618925;1425,643557;45,00620657;0,306721204;Synthetic price index / US$ equivalent
01/02/03;Global;maize;1480,279623;1448,566888;45,35186001;0,768012817;Synthetic price index / US$ equivalent
01/03/03;Global;maize;1379,188386;1294,77042;42,23661416;-6,869058628;Synthetic price index / US$ equivalent
01/04/03;Global;maize;1562,640555;1505,925138;42,19497144;-0,098593885;Synthetic price index / US$ equivalent
01/05/03;Global;maize;1333,421337;1193,157699;42,12663078;-0,161963982;Synthetic price index / US$ equivalent
01/06/03;Global;maize;1384,660794;1370,299404;41,63554095;-1,165746761;Synthetic price index / US$ equivalent
01/07/03;Global;maize;1459,446756;1460,348485;39,68339537;-4,688651892;Synthetic price index / US$ equivalent
01/08/03;Global;maize;1528,165466;1498,027063;39,96417394;0,707546748;Synthetic price index / US$ equivalent
01/09/03;Global;maize;1608,353856;1600,41322;40,40599794;1,105550188;Synthetic price index / US$ equivalent
01/10/03;Global;maize;1382,261321;1389,284631;40,12085454;-0,705695735;Synthetic price index / US$ equivalent
01/11/03;Global;maize;1413,38967;1347,550734;39,77995692;-0,849676857;Synthetic price index / US$ equivalent
01/12/03;Global;maize;1458,325337;1358,039578;37,77832417;-5,031761987;Synthetic price index / US$ equivalent
01/01/04;Global;maize;1617,25768;1725,663496;39,79127743;5,328328629;Synthetic price index / US$ equivalent
01/02/04;Global;maize;1380,750958;1367,181428;38,90057879;-2,238426866;Synthetic price index / US$ equivalent
01/03/04;Global;maize;1381,278739;1310,171122;37,55263451;-3,46510083;Synthetic price index / US$ equivalent
01/04/04;Global;maize;1388,795092;1363,217307;35,87242957;-4,474266493;Synthetic price index / US$ equivalent
01/05/04;Global;maize;1490,096202;1533,089327;35,1373855;-2,049050147;Synthetic price index / US$ equivalent
01/06/04;Global;maize;1313,809937;1318,172175;36,407952;3,615996126;Synthetic price index / US$ equivalent
01/07/04;Global;maize;1538,597642;1592,756157;34,86417562;-4,240217578;Synthetic price index / US$ equivalent
01/08/04;Global;maize;1370,973307;1243,312655;34,95009425;0,246438177;Synthetic price index / US$ equivalent
01/09/04;Global;maize;1411,224341;1355,433782;35,26678814;0,906131708;Synthetic price index / US$ equivalent
01/10/04;Global;maize;1476,82666;1446,600999;36,84148738;4,465105325;Synthetic price index / US$ equivalent
01/11/04;Global;maize;1660,375264;1638,991327;38,06791957;3,328943219;Synthetic price index / US$ equivalent
01/12/04;Global;maize;1350,778968;1356,898812;36,06834392;-5,252652812;Synthetic price index / US$ equivalent
01/01/05;Global;maize;1543,669614;1516,415366;35,60124465;-1,295039437;Synthetic price index / US$ equivalent
01/02/05;Global;maize;1651,627127;1679,452635;37,7626855;6,071250817;Synthetic price index / US$ equivalent
01/03/05;Global;maize;1516,75084;1455,120776;35,69754104;-5,46874364;Synthetic price index / US$ equivalent
01/04/05;Global;maize;1557,331704;1715,35629;34,5197447;-3,299376666;Synthetic price index / US$ equivalent
01/05/05;Global;maize;1506,447496;1481,719331;33,15716573;-3,947245216;Synthetic price index / US$ equivalent
01/06/05;Global;maize;1471,497126;1530,937086;33,1486408;-0,025710667;Synthetic price index / US$ equivalent
01/07/05;Global;maize;1477,030591;1440,419763;33,3347846;0,561542764;Synthetic price index / US$ equivalent
01/08/05;Global;maize;1424,909138;1445,728691;34,12570828;2,372667751;Synthetic price index / US$ equivalent
01/09/05;Global;maize;1630,014892;1619,171978;33,20173;-2,707572467;Synthetic price index / US$ equivalent
01/10/05;Global;maize;1630,006252;1725,292436;33,56666752;1,099152117;Synthetic price index / US$ equivalent
01/11/05;Global;maize;1726,33871;1694,805343;34,00506539;1,306051238;Synthetic price index / US$ equivalent
01/12/05;Global;maize;1581,942529;1596,649456;32,64219145;-4,007855681;Synthetic price index / US$ equivalent
01/01/06;Global;maize;1713,768422;1629,748372;34,3461405;5,220081678;Synthetic price index / US$ equivalent
01/02/06;Global;maize;1472,447798;1518,117907;34,62507195;0,812118745;Synthetic price index / US$ equivalent
01/03/06;Global;maize;1465,799736;1498,808615;35,17165774;1,578583844;Synthetic price index / US$ equivalent
01/04/06;Global;maize;1524,708291;1547,996146;34,57836794;-1,686840588;Synthetic price index / US$ equivalent
01/05/06;Global;maize;1484,951391;1683,10145;32,72851834;-5,34973081;Synthetic price index / US$ equivalent
01/06/06;Global;maize;1632,943252;1657,65172;33,81987651;3,334578626;Synthetic price index / US$ equivalent
01/07/06;Global;maize;1638,088905;1639,87899;36,12041072;6,802314025;Synthetic price index / US$ equivalent
01/08/06;Global;maize;1463,884896;1517,490896;35,63268867;-1,350267181;Synthetic price index / US$ equivalent
01/09/06;Global;maize;1659,254642;1467,025543;34,00381562;-4,571288638;Synthetic price index / US$ equivalent
01/10/06;Global;maize;1624,749913;1739,919223;34,43976713;1,282066449;Synthetic price index / US$ equivalent
01/11/06;Global;maize;1450,13199;1433,671558;33,64451698;-2,309104312;Synthetic price index / US$ equivalent
01/12/06;Global;maize;1716,553426;1878,97643;33,16250899;-1,432649451;Synthetic price index / US$ equivalent
01/01/07;Global;maize;1678,321445;1746,809141;32,94750536;-0,64833343;Synthetic price index / US$ equivalent
01/02/07;Global;maize;1629,630353;1598,815206;33,26182088;0,953988811;Synthetic price index / US$ equivalent
01/03/07;Global;maize;1570,001233;1521,299232;33,98092586;2,161953158;Synthetic price index / US$ equivalent
01/04/07;Global;maize;1650,526788;1621,673549;36,55015887;7,560809314;Synthetic price index / US$ equivalent
01/05/07;Global;maize;1874,451758;1796,424707;37,21862238;1,828893572;Synthetic price index / US$ equivalent
01/06/07;Global;maize;1795,831833;1793,785221;37,3353437;0,313609992;Synthetic price index / US$ equivalent
01/07/07;Global;maize;1691,70348;1672,08353;38,41378045;2,888514334;Synthetic price index / US$ equivalent
01/08/07;Global;maize;1704,710677;1695,507444;39,82927402;3,684858812;Synthetic price index / US$ equivalent
01/09/07;Global;maize;1580,397755;1528,92228;38,27817248;-3,894375628;Synthetic price index / US$ equivalent
01/10/07;Global;maize;1827,791346;1849,381929;39,7768438;3,915211262;Synthetic price index / US$ equivalent
01/11/07;Global;maize;1810,605638;1748,109335;39,04017007;-1,852016563;Synthetic price index / US$ equivalent
01/12/07;Global;maize;1660,173417;1629,895867;39,062755;0,057850492;Synthetic price index / US$ equivalent
01/01/08;Global;maize;1656,77425;1569,560021;38,33486272;-1,86339208;Synthetic price index / US$ equivalent
01/02/08;Global;maize;1818,202616;1831,359151;38,94562452;1,593228087;Synthetic price index / US$ equivalent
01/03/08;Global;maize;1817,724825;1808,703448;41,17519182;5,724821037;Synthetic price index / US$ equivalent
01/04/08;Global;maize;1886,218908;1808,087571;41,62497885;1,092373851;Synthetic price index / US$ equivalent
01/05/08;Global;maize;1874,227806;1793,545196;39,55166784;-4,980929871;Synthetic price index / US$ equivalent
01/06/08;Global;maize;1720,403626;1730,527866;39,41610142;-0,34275779;Synthetic price index / US$ equivalent
01/07/08;Global;maize;1515,620423;1437,407037;41,52189791;5,342477854;Synthetic price index / US$ equivalent
01/08/08;Global;maize;1714,70065;1639,447722;39,9693458;-3,739116451;Synthetic price index / US$ equivalent
01/09/08;Global;maize;1670,631907;1589,180763;40,73162789;1,907166812;Synthetic price index / US$ equivalent
01/10/08;Global;maize;1867,274793;1908,839103;41,82729924;2,689976802;Synthetic price index / US$ equivalent
01/11/08;Global;maize;1808,651517;1801,884444;40,7837558;-2,494886003;Synthetic price index / US$ equivalent
01/12/08;Global;maize;1773,280033;1861,754349;42,11958196;3,275387782;Synthetic price index / US$ equivalent
01/01/09;Global;maize;1632,484417;1707,353687;42,7996819;1,614688255;Synthetic price index / US$ equivalent
01/02/09;Global;maize;1782,12681;1704,05801;44,27033586;3,436132919;Synthetic price index / US$ equivalent
01/03/09;Global;maize;1405,737767;1396,97723;43,58720439;-1,543090769;Synthetic price index / US$ equivalent
01/04/09;Global;maize;1755,099351;1734,495653;41,84195636;-4,00403755;Synthetic price index / US$ equivalent
01/05/09;Global;maize;1694,186648;1621,4803;42,13543734;0,701403577;Synthetic price index / US$ equivalent
01/06/09;Global;maize;1500,277817;1518,539815;41,84973841;-0,678049033;Synthetic price index / US$ equivalent
01/07/09;Global;maize;1637,054422;1645,761666;40,95731133;-2,132455587;Synthetic price index / US$ equivalent
01/08/09;Global;maize;1662,337548;1699,929036;38,33849424;-6,394016123;Synthetic price index / US$ equivalent
01/09/09;Global;maize;1729,134065;1647,473545;37,82434378;-1,34108151;Synthetic price index / US$ equivalent
01/10/09;Global;maize;1720,790013;1781,913211;36,96423827;-2,273946952;Synthetic price index / US$ equivalent
01/11/09;Global;maize;1646,869696;1598,000892;38,12456671;3,139056808;Synthetic price index / US$ equivalent
01/12/09;Global;maize;1885,348491;1914,286029;37,83290896;-0,765012612;Synthetic price index / US$ equivalent
01/01/10;Global;maize;1641,866853;1693,19202;39,0423416;3,196774108;Synthetic price index / US$ equivalent
01/02/10;Global;maize;1719,552881;1813,11272;36,72066398;-5,946563461;Synthetic price index / US$ equivalent
01/03/10;Global;maize;1714,707088;1812,704685;37,25385814;1,452027557;Synthetic price index / US$ equivalent
01/04/10;Global;maize;1894,199928;1861,864975;36,77149634;-1,29479691;Synthetic price index / US$ equivalent
01/05/10;Global;maize;1653,405787;1653,163715;36,27284167;-1,356090221;Synthetic price index / US$ equivalent
01/06/10;Global;maize;1609,139465;1576,476963;37,95930916;4,649394451;Synthetic price index / US$ equivalent
01/07/10;Global;maize;1665,051536;1637,195737;38,42573268;1,228746062;Synthetic price index / US$ equivalent
01/08/10;Global;maize;1930,894978;1985,803706;36,73893532;-4,389759766;Synthetic price index / US$ equivalent
01/09/10;Global;maize;1559,033998;1529,861336;34,98427101;-4,776034727;Synthetic price index / US$ equivalent
01/10/10;Global;maize;2012,792261;1934,037051;34,47460866;-1,456832862;Synthetic price index / US$ equivalent
01/11/10;Global;maize;1983,344779;2006,333614;33,82548159;-1,882913507;Synthetic price index / US$ equivalent
01/12/10;Global;maize;1601,243598;1553,387246;34,45586805;1,863643711;Synthetic price index / US$ equivalent
01/01/11;Global;maize;1759,724438;1725,798045;34,19855778;-0,746782146;Synthetic price index / US$ equivalent
01/02/11;Global;maize;1595,395602;1530,168192;33,02730369;-3,424863993;Synthetic price index / US$ equivalent
01/03/11;Global;maize;1818,389205;1758,801001;33,28218823;0,771738847;Synthetic price index / US$ equivalent
01/04/11;Global;maize;1895,460338;1773,817635;34,20564771;2,77463571;Synthetic price index / US$ equivalent
01/05/11;Global;maize;1739,265267;1779,977413;33,77463836;-1,26005317;Synthetic price index / US$ equivalent
01/06/11;Global;maize;1767,845292;1725,256024;34,97890532;3,565595448;Synthetic price index / US$ equivalent
01/07/11;Global;maize;1748,569704;1777,033259;35,90404688;2,644855646;Synthetic price index / US$ equivalent
01/08/11;Global;maize;1822,252362;1897,207636;35,36423262;-1,503491396;Synthetic price index / US$ equivalent
01/09/11;Global;maize;1784,792738;1775,635251;33,69715251;-4,714028801;Synthetic price index / US$ equivalent
01/10/11;Global;maize;1709,137888;1697,051528;33,39020462;-0,910901566;Synthetic price index / US$ equivalent
01/11/11;Global;maize;1811,471769;1800,693816;31,89940734;-4,464774327;Synthetic price index / US$ equivalent
01/12/11;Global;maize;1914,205131;1852,619257;31,95095019;0,16157935;Synthetic price index / US$ equivalent
01/01/12;Global;maize;1699,519713;1626,00754;30,55893229;-4,356733984;Synthetic price index / US$ equivalent
01/02/12;Global;maize;1744,220678;1782,466285;32,73042127;7,105905943;Synthetic price index / US$ equivalent
01/03/12;Global;maize;1978,684872;1929,761204;34,08918233;4,151370527;Synthetic price index / US$ equivalent
01/04/12;Global;maize;1772,615315;1660,895264;34,9298299;2,46602444;Synthetic price index / US$ equivalent
01/05/12;Global;maize;1745,660613;1697,019143;35,69640013;2,194600512;Synthetic price index / US$ equivalent
01/06/12;Global;maize;1626,443929;1623,586977;36,21636011;1,456617431;Synthetic price index / US$ equivalent
01/07/12;Global;maize;1892,746895;1871,16167;36,83648777;1,712285964;Synthetic price index / US$ equivalent
01/08/12;Global;maize;1675,266855;1579,814883;35,65800957;-3,19921433;Synthetic price index / US$ equivalent
01/09/12;Global;maize;1933,483063;1880,067573;35,45821743;-0,560300863;Synthetic price index / US$ equivalent
01/10/12;Global;maize;1917,095589;1841,761659;34,40345567;-2,97466101;Synthetic price index / US$ equivalent
01/11/12;Global;maize;1800,307497;1922,974502;34,51035117;0,310711525;Synthetic price index / US$ equivalent
01/12/12;Global;maize;1646,603598;1544,713349;35,90669707;4,046165442;Synthetic price index / US$ equivalent
01/01/13;Global;maize;1835,330176;1771,830788;36,57750149;1,868187485;Synthetic price index / US$ equivalent
01/02/13;Global;maize;1643,077835;1838,381693;38,96031261;6,514417396;Synthetic price index / US$ equivalent
01/03/13;Global;maize;1895,846426;1857,082446;38,85600341;-0,267731943;Synthetic price index / US$ equivalent
01/04/13;Global;maize;1752,893169;1732,300881;37,20794212;-4,241458567;Synthetic price index / US$ equivalent
01/05/13;Global;maize;1658,228826;1674,427548;39,27612624;5,558447999;Synthetic price index / US$ equivalent
01/06/13;Global;maize;1804,276941;1709,172609;41,57444655;5,851698044;Synthetic price index / US$ equivalent
01/07/13;Global;maize;1876,278173;1926,753583;41,84246359;0,644667741;Synthetic price index / US$ equivalent
01/08/13;Global;maize;1678,330851;1589,663387;41,18777909;-1,56464139;Synthetic price index / US$ equivalent
01/09/13;Global;maize;1952,504856;1877,370839;40,89287781;-0,715992185;Synthetic price index / US$ equivalent
01/10/13;Global;maize;1825,104034;1756,121319;43,39747894;6,124785699;Synthetic price index / US$ equivalent
01/11/13;Global;maize;1691,555064;1700,002417;41,47840472;-4,422086872;Synthetic price index / US$ equivalent
01/12/13;Global;maize;1802,30854;1864,316027;42,17845584;1,687748398;Synthetic price index / US$ equivalent
01/01/14;Global;maize;1758,036188;1693,223744;46,12568271;9,358395882;Synthetic price index / US$ equivalent
01/02/14;Global;maize;1595,762374;1524,93632;45,91888696;-0,448331043;Synthetic price index / US$ equivalent
01/03/14;Global;maize;1731,079953;1694,901668;48,36125802;5,318881241;Synthetic price index / US$ equivalent
01/04/14;Global;maize;1924,977285;2021,866423;46,85555844;-3,113441704;Synthetic price index / US$ equivalent
01/05/14;Global;maize;1751,363841;1660,299778;47,31261048;0,975448906;Synthetic price index / US$ equivalent
01/06/14;Global;maize;1784,588744;1730,819663;48,46143972;2,428167108;Synthetic price index / US$ equivalent
01/07/14;Global;maize;1547,239613;1634,101836;49,93792091;3,046713428;Synthetic price index / US$ equivalent
01/08/14;Global;maize;1921,933131;1742,221488;50,59031367;1,306407522;Synthetic price index / US$ equivalent
01/09/14;Global;maize;1745,937329;1787,962251;50,38402776;-0,407757719;Synthetic price index / US$ equivalent
01/10/14;Global;maize;1875,860903;1849,511992;53,43279179;6,051052622;Synthetic price index / US$ equivalent
01/11/14;Global;maize;1659,081194;1656,997456;54,34353293;1,704461075;Synthetic price index / US$ equivalent
01/12/14;Global;maize;1862,189355;1892,022509;58,79639285;8,193909528;Synthetic price index / US$ equivalent
01/01/15;Global;maize;1653,519778;1539,010755;57,83641359;-1,63271795;Synthetic price index / US$ equivalent
01/02/15;Global;maize;1703,45442;1660,371802;60,1508558;4,001704236;Synthetic price index / US$ equivalent
01/03/15;Global;maize;1643,521757;1603,671534;58,86523282;-2,137331153;Synthetic price index / US$ equivalent
01/04/15;Global;maize;1663,164145;1608,308137;56,7802563;-3,541948993;Synthetic price index / US$ equivalent
01/05/15;Global;maize;1866,976057;1779,582718;58,83533082;3,619347029;Synthetic price index / US$ equivalent
01/06/15;Global;maize;1900,258571;1724,928938;60,60748875;3,012064187;Synthetic price index / US$ equivalent
01/07/15;Global;maize;1705,906498;1671,177853;59,03705687;-2,59115154;Synthetic price index / US$ equivalent
01/08/15;Global;maize;1972,865032;1797,553205;56,06656556;-5,031570804;Synthetic price index / US$ equivalent
01/09/15;Global;maize;1633,790617;1657,715984;51,50212577;-8,141108232;Synthetic price index / US$ equivalent
01/10/15;Global;maize;1876,338185;1879,030183;53,0643999;3,033416779;Synthetic price index / US$ equivalent
01/11/15;Global;maize;1757,148278;1760,853362;55,74486922;5,051351434;Synthetic price index / US$ equivalent
01/12/15;Global;maize;1578,748213;1539,652821;53,20755542;-4,551654419;Synthetic price index / US$ equivalent
01/01/16;Global;maize;1703,080392;1723,946463;55,23162;3,804092407;Synthetic price index / US$ equivalent
01/02/16;Global;maize;1603,618254;1609,918289;52,20687391;-5,476475411;Synthetic price index / US$ equivalent
01/03/16;Global;maize;1813,096885;1698,345187;51,97487083;-0,44439183;Synthetic price index / US$ equivalent
01/04/16;Global;maize;1749,399198;1670,587547;52,56407946;1,133641372;Synthetic price index / US$ equivalent
01/05/16;Global;maize;1815,604448;1779,925112;49,61372324;-5,612875291;Synthetic price index / US$ equivalent
01/06/16;Global;maize;1559,976986;1486,637832;50,68822948;2,165744011;Synthetic price index / US$ equivalent
01/07/16;Global;maize;1740,372079;1785,37987;52,48201158;3,538853342;Synthetic price index / US$ equivalent
01/08/16;Global;maize;1751,982197;1673,389883;53,51344485;1,965308193;Synthetic price index / US$ equivalent
01/09/16;Global;maize;1723,900878;1744,795026;53,77578857;0,490238897;Synthetic price index / US$ equivalent
01/10/16;Global;maize;1677,457413;1831,816342;54,58250472;1,500147497;Synthetic price index / US$ equivalent
01/11/16;Global;maize;1647,061154;1658,94791;55,23314701;1,192034512;Synthetic price index / US$ equivalent
01/12/16;Global;maize;1869,270935;1970,18432;52,8220412;-4,365323983;Synthetic price index / US$ equivalent
01/01/17;Global;maize;1662,687728;1569,958154;52,5882593;-0,44258399;Synthetic price index / US$ equivalent
01/02/17;Global;maize;1635,196247;1588,700523;56,68976898;7,799287777;Synthetic price index / US$ equivalent
01/03/17;Global;maize;1596,790957;1595,654994;55,88837757;-1,413643808;Synthetic price index / US$ equivalent
01/04/17;Global;maize;1854,551135;1707,657762;55,66052316;-0,407695517;Synthetic price index / US$ equivalent
01/05/17;Global;maize;1760,416371;1740,684262;56,76848408;1,990568641;Synthetic price index / US$ equivalent
01/06/17;Global;maize;1733,876543;1696,948483;55,25377455;-2,668222625;Synthetic price index / US$ equivalent
01/07/17;Global;maize;1510,833296;1412,332718;56,79865719;2,795976661;Synthetic price index / US$ equivalent
01/08/17;Global;maize;1778,635819;1672,336814;60,37460206;6,295826424;Synthetic price index / US$ equivalent
01/09/17;Global;maize;1894,034812;1875,726726;61,88438346;2,500689622;Synthetic price index / US$ equivalent
01/10/17;Global;maize;1640,802559;1627,171731;65,49767869;5,838783593;Synthetic price index / US$ equivalent
01/11/17;Global;maize;1632,664774;1626,041477;68,90982852;5,20957368;Synthetic price index / US$ equivalent
01/12/17;Global;maize;1712,084244;1691,919777;69,06886827;0,230794;Synthetic price index / US$ equivalent
01/01/18;Global;maize;1607,891521;1583,166334;70,2841873;1,759575711;Synthetic price index / US$ equivalent
01/02/18;Global;maize;1877,25102;1946,829577;68,96887372;-1,871421766;Synthetic price index / US$ equivalent
01/03/18;Global;maize;1947,276404;1984,754596;66,91197788;-2,982353824;Synthetic price index / US$ equivalent
01/04/18;Global;maize;1664,190273;1560,296969;62,92012258;-5,965830665;Synthetic price index / US$ equivalent
01/05/18;Global;maize;1826,195576;1801,845262;58,91356687;-6,367685808;Synthetic price index / US$ equivalent
01/06/18;Global;maize;1939,970026;1971,385732;62,62676463;6,302788917;Synthetic price index / US$ equivalent
01/07/18;Global;maize;1857,341946;1851,727644;64,61924416;3,181514394;Synthetic price index / US$ equivalent
01/08/18;Global;maize;1644,267412;1663,008418;65,24064772;0,961638542;Synthetic price index / US$ equivalent
01/09/18;Global;maize;1691,633378;1607,201763;67,07956366;2,818665971;Synthetic price index / US$ equivalent
01/10/18;Global;maize;1737,979285;1633,386379;65,86575645;-1,809503732;Synthetic price index / US$ equivalent
01/11/18;Global;maize;1804,686738;1746,906728;63,19372739;-4,056780346;Synthetic price index / US$ equivalent
01/12/18;Global;maize;1634,603077;1597,060366;63,74102504;0,86606325;Synthetic price index / US$ equivalent
01/01/19;Global;maize;1871,897125;1860,603779;65,81507233;3,253865607;Synthetic price index / US$ equivalent
01/02/19;Global;maize;1690,766283;1637,945855;64,48505396;-2,020841614;Synthetic price index / US$ equivalent
01/03/19;Global;maize;1722,736568;1692,033659;56,31562481;-12,66871724;Synthetic price index / US$ equivalent
01/04/19;Global;maize;1875,597011;1706,883231;57,39868531;1,923197173;Synthetic price index / US$ equivalent
01/05/19;Global;maize;1711,885005;1488,719161;53,0667176;-7,547154946;Synthetic price index / US$ equivalent
01/06/19;Global;maize;1989,440504;1971,13732;51,22032585;-3,479378096;Synthetic price index / US$ equivalent
01/07/19;Global;maize;1697,952137;1732,998882;53,82899902;5,093042902;Synthetic price index / US$ equivalent
01/08/19;Global;maize;1623,819393;1608,326665;55,59390639;3,27872969;Synthetic price index / US$ equivalent
01/09/19;Global;maize;1837,507868;1685,386279;55,19022398;-0,726127088;Synthetic price index / US$ equivalent
01/10/19;Global;maize;1900,106861;1740,555037;55,14147685;-0,088325647;Synthetic price index / US$ equivalent
01/11/19;Global;maize;1790,786197;1691,679963;55,92109468;1,413850102;Synthetic price index / US$ equivalent
01/12/19;Global;maize;1869,851814;1963,088437;58,66418563;4,905288356;Synthetic price index / US$ equivalent
01/01/20;Global;maize;1694,958472;1635,865961;60,3766197;2,919045158;Synthetic price index / US$ equivalent
01/02/20;Global;maize;1787,186894;1754,318328;62,1329415;2,908943584;Synthetic price index / US$ equivalent
01/03/20;Global;maize;1932,895193;1914,147006;60,58301744;-2,494528705;Synthetic price index / US$ equivalent
01/04/20;Global;maize;1757,612605;1690,741989;60,80075287;0,359400103;Synthetic price index / US$ equivalent
01/05/20;Global;maize;1884,581244;1956,919801;61,40359326;0,991501527;Synthetic price index / US$ equivalent
01/06/20;Global;maize;1775,566091;1745,861003;58,17980102;-5,250168718;Synthetic price index / US$ equivalent
01/07/20;Global;maize;1877,167608;1753,304261;55,80224636;-4,086563743;Synthetic price index / US$ equivalent
01/08/20;Global;maize;2010,254539;1822,98602;54,06708689;-3,109479615;Synthetic price index / US$ equivalent
01/09/20;Global;maize;1877,218747;1880,927635;52,590859;-2,730363278;Synthetic price index / US$ equivalent
01/10/20;Global;maize;1903,659785;1946,753426;50,70086674;-3,593765709;Synthetic price index / US$ equivalent
01/11/20;Global;maize;1844,348213;1821,70653;47,39268148;-6,524908707;Synthetic price index / US$ equivalent
01/12/20;Global;maize;1897,7137;1907,018974;46,21593862;-2,482963238;Synthetic price index / US$ equivalent
01/01/21;Global;maize;1877,939848;1814,221704;47,02855904;1,758312063;Synthetic price index / US$ equivalent
01/02/21;Global;maize;1850,233504;1782,942918;46,37432532;-1,391141325;Synthetic price index / US$ equivalent
01/03/21;Global;maize;1794,103744;1740,590912;46,50509296;0,281982833;Synthetic price index / US$ equivalent
01/04/21;Global;maize;1987,665497;2003,42131;48,14250389;3,5209282;Synthetic price index / US$ equivalent
01/05/21;Global;maize;1677,489809;1647,292194;47,4363454;-1,466808812;Synthetic price index / US$ equivalent
01/06/21;Global;maize;1788,304618;1626,585075;46,96902129;-0,985160444;Synthetic price index / US$ equivalent
01/07/21;Global;maize;1679,376558;1705,113019;47,54916085;1,235153612;Synthetic price index / US$ equivalent
01/08/21;Global;maize;1886,304961;1860,345709;47,67745182;0,269806997;Synthetic price index / US$ equivalent
01/09/21;Global;maize;1985,647897;1925,82654;49,74873152;4,34435908;Synthetic price index / US$ equivalent
01/10/21;Global;maize;1898,651935;1892,550604;50,0658381;0,637416396;Synthetic price index / US$ equivalent
01/11/21;Global;maize;1763,753956;1674,942494;50,60549385;1,077892175;Synthetic price index / US$ equivalent
01/12/21;Global;maize;1935,669686;1983,240719;50,37105731;-0,463263015;Synthetic price index / US$ equivalent
01/01/22;Global;maize;1882,646693;1791,975582;52,28955154;3,808723365;Synthetic price index / US$ equivalent
01/02/22;Global;maize;1875,469054;1999,337756;50,81764222;-2,814920522;Synthetic price index / US$ equivalent
01/03/22;Global;maize;1931,660338;1838,942422;45,93710535;-9,60402068;Synthetic price index / US$ equivalent
01/04/22;Global;maize;2032,967909;2065,567827;46,40385826;1,016069473;Synthetic price index / US$ equivalent
01/05/22;Global;maize;2044,824897;1971,572386;47,4058709;2,159330456;Synthetic price index / US$ equivalent
01/06/22;Global;maize;1987,578898;1880,736638;48,53424557;2,380242458;Synthetic price index / US$ equivalent
01/07/22;Global;maize;2047,164437;2019,569813;47,99178647;-1,117683177;Synthetic price index / US$ equivalent
01/08/22;Global;maize;2038,933785;1986,015437;49,69752022;3,554220149;Synthetic price index / US$ equivalent
01/09/22;Global;maize;1898,951337;1927,300403;46,78157643;-5,867382875;Synthetic price index / US$ equivalent
01/10/22;Global;maize;2105,746226;1939,196159;47,1338803;0,753082531;Synthetic price index / US$ equivalent
01/11/22;Global;maize;1927,531311;1958,292793;48,76727965;3,465446372;Synthetic price index / US$ equivalent
01/12/22;Global;maize;1773,088984;1648,191575;45,3235989;-7,061457542;Synthetic price index / US$ equivalent
01/01/23;Global;maize;1783,039323;1850,418369;47,76851622;5,394358287;Synthetic price index / US$ equivalent
01/02/23;Global;maize;1903,51557;1886,351956;52,11410659;9,097185181;Synthetic price index / US$ equivalent
01/03/23;Global;maize;2176,017328;2121,704624;51,61675731;-0,954346748;Synthetic price index / US$ equivalent
01/04/23;Global;maize;1846,869446;1820,620904;53,15915803;2,98817826;Synthetic price index / US$ equivalent
01/05/23;Global;maize;2012,161973;2028,102298;54,50571076;2,533058794;Synthetic price index / US$ equivalent
01/06/23;Global;maize;1993,889138;1951,14858;56,21150349;3,12956699;Synthetic price index / US$ equivalent
01/07/23;Global;maize;1901,805589;1918,110558;61,19232034;8,86084971;Synthetic price index / US$ equivalent
01/08/23;Global;maize;1905,098027;1895,444585;61,30837808;0,18966063;Synthetic price index / US$ equivalent
01/09/23;Global;maize;1917,694996;1852,968369;58,88933802;-3,945692477;Synthetic price index / US$ equivalent
01/10/23;Global;maize;1904,446174;1845,176638;59,97640682;1,845951825;Synthetic price index / US$ equivalent
01/11/23;Global;maize;2056,752656;2088,984666;60,35883435;0,637629939;Synthetic price index / US$ equivalent
01/12/23;Global;maize;1989,230884;1833,301586;63,74956143;5,617615235;Synthetic price index / US$ equivalent
01/01/24;Global;maize;1755,691038;1708,709183;61,49859455;-3,530952725;Synthetic price index / US$ equivalent
01/02/24;Global;maize;1795,570118;1876,930967;59,33189643;-3,523166888;Synthetic price index / US$ equivalent
01/03/24;Global;maize;1791,557705;1732,709802;60,35760258;1,728760095;Synthetic price index / US$ equivalent
01/04/24;Global;maize;1834,555691;1758,709797;60,80374379;0,73916324;Synthetic price index / US$ equivalent
01/05/24;Global;maize;1799,282816;1786,803636;61,40511565;0,98903755;Synthetic price index / US$ equivalent
01/06/24;Global;maize;1653,992821;1479,339447;62,62917831;1,993421309;Synthetic price index / US$ equivalent
01/07/24;Global;maize;1855,549689;1896,377238;60,59237008;-3,252171406;Synthetic price index / US$ equivalent
01/08/24;Global;maize;2009,566294;2001,107412;60,85091592;0,426697029;Synthetic price index / US$ equivalent
01/09/24;Global;maize;1743,133066;1864,070721;65,33570097;7,370119219;Synthetic price index / US$ equivalent
01/10/24;Global;maize;1904,088467;1866,091076;68,7878312;5,283681328;Synthetic price index / US$ equivalent
01/11/24;Global;maize;1937,78257;1901,044922;68,75799035;-0,043380998;Synthetic price index / US$ equivalent
01/12/24;Global;maize;1738,250173;1676,898539;70,63831998;2,734707067;Synthetic price index / US$ equivalent
01/01/25;Global;maize;1910,839901;1910,363669;73,83272794;4,522202632;Synthetic price index / US$ equivalent
01/02/25;Global;maize;1778,826115;1908,698447;73,35147088;-0,651820783;Synthetic price index / US$ equivalent
01/03/25;Global;maize;1819,706434;1821,312057;71,01174496;-3,18974642;Synthetic price index / US$ equivalent
01/04/25;Global;maize;1816,4252;1787,568364;75,51518503;6,341824259;Synthetic price index / US$ equivalent
01/05/25;Global;maize;1874,363878;1917,021031;77,05195756;2,035051008;Synthetic price index / US$ equivalent
01/06/25;Global;maize;1837,351148;1808,319025;77,61351048;0,728797732;Synthetic price index / US$ equivalent
01/07/25;Global;maize;1836,257721;1823,399565;81,28325503;4,728229046;Synthetic price index / US$ equivalent
01/08/25;Global;maize;1820,45906;1822,037781;81,15085307;-0,16288958;Synthetic price index / US$ equivalent
01/09/25;Global;maize;1929,072513;1900,839301;83,46193073;2,847878452;Synthetic price index / US$ equivalent
01/10/25;Global;maize;1946,929665;2011,991692;90,7584372;8,742316893;Synthetic price index / US$ equivalent
01/11/25;Global;maize;1865,605986;1842,250704;90,39638056;-0,398923399;Synthetic price index / US$ equivalent
01/12/25;Global;maize;1889,039273;1865,77036;88,20780135;-2,421091631;Synthetic price index / US$ equivalent
01/01/26;Global;maize;1814,876478;1715,392091;88,87894791;0,760869842;Synthetic price index / US$ equivalent
01/02/26;Global;maize;2043,796004;1934,250813;87,63022098;-1,404974929;Synthetic price index / US$ equivalent
01/03/26;Global;maize;1976,390127;1963,171138;87,10758247;-0,596413547;Synthetic price index / US$ equivalent
01/04/26;Global;maize;1814,485721;1790,014768;84,7222077;-2,738423803;Synthetic price index / US$ equivalent
01/05/26;Global;maize;1783,291579;1710,370034;81,24270525;-4,10695441;Synthetic price index / US$ equivalent
01/06/26;Global;maize;1644,092973;1607,451425;79,62006851;-1,997270687;Synthetic price index / US$ equivalent
01/07/26;Global;maize;1975,876401;2018,127722;78,6797759;-1,180974384;Synthetic price index / US$ equivalent
01/08/26;Global;maize;1764,468722;1738,472434;81,95141144;4,158165806;Synthetic price index / US$ equivalent
01/09/26;Global;maize;1725,420529;1740,059019;78,323594;-4,426790678;Synthetic price index / US$ equivalent
01/01/80;Global;commodity;1081,384213;1090,364476;99,13091594;;Synthetic price index / US$ equivalent
01/02/80;Global;commodity;960,4515851;945,4563649;99,39777506;0,269198678;Synthetic price index / US$ equivalent
01/03/80;Global;commodity;1042,285455;1009,688066;99,69165987;0,295665386;Synthetic price index / US$ equivalent
01/04/80;Global;commodity;1049,234532;1054,059516;96,65956501;-3,041472946;Synthetic price index / US$ equivalent
01/05/80;Global;commodity;936,3859315;985,0804631;99,53647937;2,976336959;Synthetic price index / US$ equivalent
01/06/80;Global;commodity;941,0446976;900,3639727;101,8629628;2,337317363;Synthetic price index / US$ equivalent
01/07/80;Global;commodity;1016,328839;996,8439987;98,01243441;-3,780106395;Synthetic price index / US$ equivalent
01/08/80;Global;commodity;1039,388059;1005,334615;100,7867824;2,830608219;Synthetic price index / US$ equivalent
01/09/80;Global;commodity;916,9683479;927,6004548;103,2627654;2,456654471;Synthetic price index / US$ equivalent
01/10/80;Global;commodity;1016,069794;1049,589162;96,87561625;-6,185336169;Synthetic price index / US$ equivalent
01/11/80;Global;commodity;870,5285304;879,3128357;96,92320896;0,049127641;Synthetic price index / US$ equivalent
01/12/80;Global;commodity;1105,592988;1231,222458;93,28357155;-3,755176338;Synthetic price index / US$ equivalent
01/01/81;Global;commodity;957,4785335;938,5617111;93,06032464;-0,239320714;Synthetic price index / US$ equivalent
01/02/81;Global;commodity;1070,268499;1049,159451;95,28742319;2,393177283;Synthetic price index / US$ equivalent
01/03/81;Global;commodity;935,5218157;982,9993368;99,08600652;3,986447747;Synthetic price index / US$ equivalent
01/04/81;Global;commodity;1161,756421;1158,625892;107,9149162;8,910349686;Synthetic price index / US$ equivalent
01/05/81;Global;commodity;1014,238607;944,6041227;106,1626558;-1,623742537;Synthetic price index / US$ equivalent
01/06/81;Global;commodity;985,3462004;932,7680909;107,1462398;0,926487743;Synthetic price index / US$ equivalent
01/07/81;Global;commodity;1077,746751;1050,824989;104,6645254;-2,316193676;Synthetic price index / US$ equivalent
01/08/81;Global;commodity;1106,659289;1071,931591;106,0306419;1,305233563;Synthetic price index / US$ equivalent
01/09/81;Global;commodity;1085,538021;1085,798381;102,9096645;-2,943467407;Synthetic price index / US$ equivalent
01/10/81;Global;commodity;960,5223902;911,2127406;98,7308957;-4,060618419;Synthetic price index / US$ equivalent
01/11/81;Global;commodity;988,1630464;961,5964366;97,47920175;-1,267783443;Synthetic price index / US$ equivalent
01/12/81;Global;commodity;1010,239747;967,2738943;96,79318777;-0,703754198;Synthetic price index / US$ equivalent
01/01/82;Global;commodity;1077,774952;1058,014865;94,83123249;-2,026955953;Synthetic price index / US$ equivalent
01/02/82;Global;commodity;933,2321153;993,4344272;94,78563101;-0,048086988;Synthetic price index / US$ equivalent
01/03/82;Global;commodity;1108,685195;1121,512876;95,30043599;0,543125559;Synthetic price index / US$ equivalent
01/04/82;Global;commodity;984,7454758;915,137975;97,74046079;2,560350083;Synthetic price index / US$ equivalent
01/05/82;Global;commodity;954,9073199;911,5809895;102,2553013;4,619213489;Synthetic price index / US$ equivalent
01/06/82;Global;commodity;1022,348341;1071,063194;103,9666129;1,67356754;Synthetic price index / US$ equivalent
01/07/82;Global;commodity;1001,448269;988,9780562;100,4552974;-3,377349132;Synthetic price index / US$ equivalent
01/08/82;Global;commodity;1024,52381;1015,553739;95,04552304;-5,385255408;Synthetic price index / US$ equivalent
01/09/82;Global;commodity;984,8366583;1017,492122;93,35324417;-1,780492977;Synthetic price index / US$ equivalent
01/10/82;Global;commodity;1070,17119;1064,527234;92,70589148;-0,693444237;Synthetic price index / US$ equivalent
01/11/82;Global;commodity;973,7249955;1015,278582;94,73976457;2,193898425;Synthetic price index / US$ equivalent
01/12/82;Global;commodity;1013,778728;1015,404582;90,92417478;-4,027442762;Synthetic price index / US$ equivalent
01/01/83;Global;commodity;948,2667705;975,1233697;91,04436013;0,132181951;Synthetic price index / US$ equivalent
01/02/83;Global;commodity;1051,062051;1096,705678;92,38370657;1,471092157;Synthetic price index / US$ equivalent
01/03/83;Global;commodity;1031,431619;978,8614463;91,48675901;-0,970893673;Synthetic price index / US$ equivalent
01/04/83;Global;commodity;1050,797208;1056,517002;95,57526976;4,468964466;Synthetic price index / US$ equivalent
01/05/83;Global;commodity;934,7315156;944,4442133;94,49124657;-1,134208872;Synthetic price index / US$ equivalent
01/06/83;Global;commodity;1017,540883;1007,718759;94,36912535;-0,129240778;Synthetic price index / US$ equivalent
01/07/83;Global;commodity;995,5830412;1041,893544;97,55807302;3,379227749;Synthetic price index / US$ equivalent
01/08/83;Global;commodity;1020,924686;940,0377306;100,6312734;3,150124101;Synthetic price index / US$ equivalent
01/09/83;Global;commodity;1021,522322;1063,611459;103,4615651;2,812536913;Synthetic price index / US$ equivalent
01/10/83;Global;commodity;1019,91258;942,6287494;108,4749038;4,845604934;Synthetic price index / US$ equivalent
01/11/83;Global;commodity;1057,186362;1116,221576;114,0246813;5,116185656;Synthetic price index / US$ equivalent
01/12/83;Global;commodity;948,650441;922,3470049;112,4287327;-1,399651875;Synthetic price index / US$ equivalent
01/01/84;Global;commodity;1074,966983;1054,469913;110,5503244;-1,670754653;Synthetic price index / US$ equivalent
01/02/84;Global;commodity;1070,873947;1088,977371;102,2773129;-7,483480048;Synthetic price index / US$ equivalent
01/03/84;Global;commodity;1135,48213;1141,582233;103,6617253;1,353586911;Synthetic price index / US$ equivalent
01/04/84;Global;commodity;1094,287748;1045,058839;106,5848019;2,819822466;Synthetic price index / US$ equivalent
01/05/84;Global;commodity;1008,40698;1036,533738;103,099139;-3,270318866;Synthetic price index / US$ equivalent
01/06/84;Global;commodity;1031,4637;1082,565476;98,15982621;-4,790838046;Synthetic price index / US$ equivalent
01/07/84;Global;commodity;1117,178904;1193,854746;99,05503746;0,911993508;Synthetic price index / US$ equivalent
01/08/84;Global;commodity;994,9670359;1000,064272;101,287284;2,253541699;Synthetic price index / US$ equivalent
01/09/84;Global;commodity;1057,433179;977,8088913;103,6145898;2,2977275;Synthetic price index / US$ equivalent
01/10/84;Global;commodity;1083,757416;1082,621822;111,0403115;7,166675728;Synthetic price index / US$ equivalent
01/11/84;Global;commodity;1053,017897;1098,24705;111,589971;0,495008963;Synthetic price index / US$ equivalent
01/12/84;Global;commodity;1125,577748;1157,640148;115,0307775;3,083437034;Synthetic price index / US$ equivalent
01/01/85;Global;commodity;1059,802201;945,7468111;113,7908528;-1,0779069;Synthetic price index / US$ equivalent
01/02/85;Global;commodity;1030,969515;993,9529851;113,0770332;-0,627308349;Synthetic price index / US$ equivalent
01/03/85;Global;commodity;1141,298572;1133,185541;113,2807197;0,180130665;Synthetic price index / US$ equivalent
01/04/85;Global;commodity;1043,566476;1044,40807;107,1414888;-5,419484363;Synthetic price index / US$ equivalent
01/05/85;Global;commodity;1113,266601;1096,154781;108,1284339;0,921160508;Synthetic price index / US$ equivalent
01/06/85;Global;commodity;1063,288859;980,5679104;99,54119809;-7,941699936;Synthetic price index / US$ equivalent
01/07/85;Global;commodity;1102,41107;1053,236218;97,21897076;-2,332930864;Synthetic price index / US$ equivalent
01/08/85;Global;commodity;1044,502965;999,5110698;96,61231697;-0,624007627;Synthetic price index / US$ equivalent
01/09/85;Global;commodity;1132,950415;1089,377996;97,27789403;0,688915333;Synthetic price index / US$ equivalent
01/10/85;Global;commodity;887,0751467;860,4506395;96,17115848;-1,137705088;Synthetic price index / US$ equivalent
01/11/85;Global;commodity;1122,435161;1084,941934;97,63671897;1,523908533;Synthetic price index / US$ equivalent
01/12/85;Global;commodity;1144,533379;1208,309685;97,22325758;-0,423469156;Synthetic price index / US$ equivalent
01/01/86;Global;commodity;1076,39103;1111,864855;97,95396735;0,751579183;Synthetic price index / US$ equivalent
01/02/86;Global;commodity;1109,283725;1065,174473;99,74337209;1,826781283;Synthetic price index / US$ equivalent
01/03/86;Global;commodity;1212,286739;1244,903952;97,66944348;-2,079264578;Synthetic price index / US$ equivalent
01/04/86;Global;commodity;1175,233857;1146,97251;98,25056357;0,594986583;Synthetic price index / US$ equivalent
01/05/86;Global;commodity;1060,506571;1035,336288;98,43538452;0,188111852;Synthetic price index / US$ equivalent
01/06/86;Global;commodity;991,3949598;951,8820171;94,67389607;-3,821276738;Synthetic price index / US$ equivalent
01/07/86;Global;commodity;1056,415298;947,9894497;94,88253841;0,220380008;Synthetic price index / US$ equivalent
01/08/86;Global;commodity;1030,372106;970,1509842;94,10043452;-0,82428643;Synthetic price index / US$ equivalent
01/09/86;Global;commodity;1165,063771;1163,247367;96,03312732;2,053861711;Synthetic price index / US$ equivalent
01/10/86;Global;commodity;1114,346439;1080,951202;100,4330608;4,581683046;Synthetic price index / US$ equivalent
01/11/86;Global;commodity;991,1976045;961,1445431;95,67367379;-4,73886487;Synthetic price index / US$ equivalent
01/12/86;Global;commodity;1089,958603;1038,45537;100,0309941;4,554356635;Synthetic price index / US$ equivalent
01/01/87;Global;commodity;998,9139616;976,9961573;96,69622339;-3,333737453;Synthetic price index / US$ equivalent
01/02/87;Global;commodity;1041,256678;1050,309312;97,19955053;0,52052409;Synthetic price index / US$ equivalent
01/03/87;Global;commodity;1034,973161;1023,644644;95,22095924;-2,035597157;Synthetic price index / US$ equivalent
01/04/87;Global;commodity;1062,455393;1174,229022;94,03612836;-1,24429631;Synthetic price index / US$ equivalent
01/05/87;Global;commodity;1052,53086;1096,266272;93,96238549;-0,078419719;Synthetic price index / US$ equivalent
01/06/87;Global;commodity;1113,435293;1139,974309;88,11922746;-6,218613974;Synthetic price index / US$ equivalent
01/07/87;Global;commodity;1086,773697;1070,809733;83,33094127;-5,433872174;Synthetic price index / US$ equivalent
01/08/87;Global;commodity;1000,422615;1002,632802;80,85544916;-2,970675808;Synthetic price index / US$ equivalent
01/09/87;Global;commodity;976,7911535;1007,992568;80,69575353;-0,197507569;Synthetic price index / US$ equivalent
01/10/87;Global;commodity;1123,060123;1100,277768;78,832579;-2,308887952;Synthetic price index / US$ equivalent
01/11/87;Global;commodity;1050,799987;1017,761977;80,28093937;1,837261187;Synthetic price index / US$ equivalent
01/12/87;Global;commodity;1031,508773;1074,170141;86,29570215;7,492142991;Synthetic price index / US$ equivalent
01/01/88;Global;commodity;1066,816478;1037,840893;91,43459143;5,954977074;Synthetic price index / US$ equivalent
01/02/88;Global;commodity;1018,016756;997,2066506;91,78363312;0,381739216;Synthetic price index / US$ equivalent
01/03/88;Global;commodity;975,795444;943,9396646;90,91192406;-0,949743462;Synthetic price index / US$ equivalent
01/04/88;Global;commodity;1115,586985;1035,744749;85,33044993;-6,139430213;Synthetic price index / US$ equivalent
01/05/88;Global;commodity;1055,082317;1017,321875;87,15253197;2,135324538;Synthetic price index / US$ equivalent
01/06/88;Global;commodity;1069,188338;1027,524995;86,34035112;-0,931907341;Synthetic price index / US$ equivalent
01/07/88;Global;commodity;983,6016389;953,2636038;86,19269528;-0,171016033;Synthetic price index / US$ equivalent
01/08/88;Global;commodity;1103,613991;1087,383106;90,13147581;4,569738208;Synthetic price index / US$ equivalent
01/09/88;Global;commodity;1015,618154;1018,518167;89,66697832;-0,515355464;Synthetic price index / US$ equivalent
01/10/88;Global;commodity;1079,133129;1123,054658;96,52757265;7,651193842;Synthetic price index / US$ equivalent
01/11/88;Global;commodity;1071,81292;990,7565975;99,41452511;2,990806033;Synthetic price index / US$ equivalent
01/12/88;Global;commodity;1145,967336;1122,809841;95,35291782;-4,08552703;Synthetic price index / US$ equivalent
01/01/89;Global;commodity;1054,520017;1060,738623;97,73530352;2,498492716;Synthetic price index / US$ equivalent
01/02/89;Global;commodity;1032,851689;1051,672205;99,25809823;1,5580805;Synthetic price index / US$ equivalent
01/03/89;Global;commodity;1045,626921;1051,196032;91,00558324;-8,314198176;Synthetic price index / US$ equivalent
01/04/89;Global;commodity;1125,477206;1154,683801;85,79195103;-5,728914665;Synthetic price index / US$ equivalent
01/05/89;Global;commodity;1121,013771;1136,917995;89,07513601;3,826914924;Synthetic price index / US$ equivalent
01/06/89;Global;commodity;1085,396091;1058,972337;97,46684715;9,420935533;Synthetic price index / US$ equivalent
01/07/89;Global;commodity;1041,445514;1024,934561;94,47498704;-3,069618229;Synthetic price index / US$ equivalent
01/08/89;Global;commodity;1228,395998;1325,017283;99,87404684;5,714803428;Synthetic price index / US$ equivalent
01/09/89;Global;commodity;1254,485334;1313,074075;99,76343675;-0,110749583;Synthetic price index / US$ equivalent
01/10/89;Global;commodity;1298,202836;1328,772219;104,6508145;4,898966905;Synthetic price index / US$ equivalent
01/11/89;Global;commodity;1160,640419;1286,33411;105,1652771;0,491599204;Synthetic price index / US$ equivalent
01/12/89;Global;commodity;1194,750643;1163,733196;103,6479939;-1,442760576;Synthetic price index / US$ equivalent
01/01/90;Global;commodity;1314,529157;1275,85447;96,48507288;-6,910814926;Synthetic price index / US$ equivalent
01/02/90;Global;commodity;1015,081916;1020,674564;98,21052991;1,788315003;Synthetic price index / US$ equivalent
01/03/90;Global;commodity;1181,301683;1243,868885;95,87417366;-2,378926429;Synthetic price index / US$ equivalent
01/04/90;Global;commodity;1192,317477;1140,154008;95,85703306;-0,017878221;Synthetic price index / US$ equivalent
01/05/90;Global;commodity;1251,166672;1251,15444;93,21657054;-2,754584033;Synthetic price index / US$ equivalent
01/06/90;Global;commodity;1312,993206;1331,461961;96,98892186;4,046867737;Synthetic price index / US$ equivalent
01/07/90;Global;commodity;1141,566376;1116,828923;98,0819723;1,126984838;Synthetic price index / US$ equivalent
01/08/90;Global;commodity;1236,743412;1065,523469;98,37678072;0,300573499;Synthetic price index / US$ equivalent
01/09/90;Global;commodity;1211,357695;1247,334538;104,1455743;5,863978859;Synthetic price index / US$ equivalent
01/10/90;Global;commodity;1138,306812;1153,944075;101,2408469;-2,789103072;Synthetic price index / US$ equivalent
01/11/90;Global;commodity;1101,886906;1086,362284;104,5101589;3,229241986;Synthetic price index / US$ equivalent
01/12/90;Global;commodity;1076,725904;1148,175676;102,4213664;-1,998650161;Synthetic price index / US$ equivalent
01/01/91;Global;commodity;1265,583768;1243,452439;105,7178174;3,218518839;Synthetic price index / US$ equivalent
01/02/91;Global;commodity;1123,08208;1102,34691;106,6740874;0,90454952;Synthetic price index / US$ equivalent
01/03/91;Global;commodity;1270,674803;1215,089878;106,8410947;0,156558433;Synthetic price index / US$ equivalent
01/04/91;Global;commodity;1235,115182;1241,207147;108,2909367;1,357007806;Synthetic price index / US$ equivalent
01/05/91;Global;commodity;1188,357224;1162,618997;114,1892107;5,446692249;Synthetic price index / US$ equivalent
01/06/91;Global;commodity;1198,067349;1192,34498;119,2352051;4,41897653;Synthetic price index / US$ equivalent
01/07/91;Global;commodity;1225,747724;1231,351327;112,5119194;-5,638674991;Synthetic price index / US$ equivalent
01/08/91;Global;commodity;1180,394145;1127,755122;111,6349853;-0,779414461;Synthetic price index / US$ equivalent
01/09/91;Global;commodity;1149,782208;1210,976033;115,8873863;3,809201036;Synthetic price index / US$ equivalent
01/10/91;Global;commodity;1249,077226;1342,115698;112,1357047;-3,237351122;Synthetic price index / US$ equivalent
01/11/91;Global;commodity;1169,911789;1143,168153;110,1965956;-1,729252135;Synthetic price index / US$ equivalent
01/12/91;Global;commodity;1090,273435;1054,557095;113,507706;3,004730204;Synthetic price index / US$ equivalent
01/01/92;Global;commodity;1205,457171;1235,662884;115,3194864;1,596173937;Synthetic price index / US$ equivalent
01/02/92;Global;commodity;1132,555069;1137,61045;115,1556268;-0,142091859;Synthetic price index / US$ equivalent
01/03/92;Global;commodity;1198,397011;1217,387466;116,6552586;1,302265318;Synthetic price index / US$ equivalent
01/04/92;Global;commodity;1175,745084;1124,351489;115,6478279;-0,863596454;Synthetic price index / US$ equivalent
01/05/92;Global;commodity;1109,90643;1157,229925;120,1951476;3,932040709;Synthetic price index / US$ equivalent
01/06/92;Global;commodity;1249,814252;1268,973169;121,2864782;0,907965613;Synthetic price index / US$ equivalent
01/07/92;Global;commodity;1165,477028;1133,006781;119,1351646;-1,77374562;Synthetic price index / US$ equivalent
01/08/92;Global;commodity;1152,549124;1147,307745;115,2026583;-3,300877953;Synthetic price index / US$ equivalent
01/09/92;Global;commodity;1106,229306;1170,187203;117,1163249;1,661130593;Synthetic price index / US$ equivalent
01/10/92;Global;commodity;1163,143773;1189,549621;121,0260467;3,338323542;Synthetic price index / US$ equivalent
01/11/92;Global;commodity;1207,27144;1266,454727;126,2322654;4,30173409;Synthetic price index / US$ equivalent
01/12/92;Global;commodity;1174,340497;1148,376453;128,9834195;2,179438107;Synthetic price index / US$ equivalent
01/01/93;Global;commodity;1183,891833;1180,482418;130,3586597;1,066214746;Synthetic price index / US$ equivalent
01/02/93;Global;commodity;1163,762775;1188,805439;127,9246884;-1,867134395;Synthetic price index / US$ equivalent
01/03/93;Global;commodity;1267,172044;1318,584333;129,2409345;1,02892268;Synthetic price index / US$ equivalent
01/04/93;Global;commodity;1068,735362;1053,38561;128,9632884;-0,214828326;Synthetic price index / US$ equivalent
01/05/93;Global;commodity;1165,320199;1135,203523;129,9575566;0,770969974;Synthetic price index / US$ equivalent
01/06/93;Global;commodity;1205,480716;1224,183295;132,5569303;2,000171272;Synthetic price index / US$ equivalent
01/07/93;Global;commodity;1162,364092;1150,574568;133,3611062;0,606664537;Synthetic price index / US$ equivalent
01/08/93;Global;commodity;1203,284583;1264,958931;137,1689442;2,855283779;Synthetic price index / US$ equivalent
01/09/93;Global;commodity;1188,508252;1169,714542;136,1978113;-0,707983055;Synthetic price index / US$ equivalent
01/10/93;Global;commodity;1142,844255;1166,920423;130,976953;-3,833290904;Synthetic price index / US$ equivalent
01/11/93;Global;commodity;1175,20715;1176,21231;129,6251954;-1,032057613;Synthetic price index / US$ equivalent
01/12/93;Global;commodity;1229,956853;1184,60848;133,0545374;2,645582896;Synthetic price index / US$ equivalent
01/01/94;Global;commodity;1260,893599;1191,531877;131,9274388;-0,8470952;Synthetic price index / US$ equivalent
01/02/94;Global;commodity;1181,024617;1160,621967;128,132996;-2,876158923;Synthetic price index / US$ equivalent
01/03/94;Global;commodity;1185,291774;1101,009925;133,0423755;3,831471729;Synthetic price index / US$ equivalent
01/04/94;Global;commodity;1098,438201;1101,770599;126,6126983;-4,832803975;Synthetic price index / US$ equivalent
01/05/94;Global;commodity;1210,146647;1177,472437;132,1439488;4,368638048;Synthetic price index / US$ equivalent
01/06/94;Global;commodity;1182,848981;1150,450532;128,9763887;-2,397052734;Synthetic price index / US$ equivalent
01/07/94;Global;commodity;1229,057444;1154,279091;125,6299201;-2,594636619;Synthetic price index / US$ equivalent
01/08/94;Global;commodity;1119,266284;1133,449165;124,6549242;-0,776085692;Synthetic price index / US$ equivalent
01/09/94;Global;commodity;1261,514292;1192,316271;126,2444696;1,275156473;Synthetic price index / US$ equivalent
01/10/94;Global;commodity;1198,72824;1161,844565;121,85845;-3,474227086;Synthetic price index / US$ equivalent
01/11/94;Global;commodity;1244,138451;1244,772122;116,4245115;-4,4592218;Synthetic price index / US$ equivalent
01/12/94;Global;commodity;1240,887371;1176,798176;111,0209032;-4,64129774;Synthetic price index / US$ equivalent
01/01/95;Global;commodity;1226,60195;1296,065389;109,8687915;-1,03774309;Synthetic price index / US$ equivalent
01/02/95;Global;commodity;1228,395216;1268,824543;111,2937546;1,296968029;Synthetic price index / US$ equivalent
01/03/95;Global;commodity;1317,932362;1266,059764;111,1881601;-0,094879115;Synthetic price index / US$ equivalent
01/04/95;Global;commodity;1210,626962;1235,513197;111,972726;0,705620073;Synthetic price index / US$ equivalent
01/05/95;Global;commodity;1358,943259;1324,019135;110,168998;-1,610863748;Synthetic price index / US$ equivalent
01/06/95;Global;commodity;1281,186504;1281,059755;116,7785633;5,99947844;Synthetic price index / US$ equivalent
01/07/95;Global;commodity;1184,986112;1212,901643;114,9642939;-1,55359797;Synthetic price index / US$ equivalent
01/08/95;Global;commodity;1134,697544;1115,496727;118,83568;3,367468316;Synthetic price index / US$ equivalent
01/09/95;Global;commodity;1396,87422;1426,947704;120,6469816;1,524206852;Synthetic price index / US$ equivalent
01/10/95;Global;commodity;1212,173504;1113,763744;136,8398618;13,42170351;Synthetic price index / US$ equivalent
01/11/95;Global;commodity;1157,430676;1208,923091;141,8320873;3,648224623;Synthetic price index / US$ equivalent
01/12/95;Global;commodity;1143,172911;1160,303024;149,5023973;5,408021677;Synthetic price index / US$ equivalent
01/01/96;Global;commodity;1185,310567;1150,428012;147,9036628;-1,069370481;Synthetic price index / US$ equivalent
01/02/96;Global;commodity;1089,331489;1103,334036;146,6803434;-0,827105581;Synthetic price index / US$ equivalent
01/03/96;Global;commodity;1308,731627;1213,874095;143,8235016;-1,947665089;Synthetic price index / US$ equivalent
01/04/96;Global;commodity;1286,282519;1319,176501;145,5217498;1,180786356;Synthetic price index / US$ equivalent
01/05/96;Global;commodity;1188,861021;1139,123866;147,7158771;1,507765892;Synthetic price index / US$ equivalent
01/06/96;Global;commodity;1282,117589;1250,486647;147,6668074;-0,03321899;Synthetic price index / US$ equivalent
01/07/96;Global;commodity;1186,77808;1180,24231;141,8774666;-3,920543066;Synthetic price index / US$ equivalent
01/08/96;Global;commodity;1383,170091;1422,503484;138,7834396;-2,180774106;Synthetic price index / US$ equivalent
01/09/96;Global;commodity;1239,148373;1312,113278;133,9430914;-3,487698702;Synthetic price index / US$ equivalent
01/10/96;Global;commodity;1295,927494;1363,119052;135,0838362;0,851663789;Synthetic price index / US$ equivalent
01/11/96;Global;commodity;1337,242541;1345,001993;138,9019155;2,826451678;Synthetic price index / US$ equivalent
01/12/96;Global;commodity;1219,788967;1169,556281;137,4908682;-1,015858831;Synthetic price index / US$ equivalent
01/01/97;Global;commodity;1267,434138;1250,741253;139,6305256;1,556217834;Synthetic price index / US$ equivalent
01/02/97;Global;commodity;1279,139294;1238,209147;136,4071944;-2,308471719;Synthetic price index / US$ equivalent
01/03/97;Global;commodity;1254,685361;1214,924469;135,2649937;-0,837346348;Synthetic price index / US$ equivalent
01/04/97;Global;commodity;1239,024031;1137,72505;135,5542792;0,213865727;Synthetic price index / US$ equivalent
01/05/97;Global;commodity;1239,644625;1259,048257;131,2782281;-3,154493606;Synthetic price index / US$ equivalent
01/06/97;Global;commodity;1295,132227;1259,542191;134,6774101;2,589296034;Synthetic price index / US$ equivalent
01/07/97;Global;commodity;1132,16367;1172,519174;137,3673304;1,997306239;Synthetic price index / US$ equivalent
01/08/97;Global;commodity;1324,501788;1286,412353;130,5442263;-4,967050091;Synthetic price index / US$ equivalent
01/09/97;Global;commodity;1239,395791;1293,800001;131,938344;1,067927528;Synthetic price index / US$ equivalent
01/10/97;Global;commodity;1536,362966;1505,629676;130,299649;-1,242015722;Synthetic price index / US$ equivalent
01/11/97;Global;commodity;1295,452408;1346,340784;129,4625478;-0,642443206;Synthetic price index / US$ equivalent
01/12/97;Global;commodity;1304,812338;1198,800663;132,1593551;2,083079127;Synthetic price index / US$ equivalent
01/01/98;Global;commodity;1336,734673;1486,227317;126,7814239;-4,069277725;Synthetic price index / US$ equivalent
01/02/98;Global;commodity;1098,049159;1121,252665;126,2294379;-0,435383954;Synthetic price index / US$ equivalent
01/03/98;Global;commodity;1197,979847;1222,499958;129,3911016;2,504696038;Synthetic price index / US$ equivalent
01/04/98;Global;commodity;1302,983001;1293,609328;128,3037458;-0,840363699;Synthetic price index / US$ equivalent
01/05/98;Global;commodity;1185,085166;1126,031334;137,0060791;6,782602655;Synthetic price index / US$ equivalent
01/06/98;Global;commodity;1358,952302;1350,230212;140,3806965;2,463115142;Synthetic price index / US$ equivalent
01/07/98;Global;commodity;1272,614651;1255,965266;138,3773818;-1,427058551;Synthetic price index / US$ equivalent
01/08/98;Global;commodity;1342,905087;1343,936058;137,7066398;-0,484719375;Synthetic price index / US$ equivalent
01/09/98;Global;commodity;1364,613193;1322,852338;139,4859105;1,292073289;Synthetic price index / US$ equivalent
01/10/98;Global;commodity;1389,850957;1354,212427;141,6037891;1,518345859;Synthetic price index / US$ equivalent
01/11/98;Global;commodity;1140,258054;1112,696682;140,8664891;-0,520678174;Synthetic price index / US$ equivalent
01/12/98;Global;commodity;1191,360965;1174,153288;135,5451271;-3,777592534;Synthetic price index / US$ equivalent
01/01/99;Global;commodity;1180,465167;1215,420314;135,9455639;0,295426905;Synthetic price index / US$ equivalent
01/02/99;Global;commodity;1319,696587;1305,101886;134,4438861;-1,104616932;Synthetic price index / US$ equivalent
01/03/99;Global;commodity;1142,375281;1120,358192;135,4570414;0,753589719;Synthetic price index / US$ equivalent
01/04/99;Global;commodity;1291,584002;1216,274906;132,3454314;-2,297119447;Synthetic price index / US$ equivalent
01/05/99;Global;commodity;1170,913189;1181,155165;141,2015962;6,691704242;Synthetic price index / US$ equivalent
01/06/99;Global;commodity;1143,300626;1157,014457;142,4664708;0,895793351;Synthetic price index / US$ equivalent
01/07/99;Global;commodity;1280,092533;1284,087733;139,2055213;-2,288924183;Synthetic price index / US$ equivalent
01/08/99;Global;commodity;1232,545318;1200,171954;132,624815;-4,727331327;Synthetic price index / US$ equivalent
01/09/99;Global;commodity;1295,047828;1258,57166;139,9603395;5,531034652;Synthetic price index / US$ equivalent
01/10/99;Global;commodity;1222,946012;1145,165807;138,3908209;-1,121402416;Synthetic price index / US$ equivalent
01/11/99;Global;commodity;1327,107143;1220,331228;140,1702349;1,28578903;Synthetic price index / US$ equivalent
01/12/99;Global;commodity;1253,707324;1302,396216;150,6835023;7,500356573;Synthetic price index / US$ equivalent
01/01/00;Global;commodity;1422,558998;1304,061878;141,3729367;-6,178888516;Synthetic price index / US$ equivalent
01/02/00;Global;commodity;1338,236953;1257,796606;138,6415204;-1,932064507;Synthetic price index / US$ equivalent
01/03/00;Global;commodity;1379,04817;1340,467641;132,5720955;-4,377782928;Synthetic price index / US$ equivalent
01/04/00;Global;commodity;1355,92587;1326,074879;132,3360014;-0,178087365;Synthetic price index / US$ equivalent
01/05/00;Global;commodity;1259,539833;1236,613734;135,5014438;2,391973707;Synthetic price index / US$ equivalent
01/06/00;Global;commodity;1465,705868;1423,724703;129,3947704;-4,506721948;Synthetic price index / US$ equivalent
01/07/00;Global;commodity;1299,731652;1228,909421;133,6826768;3,313817353;Synthetic price index / US$ equivalent
01/08/00;Global;commodity;1274,172135;1361,075683;136,2597968;1,927789033;Synthetic price index / US$ equivalent
01/09/00;Global;commodity;1411,989568;1439,990378;132,6553244;-2,64529409;Synthetic price index / US$ equivalent
01/10/00;Global;commodity;1272,942335;1223,877426;125,5013508;-5,392903467;Synthetic price index / US$ equivalent
01/11/00;Global;commodity;1387,569317;1418,18094;118,7847531;-5,351813102;Synthetic price index / US$ equivalent
01/12/00;Global;commodity;1372,506641;1328,374933;119,7198748;0,787240492;Synthetic price index / US$ equivalent
01/01/01;Global;commodity;1205,186463;1248,988963;109,4373114;-8,588852443;Synthetic price index / US$ equivalent
01/02/01;Global;commodity;1367,819795;1408,389324;103,9878927;-4,979488828;Synthetic price index / US$ equivalent
01/03/01;Global;commodity;1425,33999;1412,289654;110,8356753;6,585172924;Synthetic price index / US$ equivalent
01/04/01;Global;commodity;1528,590245;1473,158284;112,0888297;1,130641762;Synthetic price index / US$ equivalent
01/05/01;Global;commodity;1432,73407;1423,953564;112,5852145;0,44284945;Synthetic price index / US$ equivalent
01/06/01;Global;commodity;1406,219876;1396,000712;109,7917397;-2,481209236;Synthetic price index / US$ equivalent
01/07/01;Global;commodity;1431,025561;1424,745276;110,8812751;0,992365546;Synthetic price index / US$ equivalent
01/08/01;Global;commodity;1343,900181;1357,36903;111,113903;0,209799054;Synthetic price index / US$ equivalent
01/09/01;Global;commodity;1376,754529;1389,064733;105,3208521;-5,213614821;Synthetic price index / US$ equivalent
01/10/01;Global;commodity;1644,958701;1622,254444;106,2664268;0,897803923;Synthetic price index / US$ equivalent
01/11/01;Global;commodity;1410,012735;1486,549048;105,5297972;-0,693191241;Synthetic price index / US$ equivalent
01/12/01;Global;commodity;1341,730195;1420,09043;103,2554363;-2,15518365;Synthetic price index / US$ equivalent
01/01/02;Global;commodity;1392,7816;1477,691519;102,0534075;-1,164131287;Synthetic price index / US$ equivalent
01/02/02;Global;commodity;1453,289146;1355,878903;99,12119244;-2,873216188;Synthetic price index / US$ equivalent
01/03/02;Global;commodity;1450,45505;1402,19821;100,9714017;1,866613165;Synthetic price index / US$ equivalent
01/04/02;Global;commodity;1434,284163;1402,399855;105,3156395;4,302443816;Synthetic price index / US$ equivalent
01/05/02;Global;commodity;1395,956348;1350,980662;105,6945179;0,359755072;Synthetic price index / US$ equivalent
01/06/02;Global;commodity;1509,830419;1529,075351;106,3516613;0,621738444;Synthetic price index / US$ equivalent
01/07/02;Global;commodity;1317,283174;1336,3745;110,1457482;3,567491861;Synthetic price index / US$ equivalent
01/08/02;Global;commodity;1402,075995;1451,012054;116,9676577;6,193529584;Synthetic price index / US$ equivalent
01/09/02;Global;commodity;1578,167694;1558,493488;114,6817778;-1,954283729;Synthetic price index / US$ equivalent
01/10/02;Global;commodity;1427,492874;1442,525983;114,2112244;-0,410312255;Synthetic price index / US$ equivalent
01/11/02;Global;commodity;1227,033588;1223,237748;122,7983837;7,518664939;Synthetic price index / US$ equivalent
01/12/02;Global;commodity;1468,757378;1415,973352;124,1255384;1,080759114;Synthetic price index / US$ equivalent
01/01/03;Global;commodity;1322,340975;1429,541745;126,6237698;2,012665155;Synthetic price index / US$ equivalent
01/02/03;Global;commodity;1262,337485;1209,399342;125,4600872;-0,919008074;Synthetic price index / US$ equivalent
01/03/03;Global;commodity;1334,093476;1258,532791;123,9148079;-1,231689934;Synthetic price index / US$ equivalent
01/04/03;Global;commodity;1568,610765;1579,152255;122,2439343;-1,348405113;Synthetic price index / US$ equivalent
01/05/03;Global;commodity;1367,491198;1343,461254;124,459685;1,812564983;Synthetic price index / US$ equivalent
01/06/03;Global;commodity;1290,095378;1277,795617;129,9085001;4,377975936;Synthetic price index / US$ equivalent
01/07/03;Global;commodity;1389,743217;1343,048855;127,255221;-2,04242145;Synthetic price index / US$ equivalent
01/08/03;Global;commodity;1354,487511;1264,640379;124,6757703;-2,026990114;Synthetic price index / US$ equivalent
01/09/03;Global;commodity;1451,37805;1552,322235;122,3056129;-1,901056916;Synthetic price index / US$ equivalent
01/10/03;Global;commodity;1485,706314;1431,020747;119,1336006;-2,593513259;Synthetic price index / US$ equivalent
01/11/03;Global;commodity;1421,259724;1458,929179;117,3692678;-1,480969942;Synthetic price index / US$ equivalent
01/12/03;Global;commodity;1462,172344;1393,264958;114,6757236;-2,294931451;Synthetic price index / US$ equivalent
01/01/04;Global;commodity;1491,949078;1454,615392;115,9642363;1,123614224;Synthetic price index / US$ equivalent
01/02/04;Global;commodity;1507,084899;1360,720486;109,9724655;-5,166912688;Synthetic price index / US$ equivalent
01/03/04;Global;commodity;1381,359212;1385,922293;102,2595614;-7,013486529;Synthetic price index / US$ equivalent
01/04/04;Global;commodity;1352,14733;1405,144785;100,06556;-2,145522091;Synthetic price index / US$ equivalent
01/05/04;Global;commodity;1391,133961;1355,094539;102,0996184;2,032725839;Synthetic price index / US$ equivalent
01/06/04;Global;commodity;1431,493271;1356,524982;103,5405267;1,411276793;Synthetic price index / US$ equivalent
01/07/04;Global;commodity;1478,955983;1478,158326;108,178912;4,47977759;Synthetic price index / US$ equivalent
01/08/04;Global;commodity;1441,95724;1516,416967;110,2775752;1,93999288;Synthetic price index / US$ equivalent
01/09/04;Global;commodity;1443,929358;1352,763933;111,2148803;0,849950778;Synthetic price index / US$ equivalent
01/10/04;Global;commodity;1566,863893;1571,813962;118,6938201;6,724765462;Synthetic price index / US$ equivalent
01/11/04;Global;commodity;1678,183754;1534,207929;113,5279294;-4,352282786;Synthetic price index / US$ equivalent
01/12/04;Global;commodity;1643,132746;1560,182904;115,9055296;2,094286571;Synthetic price index / US$ equivalent
01/01/05;Global;commodity;1477,576423;1379,394919;118,4602248;2,204118466;Synthetic price index / US$ equivalent
01/02/05;Global;commodity;1680,304339;1612,219676;119,3127424;0,719665675;Synthetic price index / US$ equivalent
01/03/05;Global;commodity;1462,439297;1522,666319;113,6740522;-4,725974806;Synthetic price index / US$ equivalent
01/04/05;Global;commodity;1609,649493;1417,903957;107,8362857;-5,135531301;Synthetic price index / US$ equivalent
01/05/05;Global;commodity;1474,404751;1356,339341;108,8568124;0,946366712;Synthetic price index / US$ equivalent
01/06/05;Global;commodity;1519,293932;1550,531866;107,8635957;-0,912406551;Synthetic price index / US$ equivalent
01/07/05;Global;commodity;1771,252715;1830,129846;106,2530751;-1,493108547;Synthetic price index / US$ equivalent
01/08/05;Global;commodity;1572,347897;1531,84403;106,0104235;-0,228371441;Synthetic price index / US$ equivalent
01/09/05;Global;commodity;1539,16415;1523,516255;109,2624356;3,067634359;Synthetic price index / US$ equivalent
01/10/05;Global;commodity;1701,800639;1631,15552;119,0448109;8,953100142;Synthetic price index / US$ equivalent
01/11/05;Global;commodity;1631,60076;1693,2749;117,2295465;-1,524858058;Synthetic price index / US$ equivalent
01/12/05;Global;commodity;1558,700324;1563,436425;114,5095379;-2,320241561;Synthetic price index / US$ equivalent
01/01/06;Global;commodity;1823,334814;1787,572408;115,9653412;1,27133808;Synthetic price index / US$ equivalent
01/02/06;Global;commodity;1648,544595;1608,927941;110,8372672;-4,422074691;Synthetic price index / US$ equivalent
01/03/06;Global;commodity;1495,672543;1462,981045;117,2344202;5,771662474;Synthetic price index / US$ equivalent
01/04/06;Global;commodity;1452,268224;1487,012127;119,617544;2,032785055;Synthetic price index / US$ equivalent
01/05/06;Global;commodity;1619,285396;1637,186883;110,449178;-7,664733509;Synthetic price index / US$ equivalent
01/06/06;Global;commodity;1498,424841;1458,518231;108,6551153;-1,62433319;Synthetic price index / US$ equivalent
01/07/06;Global;commodity;1702,583213;1579,67398;108,4167426;-0,219384723;Synthetic price index / US$ equivalent
01/08/06;Global;commodity;1561,448748;1471,789177;103,3338293;-4,68831031;Synthetic price index / US$ equivalent
01/09/06;Global;commodity;1684,929263;1755,15608;98,18115234;-4,986437622;Synthetic price index / US$ equivalent
01/10/06;Global;commodity;1621,807939;1562,915898;100,2330772;2,089937668;Synthetic price index / US$ equivalent
01/11/06;Global;commodity;1505,478064;1597,270493;98,71162894;-1,517910387;Synthetic price index / US$ equivalent
01/12/06;Global;commodity;1465,56506;1443,895926;97,36095073;-1,368307084;Synthetic price index / US$ equivalent
01/01/07;Global;commodity;1644,972157;1690,453745;101,0233864;3,761709007;Synthetic price index / US$ equivalent
01/02/07;Global;commodity;1563,975422;1632,864057;96,99776717;-3,984838916;Synthetic price index / US$ equivalent
01/03/07;Global;commodity;1581,397103;1561,709907;92,52911553;-4,606963401;Synthetic price index / US$ equivalent
01/04/07;Global;commodity;1414,924332;1387,840976;95,32768968;3,024533555;Synthetic price index / US$ equivalent
01/05/07;Global;commodity;1728,273831;1840,041761;92,2749487;-3,202365434;Synthetic price index / US$ equivalent
01/06/07;Global;commodity;1539,250752;1590,770311;91,66848117;-0,657239624;Synthetic price index / US$ equivalent
01/07/07;Global;commodity;1725,752014;1634,858969;85,61266109;-6,606218406;Synthetic price index / US$ equivalent
01/08/07;Global;commodity;1535,806834;1513,598097;83,30522216;-2,695207579;Synthetic price index / US$ equivalent
01/09/07;Global;commodity;1968,505276;1791,174921;86,05324152;3,298735997;Synthetic price index / US$ equivalent
01/10/07;Global;commodity;1497,317246;1450,624087;86,25931708;0,239474492;Synthetic price index / US$ equivalent
01/11/07;Global;commodity;1696,51657;1651,282197;83,52734588;-3,167160703;Synthetic price index / US$ equivalent
01/12/07;Global;commodity;1721,71738;1560,947353;85,84890622;2,77940154;Synthetic price index / US$ equivalent
01/01/08;Global;commodity;1788,788223;1761,139622;81,4268698;-5,150952551;Synthetic price index / US$ equivalent
01/02/08;Global;commodity;1711,395706;1654,51244;84,90123503;4,266853491;Synthetic price index / US$ equivalent
01/03/08;Global;commodity;1756,050377;1796,969647;84,66406184;-0,279351875;Synthetic price index / US$ equivalent
01/04/08;Global;commodity;1589,385884;1563,225768;89,87556421;6,155507142;Synthetic price index / US$ equivalent
01/05/08;Global;commodity;1765,854113;1732,65565;89,69129682;-0,205025018;Synthetic price index / US$ equivalent
01/06/08;Global;commodity;1781,796183;1690,092333;93,00633679;3,696055347;Synthetic price index / US$ equivalent
01/07/08;Global;commodity;1914,048152;1728,689915;91,1126708;-2,036061261;Synthetic price index / US$ equivalent
01/08/08;Global;commodity;1962,97707;1926,790904;85,22561145;-6,461295999;Synthetic price index / US$ equivalent
01/09/08;Global;commodity;1685,912306;1690,501222;79,55579104;-6,65271896;Synthetic price index / US$ equivalent
01/10/08;Global;commodity;1702,731752;1762,66938;85,64358433;7,65223149;Synthetic price index / US$ equivalent
01/11/08;Global;commodity;1832,808241;1842,881239;83,78071559;-2,175141023;Synthetic price index / US$ equivalent
01/12/08;Global;commodity;1668,114618;1628,566894;88,34195045;5,444253878;Synthetic price index / US$ equivalent
01/01/09;Global;commodity;1592,188172;1597,570408;92,25557262;4,430083493;Synthetic price index / US$ equivalent
01/02/09;Global;commodity;1735,43759;1762,499764;87,4832395;-5,172948343;Synthetic price index / US$ equivalent
01/03/09;Global;commodity;1673,361268;1651,564478;88,22788645;0,851188128;Synthetic price index / US$ equivalent
01/04/09;Global;commodity;1768,152051;1833,488382;83,56019256;-5,290497236;Synthetic price index / US$ equivalent
01/05/09;Global;commodity;1878,377879;1862,668124;79,23834294;-5,172139369;Synthetic price index / US$ equivalent
01/06/09;Global;commodity;1653,568094;1620,81087;81,3306806;2,640562106;Synthetic price index / US$ equivalent
01/07/09;Global;commodity;1701,349633;1704,46096;76,81606934;-5,550932591;Synthetic price index / US$ equivalent
01/08/09;Global;commodity;1567,832667;1624,907755;76,21158041;-0,786930312;Synthetic price index / US$ equivalent
01/09/09;Global;commodity;1878,21891;1886,128774;74,61709023;-2,092188833;Synthetic price index / US$ equivalent
01/10/09;Global;commodity;1759,743329;1724,175689;74,59617568;-0,028029168;Synthetic price index / US$ equivalent
01/11/09;Global;commodity;1710,29437;1747,838302;72,83697112;-2,358303963;Synthetic price index / US$ equivalent
01/12/09;Global;commodity;1643,129986;1650,40126;72,29399292;-0,745470585;Synthetic price index / US$ equivalent
01/01/10;Global;commodity;1728,004933;1697,751286;75,5991444;4,571820345;Synthetic price index / US$ equivalent
01/02/10;Global;commodity;1746,515373;1641,19922;76,82897412;1,626777299;Synthetic price index / US$ equivalent
01/03/10;Global;commodity;1769,468065;1756,082833;74,11150789;-3,537033076;Synthetic price index / US$ equivalent
01/04/10;Global;commodity;1663,95427;1732,158608;72,24203696;-2,522510996;Synthetic price index / US$ equivalent
01/05/10;Global;commodity;1692,086914;1590,139569;70,87540274;-1,891743751;Synthetic price index / US$ equivalent
01/06/10;Global;commodity;1795,816989;1742,899893;75,24494648;6,165106052;Synthetic price index / US$ equivalent
01/07/10;Global;commodity;1734,813673;1691,40081;77,50741331;3,006802367;Synthetic price index / US$ equivalent
01/08/10;Global;commodity;1792,354338;1756,88756;80,05329559;3,284695197;Synthetic price index / US$ equivalent
01/09/10;Global;commodity;1841,374814;1744,1325;76,8868369;-3,955438271;Synthetic price index / US$ equivalent
01/10/10;Global;commodity;1709,685182;1779,025051;74,30502659;-3,357935403;Synthetic price index / US$ equivalent
01/11/10;Global;commodity;1734,978663;1726,596249;74,89053902;0,787984967;Synthetic price index / US$ equivalent
01/12/10;Global;commodity;1927,731578;1973,859185;76,6565835;2,358167663;Synthetic price index / US$ equivalent
01/01/11;Global;commodity;1800,604742;1768,859878;72,73128615;-5,120626523;Synthetic price index / US$ equivalent
01/02/11;Global;commodity;1691,984828;1804,668768;75,38530678;3,649076988;Synthetic price index / US$ equivalent
01/03/11;Global;commodity;1769,146289;1854,401147;77,68274319;3,047591777;Synthetic price index / US$ equivalent
01/04/11;Global;commodity;1674,670564;1662,00562;80,05243674;3,050476151;Synthetic price index / US$ equivalent
01/05/11;Global;commodity;1764,857851;1710,916473;81,54266891;1,861570032;Synthetic price index / US$ equivalent
01/06/11;Global;commodity;1811,850114;1715,276982;82,55323628;1,239311119;Synthetic price index / US$ equivalent
01/07/11;Global;commodity;1794,776113;1666,462754;81,61981293;-1,130692614;Synthetic price index / US$ equivalent
01/08/11;Global;commodity;2036,529888;2059,579632;77,736881;-4,757339903;Synthetic price index / US$ equivalent
01/09/11;Global;commodity;1636,203358;1748,99086;83,56501827;7,497261525;Synthetic price index / US$ equivalent
01/10/11;Global;commodity;1629,209589;1725,465554;85,26762912;2,037468408;Synthetic price index / US$ equivalent
01/11/11;Global;commodity;1545,510927;1522,754918;87,2854481;2,366453722;Synthetic price index / US$ equivalent
01/12/11;Global;commodity;1526,515754;1608,833561;88,85842317;1,802104586;Synthetic price index / US$ equivalent
01/01/12;Global;commodity;1738,034977;1748,297977;88,11435243;-0,837366579;Synthetic price index / US$ equivalent
01/02/12;Global;commodity;1671,50905;1684,11321;87,92316903;-0,216971914;Synthetic price index / US$ equivalent
01/03/12;Global;commodity;1809,765745;1577,713289;94,76548769;7,78215655;Synthetic price index / US$ equivalent
01/04/12;Global;commodity;1905,684174;1987,710042;95,72615752;1,013733853;Synthetic price index / US$ equivalent
01/05/12;Global;commodity;1803,561314;1798,868599;102,2625193;6,828187806;Synthetic price index / US$ equivalent
01/06/12;Global;commodity;1756,323292;1659,076696;103,7842898;1,488101861;Synthetic price index / US$ equivalent
01/07/12;Global;commodity;1826,396292;1806,314828;104,9382033;1,111838315;Synthetic price index / US$ equivalent
01/08/12;Global;commodity;1811,701617;1800,994582;102,5233192;-2,301243953;Synthetic price index / US$ equivalent
01/09/12;Global;commodity;1794,543426;1867,481427;98,73095817;-3,699022903;Synthetic price index / US$ equivalent
01/10/12;Global;commodity;1612,371834;1648,094213;92,32127888;-6,492066325;Synthetic price index / US$ equivalent
01/11/12;Global;commodity;1803,242533;1760,130002;87,79639164;-4,90123978;Synthetic price index / US$ equivalent
01/12/12;Global;commodity;1577,405473;1658,275998;87,65037299;-0,166315092;Synthetic price index / US$ equivalent
01/01/13;Global;commodity;1754,135997;1717,634238;87,06376061;-0,669263978;Synthetic price index / US$ equivalent
01/02/13;Global;commodity;1682,671594;1688,033721;88,48827936;1,636178745;Synthetic price index / US$ equivalent
01/03/13;Global;commodity;1904,447442;1837,557784;87,23601022;-1,415180802;Synthetic price index / US$ equivalent
01/04/13;Global;commodity;1936,804991;2059,384637;89,18993911;2,239819179;Synthetic price index / US$ equivalent
01/05/13;Global;commodity;1831,310158;1807,875609;87,08535801;-2,359661991;Synthetic price index / US$ equivalent
01/06/13;Global;commodity;1725,270051;1692,074196;88,28722211;1,380098935;Synthetic price index / US$ equivalent
01/07/13;Global;commodity;1794,400589;1732,107351;89,44377856;1,309993021;Synthetic price index / US$ equivalent
01/08/13;Global;commodity;1701,903748;1668,360196;86,75023408;-3,011438605;Synthetic price index / US$ equivalent
01/09/13;Global;commodity;1748,407951;1651,011758;87,73744906;1,137996906;Synthetic price index / US$ equivalent
01/10/13;Global;commodity;1767,829937;1791,159808;84,28852679;-3,930958003;Synthetic price index / US$ equivalent
01/11/13;Global;commodity;1803,081816;1809,905235;76,93473869;-8,724542206;Synthetic price index / US$ equivalent
01/12/13;Global;commodity;1916,5871;1892,934506;73,17059686;-4,892642636;Synthetic price index / US$ equivalent
01/01/14;Global;commodity;1783,338832;1816,379067;70,42772773;-3,748594726;Synthetic price index / US$ equivalent
01/02/14;Global;commodity;1735,908519;1703,098689;69,69501839;-1,040370558;Synthetic price index / US$ equivalent
01/03/14;Global;commodity;1785,101536;1881,784405;70,61988065;1,327013439;Synthetic price index / US$ equivalent
01/04/14;Global;commodity;1826,082513;1738,273237;72,28045624;2,351427918;Synthetic price index / US$ equivalent
01/05/14;Global;commodity;1902,620005;1866,028652;76,33073038;5,603553653;Synthetic price index / US$ equivalent
01/06/14;Global;commodity;1864,29185;1884,524384;79,51722918;4,174594922;Synthetic price index / US$ equivalent
01/07/14;Global;commodity;1862,160094;1854,677336;77,79984395;-2,159764921;Synthetic price index / US$ equivalent
01/08/14;Global;commodity;1803,037422;1768,589602;77,82944272;0,038044758;Synthetic price index / US$ equivalent
01/09/14;Global;commodity;1995,075523;1859,891363;75,32354255;-3,219732885;Synthetic price index / US$ equivalent
01/10/14;Global;commodity;1844,713051;1843,277056;73,50926628;-2,408644379;Synthetic price index / US$ equivalent
01/11/14;Global;commodity;1602,092533;1591,774061;75,20683846;2,309330864;Synthetic price index / US$ equivalent
01/12/14;Global;commodity;1863,208719;1835,934717;76,25659852;1,395830597;Synthetic price index / US$ equivalent
01/01/15;Global;commodity;1652,314165;1661,68847;79,42821404;4,159135851;Synthetic price index / US$ equivalent
01/02/15;Global;commodity;1717,270529;1576,768678;82,24389628;3,544939626;Synthetic price index / US$ equivalent
01/03/15;Global;commodity;1826,770626;1925,927457;82,7776863;0,649032987;Synthetic price index / US$ equivalent
01/04/15;Global;commodity;1693,394208;1675,642844;84,15740703;1,666778574;Synthetic price index / US$ equivalent
01/05/15;Global;commodity;1789,469448;1784,214391;86,64027888;2,950271328;Synthetic price index / US$ equivalent
01/06/15;Global;commodity;1656,152044;1662,624847;85,45998121;-1,362296722;Synthetic price index / US$ equivalent
01/07/15;Global;commodity;1656,661918;1651,870892;82,41440198;-3,563748997;Synthetic price index / US$ equivalent
01/08/15;Global;commodity;1547,230333;1570,026382;85,61630188;3,885121803;Synthetic price index / US$ equivalent
01/09/15;Global;commodity;1583,502195;1408,092063;87,51313254;2,215501736;Synthetic price index / US$ equivalent
01/10/15;Global;commodity;1657,364879;1628,678692;91,54019734;4,601669124;Synthetic price index / US$ equivalent
01/11/15;Global;commodity;1721,643773;1659,976119;91,19003014;-0,38252834;Synthetic price index / US$ equivalent
01/12/15;Global;commodity;1606,603746;1507,308454;95,67667809;4,920107978;Synthetic price index / US$ equivalent
01/01/16;Global;commodity;1726,788596;1650,244397;97,77117638;2,189141946;Synthetic price index / US$ equivalent
01/02/16;Global;commodity;1727,857148;1678,292068;93,02024191;-4,859238326;Synthetic price index / US$ equivalent
01/03/16;Global;commodity;1951,778331;1972,098812;95,73534816;2,91883379;Synthetic price index / US$ equivalent
01/04/16;Global;commodity;1875,093807;1955,180656;95,52828776;-0,216284163;Synthetic price index / US$ equivalent
01/05/16;Global;commodity;1759,944047;1708,745716;90,91368959;-4,830609115;Synthetic price index / US$ equivalent
01/06/16;Global;commodity;1687,667569;1717,10294;91,43259843;0,570770853;Synthetic price index / US$ equivalent
01/07/16;Global;commodity;1957,194433;2004,087681;93,86805184;2,663659848;Synthetic price index / US$ equivalent
01/08/16;Global;commodity;1680,221406;1670,013229;90,93601866;-3,123568804;Synthetic price index / US$ equivalent
01/09/16;Global;commodity;1816,083917;1773,108231;91,03018525;0,103552585;Synthetic price index / US$ equivalent
01/10/16;Global;commodity;1903,221635;1895,280211;91,32602631;0,324992256;Synthetic price index / US$ equivalent
01/11/16;Global;commodity;1741,711218;1692,99677;92,05275892;0,795756306;Synthetic price index / US$ equivalent
01/12/16;Global;commodity;1653,311424;1613,831663;92,67106372;0,671685243;Synthetic price index / US$ equivalent
01/01/17;Global;commodity;1807,736054;1708,330585;96,69254074;4,339517497;Synthetic price index / US$ equivalent
01/02/17;Global;commodity;1899,167521;1819,675871;99,91624194;3,33397093;Synthetic price index / US$ equivalent
01/03/17;Global;commodity;1871,667016;1832,724785;96,7466674;-3,172231547;Synthetic price index / US$ equivalent
01/04/17;Global;commodity;1768,897506;1780,855006;96,45689504;-0,29951663;Synthetic price index / US$ equivalent
01/05/17;Global;commodity;1783,448206;1723,871171;99,86317158;3,53139767;Synthetic price index / US$ equivalent
01/06/17;Global;commodity;1813,380059;1804,051084;103,3702322;3,511865849;Synthetic price index / US$ equivalent
01/07/17;Global;commodity;1790,581048;1757,723367;98,03014586;-5,165980788;Synthetic price index / US$ equivalent
01/08/17;Global;commodity;1799,029968;1756,442818;101,2853478;3,320613198;Synthetic price index / US$ equivalent
01/09/17;Global;commodity;1713,498823;1682,694153;96,50652372;-4,718179097;Synthetic price index / US$ equivalent
01/10/17;Global;commodity;1667,94974;1631,248544;90,40391922;-6,323514993;Synthetic price index / US$ equivalent
01/11/17;Global;commodity;1526,213695;1582,956216;92,24535035;2,036893033;Synthetic price index / US$ equivalent
01/12/17;Global;commodity;1758,023675;1741,344611;96,38775509;4,490637976;Synthetic price index / US$ equivalent
01/01/18;Global;commodity;1744,907751;1538,902307;95,3962079;-1,028706588;Synthetic price index / US$ equivalent
01/02/18;Global;commodity;1704,905104;1618,261818;93,49587272;-1,992044776;Synthetic price index / US$ equivalent
01/03/18;Global;commodity;1740,641801;1688,628428;92,77047472;-0,775860993;Synthetic price index / US$ equivalent
01/04/18;Global;commodity;1717,800008;1763,349728;94,19779046;1,538545256;Synthetic price index / US$ equivalent
01/05/18;Global;commodity;1720,761165;1797,132865;97,2064153;3,193944175;Synthetic price index / US$ equivalent
01/06/18;Global;commodity;1680,548629;1660,970162;93,62173674;-3,687697507;Synthetic price index / US$ equivalent
01/07/18;Global;commodity;1656,780309;1678,968308;92,51885043;-1,178023772;Synthetic price index / US$ equivalent
01/08/18;Global;commodity;1763,508953;1709,026834;91,99369809;-0,567616582;Synthetic price index / US$ equivalent
01/09/18;Global;commodity;1791,775889;1693,005328;90,76650838;-1,333993242;Synthetic price index / US$ equivalent
01/10/18;Global;commodity;1705,670235;1848,27467;96,17567292;5,959427809;Synthetic price index / US$ equivalent
01/11/18;Global;commodity;1816,101712;1948,136865;100,5675198;4,566484159;Synthetic price index / US$ equivalent
01/12/18;Global;commodity;1767,271776;1635,674607;102,3505504;1,772968632;Synthetic price index / US$ equivalent
01/01/19;Global;commodity;1877,112083;1830,614664;105,4238214;3,002691282;Synthetic price index / US$ equivalent
01/02/19;Global;commodity;1784,37138;1902,926952;106,6137507;1,128710017;Synthetic price index / US$ equivalent
01/03/19;Global;commodity;1666,435423;1716,848949;111,5051023;4,587918192;Synthetic price index / US$ equivalent
01/04/19;Global;commodity;1796,753565;1770,55784;108,6620195;-2,54973335;Synthetic price index / US$ equivalent
01/05/19;Global;commodity;1948,522181;2005,392251;108,3618838;-0,276210317;Synthetic price index / US$ equivalent
01/06/19;Global;commodity;1726,091113;1735,215704;101,1199272;-6,683121759;Synthetic price index / US$ equivalent
01/07/19;Global;commodity;1672,787585;1569,435461;104,8077411;3,646970539;Synthetic price index / US$ equivalent
01/08/19;Global;commodity;1791,400264;1835,244922;109,8518784;4,812752621;Synthetic price index / US$ equivalent
01/09/19;Global;commodity;1878,096605;1882,571504;102,8934543;-6,33436971;Synthetic price index / US$ equivalent
01/10/19;Global;commodity;1855,510433;1994,916374;108,7715097;5,712759288;Synthetic price index / US$ equivalent
01/11/19;Global;commodity;1821,434369;1757,588123;109,2105376;0,403624024;Synthetic price index / US$ equivalent
01/12/19;Global;commodity;1920,216198;1896,769224;111,5806064;2,170183173;Synthetic price index / US$ equivalent
01/01/20;Global;commodity;1912,703569;2025,619937;111,4967734;-0,075132231;Synthetic price index / US$ equivalent
01/02/20;Global;commodity;1842,096375;1748,804659;109,9006959;-1,431501016;Synthetic price index / US$ equivalent
01/03/20;Global;commodity;2052,62905;1850,289618;108,3131048;-1,444568734;Synthetic price index / US$ equivalent
01/04/20;Global;commodity;1838,931601;1819,632734;106,7190508;-1,471709269;Synthetic price index / US$ equivalent
01/05/20;Global;commodity;1767,973991;1795,583867;102,1629212;-4,269274847;Synthetic price index / US$ equivalent
01/06/20;Global;commodity;1839,892383;1867,358735;100,4321724;-1,69410659;Synthetic price index / US$ equivalent
01/07/20;Global;commodity;1893,024389;1861,832165;104,8621997;4,410964274;Synthetic price index / US$ equivalent
01/08/20;Global;commodity;1824,345452;1862,467636;104,0201206;-0,803033984;Synthetic price index / US$ equivalent
01/09/20;Global;commodity;1775,121298;1792,634699;105,0390769;0,979576206;Synthetic price index / US$ equivalent
01/10/20;Global;commodity;1976,936799;2020,758517;102,7438118;-2,185153603;Synthetic price index / US$ equivalent
01/11/20;Global;commodity;2042,769026;1859,913799;101,6954849;-1,02033091;Synthetic price index / US$ equivalent
01/12/20;Global;commodity;1994,698829;1934,643786;103,4762546;1,751080382;Synthetic price index / US$ equivalent
01/01/21;Global;commodity;1930,865344;1841,571462;101,0025618;-2,390589779;Synthetic price index / US$ equivalent
01/02/21;Global;commodity;1910,846464;1868,474109;94,38694203;-6,549952468;Synthetic price index / US$ equivalent
01/03/21;Global;commodity;1984,205822;1877,403877;95,60411779;1,289559485;Synthetic price index / US$ equivalent
01/04/21;Global;commodity;1723,924486;1564,815414;96,0794042;0,497140094;Synthetic price index / US$ equivalent
01/05/21;Global;commodity;1820,327283;1893,09946;98,39455993;2,409627486;Synthetic price index / US$ equivalent
01/06/21;Global;commodity;1855,712758;1828,767317;96,37899824;-2,048448301;Synthetic price index / US$ equivalent
01/07/21;Global;commodity;1790,505361;1697,729269;97,44462499;1,10566282;Synthetic price index / US$ equivalent
01/08/21;Global;commodity;2008,516343;1945,346212;99,21883913;1,820740901;Synthetic price index / US$ equivalent
01/09/21;Global;commodity;1816,992717;1695,54927;101,5218624;2,321155205;Synthetic price index / US$ equivalent
01/10/21;Global;commodity;2076,270381;1958,612488;101,8731878;0,34605889;Synthetic price index / US$ equivalent
01/11/21;Global;commodity;1796,706968;1905,573008;100,2282395;-1,61470193;Synthetic price index / US$ equivalent
01/12/21;Global;commodity;1913,547457;2044,468996;93,96483782;-6,249138654;Synthetic price index / US$ equivalent
01/01/22;Global;commodity;2143,4662;2173,231345;90,17850366;-4,029522373;Synthetic price index / US$ equivalent
01/02/22;Global;commodity;2005,641803;1884,665305;93,9211383;4,150251437;Synthetic price index / US$ equivalent
01/03/22;Global;commodity;1796,253054;1721,752371;93,97870331;0,061290784;Synthetic price index / US$ equivalent
01/04/22;Global;commodity;1937,768712;1991,078377;92,58832346;-1,479462684;Synthetic price index / US$ equivalent
01/05/22;Global;commodity;2175,244762;2207,781708;90,09941538;-2,688144663;Synthetic price index / US$ equivalent
01/06/22;Global;commodity;1929,278911;1991,871393;91,47391894;1,525541043;Synthetic price index / US$ equivalent
01/07/22;Global;commodity;1914,055295;1954,033814;88,86757603;-2,849274356;Synthetic price index / US$ equivalent
01/08/22;Global;commodity;1901,147529;1890,939315;92,67254418;4,281615773;Synthetic price index / US$ equivalent
01/09/22;Global;commodity;2097,155014;2168,865342;93,10984848;0,471881178;Synthetic price index / US$ equivalent
01/10/22;Global;commodity;1957,865116;1917,686583;97,24464056;4,440767713;Synthetic price index / US$ equivalent
01/11/22;Global;commodity;1993,707505;1943,715615;100,1456277;2,983184625;Synthetic price index / US$ equivalent
01/12/22;Global;commodity;1874,507133;1895,405112;106,6376124;6,482544284;Synthetic price index / US$ equivalent
01/01/23;Global;commodity;1777,762083;1634,980281;104,7247804;-1,793768615;Synthetic price index / US$ equivalent
01/02/23;Global;commodity;1804,462193;1718,393839;102,5870139;-2,041318649;Synthetic price index / US$ equivalent
01/03/23;Global;commodity;2005,701517;2071,551906;101,9924771;-0,579543876;Synthetic price index / US$ equivalent
01/04/23;Global;commodity;2216,11338;2200,337831;106,3074711;4,230698251;Synthetic price index / US$ equivalent
01/05/23;Global;commodity;1974,80394;1993,412096;108,9241873;2,461460295;Synthetic price index / US$ equivalent
01/06/23;Global;commodity;1927,525692;1872,21569;112,7944246;3,55314775;Synthetic price index / US$ equivalent
01/07/23;Global;commodity;2079,412933;2099,652894;111,2976651;-1,326980065;Synthetic price index / US$ equivalent
01/08/23;Global;commodity;2020,979949;2024,659152;114,8376753;3,180668899;Synthetic price index / US$ equivalent
01/09/23;Global;commodity;2024,198818;1876,451478;117,4837206;2,30416131;Synthetic price index / US$ equivalent
01/10/23;Global;commodity;1937,476182;1850,128166;123,259181;4,915966576;Synthetic price index / US$ equivalent
01/11/23;Global;commodity;1868,115142;1845,244211;127,935342;3,793762873;Synthetic price index / US$ equivalent
01/12/23;Global;commodity;1831,858556;1800,866325;126,4847252;-1,133867172;Synthetic price index / US$ equivalent
01/01/24;Global;commodity;1980,031789;2020,302325;118,0444452;-6,672963837;Synthetic price index / US$ equivalent
01/02/24;Global;commodity;2044,071065;2117,585564;117,3176725;-0,615677229;Synthetic price index / US$ equivalent
01/03/24;Global;commodity;1892,439071;1917,205839;119,9818901;2,270943123;Synthetic price index / US$ equivalent
01/04/24;Global;commodity;1771,410647;1684,469081;122,6193117;2,198183073;Synthetic price index / US$ equivalent
01/05/24;Global;commodity;2091,877242;2152,315691;119,8612759;-2,249267046;Synthetic price index / US$ equivalent
01/06/24;Global;commodity;1976,386576;1999,047809;123,0581571;2,667150943;Synthetic price index / US$ equivalent
01/07/24;Global;commodity;1895,621002;1867,11219;114,3323851;-7,090770879;Synthetic price index / US$ equivalent
01/08/24;Global;commodity;1929,762947;1901,245242;115,8282451;1,308343181;Synthetic price index / US$ equivalent
01/09/24;Global;commodity;1989,782998;2049,486051;119,4474284;3,124612103;Synthetic price index / US$ equivalent
01/10/24;Global;commodity;1761,402067;1835,827232;122,6424217;2,674811258;Synthetic price index / US$ equivalent
01/11/24;Global;commodity;1754,447911;1696,894416;124,4754373;1,49460163;Synthetic price index / US$ equivalent
01/12/24;Global;commodity;1815,09982;1790,733624;124,5283618;0,042518045;Synthetic price index / US$ equivalent
01/01/25;Global;commodity;1834,409575;1873,810075;135,6139592;8,902066301;Synthetic price index / US$ equivalent
01/02/25;Global;commodity;1694,175623;1602,915149;137,6703198;1,516334071;Synthetic price index / US$ equivalent
01/03/25;Global;commodity;1891,789908;1708,871731;135,3571296;-1,680238895;Synthetic price index / US$ equivalent
01/04/25;Global;commodity;1741,870967;1657,702048;134,1329364;-0,904417247;Synthetic price index / US$ equivalent
01/05/25;Global;commodity;1918,04111;1872,216261;141,3456743;5,377305663;Synthetic price index / US$ equivalent
01/06/25;Global;commodity;1722,189193;1765,238924;139,6900737;-1,171313272;Synthetic price index / US$ equivalent
01/07/25;Global;commodity;1821,941717;1899,209769;142,2746294;1,850207138;Synthetic price index / US$ equivalent
01/08/25;Global;commodity;1823,770768;1797,87647;137,5122752;-3,347296843;Synthetic price index / US$ equivalent
01/09/25;Global;commodity;1676,167985;1757,06352;131,6580625;-4,257229203;Synthetic price index / US$ equivalent
01/10/25;Global;commodity;2180,534596;2175,827284;121,2674254;-7,892138828;Synthetic price index / US$ equivalent
01/11/25;Global;commodity;1767,456892;1751,7493;120,7408261;-0,434246272;Synthetic price index / US$ equivalent
01/12/25;Global;commodity;2000,799704;2238,030131;119,7583159;-0,813734879;Synthetic price index / US$ equivalent
01/01/26;Global;commodity;1848,620912;1918,10334;118,0058109;-1,463368091;Synthetic price index / US$ equivalent
01/02/26;Global;commodity;1774,627517;1832,92052;117,5834707;-0,357897855;Synthetic price index / US$ equivalent
01/03/26;Global;commodity;1826,545754;1739,172951;120,3796517;2,378039201;Synthetic price index / US$ equivalent
01/04/26;Global;commodity;1782,967833;1820,402357;131,3695721;9,129383772;Synthetic price index / US$ equivalent
01/05/26;Global;commodity;1827,188742;1765,492164;129,6857253;-1,281763166;Synthetic price index / US$ equivalent
01/06/26;Global;commodity;1971,235088;2034,824694;133,1337938;2,658787999;Synthetic price index / US$ equivalent
01/07/26;Global;commodity;2099,050911;1967,602948;127,6116755;-4,147796089;Synthetic price index / US$ equivalent
01/08/26;Global;commodity;1923,023466;2082,180255;119,8733462;-6,063966562;Synthetic price index / US$ equivalent
01/09/26;Global;commodity;2008,564526;1914,579029;115,3788541;-3,749367374;Synthetic price index / US$ equivalent