iso3;country;product;sector;unit;period;domestic_supply_qty;domestic_demand_qty;international_price;estimated_exports;estimated_imports;frequency;date
ZWE;Zimbabwe;Beef;Agriculture;Quantity / USD million equivalent;1980;0,392937626;1,090476714;100,7317008;4,163685286;96,4809368;Annual;01/01/80
ZWE;Zimbabwe;Beef;Agriculture;Quantity / USD million equivalent;1981;0,398179834;0,988291552;106,305347;7,676638489;92,34513972;Annual;01/01/80
ZWE;Zimbabwe;Beef;Agriculture;Quantity / USD million equivalent;1982;0,371151492;1,282471419;103,0224926;0,16635378;119,4605526;Annual;01/01/80
ZWE;Zimbabwe;Beef;Agriculture;Quantity / USD million equivalent;1983;0,405775497;1,206598079;102,1573148;3,969030028;110,976367;Annual;01/01/80
ZWE;Zimbabwe;Beef;Agriculture;Quantity / USD million equivalent;1984;0,379387266;1,121359687;108,1902449;2,821830896;110,2146276;Annual;01/01/80
ZWE;Zimbabwe;Beef;Agriculture;Quantity / USD million equivalent;1985;0,40631546;1,208963464;102,4806031;5,207088209;113,4896627;Annual;01/01/80
ZWE;Zimbabwe;Beef;Agriculture;Quantity / USD million equivalent;1986;0,433095058;1,44579205;98,70851605;2,284971037;130,7775542;Annual;01/01/80
ZWE;Zimbabwe;Beef;Agriculture;Quantity / USD million equivalent;1987;0,439899834;1,393877577;89,02153018;0,667517698;114,0577012;Annual;01/01/80
ZWE;Zimbabwe;Beef;Agriculture;Quantity / USD million equivalent;1988;0,478629353;1,368627278;89,05829613;3,51485651;110,5928521;Annual;01/01/80
ZWE;Zimbabwe;Beef;Agriculture;Quantity / USD million equivalent;1989;0,465309841;1,405094974;96,36224257;2,513249113;123,4318212;Annual;01/01/80
ZWE;Zimbabwe;Beef;Agriculture;Quantity / USD million equivalent;1990;0,44104814;1,577531711;98,44184653;1,340193212;137,5468122;Annual;01/01/80
ZWE;Zimbabwe;Beef;Agriculture;Quantity / USD million equivalent;1991;0,408425489;1,356487593;104,1012131;2,883300592;129,1066854;Annual;01/01/80
ZWE;Zimbabwe;Beef;Agriculture;Quantity / USD million equivalent;1992;0,428622914;1,005267215;124,3276084;9,753036703;108,3427086;Annual;01/01/80
ZWE;Zimbabwe;Beef;Agriculture;Quantity / USD million equivalent;1993;0,363467877;0,972060195;137,228665;5,214741479;119,1542499;Annual;01/01/80
ZWE;Zimbabwe;Beef;Agriculture;Quantity / USD million equivalent;1994;0,385363278;0,998754102;125,7979186;6,091437894;113,2072965;Annual;01/01/80
ZWE;Zimbabwe;Beef;Agriculture;Quantity / USD million equivalent;1995;0,443774747;1,095164814;121,1938566;10,67889288;118,4704821;Annual;01/01/80
ZWE;Zimbabwe;Beef;Agriculture;Quantity / USD million equivalent;1996;0,420482026;0,882359638;143,4550506;17,63897905;110,3859573;Annual;01/01/80
ZWE;Zimbabwe;Beef;Agriculture;Quantity / USD million equivalent;1997;0,418518025;1,001502487;134,103811;11,53610525;119,8577695;Annual;01/01/80
ZWE;Zimbabwe;Beef;Agriculture;Quantity / USD million equivalent;1998;0,438635052;1,091324815;133,836664;9,409754413;130,1023739;Annual;01/01/80
ZWE;Zimbabwe;Beef;Agriculture;Quantity / USD million equivalent;1999;0,437933823;1,076518254;132,4405227;11,22718916;126,5068761;Annual;01/01/80
ZWE;Zimbabwe;Beef;Agriculture;Quantity / USD million equivalent;2000;0,458971532;1,164098994;140,125117;8,141224702;144,0003774;Annual;01/01/80
ZWE;Zimbabwe;Beef;Agriculture;Quantity / USD million equivalent;2001;0,553913014;1,240602711;109,6933818;16,57602445;119,3120844;Annual;01/01/80
ZWE;Zimbabwe;Beef;Agriculture;Quantity / USD million equivalent;2002;0,544875076;1,319164162;117,3538499;11,17726412;135,2053317;Annual;01/01/80
ZWE;Zimbabwe;Beef;Agriculture;Quantity / USD million equivalent;2003;0,461144661;1,370672155;125,0712581;3,668834421;155,1761268;Annual;01/01/80
ZWE;Zimbabwe;Beef;Agriculture;Quantity / USD million equivalent;2004;0,584195204;1,427323454;105,8545593;10,47441846;132,8543757;Annual;01/01/80
ZWE;Zimbabwe;Beef;Agriculture;Quantity / USD million equivalent;2005;0,64298504;1,391820805;111,8215056;18,35203691;135,6295406;Annual;01/01/80
ZWE;Zimbabwe;Beef;Agriculture;Quantity / USD million equivalent;2006;0,644001652;1,74603312;110,3433475;9,326905865;174,2608092;Annual;01/01/80
ZWE;Zimbabwe;Beef;Agriculture;Quantity / USD million equivalent;2007;0,816286167;1,76855748;89,72037224;17,84066517;138,0187943;Annual;01/01/80
ZWE;Zimbabwe;Beef;Agriculture;Quantity / USD million equivalent;2008;0,795251126;1,722806382;89,8125154;21,48605032;134,058003;Annual;01/01/80
ZWE;Zimbabwe;Beef;Agriculture;Quantity / USD million equivalent;2009;0,801352945;2,309518032;77,5314004;7,254212666;160,3537928;Annual;01/01/80
ZWE;Zimbabwe;Beef;Agriculture;Quantity / USD million equivalent;2010;0,929666837;2,288272206;76,26325864;11,19269458;155,4820686;Annual;01/01/80
ZWE;Zimbabwe;Beef;Agriculture;Quantity / USD million equivalent;2011;0,89994048;1,934460321;82,53700256;21,0217649;138,1911968;Annual;01/01/80
ZWE;Zimbabwe;Beef;Agriculture;Quantity / USD million equivalent;2012;0,730498252;2,108080255;97,36726821;6,960808415;182,3385556;Annual;01/01/80
ZWE;Zimbabwe;Beef;Agriculture;Quantity / USD million equivalent;2013;0,859159899;2,302038366;87,17255902;8,789754713;176,1873737;Annual;01/01/80
ZWE;Zimbabwe;Beef;Agriculture;Quantity / USD million equivalent;2014;1,036269534;2,676445266;72,35239967;8,515380965;172,7622432;Annual;01/01/80
ZWE;Zimbabwe;Beef;Agriculture;Quantity / USD million equivalent;2015;0,829418339;2,116698847;90,846455;13,17355157;169,878182;Annual;01/01/80
ZWE;Zimbabwe;Beef;Agriculture;Quantity / USD million equivalent;2016;0,886074374;2,065337273;89,80954895;15,50233744;163,8766587;Annual;01/01/80
ZWE;Zimbabwe;Beef;Agriculture;Quantity / USD million equivalent;2017;0,828380124;1,887030255;93,74582718;16,44998216;155,4960038;Annual;01/01/80
ZWE;Zimbabwe;Beef;Agriculture;Quantity / USD million equivalent;2018;0,806791251;2,052965396;92,42569975;13,89592194;168,8567408;Annual;01/01/80
ZWE;Zimbabwe;Beef;Agriculture;Quantity / USD million equivalent;2019;0,731694832;2,073426934;106,6842199;9,009974829;198,3831549;Annual;01/01/80
ZWE;Zimbabwe;Beef;Agriculture;Quantity / USD million equivalent;2020;0,821851941;1,715060194;106,8595485;22,89246494;159,1777032;Annual;01/01/80
ZWE;Zimbabwe;Beef;Agriculture;Quantity / USD million equivalent;2021;0,924386091;2,027289449;95,02493892;21,8080398;168,713529;Annual;01/01/80
ZWE;Zimbabwe;Beef;Agriculture;Quantity / USD million equivalent;2022;0,911418675;2,07478411;94,5460914;21,57934712;168,5533345;Annual;01/01/80
ZWE;Zimbabwe;Beef;Agriculture;Quantity / USD million equivalent;2023;0,76638892;1,786787239;118,4131354;18,6404166;180,1582979;Annual;01/01/80
ZWE;Zimbabwe;Beef;Agriculture;Quantity / USD million equivalent;2024;0,854116789;1,684857576;118,4153341;30,63904763;171,2353214;Annual;01/01/80
ZWE;Zimbabwe;Beef;Agriculture;Quantity / USD million equivalent;2025;0,693795678;1,611115319;127,8946065;17,99979634;181,9591145;Annual;01/01/80
ZWE;Zimbabwe;Beef;Agriculture;Quantity / USD million equivalent;2026;0,493158182;1,226472573;132,0747967;11,792347;146,4611256;Annual;01/01/80
ZWE;Zimbabwe;Beverages;Manufacturing;Quantity / USD million equivalent;1980;0,402350012;1,049167519;104,3700571;5,501448738;97,175715;Annual;01/01/80
ZWE;Zimbabwe;Beverages;Manufacturing;Quantity / USD million equivalent;1981;0,445503172;1,065521134;99,19734217;7,80241868;92,63574706;Annual;01/01/80
ZWE;Zimbabwe;Beverages;Manufacturing;Quantity / USD million equivalent;1982;0,416498183;1,232980223;96,04350362;2,488352609;106,3064129;Annual;01/01/80
ZWE;Zimbabwe;Beverages;Manufacturing;Quantity / USD million equivalent;1983;0,444517952;1,132996577;103,0236773;7,433183481;103,629628;Annual;01/01/80
ZWE;Zimbabwe;Beverages;Manufacturing;Quantity / USD million equivalent;1984;0,395283732;1,082884165;108,5066579;4,833872311;105,7576835;Annual;01/01/80
ZWE;Zimbabwe;Beverages;Manufacturing;Quantity / USD million equivalent;1985;0,442513507;1,243926896;96,48942838;5,336156411;108,8252234;Annual;01/01/80
ZWE;Zimbabwe;Beverages;Manufacturing;Quantity / USD million equivalent;1986;0,423913317;1,304312301;101,3894394;3,845007569;121,4176033;Annual;01/01/80
ZWE;Zimbabwe;Beverages;Manufacturing;Quantity / USD million equivalent;1987;0,449753536;1,322810639;92,06854815;1,767688365;111,3956952;Annual;01/01/80
ZWE;Zimbabwe;Beverages;Manufacturing;Quantity / USD million equivalent;1988;0,512334007;1,454064004;88,61909658;4,345374863;115,456741;Annual;01/01/80
ZWE;Zimbabwe;Beverages;Manufacturing;Quantity / USD million equivalent;1989;0,490133822;1,318313038;95,00932554;3,587758302;112,4701786;Annual;01/01/80
ZWE;Zimbabwe;Beverages;Manufacturing;Quantity / USD million equivalent;1990;0,427087777;1,371044477;106,744007;1,652579371;132,5228863;Annual;01/01/80
ZWE;Zimbabwe;Beverages;Manufacturing;Quantity / USD million equivalent;1991;0,404097666;1,199108256;110,6916278;3,245556837;119,5431394;Annual;01/01/80
ZWE;Zimbabwe;Beverages;Manufacturing;Quantity / USD million equivalent;1992;0,455648693;1,000301712;119,4395823;12,57308641;105,0269527;Annual;01/01/80
ZWE;Zimbabwe;Beverages;Manufacturing;Quantity / USD million equivalent;1993;0,396661064;0,990833472;132,6410455;6,515013178;117,6021578;Annual;01/01/80
ZWE;Zimbabwe;Beverages;Manufacturing;Quantity / USD million equivalent;1994;0,427107057;1,025344188;124,8554247;9,933054199;109,6798798;Annual;01/01/80
ZWE;Zimbabwe;Beverages;Manufacturing;Quantity / USD million equivalent;1995;0,48522083;1,132841546;120,0961472;11,44470031;115,8761665;Annual;01/01/80
ZWE;Zimbabwe;Beverages;Manufacturing;Quantity / USD million equivalent;1996;0,416162534;0,838138873;147,5701109;17,89194238;105,9676985;Annual;01/01/80
ZWE;Zimbabwe;Beverages;Manufacturing;Quantity / USD million equivalent;1997;0,428371375;0,986439764;135,6779528;12,62930478;117,7490217;Annual;01/01/80
ZWE;Zimbabwe;Beverages;Manufacturing;Quantity / USD million equivalent;1998;0,418085452;0,957135283;145,1702377;13,33951947;119,4962357;Annual;01/01/80
ZWE;Zimbabwe;Beverages;Manufacturing;Quantity / USD million equivalent;1999;0,439389705;0,930328976;136,0024775;15,69843756;110,1093776;Annual;01/01/80
ZWE;Zimbabwe;Beverages;Manufacturing;Quantity / USD million equivalent;2000;0,484393477;1,119485145;130,9942242;13,67399196;127,6361457;Annual;01/01/80
ZWE;Zimbabwe;Beverages;Manufacturing;Quantity / USD million equivalent;2001;0,613598994;1,250612875;105,9059992;20,78017117;114,3468212;Annual;01/01/80
ZWE;Zimbabwe;Beverages;Manufacturing;Quantity / USD million equivalent;2002;0,554587176;1,155583663;118,8671932;17,69019047;118,93807;Annual;01/01/80
ZWE;Zimbabwe;Beverages;Manufacturing;Quantity / USD million equivalent;2003;0,490379409;1,399222967;124,9127216;8,228515781;156,922786;Annual;01/01/80
ZWE;Zimbabwe;Beverages;Manufacturing;Quantity / USD million equivalent;2004;0,590171014;1,275684585;114,9456175;16,98983365;127,2992821;Annual;01/01/80
ZWE;Zimbabwe;Beverages;Manufacturing;Quantity / USD million equivalent;2005;0,636552723;1,337331101;110,15745;18,67915802;128,6012426;Annual;01/01/80
ZWE;Zimbabwe;Beverages;Manufacturing;Quantity / USD million equivalent;2006;0,682715315;1,597045798;105,0135759;13,4810221;147,3707094;Annual;01/01/80
ZWE;Zimbabwe;Beverages;Manufacturing;Quantity / USD million equivalent;2007;0,837586824;1,708860687;90,10338032;21,7227804;133,9619864;Annual;01/01/80
ZWE;Zimbabwe;Beverages;Manufacturing;Quantity / USD million equivalent;2008;0,847789976;1,688629171;85,69201792;22,41028626;123,6826855;Annual;01/01/80
ZWE;Zimbabwe;Beverages;Manufacturing;Quantity / USD million equivalent;2009;0,858711432;2,095441147;75,06471246;11,33959784;140,496711;Annual;01/01/80
ZWE;Zimbabwe;Beverages;Manufacturing;Quantity / USD million equivalent;2010;0,925683817;2,218128119;75,13131687;12,76182375;147,8794956;Annual;01/01/80
ZWE;Zimbabwe;Beverages;Manufacturing;Quantity / USD million equivalent;2011;0,87426785;1,890938903;82,09427321;17,63507701;136,2460736;Annual;01/01/80
ZWE;Zimbabwe;Beverages;Manufacturing;Quantity / USD million equivalent;2012;0,823411738;1,925677562;93,34795279;14,29698306;159,5129027;Annual;01/01/80
ZWE;Zimbabwe;Beverages;Manufacturing;Quantity / USD million equivalent;2013;0,84897064;2,13629118;86,59869701;11,98841497;162,5594733;Annual;01/01/80
ZWE;Zimbabwe;Beverages;Manufacturing;Quantity / USD million equivalent;2014;1,085148803;2,349538954;73,90582946;19,60407095;153,7537386;Annual;01/01/80
ZWE;Zimbabwe;Beverages;Manufacturing;Quantity / USD million equivalent;2015;0,868777276;2,068109143;88,31575218;13,94357646;161,0992371;Annual;01/01/80
ZWE;Zimbabwe;Beverages;Manufacturing;Quantity / USD million equivalent;2016;0,831140558;1,947318718;93,75878668;16,88334709;160,5003363;Annual;01/01/80
ZWE;Zimbabwe;Beverages;Manufacturing;Quantity / USD million equivalent;2017;0,780479818;1,75915338;95,31014985;16,1989368;146,5743123;Annual;01/01/80
ZWE;Zimbabwe;Beverages;Manufacturing;Quantity / USD million equivalent;2018;0,771032247;1,968410445;96,95712242;12,6223785;168,3139249;Annual;01/01/80
ZWE;Zimbabwe;Beverages;Manufacturing;Quantity / USD million equivalent;2019;0,806547966;1,889182193;106,3190538;15,25924159;178,1447017;Annual;01/01/80
ZWE;Zimbabwe;Beverages;Manufacturing;Quantity / USD million equivalent;2020;0,864590145;1,667524641;109,418981;30,30424108;156,4683707;Annual;01/01/80
ZWE;Zimbabwe;Beverages;Manufacturing;Quantity / USD million equivalent;2021;0,864781693;1,889532994;96,79693658;20,58866412;160,7999613;Annual;01/01/80
ZWE;Zimbabwe;Beverages;Manufacturing;Quantity / USD million equivalent;2022;0,970146092;2,075455306;93,96643494;23,51966619;167,4390663;Annual;01/01/80
ZWE;Zimbabwe;Beverages;Manufacturing;Quantity / USD million equivalent;2023;0,855263613;1,630287592;113,8052728;31,04096894;156,6257691;Annual;01/01/80
ZWE;Zimbabwe;Beverages;Manufacturing;Quantity / USD million equivalent;2024;0,693187696;1,496031601;130,2235316;21,81329695;168,8998283;Annual;01/01/80
ZWE;Zimbabwe;Beverages;Manufacturing;Quantity / USD million equivalent;2025;0,677442956;1,406124191;136,9891603;26,25545028;166,5538628;Annual;01/01/80
ZWE;Zimbabwe;Beverages;Manufacturing;Quantity / USD million equivalent;2026;0,609917661;1,233279228;123,3582423;20,64017634;128,6548577;Annual;01/01/80
ZWE;Zimbabwe;Cement;Manufacturing;Quantity / USD million equivalent;1980;0,39584148;1,045104714;99,43037576;4,860268187;91,80101721;Annual;01/01/80
ZWE;Zimbabwe;Cement;Manufacturing;Quantity / USD million equivalent;1981;0,404476933;0,941954894;108,8988867;8,106173896;90,58408003;Annual;01/01/80
ZWE;Zimbabwe;Cement;Manufacturing;Quantity / USD million equivalent;1982;0,363389047;1,247921932;97,99870395;0,523648132;112,4212238;Annual;01/01/80
ZWE;Zimbabwe;Cement;Manufacturing;Quantity / USD million equivalent;1983;0,444628612;1,188546497;100,8536651;5,253943242;107,2261741;Annual;01/01/80
ZWE;Zimbabwe;Cement;Manufacturing;Quantity / USD million equivalent;1984;0,410734426;1,009102558;111,3765963;7,051561687;99,46128288;Annual;01/01/80
ZWE;Zimbabwe;Cement;Manufacturing;Quantity / USD million equivalent;1985;0,410106535;1,204899047;101,6807939;3,767799526;109,426372;Annual;01/01/80
ZWE;Zimbabwe;Cement;Manufacturing;Quantity / USD million equivalent;1986;0,446169335;1,362151081;94,75735618;5,991117506;116,975272;Annual;01/01/80
ZWE;Zimbabwe;Cement;Manufacturing;Quantity / USD million equivalent;1987;0,456019626;1,413976667;89,03839007;1,493887144;115,5356895;Annual;01/01/80
ZWE;Zimbabwe;Cement;Manufacturing;Quantity / USD million equivalent;1988;0,473607419;1,294410414;93,54157044;3,88267913;107,9811952;Annual;01/01/80
ZWE;Zimbabwe;Cement;Manufacturing;Quantity / USD million equivalent;1989;0,455726831;1,280570934;96,96872736;2,549006765;111,5332961;Annual;01/01/80
ZWE;Zimbabwe;Cement;Manufacturing;Quantity / USD million equivalent;1990;0,420766261;1,373272802;101,223926;2,295401156;127,8754841;Annual;01/01/80
ZWE;Zimbabwe;Cement;Manufacturing;Quantity / USD million equivalent;1991;0,420614441;1,296667979;109,9774246;4,6312972;125,9527445;Annual;01/01/80
ZWE;Zimbabwe;Cement;Manufacturing;Quantity / USD million equivalent;1992;0,465012391;1,066212103;118,2030239;11,74733258;109,293704;Annual;01/01/80
ZWE;Zimbabwe;Cement;Manufacturing;Quantity / USD million equivalent;1993;0,395672725;1,006469851;130,8251315;8,206791863;116,7823103;Annual;01/01/80
ZWE;Zimbabwe;Cement;Manufacturing;Quantity / USD million equivalent;1994;0,406228435;0,956325123;128,7566979;10,48169058;107,1808467;Annual;01/01/80
ZWE;Zimbabwe;Cement;Manufacturing;Quantity / USD million equivalent;1995;0,431067617;1,038466223;127,0217909;11,53270432;116,5560595;Annual;01/01/80
ZWE;Zimbabwe;Cement;Manufacturing;Quantity / USD million equivalent;1996;0,424619323;0,854103314;140,3284125;16,80866431;103,4958068;Annual;01/01/80
ZWE;Zimbabwe;Cement;Manufacturing;Quantity / USD million equivalent;1997;0,481450603;1,011374126;128,4901955;17,12214113;112,6579614;Annual;01/01/80
ZWE;Zimbabwe;Cement;Manufacturing;Quantity / USD million equivalent;1998;0,473403239;1,043315025;132,2107421;14,68549361;121,1563262;Annual;01/01/80
ZWE;Zimbabwe;Cement;Manufacturing;Quantity / USD million equivalent;1999;0,439651257;0,974669581;136,9433518;15,01524656;117,0778673;Annual;01/01/80
ZWE;Zimbabwe;Cement;Manufacturing;Quantity / USD million equivalent;2000;0,510345098;1,152890353;128,1875806;13,85666404;128,5234095;Annual;01/01/80
ZWE;Zimbabwe;Cement;Manufacturing;Quantity / USD million equivalent;2001;0,542957317;1,193545868;109,3439728;13,75444581;114,9505774;Annual;01/01/80
ZWE;Zimbabwe;Cement;Manufacturing;Quantity / USD million equivalent;2002;0,598286533;1,350954905;108,4914989;15,47249373;128,1399484;Annual;01/01/80
ZWE;Zimbabwe;Cement;Manufacturing;Quantity / USD million equivalent;2003;0,511883778;1,329098897;121,9424255;7,191639977;145,8305515;Annual;01/01/80
ZWE;Zimbabwe;Cement;Manufacturing;Quantity / USD million equivalent;2004;0,568696408;1,285662743;109,7644579;13,0531233;123,8637084;Annual;01/01/80
ZWE;Zimbabwe;Cement;Manufacturing;Quantity / USD million equivalent;2005;0,695740515;1,358961059;107,0529536;23,15727827;125,2728995;Annual;01/01/80
ZWE;Zimbabwe;Cement;Manufacturing;Quantity / USD million equivalent;2006;0,573264826;1,405053643;118,1883866;10,0418141;146,5512481;Annual;01/01/80
ZWE;Zimbabwe;Cement;Manufacturing;Quantity / USD million equivalent;2007;0,835905765;1,787351452;88,05276617;18,67039767;137,514041;Annual;01/01/80
ZWE;Zimbabwe;Cement;Manufacturing;Quantity / USD million equivalent;2008;0,932608319;1,669693971;86,43157644;27,4642701;122,4562506;Annual;01/01/80
ZWE;Zimbabwe;Cement;Manufacturing;Quantity / USD million equivalent;2009;0,822805423;2,06587244;79,38291822;10,1586036;146,7893993;Annual;01/01/80
ZWE;Zimbabwe;Cement;Manufacturing;Quantity / USD million equivalent;2010;0,97883254;2,180928537;73,17998841;16,77092856;139,4919522;Annual;01/01/80
ZWE;Zimbabwe;Cement;Manufacturing;Quantity / USD million equivalent;2011;0,871960976;1,777407786;82,91338404;20,88208823;128,6543557;Annual;01/01/80
ZWE;Zimbabwe;Cement;Manufacturing;Quantity / USD million equivalent;2012;0,815820664;1,806138681;96,06148001;19,49617308;152,3377559;Annual;01/01/80
ZWE;Zimbabwe;Cement;Manufacturing;Quantity / USD million equivalent;2013;0,965086026;2,310603813;78,93252457;12,66826457;161,7863209;Annual;01/01/80
ZWE;Zimbabwe;Cement;Manufacturing;Quantity / USD million equivalent;2014;0,953370649;2,289236377;75,22064134;12,97419078;152,5913565;Annual;01/01/80
ZWE;Zimbabwe;Cement;Manufacturing;Quantity / USD million equivalent;2015;0,919537487;2,197818345;84,47508852;14,39339481;164,4835946;Annual;01/01/80
ZWE;Zimbabwe;Cement;Manufacturing;Quantity / USD million equivalent;2016;0,881315058;2,043906397;95,62189832;18,014369;170,6372862;Annual;01/01/80
ZWE;Zimbabwe;Cement;Manufacturing;Quantity / USD million equivalent;2017;0,818494781;1,700619761;97,7725288;21,44317206;144,3723693;Annual;01/01/80
ZWE;Zimbabwe;Cement;Manufacturing;Quantity / USD million equivalent;2018;0,786917733;1,891301983;100,364324;16,0342749;167,6641985;Annual;01/01/80
ZWE;Zimbabwe;Cement;Manufacturing;Quantity / USD million equivalent;2019;0,767647556;1,759462315;104,3920626;17,14117827;160,3537628;Annual;01/01/80
ZWE;Zimbabwe;Cement;Manufacturing;Quantity / USD million equivalent;2020;0,878078013;1,837246524;103,068179;24,39967456;165,5142076;Annual;01/01/80
ZWE;Zimbabwe;Cement;Manufacturing;Quantity / USD million equivalent;2021;0,860311293;1,782066624;103,209515;24,14252296;161,2873535;Annual;01/01/80
ZWE;Zimbabwe;Cement;Manufacturing;Quantity / USD million equivalent;2022;0,912712518;2,04260065;94,61549966;19,8150563;168,6082208;Annual;01/01/80
ZWE;Zimbabwe;Cement;Manufacturing;Quantity / USD million equivalent;2023;0,768400957;1,534136052;123,6746178;28,6066774;161,837167;Annual;01/01/80
ZWE;Zimbabwe;Cement;Manufacturing;Quantity / USD million equivalent;2024;0,854304189;1,718963248;113,6666531;28,76901984;169,4378811;Annual;01/01/80
ZWE;Zimbabwe;Cement;Manufacturing;Quantity / USD million equivalent;2025;0,651347776;1,448308136;136,5427376;21,25450183;172,0034396;Annual;01/01/80
ZWE;Zimbabwe;Cement;Manufacturing;Quantity / USD million equivalent;2026;0,562659758;1,18127454;122,3238354;17,94682892;126,6061617;Annual;01/01/80
ZWE;Zimbabwe;Chemicals;Manufacturing;Quantity / USD million equivalent;1980;0,397408527;1,042703887;100,1953348;5,242750893;94,4527685;Annual;01/01/80
ZWE;Zimbabwe;Chemicals;Manufacturing;Quantity / USD million equivalent;1981;0,415483415;1,045716365;101,6759093;5,710380269;95,64826071;Annual;01/01/80
ZWE;Zimbabwe;Chemicals;Manufacturing;Quantity / USD million equivalent;1982;0,415930425;1,343454254;91,10202177;0,697799164;111,0731611;Annual;01/01/80
ZWE;Zimbabwe;Chemicals;Manufacturing;Quantity / USD million equivalent;1983;0,419295161;1,097683914;107,1596291;5,598769266;104,8297684;Annual;01/01/80
ZWE;Zimbabwe;Chemicals;Manufacturing;Quantity / USD million equivalent;1984;0,439978225;1,141018178;99,82382605;6,034057191;101,712243;Annual;01/01/80
ZWE;Zimbabwe;Chemicals;Manufacturing;Quantity / USD million equivalent;1985;0,396569263;1,07841044;106,8855125;6,578832753;101,1675932;Annual;01/01/80
ZWE;Zimbabwe;Chemicals;Manufacturing;Quantity / USD million equivalent;1986;0,456004562;1,344080219;95,67781145;4,648652854;115,2346066;Annual;01/01/80
ZWE;Zimbabwe;Chemicals;Manufacturing;Quantity / USD million equivalent;1987;0,481926624;1,466461981;83,19683271;2,57589204;111,6126285;Annual;01/01/80
ZWE;Zimbabwe;Chemicals;Manufacturing;Quantity / USD million equivalent;1988;0,508179686;1,356218772;92,62444246;4,533144112;112,1121233;Annual;01/01/80
ZWE;Zimbabwe;Chemicals;Manufacturing;Quantity / USD million equivalent;1989;0,47082953;1,365431344;94,13570442;2,742951038;116,5967257;Annual;01/01/80
ZWE;Zimbabwe;Chemicals;Manufacturing;Quantity / USD million equivalent;1990;0,438858637;1,29265744;104,6807205;2,908238868;122,5474023;Annual;01/01/80
ZWE;Zimbabwe;Chemicals;Manufacturing;Quantity / USD million equivalent;1991;0,414419525;1,129322605;113,4976375;6,173792496;114,0510624;Annual;01/01/80
ZWE;Zimbabwe;Chemicals;Manufacturing;Quantity / USD million equivalent;1992;0,441010461;1,059196804;116,8822448;9,469552927;109,2197963;Annual;01/01/80
ZWE;Zimbabwe;Chemicals;Manufacturing;Quantity / USD million equivalent;1993;0,399098667;1,065670011;123,6440875;5,953649956;119,2915949;Annual;01/01/80
ZWE;Zimbabwe;Chemicals;Manufacturing;Quantity / USD million equivalent;1994;0,393914182;0,952904683;122,5710207;9,312292137;104,0707977;Annual;01/01/80
ZWE;Zimbabwe;Chemicals;Manufacturing;Quantity / USD million equivalent;1995;0,455692231;1,087413479;122,8242306;10,61804282;117,1331358;Annual;01/01/80
ZWE;Zimbabwe;Chemicals;Manufacturing;Quantity / USD million equivalent;1996;0,441792044;0,958281837;135,1816919;14,18144702;112,4835864;Annual;01/01/80
ZWE;Zimbabwe;Chemicals;Manufacturing;Quantity / USD million equivalent;1997;0,42064505;0,964202985;140,9737554;13,40191856;117,9684596;Annual;01/01/80
ZWE;Zimbabwe;Chemicals;Manufacturing;Quantity / USD million equivalent;1998;0,453046021;1,023572377;139,1242568;15,73361004;123,4270396;Annual;01/01/80
ZWE;Zimbabwe;Chemicals;Manufacturing;Quantity / USD million equivalent;1999;0,42084343;0,931786788;144,996554;15,41879248;117,5377922;Annual;01/01/80
ZWE;Zimbabwe;Chemicals;Manufacturing;Quantity / USD million equivalent;2000;0,476242624;1,054697666;127,3115559;13,49990797;118,9863218;Annual;01/01/80
ZWE;Zimbabwe;Chemicals;Manufacturing;Quantity / USD million equivalent;2001;0,569390687;1,257988938;106,2780718;15,41253431;116,330955;Annual;01/01/80
ZWE;Zimbabwe;Chemicals;Manufacturing;Quantity / USD million equivalent;2002;0,63166785;1,4124573;103,8727399;15,02641631;128,4765688;Annual;01/01/80
ZWE;Zimbabwe;Chemicals;Manufacturing;Quantity / USD million equivalent;2003;0,555623378;1,33405298;122,5273647;12,07540858;144,3812818;Annual;01/01/80
ZWE;Zimbabwe;Chemicals;Manufacturing;Quantity / USD million equivalent;2004;0,590064886;1,398808404;110,0593021;12,87840292;136,0820632;Annual;01/01/80
ZWE;Zimbabwe;Chemicals;Manufacturing;Quantity / USD million equivalent;2005;0,660850003;1,379000971;107,6642299;18,86091202;128,9382476;Annual;01/01/80
ZWE;Zimbabwe;Chemicals;Manufacturing;Quantity / USD million equivalent;2006;0,706348759;1,715541156;103,0584125;12,19666919;155,1853598;Annual;01/01/80
ZWE;Zimbabwe;Chemicals;Manufacturing;Quantity / USD million equivalent;2007;0,792477137;1,612315451;94,97420133;21,53160253;132,4048532;Annual;01/01/80
ZWE;Zimbabwe;Chemicals;Manufacturing;Quantity / USD million equivalent;2008;0,78202095;1,613521212;89,41958836;19,87365991;125,270869;Annual;01/01/80
ZWE;Zimbabwe;Chemicals;Manufacturing;Quantity / USD million equivalent;2009;0,891203647;2,15341238;77,57652698;14,18416703;148,7704546;Annual;01/01/80
ZWE;Zimbabwe;Chemicals;Manufacturing;Quantity / USD million equivalent;2010;0,873884522;1,862870928;81,77101834;18,45987234;132,7301997;Annual;01/01/80
ZWE;Zimbabwe;Chemicals;Manufacturing;Quantity / USD million equivalent;2011;0,919877076;1,941853313;79,01952599;19,23581748;132,6183686;Annual;01/01/80
ZWE;Zimbabwe;Chemicals;Manufacturing;Quantity / USD million equivalent;2012;0,796829822;1,900514786;95,82035734;13,9411391;161,2056636;Annual;01/01/80
ZWE;Zimbabwe;Chemicals;Manufacturing;Quantity / USD million equivalent;2013;0,863274473;2,189169542;90,29151737;14,12306506;175,7095425;Annual;01/01/80
ZWE;Zimbabwe;Chemicals;Manufacturing;Quantity / USD million equivalent;2014;1,05038654;2,54891119;73,36958568;12,61771965;164,2857397;Annual;01/01/80
ZWE;Zimbabwe;Chemicals;Manufacturing;Quantity / USD million equivalent;2015;0,821156704;1,985163648;89,37933527;12,60290355;158,3960986;Annual;01/01/80
ZWE;Zimbabwe;Chemicals;Manufacturing;Quantity / USD million equivalent;2016;0,852257086;1,942270702;94,78139894;16,81568717;161,7256458;Annual;01/01/80
ZWE;Zimbabwe;Chemicals;Manufacturing;Quantity / USD million equivalent;2017;0,796616496;1,71870801;99,24170769;19,03650213;149,8041218;Annual;01/01/80
ZWE;Zimbabwe;Chemicals;Manufacturing;Quantity / USD million equivalent;2018;0,773314533;1,971436619;92,73545211;11,1644668;160,5225008;Annual;01/01/80
ZWE;Zimbabwe;Chemicals;Manufacturing;Quantity / USD million equivalent;2019;0,744383062;1,775796264;107,5550335;16,17218566;166,0700852;Annual;01/01/80
ZWE;Zimbabwe;Chemicals;Manufacturing;Quantity / USD million equivalent;2020;0,853829317;1,675578532;105,4117461;27,77788036;150,7874289;Annual;01/01/80
ZWE;Zimbabwe;Chemicals;Manufacturing;Quantity / USD million equivalent;2021;0,821412464;1,659845314;104,6690808;25,84526576;152,3667091;Annual;01/01/80
ZWE;Zimbabwe;Chemicals;Manufacturing;Quantity / USD million equivalent;2022;0,981058666;2,179477127;92,73760821;21,5519627;176,757132;Annual;01/01/80
ZWE;Zimbabwe;Chemicals;Manufacturing;Quantity / USD million equivalent;2023;0,802361571;1,632714273;114,3295206;26,47834636;161,1022734;Annual;01/01/80
ZWE;Zimbabwe;Chemicals;Manufacturing;Quantity / USD million equivalent;2024;0,737467205;1,473335989;131,4117452;29,18177961;167,6393871;Annual;01/01/80
ZWE;Zimbabwe;Chemicals;Manufacturing;Quantity / USD million equivalent;2025;0,7208041;1,446004316;134,9946417;29,13224292;167,0494981;Annual;01/01/80
ZWE;Zimbabwe;Chemicals;Manufacturing;Quantity / USD million equivalent;2026;0,589223238;1,394182986;116,9303077;13,26823377;143,6730768;Annual;01/01/80
ZWE;Zimbabwe;Clothing;Manufacturing;Quantity / USD million equivalent;1980;0,412623887;1,080440013;102,2060565;5,612740747;96,0712865;Annual;01/01/80
ZWE;Zimbabwe;Clothing;Manufacturing;Quantity / USD million equivalent;1981;0,425229931;1,045489296;100,9964656;6,282531801;93,71049667;Annual;01/01/80
ZWE;Zimbabwe;Clothing;Manufacturing;Quantity / USD million equivalent;1982;0,394011485;1,308971849;94,48231702;1,373090272;113,7883429;Annual;01/01/80
ZWE;Zimbabwe;Clothing;Manufacturing;Quantity / USD million equivalent;1983;0,444109076;1,164065571;100,7237771;6,567462371;103,4982068;Annual;01/01/80
ZWE;Zimbabwe;Clothing;Manufacturing;Quantity / USD million equivalent;1984;0,453075196;1,117903152;101,7282718;7,007491142;101,1892116;Annual;01/01/80
ZWE;Zimbabwe;Clothing;Manufacturing;Quantity / USD million equivalent;1985;0,427462047;1,163773203;101,9046293;4,420200983;106,3309659;Annual;01/01/80
ZWE;Zimbabwe;Clothing;Manufacturing;Quantity / USD million equivalent;1986;0,417152748;1,253601381;100,3384746;4,865246504;113,7932733;Annual;01/01/80
ZWE;Zimbabwe;Clothing;Manufacturing;Quantity / USD million equivalent;1987;0,454546749;1,366901293;85,76127156;1,511246437;106,2073555;Annual;01/01/80
ZWE;Zimbabwe;Clothing;Manufacturing;Quantity / USD million equivalent;1988;0,500863387;1,368605551;87,67125887;4,272634028;106,7703119;Annual;01/01/80
ZWE;Zimbabwe;Clothing;Manufacturing;Quantity / USD million equivalent;1989;0,44667171;1,293890282;100,6018623;2,500443469;117,1470116;Annual;01/01/80
ZWE;Zimbabwe;Clothing;Manufacturing;Quantity / USD million equivalent;1990;0,465346447;1,465733674;96,24844607;2,54192329;128,0226871;Annual;01/01/80
ZWE;Zimbabwe;Clothing;Manufacturing;Quantity / USD million equivalent;1991;0,38559662;1,158825488;113,8539129;2,923172509;118,8342033;Annual;01/01/80
ZWE;Zimbabwe;Clothing;Manufacturing;Quantity / USD million equivalent;1992;0,451229872;1,039444934;123,1228868;11,7219824;110,7142302;Annual;01/01/80
ZWE;Zimbabwe;Clothing;Manufacturing;Quantity / USD million equivalent;1993;0,390769013;1,02959238;128,4398173;5,546482077;118,8717137;Annual;01/01/80
ZWE;Zimbabwe;Clothing;Manufacturing;Quantity / USD million equivalent;1994;0,404414766;0,976805107;127,2830654;8,689679179;110,3713333;Annual;01/01/80
ZWE;Zimbabwe;Clothing;Manufacturing;Quantity / USD million equivalent;1995;0,459942175;1,081389818;121,5039407;11,16765845;115,3955688;Annual;01/01/80
ZWE;Zimbabwe;Clothing;Manufacturing;Quantity / USD million equivalent;1996;0,396472776;0,826272684;145,5186769;15,51916748;104,3252431;Annual;01/01/80
ZWE;Zimbabwe;Clothing;Manufacturing;Quantity / USD million equivalent;1997;0,439966142;1,026819954;134,8631986;13,24097015;121,434519;Annual;01/01/80
ZWE;Zimbabwe;Clothing;Manufacturing;Quantity / USD million equivalent;1998;0,475632621;1,034284535;135,0008355;18,06098471;119,3180175;Annual;01/01/80
ZWE;Zimbabwe;Clothing;Manufacturing;Quantity / USD million equivalent;1999;0,420635926;0,899601497;145,1775519;15,71830545;113,0195741;Annual;01/01/80
ZWE;Zimbabwe;Clothing;Manufacturing;Quantity / USD million equivalent;2000;0,508548239;1,103548997;129,7593212;15,30388919;123,7456903;Annual;01/01/80
ZWE;Zimbabwe;Clothing;Manufacturing;Quantity / USD million equivalent;2001;0,529972646;1,145138073;116,3634999;15,89979484;117,3524418;Annual;01/01/80
ZWE;Zimbabwe;Clothing;Manufacturing;Quantity / USD million equivalent;2002;0,596456265;1,264581551;114,236301;17,44461343;125,9899937;Annual;01/01/80
ZWE;Zimbabwe;Clothing;Manufacturing;Quantity / USD million equivalent;2003;0,531138585;1,319973783;122,6592657;9,806063309;141,0772104;Annual;01/01/80
ZWE;Zimbabwe;Clothing;Manufacturing;Quantity / USD million equivalent;2004;0,598964476;1,286292352;108,3521137;16,66364442;121,0316991;Annual;01/01/80
ZWE;Zimbabwe;Clothing;Manufacturing;Quantity / USD million equivalent;2005;0,640100209;1,338710692;111,4664149;20,00747848;126,9886854;Annual;01/01/80
ZWE;Zimbabwe;Clothing;Manufacturing;Quantity / USD million equivalent;2006;0,623855351;1,449365554;115,4534026;13,78466727;148,6689066;Annual;01/01/80
ZWE;Zimbabwe;Clothing;Manufacturing;Quantity / USD million equivalent;2007;0,849717107;1,770529964;89,34757832;19,88350597;135,2161425;Annual;01/01/80
ZWE;Zimbabwe;Clothing;Manufacturing;Quantity / USD million equivalent;2008;0,865386988;1,861314723;82,01481319;17,11603669;132,984506;Annual;01/01/80
ZWE;Zimbabwe;Clothing;Manufacturing;Quantity / USD million equivalent;2009;0,925353445;2,147035395;76,94548671;14,65263641;145,0008503;Annual;01/01/80
ZWE;Zimbabwe;Clothing;Manufacturing;Quantity / USD million equivalent;2010;0,954533326;2,132019415;74,13140322;16,57527885;138,5252794;Annual;01/01/80
ZWE;Zimbabwe;Clothing;Manufacturing;Quantity / USD million equivalent;2011;0,874341379;1,796892618;85,33893743;20,8011757;132,3928999;Annual;01/01/80
ZWE;Zimbabwe;Clothing;Manufacturing;Quantity / USD million equivalent;2012;0,859724043;1,817565865;97,4686363;21,80931762;155,0390361;Annual;01/01/80
ZWE;Zimbabwe;Clothing;Manufacturing;Quantity / USD million equivalent;2013;0,849978565;2,127146312;86,52485836;12,8698091;161,1642419;Annual;01/01/80
ZWE;Zimbabwe;Clothing;Manufacturing;Quantity / USD million equivalent;2014;0,940435689;2,264212701;77,92118373;11,07370258;155,5286177;Annual;01/01/80
ZWE;Zimbabwe;Clothing;Manufacturing;Quantity / USD million equivalent;2015;0,991481596;2,265297511;82,77276984;17,94832157;165,0050904;Annual;01/01/80
ZWE;Zimbabwe;Clothing;Manufacturing;Quantity / USD million equivalent;2016;0,822399257;1,897828319;101,7454332;17,85592788;169,5073411;Annual;01/01/80
ZWE;Zimbabwe;Clothing;Manufacturing;Quantity / USD million equivalent;2017;0,821531536;1,736080526;93,61267798;19,68034741;142,0558124;Annual;01/01/80
ZWE;Zimbabwe;Clothing;Manufacturing;Quantity / USD million equivalent;2018;0,784831644;1,984914541;91,25802785;11,13283443;163,2074249;Annual;01/01/80
ZWE;Zimbabwe;Clothing;Manufacturing;Quantity / USD million equivalent;2019;0,763461146;1,912276963;108,2023514;11,82491144;184,040357;Annual;01/01/80
ZWE;Zimbabwe;Clothing;Manufacturing;Quantity / USD million equivalent;2020;0,948809502;1,904008222;99,50537036;27,70934645;163,1864734;Annual;01/01/80
ZWE;Zimbabwe;Clothing;Manufacturing;Quantity / USD million equivalent;2021;0,865831552;1,800551044;101,5151151;23,42883361;158,7255057;Annual;01/01/80
ZWE;Zimbabwe;Clothing;Manufacturing;Quantity / USD million equivalent;2022;0,88323068;2,118764008;94,25826033;17,83949048;174,769711;Annual;01/01/80
ZWE;Zimbabwe;Clothing;Manufacturing;Quantity / USD million equivalent;2023;0,786742821;1,597064567;117,3805556;26,52220039;155,8715849;Annual;01/01/80
ZWE;Zimbabwe;Clothing;Manufacturing;Quantity / USD million equivalent;2024;0,816128317;1,627925456;121,3098252;29,59274023;170,9783971;Annual;01/01/80
ZWE;Zimbabwe;Clothing;Manufacturing;Quantity / USD million equivalent;2025;0,701793936;1,427786838;137,1098633;28,46843566;170,4661143;Annual;01/01/80
ZWE;Zimbabwe;Clothing;Manufacturing;Quantity / USD million equivalent;2026;0,578863348;1,242895278;126,3705598;18,39800742;136,2449005;Annual;01/01/80
ZWE;Zimbabwe;Coal;Mining;Quantity / USD million equivalent;1980;3,615261751;5,853288326;63,86148511;98,2418213;311,7170087;Annual;01/01/80
ZWE;Zimbabwe;Coal;Mining;Quantity / USD million equivalent;1981;4,13165402;6,085315098;63,50048343;121,083685;319,8596637;Annual;01/01/80
ZWE;Zimbabwe;Coal;Mining;Quantity / USD million equivalent;1982;6,152845729;11,1793724;42,13582788;89,48469617;380,3921263;Annual;01/01/80
ZWE;Zimbabwe;Coal;Mining;Quantity / USD million equivalent;1983;8,904941839;13,43409336;30,14984605;124,8619938;332,0592121;Annual;01/01/80
ZWE;Zimbabwe;Coal;Mining;Quantity / USD million equivalent;1984;9,272895082;14,58469905;28,2415107;116,2256577;338,4607797;Annual;01/01/80
ZWE;Zimbabwe;Coal;Mining;Quantity / USD million equivalent;1985;9,233451976;14,31449502;29,13915119;119,3621536;347,3237581;Annual;01/01/80
ZWE;Zimbabwe;Coal;Mining;Quantity / USD million equivalent;1986;9,065271092;15,38944159;29,87492949;108,9259524;381,5509378;Annual;01/01/80
ZWE;Zimbabwe;Coal;Mining;Quantity / USD million equivalent;1987;5,800230871;10,95534046;40,5091439;80,19905382;381,7686931;Annual;01/01/80
ZWE;Zimbabwe;Coal;Mining;Quantity / USD million equivalent;1988;6,812830087;11,82751303;39,59398698;102,065894;393,7605599;Annual;01/01/80
ZWE;Zimbabwe;Coal;Mining;Quantity / USD million equivalent;1989;7,168920907;11,05591722;39,78262901;132,7010297;362,8778024;Annual;01/01/80
ZWE;Zimbabwe;Coal;Mining;Quantity / USD million equivalent;1990;6,529094234;12,30006454;40,28401059;84,46013308;423,3671304;Annual;01/01/80
ZWE;Zimbabwe;Coal;Mining;Quantity / USD million equivalent;1991;4,931650279;8,045831262;55,90393613;117,1490604;373,3297007;Annual;01/01/80
ZWE;Zimbabwe;Coal;Mining;Quantity / USD million equivalent;1992;4,869126453;6,753983308;64,59068884;157,5986527;347,9435905;Annual;01/01/80
ZWE;Zimbabwe;Coal;Mining;Quantity / USD million equivalent;1993;4,759110932;6,676009393;65,91964028;158,9075342;356,6896756;Annual;01/01/80
ZWE;Zimbabwe;Coal;Mining;Quantity / USD million equivalent;1994;4,886101635;6,647919235;63,18623859;156,3122933;342,7790538;Annual;01/01/80
ZWE;Zimbabwe;Coal;Mining;Quantity / USD million equivalent;1995;5,938548695;8,403514813;55,51536058;164,5411831;380,0905736;Annual;01/01/80
ZWE;Zimbabwe;Coal;Mining;Quantity / USD million equivalent;1996;6,78738643;8,631379671;53,13984903;196,5331838;365,2408456;Annual;01/01/80
ZWE;Zimbabwe;Coal;Mining;Quantity / USD million equivalent;1997;6,889953521;8,250040524;52,68302075;208,4177507;337,7399688;Annual;01/01/80
ZWE;Zimbabwe;Coal;Mining;Quantity / USD million equivalent;1998;7,552690894;9,059428463;52,60734396;223,3246076;371,7136154;Annual;01/01/80
ZWE;Zimbabwe;Coal;Mining;Quantity / USD million equivalent;1999;8,064462282;9,942615561;47,37338639;212,0358568;362,4287979;Annual;01/01/80
ZWE;Zimbabwe;Coal;Mining;Quantity / USD million equivalent;2000;8,203177147;10,43114717;46,33820797;208,7335138;386,1285252;Annual;01/01/80
ZWE;Zimbabwe;Coal;Mining;Quantity / USD million equivalent;2001;7,598617847;9,506289722;47,87330833;203,6044194;358,6232226;Annual;01/01/80
ZWE;Zimbabwe;Coal;Mining;Quantity / USD million equivalent;2002;6,633743091;8,484973278;57,39611729;208,9060236;385,9577536;Annual;01/01/80
ZWE;Zimbabwe;Coal;Mining;Quantity / USD million equivalent;2003;6,076207109;8,481199318;65,29512949;201,0367799;449,276447;Annual;01/01/80
ZWE;Zimbabwe;Coal;Mining;Quantity / USD million equivalent;2004;4,980488858;6,656585034;79,63544859;213,3866048;422,3357707;Annual;01/01/80
ZWE;Zimbabwe;Coal;Mining;Quantity / USD million equivalent;2005;4,64626974;5,785401251;92,40571987;240,9109099;422,1192004;Annual;01/01/80
ZWE;Zimbabwe;Coal;Mining;Quantity / USD million equivalent;2006;4,675133648;5,938775499;95,61186909;246,0091001;456,4743726;Annual;01/01/80
ZWE;Zimbabwe;Coal;Mining;Quantity / USD million equivalent;2007;5,150114191;6,202788907;88,3002354;261,5333029;429,4671229;Annual;01/01/80
ZWE;Zimbabwe;Coal;Mining;Quantity / USD million equivalent;2008;4,25133154;5,164361062;102,1441501;245,1403914;403,0442981;Annual;01/01/80
ZWE;Zimbabwe;Coal;Mining;Quantity / USD million equivalent;2009;4,492290528;6,112832852;90,23934278;205,4475065;443,9646742;Annual;01/01/80
ZWE;Zimbabwe;Coal;Mining;Quantity / USD million equivalent;2010;5,556925394;7,818603221;73,78679973;208,3206466;464,0746292;Annual;01/01/80
ZWE;Zimbabwe;Coal;Mining;Quantity / USD million equivalent;2011;6,086637827;7,865431248;71,96182701;237,8149178;447,4672395;Annual;01/01/80
ZWE;Zimbabwe;Coal;Mining;Quantity / USD million equivalent;2012;6,453846128;8,635395338;75,02329017;248,8431074;520,7078342;Annual;01/01/80
ZWE;Zimbabwe;Coal;Mining;Quantity / USD million equivalent;2013;6,850961427;9,101904146;72,96421159;255,120197;532,6733966;Annual;01/01/80
ZWE;Zimbabwe;Coal;Mining;Quantity / USD million equivalent;2014;8,042570769;10,27561545;59,63995171;262,0909287;487,7972855;Annual;01/01/80
ZWE;Zimbabwe;Coal;Mining;Quantity / USD million equivalent;2015;6,555929533;8,930641058;72,91731404;235,2547885;516,5176121;Annual;01/01/80
ZWE;Zimbabwe;Coal;Mining;Quantity / USD million equivalent;2016;5,94190236;8,0341164;79,94424925;249,0546458;519,4599837;Annual;01/01/80
ZWE;Zimbabwe;Coal;Mining;Quantity / USD million equivalent;2017;4,462580958;5,595156371;104,2829973;256,0033788;451,0315437;Annual;01/01/80
ZWE;Zimbabwe;Coal;Mining;Quantity / USD million equivalent;2018;4,291154531;6,785908641;100,6606866;187,418993;568,2883406;Annual;01/01/80
ZWE;Zimbabwe;Coal;Mining;Quantity / USD million equivalent;2019;4,075662314;5,958018593;116,7938669;227,4184124;566,7585491;Annual;01/01/80
ZWE;Zimbabwe;Coal;Mining;Quantity / USD million equivalent;2020;5,203686543;5,590281234;111,7725536;354,7531576;472,4363495;Annual;01/01/80
ZWE;Zimbabwe;Coal;Mining;Quantity / USD million equivalent;2021;4,937405827;6,297867527;103,9135882;278,3607187;522,4546535;Annual;01/01/80
ZWE;Zimbabwe;Coal;Mining;Quantity / USD million equivalent;2022;4,279247021;5,39519976;127,030326;300,6716081;537,0412801;Annual;01/01/80
ZWE;Zimbabwe;Coal;Mining;Quantity / USD million equivalent;2023;3,649356698;4,576950914;147,193673;301,5338984;529,8305577;Annual;01/01/80
ZWE;Zimbabwe;Coal;Mining;Quantity / USD million equivalent;2024;4,200719938;4,354643261;144,904897;381,770782;477,7004017;Annual;01/01/80
ZWE;Zimbabwe;Coal;Mining;Quantity / USD million equivalent;2025;3,302382501;4,14860152;163,1869185;297,306383;542,0046417;Annual;01/01/80
ZWE;Zimbabwe;Coal;Mining;Quantity / USD million equivalent;2026;2,732549644;3,051476193;156,2948145;255,2381629;369,6356172;Annual;01/01/80
ZWE;Zimbabwe;Construction Materials;Manufacturing;Quantity / USD million equivalent;1980;0,386196984;0,985733552;103,1167818;6,401408844;90,72755742;Annual;01/01/80
ZWE;Zimbabwe;Construction Materials;Manufacturing;Quantity / USD million equivalent;1981;0,408112735;1,02956862;102,7788798;6,721303607;93,02323924;Annual;01/01/80
ZWE;Zimbabwe;Construction Materials;Manufacturing;Quantity / USD million equivalent;1982;0,417723436;1,321839267;93,52475026;2,360415337;111,1145186;Annual;01/01/80
ZWE;Zimbabwe;Construction Materials;Manufacturing;Quantity / USD million equivalent;1983;0,466521728;1,220065723;99,3684722;4,931483091;109,1067567;Annual;01/01/80
ZWE;Zimbabwe;Construction Materials;Manufacturing;Quantity / USD million equivalent;1984;0,428988575;1,133393037;105,9657549;4,574450563;107,8508703;Annual;01/01/80
ZWE;Zimbabwe;Construction Materials;Manufacturing;Quantity / USD million equivalent;1985;0,430044295;1,105576675;108,8222415;7,400804588;104,4003804;Annual;01/01/80
ZWE;Zimbabwe;Construction Materials;Manufacturing;Quantity / USD million equivalent;1986;0,429741503;1,195317457;103,8174162;6,006400285;112,718396;Annual;01/01/80
ZWE;Zimbabwe;Construction Materials;Manufacturing;Quantity / USD million equivalent;1987;0,459862908;1,41086663;87,15836238;1,673331667;111,2234158;Annual;01/01/80
ZWE;Zimbabwe;Construction Materials;Manufacturing;Quantity / USD million equivalent;1988;0,502095916;1,3136332;93,09529671;6,40158053;108,1252192;Annual;01/01/80
ZWE;Zimbabwe;Construction Materials;Manufacturing;Quantity / USD million equivalent;1989;0,461380622;1,314810199;97,15335668;3,201709735;113,8043479;Annual;01/01/80
ZWE;Zimbabwe;Construction Materials;Manufacturing;Quantity / USD million equivalent;1990;0,463294677;1,575460222;95,00421729;1,710149405;137,3831994;Annual;01/01/80
ZWE;Zimbabwe;Construction Materials;Manufacturing;Quantity / USD million equivalent;1991;0,414082951;1,170543925;113,9427865;4,242299997;119,3534117;Annual;01/01/80
ZWE;Zimbabwe;Construction Materials;Manufacturing;Quantity / USD million equivalent;1992;0,404171645;0,977706628;125,2757862;8,006260402;109,45987;Annual;01/01/80
ZWE;Zimbabwe;Construction Materials;Manufacturing;Quantity / USD million equivalent;1993;0,379871685;0,999480483;130,8799637;6,420285601;116,1730524;Annual;01/01/80
ZWE;Zimbabwe;Construction Materials;Manufacturing;Quantity / USD million equivalent;1994;0,383151623;1,015453192;131,2224483;6,030804084;118,5567552;Annual;01/01/80
ZWE;Zimbabwe;Construction Materials;Manufacturing;Quantity / USD million equivalent;1995;0,474631515;1,111389421;115,2000639;11,87544024;112,3134078;Annual;01/01/80
ZWE;Zimbabwe;Construction Materials;Manufacturing;Quantity / USD million equivalent;1996;0,413781811;0,857887386;148,4400996;17,2619158;109,0482087;Annual;01/01/80
ZWE;Zimbabwe;Construction Materials;Manufacturing;Quantity / USD million equivalent;1997;0,448820884;0,997432432;138,0396488;15,32130374;121,0240384;Annual;01/01/80
ZWE;Zimbabwe;Construction Materials;Manufacturing;Quantity / USD million equivalent;1998;0,442453518;0,986925833;142,2604435;15,58426329;121,7601694;Annual;01/01/80
ZWE;Zimbabwe;Construction Materials;Manufacturing;Quantity / USD million equivalent;1999;0,461331785;1,013291003;131,7225096;14,44021055;117,7299125;Annual;01/01/80
ZWE;Zimbabwe;Construction Materials;Manufacturing;Quantity / USD million equivalent;2000;0,45568201;1,058747906;134,7878581;11,48060792;125,8434423;Annual;01/01/80
ZWE;Zimbabwe;Construction Materials;Manufacturing;Quantity / USD million equivalent;2001;0,548370523;1,130230069;113,0197957;18,09634167;112,2846056;Annual;01/01/80
ZWE;Zimbabwe;Construction Materials;Manufacturing;Quantity / USD million equivalent;2002;0,606054793;1,281188694;107,2964359;16,81882183;119,9664213;Annual;01/01/80
ZWE;Zimbabwe;Construction Materials;Manufacturing;Quantity / USD million equivalent;2003;0,534721235;1,365702124;123,5513051;9,271025981;147,0535055;Annual;01/01/80
ZWE;Zimbabwe;Construction Materials;Manufacturing;Quantity / USD million equivalent;2004;0,581878355;1,257943396;110,7820139;15,38087723;122,5871979;Annual;01/01/80
ZWE;Zimbabwe;Construction Materials;Manufacturing;Quantity / USD million equivalent;2005;0,665274725;1,350104956;109,4702633;21,1548108;128,9898983;Annual;01/01/80
ZWE;Zimbabwe;Construction Materials;Manufacturing;Quantity / USD million equivalent;2006;0,698879687;1,552597826;106,211044;16,78676083;144,5250259;Annual;01/01/80
ZWE;Zimbabwe;Construction Materials;Manufacturing;Quantity / USD million equivalent;2007;0,807755319;1,695811683;91,14637638;19,36043491;134,4693575;Annual;01/01/80
ZWE;Zimbabwe;Construction Materials;Manufacturing;Quantity / USD million equivalent;2008;0,846402398;1,583264513;86,23476683;24,18975111;117,745601;Annual;01/01/80
ZWE;Zimbabwe;Construction Materials;Manufacturing;Quantity / USD million equivalent;2009;0,777166714;1,79741306;88,07069687;14,54127692;137,7418939;Annual;01/01/80
ZWE;Zimbabwe;Construction Materials;Manufacturing;Quantity / USD million equivalent;2010;0,954110373;2,096036453;77,73780833;18,52501312;139,931865;Annual;01/01/80
ZWE;Zimbabwe;Construction Materials;Manufacturing;Quantity / USD million equivalent;2011;0,952439582;2,006059739;79,03131418;20,66682308;137,4476499;Annual;01/01/80
ZWE;Zimbabwe;Construction Materials;Manufacturing;Quantity / USD million equivalent;2012;0,831514853;1,881175642;95,01897175;16,25656519;157,3032057;Annual;01/01/80
ZWE;Zimbabwe;Construction Materials;Manufacturing;Quantity / USD million equivalent;2013;0,87666708;2,298332497;81,63331957;11,748036;165,1658393;Annual;01/01/80
ZWE;Zimbabwe;Construction Materials;Manufacturing;Quantity / USD million equivalent;2014;1,037294904;2,431029806;72,92003983;14,61414582;155,1463357;Annual;01/01/80
ZWE;Zimbabwe;Construction Materials;Manufacturing;Quantity / USD million equivalent;2015;0,908911552;2,086806164;84,67871867;15,40044916;153,8985975;Annual;01/01/80
ZWE;Zimbabwe;Construction Materials;Manufacturing;Quantity / USD million equivalent;2016;0,891733844;2,002965782;89,65724636;18,36900668;158,6521921;Annual;01/01/80
ZWE;Zimbabwe;Construction Materials;Manufacturing;Quantity / USD million equivalent;2017;0,841549982;1,703694267;96,55367084;23,2793706;141,721955;Annual;01/01/80
ZWE;Zimbabwe;Construction Materials;Manufacturing;Quantity / USD million equivalent;2018;0,74848047;1,773372821;101,6386342;15,730512;159,19878;Annual;01/01/80
ZWE;Zimbabwe;Construction Materials;Manufacturing;Quantity / USD million equivalent;2019;0,775432865;1,786332219;106,4748897;18,67317613;165,9733305;Annual;01/01/80
ZWE;Zimbabwe;Construction Materials;Manufacturing;Quantity / USD million equivalent;2020;0,838795323;1,67513956;109,4184926;28,51842309;157,3369252;Annual;01/01/80
ZWE;Zimbabwe;Construction Materials;Manufacturing;Quantity / USD million equivalent;2021;0,871245882;1,924464876;98,8176371;19,70958452;166,1389879;Annual;01/01/80
ZWE;Zimbabwe;Construction Materials;Manufacturing;Quantity / USD million equivalent;2022;0,95913667;1,982770956;92,75602157;24,40500254;159,9857677;Annual;01/01/80
ZWE;Zimbabwe;Construction Materials;Manufacturing;Quantity / USD million equivalent;2023;0,828435115;1,702907255;113,0866041;26,83611239;164,929328;Annual;01/01/80
ZWE;Zimbabwe;Construction Materials;Manufacturing;Quantity / USD million equivalent;2024;0,82179724;1,635178719;118,2500072;28,3352234;168,0731207;Annual;01/01/80
ZWE;Zimbabwe;Construction Materials;Manufacturing;Quantity / USD million equivalent;2025;0,70118285;1,510572247;130,1862938;22,72305545;171,4863679;Annual;01/01/80
ZWE;Zimbabwe;Construction Materials;Manufacturing;Quantity / USD million equivalent;2026;0,552528657;1,187985266;127,0939434;16,97805418;132,5217546;Annual;01/01/80
ZWE;Zimbabwe;Copper;Mining;Quantity / USD million equivalent;1980;135,0093494;218,7479788;1,235452545;71,09651956;222,7493682;Annual;01/01/80
ZWE;Zimbabwe;Copper;Mining;Quantity / USD million equivalent;1981;139,714961;197,1433249;1,291168076;90,64961154;208,2108987;Annual;01/01/80
ZWE;Zimbabwe;Copper;Mining;Quantity / USD million equivalent;1982;124,2703194;238,6476321;1,257298678;50,60806595;254,0216356;Annual;01/01/80
ZWE;Zimbabwe;Copper;Mining;Quantity / USD million equivalent;1983;131,3634515;211,270528;1,354071928;74,70121705;238,8709349;Annual;01/01/80
ZWE;Zimbabwe;Copper;Mining;Quantity / USD million equivalent;1984;158,3108851;243,2736224;1,13091099;82,39991008;227,7397847;Annual;01/01/80
ZWE;Zimbabwe;Copper;Mining;Quantity / USD million equivalent;1985;208,2218013;368,3147317;0,824248074;63,09834575;256,4822283;Annual;01/01/80
ZWE;Zimbabwe;Copper;Mining;Quantity / USD million equivalent;1986;208,4817514;386,5824726;0,81129555;60,27841727;268,2545245;Annual;01/01/80
ZWE;Zimbabwe;Copper;Mining;Quantity / USD million equivalent;1987;237,4705721;435,8313488;0,691758031;56,77178332;254,9888338;Annual;01/01/80
ZWE;Zimbabwe;Copper;Mining;Quantity / USD million equivalent;1988;317,1471564;541,7580619;0,557194781;68,93394066;255,9758985;Annual;01/01/80
ZWE;Zimbabwe;Copper;Mining;Quantity / USD million equivalent;1989;332,0887848;642,4072995;0,510901705;55,02764478;276,1931567;Annual;01/01/80
ZWE;Zimbabwe;Copper;Mining;Quantity / USD million equivalent;1990;440,74973;866,8099141;0,412051302;56,55938038;304,7092831;Annual;01/01/80
ZWE;Zimbabwe;Copper;Mining;Quantity / USD million equivalent;1991;395,0083223;719,8589252;0,449516477;62,54494156;276,7136633;Annual;01/01/80
ZWE;Zimbabwe;Copper;Mining;Quantity / USD million equivalent;1992;434,0082392;620,2361984;0,507453761;107,3610763;254,8244257;Annual;01/01/80
ZWE;Zimbabwe;Copper;Mining;Quantity / USD million equivalent;1993;419,0700469;631,2769402;0,495547795;95,27584489;258,8081777;Annual;01/01/80
ZWE;Zimbabwe;Copper;Mining;Quantity / USD million equivalent;1994;378,2209124;596,9807838;0,5163599;86,80013622;254,922163;Annual;01/01/80
ZWE;Zimbabwe;Copper;Mining;Quantity / USD million equivalent;1995;403,0967697;574,7841363;0,556744464;112,2046681;260,0681974;Annual;01/01/80
ZWE;Zimbabwe;Copper;Mining;Quantity / USD million equivalent;1996;351,2040165;480,2729964;0,642483093;118,3522364;250,2797535;Annual;01/01/80
ZWE;Zimbabwe;Copper;Mining;Quantity / USD million equivalent;1997;406,4574342;592,1166038;0,571664764;113,9887195;273,4903103;Annual;01/01/80
ZWE;Zimbabwe;Copper;Mining;Quantity / USD million equivalent;1998;405,4670432;561,9826217;0,606644522;124,3520385;274,7112899;Annual;01/01/80
ZWE;Zimbabwe;Copper;Mining;Quantity / USD million equivalent;1999;408,3336867;547,0365264;0,603403609;130,6793824;266,7923344;Annual;01/01/80
ZWE;Zimbabwe;Copper;Mining;Quantity / USD million equivalent;2000;440,1902243;597,8841426;0,589122619;134,0027339;285,4116191;Annual;01/01/80
ZWE;Zimbabwe;Copper;Mining;Quantity / USD million equivalent;2001;368,8044727;489,3202365;0,639749433;124,8664899;254,7862201;Annual;01/01/80
ZWE;Zimbabwe;Copper;Mining;Quantity / USD million equivalent;2002;364,5871587;444,5393715;0,751885354;156,522715;261,4064655;Annual;01/01/80
ZWE;Zimbabwe;Copper;Mining;Quantity / USD million equivalent;2003;276,3830304;448,6813906;0,880580118;103,756275;333,178983;Annual;01/01/80
ZWE;Zimbabwe;Copper;Mining;Quantity / USD million equivalent;2004;280,50872;385,315221;0,898589664;128,1392625;279,013885;Annual;01/01/80
ZWE;Zimbabwe;Copper;Mining;Quantity / USD million equivalent;2005;322,6719734;450,4941473;0,819459618;134,1077913;298,7364445;Annual;01/01/80
ZWE;Zimbabwe;Copper;Mining;Quantity / USD million equivalent;2006;338,4655369;492,5854689;0,86399775;140,1543318;347,6628696;Annual;01/01/80
ZWE;Zimbabwe;Copper;Mining;Quantity / USD million equivalent;2007;261,7211902;344,5753282;1,108929381;153,9618387;304,2497913;Annual;01/01/80
ZWE;Zimbabwe;Copper;Mining;Quantity / USD million equivalent;2008;194,6135818;249,1153153;1,463120429;151,8906852;285,3554518;Annual;01/01/80
ZWE;Zimbabwe;Copper;Mining;Quantity / USD million equivalent;2009;169,0544938;253,164853;1,584913586;124,6717255;329,3095172;Annual;01/01/80
ZWE;Zimbabwe;Copper;Mining;Quantity / USD million equivalent;2010;208,4255664;280,6933212;1,381772597;152,4650104;310,1380974;Annual;01/01/80
ZWE;Zimbabwe;Copper;Mining;Quantity / USD million equivalent;2011;246,5877933;306,2388186;1,223738154;166,0342024;292,5529547;Annual;01/01/80
ZWE;Zimbabwe;Copper;Mining;Quantity / USD million equivalent;2012;303,3383476;463,4740463;1,027174028;143,1265324;392,5927115;Annual;01/01/80
ZWE;Zimbabwe;Copper;Mining;Quantity / USD million equivalent;2013;361,8330446;549,405186;0,833728022;140,8401469;375,6361496;Annual;01/01/80
ZWE;Zimbabwe;Copper;Mining;Quantity / USD million equivalent;2014;323,4915767;466,1006457;0,934974298;147,3752968;360,357525;Annual;01/01/80
ZWE;Zimbabwe;Copper;Mining;Quantity / USD million equivalent;2015;289,5626798;417,6248715;1,033025021;141,5706848;355,3151034;Annual;01/01/80
ZWE;Zimbabwe;Copper;Mining;Quantity / USD million equivalent;2016;300,7011279;439,4571471;1,066430273;150,0372827;385,7251395;Annual;01/01/80
ZWE;Zimbabwe;Copper;Mining;Quantity / USD million equivalent;2017;216,9063456;290,9842898;1,400957392;155,9918996;327,1962684;Annual;01/01/80
ZWE;Zimbabwe;Copper;Mining;Quantity / USD million equivalent;2018;181,9878681;300,855843;1,583661885;119,6999;399,4031841;Annual;01/01/80
ZWE;Zimbabwe;Copper;Mining;Quantity / USD million equivalent;2019;200,0018669;300,0447086;1,653991283;156,5238706;405,5558284;Annual;01/01/80
ZWE;Zimbabwe;Copper;Mining;Quantity / USD million equivalent;2020;247,2721149;303,3567855;1,475828929;203,6854246;354,1489227;Annual;01/01/80
ZWE;Zimbabwe;Copper;Mining;Quantity / USD million equivalent;2021;284,6692931;368,4043381;1,263864423;191,10803;370,4958415;Annual;01/01/80
ZWE;Zimbabwe;Copper;Mining;Quantity / USD million equivalent;2022;268,9227394;329,5853163;1,404746309;204,6968416;368,0039511;Annual;01/01/80
ZWE;Zimbabwe;Copper;Mining;Quantity / USD million equivalent;2023;263,7064065;336,7572328;1,391422396;202,8282394;373,0053408;Annual;01/01/80
ZWE;Zimbabwe;Copper;Mining;Quantity / USD million equivalent;2024;215,544739;278,5190593;1,730469102;204,9573123;383,1861093;Annual;01/01/80
ZWE;Zimbabwe;Copper;Mining;Quantity / USD million equivalent;2025;223,5656367;308,7462595;1,625676327;182,5637983;403,584845;Annual;01/01/80
ZWE;Zimbabwe;Copper;Mining;Quantity / USD million equivalent;2026;150,0910804;195,8656139;1,953599807;156,8406943;305,6321392;Annual;01/01/80
ZWE;Zimbabwe;Cotton;Agriculture;Quantity / USD million equivalent;1980;0,375427856;1,136842987;103,9953572;3,87151918;106,8035947;Annual;01/01/80
ZWE;Zimbabwe;Cotton;Agriculture;Quantity / USD million equivalent;1981;0,418489368;1,046675943;106,3965354;6,881191836;99,68147386;Annual;01/01/80
ZWE;Zimbabwe;Cotton;Agriculture;Quantity / USD million equivalent;1982;0,372134292;1,349486362;99,02349727;0,429967267;122,1707617;Annual;01/01/80
ZWE;Zimbabwe;Cotton;Agriculture;Quantity / USD million equivalent;1983;0,43659497;1,276526543;98,10176021;4,509156501;111,8305627;Annual;01/01/80
ZWE;Zimbabwe;Cotton;Agriculture;Quantity / USD million equivalent;1984;0,406209523;1,132637491;107,2409376;3,831468399;109,3776954;Annual;01/01/80
ZWE;Zimbabwe;Cotton;Agriculture;Quantity / USD million equivalent;1985;0,390319423;1,259707669;105,3860929;5,179031302;119,2892949;Annual;01/01/80
ZWE;Zimbabwe;Cotton;Agriculture;Quantity / USD million equivalent;1986;0,429595538;1,355388675;100,9968727;4,402272744;126,0583205;Annual;01/01/80
ZWE;Zimbabwe;Cotton;Agriculture;Quantity / USD million equivalent;1987;0,473196688;1,446642984;84,52462464;1,688843226;111,4552805;Annual;01/01/80
ZWE;Zimbabwe;Cotton;Agriculture;Quantity / USD million equivalent;1988;0,458942839;1,269663221;93,50475384;3,660907154;107,3280623;Annual;01/01/80
ZWE;Zimbabwe;Cotton;Agriculture;Quantity / USD million equivalent;1989;0,467486395;1,351347577;94,90832572;3,001665295;114,9278854;Annual;01/01/80
ZWE;Zimbabwe;Cotton;Agriculture;Quantity / USD million equivalent;1990;0,387958188;1,628974472;102,2373862;0,318855187;154,3169668;Annual;01/01/80
ZWE;Zimbabwe;Cotton;Agriculture;Quantity / USD million equivalent;1991;0,37297155;1,237364249;114,6680322;3,416838367;127,8170773;Annual;01/01/80
ZWE;Zimbabwe;Cotton;Agriculture;Quantity / USD million equivalent;1992;0,502351171;1,118578749;115,1708518;12,17083048;112,6894749;Annual;01/01/80
ZWE;Zimbabwe;Cotton;Agriculture;Quantity / USD million equivalent;1993;0,355909106;1,009801119;137,4822958;4,419227643;124,6469239;Annual;01/01/80
ZWE;Zimbabwe;Cotton;Agriculture;Quantity / USD million equivalent;1994;0,370440509;0,989370623;126,6771698;6,154459112;113,2141958;Annual;01/01/80
ZWE;Zimbabwe;Cotton;Agriculture;Quantity / USD million equivalent;1995;0,404857342;1,097170235;121,7352834;6,284119104;119,0402456;Annual;01/01/80
ZWE;Zimbabwe;Cotton;Agriculture;Quantity / USD million equivalent;1996;0,371339809;0,834112524;150,1888976;14,1601285;109,9445033;Annual;01/01/80
ZWE;Zimbabwe;Cotton;Agriculture;Quantity / USD million equivalent;1997;0,428153543;1,062311198;134,9897952;12,83102145;125,2992928;Annual;01/01/80
ZWE;Zimbabwe;Cotton;Agriculture;Quantity / USD million equivalent;1998;0,424679434;0,970708662;146,250914;15,74635802;126,2476359;Annual;01/01/80
ZWE;Zimbabwe;Cotton;Agriculture;Quantity / USD million equivalent;1999;0,430145967;0,984989644;142,1884118;13,70762598;121,6864123;Annual;01/01/80
ZWE;Zimbabwe;Cotton;Agriculture;Quantity / USD million equivalent;2000;0,470728363;1,126217799;129,4338445;10,70651963;129,5964125;Annual;01/01/80
ZWE;Zimbabwe;Cotton;Agriculture;Quantity / USD million equivalent;2001;0,528891976;1,205482124;114,7329483;14,55779236;121,4457097;Annual;01/01/80
ZWE;Zimbabwe;Cotton;Agriculture;Quantity / USD million equivalent;2002;0,572050891;1,41321367;108,4611697;10,0464679;135,8655548;Annual;01/01/80
ZWE;Zimbabwe;Cotton;Agriculture;Quantity / USD million equivalent;2003;0,481606421;1,410723446;122,2199392;5,153437643;157,9506224;Annual;01/01/80
ZWE;Zimbabwe;Cotton;Agriculture;Quantity / USD million equivalent;2004;0,61700295;1,40537595;101,9918051;13,17319113;125,0610989;Annual;01/01/80
ZWE;Zimbabwe;Cotton;Agriculture;Quantity / USD million equivalent;2005;0,617964397;1,465408764;114,7485815;16,84578895;144,7616174;Annual;01/01/80
ZWE;Zimbabwe;Cotton;Agriculture;Quantity / USD million equivalent;2006;0,652314488;1,624933089;109,153942;13,33089918;156,0609217;Annual;01/01/80
ZWE;Zimbabwe;Cotton;Agriculture;Quantity / USD million equivalent;2007;0,781363665;1,766578954;87,50331866;14,58435221;135,1516431;Annual;01/01/80
ZWE;Zimbabwe;Cotton;Agriculture;Quantity / USD million equivalent;2008;0,86269554;1,910685976;83,55299377;18,58425028;138,4344191;Annual;01/01/80
ZWE;Zimbabwe;Cotton;Agriculture;Quantity / USD million equivalent;2009;0,783217143;2,053436734;83,17259389;10,94878983;154,2340235;Annual;01/01/80
ZWE;Zimbabwe;Cotton;Agriculture;Quantity / USD million equivalent;2010;0,911155552;2,145474996;77,74546646;14,10505255;145,057038;Annual;01/01/80
ZWE;Zimbabwe;Cotton;Agriculture;Quantity / USD million equivalent;2011;0,75514377;1,872377265;88,30312034;13,84102479;147,3508399;Annual;01/01/80
ZWE;Zimbabwe;Cotton;Agriculture;Quantity / USD million equivalent;2012;0,81514868;2,132390257;91,76594119;11,46667059;175,8327779;Annual;01/01/80
ZWE;Zimbabwe;Cotton;Agriculture;Quantity / USD million equivalent;2013;0,796976857;2,159990575;85,43465003;6,314217693;165,9784456;Annual;01/01/80
ZWE;Zimbabwe;Cotton;Agriculture;Quantity / USD million equivalent;2014;0,952560226;2,476065439;74,54667426;9,114991013;162,7130198;Annual;01/01/80
ZWE;Zimbabwe;Cotton;Agriculture;Quantity / USD million equivalent;2015;0,855894025;2,329465329;83,43661378;9,260485966;174,6746241;Annual;01/01/80
ZWE;Zimbabwe;Cotton;Agriculture;Quantity / USD million equivalent;2016;0,897921381;2,102104464;88,57234011;15,54897613;164,3139045;Annual;01/01/80
ZWE;Zimbabwe;Cotton;Agriculture;Quantity / USD million equivalent;2017;0,851469208;1,767149911;97,21221997;23,17648541;150,3371264;Annual;01/01/80
ZWE;Zimbabwe;Cotton;Agriculture;Quantity / USD million equivalent;2018;0,706848202;2,030476272;99,99736713;9,047882194;182,0149281;Annual;01/01/80
ZWE;Zimbabwe;Cotton;Agriculture;Quantity / USD million equivalent;2019;0,707520411;2,108955346;105,8026806;7,827313312;200,7569968;Annual;01/01/80
ZWE;Zimbabwe;Cotton;Agriculture;Quantity / USD million equivalent;2020;0,836146827;1,691872255;108,8049081;26,92343864;161,1534223;Annual;01/01/80
ZWE;Zimbabwe;Cotton;Agriculture;Quantity / USD million equivalent;2021;0,809041155;1,73884807;101,8387391;19,92951093;156,4925179;Annual;01/01/80
ZWE;Zimbabwe;Cotton;Agriculture;Quantity / USD million equivalent;2022;0,925546384;2,06197974;98,16172331;22,85618147;176,2529456;Annual;01/01/80
ZWE;Zimbabwe;Cotton;Agriculture;Quantity / USD million equivalent;2023;0,742973196;1,801393605;114,3047571;16,20299204;182,2527849;Annual;01/01/80
ZWE;Zimbabwe;Cotton;Agriculture;Quantity / USD million equivalent;2024;0,832153794;1,699403117;114,0249407;26,39112249;169,2628837;Annual;01/01/80
ZWE;Zimbabwe;Cotton;Agriculture;Quantity / USD million equivalent;2025;0,66215201;1,552716403;130,6672738;17,96209975;176,6699276;Annual;01/01/80
ZWE;Zimbabwe;Cotton;Agriculture;Quantity / USD million equivalent;2026;0,570391951;1,361994399;119,176021;13,51935102;139,902253;Annual;01/01/80
ZWE;Zimbabwe;Electrical Equipment;Manufacturing;Quantity / USD million equivalent;1980;0,419649522;1,041169749;97,05296236;6,045270216;90,50197141;Annual;01/01/80
ZWE;Zimbabwe;Electrical Equipment;Manufacturing;Quantity / USD million equivalent;1981;0,445890938;1,018822182;102,5727321;8,463490595;92,6885237;Annual;01/01/80
ZWE;Zimbabwe;Electrical Equipment;Manufacturing;Quantity / USD million equivalent;1982;0,410517381;1,289219921;94,36617539;2,425536558;112,4522096;Annual;01/01/80
ZWE;Zimbabwe;Electrical Equipment;Manufacturing;Quantity / USD million equivalent;1983;0,422291;1,106829227;109,1312178;6,337186082;104,6917978;Annual;01/01/80
ZWE;Zimbabwe;Electrical Equipment;Manufacturing;Quantity / USD million equivalent;1984;0,415722741;1,003140942;108,160674;7,633016343;97,21461273;Annual;01/01/80
ZWE;Zimbabwe;Electrical Equipment;Manufacturing;Quantity / USD million equivalent;1985;0,420381463;1,075354443;108,0586571;7,320193547;103,5037558;Annual;01/01/80
ZWE;Zimbabwe;Electrical Equipment;Manufacturing;Quantity / USD million equivalent;1986;0,411130823;1,255091224;102,605991;2,702033177;116,3954078;Annual;01/01/80
ZWE;Zimbabwe;Electrical Equipment;Manufacturing;Quantity / USD million equivalent;1987;0,446131703;1,383187681;89,39724302;1,217557822;111,907298;Annual;01/01/80
ZWE;Zimbabwe;Electrical Equipment;Manufacturing;Quantity / USD million equivalent;1988;0,500364413;1,49682255;86,72193324;3,776535198;117,1960952;Annual;01/01/80
ZWE;Zimbabwe;Electrical Equipment;Manufacturing;Quantity / USD million equivalent;1989;0,470345937;1,274611297;96,8769085;4,869450549;111,138765;Annual;01/01/80
ZWE;Zimbabwe;Electrical Equipment;Manufacturing;Quantity / USD million equivalent;1990;0,441313207;1,380680033;101,3608633;4,047955898;127,0859849;Annual;01/01/80
ZWE;Zimbabwe;Electrical Equipment;Manufacturing;Quantity / USD million equivalent;1991;0,423941342;1,208887072;111,79482;3,418667333;121,1084826;Annual;01/01/80
ZWE;Zimbabwe;Electrical Equipment;Manufacturing;Quantity / USD million equivalent;1992;0,435583606;1,024676445;121,6724874;11,04154535;110,6508535;Annual;01/01/80
ZWE;Zimbabwe;Electrical Equipment;Manufacturing;Quantity / USD million equivalent;1993;0,370239224;0,903103671;135,549104;8,37303961;109,0763295;Annual;01/01/80
ZWE;Zimbabwe;Electrical Equipment;Manufacturing;Quantity / USD million equivalent;1994;0,372468462;0,921176693;132,4990034;8,726860102;107,3338704;Annual;01/01/80
ZWE;Zimbabwe;Electrical Equipment;Manufacturing;Quantity / USD million equivalent;1995;0,489283648;1,112170271;117,0918874;12,75646958;113,0927251;Annual;01/01/80
ZWE;Zimbabwe;Electrical Equipment;Manufacturing;Quantity / USD million equivalent;1996;0,41078972;0,857237413;143,1090027;16,17672237;107,0755069;Annual;01/01/80
ZWE;Zimbabwe;Electrical Equipment;Manufacturing;Quantity / USD million equivalent;1997;0,449196261;1,000835899;135,9769973;14,21688838;119,5401854;Annual;01/01/80
ZWE;Zimbabwe;Electrical Equipment;Manufacturing;Quantity / USD million equivalent;1998;0,470893973;1,056650947;128,6488556;14,83480098;120,1823375;Annual;01/01/80
ZWE;Zimbabwe;Electrical Equipment;Manufacturing;Quantity / USD million equivalent;1999;0,46094714;0,984694422;133,5157779;16,40754007;113,3208401;Annual;01/01/80
ZWE;Zimbabwe;Electrical Equipment;Manufacturing;Quantity / USD million equivalent;2000;0,516720991;1,210628496;121,0188382;11,85025414;126,4817983;Annual;01/01/80
ZWE;Zimbabwe;Electrical Equipment;Manufacturing;Quantity / USD million equivalent;2001;0,596178524;1,274380646;103,4005235;16,5394952;115,1312901;Annual;01/01/80
ZWE;Zimbabwe;Electrical Equipment;Manufacturing;Quantity / USD million equivalent;2002;0,549679509;1,254697557;109,9041869;13,29065177;120,8773692;Annual;01/01/80
ZWE;Zimbabwe;Electrical Equipment;Manufacturing;Quantity / USD million equivalent;2003;0,543367135;1,330460142;116,947199;10,39818925;139,2118864;Annual;01/01/80
ZWE;Zimbabwe;Electrical Equipment;Manufacturing;Quantity / USD million equivalent;2004;0,576165323;1,303004822;112,1867132;14,04934771;126,0953863;Annual;01/01/80
ZWE;Zimbabwe;Electrical Equipment;Manufacturing;Quantity / USD million equivalent;2005;0,643751507;1,345594525;112,6654829;19,61070868;128,6431893;Annual;01/01/80
ZWE;Zimbabwe;Electrical Equipment;Manufacturing;Quantity / USD million equivalent;2006;0,719559352;1,621532327;105,6050952;15,85218122;148,8892703;Annual;01/01/80
ZWE;Zimbabwe;Electrical Equipment;Manufacturing;Quantity / USD million equivalent;2007;0,803570963;1,638450633;90,54630027;20,68925641;127,8997133;Annual;01/01/80
ZWE;Zimbabwe;Electrical Equipment;Manufacturing;Quantity / USD million equivalent;2008;0,807115694;1,740077081;88,84865726;17,69911775;135,7817294;Annual;01/01/80
ZWE;Zimbabwe;Electrical Equipment;Manufacturing;Quantity / USD million equivalent;2009;0,856765466;1,913475331;82,78680537;17,33860463;139,9201042;Annual;01/01/80
ZWE;Zimbabwe;Electrical Equipment;Manufacturing;Quantity / USD million equivalent;2010;0,953156727;2,270191558;73,58933269;13,19247132;148,2991285;Annual;01/01/80
ZWE;Zimbabwe;Electrical Equipment;Manufacturing;Quantity / USD million equivalent;2011;0,860094498;1,880272548;82,19158084;16,50260682;134,6328808;Annual;01/01/80
ZWE;Zimbabwe;Electrical Equipment;Manufacturing;Quantity / USD million equivalent;2012;0,792433434;1,700632037;103,3272061;22,26057917;151,8661006;Annual;01/01/80
ZWE;Zimbabwe;Electrical Equipment;Manufacturing;Quantity / USD million equivalent;2013;0,912158574;2,072994724;87,99197092;16,68588294;161,1379508;Annual;01/01/80
ZWE;Zimbabwe;Electrical Equipment;Manufacturing;Quantity / USD million equivalent;2014;0,982192128;2,282328751;77,25654504;15,4429596;155,413041;Annual;01/01/80
ZWE;Zimbabwe;Electrical Equipment;Manufacturing;Quantity / USD million equivalent;2015;0,894983301;1,913828771;88,58489458;19,76265056;148,7947425;Annual;01/01/80
ZWE;Zimbabwe;Electrical Equipment;Manufacturing;Quantity / USD million equivalent;2016;0,847657986;1,941786729;93,81292456;16,84582804;159,3425338;Annual;01/01/80
ZWE;Zimbabwe;Electrical Equipment;Manufacturing;Quantity / USD million equivalent;2017;0,741533124;1,534144665;102,7170044;21,36873223;135,9758875;Annual;01/01/80
ZWE;Zimbabwe;Electrical Equipment;Manufacturing;Quantity / USD million equivalent;2018;0,718949369;1,842559866;98,94807022;12,42027884;162,6789656;Annual;01/01/80
ZWE;Zimbabwe;Electrical Equipment;Manufacturing;Quantity / USD million equivalent;2019;0,760848843;1,739243109;110,0608089;16,23272408;169,5203976;Annual;01/01/80
ZWE;Zimbabwe;Electrical Equipment;Manufacturing;Quantity / USD million equivalent;2020;0,937629663;1,688898798;105,5338565;36,06748662;151,8958982;Annual;01/01/80
ZWE;Zimbabwe;Electrical Equipment;Manufacturing;Quantity / USD million equivalent;2021;0,874404252;1,784635227;96,99762363;24,52380278;149,0920923;Annual;01/01/80
ZWE;Zimbabwe;Electrical Equipment;Manufacturing;Quantity / USD million equivalent;2022;0,95410397;2,225281812;93,74277702;18,36692465;180,8858174;Annual;01/01/80
ZWE;Zimbabwe;Electrical Equipment;Manufacturing;Quantity / USD million equivalent;2023;0,844962449;1,642269832;109,9377731;29,64032043;155,2932129;Annual;01/01/80
ZWE;Zimbabwe;Electrical Equipment;Manufacturing;Quantity / USD million equivalent;2024;0,86435803;1,662352026;117,2054479;31,26028324;164,2034446;Annual;01/01/80
ZWE;Zimbabwe;Electrical Equipment;Manufacturing;Quantity / USD million equivalent;2025;0,661234647;1,469306114;136,2204228;21,98138307;176,7924515;Annual;01/01/80
ZWE;Zimbabwe;Electrical Equipment;Manufacturing;Quantity / USD million equivalent;2026;0,607054235;1,25650638;123,5918322;20,17251404;134,7643913;Annual;01/01/80
ZWE;Zimbabwe;Ferroalloys;Manufacturing;Quantity / USD million equivalent;1980;0,394988495;1,074610767;96,87650738;2,610585922;94,03096826;Annual;01/01/80
ZWE;Zimbabwe;Ferroalloys;Manufacturing;Quantity / USD million equivalent;1981;0,404994994;1,047626372;104,8119109;4,913026052;98,98021868;Annual;01/01/80
ZWE;Zimbabwe;Ferroalloys;Manufacturing;Quantity / USD million equivalent;1982;0,403525351;1,326129294;94,10949025;2,406686654;115,3243768;Annual;01/01/80
ZWE;Zimbabwe;Ferroalloys;Manufacturing;Quantity / USD million equivalent;1983;0,466857968;1,234557741;100,3500779;7,167015452;105,9907675;Annual;01/01/80
ZWE;Zimbabwe;Ferroalloys;Manufacturing;Quantity / USD million equivalent;1984;0,385491656;1,042650772;109,8167423;4,613529809;102,321296;Annual;01/01/80
ZWE;Zimbabwe;Ferroalloys;Manufacturing;Quantity / USD million equivalent;1985;0,419726869;1,122349417;108,236159;7,205016475;108,441793;Annual;01/01/80
ZWE;Zimbabwe;Ferroalloys;Manufacturing;Quantity / USD million equivalent;1986;0,483383073;1,425306507;91,87627959;3,085146975;118,3819447;Annual;01/01/80
ZWE;Zimbabwe;Ferroalloys;Manufacturing;Quantity / USD million equivalent;1987;0,47254159;1,437703335;86,26061612;2,47149652;112,43114;Annual;01/01/80
ZWE;Zimbabwe;Ferroalloys;Manufacturing;Quantity / USD million equivalent;1988;0,439651723;1,243888384;97,04777524;3,027303066;108,7276704;Annual;01/01/80
ZWE;Zimbabwe;Ferroalloys;Manufacturing;Quantity / USD million equivalent;1989;0,459626352;1,314578137;96,50767001;3,867657144;114,25637;Annual;01/01/80
ZWE;Zimbabwe;Ferroalloys;Manufacturing;Quantity / USD million equivalent;1990;0,440117922;1,430385001;97,40071236;2,562653223;126,515927;Annual;01/01/80
ZWE;Zimbabwe;Ferroalloys;Manufacturing;Quantity / USD million equivalent;1991;0,436571931;1,337462248;104,6372835;1,915887302;125,2527947;Annual;01/01/80
ZWE;Zimbabwe;Ferroalloys;Manufacturing;Quantity / USD million equivalent;1992;0,496282636;1,085512278;112,0084676;13,76710629;106,8500082;Annual;01/01/80
ZWE;Zimbabwe;Ferroalloys;Manufacturing;Quantity / USD million equivalent;1993;0,395626498;0,984143767;127,0807018;7,770637572;112,1091131;Annual;01/01/80
ZWE;Zimbabwe;Ferroalloys;Manufacturing;Quantity / USD million equivalent;1994;0,416505151;1,032192719;122,9068787;8,312397483;112,2620677;Annual;01/01/80
ZWE;Zimbabwe;Ferroalloys;Manufacturing;Quantity / USD million equivalent;1995;0,45057217;1,08178407;125,6084803;10,62377849;116,6482524;Annual;01/01/80
ZWE;Zimbabwe;Ferroalloys;Manufacturing;Quantity / USD million equivalent;1996;0,464625042;0,993438156;130,8330577;17,06685999;111,140895;Annual;01/01/80
ZWE;Zimbabwe;Ferroalloys;Manufacturing;Quantity / USD million equivalent;1997;0,44890751;1,041731794;138,7672497;13,69812588;125,0916639;Annual;01/01/80
ZWE;Zimbabwe;Ferroalloys;Manufacturing;Quantity / USD million equivalent;1998;0,470477587;1,050602801;132,0931863;15,08924265;122,0147786;Annual;01/01/80
ZWE;Zimbabwe;Ferroalloys;Manufacturing;Quantity / USD million equivalent;1999;0,440649536;0,930018126;136,0374309;15,83799929;111,0685092;Annual;01/01/80
ZWE;Zimbabwe;Ferroalloys;Manufacturing;Quantity / USD million equivalent;2000;0,466009734;1,04559644;132,9902816;13,10678296;122,1955095;Annual;01/01/80
ZWE;Zimbabwe;Ferroalloys;Manufacturing;Quantity / USD million equivalent;2001;0,578614927;1,160273661;109,9115877;19,79210902;110,8181699;Annual;01/01/80
ZWE;Zimbabwe;Ferroalloys;Manufacturing;Quantity / USD million equivalent;2002;0,594290312;1,279439718;111,9306265;18,15718486;125,1456113;Annual;01/01/80
ZWE;Zimbabwe;Ferroalloys;Manufacturing;Quantity / USD million equivalent;2003;0,549173784;1,303570768;117,3616718;10,76471827;136,5271273;Annual;01/01/80
ZWE;Zimbabwe;Ferroalloys;Manufacturing;Quantity / USD million equivalent;2004;0,568856377;1,253888242;113,5540427;14,75349473;124,6933202;Annual;01/01/80
ZWE;Zimbabwe;Ferroalloys;Manufacturing;Quantity / USD million equivalent;2005;0,644579364;1,31779036;111,033111;20,35032779;126,1259809;Annual;01/01/80
ZWE;Zimbabwe;Ferroalloys;Manufacturing;Quantity / USD million equivalent;2006;0,675649286;1,555385687;106,4718815;14,9261898;146,817844;Annual;01/01/80
ZWE;Zimbabwe;Ferroalloys;Manufacturing;Quantity / USD million equivalent;2007;0,85996342;1,687054748;86,61907981;23,24049338;122,6395835;Annual;01/01/80
ZWE;Zimbabwe;Ferroalloys;Manufacturing;Quantity / USD million equivalent;2008;0,796451228;1,689068064;87,96856702;18,30494181;129,802345;Annual;01/01/80
ZWE;Zimbabwe;Ferroalloys;Manufacturing;Quantity / USD million equivalent;2009;0,844572089;2,026206559;80,7621574;11,36725187;145,6946988;Annual;01/01/80
ZWE;Zimbabwe;Ferroalloys;Manufacturing;Quantity / USD million equivalent;2010;0,903919729;2,068424524;77,12937319;14,03453828;140,3316052;Annual;01/01/80
ZWE;Zimbabwe;Ferroalloys;Manufacturing;Quantity / USD million equivalent;2011;0,884021025;1,931198803;83,27195215;18,99592857;139,7418586;Annual;01/01/80
ZWE;Zimbabwe;Ferroalloys;Manufacturing;Quantity / USD million equivalent;2012;0,825912034;1,947001012;96,70654307;18,28670554;163,6508951;Annual;01/01/80
ZWE;Zimbabwe;Ferroalloys;Manufacturing;Quantity / USD million equivalent;2013;0,887552056;2,190210241;88,42789519;10,66286653;171,6174585;Annual;01/01/80
ZWE;Zimbabwe;Ferroalloys;Manufacturing;Quantity / USD million equivalent;2014;0,975021675;2,345304115;79,00584166;13,42506062;161,2132589;Annual;01/01/80
ZWE;Zimbabwe;Ferroalloys;Manufacturing;Quantity / USD million equivalent;2015;0,897457018;1,973602759;86,7545171;19,37668571;148,0227574;Annual;01/01/80
ZWE;Zimbabwe;Ferroalloys;Manufacturing;Quantity / USD million equivalent;2016;0,937949298;2,068834608;87,86013672;19,12842378;159,836071;Annual;01/01/80
ZWE;Zimbabwe;Ferroalloys;Manufacturing;Quantity / USD million equivalent;2017;0,766869156;1,487663667;105,7764956;25,87122633;134,3696332;Annual;01/01/80
ZWE;Zimbabwe;Ferroalloys;Manufacturing;Quantity / USD million equivalent;2018;0,767630535;1,952455527;94,95928299;10,91315037;165,3098248;Annual;01/01/80
ZWE;Zimbabwe;Ferroalloys;Manufacturing;Quantity / USD million equivalent;2019;0,745744632;1,827703588;110,4119098;10,90376429;177,7306882;Annual;01/01/80
ZWE;Zimbabwe;Ferroalloys;Manufacturing;Quantity / USD million equivalent;2020;0,846067355;1,695767623;104,0758394;26,04722628;153,8696827;Annual;01/01/80
ZWE;Zimbabwe;Ferroalloys;Manufacturing;Quantity / USD million equivalent;2021;0,892185601;1,92496712;97,48668011;21,19401983;159,8393065;Annual;01/01/80
ZWE;Zimbabwe;Ferroalloys;Manufacturing;Quantity / USD million equivalent;2022;0,953781979;2,157898069;92,19326503;21,89567016;172,4929104;Annual;01/01/80
ZWE;Zimbabwe;Ferroalloys;Manufacturing;Quantity / USD million equivalent;2023;0,81480809;1,563601733;115,2466532;29,99183161;155,3410411;Annual;01/01/80
ZWE;Zimbabwe;Ferroalloys;Manufacturing;Quantity / USD million equivalent;2024;0,765792982;1,677458495;118,8640929;20,89164452;175,4336977;Annual;01/01/80
ZWE;Zimbabwe;Ferroalloys;Manufacturing;Quantity / USD million equivalent;2025;0,695893802;1,541247601;130,061856;20,00986123;176,1014873;Annual;01/01/80
ZWE;Zimbabwe;Ferroalloys;Manufacturing;Quantity / USD million equivalent;2026;0,521432483;1,198093787;130,8155174;13,81425925;139,026796;Annual;01/01/80
ZWE;Zimbabwe;Fertilizers;Manufacturing;Quantity / USD million equivalent;1980;0,405117668;1,031303732;103,1600301;5,673469294;94,85294999;Annual;01/01/80
ZWE;Zimbabwe;Fertilizers;Manufacturing;Quantity / USD million equivalent;1981;0,452573886;1,146976398;95,05298143;5,76788722;97,4468665;Annual;01/01/80
ZWE;Zimbabwe;Fertilizers;Manufacturing;Quantity / USD million equivalent;1982;0,392060987;1,264372428;98,74374615;1,61016685;112,7027653;Annual;01/01/80
ZWE;Zimbabwe;Fertilizers;Manufacturing;Quantity / USD million equivalent;1983;0,44970949;1,197581506;98,81710905;4,908262744;104,3416162;Annual;01/01/80
ZWE;Zimbabwe;Fertilizers;Manufacturing;Quantity / USD million equivalent;1984;0,420035896;1,084305566;105,8485402;4,837332325;101,5324449;Annual;01/01/80
ZWE;Zimbabwe;Fertilizers;Manufacturing;Quantity / USD million equivalent;1985;0,406438794;1,111052002;105,0360938;5,163474764;104,5554019;Annual;01/01/80
ZWE;Zimbabwe;Fertilizers;Manufacturing;Quantity / USD million equivalent;1986;0,440086003;1,322629341;95,50240333;4,407266923;115,0299457;Annual;01/01/80
ZWE;Zimbabwe;Fertilizers;Manufacturing;Quantity / USD million equivalent;1987;0,436104907;1,463883526;87,24322791;0,664496173;116,2789201;Annual;01/01/80
ZWE;Zimbabwe;Fertilizers;Manufacturing;Quantity / USD million equivalent;1988;0,480113132;1,334071324;90,9858306;4,864477697;109,2066128;Annual;01/01/80
ZWE;Zimbabwe;Fertilizers;Manufacturing;Quantity / USD million equivalent;1989;0,424111414;1,156675387;102,3788948;4,564005849;107,4103046;Annual;01/01/80
ZWE;Zimbabwe;Fertilizers;Manufacturing;Quantity / USD million equivalent;1990;0,472771602;1,519173412;95,44899545;0,357109615;132,0521286;Annual;01/01/80
ZWE;Zimbabwe;Fertilizers;Manufacturing;Quantity / USD million equivalent;1991;0,405534194;1,118765251;118,2070979;2,680164208;118,6932267;Annual;01/01/80
ZWE;Zimbabwe;Fertilizers;Manufacturing;Quantity / USD million equivalent;1992;0,446998462;1,073351694;114,6955484;8,854438727;109,8132593;Annual;01/01/80
ZWE;Zimbabwe;Fertilizers;Manufacturing;Quantity / USD million equivalent;1993;0,421146991;0,984753646;130,9480214;11,08080941;112,7406208;Annual;01/01/80
ZWE;Zimbabwe;Fertilizers;Manufacturing;Quantity / USD million equivalent;1994;0,381643019;0,906171008;129,0081586;9,056401857;103,7250988;Annual;01/01/80
ZWE;Zimbabwe;Fertilizers;Manufacturing;Quantity / USD million equivalent;1995;0,476060879;1,08947363;121,7077736;11,73055071;115,2244272;Annual;01/01/80
ZWE;Zimbabwe;Fertilizers;Manufacturing;Quantity / USD million equivalent;1996;0,437388157;0,879311886;141,1373604;18,76362255;106,8483053;Annual;01/01/80
ZWE;Zimbabwe;Fertilizers;Manufacturing;Quantity / USD million equivalent;1997;0,415443568;0,95335187;141,4757475;13,45749884;119,8979738;Annual;01/01/80
ZWE;Zimbabwe;Fertilizers;Manufacturing;Quantity / USD million equivalent;1998;0,457880131;1,041633692;138,7342052;12,95727302;126,7913596;Annual;01/01/80
ZWE;Zimbabwe;Fertilizers;Manufacturing;Quantity / USD million equivalent;1999;0,43166928;0,976024842;138,4159009;12,95550539;117,5382391;Annual;01/01/80
ZWE;Zimbabwe;Fertilizers;Manufacturing;Quantity / USD million equivalent;2000;0,486996505;1,049539027;130,8784409;15,6491334;119,0141711;Annual;01/01/80
ZWE;Zimbabwe;Fertilizers;Manufacturing;Quantity / USD million equivalent;2001;0,556863273;1,127170073;111,45056;19,23182096;108,7322646;Annual;01/01/80
ZWE;Zimbabwe;Fertilizers;Manufacturing;Quantity / USD million equivalent;2002;0,618787198;1,337960686;107,5879598;16,68473757;125,5122883;Annual;01/01/80
ZWE;Zimbabwe;Fertilizers;Manufacturing;Quantity / USD million equivalent;2003;0,502596753;1,266618377;126,9694498;10,10318376;144,4843057;Annual;01/01/80
ZWE;Zimbabwe;Fertilizers;Manufacturing;Quantity / USD million equivalent;2004;0,614526194;1,323903608;106,6346318;16,11060725;121,9138672;Annual;01/01/80
ZWE;Zimbabwe;Fertilizers;Manufacturing;Quantity / USD million equivalent;2005;0,649743789;1,32230761;113,086018;20,70584927;129,2242425;Annual;01/01/80
ZWE;Zimbabwe;Fertilizers;Manufacturing;Quantity / USD million equivalent;2006;0,686861871;1,618081872;105,4431106;13,58381731;151,2269536;Annual;01/01/80
ZWE;Zimbabwe;Fertilizers;Manufacturing;Quantity / USD million equivalent;2007;0,848854079;1,661069117;86,85592;22,61928706;124,4542079;Annual;01/01/80
ZWE;Zimbabwe;Fertilizers;Manufacturing;Quantity / USD million equivalent;2008;0,797146774;1,592523017;96,88986616;22,82314326;128,4680987;Annual;01/01/80
ZWE;Zimbabwe;Fertilizers;Manufacturing;Quantity / USD million equivalent;2009;0,815381513;1,982544698;82,26281373;12,46945558;145,7492576;Annual;01/01/80
ZWE;Zimbabwe;Fertilizers;Manufacturing;Quantity / USD million equivalent;2010;0,919410084;2,104305426;75,99094668;14,23839964;142,4380607;Annual;01/01/80
ZWE;Zimbabwe;Fertilizers;Manufacturing;Quantity / USD million equivalent;2011;0,947921119;1,981486966;82,9010326;24,13913109;141,3234801;Annual;01/01/80
ZWE;Zimbabwe;Fertilizers;Manufacturing;Quantity / USD million equivalent;2012;0,869540658;1,869938122;93,86398695;20,81170818;152,3987153;Annual;01/01/80
ZWE;Zimbabwe;Fertilizers;Manufacturing;Quantity / USD million equivalent;2013;0,914282546;2,158810306;87,56837913;13,6605311;166,3749585;Annual;01/01/80
ZWE;Zimbabwe;Fertilizers;Manufacturing;Quantity / USD million equivalent;2014;1,024898388;2,390744816;75,43585775;14,7109488;159,7910464;Annual;01/01/80
ZWE;Zimbabwe;Fertilizers;Manufacturing;Quantity / USD million equivalent;2015;0,962792589;2,138233867;85,09085181;17,76403141;157,928193;Annual;01/01/80
ZWE;Zimbabwe;Fertilizers;Manufacturing;Quantity / USD million equivalent;2016;0,874966136;1,858833808;94,12134165;20,9897726;151,1745762;Annual;01/01/80
ZWE;Zimbabwe;Fertilizers;Manufacturing;Quantity / USD million equivalent;2017;0,830036714;1,802300794;96,18759718;19,97303013;149,9112507;Annual;01/01/80
ZWE;Zimbabwe;Fertilizers;Manufacturing;Quantity / USD million equivalent;2018;0,778506981;1,832589736;96,46587701;16,533312;156,4582459;Annual;01/01/80
ZWE;Zimbabwe;Fertilizers;Manufacturing;Quantity / USD million equivalent;2019;0,7234622;1,933991301;106,9532014;9,494294478;184,3983543;Annual;01/01/80
ZWE;Zimbabwe;Fertilizers;Manufacturing;Quantity / USD million equivalent;2020;0,796541188;1,493484132;117,6125772;32,06470764;151,4034173;Annual;01/01/80
ZWE;Zimbabwe;Fertilizers;Manufacturing;Quantity / USD million equivalent;2021;0,915996907;1,893198658;96,16849049;23,51864369;157,7074093;Annual;01/01/80
ZWE;Zimbabwe;Fertilizers;Manufacturing;Quantity / USD million equivalent;2022;0,989466929;2,061339387;90,77483119;23,89689228;162,7447685;Annual;01/01/80
ZWE;Zimbabwe;Fertilizers;Manufacturing;Quantity / USD million equivalent;2023;0,830815374;1,655275437;109,7592975;27,30914287;156,7286941;Annual;01/01/80
ZWE;Zimbabwe;Fertilizers;Manufacturing;Quantity / USD million equivalent;2024;0,772067831;1,668329351;119,0007323;23,05205299;174,7470526;Annual;01/01/80
ZWE;Zimbabwe;Fertilizers;Manufacturing;Quantity / USD million equivalent;2025;0,643710174;1,580404225;134,8190635;14,92699714;186,6754599;Annual;01/01/80
ZWE;Zimbabwe;Fertilizers;Manufacturing;Quantity / USD million equivalent;2026;0,586666979;1,198084822;129,6096546;21,39136214;130,5524914;Annual;01/01/80
ZWE;Zimbabwe;Glass;Manufacturing;Quantity / USD million equivalent;1980;0,412551554;1,055477899;102,3664243;6,17913018;94,88028042;Annual;01/01/80
ZWE;Zimbabwe;Glass;Manufacturing;Quantity / USD million equivalent;1981;0,429407884;0,937294509;103,7111855;10,5180197;85,86259247;Annual;01/01/80
ZWE;Zimbabwe;Glass;Manufacturing;Quantity / USD million equivalent;1982;0,356635163;1,206903084;103,1615888;1,562119728;113,6559763;Annual;01/01/80
ZWE;Zimbabwe;Glass;Manufacturing;Quantity / USD million equivalent;1983;0,45841401;1,147743782;97,8799715;5,844196541;100,4282881;Annual;01/01/80
ZWE;Zimbabwe;Glass;Manufacturing;Quantity / USD million equivalent;1984;0,430782232;1,071525721;106,5404205;6,109359911;100,2884432;Annual;01/01/80
ZWE;Zimbabwe;Glass;Manufacturing;Quantity / USD million equivalent;1985;0,401363813;1,030273418;105,7963073;6,961315157;96,8238797;Annual;01/01/80
ZWE;Zimbabwe;Glass;Manufacturing;Quantity / USD million equivalent;1986;0,426114938;1,278946901;98,05457334;4,852836465;112,5646739;Annual;01/01/80
ZWE;Zimbabwe;Glass;Manufacturing;Quantity / USD million equivalent;1987;0,477320891;1,429832582;86,54809775;2,508936782;112,2568449;Annual;01/01/80
ZWE;Zimbabwe;Glass;Manufacturing;Quantity / USD million equivalent;1988;0,480946708;1,328822473;92,03998632;4,436176673;108,954197;Annual;01/01/80
ZWE;Zimbabwe;Glass;Manufacturing;Quantity / USD million equivalent;1989;0,475749244;1,309940301;96,14215903;4,035560317;110,818591;Annual;01/01/80
ZWE;Zimbabwe;Glass;Manufacturing;Quantity / USD million equivalent;1990;0,42920715;1,343282117;103,9521469;2,804657623;128,7051429;Annual;01/01/80
ZWE;Zimbabwe;Glass;Manufacturing;Quantity / USD million equivalent;1991;0,410725623;1,236991227;108,3790107;2,175327028;122,3338523;Annual;01/01/80
ZWE;Zimbabwe;Glass;Manufacturing;Quantity / USD million equivalent;1992;0,456467338;1,059457124;115,5088556;10,04381965;105,7072515;Annual;01/01/80
ZWE;Zimbabwe;Glass;Manufacturing;Quantity / USD million equivalent;1993;0,399890356;1,012298832;134,5467651;7,785077507;121,9357516;Annual;01/01/80
ZWE;Zimbabwe;Glass;Manufacturing;Quantity / USD million equivalent;1994;0,385179177;0,976024673;125,8393095;7,80691976;106,7680067;Annual;01/01/80
ZWE;Zimbabwe;Glass;Manufacturing;Quantity / USD million equivalent;1995;0,42812395;1,031709944;130,1641658;9,106563587;116,9405167;Annual;01/01/80
ZWE;Zimbabwe;Glass;Manufacturing;Quantity / USD million equivalent;1996;0,423270053;0,887598115;139,7523614;16,58487029;108,4333792;Annual;01/01/80
ZWE;Zimbabwe;Glass;Manufacturing;Quantity / USD million equivalent;1997;0,470553234;1,100445406;126,5544913;11,73053336;123,5919758;Annual;01/01/80
ZWE;Zimbabwe;Glass;Manufacturing;Quantity / USD million equivalent;1998;0,459277832;1,045427438;131,6272433;14,20118825;119,8168647;Annual;01/01/80
ZWE;Zimbabwe;Glass;Manufacturing;Quantity / USD million equivalent;1999;0,397589044;0,904145815;152,7656235;12,82244804;121,4450298;Annual;01/01/80
ZWE;Zimbabwe;Glass;Manufacturing;Quantity / USD million equivalent;2000;0,478832214;1,08762692;131,555503;12,37785777;124,6530788;Annual;01/01/80
ZWE;Zimbabwe;Glass;Manufacturing;Quantity / USD million equivalent;2001;0,614728651;1,305971828;103,9852694;17,76875599;118,8654885;Annual;01/01/80
ZWE;Zimbabwe;Glass;Manufacturing;Quantity / USD million equivalent;2002;0,607320056;1,346654478;109,9469123;15,53277698;126,3265633;Annual;01/01/80
ZWE;Zimbabwe;Glass;Manufacturing;Quantity / USD million equivalent;2003;0,506448294;1,274668494;127,3403903;9,072699271;143,3236206;Annual;01/01/80
ZWE;Zimbabwe;Glass;Manufacturing;Quantity / USD million equivalent;2004;0,577235821;1,244723829;114,3942443;15,80534288;125,6491829;Annual;01/01/80
ZWE;Zimbabwe;Glass;Manufacturing;Quantity / USD million equivalent;2005;0,703543952;1,414454626;108,4541343;22,66888512;131,8896871;Annual;01/01/80
ZWE;Zimbabwe;Glass;Manufacturing;Quantity / USD million equivalent;2006;0,688986668;1,524580659;109,7419991;16,75148668;145,966593;Annual;01/01/80
ZWE;Zimbabwe;Glass;Manufacturing;Quantity / USD million equivalent;2007;0,87333982;1,804608503;84,22462446;20,66335301;132,5333965;Annual;01/01/80
ZWE;Zimbabwe;Glass;Manufacturing;Quantity / USD million equivalent;2008;0,861617836;1,795685574;83,86838002;18,63046425;129,3825107;Annual;01/01/80
ZWE;Zimbabwe;Glass;Manufacturing;Quantity / USD million equivalent;2009;0,89619798;2,0346912;77,75782469;16,54478687;139,7348759;Annual;01/01/80
ZWE;Zimbabwe;Glass;Manufacturing;Quantity / USD million equivalent;2010;0,970951593;2,214645815;74,38273925;15,83233745;143,7914997;Annual;01/01/80
ZWE;Zimbabwe;Glass;Manufacturing;Quantity / USD million equivalent;2011;0,98779864;1,902119747;81,04316672;26,28546921;132,6154267;Annual;01/01/80
ZWE;Zimbabwe;Glass;Manufacturing;Quantity / USD million equivalent;2012;0,83009089;1,892166534;93,72911067;17,29800965;156,8362642;Annual;01/01/80
ZWE;Zimbabwe;Glass;Manufacturing;Quantity / USD million equivalent;2013;0,863869912;2,102066143;87,47846689;12,04444346;164,4741577;Annual;01/01/80
ZWE;Zimbabwe;Glass;Manufacturing;Quantity / USD million equivalent;2014;1,004298014;2,307212904;74,48377159;14,6835271;150,6957706;Annual;01/01/80
ZWE;Zimbabwe;Glass;Manufacturing;Quantity / USD million equivalent;2015;0,900183;1,989031494;84,90892489;16,97125891;146,4691969;Annual;01/01/80
ZWE;Zimbabwe;Glass;Manufacturing;Quantity / USD million equivalent;2016;0,80735672;1,98286136;95,53672484;13,15882786;167,4885726;Annual;01/01/80
ZWE;Zimbabwe;Glass;Manufacturing;Quantity / USD million equivalent;2017;0,864200597;1,842103882;90,57845818;19,20879543;143,7694036;Annual;01/01/80
ZWE;Zimbabwe;Glass;Manufacturing;Quantity / USD million equivalent;2018;0,795677845;1,927107717;98,03967453;14,4598692;168,1575424;Annual;01/01/80
ZWE;Zimbabwe;Glass;Manufacturing;Quantity / USD million equivalent;2019;0,719062584;1,653525476;115,2742117;15,28173454;168,3311197;Annual;01/01/80
ZWE;Zimbabwe;Glass;Manufacturing;Quantity / USD million equivalent;2020;0,844227638;1,68228369;108,2028496;27,84168153;157,3820861;Annual;01/01/80
ZWE;Zimbabwe;Glass;Manufacturing;Quantity / USD million equivalent;2021;0,87264435;1,843955275;99,76463498;22,08718241;158,9428019;Annual;01/01/80
ZWE;Zimbabwe;Glass;Manufacturing;Quantity / USD million equivalent;2022;0,93251667;1,847670048;97,33429996;28,92996786;156,1010253;Annual;01/01/80
ZWE;Zimbabwe;Glass;Manufacturing;Quantity / USD million equivalent;2023;0,829647158;1,512146266;115,6415318;35,10311207;149,7182487;Annual;01/01/80
ZWE;Zimbabwe;Glass;Manufacturing;Quantity / USD million equivalent;2024;0,881524635;1,606459559;120,7866062;37,00905419;164,4904183;Annual;01/01/80
ZWE;Zimbabwe;Glass;Manufacturing;Quantity / USD million equivalent;2025;0,652044703;1,413779422;139,3205501;23,21216739;171,7599707;Annual;01/01/80
ZWE;Zimbabwe;Glass;Manufacturing;Quantity / USD million equivalent;2026;0,54196161;1,154775133;132,2361464;17,93023485;133,7607104;Annual;01/01/80
ZWE;Zimbabwe;Gold;Mining;Quantity / USD million equivalent;1980;1,287770553;1,690579693;521,6411199;355,1269961;706,9224938;Annual;01/01/80
ZWE;Zimbabwe;Gold;Mining;Quantity / USD million equivalent;1981;1,549021738;1,886490716;473,3051654;409,3721677;687,628982;Annual;01/01/80
ZWE;Zimbabwe;Gold;Mining;Quantity / USD million equivalent;1982;1,291237612;2,107346138;459,6361895;248,9488554;813,2212192;Annual;01/01/80
ZWE;Zimbabwe;Gold;Mining;Quantity / USD million equivalent;1983;1,712411515;2,317932696;417,1483324;365,3497472;783,0325993;Annual;01/01/80
ZWE;Zimbabwe;Gold;Mining;Quantity / USD million equivalent;1984;1,709595618;2,370918084;417,9032364;365,8687279;809,0979658;Annual;01/01/80
ZWE;Zimbabwe;Gold;Mining;Quantity / USD million equivalent;1985;1,756073109;2,647691083;395,7468736;324,547424;872,1515575;Annual;01/01/80
ZWE;Zimbabwe;Gold;Mining;Quantity / USD million equivalent;1986;1,644481472;2,539850258;417,9791232;317,7038409;872,8072893;Annual;01/01/80
ZWE;Zimbabwe;Gold;Mining;Quantity / USD million equivalent;1987;1,510877588;2,335781675;456,3249132;299,4870698;874,4341904;Annual;01/01/80
ZWE;Zimbabwe;Gold;Mining;Quantity / USD million equivalent;1988;1,778043291;2,588157375;394,765235;339,9408996;830,0827562;Annual;01/01/80
ZWE;Zimbabwe;Gold;Mining;Quantity / USD million equivalent;1989;1,97953256;2,966660936;359,7689119;334,1683302;878,2121547;Annual;01/01/80
ZWE;Zimbabwe;Gold;Mining;Quantity / USD million equivalent;1990;1,826174899;3,082238799;387,7441508;285,340993;996,5398185;Annual;01/01/80
ZWE;Zimbabwe;Gold;Mining;Quantity / USD million equivalent;1991;2,159252921;3,196295166;346,1309035;353,4568565;903,2781402;Annual;01/01/80
ZWE;Zimbabwe;Gold;Mining;Quantity / USD million equivalent;1992;2,766972213;3,233395559;306,5780371;480,3930786;776,3702453;Annual;01/01/80
ZWE;Zimbabwe;Gold;Mining;Quantity / USD million equivalent;1993;2,48090728;3,108604328;333,0953036;457,234079;826,7553684;Annual;01/01/80
ZWE;Zimbabwe;Gold;Mining;Quantity / USD million equivalent;1994;2,487232971;3,394304002;312,3372686;399,9941373;837,5018906;Annual;01/01/80
ZWE;Zimbabwe;Gold;Mining;Quantity / USD million equivalent;1995;2,612363858;3,385490551;346,5857692;497,7723006;922,5921423;Annual;01/01/80
ZWE;Zimbabwe;Gold;Mining;Quantity / USD million equivalent;1996;2,466737657;2,63040472;381,5073187;587,2181939;763,8046902;Annual;01/01/80
ZWE;Zimbabwe;Gold;Mining;Quantity / USD million equivalent;1997;2,43328109;2,853455322;404,1683814;571,4660849;902,2640748;Annual;01/01/80
ZWE;Zimbabwe;Gold;Mining;Quantity / USD million equivalent;1998;2,097579021;2,438732518;475,3000267;581,6915239;887,486429;Annual;01/01/80
ZWE;Zimbabwe;Gold;Mining;Quantity / USD million equivalent;1999;2,023299618;2,297570147;478,5087827;579,6822518;844,677372;Annual;01/01/80
ZWE;Zimbabwe;Gold;Mining;Quantity / USD million equivalent;2000;1,971930699;2,360213359;508,9248021;573,961998;946,351223;Annual;01/01/80
ZWE;Zimbabwe;Gold;Mining;Quantity / USD million equivalent;2001;2,113471402;2,294890401;468,9938016;610,818186;816,138802;Annual;01/01/80
ZWE;Zimbabwe;Gold;Mining;Quantity / USD million equivalent;2002;1,963021065;2,51466908;510,7160405;540,8847857;1017,964154;Annual;01/01/80
ZWE;Zimbabwe;Gold;Mining;Quantity / USD million equivalent;2003;1,823329751;2,405993753;555,5988305;542,2880464;1063,541888;Annual;01/01/80
ZWE;Zimbabwe;Gold;Mining;Quantity / USD million equivalent;2004;2,244327902;2,665262686;446,4683425;577,2675897;931,140003;Annual;01/01/80
ZWE;Zimbabwe;Gold;Mining;Quantity / USD million equivalent;2005;2,605665695;2,960435166;435,7455833;671,7165149;994,7417089;Annual;01/01/80
ZWE;Zimbabwe;Gold;Mining;Quantity / USD million equivalent;2006;2,948855656;3,341396088;423,545866;744,3810179;1077,535027;Annual;01/01/80
ZWE;Zimbabwe;Gold;Mining;Quantity / USD million equivalent;2007;2,278542083;2,493083114;495,691082;684,602952;944,2058823;Annual;01/01/80
ZWE;Zimbabwe;Gold;Mining;Quantity / USD million equivalent;2008;2,346769659;2,604930004;481,6613537;674,3165952;965,1554416;Annual;01/01/80
ZWE;Zimbabwe;Gold;Mining;Quantity / USD million equivalent;2009;2,64409105;3,376742706;399,7933853;571,2089953;1066,318005;Annual;01/01/80
ZWE;Zimbabwe;Gold;Mining;Quantity / USD million equivalent;2010;2,82640125;3,162094712;417,8753248;720,233736;1008,440436;Annual;01/01/80
ZWE;Zimbabwe;Gold;Mining;Quantity / USD million equivalent;2011;2,922835674;3,38035034;401,0311062;691,3236038;1056,894545;Annual;01/01/80
ZWE;Zimbabwe;Gold;Mining;Quantity / USD million equivalent;2012;3,735217416;4,374938668;365,154196;794,2562814;1240,148002;Annual;01/01/80
ZWE;Zimbabwe;Gold;Mining;Quantity / USD million equivalent;2013;4,079059848;5,32450743;313,4378066;690,2004616;1314,041673;Annual;01/01/80
ZWE;Zimbabwe;Gold;Mining;Quantity / USD million equivalent;2014;4,463447052;5,855645524;267,5340392;630,5620953;1257,199703;Annual;01/01/80
ZWE;Zimbabwe;Gold;Mining;Quantity / USD million equivalent;2015;4,680939248;5,615897159;272,9250991;732,042643;1205,190047;Annual;01/01/80
ZWE;Zimbabwe;Gold;Mining;Quantity / USD million equivalent;2016;3,853236632;4,730194471;330,0242072;717,9098297;1214,354867;Annual;01/01/80
ZWE;Zimbabwe;Gold;Mining;Quantity / USD million equivalent;2017;3,282813837;3,623922119;381,2827952;756,0958624;1064,300386;Annual;01/01/80
ZWE;Zimbabwe;Gold;Mining;Quantity / USD million equivalent;2018;3,492256469;4,679709703;329,1055222;607,7402369;1248,38013;Annual;01/01/80
ZWE;Zimbabwe;Gold;Mining;Quantity / USD million equivalent;2019;4,279791419;6,064591349;292,5050977;615,2727725;1448,486793;Annual;01/01/80
ZWE;Zimbabwe;Gold;Mining;Quantity / USD million equivalent;2020;4,931736274;5,199021581;295,1595833;911,8138351;1146,122062;Annual;01/01/80
ZWE;Zimbabwe;Gold;Mining;Quantity / USD million equivalent;2021;4,242942618;4,644397608;343,2986456;882,230787;1210,129075;Annual;01/01/80
ZWE;Zimbabwe;Gold;Mining;Quantity / USD million equivalent;2022;3,912764934;4,495600516;364,4637238;858,9043475;1258,377931;Annual;01/01/80
ZWE;Zimbabwe;Gold;Mining;Quantity / USD million equivalent;2023;4,342566968;4,609327888;336,4273741;909,1066397;1178,111151;Annual;01/01/80
ZWE;Zimbabwe;Gold;Mining;Quantity / USD million equivalent;2024;4,324279313;4,733873472;362,8927013;952,3012908;1309,790839;Annual;01/01/80
ZWE;Zimbabwe;Gold;Mining;Quantity / USD million equivalent;2025;4,003058927;4,781522762;361,4300759;817,3255792;1361,510553;Annual;01/01/80
ZWE;Zimbabwe;Gold;Mining;Quantity / USD million equivalent;2026;2,861287309;3,524421756;377,000246;598,3779624;1042,186366;Annual;01/01/80
ZWE;Zimbabwe;Horticulture;Agriculture;Quantity / USD million equivalent;1980;1,644198057;2,916198334;96,86772062;60,87228913;237,2674929;Annual;01/01/80
ZWE;Zimbabwe;Horticulture;Agriculture;Quantity / USD million equivalent;1981;1,69891204;2,640668654;104,9959888;80,82859088;228,4900792;Annual;01/01/80
ZWE;Zimbabwe;Horticulture;Agriculture;Quantity / USD million equivalent;1982;1,506179683;3,409682719;93,74462237;29,23157133;285,2579871;Annual;01/01/80
ZWE;Zimbabwe;Horticulture;Agriculture;Quantity / USD million equivalent;1983;1,620621226;2,736963354;107,1839384;68,55429662;246,3922095;Annual;01/01/80
ZWE;Zimbabwe;Horticulture;Agriculture;Quantity / USD million equivalent;1984;1,686944501;2,905423382;107,7681061;71,10962887;263,6642672;Annual;01/01/80
ZWE;Zimbabwe;Horticulture;Agriculture;Quantity / USD million equivalent;1985;1,515801373;2,890821713;106,6823263;55,58822832;263,833151;Annual;01/01/80
ZWE;Zimbabwe;Horticulture;Agriculture;Quantity / USD million equivalent;1986;1,760609698;3,815750595;96,70122825;46,05259996;320,4638413;Annual;01/01/80
ZWE;Zimbabwe;Horticulture;Agriculture;Quantity / USD million equivalent;1987;1,69653577;3,384408145;90,06654156;45,94940396;266,7616656;Annual;01/01/80
ZWE;Zimbabwe;Horticulture;Agriculture;Quantity / USD million equivalent;1988;2,098388314;3,518419077;87,35402488;74,88739933;257,3630625;Annual;01/01/80
ZWE;Zimbabwe;Horticulture;Agriculture;Quantity / USD million equivalent;1989;1,706598031;3,298119225;101,6412533;57,80932747;285,6484602;Annual;01/01/80
ZWE;Zimbabwe;Horticulture;Agriculture;Quantity / USD million equivalent;1990;1,61536905;3,931675047;103,0039705;33,91249411;359,7640253;Annual;01/01/80
ZWE;Zimbabwe;Horticulture;Agriculture;Quantity / USD million equivalent;1991;1,516299297;3,142475602;113,7116449;50,29682644;311,9155743;Annual;01/01/80
ZWE;Zimbabwe;Horticulture;Agriculture;Quantity / USD million equivalent;1992;1,65684609;2,500587182;126,3765158;98,33520217;258,3875141;Annual;01/01/80
ZWE;Zimbabwe;Horticulture;Agriculture;Quantity / USD million equivalent;1993;1,598480804;2,797253194;126,5554826;80,50493269;296,1919019;Annual;01/01/80
ZWE;Zimbabwe;Horticulture;Agriculture;Quantity / USD million equivalent;1994;1,579478417;2,48918191;127,3673795;89,77518444;262,7614133;Annual;01/01/80
ZWE;Zimbabwe;Horticulture;Agriculture;Quantity / USD million equivalent;1995;1,780905041;3,070941046;116,7224356;85,29372697;294,1567735;Annual;01/01/80
ZWE;Zimbabwe;Horticulture;Agriculture;Quantity / USD million equivalent;1996;1,614269908;2,242550607;141,6565158;115,8942393;258,7124907;Annual;01/01/80
ZWE;Zimbabwe;Horticulture;Agriculture;Quantity / USD million equivalent;1997;1,851190925;2,808913607;128,7329146;112,6477901;296,1797459;Annual;01/01/80
ZWE;Zimbabwe;Horticulture;Agriculture;Quantity / USD million equivalent;1998;1,604466929;2,502013141;145,0064893;106,1984748;303,1663642;Annual;01/01/80
ZWE;Zimbabwe;Horticulture;Agriculture;Quantity / USD million equivalent;1999;1,725962851;2,511240845;137,2253987;115,2193262;279,6995528;Annual;01/01/80
ZWE;Zimbabwe;Horticulture;Agriculture;Quantity / USD million equivalent;2000;1,96625852;2,858544612;129,9610532;124,0908804;301,5331074;Annual;01/01/80
ZWE;Zimbabwe;Horticulture;Agriculture;Quantity / USD million equivalent;2001;2,237485627;3,139456575;106,2345184;120,8078402;272,6777981;Annual;01/01/80
ZWE;Zimbabwe;Horticulture;Agriculture;Quantity / USD million equivalent;2002;2,240275201;3,235202599;112,4187209;122,0554087;298,8623512;Annual;01/01/80
ZWE;Zimbabwe;Horticulture;Agriculture;Quantity / USD million equivalent;2003;1,993856804;3,390010093;125,942878;98,10921348;362,9291144;Annual;01/01/80
ZWE;Zimbabwe;Horticulture;Agriculture;Quantity / USD million equivalent;2004;2,122892551;3,142606667;111,8303595;116,0308088;287,5813306;Annual;01/01/80
ZWE;Zimbabwe;Horticulture;Agriculture;Quantity / USD million equivalent;2005;2,337751642;3,503658237;112,6287655;124,9277731;328,1920486;Annual;01/01/80
ZWE;Zimbabwe;Horticulture;Agriculture;Quantity / USD million equivalent;2006;2,556752053;4,04015606;109,4613596;119,7994334;370,0195478;Annual;01/01/80
ZWE;Zimbabwe;Horticulture;Agriculture;Quantity / USD million equivalent;2007;3,277446402;4,856150323;89,23482378;135,4740448;354,2503467;Annual;01/01/80
ZWE;Zimbabwe;Horticulture;Agriculture;Quantity / USD million equivalent;2008;3,341753783;4,604204676;86,78454406;147,6045297;320,020641;Annual;01/01/80
ZWE;Zimbabwe;Horticulture;Agriculture;Quantity / USD million equivalent;2009;3,517449418;5,911962964;77,60237635;116,039802;385,0537542;Annual;01/01/80
ZWE;Zimbabwe;Horticulture;Agriculture;Quantity / USD million equivalent;2010;4,139508351;5,586664442;70,60418617;151,1625629;314,2131417;Annual;01/01/80
ZWE;Zimbabwe;Horticulture;Agriculture;Quantity / USD million equivalent;2011;3,300274464;4,751234291;83,20822579;136,783292;316,347251;Annual;01/01/80
ZWE;Zimbabwe;Horticulture;Agriculture;Quantity / USD million equivalent;2012;2,972711029;4,663783882;99,5794915;136,9489705;376,9968219;Annual;01/01/80
ZWE;Zimbabwe;Horticulture;Agriculture;Quantity / USD million equivalent;2013;3,313951684;5,77360498;88,21938301;113,5095136;432,9081654;Annual;01/01/80
ZWE;Zimbabwe;Horticulture;Agriculture;Quantity / USD million equivalent;2014;4,186318869;6,574555006;74,52694469;136,7753943;404,7140025;Annual;01/01/80
ZWE;Zimbabwe;Horticulture;Agriculture;Quantity / USD million equivalent;2015;3,433164139;5,591460438;86,43958203;125,5616674;407,1475722;Annual;01/01/80
ZWE;Zimbabwe;Horticulture;Agriculture;Quantity / USD million equivalent;2016;3,280395596;4,983227022;97,38640669;147,7600729;391,4190646;Annual;01/01/80
ZWE;Zimbabwe;Horticulture;Agriculture;Quantity / USD million equivalent;2017;2,910194484;4,161992068;103,7220787;150,0824831;353,0641729;Annual;01/01/80
ZWE;Zimbabwe;Horticulture;Agriculture;Quantity / USD million equivalent;2018;3,082156269;5,179442596;91,71253274;118,6078787;402,1845903;Annual;01/01/80
ZWE;Zimbabwe;Horticulture;Agriculture;Quantity / USD million equivalent;2019;3,067566526;5,170030308;105,0902171;125,4826771;455,2704033;Annual;01/01/80
ZWE;Zimbabwe;Horticulture;Agriculture;Quantity / USD million equivalent;2020;3,215784267;3,85556165;114,129771;207,2896769;345,8605084;Annual;01/01/80
ZWE;Zimbabwe;Horticulture;Agriculture;Quantity / USD million equivalent;2021;3,590007239;4,924329589;93,96889954;173,6771575;376,1718157;Annual;01/01/80
ZWE;Zimbabwe;Horticulture;Agriculture;Quantity / USD million equivalent;2022;3,642603583;5,463921255;91,51864475;157,3770828;413,2901424;Annual;01/01/80
ZWE;Zimbabwe;Horticulture;Agriculture;Quantity / USD million equivalent;2023;2,98271148;4,330020239;116,4268188;168,2851934;397,6285916;Annual;01/01/80
ZWE;Zimbabwe;Horticulture;Agriculture;Quantity / USD million equivalent;2024;3,28936863;4,514732583;120,0138833;194,2851761;444,6209351;Annual;01/01/80
ZWE;Zimbabwe;Horticulture;Agriculture;Quantity / USD million equivalent;2025;2,42396639;3,557514646;141,3452113;167,1736945;401,8999699;Annual;01/01/80
ZWE;Zimbabwe;Horticulture;Agriculture;Quantity / USD million equivalent;2026;1,974730981;3,186856631;124,1890187;106,7467484;331,1277002;Annual;01/01/80
ZWE;Zimbabwe;ICT Equipment;Manufacturing;Quantity / USD million equivalent;1980;0,423177322;1,12155941;98,11431492;4,674459131;98,82640441;Annual;01/01/80
ZWE;Zimbabwe;ICT Equipment;Manufacturing;Quantity / USD million equivalent;1981;0,440591682;1,047937333;96,64679912;7,799325303;89,06433117;Annual;01/01/80
ZWE;Zimbabwe;ICT Equipment;Manufacturing;Quantity / USD million equivalent;1982;0,429533212;1,282041144;95,90501257;3,023463781;108,5130913;Annual;01/01/80
ZWE;Zimbabwe;ICT Equipment;Manufacturing;Quantity / USD million equivalent;1983;0,462195559;1,138101237;94,89176602;7,003204844;94,88564912;Annual;01/01/80
ZWE;Zimbabwe;ICT Equipment;Manufacturing;Quantity / USD million equivalent;1984;0,416361289;1,11837172;107,8926173;4,974912395;107,8146967;Annual;01/01/80
ZWE;Zimbabwe;ICT Equipment;Manufacturing;Quantity / USD million equivalent;1985;0,41483275;1,129671198;103,5099627;5,531174365;104,1886392;Annual;01/01/80
ZWE;Zimbabwe;ICT Equipment;Manufacturing;Quantity / USD million equivalent;1986;0,44913913;1,367766843;95,16569008;3,407444225;118,443457;Annual;01/01/80
ZWE;Zimbabwe;ICT Equipment;Manufacturing;Quantity / USD million equivalent;1987;0,453756168;1,321117019;91,13615505;2,628221489;109,1815202;Annual;01/01/80
ZWE;Zimbabwe;ICT Equipment;Manufacturing;Quantity / USD million equivalent;1988;0,472155293;1,367202982;91,03815866;3,929839268;112,7734058;Annual;01/01/80
ZWE;Zimbabwe;ICT Equipment;Manufacturing;Quantity / USD million equivalent;1989;0,48082088;1,348224421;95,39909808;4,145461646;117,0271348;Annual;01/01/80
ZWE;Zimbabwe;ICT Equipment;Manufacturing;Quantity / USD million equivalent;1990;0,420680975;1,393892786;104,4543936;0,949652382;133,7976337;Annual;01/01/80
ZWE;Zimbabwe;ICT Equipment;Manufacturing;Quantity / USD million equivalent;1991;0,388527534;1,151167456;114,9682109;3,257411054;115,8536672;Annual;01/01/80
ZWE;Zimbabwe;ICT Equipment;Manufacturing;Quantity / USD million equivalent;1992;0,434372352;0,928718801;125,4798268;13,22685122;101,5617751;Annual;01/01/80
ZWE;Zimbabwe;ICT Equipment;Manufacturing;Quantity / USD million equivalent;1993;0,412667912;0,98318301;131,0181592;10,34614708;113,9804597;Annual;01/01/80
ZWE;Zimbabwe;ICT Equipment;Manufacturing;Quantity / USD million equivalent;1994;0,434573787;1,060881302;120,221773;8,122222835;113,3560048;Annual;01/01/80
ZWE;Zimbabwe;ICT Equipment;Manufacturing;Quantity / USD million equivalent;1995;0,496888013;1,115259516;121,0337697;13,8287904;116,2546771;Annual;01/01/80
ZWE;Zimbabwe;ICT Equipment;Manufacturing;Quantity / USD million equivalent;1996;0,411426194;0,879759898;145,5044155;16,58660995;111,5698612;Annual;01/01/80
ZWE;Zimbabwe;ICT Equipment;Manufacturing;Quantity / USD million equivalent;1997;0,444390974;0,976675535;133,4324172;15,60484056;114,4942494;Annual;01/01/80
ZWE;Zimbabwe;ICT Equipment;Manufacturing;Quantity / USD million equivalent;1998;0,46078049;1,07503496;133,4817522;13,2768006;125,9360404;Annual;01/01/80
ZWE;Zimbabwe;ICT Equipment;Manufacturing;Quantity / USD million equivalent;1999;0,453877089;0,976972722;135,8570604;15,12189838;116,6801353;Annual;01/01/80
ZWE;Zimbabwe;ICT Equipment;Manufacturing;Quantity / USD million equivalent;2000;0,466351959;1,060299619;135,6551332;13,00330896;124,5060791;Annual;01/01/80
ZWE;Zimbabwe;ICT Equipment;Manufacturing;Quantity / USD million equivalent;2001;0,594834033;1,246893753;105,3439006;17,31937782;113,3977522;Annual;01/01/80
ZWE;Zimbabwe;ICT Equipment;Manufacturing;Quantity / USD million equivalent;2002;0,554661077;1,17825312;117,807721;16,41181282;121,0789812;Annual;01/01/80
ZWE;Zimbabwe;ICT Equipment;Manufacturing;Quantity / USD million equivalent;2003;0,453114215;1,201653981;134,5986013;7,534033146;143,3455128;Annual;01/01/80
ZWE;Zimbabwe;ICT Equipment;Manufacturing;Quantity / USD million equivalent;2004;0,595797488;1,263835389;107,8370862;17,42291792;119,0623818;Annual;01/01/80
ZWE;Zimbabwe;ICT Equipment;Manufacturing;Quantity / USD million equivalent;2005;0,606022804;1,246419459;114,2340402;19,88882609;123,5100744;Annual;01/01/80
ZWE;Zimbabwe;ICT Equipment;Manufacturing;Quantity / USD million equivalent;2006;0,712286885;1,501925125;106,4458152;19,23634984;139,7484451;Annual;01/01/80
ZWE;Zimbabwe;ICT Equipment;Manufacturing;Quantity / USD million equivalent;2007;0,892641533;1,817180637;86,44524955;23,23683462;133,8082156;Annual;01/01/80
ZWE;Zimbabwe;ICT Equipment;Manufacturing;Quantity / USD million equivalent;2008;0,826432813;1,684190063;86,94183805;22,53238319;126,0861596;Annual;01/01/80
ZWE;Zimbabwe;ICT Equipment;Manufacturing;Quantity / USD million equivalent;2009;0,872094915;1,854797347;79,23747929;18,25860811;129,0303173;Annual;01/01/80
ZWE;Zimbabwe;ICT Equipment;Manufacturing;Quantity / USD million equivalent;2010;0,94791291;2,165760906;73,65425481;15,02422011;140,6954074;Annual;01/01/80
ZWE;Zimbabwe;ICT Equipment;Manufacturing;Quantity / USD million equivalent;2011;0,969194707;1,931613553;82,14615152;24,82549937;133,7627638;Annual;01/01/80
ZWE;Zimbabwe;ICT Equipment;Manufacturing;Quantity / USD million equivalent;2012;0,831075253;1,935679002;93,91437042;16,75415081;158,8895963;Annual;01/01/80
ZWE;Zimbabwe;ICT Equipment;Manufacturing;Quantity / USD million equivalent;2013;0,970502138;2,188513948;81,17365719;16,46344694;156,557605;Annual;01/01/80
ZWE;Zimbabwe;ICT Equipment;Manufacturing;Quantity / USD million equivalent;2014;1,02902508;2,533623531;73,48157025;10,36916952;167,1322715;Annual;01/01/80
ZWE;Zimbabwe;ICT Equipment;Manufacturing;Quantity / USD million equivalent;2015;0,907275707;1,917712471;87,05783961;20,62299091;146,4139859;Annual;01/01/80
ZWE;Zimbabwe;ICT Equipment;Manufacturing;Quantity / USD million equivalent;2016;0,84033559;2,000367418;90,72724111;16,02291807;158,7121051;Annual;01/01/80
ZWE;Zimbabwe;ICT Equipment;Manufacturing;Quantity / USD million equivalent;2017;0,839762845;1,786105205;92,82085949;19,93521395;145,2375946;Annual;01/01/80
ZWE;Zimbabwe;ICT Equipment;Manufacturing;Quantity / USD million equivalent;2018;0,776604099;1,866469008;94,39572827;15,33972882;157,2333026;Annual;01/01/80
ZWE;Zimbabwe;ICT Equipment;Manufacturing;Quantity / USD million equivalent;2019;0,791248451;1,827201676;103,3604419;16,37611084;166,1141262;Annual;01/01/80
ZWE;Zimbabwe;ICT Equipment;Manufacturing;Quantity / USD million equivalent;2020;0,870057746;1,684625943;105,2853061;29,64897656;153,6698479;Annual;01/01/80
ZWE;Zimbabwe;ICT Equipment;Manufacturing;Quantity / USD million equivalent;2021;0,880723859;1,808543003;101,0078171;23,87930703;158,0517441;Annual;01/01/80
ZWE;Zimbabwe;ICT Equipment;Manufacturing;Quantity / USD million equivalent;2022;0,8872208;2,031475256;97,1566307;18,77364017;172,8831035;Annual;01/01/80
ZWE;Zimbabwe;ICT Equipment;Manufacturing;Quantity / USD million equivalent;2023;0,764969887;1,561055881;118,578693;25,9531621;161,1620823;Annual;01/01/80
ZWE;Zimbabwe;ICT Equipment;Manufacturing;Quantity / USD million equivalent;2024;0,857859752;1,714599959;113,0452876;29,11389033;165,9674425;Annual;01/01/80
ZWE;Zimbabwe;ICT Equipment;Manufacturing;Quantity / USD million equivalent;2025;0,711290898;1,554751625;126,8252632;21,01651604;172,1917805;Annual;01/01/80
ZWE;Zimbabwe;ICT Equipment;Manufacturing;Quantity / USD million equivalent;2026;0,56901434;1,30240809;121,6333013;13,23596433;139,2389531;Annual;01/01/80
ZWE;Zimbabwe;Leather;Manufacturing;Quantity / USD million equivalent;1980;0,369193911;1,058942844;102,8079225;2,608987248;98,79440455;Annual;01/01/80
ZWE;Zimbabwe;Leather;Manufacturing;Quantity / USD million equivalent;1981;0,425892695;1,129433623;96,22615252;4,605826059;97,2353615;Annual;01/01/80
ZWE;Zimbabwe;Leather;Manufacturing;Quantity / USD million equivalent;1982;0,40630663;1,175487867;99,67829932;1,491891503;104,8594819;Annual;01/01/80
ZWE;Zimbabwe;Leather;Manufacturing;Quantity / USD million equivalent;1983;0,479885737;1,16525003;101,3509534;8,908568044;102,3185067;Annual;01/01/80
ZWE;Zimbabwe;Leather;Manufacturing;Quantity / USD million equivalent;1984;0,415818666;1,120584123;101,8347438;4,905108426;103,1325503;Annual;01/01/80
ZWE;Zimbabwe;Leather;Manufacturing;Quantity / USD million equivalent;1985;0,40821882;1,09763668;107,379976;5,711430509;105,3083194;Annual;01/01/80
ZWE;Zimbabwe;Leather;Manufacturing;Quantity / USD million equivalent;1986;0,417628396;1,322790063;99,1210184;3,418177959;117,6651282;Annual;01/01/80
ZWE;Zimbabwe;Leather;Manufacturing;Quantity / USD million equivalent;1987;0,460974612;1,369495784;88,84089943;3,409540225;109,3988282;Annual;01/01/80
ZWE;Zimbabwe;Leather;Manufacturing;Quantity / USD million equivalent;1988;0,535121208;1,448493993;86,97152096;5,269197155;112,5712244;Annual;01/01/80
ZWE;Zimbabwe;Leather;Manufacturing;Quantity / USD million equivalent;1989;0,472866589;1,377552693;95,03285554;2,96612444;117,8921238;Annual;01/01/80
ZWE;Zimbabwe;Leather;Manufacturing;Quantity / USD million equivalent;1990;0,414917879;1,326834499;101,5849341;2,408180995;122,8382675;Annual;01/01/80
ZWE;Zimbabwe;Leather;Manufacturing;Quantity / USD million equivalent;1991;0,392816245;1,161120365;114,8788119;3,218638071;120,8343203;Annual;01/01/80
ZWE;Zimbabwe;Leather;Manufacturing;Quantity / USD million equivalent;1992;0,432511763;1,065925579;120,4234577;7,817659617;112,1959799;Annual;01/01/80
ZWE;Zimbabwe;Leather;Manufacturing;Quantity / USD million equivalent;1993;0,410619967;1,015786422;129,3082274;9,694373064;115,994575;Annual;01/01/80
ZWE;Zimbabwe;Leather;Manufacturing;Quantity / USD million equivalent;1994;0,394444972;0,912288463;131,712748;11,10027299;106,2625519;Annual;01/01/80
ZWE;Zimbabwe;Leather;Manufacturing;Quantity / USD million equivalent;1995;0,439190085;1,050935307;128,9415095;9,865214618;117,6469184;Annual;01/01/80
ZWE;Zimbabwe;Leather;Manufacturing;Quantity / USD million equivalent;1996;0,398990755;0,851134117;144,3808082;16,1436551;105,4931376;Annual;01/01/80
ZWE;Zimbabwe;Leather;Manufacturing;Quantity / USD million equivalent;1997;0,459632846;1,025618892;129,6376386;14,81633845;116,4279673;Annual;01/01/80
ZWE;Zimbabwe;Leather;Manufacturing;Quantity / USD million equivalent;1998;0,457256277;1,003880829;135,2676558;15,39166096;120,5275709;Annual;01/01/80
ZWE;Zimbabwe;Leather;Manufacturing;Quantity / USD million equivalent;1999;0,40790057;0,902605645;143,8315028;14,26933989;113,3556131;Annual;01/01/80
ZWE;Zimbabwe;Leather;Manufacturing;Quantity / USD million equivalent;2000;0,494778591;1,046378519;132,1700693;16,35821464;120,3908618;Annual;01/01/80
ZWE;Zimbabwe;Leather;Manufacturing;Quantity / USD million equivalent;2001;0,58274954;1,170486003;107,1987052;18,93975155;109,9482126;Annual;01/01/80
ZWE;Zimbabwe;Leather;Manufacturing;Quantity / USD million equivalent;2002;0,583862096;1,314966906;107,4647096;14,55521159;124,0797361;Annual;01/01/80
ZWE;Zimbabwe;Leather;Manufacturing;Quantity / USD million equivalent;2003;0,487913502;1,240606202;129,8994293;8,986088221;142,7230127;Annual;01/01/80
ZWE;Zimbabwe;Leather;Manufacturing;Quantity / USD million equivalent;2004;0,595749454;1,419990671;105,5506409;12,09216885;129,2862311;Annual;01/01/80
ZWE;Zimbabwe;Leather;Manufacturing;Quantity / USD million equivalent;2005;0,614963197;1,285628575;113,588769;18,55390979;127,4437936;Annual;01/01/80
ZWE;Zimbabwe;Leather;Manufacturing;Quantity / USD million equivalent;2006;0,706436374;1,619518672;106,4155601;14,06300176;146,8717699;Annual;01/01/80
ZWE;Zimbabwe;Leather;Manufacturing;Quantity / USD million equivalent;2007;0,862246465;1,721598469;90,06018894;22,86254211;131,6936344;Annual;01/01/80
ZWE;Zimbabwe;Leather;Manufacturing;Quantity / USD million equivalent;2008;0,874267062;1,75573446;82,58478581;21,3776529;125,0115222;Annual;01/01/80
ZWE;Zimbabwe;Leather;Manufacturing;Quantity / USD million equivalent;2009;0,839414516;1,977524196;82,25952385;12,61520242;142,2149271;Annual;01/01/80
ZWE;Zimbabwe;Leather;Manufacturing;Quantity / USD million equivalent;2010;0,944568615;1,979058746;77,69160475;19,09996562;135,2015924;Annual;01/01/80
ZWE;Zimbabwe;Leather;Manufacturing;Quantity / USD million equivalent;2011;0,990417373;2,096178407;76,02202138;21,20382205;138,5492796;Annual;01/01/80
ZWE;Zimbabwe;Leather;Manufacturing;Quantity / USD million equivalent;2012;0,8446117;1,830163356;94,12265328;19,38204647;148,6431214;Annual;01/01/80
ZWE;Zimbabwe;Leather;Manufacturing;Quantity / USD million equivalent;2013;0,897156806;2,11122841;88,51461033;14,54318861;165,8956251;Annual;01/01/80
ZWE;Zimbabwe;Leather;Manufacturing;Quantity / USD million equivalent;2014;0,992432242;2,363994304;76,50409831;12,39827448;159,7460048;Annual;01/01/80
ZWE;Zimbabwe;Leather;Manufacturing;Quantity / USD million equivalent;2015;0,863118359;2,028381867;89,60319009;14,20218523;160,0837715;Annual;01/01/80
ZWE;Zimbabwe;Leather;Manufacturing;Quantity / USD million equivalent;2016;0,939344794;2,048610726;89,60248848;19,31504251;158,5598532;Annual;01/01/80
ZWE;Zimbabwe;Leather;Manufacturing;Quantity / USD million equivalent;2017;0,845578495;1,802576526;94,1055962;19,82263523;148,12446;Annual;01/01/80
ZWE;Zimbabwe;Leather;Manufacturing;Quantity / USD million equivalent;2018;0,799961013;1,908114511;95,93087923;17,39054165;162,9727047;Annual;01/01/80
ZWE;Zimbabwe;Leather;Manufacturing;Quantity / USD million equivalent;2019;0,720438921;1,816943953;110,6216107;12,40547178;178,9029669;Annual;01/01/80
ZWE;Zimbabwe;Leather;Manufacturing;Quantity / USD million equivalent;2020;0,914310775;1,765485456;100,5236659;29,54239863;153,2889359;Annual;01/01/80
ZWE;Zimbabwe;Leather;Manufacturing;Quantity / USD million equivalent;2021;0,947116317;1,911349509;95,78356133;27,27586017;157,3144027;Annual;01/01/80
ZWE;Zimbabwe;Leather;Manufacturing;Quantity / USD million equivalent;2022;1,020143597;2,045132545;92,75566398;27,99288934;160,2749272;Annual;01/01/80
ZWE;Zimbabwe;Leather;Manufacturing;Quantity / USD million equivalent;2023;0,814846351;1,715087996;112,9041875;23,98011546;167,8798004;Annual;01/01/80
ZWE;Zimbabwe;Leather;Manufacturing;Quantity / USD million equivalent;2024;0,924239987;1,63138514;114,5022003;39,54271489;158,7852806;Annual;01/01/80
ZWE;Zimbabwe;Leather;Manufacturing;Quantity / USD million equivalent;2025;0,676813491;1,477063134;140,6470674;24,44533501;180,727661;Annual;01/01/80
ZWE;Zimbabwe;Leather;Manufacturing;Quantity / USD million equivalent;2026;0,53670456;1,245515541;130,2342865;14,73525285;143,916874;Annual;01/01/80
ZWE;Zimbabwe;Lithium;Mining;Quantity / USD million equivalent;1980;0,025573244;0,047048333;4694,916682;41,71539865;185,0516862;Annual;01/01/80
ZWE;Zimbabwe;Lithium;Mining;Quantity / USD million equivalent;1981;0,018553783;0,031972137;6860,700679;49,88297006;179,1201332;Annual;01/01/80
ZWE;Zimbabwe;Lithium;Mining;Quantity / USD million equivalent;1982;0,015725892;0,032742737;7535,742527;31,90344413;212,9151482;Annual;01/01/80
ZWE;Zimbabwe;Lithium;Mining;Quantity / USD million equivalent;1983;0,021569631;0,036060836;6317,347117;53,74877294;189,5378103;Annual;01/01/80
ZWE;Zimbabwe;Lithium;Mining;Quantity / USD million equivalent;1984;0,027282575;0,048705086;4859,850334;48,25142779;193,9569827;Annual;01/01/80
ZWE;Zimbabwe;Lithium;Mining;Quantity / USD million equivalent;1985;0,026815023;0,048080714;4918,492151;47,01646067;200,8636826;Annual;01/01/80
ZWE;Zimbabwe;Lithium;Mining;Quantity / USD million equivalent;1986;0,027627273;0,05777023;4811,960946;36,89407435;240,0438941;Annual;01/01/80
ZWE;Zimbabwe;Lithium;Mining;Quantity / USD million equivalent;1987;0,017805152;0,038337004;6645,97457;29,79671988;224,787253;Annual;01/01/80
ZWE;Zimbabwe;Lithium;Mining;Quantity / USD million equivalent;1988;0,02053388;0,036653679;6313,958686;48,04524993;196,4783374;Annual;01/01/80
ZWE;Zimbabwe;Lithium;Mining;Quantity / USD million equivalent;1989;0,022179646;0,04153531;6071,173705;44,78436246;214,7630825;Annual;01/01/80
ZWE;Zimbabwe;Lithium;Mining;Quantity / USD million equivalent;1990;0,01870534;0,041058493;7192,980601;31,86937889;253,8155485;Annual;01/01/80
ZWE;Zimbabwe;Lithium;Mining;Quantity / USD million equivalent;1991;0,018525492;0,036233899;7270,711087;41,8933459;225,2577849;Annual;01/01/80
ZWE;Zimbabwe;Lithium;Mining;Quantity / USD million equivalent;1992;0,021363264;0,035064767;7217,676925;62,33276021;210,9426597;Annual;01/01/80
ZWE;Zimbabwe;Lithium;Mining;Quantity / USD million equivalent;1993;0,017306192;0,030402986;8724,507129;55,56994361;219,9685033;Annual;01/01/80
ZWE;Zimbabwe;Lithium;Mining;Quantity / USD million equivalent;1994;0,013820638;0,023177146;10435,22317;58,8959773;200,8857032;Annual;01/01/80
ZWE;Zimbabwe;Lithium;Mining;Quantity / USD million equivalent;1995;0,016242104;0,026053278;10545,692;74,05614214;223,8007844;Annual;01/01/80
ZWE;Zimbabwe;Lithium;Mining;Quantity / USD million equivalent;1996;0,015985602;0,020893176;11625,32873;99,73985862;193,0281474;Annual;01/01/80
ZWE;Zimbabwe;Lithium;Mining;Quantity / USD million equivalent;1997;0,01579926;0,023543272;11419,84058;83,41935113;220,6478208;Annual;01/01/80
ZWE;Zimbabwe;Lithium;Mining;Quantity / USD million equivalent;1998;0,014642109;0,021390441;13060,76404;91,2640852;229,0013802;Annual;01/01/80
ZWE;Zimbabwe;Lithium;Mining;Quantity / USD million equivalent;1999;0,015528137;0,023332031;11942,06613;84,63403297;231,1015861;Annual;01/01/80
ZWE;Zimbabwe;Lithium;Mining;Quantity / USD million equivalent;2000;0,017883423;0,029317916;10384,74355;75,47552718;247,8049511;Annual;01/01/80
ZWE;Zimbabwe;Lithium;Mining;Quantity / USD million equivalent;2001;0,018229988;0,025676708;10336,22639;93,59445324;209,5761307;Annual;01/01/80
ZWE;Zimbabwe;Lithium;Mining;Quantity / USD million equivalent;2002;0,01920629;0,028835131;9806,514844;87,85587925;233,7900569;Annual;01/01/80
ZWE;Zimbabwe;Lithium;Mining;Quantity / USD million equivalent;2003;0,013760423;0,022647309;13769,86691;76,74166748;259,045314;Annual;01/01/80
ZWE;Zimbabwe;Lithium;Mining;Quantity / USD million equivalent;2004;0,009007129;0,013389851;22606,16332;94,44239439;238,3103619;Annual;01/01/80
ZWE;Zimbabwe;Lithium;Mining;Quantity / USD million equivalent;2005;0,007199746;0,009819866;31321,28288;111,7979538;244,3271791;Annual;01/01/80
ZWE;Zimbabwe;Lithium;Mining;Quantity / USD million equivalent;2006;0,00592862;0,008988807;36538,98208;97,34285004;269,0443036;Annual;01/01/80
ZWE;Zimbabwe;Lithium;Mining;Quantity / USD million equivalent;2007;0,007059593;0,009396612;31901,73759;116,9512268;243,3785962;Annual;01/01/80
ZWE;Zimbabwe;Lithium;Mining;Quantity / USD million equivalent;2008;0,006351092;0,008350842;34115,9406;115,6364646;228,3937316;Annual;01/01/80
ZWE;Zimbabwe;Lithium;Mining;Quantity / USD million equivalent;2009;0,005763661;0,009650364;35145,92787;83,28278473;280,5425771;Annual;01/01/80
ZWE;Zimbabwe;Lithium;Mining;Quantity / USD million equivalent;2010;0,005803514;0,008263307;36787,20178;105,5300075;250,7061516;Annual;01/01/80
ZWE;Zimbabwe;Lithium;Mining;Quantity / USD million equivalent;2011;0,006171054;0,008186831;37850,39577;115,8127201;247,5482614;Annual;01/01/80
ZWE;Zimbabwe;Lithium;Mining;Quantity / USD million equivalent;2012;0,005190068;0,008069073;44714,68385;100,5588177;301,3513552;Annual;01/01/80
ZWE;Zimbabwe;Lithium;Mining;Quantity / USD million equivalent;2013;0,00552887;0,008893597;40671,63581;95,11340406;304,6775083;Annual;01/01/80
ZWE;Zimbabwe;Lithium;Mining;Quantity / USD million equivalent;2014;0,007246217;0,010271998;34591,59108;124,8596653;289,5918911;Annual;01/01/80
ZWE;Zimbabwe;Lithium;Mining;Quantity / USD million equivalent;2015;0,011253467;0,017114548;21040,88209;109,9101236;290,1355752;Annual;01/01/80
ZWE;Zimbabwe;Lithium;Mining;Quantity / USD million equivalent;2016;0,016446862;0,023187713;15678,05246;123,5764929;292,561149;Annual;01/01/80
ZWE;Zimbabwe;Lithium;Mining;Quantity / USD million equivalent;2017;0,016961119;0,0220314;14941,13838;130,2869709;261,807357;Annual;01/01/80
ZWE;Zimbabwe;Lithium;Mining;Quantity / USD million equivalent;2018;0,012573744;0,020103273;18902,98658;98,65194541;302,5908191;Annual;01/01/80
ZWE;Zimbabwe;Lithium;Mining;Quantity / USD million equivalent;2019;0,012962295;0,019528164;19251,35516;116,9135416;309,0483814;Annual;01/01/80
ZWE;Zimbabwe;Lithium;Mining;Quantity / USD million equivalent;2020;0,01552452;0,020713471;18038,52022;147,5154074;293,0763932;Annual;01/01/80
ZWE;Zimbabwe;Lithium;Mining;Quantity / USD million equivalent;2021;0,013174231;0,018046154;19938,50881;132,7203621;290,4980392;Annual;01/01/80
ZWE;Zimbabwe;Lithium;Mining;Quantity / USD million equivalent;2022;0,014671701;0,022082838;18540,26519;129,0929305;329,4626292;Annual;01/01/80
ZWE;Zimbabwe;Lithium;Mining;Quantity / USD million equivalent;2023;0,015013893;0,020902115;18701,1024;144,6054451;313,5704203;Annual;01/01/80
ZWE;Zimbabwe;Lithium;Mining;Quantity / USD million equivalent;2024;0,014374714;0,018817187;21023,34744;156,0934533;313,8899729;Annual;01/01/80
ZWE;Zimbabwe;Lithium;Mining;Quantity / USD million equivalent;2025;0,007631977;0,011250843;35636,1336;128,7466973;322,6997497;Annual;01/01/80
ZWE;Zimbabwe;Lithium;Mining;Quantity / USD million equivalent;2026;0,00552066;0,007951134;38871,10316;104,5584758;250,6661981;Annual;01/01/80
ZWE;Zimbabwe;Machinery;Manufacturing;Quantity / USD million equivalent;1980;0,404039328;1,089563883;100,7012848;5,307409979;97,81133572;Annual;01/01/80
ZWE;Zimbabwe;Machinery;Manufacturing;Quantity / USD million equivalent;1981;0,418606928;1,002876027;101,6028585;6,952668511;91,37788366;Annual;01/01/80
ZWE;Zimbabwe;Machinery;Manufacturing;Quantity / USD million equivalent;1982;0,411010412;1,257315071;96,8020297;0,748211507;110,0429394;Annual;01/01/80
ZWE;Zimbabwe;Machinery;Manufacturing;Quantity / USD million equivalent;1983;0,432967922;1,149282987;104,1168202;6,108365181;106,6594205;Annual;01/01/80
ZWE;Zimbabwe;Machinery;Manufacturing;Quantity / USD million equivalent;1984;0,405041978;1,00933758;110,7644854;5,955290642;97,52938477;Annual;01/01/80
ZWE;Zimbabwe;Machinery;Manufacturing;Quantity / USD million equivalent;1985;0,426176968;1,117540689;103,2473171;7,054019346;101,5524215;Annual;01/01/80
ZWE;Zimbabwe;Machinery;Manufacturing;Quantity / USD million equivalent;1986;0,429443288;1,341477524;98,0162605;3,649419038;119,6381205;Annual;01/01/80
ZWE;Zimbabwe;Machinery;Manufacturing;Quantity / USD million equivalent;1987;0,471374106;1,474785486;81,39652732;2,05376408;110,1683891;Annual;01/01/80
ZWE;Zimbabwe;Machinery;Manufacturing;Quantity / USD million equivalent;1988;0,453462765;1,246583028;92,61466583;3,83573278;103,7970243;Annual;01/01/80
ZWE;Zimbabwe;Machinery;Manufacturing;Quantity / USD million equivalent;1989;0,489648506;1,262297806;98,34196618;6,193904008;110,2115771;Annual;01/01/80
ZWE;Zimbabwe;Machinery;Manufacturing;Quantity / USD million equivalent;1990;0,436551315;1,486106363;98,40406334;1,70791624;134,1177488;Annual;01/01/80
ZWE;Zimbabwe;Machinery;Manufacturing;Quantity / USD million equivalent;1991;0,401075955;1,204995471;109,4812247;2,78995909;119,5312608;Annual;01/01/80
ZWE;Zimbabwe;Machinery;Manufacturing;Quantity / USD million equivalent;1992;0,473311919;1,042334515;116,2475876;12,55199875;105,9268633;Annual;01/01/80
ZWE;Zimbabwe;Machinery;Manufacturing;Quantity / USD million equivalent;1993;0,374814986;0,931116067;137,0481832;7,975980713;112,4837664;Annual;01/01/80
ZWE;Zimbabwe;Machinery;Manufacturing;Quantity / USD million equivalent;1994;0,398795874;0,998402591;125,0695932;7,658614192;110,9468513;Annual;01/01/80
ZWE;Zimbabwe;Machinery;Manufacturing;Quantity / USD million equivalent;1995;0,449161937;1,054446546;121,8089985;11,45375119;113,0035764;Annual;01/01/80
ZWE;Zimbabwe;Machinery;Manufacturing;Quantity / USD million equivalent;1996;0,38479711;0,841896747;145,0911011;15,08060336;106,8731492;Annual;01/01/80
ZWE;Zimbabwe;Machinery;Manufacturing;Quantity / USD million equivalent;1997;0,445222946;0,997540643;134,9085737;15,98072156;117,0102475;Annual;01/01/80
ZWE;Zimbabwe;Machinery;Manufacturing;Quantity / USD million equivalent;1998;0,44377686;1,010931419;134,9923411;13,27014176;119,8455969;Annual;01/01/80
ZWE;Zimbabwe;Machinery;Manufacturing;Quantity / USD million equivalent;1999;0,471503706;0,94870686;135,3650198;18,33706623;110,7924794;Annual;01/01/80
ZWE;Zimbabwe;Machinery;Manufacturing;Quantity / USD million equivalent;2000;0,518029151;1,103126013;128,5794097;15,85750158;124,0289543;Annual;01/01/80
ZWE;Zimbabwe;Machinery;Manufacturing;Quantity / USD million equivalent;2001;0,559660464;1,300104928;107,0211312;14,4469032;121,3642848;Annual;01/01/80
ZWE;Zimbabwe;Machinery;Manufacturing;Quantity / USD million equivalent;2002;0,583488087;1,309346545;109,6523914;14,51065243;126,5670359;Annual;01/01/80
ZWE;Zimbabwe;Machinery;Manufacturing;Quantity / USD million equivalent;2003;0,489210978;1,170824656;128,4747838;10,74964618;133,2498929;Annual;01/01/80
ZWE;Zimbabwe;Machinery;Manufacturing;Quantity / USD million equivalent;2004;0,526199734;1,226938201;113,9843304;11,77866154;123,1833477;Annual;01/01/80
ZWE;Zimbabwe;Machinery;Manufacturing;Quantity / USD million equivalent;2005;0,679453112;1,450051772;106,9827097;18,29944086;132,9075459;Annual;01/01/80
ZWE;Zimbabwe;Machinery;Manufacturing;Quantity / USD million equivalent;2006;0,700458862;1,677403055;102,8950759;12,77589921;151,6297701;Annual;01/01/80
ZWE;Zimbabwe;Machinery;Manufacturing;Quantity / USD million equivalent;2007;0,840630947;1,667796007;89,63704398;23,03623329;128,7909744;Annual;01/01/80
ZWE;Zimbabwe;Machinery;Manufacturing;Quantity / USD million equivalent;2008;0,836633068;1,855694628;82,14648609;15,80380732;132,0262486;Annual;01/01/80
ZWE;Zimbabwe;Machinery;Manufacturing;Quantity / USD million equivalent;2009;0,805228928;1,83084366;87,32556071;16,10141076;139,6162327;Annual;01/01/80
ZWE;Zimbabwe;Machinery;Manufacturing;Quantity / USD million equivalent;2010;0,945661796;2,058125095;77,16618178;17,51500024;136,819163;Annual;01/01/80
ZWE;Zimbabwe;Machinery;Manufacturing;Quantity / USD million equivalent;2011;0,944030739;2,018510888;81,28858238;19,89755801;142,678498;Annual;01/01/80
ZWE;Zimbabwe;Machinery;Manufacturing;Quantity / USD million equivalent;2012;0,844756901;1,981769861;92,47659275;16,35769104;160,482957;Annual;01/01/80
ZWE;Zimbabwe;Machinery;Manufacturing;Quantity / USD million equivalent;2013;0,921454109;2,127950042;81,23682098;14,98115743;153,8506324;Annual;01/01/80
ZWE;Zimbabwe;Machinery;Manufacturing;Quantity / USD million equivalent;2014;0,995289987;2,32906482;76,19912226;13,81728888;157,5296299;Annual;01/01/80
ZWE;Zimbabwe;Machinery;Manufacturing;Quantity / USD million equivalent;2015;0,887389636;2,035764651;89,84414523;15,65531386;159,3857508;Annual;01/01/80
ZWE;Zimbabwe;Machinery;Manufacturing;Quantity / USD million equivalent;2016;0,830681295;1,9472375;95,53454551;16,3654689;161,6876409;Annual;01/01/80
ZWE;Zimbabwe;Machinery;Manufacturing;Quantity / USD million equivalent;2017;0,86852615;1,797909199;93,49764366;22,3299761;147,0295599;Annual;01/01/80
ZWE;Zimbabwe;Machinery;Manufacturing;Quantity / USD million equivalent;2018;0,747522244;1,850823878;96,79798415;15,00105273;158,5209966;Annual;01/01/80
ZWE;Zimbabwe;Machinery;Manufacturing;Quantity / USD million equivalent;2019;0,79492109;1,730959993;109,9464894;19,7092091;165,5075606;Annual;01/01/80
ZWE;Zimbabwe;Machinery;Manufacturing;Quantity / USD million equivalent;2020;0,890663282;1,734541871;104,5884004;29,7310039;156,0654091;Annual;01/01/80
ZWE;Zimbabwe;Machinery;Manufacturing;Quantity / USD million equivalent;2021;0,927257057;1,788993468;96,23841298;29,24528176;147,7040221;Annual;01/01/80
ZWE;Zimbabwe;Machinery;Manufacturing;Quantity / USD million equivalent;2022;0,910976426;2,088011028;96,67317132;19,54917989;176,8626788;Annual;01/01/80
ZWE;Zimbabwe;Machinery;Manufacturing;Quantity / USD million equivalent;2023;0,739074082;1,518585704;122,1253692;25,06099105;160,4835544;Annual;01/01/80
ZWE;Zimbabwe;Machinery;Manufacturing;Quantity / USD million equivalent;2024;0,795484661;1,577673349;122,2670449;28,56045241;166,8033271;Annual;01/01/80
ZWE;Zimbabwe;Machinery;Manufacturing;Quantity / USD million equivalent;2025;0,680975472;1,502889042;132,8990709;21,36639198;174,3949015;Annual;01/01/80
ZWE;Zimbabwe;Machinery;Manufacturing;Quantity / USD million equivalent;2026;0,577167942;1,192848094;123,654784;19,87588701;128,5962718;Annual;01/01/80
ZWE;Zimbabwe;Maize;Agriculture;Quantity / USD million equivalent;1980;1,819172045;3,265381575;105,2591843;71,01343344;292,8799231;Annual;01/01/80
ZWE;Zimbabwe;Maize;Agriculture;Quantity / USD million equivalent;1981;2,061280771;2,82142593;112,7403312;115,2645136;255,5058728;Annual;01/01/80
ZWE;Zimbabwe;Maize;Agriculture;Quantity / USD million equivalent;1982;1,523396242;3,379138576;118,5830875;40,62443008;354,5260511;Annual;01/01/80
ZWE;Zimbabwe;Maize;Agriculture;Quantity / USD million equivalent;1983;2,079435455;3,351600854;106,8537773;94,82706083;297,7584892;Annual;01/01/80
ZWE;Zimbabwe;Maize;Agriculture;Quantity / USD million equivalent;1984;2,219903319;3,69706674;97,68856957;89,37747189;302,1705501;Annual;01/01/80
ZWE;Zimbabwe;Maize;Agriculture;Quantity / USD million equivalent;1985;2,202431461;4,172217087;91,31043645;71,45980876;326,9207164;Annual;01/01/80
ZWE;Zimbabwe;Maize;Agriculture;Quantity / USD million equivalent;1986;2,751442924;5,427597851;74,55391302;67,61961504;351,7863647;Annual;01/01/80
ZWE;Zimbabwe;Maize;Agriculture;Quantity / USD million equivalent;1987;2,658394615;5,030750186;77,9964289;67,22569102;334,4450638;Annual;01/01/80
ZWE;Zimbabwe;Maize;Agriculture;Quantity / USD million equivalent;1988;3,288785108;5,457693133;68,14942497;93,85277869;312,6358203;Annual;01/01/80
ZWE;Zimbabwe;Maize;Agriculture;Quantity / USD million equivalent;1989;3,761183937;6,292728167;60,38508053;93,66035861;321,7292827;Annual;01/01/80
ZWE;Zimbabwe;Maize;Agriculture;Quantity / USD million equivalent;1990;3,266381249;7,775949068;60,61631529;45,01271689;411,7752648;Annual;01/01/80
ZWE;Zimbabwe;Maize;Agriculture;Quantity / USD million equivalent;1991;2,878206672;5,450147707;75,53615566;74,69920831;344,2863145;Annual;01/01/80
ZWE;Zimbabwe;Maize;Agriculture;Quantity / USD million equivalent;1992;4,244881346;6,313966727;60,48608289;118,5368164;315,1502873;Annual;01/01/80
ZWE;Zimbabwe;Maize;Agriculture;Quantity / USD million equivalent;1993;4,603889806;7,711657786;54,1434826;98,25286142;351,8168744;Annual;01/01/80
ZWE;Zimbabwe;Maize;Agriculture;Quantity / USD million equivalent;1994;5,028526862;7,61592301;49,06504104;113,1511693;310,1254379;Annual;01/01/80
ZWE;Zimbabwe;Maize;Agriculture;Quantity / USD million equivalent;1995;6,020131539;9,188392665;46,206688;129,5758;349,7309468;Annual;01/01/80
ZWE;Zimbabwe;Maize;Agriculture;Quantity / USD million equivalent;1996;6,579861569;8,214565697;45,91678313;163,8466717;296,8379656;Annual;01/01/80
ZWE;Zimbabwe;Maize;Agriculture;Quantity / USD million equivalent;1997;5,78817979;8,928030342;47,98749718;128,4916998;348,1464856;Annual;01/01/80
ZWE;Zimbabwe;Maize;Agriculture;Quantity / USD million equivalent;1998;5,519669491;7,595752247;53,52108619;153,9144362;327,7985496;Annual;01/01/80
ZWE;Zimbabwe;Maize;Agriculture;Quantity / USD million equivalent;1999;4,810157831;6,593826966;61,48552772;152,0256898;328,0558996;Annual;01/01/80
ZWE;Zimbabwe;Maize;Agriculture;Quantity / USD million equivalent;2000;5,050261504;7,11041837;61,55105646;154,110663;362,1106525;Annual;01/01/80
ZWE;Zimbabwe;Maize;Agriculture;Quantity / USD million equivalent;2001;4,909428952;6,780801459;60,94143441;153,5070018;335,5318822;Annual;01/01/80
ZWE;Zimbabwe;Maize;Agriculture;Quantity / USD million equivalent;2002;6,248499621;8,779510413;52,31542666;159,4996055;358,6414687;Annual;01/01/80
ZWE;Zimbabwe;Maize;Agriculture;Quantity / USD million equivalent;2003;7,739231902;13,13094019;40,36408753;126,9959636;448,2322568;Annual;01/01/80
ZWE;Zimbabwe;Maize;Agriculture;Quantity / USD million equivalent;2004;9,179555579;13,30451829;34,34416987;158,1654804;362,9364122;Annual;01/01/80
ZWE;Zimbabwe;Maize;Agriculture;Quantity / USD million equivalent;2005;10,2297783;13,77177336;33,86128273;180,1173351;374,0377018;Annual;01/01/80
ZWE;Zimbabwe;Maize;Agriculture;Quantity / USD million equivalent;2006;9,940168431;16,02511105;33,74420619;146,8604484;444,4649762;Annual;01/01/80
ZWE;Zimbabwe;Maize;Agriculture;Quantity / USD million equivalent;2007;9,5042997;12,96772445;36,32617022;176,9447411;381,3379487;Annual;01/01/80
ZWE;Zimbabwe;Maize;Agriculture;Quantity / USD million equivalent;2008;8,156670929;11,07020215;41,79197533;176,5028255;375,5686488;Annual;01/01/80
ZWE;Zimbabwe;Maize;Agriculture;Quantity / USD million equivalent;2009;8,695284435;12,94361344;39,06051346;159,8616573;427,743358;Annual;01/01/80
ZWE;Zimbabwe;Maize;Agriculture;Quantity / USD million equivalent;2010;10,34082186;14,28506048;34,50040293;185,1490379;399,0262343;Annual;01/01/80
ZWE;Zimbabwe;Maize;Agriculture;Quantity / USD million equivalent;2011;10,75580598;14,87090402;34,03044719;184,5218747;409,9846637;Annual;01/01/80
ZWE;Zimbabwe;Maize;Agriculture;Quantity / USD million equivalent;2012;11,08203555;16,87188133;33,52869216;171,4448535;461,752552;Annual;01/01/80
ZWE;Zimbabwe;Maize;Agriculture;Quantity / USD million equivalent;2013;9,334345027;15,19086697;37,5971012;151,2374835;472,8335384;Annual;01/01/80
ZWE;Zimbabwe;Maize;Agriculture;Quantity / USD million equivalent;2014;7,368190208;10,78713023;52,58294356;181,7788052;454,8748868;Annual;01/01/80
ZWE;Zimbabwe;Maize;Agriculture;Quantity / USD million equivalent;2015;6,815827798;10,02447686;56,3932881;181,5672196;462,0455977;Annual;01/01/80
ZWE;Zimbabwe;Maize;Agriculture;Quantity / USD million equivalent;2016;7,548948006;10,89311569;52,93144503;197,0132173;473,944563;Annual;01/01/80
ZWE;Zimbabwe;Maize;Agriculture;Quantity / USD million equivalent;2017;6,193707752;8,091718118;63,32364821;202,5695742;404,0356596;Annual;01/01/80
ZWE;Zimbabwe;Maize;Agriculture;Quantity / USD million equivalent;2018;5,537149873;9,310967252;65,4127774;153,330232;511,0869129;Annual;01/01/80
ZWE;Zimbabwe;Maize;Agriculture;Quantity / USD million equivalent;2019;6,586849726;10,60679793;59,26459168;163,7122447;521,5532331;Annual;01/01/80
ZWE;Zimbabwe;Maize;Agriculture;Quantity / USD million equivalent;2020;7,71065942;10,25719877;56,62196694;223,7648552;459,6451002;Annual;01/01/80
ZWE;Zimbabwe;Maize;Agriculture;Quantity / USD million equivalent;2021;8,511310923;11,83376654;47,39051721;208,5472212;452,933865;Annual;01/01/80
ZWE;Zimbabwe;Maize;Agriculture;Quantity / USD million equivalent;2022;9,149511569;12,10247272;48,48904581;229,017599;469,0843887;Annual;01/01/80
ZWE;Zimbabwe;Maize;Agriculture;Quantity / USD million equivalent;2023;7,771787558;10,90420001;55,53181753;224,9262056;479,323499;Annual;01/01/80
ZWE;Zimbabwe;Maize;Agriculture;Quantity / USD million equivalent;2024;7,690281075;9,48284495;62,90134893;267,3457743;470,8475524;Annual;01/01/80
ZWE;Zimbabwe;Maize;Agriculture;Quantity / USD million equivalent;2025;5,322594903;7,245520074;85,05323146;226,9301718;498,0310318;Annual;01/01/80
ZWE;Zimbabwe;Maize;Agriculture;Quantity / USD million equivalent;2026;4,204218579;5,941147575;80,59385584;172,3039495;386,9403334;Annual;01/01/80
ZWE;Zimbabwe;Nickel;Mining;Quantity / USD million equivalent;1980;0,402742037;1,079033341;99,14844082;3,833604452;95,95240969;Annual;01/01/80
ZWE;Zimbabwe;Nickel;Mining;Quantity / USD million equivalent;1981;0,431028157;1,072187886;100,7275627;7,753230191;96,69543364;Annual;01/01/80
ZWE;Zimbabwe;Nickel;Mining;Quantity / USD million equivalent;1982;0,386824407;1,27161963;92,59528772;0,710221993;108,2092279;Annual;01/01/80
ZWE;Zimbabwe;Nickel;Mining;Quantity / USD million equivalent;1983;0,469674207;1,236089966;97,40315591;5,935415606;106,2811391;Annual;01/01/80
ZWE;Zimbabwe;Nickel;Mining;Quantity / USD million equivalent;1984;0,421375747;1,099010965;108,4846903;4,599695042;107,5956638;Annual;01/01/80
ZWE;Zimbabwe;Nickel;Mining;Quantity / USD million equivalent;1985;0,397975846;1,107622734;108,2909189;5,273049572;107,9941229;Annual;01/01/80
ZWE;Zimbabwe;Nickel;Mining;Quantity / USD million equivalent;1986;0,478651065;1,46838004;92,15291519;3,488356907;121,0105287;Annual;01/01/80
ZWE;Zimbabwe;Nickel;Mining;Quantity / USD million equivalent;1987;0,443037294;1,429818769;89,15329824;1,343300196;115,9374614;Annual;01/01/80
ZWE;Zimbabwe;Nickel;Mining;Quantity / USD million equivalent;1988;0,489271296;1,240571881;92,55537815;5,647372565;102,9535215;Annual;01/01/80
ZWE;Zimbabwe;Nickel;Mining;Quantity / USD million equivalent;1989;0,459961959;1,360554824;99,21284719;2,08189241;123,1072137;Annual;01/01/80
ZWE;Zimbabwe;Nickel;Mining;Quantity / USD million equivalent;1990;0,413078901;1,366106374;105,4548034;1,496731336;130,7169291;Annual;01/01/80
ZWE;Zimbabwe;Nickel;Mining;Quantity / USD million equivalent;1991;0,398886396;1,238399092;108,1124425;2,834654106;120,1553073;Annual;01/01/80
ZWE;Zimbabwe;Nickel;Mining;Quantity / USD million equivalent;1992;0,448577436;1,007460761;120,6593755;12,06216526;106,8838017;Annual;01/01/80
ZWE;Zimbabwe;Nickel;Mining;Quantity / USD million equivalent;1993;0,394823974;0,901004221;130,8582429;10,99715382;103,4764974;Annual;01/01/80
ZWE;Zimbabwe;Nickel;Mining;Quantity / USD million equivalent;1994;0,383183196;0,982510017;130,4923442;6,835780142;113,0178567;Annual;01/01/80
ZWE;Zimbabwe;Nickel;Mining;Quantity / USD million equivalent;1995;0,427762338;1,087454834;128,410957;9,02659666;121,4548796;Annual;01/01/80
ZWE;Zimbabwe;Nickel;Mining;Quantity / USD million equivalent;1996;0,416211734;0,87885775;139,3227181;15,22495828;107,1386432;Annual;01/01/80
ZWE;Zimbabwe;Nickel;Mining;Quantity / USD million equivalent;1997;0,424352411;0,976756407;136,6324584;13,55253644;116,277077;Annual;01/01/80
ZWE;Zimbabwe;Nickel;Mining;Quantity / USD million equivalent;1998;0,510437352;0,982036197;134,7349145;22,99815935;113,9008226;Annual;01/01/80
ZWE;Zimbabwe;Nickel;Mining;Quantity / USD million equivalent;1999;0,473318442;0,952961818;135,0560558;18,25958556;110,6390516;Annual;01/01/80
ZWE;Zimbabwe;Nickel;Mining;Quantity / USD million equivalent;2000;0,502456563;1,036543695;134,1518221;16,12887969;119,8353345;Annual;01/01/80
ZWE;Zimbabwe;Nickel;Mining;Quantity / USD million equivalent;2001;0,585466531;1,144130281;108,3322534;19,55728888;107,1992921;Annual;01/01/80
ZWE;Zimbabwe;Nickel;Mining;Quantity / USD million equivalent;2002;0,613076305;1,279541956;110,0639514;18,2853416;121,3117889;Annual;01/01/80
ZWE;Zimbabwe;Nickel;Mining;Quantity / USD million equivalent;2003;0,509423057;1,359944116;123,9980493;7,8672828;149,0036268;Annual;01/01/80
ZWE;Zimbabwe;Nickel;Mining;Quantity / USD million equivalent;2004;0,593687317;1,379678287;106,2883382;13,11453471;127,7345742;Annual;01/01/80
ZWE;Zimbabwe;Nickel;Mining;Quantity / USD million equivalent;2005;0,686809472;1,431117104;110,4517855;19,94675376;136,3598847;Annual;01/01/80
ZWE;Zimbabwe;Nickel;Mining;Quantity / USD million equivalent;2006;0,69326913;1,561928416;109,820212;15,8576341;149,0745137;Annual;01/01/80
ZWE;Zimbabwe;Nickel;Mining;Quantity / USD million equivalent;2007;0,836877631;1,705158994;92,23730255;22,03418809;134,8269691;Annual;01/01/80
ZWE;Zimbabwe;Nickel;Mining;Quantity / USD million equivalent;2008;0,801185313;1,673850138;87,93655244;18,91406293;128,3323889;Annual;01/01/80
ZWE;Zimbabwe;Nickel;Mining;Quantity / USD million equivalent;2009;0,814070147;2,011528893;81,47764341;10,79965714;146,6380552;Annual;01/01/80
ZWE;Zimbabwe;Nickel;Mining;Quantity / USD million equivalent;2010;0,940198339;1,98401546;76,13022769;20,45153604;130,2993153;Annual;01/01/80
ZWE;Zimbabwe;Nickel;Mining;Quantity / USD million equivalent;2011;0,879839722;1,944222652;83,90892664;17,74782564;142,652483;Annual;01/01/80
ZWE;Zimbabwe;Nickel;Mining;Quantity / USD million equivalent;2012;0,797901492;1,856779119;97,43778274;15,8162898;159,8204194;Annual;01/01/80
ZWE;Zimbabwe;Nickel;Mining;Quantity / USD million equivalent;2013;0,851551216;2,136656278;86,56431993;10,69815475;164,8747299;Annual;01/01/80
ZWE;Zimbabwe;Nickel;Mining;Quantity / USD million equivalent;2014;1,063118249;2,492662117;72,40918747;13,72775271;156,4127911;Annual;01/01/80
ZWE;Zimbabwe;Nickel;Mining;Quantity / USD million equivalent;2015;0,894284638;1,942083773;85,79853016;18,80985552;146,9998882;Annual;01/01/80
ZWE;Zimbabwe;Nickel;Mining;Quantity / USD million equivalent;2016;0,907975509;2,201679234;87,48709219;13,67084275;170,4758009;Annual;01/01/80
ZWE;Zimbabwe;Nickel;Mining;Quantity / USD million equivalent;2017;0,79665844;1,567103976;100,8468081;24,21078994;137,1850459;Annual;01/01/80
ZWE;Zimbabwe;Nickel;Mining;Quantity / USD million equivalent;2018;0,736722917;1,82568395;99,78298593;12,8375949;162,0725252;Annual;01/01/80
ZWE;Zimbabwe;Nickel;Mining;Quantity / USD million equivalent;2019;0,76487332;2,000172412;102,6984064;9,751144148;183,1752944;Annual;01/01/80
ZWE;Zimbabwe;Nickel;Mining;Quantity / USD million equivalent;2020;0,898541495;1,756303843;105,7726956;29,08480304;158,1697131;Annual;01/01/80
ZWE;Zimbabwe;Nickel;Mining;Quantity / USD million equivalent;2021;0,861356951;1,885369398;96,88741115;21,0406461;156,9227509;Annual;01/01/80
ZWE;Zimbabwe;Nickel;Mining;Quantity / USD million equivalent;2022;0,90290213;1,886335505;97,70213555;23,65041606;160,1326086;Annual;01/01/80
ZWE;Zimbabwe;Nickel;Mining;Quantity / USD million equivalent;2023;0,800921628;1,728725737;112,9781304;23,63707484;170,0991354;Annual;01/01/80
ZWE;Zimbabwe;Nickel;Mining;Quantity / USD million equivalent;2024;0,814105576;1,571151773;117,8332433;30,43587682;160,1716059;Annual;01/01/80
ZWE;Zimbabwe;Nickel;Mining;Quantity / USD million equivalent;2025;0,731432379;1,462250288;131,9140572;28,22651819;164,6767325;Annual;01/01/80
ZWE;Zimbabwe;Nickel;Mining;Quantity / USD million equivalent;2026;0,562192333;1,277462801;122,2154737;16,28787807;137,2211422;Annual;01/01/80
ZWE;Zimbabwe;Other Agriculture;Agriculture;Quantity / USD million equivalent;1980;3,095493057;5,025850053;101,5544354;134,0960542;422,3512865;Annual;01/01/80
ZWE;Zimbabwe;Other Agriculture;Agriculture;Quantity / USD million equivalent;1981;3,342613866;4,491491567;102,8819853;176,6351008;374,7243663;Annual;01/01/80
ZWE;Zimbabwe;Other Agriculture;Agriculture;Quantity / USD million equivalent;1982;3,074780527;5,903209438;95,03885229;95,67611532;478,0333563;Annual;01/01/80
ZWE;Zimbabwe;Other Agriculture;Agriculture;Quantity / USD million equivalent;1983;3,373529721;5,325674411;100,0794481;149,6541202;443,6709226;Annual;01/01/80
ZWE;Zimbabwe;Other Agriculture;Agriculture;Quantity / USD million equivalent;1984;3,258761779;5,032470366;106,2808111;153,0593707;434,1333329;Annual;01/01/80
ZWE;Zimbabwe;Other Agriculture;Agriculture;Quantity / USD million equivalent;1985;3,245334926;5,436851103;106,0566597;140,2338165;486,6830449;Annual;01/01/80
ZWE;Zimbabwe;Other Agriculture;Agriculture;Quantity / USD million equivalent;1986;3,07186762;6,205537915;105,6107008;98,48302697;563,0508522;Annual;01/01/80
ZWE;Zimbabwe;Other Agriculture;Agriculture;Quantity / USD million equivalent;1987;3,780895752;6,823456546;85,08809779;117,9603737;493,2224367;Annual;01/01/80
ZWE;Zimbabwe;Other Agriculture;Agriculture;Quantity / USD million equivalent;1988;4,001781428;6,464580521;88,87270544;154,2806293;475,6769907;Annual;01/01/80
ZWE;Zimbabwe;Other Agriculture;Agriculture;Quantity / USD million equivalent;1989;3,524126697;5,839184096;103,481864;148,2860913;504,9139877;Annual;01/01/80
ZWE;Zimbabwe;Other Agriculture;Agriculture;Quantity / USD million equivalent;1990;3,472107351;7,660388018;98,64816857;89,50311979;653,1166224;Annual;01/01/80
ZWE;Zimbabwe;Other Agriculture;Agriculture;Quantity / USD million equivalent;1991;3,080572654;5,428277536;114,672425;129,0316553;532,3885619;Annual;01/01/80
ZWE;Zimbabwe;Other Agriculture;Agriculture;Quantity / USD million equivalent;1992;3,379339847;4,628505834;125,508455;220,1433908;469,1830175;Annual;01/01/80
ZWE;Zimbabwe;Other Agriculture;Agriculture;Quantity / USD million equivalent;1993;3,089706755;4,627448219;136,0915963;197,1152226;520,0015185;Annual;01/01/80
ZWE;Zimbabwe;Other Agriculture;Agriculture;Quantity / USD million equivalent;1994;3,142485093;4,641724857;124,0489125;183,7244687;473,6635554;Annual;01/01/80
ZWE;Zimbabwe;Other Agriculture;Agriculture;Quantity / USD million equivalent;1995;3,446259563;5,298121286;116,6578141;189,0497504;504,6963235;Annual;01/01/80
ZWE;Zimbabwe;Other Agriculture;Agriculture;Quantity / USD million equivalent;1996;3,07631908;3,720889711;147,8237934;258,2659665;433,3210247;Annual;01/01/80
ZWE;Zimbabwe;Other Agriculture;Agriculture;Quantity / USD million equivalent;1997;3,298830721;4,909476848;131,7761762;211,439285;529,1533436;Annual;01/01/80
ZWE;Zimbabwe;Other Agriculture;Agriculture;Quantity / USD million equivalent;1998;3,653211845;4,868472708;126,8213811;244,8919233;494,4515993;Annual;01/01/80
ZWE;Zimbabwe;Other Agriculture;Agriculture;Quantity / USD million equivalent;1999;3,213465807;4,35141019;145,8351596;244,9852224;502,6940927;Annual;01/01/80
ZWE;Zimbabwe;Other Agriculture;Agriculture;Quantity / USD million equivalent;2000;3,945556934;5,310674731;125,1284458;260,2747408;529,6188833;Annual;01/01/80
ZWE;Zimbabwe;Other Agriculture;Agriculture;Quantity / USD million equivalent;2001;4,395841642;5,730907415;109,8528506;267,4316679;495,0076971;Annual;01/01/80
ZWE;Zimbabwe;Other Agriculture;Agriculture;Quantity / USD million equivalent;2002;4,482537575;5,90502831;115,5519082;274,1885768;539,226272;Annual;01/01/80
ZWE;Zimbabwe;Other Agriculture;Agriculture;Quantity / USD million equivalent;2003;4,032497083;6,816941415;119,3686052;194,7441424;680,1537527;Annual;01/01/80
ZWE;Zimbabwe;Other Agriculture;Agriculture;Quantity / USD million equivalent;2004;4,596520587;6,233689456;107,030136;258,1270766;531,9938747;Annual;01/01/80
ZWE;Zimbabwe;Other Agriculture;Agriculture;Quantity / USD million equivalent;2005;4,374011299;5,550813373;120,8715952;298,3595804;528,7621626;Annual;01/01/80
ZWE;Zimbabwe;Other Agriculture;Agriculture;Quantity / USD million equivalent;2006;5,065861638;7,105175775;108,2833487;272,0669788;626,5300489;Annual;01/01/80
ZWE;Zimbabwe;Other Agriculture;Agriculture;Quantity / USD million equivalent;2007;6,145662618;7,50839907;91,71843551;310,5360197;548,7393127;Annual;01/01/80
ZWE;Zimbabwe;Other Agriculture;Agriculture;Quantity / USD million equivalent;2008;6,13399053;7,973415284;91,62554708;305,3683658;571,6854394;Annual;01/01/80
ZWE;Zimbabwe;Other Agriculture;Agriculture;Quantity / USD million equivalent;2009;6,647510828;9,403703382;81,5603228;275,345397;619,9872487;Annual;01/01/80
ZWE;Zimbabwe;Other Agriculture;Agriculture;Quantity / USD million equivalent;2010;7,486256327;9,836910422;75,95705107;297,5971753;604,4730351;Annual;01/01/80
ZWE;Zimbabwe;Other Agriculture;Agriculture;Quantity / USD million equivalent;2011;6,732691069;9,324165878;81,54935403;284,4908627;612,9412411;Annual;01/01/80
ZWE;Zimbabwe;Other Agriculture;Agriculture;Quantity / USD million equivalent;2012;6,495410177;9,337346919;95,67665743;301,6167506;733,3593817;Annual;01/01/80
ZWE;Zimbabwe;Other Agriculture;Agriculture;Quantity / USD million equivalent;2013;6,785418761;10,14854063;89,42919992;269,6685918;741,9909933;Annual;01/01/80
ZWE;Zimbabwe;Other Agriculture;Agriculture;Quantity / USD million equivalent;2014;7,130436006;10,93556636;78,30363418;257,5609017;714,5589024;Annual;01/01/80
ZWE;Zimbabwe;Other Agriculture;Agriculture;Quantity / USD million equivalent;2015;7,381228233;10,28814043;84,64293869;316,833874;713,987075;Annual;01/01/80
ZWE;Zimbabwe;Other Agriculture;Agriculture;Quantity / USD million equivalent;2016;7,268920865;9,486487886;90,63765888;350,460669;686,2367697;Annual;01/01/80
ZWE;Zimbabwe;Other Agriculture;Agriculture;Quantity / USD million equivalent;2017;6,956593232;7,930284162;94,61870464;393,4052567;580,8164592;Annual;01/01/80
ZWE;Zimbabwe;Other Agriculture;Agriculture;Quantity / USD million equivalent;2018;6,184911433;9,500150205;94,47245281;271,6824082;732,356548;Annual;01/01/80
ZWE;Zimbabwe;Other Agriculture;Agriculture;Quantity / USD million equivalent;2019;5,815304494;9,24871357;104,0185407;261,8295479;805,5803663;Annual;01/01/80
ZWE;Zimbabwe;Other Agriculture;Agriculture;Quantity / USD million equivalent;2020;6,620072439;7,950093243;105,5892683;399,5755029;653,4250311;Annual;01/01/80
ZWE;Zimbabwe;Other Agriculture;Agriculture;Quantity / USD million equivalent;2021;7,119209481;8,82470738;94,46123825;374,1411376;665,9517335;Annual;01/01/80
ZWE;Zimbabwe;Other Agriculture;Agriculture;Quantity / USD million equivalent;2022;7,497681585;9,672158779;94,12244267;366,7114537;730,7997889;Annual;01/01/80
ZWE;Zimbabwe;Other Agriculture;Agriculture;Quantity / USD million equivalent;2023;6,277027806;7,394050025;113,9154162;417,4838146;648,0467889;Annual;01/01/80
ZWE;Zimbabwe;Other Agriculture;Agriculture;Quantity / USD million equivalent;2024;6,345764092;7,627368754;119,5291744;436,1074401;701,4460706;Annual;01/01/80
ZWE;Zimbabwe;Other Agriculture;Agriculture;Quantity / USD million equivalent;2025;4,961450827;6,967427008;139,5952383;352,2645405;792,665486;Annual;01/01/80
ZWE;Zimbabwe;Other Agriculture;Agriculture;Quantity / USD million equivalent;2026;4,980181177;6,08190182;119,7836393;316,5928738;563,265899;Annual;01/01/80
ZWE;Zimbabwe;Other Manufacturing;Manufacturing;Quantity / USD million equivalent;1980;3,310493223;5,202693894;93,32208057;138,9736189;400,3754293;Annual;01/01/80
ZWE;Zimbabwe;Other Manufacturing;Manufacturing;Quantity / USD million equivalent;1981;3,239438144;4,532957069;105,9251073;171,9013573;393,2283405;Annual;01/01/80
ZWE;Zimbabwe;Other Manufacturing;Manufacturing;Quantity / USD million equivalent;1982;3,21163695;5,622300565;96,19241684;121,1098375;458,128032;Annual;01/01/80
ZWE;Zimbabwe;Other Manufacturing;Manufacturing;Quantity / USD million equivalent;1983;3,803631136;5,180138096;100,4665417;201,8619421;416,1285935;Annual;01/01/80
ZWE;Zimbabwe;Other Manufacturing;Manufacturing;Quantity / USD million equivalent;1984;3,100750965;4,923307448;108,8526164;147,5381072;447,8656275;Annual;01/01/80
ZWE;Zimbabwe;Other Manufacturing;Manufacturing;Quantity / USD million equivalent;1985;3,470611175;5,091635513;101,0637775;169,8586;417,7045086;Annual;01/01/80
ZWE;Zimbabwe;Other Manufacturing;Manufacturing;Quantity / USD million equivalent;1986;3,528541224;6,112298903;99,98973887;136,97239;517,0848116;Annual;01/01/80
ZWE;Zimbabwe;Other Manufacturing;Manufacturing;Quantity / USD million equivalent;1987;3,599150653;5,81761594;92,0473326;137,145541;446,2548709;Annual;01/01/80
ZWE;Zimbabwe;Other Manufacturing;Manufacturing;Quantity / USD million equivalent;1988;3,674001395;6,172275605;93,38852717;140,8607518;479,6368652;Annual;01/01/80
ZWE;Zimbabwe;Other Manufacturing;Manufacturing;Quantity / USD million equivalent;1989;3,504621882;5,913064478;105,2415603;148,4366704;522,0422487;Annual;01/01/80
ZWE;Zimbabwe;Other Manufacturing;Manufacturing;Quantity / USD million equivalent;1990;3,61941824;6,636975508;95,82767065;121,2469171;543,787699;Annual;01/01/80
ZWE;Zimbabwe;Other Manufacturing;Manufacturing;Quantity / USD million equivalent;1991;3,371025411;5,323526702;109,7894471;161,1892659;481,2901886;Annual;01/01/80
ZWE;Zimbabwe;Other Manufacturing;Manufacturing;Quantity / USD million equivalent;1992;3,480352981;4,392065754;122,3433178;235,934691;428,3405145;Annual;01/01/80
ZWE;Zimbabwe;Other Manufacturing;Manufacturing;Quantity / USD million equivalent;1993;3,101708746;4,305836476;130,6307858;201,2757051;456,5411811;Annual;01/01/80
ZWE;Zimbabwe;Other Manufacturing;Manufacturing;Quantity / USD million equivalent;1994;3,117648231;4,299004001;132,1170204;199,7862879;450,121519;Annual;01/01/80
ZWE;Zimbabwe;Other Manufacturing;Manufacturing;Quantity / USD million equivalent;1995;3,746159209;4,952862049;116,7028604;236,3987874;457,2098784;Annual;01/01/80
ZWE;Zimbabwe;Other Manufacturing;Manufacturing;Quantity / USD million equivalent;1996;3,173428953;4,151917764;143,1074151;242,3551984;470,0873201;Annual;01/01/80
ZWE;Zimbabwe;Other Manufacturing;Manufacturing;Quantity / USD million equivalent;1997;3,836769221;4,697818085;128,5195622;275,2436342;481,9433048;Annual;01/01/80
ZWE;Zimbabwe;Other Manufacturing;Manufacturing;Quantity / USD million equivalent;1998;3,618505888;4,640167397;139,5203445;281,7701218;509,6743816;Annual;01/01/80
ZWE;Zimbabwe;Other Manufacturing;Manufacturing;Quantity / USD million equivalent;1999;3,637689526;4,132901171;139,3760379;307,0088023;446,1802389;Annual;01/01/80
ZWE;Zimbabwe;Other Manufacturing;Manufacturing;Quantity / USD million equivalent;2000;3,890105491;4,893993356;132,789845;283,7242083;513,9011674;Annual;01/01/80
ZWE;Zimbabwe;Other Manufacturing;Manufacturing;Quantity / USD million equivalent;2001;4,245721338;5,556617568;108,0088636;248,1376598;477,1071155;Annual;01/01/80
ZWE;Zimbabwe;Other Manufacturing;Manufacturing;Quantity / USD million equivalent;2002;5,068172443;6,196847764;106,3095568;306,0435469;509,2109454;Annual;01/01/80
ZWE;Zimbabwe;Other Manufacturing;Manufacturing;Quantity / USD million equivalent;2003;4,111631081;6,052670057;124,109834;244,2285552;617,4456153;Annual;01/01/80
ZWE;Zimbabwe;Other Manufacturing;Manufacturing;Quantity / USD million equivalent;2004;4,976210459;5,860210291;108,2950066;314,3960103;492,5534316;Annual;01/01/80
ZWE;Zimbabwe;Other Manufacturing;Manufacturing;Quantity / USD million equivalent;2005;5,371532911;6,110599008;110,7568769;352,0983095;522,5278297;Annual;01/01/80
ZWE;Zimbabwe;Other Manufacturing;Manufacturing;Quantity / USD million equivalent;2006;5,140608174;6,643871908;112,7971408;311,0126823;600,2112774;Annual;01/01/80
ZWE;Zimbabwe;Other Manufacturing;Manufacturing;Quantity / USD million equivalent;2007;6,625101421;7,467961432;92,46656597;364,6525361;527,7006445;Annual;01/01/80
ZWE;Zimbabwe;Other Manufacturing;Manufacturing;Quantity / USD million equivalent;2008;6,863290123;8,223395192;85,13343237;328,7051852;535,4037921;Annual;01/01/80
ZWE;Zimbabwe;Other Manufacturing;Manufacturing;Quantity / USD million equivalent;2009;7,031966586;8,771979501;79,82018191;305,9930068;561,3940286;Annual;01/01/80
ZWE;Zimbabwe;Other Manufacturing;Manufacturing;Quantity / USD million equivalent;2010;8,249306528;10,70191928;68,79371009;305,0248446;583,383983;Annual;01/01/80
ZWE;Zimbabwe;Other Manufacturing;Manufacturing;Quantity / USD million equivalent;2011;7,547449844;8,439541782;80,47347714;366,9093508;512,2167815;Annual;01/01/80
ZWE;Zimbabwe;Other Manufacturing;Manufacturing;Quantity / USD million equivalent;2012;6,234199664;7,522384979;101,7343026;366,3155801;596,6426229;Annual;01/01/80
ZWE;Zimbabwe;Other Manufacturing;Manufacturing;Quantity / USD million equivalent;2013;7,351131737;10,18770146;83,73534699;309,7437155;693,1026064;Annual;01/01/80
ZWE;Zimbabwe;Other Manufacturing;Manufacturing;Quantity / USD million equivalent;2014;8,019024326;10,82242009;75,47253408;319,8851978;646,9112667;Annual;01/01/80
ZWE;Zimbabwe;Other Manufacturing;Manufacturing;Quantity / USD million equivalent;2015;6,415194341;8,617538987;94,18810464;316,592345;644,3300225;Annual;01/01/80
ZWE;Zimbabwe;Other Manufacturing;Manufacturing;Quantity / USD million equivalent;2016;6,898885304;8,49459469;96,98513484;366,4631123;650,4486291;Annual;01/01/80
ZWE;Zimbabwe;Other Manufacturing;Manufacturing;Quantity / USD million equivalent;2017;5,997353286;7,343990873;99,90215411;340,4037882;579,0791006;Annual;01/01/80
ZWE;Zimbabwe;Other Manufacturing;Manufacturing;Quantity / USD million equivalent;2018;6,610303031;8,850836365;91,94974422;315,286177;650,1839162;Annual;01/01/80
ZWE;Zimbabwe;Other Manufacturing;Manufacturing;Quantity / USD million equivalent;2019;5,967944061;7,866737433;107,61065;344,0303745;678,2241195;Annual;01/01/80
ZWE;Zimbabwe;Other Manufacturing;Manufacturing;Quantity / USD million equivalent;2020;6,808402152;7,287086927;107,3317575;447,9016132;594,7455392;Annual;01/01/80
ZWE;Zimbabwe;Other Manufacturing;Manufacturing;Quantity / USD million equivalent;2021;6,793112612;8,623558389;98,13569185;365,9009715;675,1857101;Annual;01/01/80
ZWE;Zimbabwe;Other Manufacturing;Manufacturing;Quantity / USD million equivalent;2022;8,027288057;9,711520903;90,20063101;419,7305718;679,9832665;Annual;01/01/80
ZWE;Zimbabwe;Other Manufacturing;Manufacturing;Quantity / USD million equivalent;2023;6,849734315;7,970881846;109,9401458;436,7381728;659,7228646;Annual;01/01/80
ZWE;Zimbabwe;Other Manufacturing;Manufacturing;Quantity / USD million equivalent;2024;6,31462876;7,13192342;124,8121241;473,4237016;690,5427415;Annual;01/01/80
ZWE;Zimbabwe;Other Manufacturing;Manufacturing;Quantity / USD million equivalent;2025;5,380271424;6,445231237;139,1586795;430,5768885;694,5487327;Annual;01/01/80
ZWE;Zimbabwe;Other Manufacturing;Manufacturing;Quantity / USD million equivalent;2026;4,566478157;5,600403268;119,2863619;294,3533468;528,7556339;Annual;01/01/80
ZWE;Zimbabwe;Other Minerals;Mining;Quantity / USD million equivalent;1980;4,148635619;6,050184735;97,61450171;196,0078446;483,3049455;Annual;01/01/80
ZWE;Zimbabwe;Other Minerals;Mining;Quantity / USD million equivalent;1981;4,073361884;5,570139412;105,1086467;223,3433444;476,7298866;Annual;01/01/80
ZWE;Zimbabwe;Other Minerals;Mining;Quantity / USD million equivalent;1982;4,315223465;7,271205753;91,68942637;153,4456137;566,1998087;Annual;01/01/80
ZWE;Zimbabwe;Other Minerals;Mining;Quantity / USD million equivalent;1983;4,679049826;6,892134334;96,24709819;222,9345981;531,3697975;Annual;01/01/80
ZWE;Zimbabwe;Other Minerals;Mining;Quantity / USD million equivalent;1984;4,208936068;6,13372514;103,8370886;214,5692272;524,3125999;Annual;01/01/80
ZWE;Zimbabwe;Other Minerals;Mining;Quantity / USD million equivalent;1985;4,296419074;6,348031132;103,2950512;207,4114704;531,9258701;Annual;01/01/80
ZWE;Zimbabwe;Other Minerals;Mining;Quantity / USD million equivalent;1986;4,309622356;6,998357728;99,75182231;184,9413097;581,6151435;Annual;01/01/80
ZWE;Zimbabwe;Other Minerals;Mining;Quantity / USD million equivalent;1987;4,120058014;6,76472087;95,8042826;163,4532771;542,9175318;Annual;01/01/80
ZWE;Zimbabwe;Other Minerals;Mining;Quantity / USD million equivalent;1988;4,738298388;7,313556149;94,02422179;204,2265747;573,684336;Annual;01/01/80
ZWE;Zimbabwe;Other Minerals;Mining;Quantity / USD million equivalent;1989;4,866572448;7,592350053;92,6195078;204,1438376;583,6530108;Annual;01/01/80
ZWE;Zimbabwe;Other Minerals;Mining;Quantity / USD million equivalent;1990;4,133055346;7,44892513;103,8647114;158,4866076;664,5946521;Annual;01/01/80
ZWE;Zimbabwe;Other Minerals;Mining;Quantity / USD million equivalent;1991;4,055025483;6,410760281;111,1565748;197,7213259;595,705811;Annual;01/01/80
ZWE;Zimbabwe;Other Minerals;Mining;Quantity / USD million equivalent;1992;4,007273356;5,349227308;124,4451024;262,9874432;539,6546624;Annual;01/01/80
ZWE;Zimbabwe;Other Minerals;Mining;Quantity / USD million equivalent;1993;4,018835035;5,635772342;130,040211;261,724122;591,973817;Annual;01/01/80
ZWE;Zimbabwe;Other Minerals;Mining;Quantity / USD million equivalent;1994;3,829490476;5,430636676;129,5714253;247,3786952;570,0097915;Annual;01/01/80
ZWE;Zimbabwe;Other Minerals;Mining;Quantity / USD million equivalent;1995;4,422906485;5,974570363;124,125719;290,1780645;577,7377265;Annual;01/01/80
ZWE;Zimbabwe;Other Minerals;Mining;Quantity / USD million equivalent;1996;4,197566115;5,230406;134,9072851;305,5619243;560,5522224;Annual;01/01/80
ZWE;Zimbabwe;Other Minerals;Mining;Quantity / USD million equivalent;1997;4,562602386;5,823854505;134,3987708;335,8046482;620,1606732;Annual;01/01/80
ZWE;Zimbabwe;Other Minerals;Mining;Quantity / USD million equivalent;1998;4,434556412;5,361088065;136,1008625;345,9036303;572,3623829;Annual;01/01/80
ZWE;Zimbabwe;Other Minerals;Mining;Quantity / USD million equivalent;1999;4,409420541;5,295355077;140,8167144;355,5158625;572,6065696;Annual;01/01/80
ZWE;Zimbabwe;Other Minerals;Mining;Quantity / USD million equivalent;2000;4,619585671;5,920675333;135,2528552;341,2547983;639,9912511;Annual;01/01/80
ZWE;Zimbabwe;Other Minerals;Mining;Quantity / USD million equivalent;2001;5,762761681;6,672513868;107,4105913;361,5868134;560,6067101;Annual;01/01/80
ZWE;Zimbabwe;Other Minerals;Mining;Quantity / USD million equivalent;2002;5,810581916;6,788089203;111,1692716;377,0690301;583,1330873;Annual;01/01/80
ZWE;Zimbabwe;Other Minerals;Mining;Quantity / USD million equivalent;2003;4,875709556;7,251121841;123,5127662;287,4769495;735,7608194;Annual;01/01/80
ZWE;Zimbabwe;Other Minerals;Mining;Quantity / USD million equivalent;2004;5,455234576;6,563661802;116,2193992;367,0424179;593,5876455;Annual;01/01/80
ZWE;Zimbabwe;Other Minerals;Mining;Quantity / USD million equivalent;2005;6,549841408;7,414504262;111,6590379;438,673706;627,694228;Annual;01/01/80
ZWE;Zimbabwe;Other Minerals;Mining;Quantity / USD million equivalent;2006;6,453501721;8,358392661;108,8069806;385,1347051;731,4160312;Annual;01/01/80
ZWE;Zimbabwe;Other Minerals;Mining;Quantity / USD million equivalent;2007;8,620996933;8,846627178;91,32547639;491,3722975;606,2267781;Annual;01/01/80
ZWE;Zimbabwe;Other Minerals;Mining;Quantity / USD million equivalent;2008;8,960205879;9,809201891;84,90415865;465,6355472;611,0798436;Annual;01/01/80
ZWE;Zimbabwe;Other Minerals;Mining;Quantity / USD million equivalent;2009;8,740112482;10,67434124;79,1774076;383,939982;667,4066666;Annual;01/01/80
ZWE;Zimbabwe;Other Minerals;Mining;Quantity / USD million equivalent;2010;9,688421025;12,01388346;74,5010819;396,5393779;708,6760528;Annual;01/01/80
ZWE;Zimbabwe;Other Minerals;Mining;Quantity / USD million equivalent;2011;9,477691789;11,50817779;79,81031342;430,4131677;707,5053157;Annual;01/01/80
ZWE;Zimbabwe;Other Minerals;Mining;Quantity / USD million equivalent;2012;8,319407986;10,4682283;95,09942315;443,3559212;786,223084;Annual;01/01/80
ZWE;Zimbabwe;Other Minerals;Mining;Quantity / USD million equivalent;2013;9,644615061;13,21099382;80,1789596;400,7128093;848,2146755;Annual;01/01/80
ZWE;Zimbabwe;Other Minerals;Mining;Quantity / USD million equivalent;2014;10,21716625;13,20153274;74,35967782;418,5863531;782,3513495;Annual;01/01/80
ZWE;Zimbabwe;Other Minerals;Mining;Quantity / USD million equivalent;2015;8,649401109;11,27641776;88,01085404;408,1556489;796,9656883;Annual;01/01/80
ZWE;Zimbabwe;Other Minerals;Mining;Quantity / USD million equivalent;2016;9,233225868;11,74284901;87,88934913;447,5186161;828,7682522;Annual;01/01/80
ZWE;Zimbabwe;Other Minerals;Mining;Quantity / USD million equivalent;2017;7,987353934;9,079521337;98,26789278;469,1757061;685,0590944;Annual;01/01/80
ZWE;Zimbabwe;Other Minerals;Mining;Quantity / USD million equivalent;2018;8,31923946;11,39699428;91,36094283;393,6721059;832,4144064;Annual;01/01/80
ZWE;Zimbabwe;Other Minerals;Mining;Quantity / USD million equivalent;2019;7,520483682;10,45993009;106,3235858;413,8996566;898,8958964;Annual;01/01/80
ZWE;Zimbabwe;Other Minerals;Mining;Quantity / USD million equivalent;2020;9,290192875;9,260211205;103,8673126;608,1084896;717,9362493;Annual;01/01/80
ZWE;Zimbabwe;Other Minerals;Mining;Quantity / USD million equivalent;2021;9,534313561;11,02553523;94,64368647;526,1022279;791,139738;Annual;01/01/80
ZWE;Zimbabwe;Other Minerals;Mining;Quantity / USD million equivalent;2022;9,749189337;11,27542185;91,92393586;525,2796987;800,8753993;Annual;01/01/80
ZWE;Zimbabwe;Other Minerals;Mining;Quantity / USD million equivalent;2023;7,778819853;9,128825138;117,340784;529,9291673;823,5929263;Annual;01/01/80
ZWE;Zimbabwe;Other Minerals;Mining;Quantity / USD million equivalent;2024;7,989477182;9,088372195;119,1360846;571,0165389;835,8731039;Annual;01/01/80
ZWE;Zimbabwe;Other Minerals;Mining;Quantity / USD million equivalent;2025;7,150424507;7,958164708;133,5994683;582,7102771;811,5081484;Annual;01/01/80
ZWE;Zimbabwe;Other Minerals;Mining;Quantity / USD million equivalent;2026;5,731077997;7,343277688;116,1737305;357,0006782;680,2515504;Annual;01/01/80
ZWE;Zimbabwe;Paper Products;Manufacturing;Quantity / USD million equivalent;1980;0,411809077;1,084218386;95,05696869;4,728030066;92,24240298;Annual;01/01/80
ZWE;Zimbabwe;Paper Products;Manufacturing;Quantity / USD million equivalent;1981;0,476077841;1,020747471;99,23292905;12,08912678;88,32881966;Annual;01/01/80
ZWE;Zimbabwe;Paper Products;Manufacturing;Quantity / USD million equivalent;1982;0,418774691;1,327547852;94,60705047;1,872100941;112,8784461;Annual;01/01/80
ZWE;Zimbabwe;Paper Products;Manufacturing;Quantity / USD million equivalent;1983;0,44746339;1,127315348;103,393015;7,049766473;102,6404967;Annual;01/01/80
ZWE;Zimbabwe;Paper Products;Manufacturing;Quantity / USD million equivalent;1984;0,439368371;1,14152454;102,2184269;5,440659187;103,8501669;Annual;01/01/80
ZWE;Zimbabwe;Paper Products;Manufacturing;Quantity / USD million equivalent;1985;0,389462845;1,057964094;108,5716511;6,333999318;103,0007397;Annual;01/01/80
ZWE;Zimbabwe;Paper Products;Manufacturing;Quantity / USD million equivalent;1986;0,46197974;1,331599353;95,43931115;4,861418416;113,8027184;Annual;01/01/80
ZWE;Zimbabwe;Paper Products;Manufacturing;Quantity / USD million equivalent;1987;0,468918882;1,477114577;89,54868981;1,555947231;119,1255285;Annual;01/01/80
ZWE;Zimbabwe;Paper Products;Manufacturing;Quantity / USD million equivalent;1988;0,512618663;1,412760022;87,44927367;5,351012251;110,3269363;Annual;01/01/80
ZWE;Zimbabwe;Paper Products;Manufacturing;Quantity / USD million equivalent;1989;0,490712057;1,387119619;93,73801879;3,230887469;117,3945372;Annual;01/01/80
ZWE;Zimbabwe;Paper Products;Manufacturing;Quantity / USD million equivalent;1990;0,451946724;1,504126424;98,02181525;1,508302851;136,2315719;Annual;01/01/80
ZWE;Zimbabwe;Paper Products;Manufacturing;Quantity / USD million equivalent;1991;0,417702139;1,228511767;110,2014001;3,63270142;121,0216167;Annual;01/01/80
ZWE;Zimbabwe;Paper Products;Manufacturing;Quantity / USD million equivalent;1992;0,460254988;1,004291526;117,1950846;13,00378319;102,6627316;Annual;01/01/80
ZWE;Zimbabwe;Paper Products;Manufacturing;Quantity / USD million equivalent;1993;0,401786312;1,023809008;129,3247467;6,639297849;117,5458574;Annual;01/01/80
ZWE;Zimbabwe;Paper Products;Manufacturing;Quantity / USD million equivalent;1994;0,391442924;0,948185928;126,9818987;7,608241717;107,1328256;Annual;01/01/80
ZWE;Zimbabwe;Paper Products;Manufacturing;Quantity / USD million equivalent;1995;0,408312703;1,05393127;129,1086622;7,400330834;119,6267844;Annual;01/01/80
ZWE;Zimbabwe;Paper Products;Manufacturing;Quantity / USD million equivalent;1996;0,413232746;0,838420351;147,150618;17,8246285;106,9845385;Annual;01/01/80
ZWE;Zimbabwe;Paper Products;Manufacturing;Quantity / USD million equivalent;1997;0,443875536;1,00011775;132,6692454;14,88139423;116,6881683;Annual;01/01/80
ZWE;Zimbabwe;Paper Products;Manufacturing;Quantity / USD million equivalent;1998;0,44168696;0,916603824;142,8196752;19,16397479;113,0767957;Annual;01/01/80
ZWE;Zimbabwe;Paper Products;Manufacturing;Quantity / USD million equivalent;1999;0,424346489;0,91128093;143,8558491;14,85391126;114,572272;Annual;01/01/80
ZWE;Zimbabwe;Paper Products;Manufacturing;Quantity / USD million equivalent;2000;0,496758136;1,133273745;131,89437;13,45911806;130,9387614;Annual;01/01/80
ZWE;Zimbabwe;Paper Products;Manufacturing;Quantity / USD million equivalent;2001;0,585355896;1,254515135;104,3265595;17,17240269;113,397856;Annual;01/01/80
ZWE;Zimbabwe;Paper Products;Manufacturing;Quantity / USD million equivalent;2002;0,572575771;1,196638731;114,5931777;17,48326831;120,4230039;Annual;01/01/80
ZWE;Zimbabwe;Paper Products;Manufacturing;Quantity / USD million equivalent;2003;0,578736853;1,390696571;118,2548945;11,89506326;143,4062818;Annual;01/01/80
ZWE;Zimbabwe;Paper Products;Manufacturing;Quantity / USD million equivalent;2004;0,624822869;1,451788066;102,4669666;11,72488205;130,6375863;Annual;01/01/80
ZWE;Zimbabwe;Paper Products;Manufacturing;Quantity / USD million equivalent;2005;0,64248487;1,287058243;114,805843;21,74839167;126,4497457;Annual;01/01/80
ZWE;Zimbabwe;Paper Products;Manufacturing;Quantity / USD million equivalent;2006;0,723056229;1,539628205;108,3566713;18,64849484;144,3436193;Annual;01/01/80
ZWE;Zimbabwe;Paper Products;Manufacturing;Quantity / USD million equivalent;2007;0,766968979;1,709605856;90,99183;16,52710181;135,6888539;Annual;01/01/80
ZWE;Zimbabwe;Paper Products;Manufacturing;Quantity / USD million equivalent;2008;0,850813818;1,737580429;87,12980391;21,0532468;129,6883438;Annual;01/01/80
ZWE;Zimbabwe;Paper Products;Manufacturing;Quantity / USD million equivalent;2009;0,898217945;2,022643019;78,90489484;16,16493958;139,255181;Annual;01/01/80
ZWE;Zimbabwe;Paper Products;Manufacturing;Quantity / USD million equivalent;2010;0,972940131;2,255411571;74,9146414;13,43961083;148,9640024;Annual;01/01/80
ZWE;Zimbabwe;Paper Products;Manufacturing;Quantity / USD million equivalent;2011;0,896153706;1,768033668;80,32446142;22,13472797;123,5983521;Annual;01/01/80
ZWE;Zimbabwe;Paper Products;Manufacturing;Quantity / USD million equivalent;2012;0,796269484;1,756818632;102,0506099;19,6623443;155,3767935;Annual;01/01/80
ZWE;Zimbabwe;Paper Products;Manufacturing;Quantity / USD million equivalent;2013;0,894121491;2,048509279;88,68736376;16,29301079;161,4279881;Annual;01/01/80
ZWE;Zimbabwe;Paper Products;Manufacturing;Quantity / USD million equivalent;2014;1,066590957;2,470760715;74,43152183;16,04247316;163,0267946;Annual;01/01/80
ZWE;Zimbabwe;Paper Products;Manufacturing;Quantity / USD million equivalent;2015;0,941528187;2,160932416;84,17226651;15,3115392;160,6170634;Annual;01/01/80
ZWE;Zimbabwe;Paper Products;Manufacturing;Quantity / USD million equivalent;2016;0,799325269;1,877412723;96,32300195;16,39098376;158,8572062;Annual;01/01/80
ZWE;Zimbabwe;Paper Products;Manufacturing;Quantity / USD million equivalent;2017;0,740346398;1,746463209;99,24628924;13,55520942;152,2372881;Annual;01/01/80
ZWE;Zimbabwe;Paper Products;Manufacturing;Quantity / USD million equivalent;2018;0,794843455;1,945117271;92,06485084;16,72232737;159,5904994;Annual;01/01/80
ZWE;Zimbabwe;Paper Products;Manufacturing;Quantity / USD million equivalent;2019;0,798304223;1,963844902;103,3306727;11,79024744;180,191294;Annual;01/01/80
ZWE;Zimbabwe;Paper Products;Manufacturing;Quantity / USD million equivalent;2020;0,845605317;1,572729877;108,0038229;31,44731206;145,8379667;Annual;01/01/80
ZWE;Zimbabwe;Paper Products;Manufacturing;Quantity / USD million equivalent;2021;0,836542528;1,798379464;101,635283;20,13427486;158,6509916;Annual;01/01/80
ZWE;Zimbabwe;Paper Products;Manufacturing;Quantity / USD million equivalent;2022;1,036453853;2,225508696;88,20983445;23,15055242;171,0049245;Annual;01/01/80
ZWE;Zimbabwe;Paper Products;Manufacturing;Quantity / USD million equivalent;2023;0,860384716;1,668822801;112,3592507;31,00588694;162,02839;Annual;01/01/80
ZWE;Zimbabwe;Paper Products;Manufacturing;Quantity / USD million equivalent;2024;0,808052456;1,548334761;121,7378983;32,2845352;163,2286004;Annual;01/01/80
ZWE;Zimbabwe;Paper Products;Manufacturing;Quantity / USD million equivalent;2025;0,657492878;1,552150595;136,1832056;19,10250291;186,5440554;Annual;01/01/80
ZWE;Zimbabwe;Paper Products;Manufacturing;Quantity / USD million equivalent;2026;0,561787266;1,137173645;125,6584979;20,52873024;124,3488739;Annual;01/01/80
ZWE;Zimbabwe;Pharmaceuticals;Manufacturing;Quantity / USD million equivalent;1980;0,38087102;1,006577192;103,3970803;5,973974292;93,19528099;Annual;01/01/80
ZWE;Zimbabwe;Pharmaceuticals;Manufacturing;Quantity / USD million equivalent;1981;0,410172442;1,039335253;103,0358467;5,735221924;95,33964931;Annual;01/01/80
ZWE;Zimbabwe;Pharmaceuticals;Manufacturing;Quantity / USD million equivalent;1982;0,454697243;1,362836728;90,3766507;1,794921554;112,1665418;Annual;01/01/80
ZWE;Zimbabwe;Pharmaceuticals;Manufacturing;Quantity / USD million equivalent;1983;0,438638924;1,110688852;104,2201668;6,489418699;102,306886;Annual;01/01/80
ZWE;Zimbabwe;Pharmaceuticals;Manufacturing;Quantity / USD million equivalent;1984;0,438703024;1,046104514;109,4386755;8,196925908;102,3278959;Annual;01/01/80
ZWE;Zimbabwe;Pharmaceuticals;Manufacturing;Quantity / USD million equivalent;1985;0,403944769;1,124935323;105,841212;5,534021874;107,2545551;Annual;01/01/80
ZWE;Zimbabwe;Pharmaceuticals;Manufacturing;Quantity / USD million equivalent;1986;0,439750593;1,276477453;101,4657089;4,771900948;116,3642853;Annual;01/01/80
ZWE;Zimbabwe;Pharmaceuticals;Manufacturing;Quantity / USD million equivalent;1987;0,467265653;1,457513067;84,9539912;1,946940705;113,2131249;Annual;01/01/80
ZWE;Zimbabwe;Pharmaceuticals;Manufacturing;Quantity / USD million equivalent;1988;0,463398936;1,37691864;93,39577134;2,030353604;117,1003088;Annual;01/01/80
ZWE;Zimbabwe;Pharmaceuticals;Manufacturing;Quantity / USD million equivalent;1989;0,471550318;1,359684251;96,05882227;2,481407937;118,6373158;Annual;01/01/80
ZWE;Zimbabwe;Pharmaceuticals;Manufacturing;Quantity / USD million equivalent;1990;0,460714918;1,439814042;97,39057541;2,288294144;128,1413793;Annual;01/01/80
ZWE;Zimbabwe;Pharmaceuticals;Manufacturing;Quantity / USD million equivalent;1991;0,414839766;1,195923082;108,7335212;5,226162071;117,0911795;Annual;01/01/80
ZWE;Zimbabwe;Pharmaceuticals;Manufacturing;Quantity / USD million equivalent;1992;0,42313219;0,995556695;118,7248971;9,350581841;104,7071288;Annual;01/01/80
ZWE;Zimbabwe;Pharmaceuticals;Manufacturing;Quantity / USD million equivalent;1993;0,378482051;0,946982938;137,1780213;7,781977907;115,7672265;Annual;01/01/80
ZWE;Zimbabwe;Pharmaceuticals;Manufacturing;Quantity / USD million equivalent;1994;0,380103767;0,920800423;127,9395153;8,391440474;105,5290777;Annual;01/01/80
ZWE;Zimbabwe;Pharmaceuticals;Manufacturing;Quantity / USD million equivalent;1995;0,47648133;1,126962798;117,9361988;11,86947666;115,6462485;Annual;01/01/80
ZWE;Zimbabwe;Pharmaceuticals;Manufacturing;Quantity / USD million equivalent;1996;0,438639272;0,896680607;136,9289668;17,97612593;106,7045821;Annual;01/01/80
ZWE;Zimbabwe;Pharmaceuticals;Manufacturing;Quantity / USD million equivalent;1997;0,457257653;0,996266376;130,7957797;17,39457974;114,6565648;Annual;01/01/80
ZWE;Zimbabwe;Pharmaceuticals;Manufacturing;Quantity / USD million equivalent;1998;0,455457515;1,030518498;138,7890811;16,73837956;123,2319998;Annual;01/01/80
ZWE;Zimbabwe;Pharmaceuticals;Manufacturing;Quantity / USD million equivalent;1999;0,441963638;0,956714122;141,6810909;15,18149263;118,2747721;Annual;01/01/80
ZWE;Zimbabwe;Pharmaceuticals;Manufacturing;Quantity / USD million equivalent;2000;0,458431372;1,040057099;131,9575881;13,37078972;121,375254;Annual;01/01/80
ZWE;Zimbabwe;Pharmaceuticals;Manufacturing;Quantity / USD million equivalent;2001;0,541951094;1,194753697;110,3267715;16,46788117;113,3816984;Annual;01/01/80
ZWE;Zimbabwe;Pharmaceuticals;Manufacturing;Quantity / USD million equivalent;2002;0,569318177;1,279495067;114,1902679;14,94533878;127,580624;Annual;01/01/80
ZWE;Zimbabwe;Pharmaceuticals;Manufacturing;Quantity / USD million equivalent;2003;0,51157948;1,29318504;121,8226928;8,968344165;141,0594829;Annual;01/01/80
ZWE;Zimbabwe;Pharmaceuticals;Manufacturing;Quantity / USD million equivalent;2004;0,572165977;1,322480973;108,9453644;13,38070323;125,1106115;Annual;01/01/80
ZWE;Zimbabwe;Pharmaceuticals;Manufacturing;Quantity / USD million equivalent;2005;0,584705128;1,271157156;120,9110616;18,25006681;134,0371009;Annual;01/01/80
ZWE;Zimbabwe;Pharmaceuticals;Manufacturing;Quantity / USD million equivalent;2006;0,707148944;1,594417786;103,9025952;15,21362977;146,0525815;Annual;01/01/80
ZWE;Zimbabwe;Pharmaceuticals;Manufacturing;Quantity / USD million equivalent;2007;0,880975739;1,791344246;86,99330067;21,85012541;135,1294837;Annual;01/01/80
ZWE;Zimbabwe;Pharmaceuticals;Manufacturing;Quantity / USD million equivalent;2008;0,811114612;1,786804074;86,69152188;17,92546823;135,0401493;Annual;01/01/80
ZWE;Zimbabwe;Pharmaceuticals;Manufacturing;Quantity / USD million equivalent;2009;0,878741792;2,164549934;75,90038447;10,36933814;146,5195713;Annual;01/01/80
ZWE;Zimbabwe;Pharmaceuticals;Manufacturing;Quantity / USD million equivalent;2010;0,986438662;2,167169198;74,06923652;17,93149389;140,7224908;Annual;01/01/80
ZWE;Zimbabwe;Pharmaceuticals;Manufacturing;Quantity / USD million equivalent;2011;0,879035372;1,887794128;86,25878202;18,60210218;143,4346083;Annual;01/01/80
ZWE;Zimbabwe;Pharmaceuticals;Manufacturing;Quantity / USD million equivalent;2012;0,74826589;1,683508355;108,0078812;18,28526785;156,1275167;Annual;01/01/80
ZWE;Zimbabwe;Pharmaceuticals;Manufacturing;Quantity / USD million equivalent;2013;1,014281791;2,349182906;83,86274296;14,51430306;170,3969577;Annual;01/01/80
ZWE;Zimbabwe;Pharmaceuticals;Manufacturing;Quantity / USD million equivalent;2014;1,026273841;2,475402302;75,23759483;12,08317588;164,2971691;Annual;01/01/80
ZWE;Zimbabwe;Pharmaceuticals;Manufacturing;Quantity / USD million equivalent;2015;0,968513345;2,183234887;80,74300031;17,74542718;154,890925;Annual;01/01/80
ZWE;Zimbabwe;Pharmaceuticals;Manufacturing;Quantity / USD million equivalent;2016;0,84545988;1,945113699;96,67782963;16,5200424;164,8404789;Annual;01/01/80
ZWE;Zimbabwe;Pharmaceuticals;Manufacturing;Quantity / USD million equivalent;2017;0,802117683;1,740393651;97,71699813;19,03209133;148,6940497;Annual;01/01/80
ZWE;Zimbabwe;Pharmaceuticals;Manufacturing;Quantity / USD million equivalent;2018;0,788910211;1,998385099;94,66710202;13,9999666;169,525532;Annual;01/01/80
ZWE;Zimbabwe;Pharmaceuticals;Manufacturing;Quantity / USD million equivalent;2019;0,721212417;1,687740112;111,7385123;15,20320792;165,8238154;Annual;01/01/80
ZWE;Zimbabwe;Pharmaceuticals;Manufacturing;Quantity / USD million equivalent;2020;0,892543491;1,759717462;108,1230297;29,83849698;164,6426103;Annual;01/01/80
ZWE;Zimbabwe;Pharmaceuticals;Manufacturing;Quantity / USD million equivalent;2021;0,853204741;1,758831276;101,4992786;23,55136093;155,1314294;Annual;01/01/80
ZWE;Zimbabwe;Pharmaceuticals;Manufacturing;Quantity / USD million equivalent;2022;0,966673937;2,214130288;90,84025229;20,41726322;175,9832181;Annual;01/01/80
ZWE;Zimbabwe;Pharmaceuticals;Manufacturing;Quantity / USD million equivalent;2023;0,785784751;1,604118766;116,2210513;25,46164315;161,7367861;Annual;01/01/80
ZWE;Zimbabwe;Pharmaceuticals;Manufacturing;Quantity / USD million equivalent;2024;0,791877712;1,609304086;121,1892045;27,32702041;169,0230965;Annual;01/01/80
ZWE;Zimbabwe;Pharmaceuticals;Manufacturing;Quantity / USD million equivalent;2025;0,677769653;1,420591688;135,8358251;24,92820626;169,8919552;Annual;01/01/80
ZWE;Zimbabwe;Pharmaceuticals;Manufacturing;Quantity / USD million equivalent;2026;0,546985348;1,217556533;125,7959007;15,51628542;135,1342809;Annual;01/01/80
ZWE;Zimbabwe;Plastics;Manufacturing;Quantity / USD million equivalent;1980;0,405675231;1,085952375;99,38674601;3,239426449;97,75445133;Annual;01/01/80
ZWE;Zimbabwe;Plastics;Manufacturing;Quantity / USD million equivalent;1981;0,43541037;1,016598362;102,0115895;9,065089685;91,36779497;Annual;01/01/80
ZWE;Zimbabwe;Plastics;Manufacturing;Quantity / USD million equivalent;1982;0,403260064;1,260408945;94,44127845;1,929304867;107,5397355;Annual;01/01/80
ZWE;Zimbabwe;Plastics;Manufacturing;Quantity / USD million equivalent;1983;0,436499605;1,060193743;103,382986;7,728734971;96,78157126;Annual;01/01/80
ZWE;Zimbabwe;Plastics;Manufacturing;Quantity / USD million equivalent;1984;0,467854094;1,121411015;102,6745334;9,523224799;102,1810452;Annual;01/01/80
ZWE;Zimbabwe;Plastics;Manufacturing;Quantity / USD million equivalent;1985;0,414624542;1,156007981;103,5383898;5,951940245;108,3944796;Annual;01/01/80
ZWE;Zimbabwe;Plastics;Manufacturing;Quantity / USD million equivalent;1986;0,432617674;1,310997111;100,3420769;4,546177529;119,6899895;Annual;01/01/80
ZWE;Zimbabwe;Plastics;Manufacturing;Quantity / USD million equivalent;1987;0,482868828;1,416165746;84,00318963;2,767791128;108,4858386;Annual;01/01/80
ZWE;Zimbabwe;Plastics;Manufacturing;Quantity / USD million equivalent;1988;0,494208948;1,298472096;91,28167481;5,606505415;105,2354322;Annual;01/01/80
ZWE;Zimbabwe;Plastics;Manufacturing;Quantity / USD million equivalent;1989;0,467574681;1,460919276;94,05684236;2,002973423;123,4220097;Annual;01/01/80
ZWE;Zimbabwe;Plastics;Manufacturing;Quantity / USD million equivalent;1990;0,458545401;1,473298101;97,68461167;0,5575765;130,4547541;Annual;01/01/80
ZWE;Zimbabwe;Plastics;Manufacturing;Quantity / USD million equivalent;1991;0,390677023;1,17322679;116,7092351;2,646661054;123,8388909;Annual;01/01/80
ZWE;Zimbabwe;Plastics;Manufacturing;Quantity / USD million equivalent;1992;0,42593617;0,947636539;125,6988134;12,77326999;104,0967197;Annual;01/01/80
ZWE;Zimbabwe;Plastics;Manufacturing;Quantity / USD million equivalent;1993;0,411686373;0,968436779;132,1116446;10,89538761;112,6035008;Annual;01/01/80
ZWE;Zimbabwe;Plastics;Manufacturing;Quantity / USD million equivalent;1994;0,383085923;0,924312188;128,2921717;8,75037302;104,7155679;Annual;01/01/80
ZWE;Zimbabwe;Plastics;Manufacturing;Quantity / USD million equivalent;1995;0,439174091;1,059820305;133,4815763;10,67312106;123,4052535;Annual;01/01/80
ZWE;Zimbabwe;Plastics;Manufacturing;Quantity / USD million equivalent;1996;0,398090893;0,866592331;143,3217037;14,24072095;108,579698;Annual;01/01/80
ZWE;Zimbabwe;Plastics;Manufacturing;Quantity / USD million equivalent;1997;0,460476597;0,987770569;139,156393;15,94129175;120,3383581;Annual;01/01/80
ZWE;Zimbabwe;Plastics;Manufacturing;Quantity / USD million equivalent;1998;0,461936172;1,04708939;132,2432753;15,8584657;121,2945078;Annual;01/01/80
ZWE;Zimbabwe;Plastics;Manufacturing;Quantity / USD million equivalent;1999;0,454013375;0,963785587;139,4568632;15,80618301;118,301628;Annual;01/01/80
ZWE;Zimbabwe;Plastics;Manufacturing;Quantity / USD million equivalent;2000;0,499623976;1,109267368;127,2524147;14,09864462;123,8721071;Annual;01/01/80
ZWE;Zimbabwe;Plastics;Manufacturing;Quantity / USD million equivalent;2001;0,554675423;1,136037166;110,0460907;17,31528452;109,2539666;Annual;01/01/80
ZWE;Zimbabwe;Plastics;Manufacturing;Quantity / USD million equivalent;2002;0,576749809;1,281089509;116,2789342;15,87126421;128,8850289;Annual;01/01/80
ZWE;Zimbabwe;Plastics;Manufacturing;Quantity / USD million equivalent;2003;0,523401246;1,30670278;121,6347488;9,866772917;139,6249401;Annual;01/01/80
ZWE;Zimbabwe;Plastics;Manufacturing;Quantity / USD million equivalent;2004;0,605572307;1,348599532;109,8990987;14,5431783;129,5558467;Annual;01/01/80
ZWE;Zimbabwe;Plastics;Manufacturing;Quantity / USD million equivalent;2005;0,654465847;1,345586674;111,5633484;21,98599396;132,366379;Annual;01/01/80
ZWE;Zimbabwe;Plastics;Manufacturing;Quantity / USD million equivalent;2006;0,684046774;1,498003141;109,0292129;17,16133141;143,0100243;Annual;01/01/80
ZWE;Zimbabwe;Plastics;Manufacturing;Quantity / USD million equivalent;2007;0,876977149;1,712650739;90,43673869;24,0305623;133,5638549;Annual;01/01/80
ZWE;Zimbabwe;Plastics;Manufacturing;Quantity / USD million equivalent;2008;0,874877829;1,752274127;84,02353134;22,89084832;126,7315565;Annual;01/01/80
ZWE;Zimbabwe;Plastics;Manufacturing;Quantity / USD million equivalent;2009;0,859869804;2,04933451;80,35348571;13,16193315;144,9402278;Annual;01/01/80
ZWE;Zimbabwe;Plastics;Manufacturing;Quantity / USD million equivalent;2010;1,000849802;2,065081914;74,05985089;21,1983056;133,2161346;Annual;01/01/80
ZWE;Zimbabwe;Plastics;Manufacturing;Quantity / USD million equivalent;2011;0,946272899;1,99258481;78,39823655;21,75537986;136,3186585;Annual;01/01/80
ZWE;Zimbabwe;Plastics;Manufacturing;Quantity / USD million equivalent;2012;0,805361389;1,901389931;94,09405508;14,99072067;156,9328349;Annual;01/01/80
ZWE;Zimbabwe;Plastics;Manufacturing;Quantity / USD million equivalent;2013;0,924832313;2,342129028;84,88273093;10,68004997;174,0204355;Annual;01/01/80
ZWE;Zimbabwe;Plastics;Manufacturing;Quantity / USD million equivalent;2014;1,038500293;2,360083856;74,39556902;15,83859863;153,6561032;Annual;01/01/80
ZWE;Zimbabwe;Plastics;Manufacturing;Quantity / USD million equivalent;2015;0,896919925;2,10138661;83,8844378;14,3526341;155,7460998;Annual;01/01/80
ZWE;Zimbabwe;Plastics;Manufacturing;Quantity / USD million equivalent;2016;0,809826594;1,894140587;94,84998149;17,38474021;159,3799666;Annual;01/01/80
ZWE;Zimbabwe;Plastics;Manufacturing;Quantity / USD million equivalent;2017;0,835219284;1,771375734;94,52303324;19,69474434;147,5021396;Annual;01/01/80
ZWE;Zimbabwe;Plastics;Manufacturing;Quantity / USD million equivalent;2018;0,845784484;1,998882862;92,16021781;16,13422366;163,8114688;Annual;01/01/80
ZWE;Zimbabwe;Plastics;Manufacturing;Quantity / USD million equivalent;2019;0,818985533;1,877683098;104,3228896;18,04127243;172,9400247;Annual;01/01/80
ZWE;Zimbabwe;Plastics;Manufacturing;Quantity / USD million equivalent;2020;0,866584517;1,699656772;108,24656;29,33657341;159,160504;Annual;01/01/80
ZWE;Zimbabwe;Plastics;Manufacturing;Quantity / USD million equivalent;2021;0,895588945;1,930874415;97,46444649;21,03222773;164,595223;Annual;01/01/80
ZWE;Zimbabwe;Plastics;Manufacturing;Quantity / USD million equivalent;2022;0,846804842;1,894016102;97,45949375;17,96561338;162,3553961;Annual;01/01/80
ZWE;Zimbabwe;Plastics;Manufacturing;Quantity / USD million equivalent;2023;0,859620361;1,66340344;110,2572906;30,53380976;157,2362497;Annual;01/01/80
ZWE;Zimbabwe;Plastics;Manufacturing;Quantity / USD million equivalent;2024;0,789091286;1,557495634;121,2954557;29,95150703;161,9650442;Annual;01/01/80
ZWE;Zimbabwe;Plastics;Manufacturing;Quantity / USD million equivalent;2025;0,646915541;1,392522139;142,0852348;22,46000115;172,3972026;Annual;01/01/80
ZWE;Zimbabwe;Plastics;Manufacturing;Quantity / USD million equivalent;2026;0,581920583;1,211510019;117,7743789;18,573276;124,3931619;Annual;01/01/80
ZWE;Zimbabwe;Platinum;Mining;Quantity / USD million equivalent;1980;0,989239375;1,416908204;467,6999229;231,1883388;533,9745063;Annual;01/01/80
ZWE;Zimbabwe;Platinum;Mining;Quantity / USD million equivalent;1981;1,140476622;1,391092797;456,388501;290,5549282;497,2733728;Annual;01/01/80
ZWE;Zimbabwe;Platinum;Mining;Quantity / USD million equivalent;1982;0,936779741;1,577444914;511,6742222;196,5727414;662,0976802;Annual;01/01/80
ZWE;Zimbabwe;Platinum;Mining;Quantity / USD million equivalent;1983;0,931298654;1,251446534;619,4091981;295,7763257;622,2398466;Annual;01/01/80
ZWE;Zimbabwe;Platinum;Mining;Quantity / USD million equivalent;1984;0,850612838;1,292779416;611,288572;244,470932;644,5827219;Annual;01/01/80
ZWE;Zimbabwe;Platinum;Mining;Quantity / USD million equivalent;1985;0,984937029;1,469760675;515,7000208;241,0619859;626,2200594;Annual;01/01/80
ZWE;Zimbabwe;Platinum;Mining;Quantity / USD million equivalent;1986;0,952144786;1,54686203;569,6295739;229,2925937;740,9751114;Annual;01/01/80
ZWE;Zimbabwe;Platinum;Mining;Quantity / USD million equivalent;1987;0,631421123;1,054689598;757,2239518;198,1544053;649,4062246;Annual;01/01/80
ZWE;Zimbabwe;Platinum;Mining;Quantity / USD million equivalent;1988;0,802318962;1,142532495;687,0977931;277,0525923;629,1483818;Annual;01/01/80
ZWE;Zimbabwe;Platinum;Mining;Quantity / USD million equivalent;1989;0,810064794;1,140115457;683,5270526;273,206839;640,6746282;Annual;01/01/80
ZWE;Zimbabwe;Platinum;Mining;Quantity / USD million equivalent;1990;0,800863003;1,395852961;661,7185661;197,4393412;783,9511642;Annual;01/01/80
ZWE;Zimbabwe;Platinum;Mining;Quantity / USD million equivalent;1991;0,79721997;1,263906282;686,4068258;240,7831413;714,9875982;Annual;01/01/80
ZWE;Zimbabwe;Platinum;Mining;Quantity / USD million equivalent;1992;1,097999835;1,394904477;581,2981532;354,9226909;634,018454;Annual;01/01/80
ZWE;Zimbabwe;Platinum;Mining;Quantity / USD million equivalent;1993;1,160683052;1,563238453;530,2492887;320,7233945;662,0280819;Annual;01/01/80
ZWE;Zimbabwe;Platinum;Mining;Quantity / USD million equivalent;1994;1,053062175;1,302317969;576,4441663;343,4835239;596,7219149;Annual;01/01/80
ZWE;Zimbabwe;Platinum;Mining;Quantity / USD million equivalent;1995;1,590312388;1,904337275;435,1314201;386,1115498;643,8342986;Annual;01/01/80
ZWE;Zimbabwe;Platinum;Mining;Quantity / USD million equivalent;1996;1,864993542;2,054521153;390,3598922;444,3238029;612,0807742;Annual;01/01/80
ZWE;Zimbabwe;Platinum;Mining;Quantity / USD million equivalent;1997;2,222407147;2,643789571;331,9927867;428,2815981;684,3233878;Annual;01/01/80
ZWE;Zimbabwe;Platinum;Mining;Quantity / USD million equivalent;1998;2,431812621;2,949403755;309,5667215;430,1506789;698,7990391;Annual;01/01/80
ZWE;Zimbabwe;Platinum;Mining;Quantity / USD million equivalent;1999;2,258126564;2,705648266;330,4863971;435,1402102;700,4439041;Annual;01/01/80
ZWE;Zimbabwe;Platinum;Mining;Quantity / USD million equivalent;2000;2,601645624;2,959984752;306,6509997;477,2814944;700,4729749;Annual;01/01/80
ZWE;Zimbabwe;Platinum;Mining;Quantity / USD million equivalent;2001;2,583981502;2,781695333;289,9207006;467,4298452;616,4219216;Annual;01/01/80
ZWE;Zimbabwe;Platinum;Mining;Quantity / USD million equivalent;2002;2,832182076;3,175130412;275,9985297;462,8147094;667,9058296;Annual;01/01/80
ZWE;Zimbabwe;Platinum;Mining;Quantity / USD million equivalent;2003;2,900397395;3,887203483;253,0765965;391,7414471;792,6040538;Annual;01/01/80
ZWE;Zimbabwe;Platinum;Mining;Quantity / USD million equivalent;2004;3,488265575;4,002240862;228,2244598;463,7714753;694,8817268;Annual;01/01/80
ZWE;Zimbabwe;Platinum;Mining;Quantity / USD million equivalent;2005;4,716404492;5,243829842;188,5511462;541,1276825;761,5707865;Annual;01/01/80
ZWE;Zimbabwe;Platinum;Mining;Quantity / USD million equivalent;2006;4,409232541;5,087786936;206,7842689;542,5289381;817,0069911;Annual;01/01/80
ZWE;Zimbabwe;Platinum;Mining;Quantity / USD million equivalent;2007;4,397948051;4,806149481;209,0301161;557,7140903;768,9209361;Annual;01/01/80
ZWE;Zimbabwe;Platinum;Mining;Quantity / USD million equivalent;2008;4,118395623;4,543630267;209,1194088;513,391933;722,4766239;Annual;01/01/80
ZWE;Zimbabwe;Platinum;Mining;Quantity / USD million equivalent;2009;3,558528088;4,441560123;239,6907904;480,9708827;832,7844957;Annual;01/01/80
ZWE;Zimbabwe;Platinum;Mining;Quantity / USD million equivalent;2010;4,203097683;4,641681086;216,1511013;558,1637325;764,6448332;Annual;01/01/80
ZWE;Zimbabwe;Platinum;Mining;Quantity / USD million equivalent;2011;4,413969516;4,764366215;209,4629026;567,0945821;756,5520306;Annual;01/01/80
ZWE;Zimbabwe;Platinum;Mining;Quantity / USD million equivalent;2012;5,339778526;6,530990447;175,1556942;525,8643472;900,4394901;Annual;01/01/80
ZWE;Zimbabwe;Platinum;Mining;Quantity / USD million equivalent;2013;5,428707458;6,682337313;175,4884626;537,2410096;914,5131535;Annual;01/01/80
ZWE;Zimbabwe;Platinum;Mining;Quantity / USD million equivalent;2014;5,317717558;7,078465547;160,1318799;444,3470851;915,4928691;Annual;01/01/80
ZWE;Zimbabwe;Platinum;Mining;Quantity / USD million equivalent;2015;6,409466995;8,204995902;143,8993738;502,2086971;931,2458584;Annual;01/01/80
ZWE;Zimbabwe;Platinum;Mining;Quantity / USD million equivalent;2016;5,840435677;7,117246235;170,2879532;562,9089755;944,6870707;Annual;01/01/80
ZWE;Zimbabwe;Platinum;Mining;Quantity / USD million equivalent;2017;4,91725199;5,656394487;195,2781493;556,3933253;858,9607156;Annual;01/01/80
ZWE;Zimbabwe;Platinum;Mining;Quantity / USD million equivalent;2018;3,81748661;5,265019672;227,3615349;449,1741518;963,3524468;Annual;01/01/80
ZWE;Zimbabwe;Platinum;Mining;Quantity / USD million equivalent;2019;3,230019343;4,281752077;308,2799743;527,437304;1066,965966;Annual;01/01/80
ZWE;Zimbabwe;Platinum;Mining;Quantity / USD million equivalent;2020;3,48156101;3,922853234;306,1181228;626,9224901;927,8025203;Annual;01/01/80
ZWE;Zimbabwe;Platinum;Mining;Quantity / USD million equivalent;2021;3,278349031;3,676364099;319,5743144;625,030393;899,3911947;Annual;01/01/80
ZWE;Zimbabwe;Platinum;Mining;Quantity / USD million equivalent;2022;3,645425852;4,059746755;298,4494637;633,783722;929,6922617;Annual;01/01/80
ZWE;Zimbabwe;Platinum;Mining;Quantity / USD million equivalent;2023;3,090066612;3,49470891;347,337867;637,0779409;934,3483038;Annual;01/01/80
ZWE;Zimbabwe;Platinum;Mining;Quantity / USD million equivalent;2024;2,587913479;2,735407946;446,2694696;720,2817774;925,0344078;Annual;01/01/80
ZWE;Zimbabwe;Platinum;Mining;Quantity / USD million equivalent;2025;3,14598164;4,019803525;342,6020867;593,2494573;1076,489609;Annual;01/01/80
ZWE;Zimbabwe;Platinum;Mining;Quantity / USD million equivalent;2026;2,359844176;2,65648275;367,0978358;506,0469013;750,3358949;Annual;01/01/80
ZWE;Zimbabwe;Processed Foods;Manufacturing;Quantity / USD million equivalent;1980;0,390752396;0,963102473;104,1321182;6,954425584;90,139217;Annual;01/01/80
ZWE;Zimbabwe;Processed Foods;Manufacturing;Quantity / USD million equivalent;1981;0,423522914;0,993413704;105,2994597;9,041975815;92,73265558;Annual;01/01/80
ZWE;Zimbabwe;Processed Foods;Manufacturing;Quantity / USD million equivalent;1982;0,390150112;1,231132428;96,77760542;1,294998563;108,0754877;Annual;01/01/80
ZWE;Zimbabwe;Processed Foods;Manufacturing;Quantity / USD million equivalent;1983;0,439256698;1,179589287;101,9874398;5,200806128;106,7021641;Annual;01/01/80
ZWE;Zimbabwe;Processed Foods;Manufacturing;Quantity / USD million equivalent;1984;0,417300962;1,088198374;108,3063169;4,847855627;105,0107218;Annual;01/01/80
ZWE;Zimbabwe;Processed Foods;Manufacturing;Quantity / USD million equivalent;1985;0,393445552;1,062704048;110,9098505;4,177046389;105,0996541;Annual;01/01/80
ZWE;Zimbabwe;Processed Foods;Manufacturing;Quantity / USD million equivalent;1986;0,445529822;1,279063812;95,87279498;4,815961952;111,8666469;Annual;01/01/80
ZWE;Zimbabwe;Processed Foods;Manufacturing;Quantity / USD million equivalent;1987;0,443989899;1,406561293;92,02583504;0,592877652;115,7489061;Annual;01/01/80
ZWE;Zimbabwe;Processed Foods;Manufacturing;Quantity / USD million equivalent;1988;0,500006833;1,304719236;91,69222224;5,534329141;106,5701075;Annual;01/01/80
ZWE;Zimbabwe;Processed Foods;Manufacturing;Quantity / USD million equivalent;1989;0,457354573;1,278328526;99,6725687;4,051812038;115,1696474;Annual;01/01/80
ZWE;Zimbabwe;Processed Foods;Manufacturing;Quantity / USD million equivalent;1990;0,427200495;1,399766295;101,8686516;2,557092691;130,8681727;Annual;01/01/80
ZWE;Zimbabwe;Processed Foods;Manufacturing;Quantity / USD million equivalent;1991;0,413429492;1,167922157;117,1476341;4,837271501;122,5974267;Annual;01/01/80
ZWE;Zimbabwe;Processed Foods;Manufacturing;Quantity / USD million equivalent;1992;0,444264017;0,942605614;121,561545;13,75932117;101,0511373;Annual;01/01/80
ZWE;Zimbabwe;Processed Foods;Manufacturing;Quantity / USD million equivalent;1993;0,391943602;0,980234849;129,7075801;8,648057572;112,4305352;Annual;01/01/80
ZWE;Zimbabwe;Processed Foods;Manufacturing;Quantity / USD million equivalent;1994;0,406685347;1,021403752;120,4541866;7,773984001;109,9450933;Annual;01/01/80
ZWE;Zimbabwe;Processed Foods;Manufacturing;Quantity / USD million equivalent;1995;0,438631861;1,125643657;123,9788595;10,12571245;121,3558658;Annual;01/01/80
ZWE;Zimbabwe;Processed Foods;Manufacturing;Quantity / USD million equivalent;1996;0,411393235;0,860832894;145,7033502;18,14600429;107,7911499;Annual;01/01/80
ZWE;Zimbabwe;Processed Foods;Manufacturing;Quantity / USD million equivalent;1997;0,430052301;0,971940104;138,8758705;12,84495856;118,3519026;Annual;01/01/80
ZWE;Zimbabwe;Processed Foods;Manufacturing;Quantity / USD million equivalent;1998;0,477835283;0,990081773;134,7231804;19,17027461;115,3368418;Annual;01/01/80
ZWE;Zimbabwe;Processed Foods;Manufacturing;Quantity / USD million equivalent;1999;0,447980294;0,930413436;137,7877633;17,33189744;110,7999324;Annual;01/01/80
ZWE;Zimbabwe;Processed Foods;Manufacturing;Quantity / USD million equivalent;2000;0,48072989;1,074525978;134,5117638;13,57900486;125,7738664;Annual;01/01/80
ZWE;Zimbabwe;Processed Foods;Manufacturing;Quantity / USD million equivalent;2001;0,557321142;1,206562407;109,8716897;16,65337839;114,3418805;Annual;01/01/80
ZWE;Zimbabwe;Processed Foods;Manufacturing;Quantity / USD million equivalent;2002;0,592086845;1,202494831;113,0018176;19,87674453;116,9262517;Annual;01/01/80
ZWE;Zimbabwe;Processed Foods;Manufacturing;Quantity / USD million equivalent;2003;0,54815842;1,441008777;117,8125641;8,6196336;148,5815668;Annual;01/01/80
ZWE;Zimbabwe;Processed Foods;Manufacturing;Quantity / USD million equivalent;2004;0,557820675;1,294183811;110,4861691;12,77055317;122,9083109;Annual;01/01/80
ZWE;Zimbabwe;Processed Foods;Manufacturing;Quantity / USD million equivalent;2005;0,732934161;1,378783424;101,7212185;25,04595021;119,538875;Annual;01/01/80
ZWE;Zimbabwe;Processed Foods;Manufacturing;Quantity / USD million equivalent;2006;0,734389515;1,563852426;104,337794;19,09981391;138,2253141;Annual;01/01/80
ZWE;Zimbabwe;Processed Foods;Manufacturing;Quantity / USD million equivalent;2007;0,765718589;1,599915629;94,78948829;19,16059386;131,2947157;Annual;01/01/80
ZWE;Zimbabwe;Processed Foods;Manufacturing;Quantity / USD million equivalent;2008;0,841324399;1,645886857;87,32638909;22,13253262;123,4213843;Annual;01/01/80
ZWE;Zimbabwe;Processed Foods;Manufacturing;Quantity / USD million equivalent;2009;0,845342339;1,913664454;82,84823282;15,58714621;138,9468503;Annual;01/01/80
ZWE;Zimbabwe;Processed Foods;Manufacturing;Quantity / USD million equivalent;2010;0,905695612;2,015725529;77,67553766;17,00668267;138,0411242;Annual;01/01/80
ZWE;Zimbabwe;Processed Foods;Manufacturing;Quantity / USD million equivalent;2011;0,966244763;2,044474758;77,33219772;20,03002707;134,8422426;Annual;01/01/80
ZWE;Zimbabwe;Processed Foods;Manufacturing;Quantity / USD million equivalent;2012;0,768738059;1,779889349;101,7486554;16,29733786;158,6913031;Annual;01/01/80
ZWE;Zimbabwe;Processed Foods;Manufacturing;Quantity / USD million equivalent;2013;0,889715844;2,072708453;88,6166816;15,74258765;162,9887093;Annual;01/01/80
ZWE;Zimbabwe;Processed Foods;Manufacturing;Quantity / USD million equivalent;2014;1,035246709;2,429907485;74,58568303;15,10862704;159,1278281;Annual;01/01/80
ZWE;Zimbabwe;Processed Foods;Manufacturing;Quantity / USD million equivalent;2015;0,935990748;2,066674506;85,67846961;18,65984163;154,2333341;Annual;01/01/80
ZWE;Zimbabwe;Processed Foods;Manufacturing;Quantity / USD million equivalent;2016;0,897103466;1,971992012;93,62092175;18,5112798;159,3369968;Annual;01/01/80
ZWE;Zimbabwe;Processed Foods;Manufacturing;Quantity / USD million equivalent;2017;0,795818447;1,655833321;100,1872504;22,03684749;144,3318601;Annual;01/01/80
ZWE;Zimbabwe;Processed Foods;Manufacturing;Quantity / USD million equivalent;2018;0,791147194;1,880997066;96,3002193;15,72489507;161,3010764;Annual;01/01/80
ZWE;Zimbabwe;Processed Foods;Manufacturing;Quantity / USD million equivalent;2019;0,78654813;1,74177162;111,259795;19,11094873;169,8438416;Annual;01/01/80
ZWE;Zimbabwe;Processed Foods;Manufacturing;Quantity / USD million equivalent;2020;0,886960201;1,664966484;104,2473325;32,05743291;148,7321527;Annual;01/01/80
ZWE;Zimbabwe;Processed Foods;Manufacturing;Quantity / USD million equivalent;2021;0,83701776;1,756844664;100,7796894;21,47869708;154,5090156;Annual;01/01/80
ZWE;Zimbabwe;Processed Foods;Manufacturing;Quantity / USD million equivalent;2022;0,993370163;2,088330276;95,38434835;24,59234253;172,7976924;Annual;01/01/80
ZWE;Zimbabwe;Processed Foods;Manufacturing;Quantity / USD million equivalent;2023;0,78747118;1,562850576;113,8536269;27,01614484;153,2446814;Annual;01/01/80
ZWE;Zimbabwe;Processed Foods;Manufacturing;Quantity / USD million equivalent;2024;0,758534556;1,517449709;127,8756246;27,547742;169,600434;Annual;01/01/80
ZWE;Zimbabwe;Processed Foods;Manufacturing;Quantity / USD million equivalent;2025;0,691459391;1,497145446;134,4596187;22,94206582;174,1399868;Annual;01/01/80
ZWE;Zimbabwe;Processed Foods;Manufacturing;Quantity / USD million equivalent;2026;0,546276961;1,230570153;128,6997813;16,32083567;137,0357941;Annual;01/01/80
ZWE;Zimbabwe;Steel;Manufacturing;Quantity / USD million equivalent;1980;0,411594626;1,055759376;100,7169581;6,094794319;95,80579339;Annual;01/01/80
ZWE;Zimbabwe;Steel;Manufacturing;Quantity / USD million equivalent;1981;0,429534625;1,046754566;100,6747628;7,003553061;93,61964963;Annual;01/01/80
ZWE;Zimbabwe;Steel;Manufacturing;Quantity / USD million equivalent;1982;0,396518642;1,355180002;94,97515972;0,172308097;118,6215995;Annual;01/01/80
ZWE;Zimbabwe;Steel;Manufacturing;Quantity / USD million equivalent;1983;0,461256264;1,172304213;96,65704467;6,449385149;101,529773;Annual;01/01/80
ZWE;Zimbabwe;Steel;Manufacturing;Quantity / USD million equivalent;1984;0,427053978;1,114109904;104,6519312;5,184969259;104,3198391;Annual;01/01/80
ZWE;Zimbabwe;Steel;Manufacturing;Quantity / USD million equivalent;1985;0,405266555;1,100975632;104,6118568;7,093734213;102,6490861;Annual;01/01/80
ZWE;Zimbabwe;Steel;Manufacturing;Quantity / USD million equivalent;1986;0,424091586;1,345851146;97,2796853;3,056987935;118,3498353;Annual;01/01/80
ZWE;Zimbabwe;Steel;Manufacturing;Quantity / USD million equivalent;1987;0,494158477;1,462118479;85,69604228;2,234017972;112,2292081;Annual;01/01/80
ZWE;Zimbabwe;Steel;Manufacturing;Quantity / USD million equivalent;1988;0,503149381;1,397277485;89,8306423;4,796318149;114,0601065;Annual;01/01/80
ZWE;Zimbabwe;Steel;Manufacturing;Quantity / USD million equivalent;1989;0,437161992;1,315770369;101,1679922;1,846243122;120,6626665;Annual;01/01/80
ZWE;Zimbabwe;Steel;Manufacturing;Quantity / USD million equivalent;1990;0,420589212;1,328945023;106,6936983;2,430097623;129,5976234;Annual;01/01/80
ZWE;Zimbabwe;Steel;Manufacturing;Quantity / USD million equivalent;1991;0,407015896;1,152365292;114,8473404;3,597553908;118,7191218;Annual;01/01/80
ZWE;Zimbabwe;Steel;Manufacturing;Quantity / USD million equivalent;1992;0,407795798;0,964882216;127,8169761;10,01349463;110,2817872;Annual;01/01/80
ZWE;Zimbabwe;Steel;Manufacturing;Quantity / USD million equivalent;1993;0,390797945;0,958724144;130,4182796;8,619665613;110,1550435;Annual;01/01/80
ZWE;Zimbabwe;Steel;Manufacturing;Quantity / USD million equivalent;1994;0,427796905;0,973711727;122,6028768;10,81453875;105,8771826;Annual;01/01/80
ZWE;Zimbabwe;Steel;Manufacturing;Quantity / USD million equivalent;1995;0,479824075;1,105662327;120,6038065;13,04089487;117,2838042;Annual;01/01/80
ZWE;Zimbabwe;Steel;Manufacturing;Quantity / USD million equivalent;1996;0,460836017;0,961675951;134,4234451;16,19457905;113,1665525;Annual;01/01/80
ZWE;Zimbabwe;Steel;Manufacturing;Quantity / USD million equivalent;1997;0,431720658;0,939683853;143,4622305;17,06721244;116,9891094;Annual;01/01/80
ZWE;Zimbabwe;Steel;Manufacturing;Quantity / USD million equivalent;1998;0,448936846;1,00456479;138,1782357;15,15011141;122,0679056;Annual;01/01/80
ZWE;Zimbabwe;Steel;Manufacturing;Quantity / USD million equivalent;1999;0,429584568;0,965126873;138,8540095;13,90252485;116,5113812;Annual;01/01/80
ZWE;Zimbabwe;Steel;Manufacturing;Quantity / USD million equivalent;2000;0,500800909;1,083413362;125,3499811;15,23147273;118,2362127;Annual;01/01/80
ZWE;Zimbabwe;Steel;Manufacturing;Quantity / USD million equivalent;2001;0,555503423;1,069219616;116,8395999;20,71806656;107,7626357;Annual;01/01/80
ZWE;Zimbabwe;Steel;Manufacturing;Quantity / USD million equivalent;2002;0,602245547;1,166105667;111,3016647;21,05627843;112,5520392;Annual;01/01/80
ZWE;Zimbabwe;Steel;Manufacturing;Quantity / USD million equivalent;2003;0,506457919;1,294647035;122,7902342;8,447700345;139,921773;Annual;01/01/80
ZWE;Zimbabwe;Steel;Manufacturing;Quantity / USD million equivalent;2004;0,613891622;1,354163046;111,5092562;15,18533255;131,5404187;Annual;01/01/80
ZWE;Zimbabwe;Steel;Manufacturing;Quantity / USD million equivalent;2005;0,629782372;1,263445665;116,2178137;21,61637689;126,6338675;Annual;01/01/80
ZWE;Zimbabwe;Steel;Manufacturing;Quantity / USD million equivalent;2006;0,658561604;1,567663013;110,6841544;12,02960261;151,0918955;Annual;01/01/80
ZWE;Zimbabwe;Steel;Manufacturing;Quantity / USD million equivalent;2007;0,797928919;1,601378195;94,91138011;22,15159338;130,7913188;Annual;01/01/80
ZWE;Zimbabwe;Steel;Manufacturing;Quantity / USD million equivalent;2008;0,871180581;1,66280696;85,74772214;24,09590184;121,9709556;Annual;01/01/80
ZWE;Zimbabwe;Steel;Manufacturing;Quantity / USD million equivalent;2009;0,904768167;1,990218986;79,70687983;15,81971025;136,8527757;Annual;01/01/80
ZWE;Zimbabwe;Steel;Manufacturing;Quantity / USD million equivalent;2010;1,01864474;2,253203635;71,83890403;17,34688666;142,2742914;Annual;01/01/80
ZWE;Zimbabwe;Steel;Manufacturing;Quantity / USD million equivalent;2011;0,905972518;1,843317232;85,95292992;21,32675463;136,9289445;Annual;01/01/80
ZWE;Zimbabwe;Steel;Manufacturing;Quantity / USD million equivalent;2012;0,816721024;1,859974872;97,87242689;17,45339948;159,0607582;Annual;01/01/80
ZWE;Zimbabwe;Steel;Manufacturing;Quantity / USD million equivalent;2013;1,029943761;2,350424842;80,904277;19,07236485;168,2587897;Annual;01/01/80
ZWE;Zimbabwe;Steel;Manufacturing;Quantity / USD million equivalent;2014;1,039977232;2,455597901;71,25597692;14,72147994;154,6203133;Annual;01/01/80
ZWE;Zimbabwe;Steel;Manufacturing;Quantity / USD million equivalent;2015;0,905505986;2,056994099;85,73106258;16,56692193;152,1007299;Annual;01/01/80
ZWE;Zimbabwe;Steel;Manufacturing;Quantity / USD million equivalent;2016;0,895030859;2,084499606;89,0745852;16,708278;163,3111102;Annual;01/01/80
ZWE;Zimbabwe;Steel;Manufacturing;Quantity / USD million equivalent;2017;0,762437242;1,616684931;102,8481005;19,97640296;145,831372;Annual;01/01/80
ZWE;Zimbabwe;Steel;Manufacturing;Quantity / USD million equivalent;2018;0,792511501;1,860332721;95,82505495;17,37569694;158,477143;Annual;01/01/80
ZWE;Zimbabwe;Steel;Manufacturing;Quantity / USD million equivalent;2019;0,795709989;1,892466599;106,5043189;14,93963238;177,1551834;Annual;01/01/80
ZWE;Zimbabwe;Steel;Manufacturing;Quantity / USD million equivalent;2020;0,854623897;1,63206766;107,739729;30,51609804;150,9762312;Annual;01/01/80
ZWE;Zimbabwe;Steel;Manufacturing;Quantity / USD million equivalent;2021;0,822093705;1,745511179;103,8034406;21,7766664;156,4256816;Annual;01/01/80
ZWE;Zimbabwe;Steel;Manufacturing;Quantity / USD million equivalent;2022;0,940578857;2,043721628;95,8542129;21,55438317;171,9545766;Annual;01/01/80
ZWE;Zimbabwe;Steel;Manufacturing;Quantity / USD million equivalent;2023;0,821910914;1,718697181;113,7009675;24,89420029;169,8523321;Annual;01/01/80
ZWE;Zimbabwe;Steel;Manufacturing;Quantity / USD million equivalent;2024;0,745791903;1,445712356;124,0783032;30,28931456;154,1039332;Annual;01/01/80
ZWE;Zimbabwe;Steel;Manufacturing;Quantity / USD million equivalent;2025;0,641518479;1,375219813;140,0773799;21,86715729;170,0206086;Annual;01/01/80
ZWE;Zimbabwe;Steel;Manufacturing;Quantity / USD million equivalent;2026;0,585988336;1,166098757;119,5925307;19,95041476;122,1264188;Annual;01/01/80
ZWE;Zimbabwe;Sugar;Agriculture;Quantity / USD million equivalent;1980;0,383542292;1,107124545;100,1772701;2,931839668;100,7052213;Annual;01/01/80
ZWE;Zimbabwe;Sugar;Agriculture;Quantity / USD million equivalent;1981;0,386855667;1,021665942;103,6551473;4,539194776;95,59343392;Annual;01/01/80
ZWE;Zimbabwe;Sugar;Agriculture;Quantity / USD million equivalent;1982;0,352587139;1,292584539;100,3669067;0,620401137;118,8284445;Annual;01/01/80
ZWE;Zimbabwe;Sugar;Agriculture;Quantity / USD million equivalent;1983;0,4578389;1,301929488;98,62841613;4,112482457;113,6888245;Annual;01/01/80
ZWE;Zimbabwe;Sugar;Agriculture;Quantity / USD million equivalent;1984;0,378452127;1,053095126;110,2300387;3,786333475;104,8356154;Annual;01/01/80
ZWE;Zimbabwe;Sugar;Agriculture;Quantity / USD million equivalent;1985;0,394588849;1,235200897;106,9977053;3,713170514;117,0592899;Annual;01/01/80
ZWE;Zimbabwe;Sugar;Agriculture;Quantity / USD million equivalent;1986;0,44542695;1,376217456;96,58773048;4,347797486;121,952911;Annual;01/01/80
ZWE;Zimbabwe;Sugar;Agriculture;Quantity / USD million equivalent;1987;0,426817939;1,363153693;91,42803479;0,746818019;113,7069791;Annual;01/01/80
ZWE;Zimbabwe;Sugar;Agriculture;Quantity / USD million equivalent;1988;0,443815338;1,271816571;98,53624506;4,002217306;112,2475189;Annual;01/01/80
ZWE;Zimbabwe;Sugar;Agriculture;Quantity / USD million equivalent;1989;0,48561421;1,409290183;99,21065812;3,651756244;124,1686751;Annual;01/01/80
ZWE;Zimbabwe;Sugar;Agriculture;Quantity / USD million equivalent;1990;0,419612408;1,535166708;101,963511;1,50344351;142,7685118;Annual;01/01/80
ZWE;Zimbabwe;Sugar;Agriculture;Quantity / USD million equivalent;1991;0,400171741;1,355746406;104,262536;3,588550095;128,3367197;Annual;01/01/80
ZWE;Zimbabwe;Sugar;Agriculture;Quantity / USD million equivalent;1992;0,449950078;1,055764031;119,5914559;10,4294461;111,4774409;Annual;01/01/80
ZWE;Zimbabwe;Sugar;Agriculture;Quantity / USD million equivalent;1993;0,375330472;1,004146233;135,4982166;7,157020536;118,2199111;Annual;01/01/80
ZWE;Zimbabwe;Sugar;Agriculture;Quantity / USD million equivalent;1994;0,377873306;0,964884005;126,5237705;7,401522398;109,8942775;Annual;01/01/80
ZWE;Zimbabwe;Sugar;Agriculture;Quantity / USD million equivalent;1995;0,462402387;1,176692602;118,1103571;11,73420124;123,2577028;Annual;01/01/80
ZWE;Zimbabwe;Sugar;Agriculture;Quantity / USD million equivalent;1996;0,375846982;0,824888837;150,0041607;13,72490455;108,7360355;Annual;01/01/80
ZWE;Zimbabwe;Sugar;Agriculture;Quantity / USD million equivalent;1997;0,406718412;1,043651962;138,4063996;9,765829649;128,2539206;Annual;01/01/80
ZWE;Zimbabwe;Sugar;Agriculture;Quantity / USD million equivalent;1998;0,393963674;1,026084347;141,7510844;10,22216346;128,3997204;Annual;01/01/80
ZWE;Zimbabwe;Sugar;Agriculture;Quantity / USD million equivalent;1999;0,451650371;1,004586752;135,6646766;14,46231681;119,9304749;Annual;01/01/80
ZWE;Zimbabwe;Sugar;Agriculture;Quantity / USD million equivalent;2000;0,466856483;1,113637024;138,2515655;11,78294066;133,7731571;Annual;01/01/80
ZWE;Zimbabwe;Sugar;Agriculture;Quantity / USD million equivalent;2001;0,577433489;1,3207051;105,0913067;16,98924217;122,0786577;Annual;01/01/80
ZWE;Zimbabwe;Sugar;Agriculture;Quantity / USD million equivalent;2002;0,612218449;1,354424888;105,3283291;15,20337161;124,734921;Annual;01/01/80
ZWE;Zimbabwe;Sugar;Agriculture;Quantity / USD million equivalent;2003;0,48201262;1,385542106;122,0158064;5,294654264;153,7687192;Annual;01/01/80
ZWE;Zimbabwe;Sugar;Agriculture;Quantity / USD million equivalent;2004;0,58520513;1,393125658;105,2806527;11,42276996;130,571282;Annual;01/01/80
ZWE;Zimbabwe;Sugar;Agriculture;Quantity / USD million equivalent;2005;0,582952057;1,375968088;116,0060634;16,65028668;138,1832679;Annual;01/01/80
ZWE;Zimbabwe;Sugar;Agriculture;Quantity / USD million equivalent;2006;0,704318377;1,750955383;99,8198559;11,487551;157,8549747;Annual;01/01/80
ZWE;Zimbabwe;Sugar;Agriculture;Quantity / USD million equivalent;2007;0,846839915;1,858834434;89,92493902;18,42050666;145,4374049;Annual;01/01/80
ZWE;Zimbabwe;Sugar;Agriculture;Quantity / USD million equivalent;2008;0,900919058;1,904852637;80,05970389;19,28831606;133,843703;Annual;01/01/80
ZWE;Zimbabwe;Sugar;Agriculture;Quantity / USD million equivalent;2009;0,811296667;2,036894045;79,58381317;13,01978891;144,9638751;Annual;01/01/80
ZWE;Zimbabwe;Sugar;Agriculture;Quantity / USD million equivalent;2010;0,988978748;2,117353911;74,7711912;17,7202165;138,9121279;Annual;01/01/80
ZWE;Zimbabwe;Sugar;Agriculture;Quantity / USD million equivalent;2011;0,78924388;1,807809758;90,94487339;16,60005013;144,6685362;Annual;01/01/80
ZWE;Zimbabwe;Sugar;Agriculture;Quantity / USD million equivalent;2012;0,787662217;2,058508821;95,86323979;11,88688364;173,0856421;Annual;01/01/80
ZWE;Zimbabwe;Sugar;Agriculture;Quantity / USD million equivalent;2013;0,82095507;2,108294338;90,61790282;9,254185683;171,5844378;Annual;01/01/80
ZWE;Zimbabwe;Sugar;Agriculture;Quantity / USD million equivalent;2014;0,930315949;2,364757472;78,40611035;10,8537432;165,4462064;Annual;01/01/80
ZWE;Zimbabwe;Sugar;Agriculture;Quantity / USD million equivalent;2015;0,851991807;2,202427407;85,46837929;11,98824243;166,9692071;Annual;01/01/80
ZWE;Zimbabwe;Sugar;Agriculture;Quantity / USD million equivalent;2016;0,892557217;1,941268325;95,02376164;21,06236761;162,430386;Annual;01/01/80
ZWE;Zimbabwe;Sugar;Agriculture;Quantity / USD million equivalent;2017;0,778677566;1,697780547;99,67922457;19,70370805;148,4710054;Annual;01/01/80
ZWE;Zimbabwe;Sugar;Agriculture;Quantity / USD million equivalent;2018;0,762411633;1,915917722;98,81858885;15,90598512;168,1752966;Annual;01/01/80
ZWE;Zimbabwe;Sugar;Agriculture;Quantity / USD million equivalent;2019;0,760755112;1,874705882;106,2516753;15,37540972;178,1200812;Annual;01/01/80
ZWE;Zimbabwe;Sugar;Agriculture;Quantity / USD million equivalent;2020;0,917193345;1,870973603;99,20922767;27,69038771;157,4695129;Annual;01/01/80
ZWE;Zimbabwe;Sugar;Agriculture;Quantity / USD million equivalent;2021;0,810404224;1,933973938;99,65416345;15,26152369;170,0753631;Annual;01/01/80
ZWE;Zimbabwe;Sugar;Agriculture;Quantity / USD million equivalent;2022;0,876916538;1,965001081;96,30780067;21,26110915;168,9372443;Annual;01/01/80
ZWE;Zimbabwe;Sugar;Agriculture;Quantity / USD million equivalent;2023;0,74569655;1,846290608;111,6193411;14,83192082;179,135688;Annual;01/01/80
ZWE;Zimbabwe;Sugar;Agriculture;Quantity / USD million equivalent;2024;0,791234381;1,672613528;118,9893704;24,64168752;174,5995967;Annual;01/01/80
ZWE;Zimbabwe;Sugar;Agriculture;Quantity / USD million equivalent;2025;0,587200934;1,459562101;139,9127597;13,65846109;181,1181784;Annual;01/01/80
ZWE;Zimbabwe;Sugar;Agriculture;Quantity / USD million equivalent;2026;0,512880033;1,193605524;132,6230688;14,31649698;141,6601266;Annual;01/01/80
ZWE;Zimbabwe;Textiles;Manufacturing;Quantity / USD million equivalent;1980;0,395136451;1,05305804;98,97647494;5,037288139;93,23597515;Annual;01/01/80
ZWE;Zimbabwe;Textiles;Manufacturing;Quantity / USD million equivalent;1981;0,419471262;1,028796943;103,954619;7,349063289;95,34474823;Annual;01/01/80
ZWE;Zimbabwe;Textiles;Manufacturing;Quantity / USD million equivalent;1982;0,376193091;1,218608452;102,9209573;1,964970475;114,2498557;Annual;01/01/80
ZWE;Zimbabwe;Textiles;Manufacturing;Quantity / USD million equivalent;1983;0,48336692;1,140359838;98,23581301;9,724837425;99,17373576;Annual;01/01/80
ZWE;Zimbabwe;Textiles;Manufacturing;Quantity / USD million equivalent;1984;0,425647401;1,115774274;103,7970955;3,932501071;104,0477749;Annual;01/01/80
ZWE;Zimbabwe;Textiles;Manufacturing;Quantity / USD million equivalent;1985;0,431182952;1,226988212;102,1627154;4,848789757;113,5990718;Annual;01/01/80
ZWE;Zimbabwe;Textiles;Manufacturing;Quantity / USD million equivalent;1986;0,455644045;1,342826154;97,31437609;5,515960434;117,1005903;Annual;01/01/80
ZWE;Zimbabwe;Textiles;Manufacturing;Quantity / USD million equivalent;1987;0,452640496;1,358362903;89,69238961;2,181100231;109,3982914;Annual;01/01/80
ZWE;Zimbabwe;Textiles;Manufacturing;Quantity / USD million equivalent;1988;0,513879595;1,421000547;90,3668109;4,145723538;112,3788317;Annual;01/01/80
ZWE;Zimbabwe;Textiles;Manufacturing;Quantity / USD million equivalent;1989;0,461405566;1,347314419;100,8544454;3,137633993;121,0845451;Annual;01/01/80
ZWE;Zimbabwe;Textiles;Manufacturing;Quantity / USD million equivalent;1990;0,420057661;1,365061057;101,4334188;2,37416764;128,0981169;Annual;01/01/80
ZWE;Zimbabwe;Textiles;Manufacturing;Quantity / USD million equivalent;1991;0,424513685;1,184977296;108,9952279;4,040945655;116,8508882;Annual;01/01/80
ZWE;Zimbabwe;Textiles;Manufacturing;Quantity / USD million equivalent;1992;0,465907545;1,041655383;117,0287963;12,99539448;107,5114088;Annual;01/01/80
ZWE;Zimbabwe;Textiles;Manufacturing;Quantity / USD million equivalent;1993;0,371662043;0,945885613;135,766874;6,76003157;114,6016882;Annual;01/01/80
ZWE;Zimbabwe;Textiles;Manufacturing;Quantity / USD million equivalent;1994;0,400399927;1,000336457;124,3305573;8,161439437;110,3304331;Annual;01/01/80
ZWE;Zimbabwe;Textiles;Manufacturing;Quantity / USD million equivalent;1995;0,422502002;0,981556929;125,9769368;10,88642261;108,5029613;Annual;01/01/80
ZWE;Zimbabwe;Textiles;Manufacturing;Quantity / USD million equivalent;1996;0,384819433;0,829374378;149,7825513;14,07129685;107,8141761;Annual;01/01/80
ZWE;Zimbabwe;Textiles;Manufacturing;Quantity / USD million equivalent;1997;0,444250149;0,966746398;136,0084137;16,16629348;114,5304782;Annual;01/01/80
ZWE;Zimbabwe;Textiles;Manufacturing;Quantity / USD million equivalent;1998;0,462350927;1,009267085;138,7710479;17,34432734;121,7542542;Annual;01/01/80
ZWE;Zimbabwe;Textiles;Manufacturing;Quantity / USD million equivalent;1999;0,44678431;0,927511566;138,5537914;16,39814118;113,1026208;Annual;01/01/80
ZWE;Zimbabwe;Textiles;Manufacturing;Quantity / USD million equivalent;2000;0,475387529;1,135807734;128,5356142;10,30232298;129,9113291;Annual;01/01/80
ZWE;Zimbabwe;Textiles;Manufacturing;Quantity / USD million equivalent;2001;0,567894756;1,173414686;110,164231;17,27457106;113,047673;Annual;01/01/80
ZWE;Zimbabwe;Textiles;Manufacturing;Quantity / USD million equivalent;2002;0,589407443;1,305830127;108,041409;14,41473458;122,7181061;Annual;01/01/80
ZWE;Zimbabwe;Textiles;Manufacturing;Quantity / USD million equivalent;2003;0,537898736;1,385143968;118,1129306;9,323653962;145,3332007;Annual;01/01/80
ZWE;Zimbabwe;Textiles;Manufacturing;Quantity / USD million equivalent;2004;0,607358742;1,371578191;106,8998361;14,11146077;127,5345958;Annual;01/01/80
ZWE;Zimbabwe;Textiles;Manufacturing;Quantity / USD million equivalent;2005;0,662029813;1,369116213;108,2345794;19,63554978;129,0683061;Annual;01/01/80
ZWE;Zimbabwe;Textiles;Manufacturing;Quantity / USD million equivalent;2006;0,683884423;1,543238654;107,2169342;15,06483807;146,7514709;Annual;01/01/80
ZWE;Zimbabwe;Textiles;Manufacturing;Quantity / USD million equivalent;2007;0,827981187;1,740160235;89,4563916;19,52030394;134,2047286;Annual;01/01/80
ZWE;Zimbabwe;Textiles;Manufacturing;Quantity / USD million equivalent;2008;0,856387762;1,792766448;83,45237717;20,3792516;129,9354558;Annual;01/01/80
ZWE;Zimbabwe;Textiles;Manufacturing;Quantity / USD million equivalent;2009;0,837462003;1,907567727;81,38992392;14,76289318;139,0850959;Annual;01/01/80
ZWE;Zimbabwe;Textiles;Manufacturing;Quantity / USD million equivalent;2010;1,017782533;2,198746848;72,20592415;17,91895128;139,0188756;Annual;01/01/80
ZWE;Zimbabwe;Textiles;Manufacturing;Quantity / USD million equivalent;2011;0,844242872;2,013210082;83,88328169;15,95110218;147,8362712;Annual;01/01/80
ZWE;Zimbabwe;Textiles;Manufacturing;Quantity / USD million equivalent;2012;0,763273461;1,831340229;100,2184507;16,83404017;160,366364;Annual;01/01/80
ZWE;Zimbabwe;Textiles;Manufacturing;Quantity / USD million equivalent;2013;0,81887217;2,000858436;92,2057891;13,24148181;162,5172601;Annual;01/01/80
ZWE;Zimbabwe;Textiles;Manufacturing;Quantity / USD million equivalent;2014;0,994834127;2,474541854;74,99987417;10,76317398;163,8935694;Annual;01/01/80
ZWE;Zimbabwe;Textiles;Manufacturing;Quantity / USD million equivalent;2015;0,936630878;2,110449608;83,71749579;16,77189239;154,6935337;Annual;01/01/80
ZWE;Zimbabwe;Textiles;Manufacturing;Quantity / USD million equivalent;2016;0,822849989;1,915672092;94,81116225;16,68831259;160,4785645;Annual;01/01/80
ZWE;Zimbabwe;Textiles;Manufacturing;Quantity / USD million equivalent;2017;0,844368457;1,71328168;97,80356452;23,67739446;145,7797545;Annual;01/01/80
ZWE;Zimbabwe;Textiles;Manufacturing;Quantity / USD million equivalent;2018;0,770128072;1,983935174;96,70308087;14,00468884;171,0441174;Annual;01/01/80
ZWE;Zimbabwe;Textiles;Manufacturing;Quantity / USD million equivalent;2019;0,791781657;1,930512533;104,9574073;13,40997872;179,8558499;Annual;01/01/80
ZWE;Zimbabwe;Textiles;Manufacturing;Quantity / USD million equivalent;2020;0,887123119;1,64130281;103,9549798;32,40254137;146,9704818;Annual;01/01/80
ZWE;Zimbabwe;Textiles;Manufacturing;Quantity / USD million equivalent;2021;0,920746803;1,909050383;95,80423826;23,8836361;159,1556279;Annual;01/01/80
ZWE;Zimbabwe;Textiles;Manufacturing;Quantity / USD million equivalent;2022;0,892320148;1,984169105;99,21826836;22,28104944;172,4578278;Annual;01/01/80
ZWE;Zimbabwe;Textiles;Manufacturing;Quantity / USD million equivalent;2023;0,796959697;1,619905949;115,8221201;27,30497885;159,0130153;Annual;01/01/80
ZWE;Zimbabwe;Textiles;Manufacturing;Quantity / USD million equivalent;2024;0,847821825;1,663538572;119,4394521;31,04593759;170,0578806;Annual;01/01/80
ZWE;Zimbabwe;Textiles;Manufacturing;Quantity / USD million equivalent;2025;0,680230188;1,44950855;136,1372802;22,99425228;172,0553425;Annual;01/01/80
ZWE;Zimbabwe;Textiles;Manufacturing;Quantity / USD million equivalent;2026;0,555125586;1,274943087;121,7878742;14,91637409;135,6350156;Annual;01/01/80
ZWE;Zimbabwe;Tobacco;Agriculture;Quantity / USD million equivalent;1980;242,8683815;420,8332588;1,479075885;138,5198324;526,268206;Annual;01/01/80
ZWE;Zimbabwe;Tobacco;Agriculture;Quantity / USD million equivalent;1981;274,0955216;371,7670455;1,644531697;233,2621625;495,3132697;Annual;01/01/80
ZWE;Zimbabwe;Tobacco;Agriculture;Quantity / USD million equivalent;1982;218,1417239;410,2203314;1,751529016;129,8375254;613,7589059;Annual;01/01/80
ZWE;Zimbabwe;Tobacco;Agriculture;Quantity / USD million equivalent;1983;243,2797798;398,2198051;1,727546245;175,2327846;575,389096;Annual;01/01/80
ZWE;Zimbabwe;Tobacco;Agriculture;Quantity / USD million equivalent;1984;216,499716;342,9414256;1,8977981;180,1405516;545,4986228;Annual;01/01/80
ZWE;Zimbabwe;Tobacco;Agriculture;Quantity / USD million equivalent;1985;225,0673767;373,8729428;1,907827834;178,8301844;594,0964527;Annual;01/01/80
ZWE;Zimbabwe;Tobacco;Agriculture;Quantity / USD million equivalent;1986;198,2843889;353,4939329;2,169969816;153,2406911;656,102553;Annual;01/01/80
ZWE;Zimbabwe;Tobacco;Agriculture;Quantity / USD million equivalent;1987;162,5105232;280,2082398;2,541743328;155,2540735;596,5466421;Annual;01/01/80
ZWE;Zimbabwe;Tobacco;Agriculture;Quantity / USD million equivalent;1988;203,9229596;290,4237734;2,213228461;220,100848;530,698915;Annual;01/01/80
ZWE;Zimbabwe;Tobacco;Agriculture;Quantity / USD million equivalent;1989;193,1477379;319,5825933;2,299595777;183,3934361;613,3233839;Annual;01/01/80
ZWE;Zimbabwe;Tobacco;Agriculture;Quantity / USD million equivalent;1990;193,1531603;388,0769712;2,260285092;135,2241988;755,4642568;Annual;01/01/80
ZWE;Zimbabwe;Tobacco;Agriculture;Quantity / USD million equivalent;1991;190,4940382;334,7929589;2,300336135;156,8774416;653,1745086;Annual;01/01/80
ZWE;Zimbabwe;Tobacco;Agriculture;Quantity / USD million equivalent;1992;223,2055297;296,5101418;2,316776349;267,8170969;558,5360345;Annual;01/01/80
ZWE;Zimbabwe;Tobacco;Agriculture;Quantity / USD million equivalent;1993;177,1979781;299,2925513;2,713005618;192,485563;676,8217807;Annual;01/01/80
ZWE;Zimbabwe;Tobacco;Agriculture;Quantity / USD million equivalent;1994;180,190294;267,9639366;2,683391205;224,4499867;599,2408761;Annual;01/01/80
ZWE;Zimbabwe;Tobacco;Agriculture;Quantity / USD million equivalent;1995;192,9515852;283,1495948;2,682932177;244,5348728;622,0462778;Annual;01/01/80
ZWE;Zimbabwe;Tobacco;Agriculture;Quantity / USD million equivalent;1996;180,2116707;214,005285;3,108123204;325,3474194;518,4590665;Annual;01/01/80
ZWE;Zimbabwe;Tobacco;Agriculture;Quantity / USD million equivalent;1997;150,0953361;203,4970627;3,743602302;300,391451;599,9635726;Annual;01/01/80
ZWE;Zimbabwe;Tobacco;Agriculture;Quantity / USD million equivalent;1998;151,8218441;197,7306328;4,050133431;337,4170666;640,3618461;Annual;01/01/80
ZWE;Zimbabwe;Tobacco;Agriculture;Quantity / USD million equivalent;1999;150,7803451;180,1928657;4,048170928;352,9924631;558,2279661;Annual;01/01/80
ZWE;Zimbabwe;Tobacco;Agriculture;Quantity / USD million equivalent;2000;146,8884194;209,0045344;4,085929516;301,1613634;691,7053443;Annual;01/01/80
ZWE;Zimbabwe;Tobacco;Agriculture;Quantity / USD million equivalent;2001;150,5201924;185,6277775;3,947153083;339,9735121;560,6214778;Annual;01/01/80
ZWE;Zimbabwe;Tobacco;Agriculture;Quantity / USD million equivalent;2002;141,6309994;184,42044;4,404543978;334,1991294;652,1372121;Annual;01/01/80
ZWE;Zimbabwe;Tobacco;Agriculture;Quantity / USD million equivalent;2003;146,0653691;226,1054429;4,373073015;283,8049098;819,4983551;Annual;01/01/80
ZWE;Zimbabwe;Tobacco;Agriculture;Quantity / USD million equivalent;2004;124,6572655;162,5338503;4,940312012;332,6567122;641,1883433;Annual;01/01/80
ZWE;Zimbabwe;Tobacco;Agriculture;Quantity / USD million equivalent;2005;111,8421997;138,751968;6,216562134;383,483597;672,8504872;Annual;01/01/80
ZWE;Zimbabwe;Tobacco;Agriculture;Quantity / USD million equivalent;2006;104,3030207;156,0314285;6,418424637;325,9207613;820,9371304;Annual;01/01/80
ZWE;Zimbabwe;Tobacco;Agriculture;Quantity / USD million equivalent;2007;117,8675331;140,6212526;6,021471262;408,6493463;650,2661059;Annual;01/01/80
ZWE;Zimbabwe;Tobacco;Agriculture;Quantity / USD million equivalent;2008;124,9516553;151,453315;5,549500265;401,6165079;660,6410057;Annual;01/01/80
ZWE;Zimbabwe;Tobacco;Agriculture;Quantity / USD million equivalent;2009;113,0117106;164,1150555;5,606487065;310,9962751;744,9791008;Annual;01/01/80
ZWE;Zimbabwe;Tobacco;Agriculture;Quantity / USD million equivalent;2010;114,0153155;135,5153291;6,500010007;427,3304973;685,5276549;Annual;01/01/80
ZWE;Zimbabwe;Tobacco;Agriculture;Quantity / USD million equivalent;2011;100,460573;125,801252;7,311323549;397,9605865;716,6149386;Annual;01/01/80
ZWE;Zimbabwe;Tobacco;Agriculture;Quantity / USD million equivalent;2012;106,6777833;145,1199425;7,353811983;400,6313367;852,2604265;Annual;01/01/80
ZWE;Zimbabwe;Tobacco;Agriculture;Quantity / USD million equivalent;2013;104,2596651;160,8618932;7,015528319;339,0226053;929,6247405;Annual;01/01/80
ZWE;Zimbabwe;Tobacco;Agriculture;Quantity / USD million equivalent;2014;102,6202301;145,203123;7,187956312;373,3406027;828,1133735;Annual;01/01/80
ZWE;Zimbabwe;Tobacco;Agriculture;Quantity / USD million equivalent;2015;110,0527009;153,8010262;6,718337296;369,4586087;852,4267482;Annual;01/01/80
ZWE;Zimbabwe;Tobacco;Agriculture;Quantity / USD million equivalent;2016;128,3239245;164,5166395;6,198277047;438,0157828;817,1084385;Annual;01/01/80
ZWE;Zimbabwe;Tobacco;Agriculture;Quantity / USD million equivalent;2017;137,4779273;168,9407603;5,862539308;458,8618182;778,6781788;Annual;01/01/80
ZWE;Zimbabwe;Tobacco;Agriculture;Quantity / USD million equivalent;2018;122,99565;185,4666116;5,573429295;321,7568665;847,0119327;Annual;01/01/80
ZWE;Zimbabwe;Tobacco;Agriculture;Quantity / USD million equivalent;2019;151,6608962;229,9092495;5,313743536;363,3243207;995,0869915;Annual;01/01/80
ZWE;Zimbabwe;Tobacco;Agriculture;Quantity / USD million equivalent;2020;182,0752002;221,9605168;5,094697173;505,9537158;881,4513027;Annual;01/01/80
ZWE;Zimbabwe;Tobacco;Agriculture;Quantity / USD million equivalent;2021;154,4513564;182,6297185;5,446673421;482,724817;772,6814134;Annual;01/01/80
ZWE;Zimbabwe;Tobacco;Agriculture;Quantity / USD million equivalent;2022;160,353024;192,6908596;5,652940415;509,8624372;842,2833466;Annual;01/01/80
ZWE;Zimbabwe;Tobacco;Agriculture;Quantity / USD million equivalent;2023;152,8963363;192,3028201;5,787649714;483,0552006;888,7930668;Annual;01/01/80
ZWE;Zimbabwe;Tobacco;Agriculture;Quantity / USD million equivalent;2024;159,3221312;203,6218398;5,583327201;479,5607642;911,7479559;Annual;01/01/80
ZWE;Zimbabwe;Tobacco;Agriculture;Quantity / USD million equivalent;2025;163,0673007;204,2417456;5,464302219;492,9477177;893,7788107;Annual;01/01/80
ZWE;Zimbabwe;Tobacco;Agriculture;Quantity / USD million equivalent;2026;118,5304501;161,3803023;5,759072543;347,0579276;744,1039734;Annual;01/01/80
ZWE;Zimbabwe;Vehicles;Manufacturing;Quantity / USD million equivalent;1980;0,428684737;1,111956063;97,05928222;5,460658075;96,01084283;Annual;01/01/80
ZWE;Zimbabwe;Vehicles;Manufacturing;Quantity / USD million equivalent;1981;0,412945628;1,036867363;103,5474247;5,715826029;96,31042315;Annual;01/01/80
ZWE;Zimbabwe;Vehicles;Manufacturing;Quantity / USD million equivalent;1982;0,378000983;1,16424744;102,7057469;1,95526534;109,787466;Annual;01/01/80
ZWE;Zimbabwe;Vehicles;Manufacturing;Quantity / USD million equivalent;1983;0,463844132;1,184837771;99,79551241;6,172622021;102,7121664;Annual;01/01/80
ZWE;Zimbabwe;Vehicles;Manufacturing;Quantity / USD million equivalent;1984;0,409684044;1,07258394;106,1424907;5,511142208;102,5145425;Annual;01/01/80
ZWE;Zimbabwe;Vehicles;Manufacturing;Quantity / USD million equivalent;1985;0,454679749;1,121323207;102,4428775;8,105096013;100,4496608;Annual;01/01/80
ZWE;Zimbabwe;Vehicles;Manufacturing;Quantity / USD million equivalent;1986;0,4334466;1,282727232;100,5627446;4,617086269;116,3727936;Annual;01/01/80
ZWE;Zimbabwe;Vehicles;Manufacturing;Quantity / USD million equivalent;1987;0,445624719;1,392641253;89,49499849;0,849975522;112,2555276;Annual;01/01/80
ZWE;Zimbabwe;Vehicles;Manufacturing;Quantity / USD million equivalent;1988;0,479445218;1,369861957;92,67104663;3,835478445;111,8407718;Annual;01/01/80
ZWE;Zimbabwe;Vehicles;Manufacturing;Quantity / USD million equivalent;1989;0,488626932;1,370908961;95,1895047;3,670904873;117,947863;Annual;01/01/80
ZWE;Zimbabwe;Vehicles;Manufacturing;Quantity / USD million equivalent;1990;0,454951198;1,512610149;95,85517876;2,404487276;131,0652352;Annual;01/01/80
ZWE;Zimbabwe;Vehicles;Manufacturing;Quantity / USD million equivalent;1991;0,377729397;1,130679899;115,8503073;2,974911716;117,0183357;Annual;01/01/80
ZWE;Zimbabwe;Vehicles;Manufacturing;Quantity / USD million equivalent;1992;0,418987296;0,975156066;122,2342029;9,595768184;106,0239433;Annual;01/01/80
ZWE;Zimbabwe;Vehicles;Manufacturing;Quantity / USD million equivalent;1993;0,371729647;0,946529233;135,6471574;8,849836752;115,158332;Annual;01/01/80
ZWE;Zimbabwe;Vehicles;Manufacturing;Quantity / USD million equivalent;1994;0,384103775;0,9662415;128,7874457;7,104379856;110,6463556;Annual;01/01/80
ZWE;Zimbabwe;Vehicles;Manufacturing;Quantity / USD million equivalent;1995;0,472223337;1,185409023;114,9984807;8,717665953;119,8821045;Annual;01/01/80
ZWE;Zimbabwe;Vehicles;Manufacturing;Quantity / USD million equivalent;1996;0,436969689;0,884588347;139,0848501;17,24130295;106,6265361;Annual;01/01/80
ZWE;Zimbabwe;Vehicles;Manufacturing;Quantity / USD million equivalent;1997;0,450411502;0,950945998;135,2560788;16,29762472;112,4501413;Annual;01/01/80
ZWE;Zimbabwe;Vehicles;Manufacturing;Quantity / USD million equivalent;1998;0,472115282;0,965687074;137,6713613;19,40302599;114,7638558;Annual;01/01/80
ZWE;Zimbabwe;Vehicles;Manufacturing;Quantity / USD million equivalent;1999;0,451343272;0,968883643;137,8448426;15,17506437;116,636531;Annual;01/01/80
ZWE;Zimbabwe;Vehicles;Manufacturing;Quantity / USD million equivalent;2000;0,47976822;1,112452967;127,859111;12,06281676;123,165307;Annual;01/01/80
ZWE;Zimbabwe;Vehicles;Manufacturing;Quantity / USD million equivalent;2001;0,577567977;1,199832054;106,4483013;16,67884853;110,8072914;Annual;01/01/80
ZWE;Zimbabwe;Vehicles;Manufacturing;Quantity / USD million equivalent;2002;0,584286642;1,252024238;110,2145994;16,55433066;120,3541523;Annual;01/01/80
ZWE;Zimbabwe;Vehicles;Manufacturing;Quantity / USD million equivalent;2003;0,50250556;1,324403815;126,2181446;8,161220997;147,585742;Annual;01/01/80
ZWE;Zimbabwe;Vehicles;Manufacturing;Quantity / USD million equivalent;2004;0,59671;1,476131949;106,1187633;11,27422018;136,1536357;Annual;01/01/80
ZWE;Zimbabwe;Vehicles;Manufacturing;Quantity / USD million equivalent;2005;0,606016658;1,308375448;115,1690331;18,01525818;130,89543;Annual;01/01/80
ZWE;Zimbabwe;Vehicles;Manufacturing;Quantity / USD million equivalent;2006;0,730061306;1,694260764;103,4113127;16,76380174;153,243046;Annual;01/01/80
ZWE;Zimbabwe;Vehicles;Manufacturing;Quantity / USD million equivalent;2007;0,873983962;1,734513431;84,91970585;21,908696;126,8136112;Annual;01/01/80
ZWE;Zimbabwe;Vehicles;Manufacturing;Quantity / USD million equivalent;2008;0,8113682;1,726744923;85,32340654;18,10982713;128,4032234;Annual;01/01/80
ZWE;Zimbabwe;Vehicles;Manufacturing;Quantity / USD million equivalent;2009;0,90990258;1,953855159;82,33080491;18,41901837;140,7203217;Annual;01/01/80
ZWE;Zimbabwe;Vehicles;Manufacturing;Quantity / USD million equivalent;2010;0,955950654;2,243062831;75,00630151;13,10296978;147,2144454;Annual;01/01/80
ZWE;Zimbabwe;Vehicles;Manufacturing;Quantity / USD million equivalent;2011;0,932488428;1,850628384;81,00862151;23,20991049;129,4266316;Annual;01/01/80
ZWE;Zimbabwe;Vehicles;Manufacturing;Quantity / USD million equivalent;2012;0,799485657;1,796889555;100,054193;18,60712892;156,0002499;Annual;01/01/80
ZWE;Zimbabwe;Vehicles;Manufacturing;Quantity / USD million equivalent;2013;0,941256729;2,199711916;86,82032374;15,05390403;167,1941125;Annual;01/01/80
ZWE;Zimbabwe;Vehicles;Manufacturing;Quantity / USD million equivalent;2014;1,049353038;2,537322451;72,146971;13,4466168;161,8676855;Annual;01/01/80
ZWE;Zimbabwe;Vehicles;Manufacturing;Quantity / USD million equivalent;2015;0,960603589;2,205760424;86,27762363;17,27204486;166,8039557;Annual;01/01/80
ZWE;Zimbabwe;Vehicles;Manufacturing;Quantity / USD million equivalent;2016;0,849457173;1,880110746;98,09737569;19,65935085;161,3168633;Annual;01/01/80
ZWE;Zimbabwe;Vehicles;Manufacturing;Quantity / USD million equivalent;2017;0,784370054;1,639024134;97,23107621;20,39189902;139,8100913;Annual;01/01/80
ZWE;Zimbabwe;Vehicles;Manufacturing;Quantity / USD million equivalent;2018;0,756644018;1,871211006;98,88761137;13,58501831;164,0893448;Annual;01/01/80
ZWE;Zimbabwe;Vehicles;Manufacturing;Quantity / USD million equivalent;2019;0,692633631;1,620437225;115,6742058;16,88719891;166,1498852;Annual;01/01/80
ZWE;Zimbabwe;Vehicles;Manufacturing;Quantity / USD million equivalent;2020;0,914657093;1,731137776;103,3413539;31,35106743;152,0981258;Annual;01/01/80
ZWE;Zimbabwe;Vehicles;Manufacturing;Quantity / USD million equivalent;2021;0,888050501;1,92504946;96,89240419;20,59630716;163,8479842;Annual;01/01/80
ZWE;Zimbabwe;Vehicles;Manufacturing;Quantity / USD million equivalent;2022;0,955668397;2,108131045;93,5047815;21,79825876;173,5872852;Annual;01/01/80
ZWE;Zimbabwe;Vehicles;Manufacturing;Quantity / USD million equivalent;2023;0,773266877;1,618561302;113,5924688;25,93307879;160,4315978;Annual;01/01/80
ZWE;Zimbabwe;Vehicles;Manufacturing;Quantity / USD million equivalent;2024;0,740475064;1,562422363;128,6778957;25,72313178;175,7649198;Annual;01/01/80
ZWE;Zimbabwe;Vehicles;Manufacturing;Quantity / USD million equivalent;2025;0,693241289;1,505697354;132,2972882;22,97691537;175,1259841;Annual;01/01/80
ZWE;Zimbabwe;Vehicles;Manufacturing;Quantity / USD million equivalent;2026;0,576493526;1,270949159;116,3980743;14,75747014;131,6167377;Annual;01/01/80
ZWE;Zimbabwe;Wheat;Agriculture;Quantity / USD million equivalent;1980;0,377261377;1,124152169;102,6373366;2,880370102;103,8806187;Annual;01/01/80
ZWE;Zimbabwe;Wheat;Agriculture;Quantity / USD million equivalent;1981;0,421001804;1,053514577;99,72146892;6,58766339;95,15929616;Annual;01/01/80
ZWE;Zimbabwe;Wheat;Agriculture;Quantity / USD million equivalent;1982;0,376768755;1,383945529;96,07277761;0;122,5120648;Annual;01/01/80
ZWE;Zimbabwe;Wheat;Agriculture;Quantity / USD million equivalent;1983;0,446549585;1,233479471;97,32404188;5,061215578;108,7653534;Annual;01/01/80
ZWE;Zimbabwe;Wheat;Agriculture;Quantity / USD million equivalent;1984;0,419589583;1,159746665;105,7526848;3,780897232;109,344373;Annual;01/01/80
ZWE;Zimbabwe;Wheat;Agriculture;Quantity / USD million equivalent;1985;0,408283569;1,264255526;103,6152853;5,792534946;118,5226271;Annual;01/01/80
ZWE;Zimbabwe;Wheat;Agriculture;Quantity / USD million equivalent;1986;0,444469365;1,403464931;97,1844206;4,274557955;123,2659978;Annual;01/01/80
ZWE;Zimbabwe;Wheat;Agriculture;Quantity / USD million equivalent;1987;0,452611066;1,371660598;89,92478613;2,252673148;111,2789052;Annual;01/01/80
ZWE;Zimbabwe;Wheat;Agriculture;Quantity / USD million equivalent;1988;0,493013586;1,514469256;85,47479416;3,004241202;118,4511859;Annual;01/01/80
ZWE;Zimbabwe;Wheat;Agriculture;Quantity / USD million equivalent;1989;0,437829421;1,274832004;100,2485109;2,54424392;115,7722076;Annual;01/01/80
ZWE;Zimbabwe;Wheat;Agriculture;Quantity / USD million equivalent;1990;0,455457055;1,733072647;94,28512432;0,158612609;151,87642;Annual;01/01/80
ZWE;Zimbabwe;Wheat;Agriculture;Quantity / USD million equivalent;1991;0,392315466;1,280443854;111,0688416;2,800685595;130,0764894;Annual;01/01/80
ZWE;Zimbabwe;Wheat;Agriculture;Quantity / USD million equivalent;1992;0,397459346;0,9928723;127,0711548;7,769721522;110,0430752;Annual;01/01/80
ZWE;Zimbabwe;Wheat;Agriculture;Quantity / USD million equivalent;1993;0,368854623;0,992933039;133,6883233;7,587258698;119,0952366;Annual;01/01/80
ZWE;Zimbabwe;Wheat;Agriculture;Quantity / USD million equivalent;1994;0,366686173;0,961361242;129,8192136;4,956201402;109,5679991;Annual;01/01/80
ZWE;Zimbabwe;Wheat;Agriculture;Quantity / USD million equivalent;1995;0,438975583;1,205060316;117,5801988;7,499487377;125,5510956;Annual;01/01/80
ZWE;Zimbabwe;Wheat;Agriculture;Quantity / USD million equivalent;1996;0,41005444;0,903855484;142,4566349;14,56373086;112,8155473;Annual;01/01/80
ZWE;Zimbabwe;Wheat;Agriculture;Quantity / USD million equivalent;1997;0,429921263;1,044101863;136,7250368;13,65816795;127,4850297;Annual;01/01/80
ZWE;Zimbabwe;Wheat;Agriculture;Quantity / USD million equivalent;1998;0,461305921;1,091442113;131,2138506;14,3714581;123,8311104;Annual;01/01/80
ZWE;Zimbabwe;Wheat;Agriculture;Quantity / USD million equivalent;1999;0,438611464;0,973224267;136,3650042;14,6127939;116,0304939;Annual;01/01/80
ZWE;Zimbabwe;Wheat;Agriculture;Quantity / USD million equivalent;2000;0,483329293;1,137119722;128,64399;12,19867778;130,2315186;Annual;01/01/80
ZWE;Zimbabwe;Wheat;Agriculture;Quantity / USD million equivalent;2001;0,528127166;1,199919453;112,6627833;15,30561442;118,0888909;Annual;01/01/80
ZWE;Zimbabwe;Wheat;Agriculture;Quantity / USD million equivalent;2002;0,520637401;1,283441542;112,9425723;9,871197997;129,1417024;Annual;01/01/80
ZWE;Zimbabwe;Wheat;Agriculture;Quantity / USD million equivalent;2003;0,465386304;1,333283223;126,8120525;5,091345046;152,3303017;Annual;01/01/80
ZWE;Zimbabwe;Wheat;Agriculture;Quantity / USD million equivalent;2004;0,553609467;1,412432369;110,266;8,389190179;139,960874;Annual;01/01/80
ZWE;Zimbabwe;Wheat;Agriculture;Quantity / USD million equivalent;2005;0,609160492;1,391755212;115,3900547;15,15344154;141,1003131;Annual;01/01/80
ZWE;Zimbabwe;Wheat;Agriculture;Quantity / USD million equivalent;2006;0,597349205;1,581764802;112,0137202;11,74988075;158,1083647;Annual;01/01/80
ZWE;Zimbabwe;Wheat;Agriculture;Quantity / USD million equivalent;2007;0,733118748;1,780041969;88,31891498;12,58867914;139,1383634;Annual;01/01/80
ZWE;Zimbabwe;Wheat;Agriculture;Quantity / USD million equivalent;2008;0,774326011;1,718256411;89,85365116;19,02079021;134,9888205;Annual;01/01/80
ZWE;Zimbabwe;Wheat;Agriculture;Quantity / USD million equivalent;2009;0,772498973;2,093873908;84,78728885;10,74770421;158,6831179;Annual;01/01/80
ZWE;Zimbabwe;Wheat;Agriculture;Quantity / USD million equivalent;2010;0,919393644;2,10558087;79,10827156;15,95573422;144,8232338;Annual;01/01/80
ZWE;Zimbabwe;Wheat;Agriculture;Quantity / USD million equivalent;2011;0,852105464;1,906790337;85,25949545;19,36316955;140,5260543;Annual;01/01/80
ZWE;Zimbabwe;Wheat;Agriculture;Quantity / USD million equivalent;2012;0,758093154;1,948900791;94,39800973;11,41594778;162,4464867;Annual;01/01/80
ZWE;Zimbabwe;Wheat;Agriculture;Quantity / USD million equivalent;2013;0,86566057;2,252351006;87,1886958;9,750735329;172,9894562;Annual;01/01/80
ZWE;Zimbabwe;Wheat;Agriculture;Quantity / USD million equivalent;2014;1,057596425;2,761665998;71,50901425;8,500447344;173,3276923;Annual;01/01/80
ZWE;Zimbabwe;Wheat;Agriculture;Quantity / USD million equivalent;2015;0,885181768;2,079184225;87,2134066;13,84261782;156,1238;Annual;01/01/80
ZWE;Zimbabwe;Wheat;Agriculture;Quantity / USD million equivalent;2016;0,840149899;1,970206302;94,3031519;15,97762797;166,8510392;Annual;01/01/80
ZWE;Zimbabwe;Wheat;Agriculture;Quantity / USD million equivalent;2017;0,808451818;1,895435922;96,5460395;14,76814658;159,5477682;Annual;01/01/80
ZWE;Zimbabwe;Wheat;Agriculture;Quantity / USD million equivalent;2018;0,726339583;1,876878023;100,5888704;15,81251154;168,1133125;Annual;01/01/80
ZWE;Zimbabwe;Wheat;Agriculture;Quantity / USD million equivalent;2019;0,743578772;2,039922025;105,6466108;10,52903092;191,2568801;Annual;01/01/80
ZWE;Zimbabwe;Wheat;Agriculture;Quantity / USD million equivalent;2020;0,840030409;1,760095919;106,0736476;26,84231646;162,218145;Annual;01/01/80
ZWE;Zimbabwe;Wheat;Agriculture;Quantity / USD million equivalent;2021;0,846750769;1,916640337;97,73880826;18,1501699;165,5129246;Annual;01/01/80
ZWE;Zimbabwe;Wheat;Agriculture;Quantity / USD million equivalent;2022;0,911895298;2,142263805;93,19270582;20,25622491;177,3321851;Annual;01/01/80
ZWE;Zimbabwe;Wheat;Agriculture;Quantity / USD million equivalent;2023;0,765395757;1,770001236;114,007103;19,45358374;175,8152983;Annual;01/01/80
ZWE;Zimbabwe;Wheat;Agriculture;Quantity / USD million equivalent;2024;0,763030151;1,637787405;121,5467296;22,73921025;172,4323725;Annual;01/01/80
ZWE;Zimbabwe;Wheat;Agriculture;Quantity / USD million equivalent;2025;0,712624932;1,648027688;129,4120223;17,20271035;184,4593609;Annual;01/01/80
ZWE;Zimbabwe;Wheat;Agriculture;Quantity / USD million equivalent;2026;0,498456234;1,259733148;130,2101121;11,80124874;147,2413743;Annual;01/01/80
ZWE;Zimbabwe;Wood Products;Manufacturing;Quantity / USD million equivalent;1980;0,390779526;1,086850303;100,3945624;3,248789986;97,75784986;Annual;01/01/80
ZWE;Zimbabwe;Wood Products;Manufacturing;Quantity / USD million equivalent;1981;0,425814357;1,001949615;102,1092311;8,267946258;91,02652873;Annual;01/01/80
ZWE;Zimbabwe;Wood Products;Manufacturing;Quantity / USD million equivalent;1982;0,390206566;1,23216221;98,50823401;1,45280736;111,2458572;Annual;01/01/80
ZWE;Zimbabwe;Wood Products;Manufacturing;Quantity / USD million equivalent;1983;0,461304556;1,245572753;96,55230805;4,527239877;106,6207397;Annual;01/01/80
ZWE;Zimbabwe;Wood Products;Manufacturing;Quantity / USD million equivalent;1984;0,435146393;1,044032564;103,0791441;7,104941151;95,1702619;Annual;01/01/80
ZWE;Zimbabwe;Wood Products;Manufacturing;Quantity / USD million equivalent;1985;0,425561733;1,151608988;103,0768421;5,92285257;106,4421459;Annual;01/01/80
ZWE;Zimbabwe;Wood Products;Manufacturing;Quantity / USD million equivalent;1986;0,4250423;1,321972729;99,34942693;4,232014892;118,9196999;Annual;01/01/80
ZWE;Zimbabwe;Wood Products;Manufacturing;Quantity / USD million equivalent;1987;0,503713352;1,447034798;84,96891647;2,950758184;110,7978564;Annual;01/01/80
ZWE;Zimbabwe;Wood Products;Manufacturing;Quantity / USD million equivalent;1988;0,496812104;1,389466173;92,0217218;4,432538015;113,6519261;Annual;01/01/80
ZWE;Zimbabwe;Wood Products;Manufacturing;Quantity / USD million equivalent;1989;0,493258329;1,369349195;98,17515385;4,399030749;119,5922701;Annual;01/01/80
ZWE;Zimbabwe;Wood Products;Manufacturing;Quantity / USD million equivalent;1990;0,466950849;1,451258041;95,92361699;2,001666641;124,5470429;Annual;01/01/80
ZWE;Zimbabwe;Wood Products;Manufacturing;Quantity / USD million equivalent;1991;0,405506144;1,16436608;114,1601258;4,463681296;118,6763271;Annual;01/01/80
ZWE;Zimbabwe;Wood Products;Manufacturing;Quantity / USD million equivalent;1992;0,468894538;1,068063177;115,0904055;12,74994742;107,9879391;Annual;01/01/80
ZWE;Zimbabwe;Wood Products;Manufacturing;Quantity / USD million equivalent;1993;0,425977193;0,997675883;128,9523613;11,1283957;113,1818998;Annual;01/01/80
ZWE;Zimbabwe;Wood Products;Manufacturing;Quantity / USD million equivalent;1994;0,365130408;0,90258685;132,1219088;7,70272454;105,8924281;Annual;01/01/80
ZWE;Zimbabwe;Wood Products;Manufacturing;Quantity / USD million equivalent;1995;0,480460929;1,161558827;116,808829;10,81778508;116,3177915;Annual;01/01/80
ZWE;Zimbabwe;Wood Products;Manufacturing;Quantity / USD million equivalent;1996;0,435002972;0,8990539;137,2045044;16,61146584;106,2224568;Annual;01/01/80
ZWE;Zimbabwe;Wood Products;Manufacturing;Quantity / USD million equivalent;1997;0,440655078;1,00376999;136,0338146;13,82430702;119,5039573;Annual;01/01/80
ZWE;Zimbabwe;Wood Products;Manufacturing;Quantity / USD million equivalent;1998;0,462207013;1,043408356;130,6772833;14,93132015;117,7808612;Annual;01/01/80
ZWE;Zimbabwe;Wood Products;Manufacturing;Quantity / USD million equivalent;1999;0,421255327;0,966222521;136,4734452;12,82503406;117,920399;Annual;01/01/80
ZWE;Zimbabwe;Wood Products;Manufacturing;Quantity / USD million equivalent;2000;0,485907471;1,111574941;130,9551074;12,56260863;127,7340187;Annual;01/01/80
ZWE;Zimbabwe;Wood Products;Manufacturing;Quantity / USD million equivalent;2001;0,578779445;1,19552353;109,2235963;19,28037561;113,9574297;Annual;01/01/80
ZWE;Zimbabwe;Wood Products;Manufacturing;Quantity / USD million equivalent;2002;0,572118166;1,285160572;113,6337701;13,16916088;127,2331837;Annual;01/01/80
ZWE;Zimbabwe;Wood Products;Manufacturing;Quantity / USD million equivalent;2003;0,508726544;1,377915339;122,7979605;9,059809626;150,3761926;Annual;01/01/80
ZWE;Zimbabwe;Wood Products;Manufacturing;Quantity / USD million equivalent;2004;0,643978005;1,384011614;104,6997318;15,55400545;124,0914563;Annual;01/01/80
ZWE;Zimbabwe;Wood Products;Manufacturing;Quantity / USD million equivalent;2005;0,641262837;1,377245795;110,7408945;18,12556411;131,2526315;Annual;01/01/80
ZWE;Zimbabwe;Wood Products;Manufacturing;Quantity / USD million equivalent;2006;0,703916924;1,505865781;112,089476;20,89252024;146,2632088;Annual;01/01/80
ZWE;Zimbabwe;Wood Products;Manufacturing;Quantity / USD million equivalent;2007;0,856379977;1,752702718;87,55758203;21,44536848;130,9318554;Annual;01/01/80
ZWE;Zimbabwe;Wood Products;Manufacturing;Quantity / USD million equivalent;2008;0,843947575;1,769952307;84,24267326;20,44247842;128,2350774;Annual;01/01/80
ZWE;Zimbabwe;Wood Products;Manufacturing;Quantity / USD million equivalent;2009;0,854113139;1,971568549;82,83193326;14,0429572;142,7746986;Annual;01/01/80
ZWE;Zimbabwe;Wood Products;Manufacturing;Quantity / USD million equivalent;2010;0,972531966;2,100958246;74,64862498;17,78400171;137,6368689;Annual;01/01/80
ZWE;Zimbabwe;Wood Products;Manufacturing;Quantity / USD million equivalent;2011;0,943486874;1,878612003;80,36409001;23,80572135;129,5706924;Annual;01/01/80
ZWE;Zimbabwe;Wood Products;Manufacturing;Quantity / USD million equivalent;2012;0,774387534;1,87120199;99,25911345;13,11634761;163,1752348;Annual;01/01/80
ZWE;Zimbabwe;Wood Products;Manufacturing;Quantity / USD million equivalent;2013;0,8870448;2,096284411;84,68679019;13,69160799;157,4243586;Annual;01/01/80
ZWE;Zimbabwe;Wood Products;Manufacturing;Quantity / USD million equivalent;2014;1,064793074;2,677110006;73,56706457;11,0192831;172,1611906;Annual;01/01/80
ZWE;Zimbabwe;Wood Products;Manufacturing;Quantity / USD million equivalent;2015;0,97371211;2,064654603;86,95303266;21,7570279;154,2650624;Annual;01/01/80
ZWE;Zimbabwe;Wood Products;Manufacturing;Quantity / USD million equivalent;2016;0,890619074;1,909680114;93,51316042;20,55153219;153,9224691;Annual;01/01/80
ZWE;Zimbabwe;Wood Products;Manufacturing;Quantity / USD million equivalent;2017;0,83218926;1,77205255;95,66888273;20,53029631;146,7671832;Annual;01/01/80
ZWE;Zimbabwe;Wood Products;Manufacturing;Quantity / USD million equivalent;2018;0,776220792;1,854647078;96,35989492;14,22159011;159,7183511;Annual;01/01/80
ZWE;Zimbabwe;Wood Products;Manufacturing;Quantity / USD million equivalent;2019;0,715209208;1,831409231;105,5440699;9,78866697;172,1913024;Annual;01/01/80
ZWE;Zimbabwe;Wood Products;Manufacturing;Quantity / USD million equivalent;2020;0,911747362;1,659481107;105,9304224;34,27806543;148,6391628;Annual;01/01/80
ZWE;Zimbabwe;Wood Products;Manufacturing;Quantity / USD million equivalent;2021;0,839989222;1,81204396;102,1861185;20,30516608;160,2632571;Annual;01/01/80
ZWE;Zimbabwe;Wood Products;Manufacturing;Quantity / USD million equivalent;2022;0,86429037;2,053213992;96,78365231;17,9898828;174,7265804;Annual;01/01/80
ZWE;Zimbabwe;Wood Products;Manufacturing;Quantity / USD million equivalent;2023;0,760955328;1,619497313;121,4007055;23,5773027;170,2855695;Annual;01/01/80
ZWE;Zimbabwe;Wood Products;Manufacturing;Quantity / USD million equivalent;2024;0,774165195;1,521898208;122,2651907;30,24007951;160,211685;Annual;01/01/80
ZWE;Zimbabwe;Wood Products;Manufacturing;Quantity / USD million equivalent;2025;0,695718567;1,516172562;129,850402;22,94599396;171,2827562;Annual;01/01/80
ZWE;Zimbabwe;Wood Products;Manufacturing;Quantity / USD million equivalent;2026;0,595066396;1,306430066;119,3701527;17,03522399;138,1159438;Annual;01/01/80