origin_iso3;origin_country;destination_iso3;country;industry;unit;period;immigrants;emigrants;net_migration;labour_net_migration;frequency;date
ZWE;Zimbabwe;ARE;United Arab Emirates;Agriculture;Persons;1980;530,7174155;573,8550492;-3,59480281;-3,230467505;Annual;01/01/80
ZWE;Zimbabwe;ARE;United Arab Emirates;Agriculture;Persons;1981;611,6403468;689,8298804;-6,515794465;-5,980770838;Annual;01/01/80
ZWE;Zimbabwe;ARE;United Arab Emirates;Agriculture;Persons;1982;700,5279219;792,1409031;-7,634415099;-5,841930052;Annual;01/01/80
ZWE;Zimbabwe;ARE;United Arab Emirates;Agriculture;Persons;1983;725,6615651;766,5664195;-3,408737869;-3,090136455;Annual;01/01/80
ZWE;Zimbabwe;ARE;United Arab Emirates;Agriculture;Persons;1984;890,6598182;884,6255683;0,502854157;0,936376179;Annual;01/01/80
ZWE;Zimbabwe;ARE;United Arab Emirates;Agriculture;Persons;1985;673,5807663;701,7756065;-2,349570014;-2,285739319;Annual;01/01/80
ZWE;Zimbabwe;ARE;United Arab Emirates;Agriculture;Persons;1986;719,6990217;724,1788742;-0,373321043;-0,209238008;Annual;01/01/80
ZWE;Zimbabwe;ARE;United Arab Emirates;Agriculture;Persons;1987;762,8857636;726,9864393;2,991610358;2,902313865;Annual;01/01/80
ZWE;Zimbabwe;ARE;United Arab Emirates;Agriculture;Persons;1988;678,2102134;710,2606031;-2,670865812;-2,524169005;Annual;01/01/80
ZWE;Zimbabwe;ARE;United Arab Emirates;Agriculture;Persons;1989;609,21105;660,489476;-4,273202164;-3,108492814;Annual;01/01/80
ZWE;Zimbabwe;ARE;United Arab Emirates;Agriculture;Persons;1990;677,3148099;753,8524302;-6,378135026;-5,792266986;Annual;01/01/80
ZWE;Zimbabwe;ARE;United Arab Emirates;Agriculture;Persons;1991;685,8625413;772,2934813;-7,202578336;-6,972258237;Annual;01/01/80
ZWE;Zimbabwe;ARE;United Arab Emirates;Agriculture;Persons;1992;587,474629;715,2986119;-10,65199858;-9,715981614;Annual;01/01/80
ZWE;Zimbabwe;ARE;United Arab Emirates;Agriculture;Persons;1993;706,6711586;615,6525585;7,584883345;7,78332765;Annual;01/01/80
ZWE;Zimbabwe;ARE;United Arab Emirates;Agriculture;Persons;1994;501,1661098;577,3181846;-6,346006237;-6,168440667;Annual;01/01/80
ZWE;Zimbabwe;ARE;United Arab Emirates;Agriculture;Persons;1995;732,2028946;759,0033274;-2,233369404;-2,105892561;Annual;01/01/80
ZWE;Zimbabwe;ARE;United Arab Emirates;Agriculture;Persons;1996;645,2471951;688,7184427;-3,622603973;-3,206778059;Annual;01/01/80
ZWE;Zimbabwe;ARE;United Arab Emirates;Agriculture;Persons;1997;752,2800814;899,2520126;-12,24766094;-11,4885645;Annual;01/01/80
ZWE;Zimbabwe;ARE;United Arab Emirates;Agriculture;Persons;1998;656,9335375;697,5264873;-3,382745824;-3,647162776;Annual;01/01/80
ZWE;Zimbabwe;ARE;United Arab Emirates;Agriculture;Persons;1999;754,5637343;728,264881;2,191571111;2,255348753;Annual;01/01/80
ZWE;Zimbabwe;ARE;United Arab Emirates;Agriculture;Persons;2000;761,1186313;787,592051;-2,206118304;-1,883272392;Annual;01/01/80
ZWE;Zimbabwe;ARE;United Arab Emirates;Agriculture;Persons;2001;673,9703839;708,5979045;-2,885626711;-2,934760556;Annual;01/01/80
ZWE;Zimbabwe;ARE;United Arab Emirates;Agriculture;Persons;2002;664,5750124;623,5722606;3,416895985;2,943608666;Annual;01/01/80
ZWE;Zimbabwe;ARE;United Arab Emirates;Agriculture;Persons;2003;680,5174633;780,1296173;-8,301012838;-8,018312859;Annual;01/01/80
ZWE;Zimbabwe;ARE;United Arab Emirates;Agriculture;Persons;2004;617,492342;676,6842257;-4,93265698;-4,963139707;Annual;01/01/80
ZWE;Zimbabwe;ARE;United Arab Emirates;Agriculture;Persons;2005;780,0638107;910,1342081;-10,83919979;-10,46344951;Annual;01/01/80
ZWE;Zimbabwe;ARE;United Arab Emirates;Agriculture;Persons;2006;715,2588313;793,642553;-6,531976812;-5,721450521;Annual;01/01/80
ZWE;Zimbabwe;ARE;United Arab Emirates;Agriculture;Persons;2007;711,6056132;702,7462487;0,738280373;0,164800448;Annual;01/01/80
ZWE;Zimbabwe;ARE;United Arab Emirates;Agriculture;Persons;2008;586,6599784;612,9421105;-2,190177674;-1,870442129;Annual;01/01/80
ZWE;Zimbabwe;ARE;United Arab Emirates;Agriculture;Persons;2009;884,6220582;837,5184216;3,925303051;2,828131937;Annual;01/01/80
ZWE;Zimbabwe;ARE;United Arab Emirates;Agriculture;Persons;2010;806,2242854;813,8823085;-0,638168589;-0,935027519;Annual;01/01/80
ZWE;Zimbabwe;ARE;United Arab Emirates;Agriculture;Persons;2011;991,0428192;1011,855235;-1,734368022;-1,364922717;Annual;01/01/80
ZWE;Zimbabwe;ARE;United Arab Emirates;Agriculture;Persons;2012;799,8720395;774,1963117;2,13964398;1,4702216;Annual;01/01/80
ZWE;Zimbabwe;ARE;United Arab Emirates;Agriculture;Persons;2013;739,5315185;728,0698101;0,955142367;0,544150923;Annual;01/01/80
ZWE;Zimbabwe;ARE;United Arab Emirates;Agriculture;Persons;2014;766,9472622;782,6168321;-1,305797492;-0,937294252;Annual;01/01/80
ZWE;Zimbabwe;ARE;United Arab Emirates;Agriculture;Persons;2015;909,4152299;1023,721565;-9,525527923;-7,880343208;Annual;01/01/80
ZWE;Zimbabwe;ARE;United Arab Emirates;Agriculture;Persons;2016;635,3559463;643,7573916;-0,700120442;-0,370779225;Annual;01/01/80
ZWE;Zimbabwe;ARE;United Arab Emirates;Agriculture;Persons;2017;653,507737;744,0564953;-7,545729857;-6,449184363;Annual;01/01/80
ZWE;Zimbabwe;ARE;United Arab Emirates;Agriculture;Persons;2018;770,6382483;887,1804031;-9,711846229;-8,556895829;Annual;01/01/80
ZWE;Zimbabwe;ARE;United Arab Emirates;Agriculture;Persons;2019;540,7045926;543,4487898;-0,228683099;0,041384245;Annual;01/01/80
ZWE;Zimbabwe;ARE;United Arab Emirates;Agriculture;Persons;2020;753,8305225;803,6964269;-4,155492029;-3,861722103;Annual;01/01/80
ZWE;Zimbabwe;ARE;United Arab Emirates;Agriculture;Persons;2021;573,7716814;532,8261756;3,412125487;2,84246371;Annual;01/01/80
ZWE;Zimbabwe;ARE;United Arab Emirates;Agriculture;Persons;2022;743,098816;720,9657541;1,844421822;1,862918593;Annual;01/01/80
ZWE;Zimbabwe;ARE;United Arab Emirates;Agriculture;Persons;2023;741,9244095;722,5996676;1,610395154;1,945654845;Annual;01/01/80
ZWE;Zimbabwe;ARE;United Arab Emirates;Agriculture;Persons;2024;764,5545732;828,5342868;-5,331642796;-4,613440968;Annual;01/01/80
ZWE;Zimbabwe;ARE;United Arab Emirates;Agriculture;Persons;2025;751,265582;769,1161555;-1,487547791;-0,798295034;Annual;01/01/80
ZWE;Zimbabwe;ARE;United Arab Emirates;Agriculture;Persons;2026;514,957385;606,5698116;-10,17915851;-9,759228725;Annual;01/01/80
ZWE;Zimbabwe;ARE;United Arab Emirates;Construction;Persons;1980;693,9713381;841,897197;-12,32715491;-11,21133108;Annual;01/01/80
ZWE;Zimbabwe;ARE;United Arab Emirates;Construction;Persons;1981;529,6180652;545,7079216;-1,340821367;-1,424299665;Annual;01/01/80
ZWE;Zimbabwe;ARE;United Arab Emirates;Construction;Persons;1982;714,6384886;762,8403581;-4,01682246;-3,491133222;Annual;01/01/80
ZWE;Zimbabwe;ARE;United Arab Emirates;Construction;Persons;1983;583,4824804;630,4900869;-3,917300546;-3,366678541;Annual;01/01/80
ZWE;Zimbabwe;ARE;United Arab Emirates;Construction;Persons;1984;878,0789868;938,071331;-4,999362019;-4,071131999;Annual;01/01/80
ZWE;Zimbabwe;ARE;United Arab Emirates;Construction;Persons;1985;842,9043557;965,5929343;-10,22404821;-9,80522957;Annual;01/01/80
ZWE;Zimbabwe;ARE;United Arab Emirates;Construction;Persons;1986;578,5879667;548,189957;2,533167471;1,943472044;Annual;01/01/80
ZWE;Zimbabwe;ARE;United Arab Emirates;Construction;Persons;1987;672,7309627;843,8133495;-14,25686557;-12,89262344;Annual;01/01/80
ZWE;Zimbabwe;ARE;United Arab Emirates;Construction;Persons;1988;737,3131218;846,7890132;-9,122990952;-7,649006367;Annual;01/01/80
ZWE;Zimbabwe;ARE;United Arab Emirates;Construction;Persons;1989;757,0660583;774,5868064;-1,460062342;-1,788662613;Annual;01/01/80
ZWE;Zimbabwe;ARE;United Arab Emirates;Construction;Persons;1990;685,223952;728,0515466;-3,568966223;-3,010050718;Annual;01/01/80
ZWE;Zimbabwe;ARE;United Arab Emirates;Construction;Persons;1991;647,1112533;767,8235213;-10,05935566;-9,488347617;Annual;01/01/80
ZWE;Zimbabwe;ARE;United Arab Emirates;Construction;Persons;1992;673,8205382;714,6137675;-3,399435775;-3,70500984;Annual;01/01/80
ZWE;Zimbabwe;ARE;United Arab Emirates;Construction;Persons;1993;757,3361924;846,7825061;-7,453859477;-6,037390701;Annual;01/01/80
ZWE;Zimbabwe;ARE;United Arab Emirates;Construction;Persons;1994;701,7687648;675,9005498;2,155684582;1,656606594;Annual;01/01/80
ZWE;Zimbabwe;ARE;United Arab Emirates;Construction;Persons;1995;711,6730635;693,9850476;1,474001326;1,507606669;Annual;01/01/80
ZWE;Zimbabwe;ARE;United Arab Emirates;Construction;Persons;1996;684,7374684;751,8479789;-5,592542541;-4,940480916;Annual;01/01/80
ZWE;Zimbabwe;ARE;United Arab Emirates;Construction;Persons;1997;623,4743471;698,8364492;-6,280175181;-5,196666815;Annual;01/01/80
ZWE;Zimbabwe;ARE;United Arab Emirates;Construction;Persons;1998;617,4676012;652,3885347;-2,910077796;-2,542546069;Annual;01/01/80
ZWE;Zimbabwe;ARE;United Arab Emirates;Construction;Persons;1999;691,9560848;733,8215994;-3,488792883;-3,264612718;Annual;01/01/80
ZWE;Zimbabwe;ARE;United Arab Emirates;Construction;Persons;2000;857,9339802;944,3744474;-7,203372273;-7,234019691;Annual;01/01/80
ZWE;Zimbabwe;ARE;United Arab Emirates;Construction;Persons;2001;664,2303822;745,4121617;-6,765148291;-5,703242521;Annual;01/01/80
ZWE;Zimbabwe;ARE;United Arab Emirates;Construction;Persons;2002;771,7008264;966,2155571;-16,20956088;-15,07775095;Annual;01/01/80
ZWE;Zimbabwe;ARE;United Arab Emirates;Construction;Persons;2003;770,4473909;838,7124048;-5,688751166;-5,437101149;Annual;01/01/80
ZWE;Zimbabwe;ARE;United Arab Emirates;Construction;Persons;2004;789,743049;846,4371868;-4,724511482;-4,944784356;Annual;01/01/80
ZWE;Zimbabwe;ARE;United Arab Emirates;Construction;Persons;2005;732,6909876;714,0865308;1,550371403;0,968449746;Annual;01/01/80
ZWE;Zimbabwe;ARE;United Arab Emirates;Construction;Persons;2006;662,5215738;735,9954302;-6,12282137;-4,95548828;Annual;01/01/80
ZWE;Zimbabwe;ARE;United Arab Emirates;Construction;Persons;2007;611,8341087;646,9069287;-2,922734994;-2,674306328;Annual;01/01/80
ZWE;Zimbabwe;ARE;United Arab Emirates;Construction;Persons;2008;593,6892088;640,1520695;-3,871905056;-3,719619104;Annual;01/01/80
ZWE;Zimbabwe;ARE;United Arab Emirates;Construction;Persons;2009;653,850785;700,1100158;-3,854935901;-3,730596394;Annual;01/01/80
ZWE;Zimbabwe;ARE;United Arab Emirates;Construction;Persons;2010;677,5383694;796,7131281;-9,931229896;-8,525585511;Annual;01/01/80
ZWE;Zimbabwe;ARE;United Arab Emirates;Construction;Persons;2011;784,332592;874,4982681;-7,513806338;-6,909864599;Annual;01/01/80
ZWE;Zimbabwe;ARE;United Arab Emirates;Construction;Persons;2012;826,1591184;795,5471863;2,550994344;2,50017593;Annual;01/01/80
ZWE;Zimbabwe;ARE;United Arab Emirates;Construction;Persons;2013;852,945445;857,1705953;-0,352095857;-0,509835955;Annual;01/01/80
ZWE;Zimbabwe;ARE;United Arab Emirates;Construction;Persons;2014;831,0289967;929,6910327;-8,221836331;-7,502897591;Annual;01/01/80
ZWE;Zimbabwe;ARE;United Arab Emirates;Construction;Persons;2015;696,6851984;799,5487032;-8,571958732;-7,428600895;Annual;01/01/80
ZWE;Zimbabwe;ARE;United Arab Emirates;Construction;Persons;2016;832,3781233;844,085577;-0,975621141;-1,056720157;Annual;01/01/80
ZWE;Zimbabwe;ARE;United Arab Emirates;Construction;Persons;2017;663,9128499;666,3457668;-0,202743079;-0,043152983;Annual;01/01/80
ZWE;Zimbabwe;ARE;United Arab Emirates;Construction;Persons;2018;627,2104228;630,7538241;-0,295283441;0,153971525;Annual;01/01/80
ZWE;Zimbabwe;ARE;United Arab Emirates;Construction;Persons;2019;627,3933762;652,1929304;-2,06662951;-1,628304435;Annual;01/01/80
ZWE;Zimbabwe;ARE;United Arab Emirates;Construction;Persons;2020;785,1730761;925,6350097;-11,70516113;-10,79992102;Annual;01/01/80
ZWE;Zimbabwe;ARE;United Arab Emirates;Construction;Persons;2021;764,7168044;830,5891064;-5,489358504;-4,53063418;Annual;01/01/80
ZWE;Zimbabwe;ARE;United Arab Emirates;Construction;Persons;2022;913,2009039;929,320601;-1,343308088;-0,612935088;Annual;01/01/80
ZWE;Zimbabwe;ARE;United Arab Emirates;Construction;Persons;2023;553,5729444;581,6985607;-2,343801362;-2,091926276;Annual;01/01/80
ZWE;Zimbabwe;ARE;United Arab Emirates;Construction;Persons;2024;682,1669777;761,9153688;-6,64569926;-5,913564293;Annual;01/01/80
ZWE;Zimbabwe;ARE;United Arab Emirates;Construction;Persons;2025;592,5534976;623,1210199;-2,547293529;-1,716727992;Annual;01/01/80
ZWE;Zimbabwe;ARE;United Arab Emirates;Construction;Persons;2026;471,3715247;521,718051;-5,594058475;-4,201704778;Annual;01/01/80
ZWE;Zimbabwe;ARE;United Arab Emirates;Education;Persons;1980;868,9639888;890,0856902;-1,760141781;-2,024340325;Annual;01/01/80
ZWE;Zimbabwe;ARE;United Arab Emirates;Education;Persons;1981;780,3503753;814,2049594;-2,821215346;-2,486224878;Annual;01/01/80
ZWE;Zimbabwe;ARE;United Arab Emirates;Education;Persons;1982;772,6598445;923,6378621;-12,58150146;-11,07539974;Annual;01/01/80
ZWE;Zimbabwe;ARE;United Arab Emirates;Education;Persons;1983;775,6686566;796,5786661;-1,742500797;-0,890467496;Annual;01/01/80
ZWE;Zimbabwe;ARE;United Arab Emirates;Education;Persons;1984;860,1109764;918,2659492;-4,846247732;-4,082550595;Annual;01/01/80
ZWE;Zimbabwe;ARE;United Arab Emirates;Education;Persons;1985;608,542876;705,0201924;-8,039776368;-7,41429103;Annual;01/01/80
ZWE;Zimbabwe;ARE;United Arab Emirates;Education;Persons;1986;788,2751772;823,0764258;-2,900104048;-2,250863136;Annual;01/01/80
ZWE;Zimbabwe;ARE;United Arab Emirates;Education;Persons;1987;707,4829835;727,7008139;-1,684819202;-1,884019542;Annual;01/01/80
ZWE;Zimbabwe;ARE;United Arab Emirates;Education;Persons;1988;509,5607965;525,3913476;-1,31921259;-0,739508335;Annual;01/01/80
ZWE;Zimbabwe;ARE;United Arab Emirates;Education;Persons;1989;560,2382187;617,821146;-4,798577272;-4,123899447;Annual;01/01/80
ZWE;Zimbabwe;ARE;United Arab Emirates;Education;Persons;1990;622,4224434;682,6094542;-5,015584227;-4,695508716;Annual;01/01/80
ZWE;Zimbabwe;ARE;United Arab Emirates;Education;Persons;1991;628,6792151;658,5621292;-2,490242844;-2,075713671;Annual;01/01/80
ZWE;Zimbabwe;ARE;United Arab Emirates;Education;Persons;1992;719,119413;862,047177;-11,91064699;-10,29640188;Annual;01/01/80
ZWE;Zimbabwe;ARE;United Arab Emirates;Education;Persons;1993;861,571446;949,7135613;-7,34517627;-6,835755022;Annual;01/01/80
ZWE;Zimbabwe;ARE;United Arab Emirates;Education;Persons;1994;548,8972625;569,228586;-1,694276962;-1,896030155;Annual;01/01/80
ZWE;Zimbabwe;ARE;United Arab Emirates;Education;Persons;1995;735,5595123;856,7094381;-10,09582715;-9,150813087;Annual;01/01/80
ZWE;Zimbabwe;ARE;United Arab Emirates;Education;Persons;1996;665,9165945;743,681477;-6,480406876;-6,08373185;Annual;01/01/80
ZWE;Zimbabwe;ARE;United Arab Emirates;Education;Persons;1997;638,4917095;658,3052615;-1,651129332;-0,956844458;Annual;01/01/80
ZWE;Zimbabwe;ARE;United Arab Emirates;Education;Persons;1998;678,8927706;753,0932257;-6,183371255;-5,494557825;Annual;01/01/80
ZWE;Zimbabwe;ARE;United Arab Emirates;Education;Persons;1999;867,3754241;885,0028803;-1,468954688;-1,115427552;Annual;01/01/80
ZWE;Zimbabwe;ARE;United Arab Emirates;Education;Persons;2000;688,8336933;681,9554971;0,573183013;0,095003647;Annual;01/01/80
ZWE;Zimbabwe;ARE;United Arab Emirates;Education;Persons;2001;675,6816004;667,8668244;0,651231337;1,043035334;Annual;01/01/80
ZWE;Zimbabwe;ARE;United Arab Emirates;Education;Persons;2002;649,449961;612,0256512;3,118692479;2,81165939;Annual;01/01/80
ZWE;Zimbabwe;ARE;United Arab Emirates;Education;Persons;2003;653,2436607;750,0860638;-8,070200265;-7,290902048;Annual;01/01/80
ZWE;Zimbabwe;ARE;United Arab Emirates;Education;Persons;2004;784,4579739;919,5789783;-11,2600837;-10,12100746;Annual;01/01/80
ZWE;Zimbabwe;ARE;United Arab Emirates;Education;Persons;2005;739,3322859;790,0975952;-4,230442434;-2,865884994;Annual;01/01/80
ZWE;Zimbabwe;ARE;United Arab Emirates;Education;Persons;2006;784,3768441;779,6823671;0,391206411;0,103260516;Annual;01/01/80
ZWE;Zimbabwe;ARE;United Arab Emirates;Education;Persons;2007;672,5793116;648,8577133;1,976799857;1,946459415;Annual;01/01/80
ZWE;Zimbabwe;ARE;United Arab Emirates;Education;Persons;2008;656,6063952;733,0123627;-6,367163962;-5,868468197;Annual;01/01/80
ZWE;Zimbabwe;ARE;United Arab Emirates;Education;Persons;2009;902,166169;936,2526798;-2,84054257;-3,103672604;Annual;01/01/80
ZWE;Zimbabwe;ARE;United Arab Emirates;Education;Persons;2010;634,2146053;658,4683732;-2,021147326;-2,343337784;Annual;01/01/80
ZWE;Zimbabwe;ARE;United Arab Emirates;Education;Persons;2011;724,9640127;760,6164973;-2,971040381;-2,953806323;Annual;01/01/80
ZWE;Zimbabwe;ARE;United Arab Emirates;Education;Persons;2012;741,8137128;718,9525455;1,905097282;1,758615743;Annual;01/01/80
ZWE;Zimbabwe;ARE;United Arab Emirates;Education;Persons;2013;605,8507968;712,1881669;-8,86144751;-8,270201952;Annual;01/01/80
ZWE;Zimbabwe;ARE;United Arab Emirates;Education;Persons;2014;647,8834752;689,7333673;-3,487491005;-3,047320454;Annual;01/01/80
ZWE;Zimbabwe;ARE;United Arab Emirates;Education;Persons;2015;810,1897186;865,5449095;-4,61293257;-4,251728467;Annual;01/01/80
ZWE;Zimbabwe;ARE;United Arab Emirates;Education;Persons;2016;849,9138389;933,0064176;-6,924381555;-6,807481923;Annual;01/01/80
ZWE;Zimbabwe;ARE;United Arab Emirates;Education;Persons;2017;722,6912611;832,1177524;-9,118874276;-8,10934574;Annual;01/01/80
ZWE;Zimbabwe;ARE;United Arab Emirates;Education;Persons;2018;490,8998724;495,7635678;-0,405307949;-0,449887856;Annual;01/01/80
ZWE;Zimbabwe;ARE;United Arab Emirates;Education;Persons;2019;948,2021494;1099,503691;-12,60846179;-11,97086347;Annual;01/01/80
ZWE;Zimbabwe;ARE;United Arab Emirates;Education;Persons;2020;752,3033888;857,9361343;-8,802728786;-8,013620749;Annual;01/01/80
ZWE;Zimbabwe;ARE;United Arab Emirates;Education;Persons;2021;518,5777537;613,39955;-7,901816366;-6,931474693;Annual;01/01/80
ZWE;Zimbabwe;ARE;United Arab Emirates;Education;Persons;2022;658,3319763;694,5332954;-3,016776586;-3,078079253;Annual;01/01/80
ZWE;Zimbabwe;ARE;United Arab Emirates;Education;Persons;2023;716,0027505;815,1374666;-8,261226342;-6,983781663;Annual;01/01/80
ZWE;Zimbabwe;ARE;United Arab Emirates;Education;Persons;2024;732,6681647;897,0304924;-13,69686064;-11,45130366;Annual;01/01/80
ZWE;Zimbabwe;ARE;United Arab Emirates;Education;Persons;2025;597,103592;600,9282546;-0,318721882;-0,318333664;Annual;01/01/80
ZWE;Zimbabwe;ARE;United Arab Emirates;Education;Persons;2026;633,3582649;644,3217888;-1,218169329;-0,307325472;Annual;01/01/80
ZWE;Zimbabwe;ARE;United Arab Emirates;Finance;Persons;1980;742,1781002;824,8961225;-6,893168522;-6,443831945;Annual;01/01/80
ZWE;Zimbabwe;ARE;United Arab Emirates;Finance;Persons;1981;656,0606939;732,5548602;-6,374513862;-6,192120508;Annual;01/01/80
ZWE;Zimbabwe;ARE;United Arab Emirates;Finance;Persons;1982;813,7262287;956,3715416;-11,8871094;-10,65120358;Annual;01/01/80
ZWE;Zimbabwe;ARE;United Arab Emirates;Finance;Persons;1983;617,709819;651,6955468;-2,83214398;-2,45035093;Annual;01/01/80
ZWE;Zimbabwe;ARE;United Arab Emirates;Finance;Persons;1984;711,5052586;605,1319842;8,86443953;7,8918726;Annual;01/01/80
ZWE;Zimbabwe;ARE;United Arab Emirates;Finance;Persons;1985;745,8263687;799,1756404;-4,445772644;-4,518753003;Annual;01/01/80
ZWE;Zimbabwe;ARE;United Arab Emirates;Finance;Persons;1986;569,566513;540,5279554;2,419879795;2,281801805;Annual;01/01/80
ZWE;Zimbabwe;ARE;United Arab Emirates;Finance;Persons;1987;796,2396643;933,7761121;-11,46137065;-10,6767732;Annual;01/01/80
ZWE;Zimbabwe;ARE;United Arab Emirates;Finance;Persons;1988;506,708859;584,1527228;-6,453655317;-5,54219271;Annual;01/01/80
ZWE;Zimbabwe;ARE;United Arab Emirates;Finance;Persons;1989;785,531744;851,9783436;-5,537216637;-4,663309003;Annual;01/01/80
ZWE;Zimbabwe;ARE;United Arab Emirates;Finance;Persons;1990;645,9952773;728,2658976;-6,855885022;-6,48061242;Annual;01/01/80
ZWE;Zimbabwe;ARE;United Arab Emirates;Finance;Persons;1991;721,9361343;847,4813993;-10,46210542;-10,14482622;Annual;01/01/80
ZWE;Zimbabwe;ARE;United Arab Emirates;Finance;Persons;1992;678,8026672;802,5034859;-10,30840157;-9,520441117;Annual;01/01/80
ZWE;Zimbabwe;ARE;United Arab Emirates;Finance;Persons;1993;591,8192242;739,5196468;-12,30836855;-10,57077656;Annual;01/01/80
ZWE;Zimbabwe;ARE;United Arab Emirates;Finance;Persons;1994;756,1853546;742,7598065;1,11879568;1,282730246;Annual;01/01/80
ZWE;Zimbabwe;ARE;United Arab Emirates;Finance;Persons;1995;767,28289;934,17635;-13,90778833;-12,4891336;Annual;01/01/80
ZWE;Zimbabwe;ARE;United Arab Emirates;Finance;Persons;1996;622,3490517;658,5830638;-3,019501005;-2,701772817;Annual;01/01/80
ZWE;Zimbabwe;ARE;United Arab Emirates;Finance;Persons;1997;666,4515033;640,9002253;2,129273172;2,280874179;Annual;01/01/80
ZWE;Zimbabwe;ARE;United Arab Emirates;Finance;Persons;1998;480,513737;515,015144;-2,875117248;-2,535456535;Annual;01/01/80
ZWE;Zimbabwe;ARE;United Arab Emirates;Finance;Persons;1999;696,4835273;693,0774348;0,283841043;-0,016112661;Annual;01/01/80
ZWE;Zimbabwe;ARE;United Arab Emirates;Finance;Persons;2000;670,9726946;699,732476;-2,396648444;-2,390679575;Annual;01/01/80
ZWE;Zimbabwe;ARE;United Arab Emirates;Finance;Persons;2001;656,5814002;683,5285975;-2,245599771;-2,020071256;Annual;01/01/80
ZWE;Zimbabwe;ARE;United Arab Emirates;Finance;Persons;2002;645,8729245;702,3834976;-4,709214427;-4,504431794;Annual;01/01/80
ZWE;Zimbabwe;ARE;United Arab Emirates;Finance;Persons;2003;686,7629307;780,0124268;-7,77079134;-7,492041548;Annual;01/01/80
ZWE;Zimbabwe;ARE;United Arab Emirates;Finance;Persons;2004;678,9428352;647,0144332;2,660700166;2,811115013;Annual;01/01/80
ZWE;Zimbabwe;ARE;United Arab Emirates;Finance;Persons;2005;615,8770237;642,2104811;-2,194454781;-2,26857892;Annual;01/01/80
ZWE;Zimbabwe;ARE;United Arab Emirates;Finance;Persons;2006;613,3767997;678,4670313;-5,424185972;-3,996433311;Annual;01/01/80
ZWE;Zimbabwe;ARE;United Arab Emirates;Finance;Persons;2007;626,8508585;721,4356633;-7,882067059;-7,097475924;Annual;01/01/80
ZWE;Zimbabwe;ARE;United Arab Emirates;Finance;Persons;2008;692,0530117;727,4687065;-2,951307904;-2,756422368;Annual;01/01/80
ZWE;Zimbabwe;ARE;United Arab Emirates;Finance;Persons;2009;758,2068737;890,5692351;-11,03019678;-9,784415058;Annual;01/01/80
ZWE;Zimbabwe;ARE;United Arab Emirates;Finance;Persons;2010;542,3804572;595,0393173;-4,388238343;-3,481623832;Annual;01/01/80
ZWE;Zimbabwe;ARE;United Arab Emirates;Finance;Persons;2011;607,537898;640,8050685;-2,772264208;-1,94934163;Annual;01/01/80
ZWE;Zimbabwe;ARE;United Arab Emirates;Finance;Persons;2012;850,3564847;973,208234;-10,23764577;-8,664034728;Annual;01/01/80
ZWE;Zimbabwe;ARE;United Arab Emirates;Finance;Persons;2013;660,5383196;802,4217646;-11,82362042;-10,54548686;Annual;01/01/80
ZWE;Zimbabwe;ARE;United Arab Emirates;Finance;Persons;2014;727,7553723;807,7467346;-6,665946861;-6,429625074;Annual;01/01/80
ZWE;Zimbabwe;ARE;United Arab Emirates;Finance;Persons;2015;552,0201957;648,606268;-8,048839357;-7,084489278;Annual;01/01/80
ZWE;Zimbabwe;ARE;United Arab Emirates;Finance;Persons;2016;592,7109509;572,4772222;1,686144054;1,892521483;Annual;01/01/80
ZWE;Zimbabwe;ARE;United Arab Emirates;Finance;Persons;2017;766,0949043;809,9227664;-3,652321849;-4,373940874;Annual;01/01/80
ZWE;Zimbabwe;ARE;United Arab Emirates;Finance;Persons;2018;740,8418171;755,5702418;-1,227368724;-0,65083951;Annual;01/01/80
ZWE;Zimbabwe;ARE;United Arab Emirates;Finance;Persons;2019;729,2407761;734,9499209;-0,475762071;-0,319427811;Annual;01/01/80
ZWE;Zimbabwe;ARE;United Arab Emirates;Finance;Persons;2020;640,1032252;687,3163441;-3,934426577;-3,626603919;Annual;01/01/80
ZWE;Zimbabwe;ARE;United Arab Emirates;Finance;Persons;2021;610,2661751;684,7507568;-6,207048479;-5,078681414;Annual;01/01/80
ZWE;Zimbabwe;ARE;United Arab Emirates;Finance;Persons;2022;608,5440646;625,728223;-1,4320132;-1,240477798;Annual;01/01/80
ZWE;Zimbabwe;ARE;United Arab Emirates;Finance;Persons;2023;864,5960338;887,2287923;-1,88606321;-1,77833136;Annual;01/01/80
ZWE;Zimbabwe;ARE;United Arab Emirates;Finance;Persons;2024;525,0813973;680,8169564;-12,97796326;-12,13010367;Annual;01/01/80
ZWE;Zimbabwe;ARE;United Arab Emirates;Finance;Persons;2025;813,7463486;844,1117988;-2,53045418;-2,23358409;Annual;01/01/80
ZWE;Zimbabwe;ARE;United Arab Emirates;Finance;Persons;2026;385,6791561;391,9234102;-0,69380601;-0,267814162;Annual;01/01/80
ZWE;Zimbabwe;ARE;United Arab Emirates;Health;Persons;1980;592,5919513;703,5048181;-9,242738902;-7,95323688;Annual;01/01/80
ZWE;Zimbabwe;ARE;United Arab Emirates;Health;Persons;1981;652,4386518;799,1261742;-12,2239602;-10,89244907;Annual;01/01/80
ZWE;Zimbabwe;ARE;United Arab Emirates;Health;Persons;1982;728,705095;782,5245132;-4,484951517;-4,260261787;Annual;01/01/80
ZWE;Zimbabwe;ARE;United Arab Emirates;Health;Persons;1983;748,6553961;810,241668;-5,132189321;-5,386811089;Annual;01/01/80
ZWE;Zimbabwe;ARE;United Arab Emirates;Health;Persons;1984;609,3742266;662,4632642;-4,424086471;-3,893662463;Annual;01/01/80
ZWE;Zimbabwe;ARE;United Arab Emirates;Health;Persons;1985;583,119218;579,3367854;0,315202714;-0,177383236;Annual;01/01/80
ZWE;Zimbabwe;ARE;United Arab Emirates;Health;Persons;1986;653,269212;757,5170535;-8,687320125;-7,502824406;Annual;01/01/80
ZWE;Zimbabwe;ARE;United Arab Emirates;Health;Persons;1987;571,6306217;652,9025911;-6,772664112;-6,473040658;Annual;01/01/80
ZWE;Zimbabwe;ARE;United Arab Emirates;Health;Persons;1988;431,1824626;457,9264245;-2,228663491;-2,08699062;Annual;01/01/80
ZWE;Zimbabwe;ARE;United Arab Emirates;Health;Persons;1989;668,373679;817,6797535;-12,44217288;-10,77217922;Annual;01/01/80
ZWE;Zimbabwe;ARE;United Arab Emirates;Health;Persons;1990;551,5401957;583,6905368;-2,679195089;-2,731841883;Annual;01/01/80
ZWE;Zimbabwe;ARE;United Arab Emirates;Health;Persons;1991;664,3540516;684,9359237;-1,715156007;-1,617614591;Annual;01/01/80
ZWE;Zimbabwe;ARE;United Arab Emirates;Health;Persons;1992;755,7999873;725,73382;2,505513941;2,288968535;Annual;01/01/80
ZWE;Zimbabwe;ARE;United Arab Emirates;Health;Persons;1993;671,8740536;712,3840729;-3,375834938;-2,67553957;Annual;01/01/80
ZWE;Zimbabwe;ARE;United Arab Emirates;Health;Persons;1994;739,3514431;834,1512826;-7,899986629;-7,334395438;Annual;01/01/80
ZWE;Zimbabwe;ARE;United Arab Emirates;Health;Persons;1995;692,3581841;723,5501262;-2,599328506;-2,249462523;Annual;01/01/80
ZWE;Zimbabwe;ARE;United Arab Emirates;Health;Persons;1996;732,2081616;748,949517;-1,395112943;-1,607244268;Annual;01/01/80
ZWE;Zimbabwe;ARE;United Arab Emirates;Health;Persons;1997;695,9810965;752,9248814;-4,745315407;-3,9916543;Annual;01/01/80
ZWE;Zimbabwe;ARE;United Arab Emirates;Health;Persons;1998;677,0385941;665,2886598;0,979161189;1,652320777;Annual;01/01/80
ZWE;Zimbabwe;ARE;United Arab Emirates;Health;Persons;1999;536,2268154;620,8478365;-7,051751759;-6,2192663;Annual;01/01/80
ZWE;Zimbabwe;ARE;United Arab Emirates;Health;Persons;2000;511,0150378;540,6334073;-2,468197459;-1,358081936;Annual;01/01/80
ZWE;Zimbabwe;ARE;United Arab Emirates;Health;Persons;2001;732,8474488;830,3260951;-8,12322053;-8,117099501;Annual;01/01/80
ZWE;Zimbabwe;ARE;United Arab Emirates;Health;Persons;2002;794,421168;935,9364563;-11,79294069;-11,35093413;Annual;01/01/80
ZWE;Zimbabwe;ARE;United Arab Emirates;Health;Persons;2003;913,2110748;974,1289296;-5,076487899;-4,308894982;Annual;01/01/80
ZWE;Zimbabwe;ARE;United Arab Emirates;Health;Persons;2004;581,8355574;626,3506676;-3,709592511;-3,760630977;Annual;01/01/80
ZWE;Zimbabwe;ARE;United Arab Emirates;Health;Persons;2005;761,4854252;806,5719056;-3,7572067;-3,531403326;Annual;01/01/80
ZWE;Zimbabwe;ARE;United Arab Emirates;Health;Persons;2006;873,2909723;881,6908722;-0,699991652;-0,250559697;Annual;01/01/80
ZWE;Zimbabwe;ARE;United Arab Emirates;Health;Persons;2007;839,9989425;926,416852;-7,201492454;-7,497241839;Annual;01/01/80
ZWE;Zimbabwe;ARE;United Arab Emirates;Health;Persons;2008;715,2117618;794,2740053;-6,588520292;-5,336866379;Annual;01/01/80
ZWE;Zimbabwe;ARE;United Arab Emirates;Health;Persons;2009;729,6192109;700,761211;2,404833327;2,114866989;Annual;01/01/80
ZWE;Zimbabwe;ARE;United Arab Emirates;Health;Persons;2010;657,8520256;605,9792267;4,322733245;3,275131462;Annual;01/01/80
ZWE;Zimbabwe;ARE;United Arab Emirates;Health;Persons;2011;743,3288807;884,135749;-11,7339057;-10,52137517;Annual;01/01/80
ZWE;Zimbabwe;ARE;United Arab Emirates;Health;Persons;2012;772,1986906;776,1457806;-0,328924167;0,038266731;Annual;01/01/80
ZWE;Zimbabwe;ARE;United Arab Emirates;Health;Persons;2013;547,897192;589,5151896;-3,468166468;-3,040593273;Annual;01/01/80
ZWE;Zimbabwe;ARE;United Arab Emirates;Health;Persons;2014;606,8453867;609,3320185;-0,207219315;0,069576695;Annual;01/01/80
ZWE;Zimbabwe;ARE;United Arab Emirates;Health;Persons;2015;698,3270517;839,9536465;-11,80221624;-10,66457727;Annual;01/01/80
ZWE;Zimbabwe;ARE;United Arab Emirates;Health;Persons;2016;602,6784726;579,7543433;1,910344109;1,472370228;Annual;01/01/80
ZWE;Zimbabwe;ARE;United Arab Emirates;Health;Persons;2017;652,7145182;715,3810935;-5,222214606;-4,392611315;Annual;01/01/80
ZWE;Zimbabwe;ARE;United Arab Emirates;Health;Persons;2018;773,6559776;841,2618049;-5,633818935;-4,379785397;Annual;01/01/80
ZWE;Zimbabwe;ARE;United Arab Emirates;Health;Persons;2019;789,9091825;791,1076688;-0,099873861;-0,556471646;Annual;01/01/80
ZWE;Zimbabwe;ARE;United Arab Emirates;Health;Persons;2020;605,8659211;622,1209677;-1,354587217;-1,275362207;Annual;01/01/80
ZWE;Zimbabwe;ARE;United Arab Emirates;Health;Persons;2021;688,9825873;812,4714933;-10,29074216;-9,656347118;Annual;01/01/80
ZWE;Zimbabwe;ARE;United Arab Emirates;Health;Persons;2022;1023,350547;1104,145493;-6,732912134;-5,923705879;Annual;01/01/80
ZWE;Zimbabwe;ARE;United Arab Emirates;Health;Persons;2023;777,8433905;884,3849175;-8,878460588;-7,878828078;Annual;01/01/80
ZWE;Zimbabwe;ARE;United Arab Emirates;Health;Persons;2024;599,4543588;651,0705749;-4,301351342;-4,143072338;Annual;01/01/80
ZWE;Zimbabwe;ARE;United Arab Emirates;Health;Persons;2025;472,5136959;487,419163;-1,242122262;-1,522781822;Annual;01/01/80
ZWE;Zimbabwe;ARE;United Arab Emirates;Health;Persons;2026;452,2600489;445,5816073;0,742049072;-0,088151531;Annual;01/01/80
ZWE;Zimbabwe;ARE;United Arab Emirates;ICT;Persons;1980;776,4235472;763,2019485;1,101799892;0,920613055;Annual;01/01/80
ZWE;Zimbabwe;ARE;United Arab Emirates;ICT;Persons;1981;551,3242504;581,7593953;-2,536262082;-2,381601327;Annual;01/01/80
ZWE;Zimbabwe;ARE;United Arab Emirates;ICT;Persons;1982;670,601681;678,5847805;-0,665258292;0,00632785;Annual;01/01/80
ZWE;Zimbabwe;ARE;United Arab Emirates;ICT;Persons;1983;791,7235544;797,7972364;-0,506140167;-0,368161747;Annual;01/01/80
ZWE;Zimbabwe;ARE;United Arab Emirates;ICT;Persons;1984;713,532129;614,854823;8,223108835;7,274345494;Annual;01/01/80
ZWE;Zimbabwe;ARE;United Arab Emirates;ICT;Persons;1985;590,6526924;729,8960586;-11,60361385;-11,25260567;Annual;01/01/80
ZWE;Zimbabwe;ARE;United Arab Emirates;ICT;Persons;1986;645,0829504;696,7258956;-4,303578766;-3,855498968;Annual;01/01/80
ZWE;Zimbabwe;ARE;United Arab Emirates;ICT;Persons;1987;836,2372963;896,7474989;-5,042516886;-4,519055242;Annual;01/01/80
ZWE;Zimbabwe;ARE;United Arab Emirates;ICT;Persons;1988;661,4845531;776,7072291;-9,601889668;-8,08303473;Annual;01/01/80
ZWE;Zimbabwe;ARE;United Arab Emirates;ICT;Persons;1989;744,6213919;732,4825968;1,011566258;2,098235638;Annual;01/01/80
ZWE;Zimbabwe;ARE;United Arab Emirates;ICT;Persons;1990;799,6092831;979,9630038;-15,02947673;-14,56732611;Annual;01/01/80
ZWE;Zimbabwe;ARE;United Arab Emirates;ICT;Persons;1991;603,5253454;617,2848476;-1,146625182;-0,593883722;Annual;01/01/80
ZWE;Zimbabwe;ARE;United Arab Emirates;ICT;Persons;1992;503,4833384;517,2744497;-1,149259275;-1,214738639;Annual;01/01/80
ZWE;Zimbabwe;ARE;United Arab Emirates;ICT;Persons;1993;914,8498507;1052,088916;-11,43658879;-10,30814603;Annual;01/01/80
ZWE;Zimbabwe;ARE;United Arab Emirates;ICT;Persons;1994;712,6324757;792,3495262;-6,643087545;-6,074460998;Annual;01/01/80
ZWE;Zimbabwe;ARE;United Arab Emirates;ICT;Persons;1995;678,2564953;792,2808108;-9,502026289;-9,099066262;Annual;01/01/80
ZWE;Zimbabwe;ARE;United Arab Emirates;ICT;Persons;1996;542,1318764;557,2704836;-1,261550602;-1,214738333;Annual;01/01/80
ZWE;Zimbabwe;ARE;United Arab Emirates;ICT;Persons;1997;714,0808756;670,9748158;3,592171653;2,749154949;Annual;01/01/80
ZWE;Zimbabwe;ARE;United Arab Emirates;ICT;Persons;1998;835,9312482;889,9292797;-4,499835956;-3,858175853;Annual;01/01/80
ZWE;Zimbabwe;ARE;United Arab Emirates;ICT;Persons;1999;717,7067587;784,2675052;-5,546728871;-4,937659197;Annual;01/01/80
ZWE;Zimbabwe;ARE;United Arab Emirates;ICT;Persons;2000;543,0784178;589,5584843;-3,873338874;-3,747835289;Annual;01/01/80
ZWE;Zimbabwe;ARE;United Arab Emirates;ICT;Persons;2001;771,9528875;783,853044;-0,991679706;-1,024799616;Annual;01/01/80
ZWE;Zimbabwe;ARE;United Arab Emirates;ICT;Persons;2002;630,2072765;674,9052012;-3,724827056;-3,76947389;Annual;01/01/80
ZWE;Zimbabwe;ARE;United Arab Emirates;ICT;Persons;2003;928,1677255;1017,911282;-7,478629687;-5,263458712;Annual;01/01/80
ZWE;Zimbabwe;ARE;United Arab Emirates;ICT;Persons;2004;748,248788;801,5580575;-4,442439125;-4,150506172;Annual;01/01/80
ZWE;Zimbabwe;ARE;United Arab Emirates;ICT;Persons;2005;811,5205676;869,8539376;-4,86111416;-4,470350844;Annual;01/01/80
ZWE;Zimbabwe;ARE;United Arab Emirates;ICT;Persons;2006;712,8065851;839,1990741;-10,53270741;-10,19088899;Annual;01/01/80
ZWE;Zimbabwe;ARE;United Arab Emirates;ICT;Persons;2007;803,727845;896,7878895;-7,75500371;-7,133065601;Annual;01/01/80
ZWE;Zimbabwe;ARE;United Arab Emirates;ICT;Persons;2008;630,5960519;772,7169879;-11,84341133;-10,62951188;Annual;01/01/80
ZWE;Zimbabwe;ARE;United Arab Emirates;ICT;Persons;2009;859,1935858;940,8245668;-6,802581756;-5,734141564;Annual;01/01/80
ZWE;Zimbabwe;ARE;United Arab Emirates;ICT;Persons;2010;631,9938001;752,4024037;-10,0340503;-9,604224576;Annual;01/01/80
ZWE;Zimbabwe;ARE;United Arab Emirates;ICT;Persons;2011;895,6856896;873,6522789;1,836117562;1,26816989;Annual;01/01/80
ZWE;Zimbabwe;ARE;United Arab Emirates;ICT;Persons;2012;463,4265231;501,8573827;-3,202571635;-3,221057439;Annual;01/01/80
ZWE;Zimbabwe;ARE;United Arab Emirates;ICT;Persons;2013;688,5242607;712,3258095;-1,983462403;-1,821049576;Annual;01/01/80
ZWE;Zimbabwe;ARE;United Arab Emirates;ICT;Persons;2014;609,0296026;595,7210953;1,109042269;0,99420767;Annual;01/01/80
ZWE;Zimbabwe;ARE;United Arab Emirates;ICT;Persons;2015;720,6347089;764,3732512;-3,644878521;-3,410671981;Annual;01/01/80
ZWE;Zimbabwe;ARE;United Arab Emirates;ICT;Persons;2016;666,3697112;749,0923891;-6,89355649;-6,13731348;Annual;01/01/80
ZWE;Zimbabwe;ARE;United Arab Emirates;ICT;Persons;2017;621,3784658;653,7675634;-2,699091467;-3,099646701;Annual;01/01/80
ZWE;Zimbabwe;ARE;United Arab Emirates;ICT;Persons;2018;729,2039322;728,1496597;0,08785604;0,069868808;Annual;01/01/80
ZWE;Zimbabwe;ARE;United Arab Emirates;ICT;Persons;2019;487,2475482;509,2591588;-1,834300882;-1,735232689;Annual;01/01/80
ZWE;Zimbabwe;ARE;United Arab Emirates;ICT;Persons;2020;603,2553369;697,8995324;-7,887016285;-6,666818095;Annual;01/01/80
ZWE;Zimbabwe;ARE;United Arab Emirates;ICT;Persons;2021;773,9669048;784,2410364;-0,856177632;-1,002682778;Annual;01/01/80
ZWE;Zimbabwe;ARE;United Arab Emirates;ICT;Persons;2022;739,0529803;772,6063287;-2,796112371;-2,522855283;Annual;01/01/80
ZWE;Zimbabwe;ARE;United Arab Emirates;ICT;Persons;2023;543,6501307;670,4701564;-10,56833548;-9,366717639;Annual;01/01/80
ZWE;Zimbabwe;ARE;United Arab Emirates;ICT;Persons;2024;584,0202949;551,612536;2,700646567;1,854957292;Annual;01/01/80
ZWE;Zimbabwe;ARE;United Arab Emirates;ICT;Persons;2025;554,2967107;566,8215515;-1,043736732;-0,589664651;Annual;01/01/80
ZWE;Zimbabwe;ARE;United Arab Emirates;ICT;Persons;2026;518,5807473;587,5968023;-7,668450564;-7,157363543;Annual;01/01/80
ZWE;Zimbabwe;ARE;United Arab Emirates;Manufacturing;Persons;1980;668,5992923;749,1848288;-6,715461372;-6,104689669;Annual;01/01/80
ZWE;Zimbabwe;ARE;United Arab Emirates;Manufacturing;Persons;1981;655,6937237;745,8505876;-7,513071989;-6,190758077;Annual;01/01/80
ZWE;Zimbabwe;ARE;United Arab Emirates;Manufacturing;Persons;1982;685,5491795;769,3545149;-6,983777946;-6,220830704;Annual;01/01/80
ZWE;Zimbabwe;ARE;United Arab Emirates;Manufacturing;Persons;1983;720,5020881;803,4104636;-6,909031294;-6,501359905;Annual;01/01/80
ZWE;Zimbabwe;ARE;United Arab Emirates;Manufacturing;Persons;1984;612,8004035;740,3344144;-10,62783424;-9,388701741;Annual;01/01/80
ZWE;Zimbabwe;ARE;United Arab Emirates;Manufacturing;Persons;1985;651,2033496;738,4396132;-7,269688628;-7,131569598;Annual;01/01/80
ZWE;Zimbabwe;ARE;United Arab Emirates;Manufacturing;Persons;1986;714,3540771;753,3372738;-3,248599721;-3,093646105;Annual;01/01/80
ZWE;Zimbabwe;ARE;United Arab Emirates;Manufacturing;Persons;1987;542,3012071;568,2005237;-2,158276386;-1,586546632;Annual;01/01/80
ZWE;Zimbabwe;ARE;United Arab Emirates;Manufacturing;Persons;1988;694,7607641;707,8912331;-1,094205747;-0,423236625;Annual;01/01/80
ZWE;Zimbabwe;ARE;United Arab Emirates;Manufacturing;Persons;1989;816,4051416;862,6972377;-3,85767467;-3,285637107;Annual;01/01/80
ZWE;Zimbabwe;ARE;United Arab Emirates;Manufacturing;Persons;1990;642,2654059;597,5281972;3,72810073;3,638681394;Annual;01/01/80
ZWE;Zimbabwe;ARE;United Arab Emirates;Manufacturing;Persons;1991;784,7451106;767,1593167;1,465482824;1,849228414;Annual;01/01/80
ZWE;Zimbabwe;ARE;United Arab Emirates;Manufacturing;Persons;1992;616,7450113;589,7677565;2,248104561;1,590299969;Annual;01/01/80
ZWE;Zimbabwe;ARE;United Arab Emirates;Manufacturing;Persons;1993;597,0410051;658,5104189;-5,122451156;-3,975802787;Annual;01/01/80
ZWE;Zimbabwe;ARE;United Arab Emirates;Manufacturing;Persons;1994;688,958207;740,8466987;-4,324040976;-4,06916058;Annual;01/01/80
ZWE;Zimbabwe;ARE;United Arab Emirates;Manufacturing;Persons;1995;541,7562652;595,4409211;-4,473721329;-4,085934091;Annual;01/01/80
ZWE;Zimbabwe;ARE;United Arab Emirates;Manufacturing;Persons;1996;612,8157328;618,8684995;-0,50439723;-0,377182866;Annual;01/01/80
ZWE;Zimbabwe;ARE;United Arab Emirates;Manufacturing;Persons;1997;728,6753869;723,3856842;0,440808561;0,435336434;Annual;01/01/80
ZWE;Zimbabwe;ARE;United Arab Emirates;Manufacturing;Persons;1998;699,4642208;772,9238659;-6,121637089;-5,297229612;Annual;01/01/80
ZWE;Zimbabwe;ARE;United Arab Emirates;Manufacturing;Persons;1999;717,0158848;789,0682678;-6,004365245;-5,755172698;Annual;01/01/80
ZWE;Zimbabwe;ARE;United Arab Emirates;Manufacturing;Persons;2000;752,7696938;850,2352956;-8,122133484;-7,302982908;Annual;01/01/80
ZWE;Zimbabwe;ARE;United Arab Emirates;Manufacturing;Persons;2001;785,1743288;889,895267;-8,726744848;-7,414511678;Annual;01/01/80
ZWE;Zimbabwe;ARE;United Arab Emirates;Manufacturing;Persons;2002;655,9314636;754,9117453;-8,248356807;-7,215595231;Annual;01/01/80
ZWE;Zimbabwe;ARE;United Arab Emirates;Manufacturing;Persons;2003;617,62395;694,2355974;-6,38430395;-5,856219839;Annual;01/01/80
ZWE;Zimbabwe;ARE;United Arab Emirates;Manufacturing;Persons;2004;700,5473018;654,5854433;3,830154877;2,80729441;Annual;01/01/80
ZWE;Zimbabwe;ARE;United Arab Emirates;Manufacturing;Persons;2005;796,5524015;941,6853384;-12,09441141;-9,656877582;Annual;01/01/80
ZWE;Zimbabwe;ARE;United Arab Emirates;Manufacturing;Persons;2006;633,579672;698,4291877;-5,404126312;-4,88877211;Annual;01/01/80
ZWE;Zimbabwe;ARE;United Arab Emirates;Manufacturing;Persons;2007;694,7409074;726,1527618;-2,617654526;-2,223682311;Annual;01/01/80
ZWE;Zimbabwe;ARE;United Arab Emirates;Manufacturing;Persons;2008;584,1541674;650,2443953;-5,507518988;-5,050543581;Annual;01/01/80
ZWE;Zimbabwe;ARE;United Arab Emirates;Manufacturing;Persons;2009;706,1211267;675,1949733;2,577179455;2,460926859;Annual;01/01/80
ZWE;Zimbabwe;ARE;United Arab Emirates;Manufacturing;Persons;2010;612,7835208;689,4777969;-6,391189679;-5,803583406;Annual;01/01/80
ZWE;Zimbabwe;ARE;United Arab Emirates;Manufacturing;Persons;2011;598,1195753;582,7787219;1,278404453;1,024337583;Annual;01/01/80
ZWE;Zimbabwe;ARE;United Arab Emirates;Manufacturing;Persons;2012;528,2593182;562,7546561;-2,874611497;-2,767186161;Annual;01/01/80
ZWE;Zimbabwe;ARE;United Arab Emirates;Manufacturing;Persons;2013;567,0894597;650,987633;-6,991514437;-6,152191651;Annual;01/01/80
ZWE;Zimbabwe;ARE;United Arab Emirates;Manufacturing;Persons;2014;835,5027562;824,7088569;0,899491607;0,421132121;Annual;01/01/80
ZWE;Zimbabwe;ARE;United Arab Emirates;Manufacturing;Persons;2015;706,7643099;674,8732225;2,657590612;2,489878554;Annual;01/01/80
ZWE;Zimbabwe;ARE;United Arab Emirates;Manufacturing;Persons;2016;745,5474495;686,896339;4,887592537;4,059903436;Annual;01/01/80
ZWE;Zimbabwe;ARE;United Arab Emirates;Manufacturing;Persons;2017;732,0247157;824,1185628;-7,674487253;-6,09705552;Annual;01/01/80
ZWE;Zimbabwe;ARE;United Arab Emirates;Manufacturing;Persons;2018;710,2033673;709,6955429;0,0423187;-0,204194669;Annual;01/01/80
ZWE;Zimbabwe;ARE;United Arab Emirates;Manufacturing;Persons;2019;684,492658;706,6079861;-1,842944011;-2,41420066;Annual;01/01/80
ZWE;Zimbabwe;ARE;United Arab Emirates;Manufacturing;Persons;2020;613,2608632;581,4804899;2,648364436;2,196313292;Annual;01/01/80
ZWE;Zimbabwe;ARE;United Arab Emirates;Manufacturing;Persons;2021;620,2534012;680,1892433;-4,994653502;-4,566949977;Annual;01/01/80
ZWE;Zimbabwe;ARE;United Arab Emirates;Manufacturing;Persons;2022;692,3330565;649,5536936;3,56494691;2,891568198;Annual;01/01/80
ZWE;Zimbabwe;ARE;United Arab Emirates;Manufacturing;Persons;2023;608,2839153;649,8257123;-3,461816413;-2,830980935;Annual;01/01/80
ZWE;Zimbabwe;ARE;United Arab Emirates;Manufacturing;Persons;2024;585,0076153;625,0453395;-3,33647702;-2,552931229;Annual;01/01/80
ZWE;Zimbabwe;ARE;United Arab Emirates;Manufacturing;Persons;2025;819,9807172;922,4584032;-8,539807164;-8,004531626;Annual;01/01/80
ZWE;Zimbabwe;ARE;United Arab Emirates;Manufacturing;Persons;2026;442,857145;456,4987021;-1,51572857;-1,41403837;Annual;01/01/80
ZWE;Zimbabwe;ARE;United Arab Emirates;Mining;Persons;1980;864,7345901;1002,240233;-11,45880358;-10,52260888;Annual;01/01/80
ZWE;Zimbabwe;ARE;United Arab Emirates;Mining;Persons;1981;575,1585978;636,9307383;-5,147678373;-5,02432989;Annual;01/01/80
ZWE;Zimbabwe;ARE;United Arab Emirates;Mining;Persons;1982;631,8577019;654,894967;-1,919772097;-2,06622951;Annual;01/01/80
ZWE;Zimbabwe;ARE;United Arab Emirates;Mining;Persons;1983;755,8921585;901,4542007;-12,13017018;-11,22300963;Annual;01/01/80
ZWE;Zimbabwe;ARE;United Arab Emirates;Mining;Persons;1984;749,3833219;854,8002332;-8,784742613;-7,710069252;Annual;01/01/80
ZWE;Zimbabwe;ARE;United Arab Emirates;Mining;Persons;1985;617,2420766;573,4772743;3,647066858;3,193891383;Annual;01/01/80
ZWE;Zimbabwe;ARE;United Arab Emirates;Mining;Persons;1986;698,7944678;703,6223023;-0,402319546;0,139362814;Annual;01/01/80
ZWE;Zimbabwe;ARE;United Arab Emirates;Mining;Persons;1987;838,2288186;896,5806711;-4,862654383;-4,940493813;Annual;01/01/80
ZWE;Zimbabwe;ARE;United Arab Emirates;Mining;Persons;1988;805,6460649;848,8387991;-3,599394519;-3,361705286;Annual;01/01/80
ZWE;Zimbabwe;ARE;United Arab Emirates;Mining;Persons;1989;757,94792;809,3459895;-4,283172459;-3,875284222;Annual;01/01/80
ZWE;Zimbabwe;ARE;United Arab Emirates;Mining;Persons;1990;667,7226935;715,0109165;-3,940685249;-2,821509536;Annual;01/01/80
ZWE;Zimbabwe;ARE;United Arab Emirates;Mining;Persons;1991;717,5215004;710,4404406;0,59008832;0,617658086;Annual;01/01/80
ZWE;Zimbabwe;ARE;United Arab Emirates;Mining;Persons;1992;663,2401309;694,1137715;-2,572803386;-2,063297141;Annual;01/01/80
ZWE;Zimbabwe;ARE;United Arab Emirates;Mining;Persons;1993;923,3587347;1076,253075;-12,74119506;-11,51092727;Annual;01/01/80
ZWE;Zimbabwe;ARE;United Arab Emirates;Mining;Persons;1994;722,7427531;836,497049;-9,479524656;-8,381536995;Annual;01/01/80
ZWE;Zimbabwe;ARE;United Arab Emirates;Mining;Persons;1995;621,2011309;697,6280606;-6,368910807;-5,320046018;Annual;01/01/80
ZWE;Zimbabwe;ARE;United Arab Emirates;Mining;Persons;1996;651,0327871;706,6586957;-4,635492386;-4,141477354;Annual;01/01/80
ZWE;Zimbabwe;ARE;United Arab Emirates;Mining;Persons;1997;802,3273349;831,7506578;-2,451943573;-2,122764513;Annual;01/01/80
ZWE;Zimbabwe;ARE;United Arab Emirates;Mining;Persons;1998;721,5621591;731,0611262;-0,791580595;-0,555614825;Annual;01/01/80
ZWE;Zimbabwe;ARE;United Arab Emirates;Mining;Persons;1999;694,1514997;739,1738283;-3,751860713;-3,778211209;Annual;01/01/80
ZWE;Zimbabwe;ARE;United Arab Emirates;Mining;Persons;2000;782,4293598;897,5210113;-9,590970961;-9,394595873;Annual;01/01/80
ZWE;Zimbabwe;ARE;United Arab Emirates;Mining;Persons;2001;727,6646802;761,254305;-2,7991354;-3,085084355;Annual;01/01/80
ZWE;Zimbabwe;ARE;United Arab Emirates;Mining;Persons;2002;752,633379;815,7440731;-5,259224509;-4,501754321;Annual;01/01/80
ZWE;Zimbabwe;ARE;United Arab Emirates;Mining;Persons;2003;694,1226017;725,6196419;-2,624753354;-3,025844322;Annual;01/01/80
ZWE;Zimbabwe;ARE;United Arab Emirates;Mining;Persons;2004;622,4392525;660,2725884;-3,152777991;-2,841424519;Annual;01/01/80
ZWE;Zimbabwe;ARE;United Arab Emirates;Mining;Persons;2005;733,1344108;841,9133914;-9,064915056;-8,537728366;Annual;01/01/80
ZWE;Zimbabwe;ARE;United Arab Emirates;Mining;Persons;2006;809,7079215;890,7580974;-6,75418132;-5,399549579;Annual;01/01/80
ZWE;Zimbabwe;ARE;United Arab Emirates;Mining;Persons;2007;633,3988489;643,3724745;-0,831135464;-0,735468403;Annual;01/01/80
ZWE;Zimbabwe;ARE;United Arab Emirates;Mining;Persons;2008;704,3013268;759,6012143;-4,608323958;-3,906242663;Annual;01/01/80
ZWE;Zimbabwe;ARE;United Arab Emirates;Mining;Persons;2009;704,0475398;629,4116113;6,219660706;5,641387587;Annual;01/01/80
ZWE;Zimbabwe;ARE;United Arab Emirates;Mining;Persons;2010;633,4945068;669,3314407;-2,986411158;-3,025960205;Annual;01/01/80
ZWE;Zimbabwe;ARE;United Arab Emirates;Mining;Persons;2011;689,3649066;717,2237588;-2,32157102;-1,238186745;Annual;01/01/80
ZWE;Zimbabwe;ARE;United Arab Emirates;Mining;Persons;2012;824,021548;893,6517005;-5,802512715;-5,407120155;Annual;01/01/80
ZWE;Zimbabwe;ARE;United Arab Emirates;Mining;Persons;2013;559,2624047;619,6761983;-5,034482801;-4,427369425;Annual;01/01/80
ZWE;Zimbabwe;ARE;United Arab Emirates;Mining;Persons;2014;750,0599157;775,1573283;-2,091451047;-2,194231894;Annual;01/01/80
ZWE;Zimbabwe;ARE;United Arab Emirates;Mining;Persons;2015;673,6419456;763,7058718;-7,505327183;-6,33997854;Annual;01/01/80
ZWE;Zimbabwe;ARE;United Arab Emirates;Mining;Persons;2016;687,4424076;787,0233924;-8,298415399;-7,702654321;Annual;01/01/80
ZWE;Zimbabwe;ARE;United Arab Emirates;Mining;Persons;2017;759,8179057;729,1225236;2,557948509;2,24224774;Annual;01/01/80
ZWE;Zimbabwe;ARE;United Arab Emirates;Mining;Persons;2018;541,0368743;631,1637085;-7,510569515;-6,791523143;Annual;01/01/80
ZWE;Zimbabwe;ARE;United Arab Emirates;Mining;Persons;2019;844,8915729;909,7139951;-5,401868518;-5,2046547;Annual;01/01/80
ZWE;Zimbabwe;ARE;United Arab Emirates;Mining;Persons;2020;604,5842358;688,7172212;-7,011082113;-6,724572943;Annual;01/01/80
ZWE;Zimbabwe;ARE;United Arab Emirates;Mining;Persons;2021;870,6574315;916,6662543;-3,83406857;-3,988237289;Annual;01/01/80
ZWE;Zimbabwe;ARE;United Arab Emirates;Mining;Persons;2022;764,3825635;816,5382352;-4,346305978;-4,421928176;Annual;01/01/80
ZWE;Zimbabwe;ARE;United Arab Emirates;Mining;Persons;2023;690,5591022;763,9306208;-6,114293214;-6,113376778;Annual;01/01/80
ZWE;Zimbabwe;ARE;United Arab Emirates;Mining;Persons;2024;706,2522905;740,2160543;-2,830313652;-2,101174777;Annual;01/01/80
ZWE;Zimbabwe;ARE;United Arab Emirates;Mining;Persons;2025;895,807717;1007,896155;-9,340703153;-8,495319224;Annual;01/01/80
ZWE;Zimbabwe;ARE;United Arab Emirates;Mining;Persons;2026;401,3616583;421,5613499;-2,244410176;-1,846550641;Annual;01/01/80
ZWE;Zimbabwe;ARE;United Arab Emirates;Other;Persons;1980;696,148945;723,2711722;-2,260185603;-1,774328034;Annual;01/01/80
ZWE;Zimbabwe;ARE;United Arab Emirates;Other;Persons;1981;775,0574435;844,4346364;-5,781432741;-5,442463268;Annual;01/01/80
ZWE;Zimbabwe;ARE;United Arab Emirates;Other;Persons;1982;537,3652502;560,23122;-1,905497484;-2,080386879;Annual;01/01/80
ZWE;Zimbabwe;ARE;United Arab Emirates;Other;Persons;1983;803,080698;858,4518333;-4,614261282;-4,390090317;Annual;01/01/80
ZWE;Zimbabwe;ARE;United Arab Emirates;Other;Persons;1984;882,9773132;823,516742;4,955047604;4,104895538;Annual;01/01/80
ZWE;Zimbabwe;ARE;United Arab Emirates;Other;Persons;1985;627,6510493;694,3900859;-5,56158638;-5,148906438;Annual;01/01/80
ZWE;Zimbabwe;ARE;United Arab Emirates;Other;Persons;1986;745,7978483;814,4898041;-5,724329649;-4,963204486;Annual;01/01/80
ZWE;Zimbabwe;ARE;United Arab Emirates;Other;Persons;1987;556,1170955;560,0858613;-0,33073049;-0,615620703;Annual;01/01/80
ZWE;Zimbabwe;ARE;United Arab Emirates;Other;Persons;1988;796,7198852;919,3667722;-10,22057392;-9,484642449;Annual;01/01/80
ZWE;Zimbabwe;ARE;United Arab Emirates;Other;Persons;1989;1083,424425;1111,677059;-2,354386172;-2,243143075;Annual;01/01/80
ZWE;Zimbabwe;ARE;United Arab Emirates;Other;Persons;1990;779,5798174;852,4083433;-6,069043829;-5,873353445;Annual;01/01/80
ZWE;Zimbabwe;ARE;United Arab Emirates;Other;Persons;1991;763,2427043;968,6552547;-17,11771253;-15,5868778;Annual;01/01/80
ZWE;Zimbabwe;ARE;United Arab Emirates;Other;Persons;1992;681,6430155;827,6254973;-12,16520682;-10,49143891;Annual;01/01/80
ZWE;Zimbabwe;ARE;United Arab Emirates;Other;Persons;1993;569,1238803;668,4724048;-8,279043711;-7,240927128;Annual;01/01/80
ZWE;Zimbabwe;ARE;United Arab Emirates;Other;Persons;1994;740,1663279;846,1366672;-8,830861608;-7,956419859;Annual;01/01/80
ZWE;Zimbabwe;ARE;United Arab Emirates;Other;Persons;1995;784,2057621;901,503313;-9,77479591;-9,163864384;Annual;01/01/80
ZWE;Zimbabwe;ARE;United Arab Emirates;Other;Persons;1996;862,1446458;961,0742737;-8,244135654;-7,651558481;Annual;01/01/80
ZWE;Zimbabwe;ARE;United Arab Emirates;Other;Persons;1997;601,4054367;706,1725768;-8,730595008;-8,413465183;Annual;01/01/80
ZWE;Zimbabwe;ARE;United Arab Emirates;Other;Persons;1998;561,3425083;576,4798686;-1,261446693;-1,179110203;Annual;01/01/80
ZWE;Zimbabwe;ARE;United Arab Emirates;Other;Persons;1999;820,2920358;818,6301816;0,13848785;-0,382905929;Annual;01/01/80
ZWE;Zimbabwe;ARE;United Arab Emirates;Other;Persons;2000;812,5978308;920,2414626;-8,970302652;-7,826911664;Annual;01/01/80
ZWE;Zimbabwe;ARE;United Arab Emirates;Other;Persons;2001;781,7480595;921,7221493;-11,66450748;-10,22636534;Annual;01/01/80
ZWE;Zimbabwe;ARE;United Arab Emirates;Other;Persons;2002;727,3065341;818,0917717;-7,565436472;-6,70509423;Annual;01/01/80
ZWE;Zimbabwe;ARE;United Arab Emirates;Other;Persons;2003;603,245166;668,593563;-5,445699747;-4,507310117;Annual;01/01/80
ZWE;Zimbabwe;ARE;United Arab Emirates;Other;Persons;2004;618,3556303;689,6142975;-5,938222265;-5,743175032;Annual;01/01/80
ZWE;Zimbabwe;ARE;United Arab Emirates;Other;Persons;2005;649,7567072;743,8065449;-7,837486479;-6,721464659;Annual;01/01/80
ZWE;Zimbabwe;ARE;United Arab Emirates;Other;Persons;2006;603,2640057;663,6010595;-5,028087814;-4,344858595;Annual;01/01/80
ZWE;Zimbabwe;ARE;United Arab Emirates;Other;Persons;2007;745,3721011;798,7033514;-4,444270859;-3,978476881;Annual;01/01/80
ZWE;Zimbabwe;ARE;United Arab Emirates;Other;Persons;2008;732,8378831;713,4530866;1,615399712;1,478465863;Annual;01/01/80
ZWE;Zimbabwe;ARE;United Arab Emirates;Other;Persons;2009;462,4129252;534,9633857;-6,04587171;-5,598020209;Annual;01/01/80
ZWE;Zimbabwe;ARE;United Arab Emirates;Other;Persons;2010;648,8808616;696,4987946;-3,968161087;-3,318248029;Annual;01/01/80
ZWE;Zimbabwe;ARE;United Arab Emirates;Other;Persons;2011;707,9586418;748,9635808;-3,417078245;-3,508333742;Annual;01/01/80
ZWE;Zimbabwe;ARE;United Arab Emirates;Other;Persons;2012;809,6908226;865,2782709;-4,632287356;-4,137535281;Annual;01/01/80
ZWE;Zimbabwe;ARE;United Arab Emirates;Other;Persons;2013;849,448511;986,4238661;-11,41461292;-9,640210034;Annual;01/01/80
ZWE;Zimbabwe;ARE;United Arab Emirates;Other;Persons;2014;638,3722001;731,079968;-7,725647327;-6,907864748;Annual;01/01/80
ZWE;Zimbabwe;ARE;United Arab Emirates;Other;Persons;2015;823,7518441;874,3251311;-4,214440582;-4,029024778;Annual;01/01/80
ZWE;Zimbabwe;ARE;United Arab Emirates;Other;Persons;2016;527,1908324;586,9925813;-4,983479071;-4,225920929;Annual;01/01/80
ZWE;Zimbabwe;ARE;United Arab Emirates;Other;Persons;2017;773,5773623;767,7817532;0,482967429;0,393073139;Annual;01/01/80
ZWE;Zimbabwe;ARE;United Arab Emirates;Other;Persons;2018;601,6447706;585,0344341;1,384194702;1,29733517;Annual;01/01/80
ZWE;Zimbabwe;ARE;United Arab Emirates;Other;Persons;2019;897,5831957;986,4607883;-7,406466054;-7,081315648;Annual;01/01/80
ZWE;Zimbabwe;ARE;United Arab Emirates;Other;Persons;2020;711,3812248;741,4724079;-2,507598588;-2,386987751;Annual;01/01/80
ZWE;Zimbabwe;ARE;United Arab Emirates;Other;Persons;2021;671,0582233;694,8421945;-1,981997605;-1,264746084;Annual;01/01/80
ZWE;Zimbabwe;ARE;United Arab Emirates;Other;Persons;2022;660,5812543;645,7450843;1,236347501;1,042457771;Annual;01/01/80
ZWE;Zimbabwe;ARE;United Arab Emirates;Other;Persons;2023;878,4808951;1061,056945;-15,21467083;-13,13269027;Annual;01/01/80
ZWE;Zimbabwe;ARE;United Arab Emirates;Other;Persons;2024;540,1125492;487,1941178;4,409869284;3,892688408;Annual;01/01/80
ZWE;Zimbabwe;ARE;United Arab Emirates;Other;Persons;2025;706,5548225;758,2371599;-4,306861445;-4,368502757;Annual;01/01/80
ZWE;Zimbabwe;ARE;United Arab Emirates;Other;Persons;2026;669,6917873;695,2754358;-2,842627607;-1,999226441;Annual;01/01/80
ZWE;Zimbabwe;ARE;United Arab Emirates;Public Services;Persons;1980;641,912296;663,6779978;-1,813808478;-0,663926841;Annual;01/01/80
ZWE;Zimbabwe;ARE;United Arab Emirates;Public Services;Persons;1981;833,0809122;944,8862918;-9,31711497;-8,054499441;Annual;01/01/80
ZWE;Zimbabwe;ARE;United Arab Emirates;Public Services;Persons;1982;696,3515612;802,861184;-8,875801897;-8,956991069;Annual;01/01/80
ZWE;Zimbabwe;ARE;United Arab Emirates;Public Services;Persons;1983;742,8547953;821,0932843;-6,519874081;-6,275603009;Annual;01/01/80
ZWE;Zimbabwe;ARE;United Arab Emirates;Public Services;Persons;1984;858,3906412;988,8869366;-10,87469128;-9,747395373;Annual;01/01/80
ZWE;Zimbabwe;ARE;United Arab Emirates;Public Services;Persons;1985;744,2351254;800,7536891;-4,709880314;-4,258903794;Annual;01/01/80
ZWE;Zimbabwe;ARE;United Arab Emirates;Public Services;Persons;1986;870,2479399;914,319108;-3,672597339;-3,384631809;Annual;01/01/80
ZWE;Zimbabwe;ARE;United Arab Emirates;Public Services;Persons;1987;699,8087706;714,2404198;-1,202637433;-1,225861352;Annual;01/01/80
ZWE;Zimbabwe;ARE;United Arab Emirates;Public Services;Persons;1988;585,7981292;620,8141973;-2,918005682;-2,250661686;Annual;01/01/80
ZWE;Zimbabwe;ARE;United Arab Emirates;Public Services;Persons;1989;696,2022062;701,4286818;-0,435539629;-0,40400397;Annual;01/01/80
ZWE;Zimbabwe;ARE;United Arab Emirates;Public Services;Persons;1990;750,6468797;760,8620316;-0,851262652;-1,084788312;Annual;01/01/80
ZWE;Zimbabwe;ARE;United Arab Emirates;Public Services;Persons;1991;722,087398;824,9700386;-8,573553382;-7,834656524;Annual;01/01/80
ZWE;Zimbabwe;ARE;United Arab Emirates;Public Services;Persons;1992;748,0457048;794,9584343;-3,909394125;-3,852304528;Annual;01/01/80
ZWE;Zimbabwe;ARE;United Arab Emirates;Public Services;Persons;1993;551,0624336;592,3792108;-3,443064767;-3,418137925;Annual;01/01/80
ZWE;Zimbabwe;ARE;United Arab Emirates;Public Services;Persons;1994;766,5768214;798,9044895;-2,69397234;-2,391778629;Annual;01/01/80
ZWE;Zimbabwe;ARE;United Arab Emirates;Public Services;Persons;1995;680,7758634;778,8086085;-8,169395421;-6,975937588;Annual;01/01/80
ZWE;Zimbabwe;ARE;United Arab Emirates;Public Services;Persons;1996;681,5455725;792,0431859;-9,208134451;-8,088047902;Annual;01/01/80
ZWE;Zimbabwe;ARE;United Arab Emirates;Public Services;Persons;1997;862,1554264;956,2504921;-7,841255476;-6,690188277;Annual;01/01/80
ZWE;Zimbabwe;ARE;United Arab Emirates;Public Services;Persons;1998;617,8820159;609,8551627;0,668904438;0,428091928;Annual;01/01/80
ZWE;Zimbabwe;ARE;United Arab Emirates;Public Services;Persons;1999;748,5793861;835,0932763;-7,209490846;-6,391544508;Annual;01/01/80
ZWE;Zimbabwe;ARE;United Arab Emirates;Public Services;Persons;2000;527,5947921;557,6956989;-2,508408898;-2,67828198;Annual;01/01/80
ZWE;Zimbabwe;ARE;United Arab Emirates;Public Services;Persons;2001;743,4388732;801,7258095;-4,857244695;-3,978187011;Annual;01/01/80
ZWE;Zimbabwe;ARE;United Arab Emirates;Public Services;Persons;2002;687,603127;745,797786;-4,849554917;-4,819042687;Annual;01/01/80
ZWE;Zimbabwe;ARE;United Arab Emirates;Public Services;Persons;2003;811,8518677;917,4270092;-8,797928457;-7,673080042;Annual;01/01/80
ZWE;Zimbabwe;ARE;United Arab Emirates;Public Services;Persons;2004;677,6529628;621,3179029;4,694588324;4,349306185;Annual;01/01/80
ZWE;Zimbabwe;ARE;United Arab Emirates;Public Services;Persons;2005;959,2836107;964,3036222;-0,418334287;0,047671399;Annual;01/01/80
ZWE;Zimbabwe;ARE;United Arab Emirates;Public Services;Persons;2006;699,8038566;696,0924844;0,309281019;-0,131784618;Annual;01/01/80
ZWE;Zimbabwe;ARE;United Arab Emirates;Public Services;Persons;2007;592,1553434;638,2195359;-3,838682714;-3,391730456;Annual;01/01/80
ZWE;Zimbabwe;ARE;United Arab Emirates;Public Services;Persons;2008;840,8226834;890,1345231;-4,109319974;-4,203955078;Annual;01/01/80
ZWE;Zimbabwe;ARE;United Arab Emirates;Public Services;Persons;2009;658,8341291;750,0442902;-7,600846759;-6,525244839;Annual;01/01/80
ZWE;Zimbabwe;ARE;United Arab Emirates;Public Services;Persons;2010;916,7217564;958,4234323;-3,475139656;-3,088652723;Annual;01/01/80
ZWE;Zimbabwe;ARE;United Arab Emirates;Public Services;Persons;2011;808,7956687;874,2508195;-5,454595893;-4,950619602;Annual;01/01/80
ZWE;Zimbabwe;ARE;United Arab Emirates;Public Services;Persons;2012;534,302073;537,3762328;-0,25617998;0,13033149;Annual;01/01/80
ZWE;Zimbabwe;ARE;United Arab Emirates;Public Services;Persons;2013;819,6979566;846,7661033;-2,255678891;-1,914739629;Annual;01/01/80
ZWE;Zimbabwe;ARE;United Arab Emirates;Public Services;Persons;2014;567,0933022;657,1238634;-7,502546769;-7,392346484;Annual;01/01/80
ZWE;Zimbabwe;ARE;United Arab Emirates;Public Services;Persons;2015;545,8127186;536,1165037;0,808017911;0,621053809;Annual;01/01/80
ZWE;Zimbabwe;ARE;United Arab Emirates;Public Services;Persons;2016;667,2988159;644,0237406;1,939589605;1,555874424;Annual;01/01/80
ZWE;Zimbabwe;ARE;United Arab Emirates;Public Services;Persons;2017;880,7863917;938,5196275;-4,811102987;-4,100917628;Annual;01/01/80
ZWE;Zimbabwe;ARE;United Arab Emirates;Public Services;Persons;2018;804,926676;800,8565552;0,339176741;0,43260501;Annual;01/01/80
ZWE;Zimbabwe;ARE;United Arab Emirates;Public Services;Persons;2019;594,5476741;585,51767;0,752500345;1,031658966;Annual;01/01/80
ZWE;Zimbabwe;ARE;United Arab Emirates;Public Services;Persons;2020;622,4556347;705,3261358;-6,905875096;-5,491445735;Annual;01/01/80
ZWE;Zimbabwe;ARE;United Arab Emirates;Public Services;Persons;2021;567,7560885;569,0185252;-0,105203061;0,207176804;Annual;01/01/80
ZWE;Zimbabwe;ARE;United Arab Emirates;Public Services;Persons;2022;665,5075829;820,7420519;-12,93620575;-12,03475713;Annual;01/01/80
ZWE;Zimbabwe;ARE;United Arab Emirates;Public Services;Persons;2023;864,864407;971,1408987;-8,856374306;-7,452447584;Annual;01/01/80
ZWE;Zimbabwe;ARE;United Arab Emirates;Public Services;Persons;2024;599,8016845;671,2407039;-5,953251619;-5,206717917;Annual;01/01/80
ZWE;Zimbabwe;ARE;United Arab Emirates;Public Services;Persons;2025;685,0369651;748,1750823;-5,261509765;-5,108161514;Annual;01/01/80
ZWE;Zimbabwe;ARE;United Arab Emirates;Public Services;Persons;2026;584,9091928;598,6216169;-1,523602682;-0,707637077;Annual;01/01/80
ZWE;Zimbabwe;ARE;United Arab Emirates;Tourism;Persons;1980;700,8871584;767,4918748;-5,550393036;-5,002412559;Annual;01/01/80
ZWE;Zimbabwe;ARE;United Arab Emirates;Tourism;Persons;1981;889,6430578;874,8602245;1,231902771;1,992397286;Annual;01/01/80
ZWE;Zimbabwe;ARE;United Arab Emirates;Tourism;Persons;1982;782,0527573;791,8633011;-0,817545311;-0,817263032;Annual;01/01/80
ZWE;Zimbabwe;ARE;United Arab Emirates;Tourism;Persons;1983;704,2399678;735,8402821;-2,633359524;-2,296782903;Annual;01/01/80
ZWE;Zimbabwe;ARE;United Arab Emirates;Tourism;Persons;1984;621,1349849;654,8199216;-2,807078063;-2,497737669;Annual;01/01/80
ZWE;Zimbabwe;ARE;United Arab Emirates;Tourism;Persons;1985;887,6611743;996,2706575;-9,050790264;-8,094023611;Annual;01/01/80
ZWE;Zimbabwe;ARE;United Arab Emirates;Tourism;Persons;1986;496,0880011;477,655754;1,5360206;1,218506446;Annual;01/01/80
ZWE;Zimbabwe;ARE;United Arab Emirates;Tourism;Persons;1987;584,0165479;560,3328575;1,973640868;1,532996418;Annual;01/01/80
ZWE;Zimbabwe;ARE;United Arab Emirates;Tourism;Persons;1988;632,8740417;691,7231552;-4,904092792;-4,987362441;Annual;01/01/80
ZWE;Zimbabwe;ARE;United Arab Emirates;Tourism;Persons;1989;572,0586765;563,4289868;0,719140808;0,639088658;Annual;01/01/80
ZWE;Zimbabwe;ARE;United Arab Emirates;Tourism;Persons;1990;673,9572354;702,9352235;-2,41483234;-2,025653652;Annual;01/01/80
ZWE;Zimbabwe;ARE;United Arab Emirates;Tourism;Persons;1991;760,27087;885,6543869;-10,44862641;-9,223955004;Annual;01/01/80
ZWE;Zimbabwe;ARE;United Arab Emirates;Tourism;Persons;1992;557,1301746;576,9251541;-1,64958162;-1,789731207;Annual;01/01/80
ZWE;Zimbabwe;ARE;United Arab Emirates;Tourism;Persons;1993;678,5258697;734,4898223;-4,66366272;-4,367209163;Annual;01/01/80
ZWE;Zimbabwe;ARE;United Arab Emirates;Tourism;Persons;1994;692,3277542;726,11448;-2,815560479;-2,768717871;Annual;01/01/80
ZWE;Zimbabwe;ARE;United Arab Emirates;Tourism;Persons;1995;761,0551412;910,3810537;-12,44382604;-10,65054493;Annual;01/01/80
ZWE;Zimbabwe;ARE;United Arab Emirates;Tourism;Persons;1996;652,7210833;738,7737185;-7,171052938;-6,430565914;Annual;01/01/80
ZWE;Zimbabwe;ARE;United Arab Emirates;Tourism;Persons;1997;676,1934819;747,9135772;-5,976674608;-5,473612775;Annual;01/01/80
ZWE;Zimbabwe;ARE;United Arab Emirates;Tourism;Persons;1998;954,1491819;1088,084755;-11,16129778;-11,63013434;Annual;01/01/80
ZWE;Zimbabwe;ARE;United Arab Emirates;Tourism;Persons;1999;616,6941442;686,9243715;-5,85251894;-4,981568365;Annual;01/01/80
ZWE;Zimbabwe;ARE;United Arab Emirates;Tourism;Persons;2000;605,9483063;632,877773;-2,244122224;-1,804820605;Annual;01/01/80
ZWE;Zimbabwe;ARE;United Arab Emirates;Tourism;Persons;2001;731,1865509;758,1408032;-2,246187692;-2,461242797;Annual;01/01/80
ZWE;Zimbabwe;ARE;United Arab Emirates;Tourism;Persons;2002;878,406475;947,4553174;-5,754070197;-5,151357131;Annual;01/01/80
ZWE;Zimbabwe;ARE;United Arab Emirates;Tourism;Persons;2003;547,7059049;661,3133662;-9,467288439;-8,429771572;Annual;01/01/80
ZWE;Zimbabwe;ARE;United Arab Emirates;Tourism;Persons;2004;619,8839381;647,8910858;-2,333928977;-2,437378391;Annual;01/01/80
ZWE;Zimbabwe;ARE;United Arab Emirates;Tourism;Persons;2005;557,2962916;582,6882517;-2,115996677;-2,120564932;Annual;01/01/80
ZWE;Zimbabwe;ARE;United Arab Emirates;Tourism;Persons;2006;801,1228442;758,892493;3,519195938;3,374448984;Annual;01/01/80
ZWE;Zimbabwe;ARE;United Arab Emirates;Tourism;Persons;2007;721,9279707;844,6695589;-10,22846569;-9,748644821;Annual;01/01/80
ZWE;Zimbabwe;ARE;United Arab Emirates;Tourism;Persons;2008;750,8754345;777,714419;-2,236582039;-1,656506316;Annual;01/01/80
ZWE;Zimbabwe;ARE;United Arab Emirates;Tourism;Persons;2009;532,2824185;579,1713258;-3,907408935;-3,273246116;Annual;01/01/80
ZWE;Zimbabwe;ARE;United Arab Emirates;Tourism;Persons;2010;724,7038244;848,8206412;-10,34306806;-9,061563735;Annual;01/01/80
ZWE;Zimbabwe;ARE;United Arab Emirates;Tourism;Persons;2011;620,0801124;630,646348;-0,880519636;-1,130699775;Annual;01/01/80
ZWE;Zimbabwe;ARE;United Arab Emirates;Tourism;Persons;2012;678,2976096;726,1797201;-3,990175873;-3,96312322;Annual;01/01/80
ZWE;Zimbabwe;ARE;United Arab Emirates;Tourism;Persons;2013;983,7983311;992,4261297;-0,718983215;-0,316918941;Annual;01/01/80
ZWE;Zimbabwe;ARE;United Arab Emirates;Tourism;Persons;2014;704,7604366;807,233491;-8,539421196;-7,736484841;Annual;01/01/80
ZWE;Zimbabwe;ARE;United Arab Emirates;Tourism;Persons;2015;831,7689213;873,2971835;-3,460688518;-2,433380017;Annual;01/01/80
ZWE;Zimbabwe;ARE;United Arab Emirates;Tourism;Persons;2016;518,394184;584,6538069;-5,521635242;-5,204718819;Annual;01/01/80
ZWE;Zimbabwe;ARE;United Arab Emirates;Tourism;Persons;2017;705,1099168;644,769915;5,028333481;5,063396953;Annual;01/01/80
ZWE;Zimbabwe;ARE;United Arab Emirates;Tourism;Persons;2018;654,4351807;666,8896189;-1,037869852;-1,171086942;Annual;01/01/80
ZWE;Zimbabwe;ARE;United Arab Emirates;Tourism;Persons;2019;610,8324312;757,436415;-12,21699865;-10,15687709;Annual;01/01/80
ZWE;Zimbabwe;ARE;United Arab Emirates;Tourism;Persons;2020;870,2867649;970,6041537;-8,359782393;-7,487098125;Annual;01/01/80
ZWE;Zimbabwe;ARE;United Arab Emirates;Tourism;Persons;2021;716,8541905;784,6632979;-5,650758947;-5,320372013;Annual;01/01/80
ZWE;Zimbabwe;ARE;United Arab Emirates;Tourism;Persons;2022;620,0967338;648,0899962;-2,332771869;-2,207756584;Annual;01/01/80
ZWE;Zimbabwe;ARE;United Arab Emirates;Tourism;Persons;2023;630,6320481;670,1145182;-3,290205842;-2,287210029;Annual;01/01/80
ZWE;Zimbabwe;ARE;United Arab Emirates;Tourism;Persons;2024;709,8346867;727,9606116;-1,510493743;-1,226806826;Annual;01/01/80
ZWE;Zimbabwe;ARE;United Arab Emirates;Tourism;Persons;2025;570,0124166;669,0702544;-8,254819816;-6,980799616;Annual;01/01/80
ZWE;Zimbabwe;ARE;United Arab Emirates;Tourism;Persons;2026;448,4556291;446,3293211;0,236256443;0,233436152;Annual;01/01/80
ZWE;Zimbabwe;ARE;United Arab Emirates;Trade;Persons;1980;601,2435732;734,2361083;-11,08271126;-10,24625068;Annual;01/01/80
ZWE;Zimbabwe;ARE;United Arab Emirates;Trade;Persons;1981;851,1956159;1099,263197;-20,67229844;-19,53326827;Annual;01/01/80
ZWE;Zimbabwe;ARE;United Arab Emirates;Trade;Persons;1982;790,5506774;805,5869499;-1,253022708;-1,657560237;Annual;01/01/80
ZWE;Zimbabwe;ARE;United Arab Emirates;Trade;Persons;1983;752,2953839;875,8632428;-10,29732157;-9,15301132;Annual;01/01/80
ZWE;Zimbabwe;ARE;United Arab Emirates;Trade;Persons;1984;535,8808614;602,7455154;-5,5720545;-4,99034389;Annual;01/01/80
ZWE;Zimbabwe;ARE;United Arab Emirates;Trade;Persons;1985;703,3930315;731,8739366;-2,37340876;-2,219522277;Annual;01/01/80
ZWE;Zimbabwe;ARE;United Arab Emirates;Trade;Persons;1986;747,8581129;809,4488253;-5,132559362;-4,049886477;Annual;01/01/80
ZWE;Zimbabwe;ARE;United Arab Emirates;Trade;Persons;1987;1009,477055;968,3976418;3,42328447;3,026410361;Annual;01/01/80
ZWE;Zimbabwe;ARE;United Arab Emirates;Trade;Persons;1988;637,7071538;737,7377818;-8,335885666;-7,486943898;Annual;01/01/80
ZWE;Zimbabwe;ARE;United Arab Emirates;Trade;Persons;1989;710,6929602;673,6012928;3,090972287;2,326933252;Annual;01/01/80
ZWE;Zimbabwe;ARE;United Arab Emirates;Trade;Persons;1990;787,4067377;949,3605556;-13,49615149;-12,82488211;Annual;01/01/80
ZWE;Zimbabwe;ARE;United Arab Emirates;Trade;Persons;1991;733,3027847;802,0957034;-5,73274322;-4,942324521;Annual;01/01/80
ZWE;Zimbabwe;ARE;United Arab Emirates;Trade;Persons;1992;552,0974445;537,5958332;1,208467601;1,605779784;Annual;01/01/80
ZWE;Zimbabwe;ARE;United Arab Emirates;Trade;Persons;1993;661,540677;670,0788624;-0,711515456;-0,264486969;Annual;01/01/80
ZWE;Zimbabwe;ARE;United Arab Emirates;Trade;Persons;1994;593,0218388;702,176167;-9,096194012;-7,931837792;Annual;01/01/80
ZWE;Zimbabwe;ARE;United Arab Emirates;Trade;Persons;1995;716,9283817;832,3793049;-9,620910262;-8,690986023;Annual;01/01/80
ZWE;Zimbabwe;ARE;United Arab Emirates;Trade;Persons;1996;785,2063662;924,2907202;-11,59036283;-10,7379109;Annual;01/01/80
ZWE;Zimbabwe;ARE;United Arab Emirates;Trade;Persons;1997;720,917917;764,0834538;-3,597128062;-3,176482495;Annual;01/01/80
ZWE;Zimbabwe;ARE;United Arab Emirates;Trade;Persons;1998;720,5431125;790,8144102;-5,855941473;-5,912248791;Annual;01/01/80
ZWE;Zimbabwe;ARE;United Arab Emirates;Trade;Persons;1999;650,759416;723,6616202;-6,075183684;-5,280525997;Annual;01/01/80
ZWE;Zimbabwe;ARE;United Arab Emirates;Trade;Persons;2000;871,370943;798,394891;6,081337661;6,27292151;Annual;01/01/80
ZWE;Zimbabwe;ARE;United Arab Emirates;Trade;Persons;2001;951,6102159;872,4665997;6,595301353;6,000106539;Annual;01/01/80
ZWE;Zimbabwe;ARE;United Arab Emirates;Trade;Persons;2002;909,3160585;998,2196197;-7,408630096;-7,325184256;Annual;01/01/80
ZWE;Zimbabwe;ARE;United Arab Emirates;Trade;Persons;2003;623,272885;687,2859001;-5,334417921;-4,860746747;Annual;01/01/80
ZWE;Zimbabwe;ARE;United Arab Emirates;Trade;Persons;2004;590,7262296;623,5416185;-2,734615747;-2,336822175;Annual;01/01/80
ZWE;Zimbabwe;ARE;United Arab Emirates;Trade;Persons;2005;689,2960116;790,7119801;-8,451330706;-8,05842127;Annual;01/01/80
ZWE;Zimbabwe;ARE;United Arab Emirates;Trade;Persons;2006;746,9534664;827,5062385;-6,712731015;-6,185895067;Annual;01/01/80
ZWE;Zimbabwe;ARE;United Arab Emirates;Trade;Persons;2007;520,3824671;641,2181795;-10,0696427;-9,236205974;Annual;01/01/80
ZWE;Zimbabwe;ARE;United Arab Emirates;Trade;Persons;2008;706,8620135;751,5803428;-3,726527445;-2,79356275;Annual;01/01/80
ZWE;Zimbabwe;ARE;United Arab Emirates;Trade;Persons;2009;567,7413229;624,3021705;-4,713403967;-4,798147562;Annual;01/01/80
ZWE;Zimbabwe;ARE;United Arab Emirates;Trade;Persons;2010;820,7131982;935,6280586;-9,576238366;-8,735495093;Annual;01/01/80
ZWE;Zimbabwe;ARE;United Arab Emirates;Trade;Persons;2011;560,6889451;619,2827064;-4,882813447;-4,52805523;Annual;01/01/80
ZWE;Zimbabwe;ARE;United Arab Emirates;Trade;Persons;2012;641,9951786;765,3010966;-10,27549316;-8,933955281;Annual;01/01/80
ZWE;Zimbabwe;ARE;United Arab Emirates;Trade;Persons;2013;524,6061638;586,368099;-5,146827932;-5,246150907;Annual;01/01/80
ZWE;Zimbabwe;ARE;United Arab Emirates;Trade;Persons;2014;615,897282;695,0248314;-6,593962451;-6,232974325;Annual;01/01/80
ZWE;Zimbabwe;ARE;United Arab Emirates;Trade;Persons;2015;822,8706976;844,8490909;-1,831532775;-1,548432442;Annual;01/01/80
ZWE;Zimbabwe;ARE;United Arab Emirates;Trade;Persons;2016;794,2986101;848,216957;-4,493195573;-3,502834703;Annual;01/01/80
ZWE;Zimbabwe;ARE;United Arab Emirates;Trade;Persons;2017;703,0219925;673,7186156;2,441948074;1,913497442;Annual;01/01/80
ZWE;Zimbabwe;ARE;United Arab Emirates;Trade;Persons;2018;830,0232815;956,4410474;-10,53481383;-8,987946434;Annual;01/01/80
ZWE;Zimbabwe;ARE;United Arab Emirates;Trade;Persons;2019;782,8104435;905,9686819;-10,26318653;-9,819811775;Annual;01/01/80
ZWE;Zimbabwe;ARE;United Arab Emirates;Trade;Persons;2020;623,8634596;651,6781167;-2,317888089;-1,901805754;Annual;01/01/80
ZWE;Zimbabwe;ARE;United Arab Emirates;Trade;Persons;2021;692,2039577;709,721453;-1,459791272;-0,977777609;Annual;01/01/80
ZWE;Zimbabwe;ARE;United Arab Emirates;Trade;Persons;2022;710,0954574;717,1937317;-0,591522854;-0,320847287;Annual;01/01/80
ZWE;Zimbabwe;ARE;United Arab Emirates;Trade;Persons;2023;745,1617;763,1350187;-1,497776556;-1,071401114;Annual;01/01/80
ZWE;Zimbabwe;ARE;United Arab Emirates;Trade;Persons;2024;621,6586478;625,9367006;-0,356504398;-1,025276706;Annual;01/01/80
ZWE;Zimbabwe;ARE;United Arab Emirates;Trade;Persons;2025;629,31651;643,627252;-1,192561831;-0,880351027;Annual;01/01/80
ZWE;Zimbabwe;ARE;United Arab Emirates;Trade;Persons;2026;521,7398389;547,5655589;-2,869524441;-2,056422489;Annual;01/01/80
ZWE;Zimbabwe;ARE;United Arab Emirates;Transport;Persons;1980;736,3871295;825,3887614;-7,416802658;-6,679843374;Annual;01/01/80
ZWE;Zimbabwe;ARE;United Arab Emirates;Transport;Persons;1981;613,6699882;633,3636033;-1,64113459;-1,46118024;Annual;01/01/80
ZWE;Zimbabwe;ARE;United Arab Emirates;Transport;Persons;1982;784,1346196;754,9425134;2,432675516;1,841872523;Annual;01/01/80
ZWE;Zimbabwe;ARE;United Arab Emirates;Transport;Persons;1983;734,8979814;725,5888511;0,775760862;1,139271904;Annual;01/01/80
ZWE;Zimbabwe;ARE;United Arab Emirates;Transport;Persons;1984;700,5726046;764,4652673;-5,324388564;-5,986226065;Annual;01/01/80
ZWE;Zimbabwe;ARE;United Arab Emirates;Transport;Persons;1985;451,2559729;517,6149413;-5,529914032;-4,87272676;Annual;01/01/80
ZWE;Zimbabwe;ARE;United Arab Emirates;Transport;Persons;1986;752,3954651;855,3104932;-8,576252346;-7,946502017;Annual;01/01/80
ZWE;Zimbabwe;ARE;United Arab Emirates;Transport;Persons;1987;682,7568369;737,9371281;-4,5983576;-3,540592926;Annual;01/01/80
ZWE;Zimbabwe;ARE;United Arab Emirates;Transport;Persons;1988;735,4638898;723,3061013;1,01314904;0,410922724;Annual;01/01/80
ZWE;Zimbabwe;ARE;United Arab Emirates;Transport;Persons;1989;604,6352333;627,9190314;-1,940316507;-1,536807933;Annual;01/01/80
ZWE;Zimbabwe;ARE;United Arab Emirates;Transport;Persons;1990;732,8579022;720,6487847;1,017426455;0,648147721;Annual;01/01/80
ZWE;Zimbabwe;ARE;United Arab Emirates;Transport;Persons;1991;756,5619961;884,1486607;-10,63222205;-9,627794656;Annual;01/01/80
ZWE;Zimbabwe;ARE;United Arab Emirates;Transport;Persons;1992;940,0109712;972,973165;-2,746849482;-2,077763755;Annual;01/01/80
ZWE;Zimbabwe;ARE;United Arab Emirates;Transport;Persons;1993;907,1250618;930,0045412;-1,90662328;-1,905925572;Annual;01/01/80
ZWE;Zimbabwe;ARE;United Arab Emirates;Transport;Persons;1994;742,9074864;828,5013927;-7,132825519;-6,314122656;Annual;01/01/80
ZWE;Zimbabwe;ARE;United Arab Emirates;Transport;Persons;1995;630,3064925;686,2964144;-4,665826826;-4,219290816;Annual;01/01/80
ZWE;Zimbabwe;ARE;United Arab Emirates;Transport;Persons;1996;590,6043406;602,2002905;-0,966329164;-0,760200646;Annual;01/01/80
ZWE;Zimbabwe;ARE;United Arab Emirates;Transport;Persons;1997;765,4878443;840,6927315;-6,267073931;-5,799764737;Annual;01/01/80
ZWE;Zimbabwe;ARE;United Arab Emirates;Transport;Persons;1998;742,5218783;812,640659;-5,843231727;-5,219003828;Annual;01/01/80
ZWE;Zimbabwe;ARE;United Arab Emirates;Transport;Persons;1999;853,1509634;849,7591511;0,282651025;0,056079492;Annual;01/01/80
ZWE;Zimbabwe;ARE;United Arab Emirates;Transport;Persons;2000;665,2064022;720,7175453;-4,625928591;-3,692441349;Annual;01/01/80
ZWE;Zimbabwe;ARE;United Arab Emirates;Transport;Persons;2001;711,9396524;727,4379246;-1,291522689;-0,677796743;Annual;01/01/80
ZWE;Zimbabwe;ARE;United Arab Emirates;Transport;Persons;2002;656,3242785;715,7976211;-4,956111884;-4,546244555;Annual;01/01/80
ZWE;Zimbabwe;ARE;United Arab Emirates;Transport;Persons;2003;748,709073;879,9396024;-10,93587744;-9,050333303;Annual;01/01/80
ZWE;Zimbabwe;ARE;United Arab Emirates;Transport;Persons;2004;621,3124408;594,079235;2,269433818;1,42063543;Annual;01/01/80
ZWE;Zimbabwe;ARE;United Arab Emirates;Transport;Persons;2005;679,1172327;740,3647594;-5,10396056;-4,511183732;Annual;01/01/80
ZWE;Zimbabwe;ARE;United Arab Emirates;Transport;Persons;2006;721,6052045;709,433884;1,014276708;0,724290028;Annual;01/01/80
ZWE;Zimbabwe;ARE;United Arab Emirates;Transport;Persons;2007;887,8435834;970,4107698;-6,880598861;-6,327625711;Annual;01/01/80
ZWE;Zimbabwe;ARE;United Arab Emirates;Transport;Persons;2008;762,0906503;801,6353731;-3,295393569;-3,287986037;Annual;01/01/80
ZWE;Zimbabwe;ARE;United Arab Emirates;Transport;Persons;2009;772,1503299;907,6892075;-11,29490646;-9,554400822;Annual;01/01/80
ZWE;Zimbabwe;ARE;United Arab Emirates;Transport;Persons;2010;701,7576461;742,0355765;-3,356494202;-3,373508796;Annual;01/01/80
ZWE;Zimbabwe;ARE;United Arab Emirates;Transport;Persons;2011;807,1812138;896,2716514;-7,424203134;-6,259957752;Annual;01/01/80
ZWE;Zimbabwe;ARE;United Arab Emirates;Transport;Persons;2012;772,8522615;821,6049621;-4,062725054;-3,900439009;Annual;01/01/80
ZWE;Zimbabwe;ARE;United Arab Emirates;Transport;Persons;2013;741,1911752;772,5809446;-2,615814117;-2,067472494;Annual;01/01/80
ZWE;Zimbabwe;ARE;United Arab Emirates;Transport;Persons;2014;614,6692484;647,0045947;-2,694612193;-2,705584872;Annual;01/01/80
ZWE;Zimbabwe;ARE;United Arab Emirates;Transport;Persons;2015;620,6014621;664,843771;-3,686859079;-4,151435546;Annual;01/01/80
ZWE;Zimbabwe;ARE;United Arab Emirates;Transport;Persons;2016;749,6171789;882,8148195;-11,09980338;-9,58528072;Annual;01/01/80
ZWE;Zimbabwe;ARE;United Arab Emirates;Transport;Persons;2017;760,7739627;791,6991832;-2,577101714;-2,642873409;Annual;01/01/80
ZWE;Zimbabwe;ARE;United Arab Emirates;Transport;Persons;2018;674,2288432;665,8468616;0,698498466;1,174811129;Annual;01/01/80
ZWE;Zimbabwe;ARE;United Arab Emirates;Transport;Persons;2019;618,2465817;663,6749429;-3,785696763;-3,419825981;Annual;01/01/80
ZWE;Zimbabwe;ARE;United Arab Emirates;Transport;Persons;2020;584,8239684;608,8602241;-2,00302131;-2,33364767;Annual;01/01/80
ZWE;Zimbabwe;ARE;United Arab Emirates;Transport;Persons;2021;708,6780322;734,9906537;-2,192718462;-1,593062663;Annual;01/01/80
ZWE;Zimbabwe;ARE;United Arab Emirates;Transport;Persons;2022;481,9492594;441,8489962;3,341688596;2,967940313;Annual;01/01/80
ZWE;Zimbabwe;ARE;United Arab Emirates;Transport;Persons;2023;762,6800554;763,6777091;-0,083137806;-0,683505644;Annual;01/01/80
ZWE;Zimbabwe;ARE;United Arab Emirates;Transport;Persons;2024;664,3931071;815,3177343;-12,57705226;-11,47829304;Annual;01/01/80
ZWE;Zimbabwe;ARE;United Arab Emirates;Transport;Persons;2025;715,4082961;748,8575198;-2,787435312;-2,28583497;Annual;01/01/80
ZWE;Zimbabwe;ARE;United Arab Emirates;Transport;Persons;2026;495,0909913;514,8801528;-2,198795725;-2,067026614;Annual;01/01/80
ZWE;Zimbabwe;AUS;Australia;Agriculture;Persons;1980;608,1693832;701,799878;-7,802541236;-6,941181406;Annual;01/01/80
ZWE;Zimbabwe;AUS;Australia;Agriculture;Persons;1981;646,1063013;752,2355167;-8,844101288;-8,264715495;Annual;01/01/80
ZWE;Zimbabwe;AUS;Australia;Agriculture;Persons;1982;678,1539953;722,4750952;-3,693424993;-3,197519018;Annual;01/01/80
ZWE;Zimbabwe;AUS;Australia;Agriculture;Persons;1983;749,9188575;811,2085703;-5,107476068;-4,91386849;Annual;01/01/80
ZWE;Zimbabwe;AUS;Australia;Agriculture;Persons;1984;608,743073;644,9817549;-3,019890155;-2,862942437;Annual;01/01/80
ZWE;Zimbabwe;AUS;Australia;Agriculture;Persons;1985;766,0269136;758,8691266;0,596482247;0,106022165;Annual;01/01/80
ZWE;Zimbabwe;AUS;Australia;Agriculture;Persons;1986;718,6649123;751,298291;-2,719448226;-2,697165322;Annual;01/01/80
ZWE;Zimbabwe;AUS;Australia;Agriculture;Persons;1987;551,8580682;553,4369168;-0,13157072;0,141045593;Annual;01/01/80
ZWE;Zimbabwe;AUS;Australia;Agriculture;Persons;1988;685,331478;746,9772467;-5,137147395;-4,124953758;Annual;01/01/80
ZWE;Zimbabwe;AUS;Australia;Agriculture;Persons;1989;691,1423082;734,6660601;-3,626979327;-3,62077444;Annual;01/01/80
ZWE;Zimbabwe;AUS;Australia;Agriculture;Persons;1990;734,1583459;772,3878447;-3,185791568;-3,071518095;Annual;01/01/80
ZWE;Zimbabwe;AUS;Australia;Agriculture;Persons;1991;573,1762004;659,7328697;-7,213055774;-7,032928318;Annual;01/01/80
ZWE;Zimbabwe;AUS;Australia;Agriculture;Persons;1992;643,9574846;750,9302922;-8,914400637;-8,272452069;Annual;01/01/80
ZWE;Zimbabwe;AUS;Australia;Agriculture;Persons;1993;874,4255277;1019,444866;-12,08494483;-11,65735033;Annual;01/01/80
ZWE;Zimbabwe;AUS;Australia;Agriculture;Persons;1994;619,3768303;650,4394189;-2,588549051;-2,122590265;Annual;01/01/80
ZWE;Zimbabwe;AUS;Australia;Agriculture;Persons;1995;853,9326301;925,9861166;-6,004457205;-5,081731353;Annual;01/01/80
ZWE;Zimbabwe;AUS;Australia;Agriculture;Persons;1996;579,0340836;644,4981454;-5,455338479;-4,944079816;Annual;01/01/80
ZWE;Zimbabwe;AUS;Australia;Agriculture;Persons;1997;717,7587785;826,0661107;-9,025611018;-7,636790381;Annual;01/01/80
ZWE;Zimbabwe;AUS;Australia;Agriculture;Persons;1998;589,7823621;691,8165616;-8,502849956;-8,229363261;Annual;01/01/80
ZWE;Zimbabwe;AUS;Australia;Agriculture;Persons;1999;655,3815482;715,4640375;-5,006874107;-4,371216639;Annual;01/01/80
ZWE;Zimbabwe;AUS;Australia;Agriculture;Persons;2000;619,9993187;705,0092689;-7,084162516;-6,10423062;Annual;01/01/80
ZWE;Zimbabwe;AUS;Australia;Agriculture;Persons;2001;645,2658891;701,2205977;-4,662892384;-4,022743373;Annual;01/01/80
ZWE;Zimbabwe;AUS;Australia;Agriculture;Persons;2002;623,4255351;687,3839093;-5,329864519;-4,971956401;Annual;01/01/80
ZWE;Zimbabwe;AUS;Australia;Agriculture;Persons;2003;745,8033962;781,1171731;-2,942814745;-2,598658031;Annual;01/01/80
ZWE;Zimbabwe;AUS;Australia;Agriculture;Persons;2004;735,8541605;832,8392705;-8,082092504;-8,180503869;Annual;01/01/80
ZWE;Zimbabwe;AUS;Australia;Agriculture;Persons;2005;703,8321966;737,8616889;-2,835791023;-1,447880713;Annual;01/01/80
ZWE;Zimbabwe;AUS;Australia;Agriculture;Persons;2006;670,9228635;763,2972981;-7,697869548;-6,831746846;Annual;01/01/80
ZWE;Zimbabwe;AUS;Australia;Agriculture;Persons;2007;856,5019566;785,6274509;5,906208802;5,57473504;Annual;01/01/80
ZWE;Zimbabwe;AUS;Australia;Agriculture;Persons;2008;803,0134134;985,4955224;-15,20684242;-13,34529089;Annual;01/01/80
ZWE;Zimbabwe;AUS;Australia;Agriculture;Persons;2009;710,0496254;652,4890439;4,796715123;4,498784197;Annual;01/01/80
ZWE;Zimbabwe;AUS;Australia;Agriculture;Persons;2010;687,4431896;802,4939355;-9,587562155;-7,758646709;Annual;01/01/80
ZWE;Zimbabwe;AUS;Australia;Agriculture;Persons;2011;627,4665802;682,2140995;-4,562293272;-3,710261555;Annual;01/01/80
ZWE;Zimbabwe;AUS;Australia;Agriculture;Persons;2012;835,0312174;998,3912134;-13,61333299;-12,49130358;Annual;01/01/80
ZWE;Zimbabwe;AUS;Australia;Agriculture;Persons;2013;702,7649586;675,4980378;2,272243394;1,621188554;Annual;01/01/80
ZWE;Zimbabwe;AUS;Australia;Agriculture;Persons;2014;762,1226839;845,6603733;-6,961474116;-6,524957747;Annual;01/01/80
ZWE;Zimbabwe;AUS;Australia;Agriculture;Persons;2015;632,5521973;619,765138;1,065588279;1,066747957;Annual;01/01/80
ZWE;Zimbabwe;AUS;Australia;Agriculture;Persons;2016;635,5089922;690,6020028;-4,591084218;-4,309058745;Annual;01/01/80
ZWE;Zimbabwe;AUS;Australia;Agriculture;Persons;2017;862,9175873;859,0433693;0,322851502;0,448361968;Annual;01/01/80
ZWE;Zimbabwe;AUS;Australia;Agriculture;Persons;2018;691,667801;842,8321184;-12,59702645;-11,71964552;Annual;01/01/80
ZWE;Zimbabwe;AUS;Australia;Agriculture;Persons;2019;694,3506251;875,7904776;-15,11998771;-13,63799594;Annual;01/01/80
ZWE;Zimbabwe;AUS;Australia;Agriculture;Persons;2020;761,5122718;809,5987676;-4,007207982;-3,47942953;Annual;01/01/80
ZWE;Zimbabwe;AUS;Australia;Agriculture;Persons;2021;850,1580546;908,7137554;-4,879641734;-4,573709307;Annual;01/01/80
ZWE;Zimbabwe;AUS;Australia;Agriculture;Persons;2022;724,2715759;826,6045019;-8,527743832;-7,578760871;Annual;01/01/80
ZWE;Zimbabwe;AUS;Australia;Agriculture;Persons;2023;915,7024493;806,2029411;9,124959014;8,009680317;Annual;01/01/80
ZWE;Zimbabwe;AUS;Australia;Agriculture;Persons;2024;808,5617528;841,044942;-2,706932435;-2,606803145;Annual;01/01/80
ZWE;Zimbabwe;AUS;Australia;Agriculture;Persons;2025;711,6084849;723,6873365;-1,006570964;-0,280042079;Annual;01/01/80
ZWE;Zimbabwe;AUS;Australia;Agriculture;Persons;2026;566,5546;610,7409794;-4,909597711;-4,192958997;Annual;01/01/80
ZWE;Zimbabwe;AUS;Australia;Construction;Persons;1980;670,5208953;698,4707937;-2,329158199;-1,807870946;Annual;01/01/80
ZWE;Zimbabwe;AUS;Australia;Construction;Persons;1981;860,6014438;1121,799418;-21,76649786;-18,89227436;Annual;01/01/80
ZWE;Zimbabwe;AUS;Australia;Construction;Persons;1982;917,8230246;1042,885154;-10,42184416;-9,111788495;Annual;01/01/80
ZWE;Zimbabwe;AUS;Australia;Construction;Persons;1983;527,0128756;606,8497669;-6,65307428;-5,885737127;Annual;01/01/80
ZWE;Zimbabwe;AUS;Australia;Construction;Persons;1984;458,9521219;480,7055265;-1,812783724;-1,420564802;Annual;01/01/80
ZWE;Zimbabwe;AUS;Australia;Construction;Persons;1985;737,698179;845,9208466;-9,018555635;-8,370580918;Annual;01/01/80
ZWE;Zimbabwe;AUS;Australia;Construction;Persons;1986;549,1617154;581,4301402;-2,689035394;-2,496566555;Annual;01/01/80
ZWE;Zimbabwe;AUS;Australia;Construction;Persons;1987;877,3842137;1027,821695;-12,53645679;-11,47302602;Annual;01/01/80
ZWE;Zimbabwe;AUS;Australia;Construction;Persons;1988;676,902375;757,876333;-6,747829833;-5,725107765;Annual;01/01/80
ZWE;Zimbabwe;AUS;Australia;Construction;Persons;1989;754,3757444;754,6838611;-0,025676388;-0,652330458;Annual;01/01/80
ZWE;Zimbabwe;AUS;Australia;Construction;Persons;1990;938,3657346;958,6175066;-1,687647664;-1,401046848;Annual;01/01/80
ZWE;Zimbabwe;AUS;Australia;Construction;Persons;1991;584,0068001;612,9266256;-2,409985458;-1,988150657;Annual;01/01/80
ZWE;Zimbabwe;AUS;Australia;Construction;Persons;1992;761,9593121;902,9522375;-11,74941045;-10,90289386;Annual;01/01/80
ZWE;Zimbabwe;AUS;Australia;Construction;Persons;1993;762,2150586;784,9157669;-1,891725689;-2,155160486;Annual;01/01/80
ZWE;Zimbabwe;AUS;Australia;Construction;Persons;1994;695,2744696;742,7937012;-3,959935965;-3,944133881;Annual;01/01/80
ZWE;Zimbabwe;AUS;Australia;Construction;Persons;1995;692,974896;752,2230687;-4,937347722;-3,595243742;Annual;01/01/80
ZWE;Zimbabwe;AUS;Australia;Construction;Persons;1996;718,0369687;762,0844515;-3,670623566;-3,328950891;Annual;01/01/80
ZWE;Zimbabwe;AUS;Australia;Construction;Persons;1997;624,7524413;665,509363;-3,396410146;-3,255741459;Annual;01/01/80
ZWE;Zimbabwe;AUS;Australia;Construction;Persons;1998;612,7529762;662,223684;-4,122558985;-3,120009986;Annual;01/01/80
ZWE;Zimbabwe;AUS;Australia;Construction;Persons;1999;869,1068892;949,6860171;-6,714927326;-6,07051881;Annual;01/01/80
ZWE;Zimbabwe;AUS;Australia;Construction;Persons;2000;752,9838838;680,1757798;6,067341995;5,031636168;Annual;01/01/80
ZWE;Zimbabwe;AUS;Australia;Construction;Persons;2001;782,7646839;775,7687294;0,582996201;0,198097825;Annual;01/01/80
ZWE;Zimbabwe;AUS;Australia;Construction;Persons;2002;705,0806394;766,4399761;-5,113278059;-5,016626391;Annual;01/01/80
ZWE;Zimbabwe;AUS;Australia;Construction;Persons;2003;698,2618466;752,86205;-4,550016954;-4,445123236;Annual;01/01/80
ZWE;Zimbabwe;AUS;Australia;Construction;Persons;2004;730,1797345;811,2572442;-6,756459143;-5,98243323;Annual;01/01/80
ZWE;Zimbabwe;AUS;Australia;Construction;Persons;2005;795,4765226;891,9665308;-8,040834015;-8,038690911;Annual;01/01/80
ZWE;Zimbabwe;AUS;Australia;Construction;Persons;2006;627,329093;592,5623696;2,897226951;2,839970492;Annual;01/01/80
ZWE;Zimbabwe;AUS;Australia;Construction;Persons;2007;669,4709535;761,6928219;-7,685155701;-6,735463121;Annual;01/01/80
ZWE;Zimbabwe;AUS;Australia;Construction;Persons;2008;678,2380012;733,9146666;-4,639722116;-4,198003969;Annual;01/01/80
ZWE;Zimbabwe;AUS;Australia;Construction;Persons;2009;606,0829464;673,3247407;-5,603482856;-5,092588741;Annual;01/01/80
ZWE;Zimbabwe;AUS;Australia;Construction;Persons;2010;621,8864129;671,7401144;-4,154475126;-3,646124327;Annual;01/01/80
ZWE;Zimbabwe;AUS;Australia;Construction;Persons;2011;606,8819399;561,5223223;3,779968133;3,317525647;Annual;01/01/80
ZWE;Zimbabwe;AUS;Australia;Construction;Persons;2012;600,5313343;623,5850481;-1,921142823;-1,576891451;Annual;01/01/80
ZWE;Zimbabwe;AUS;Australia;Construction;Persons;2013;750,4771103;816,8170126;-5,528325193;-5,519469605;Annual;01/01/80
ZWE;Zimbabwe;AUS;Australia;Construction;Persons;2014;505,0344274;558,5975762;-4,463595735;-4,230358507;Annual;01/01/80
ZWE;Zimbabwe;AUS;Australia;Construction;Persons;2015;627,6517984;748,3396238;-10,05731879;-9,132083522;Annual;01/01/80
ZWE;Zimbabwe;AUS;Australia;Construction;Persons;2016;654,8237415;715,1751044;-5,029280245;-3,832778068;Annual;01/01/80
ZWE;Zimbabwe;AUS;Australia;Construction;Persons;2017;788,83012;780,4510635;0,698254706;1,016192222;Annual;01/01/80
ZWE;Zimbabwe;AUS;Australia;Construction;Persons;2018;618,8163109;702,2659683;-6,954138117;-5,038603541;Annual;01/01/80
ZWE;Zimbabwe;AUS;Australia;Construction;Persons;2019;576,4752022;656,3862091;-6,659250577;-5,885539735;Annual;01/01/80
ZWE;Zimbabwe;AUS;Australia;Construction;Persons;2020;681,0787473;683,1437835;-0,172086349;-0,351667789;Annual;01/01/80
ZWE;Zimbabwe;AUS;Australia;Construction;Persons;2021;656,1898626;677,6957165;-1,792154494;-1,435529577;Annual;01/01/80
ZWE;Zimbabwe;AUS;Australia;Construction;Persons;2022;699,1213555;794,4311043;-7,942479064;-6,820454143;Annual;01/01/80
ZWE;Zimbabwe;AUS;Australia;Construction;Persons;2023;852,8736576;896,3055838;-3,61932719;-3,606363641;Annual;01/01/80
ZWE;Zimbabwe;AUS;Australia;Construction;Persons;2024;786,0854078;862,4342506;-6,362403562;-5,116140667;Annual;01/01/80
ZWE;Zimbabwe;AUS;Australia;Construction;Persons;2025;690,1215641;719,704278;-2,465226159;-1,84307401;Annual;01/01/80
ZWE;Zimbabwe;AUS;Australia;Construction;Persons;2026;760,446289;848,1342436;-9,74310606;-8,612578702;Annual;01/01/80
ZWE;Zimbabwe;AUS;Australia;Education;Persons;1980;757,7726571;764,4583697;-0,557142721;-0,302259131;Annual;01/01/80
ZWE;Zimbabwe;AUS;Australia;Education;Persons;1981;707,6779168;695,2647121;1,034433718;1,109610654;Annual;01/01/80
ZWE;Zimbabwe;AUS;Australia;Education;Persons;1982;614,1137093;655,9293642;-3,484637904;-3,085915493;Annual;01/01/80
ZWE;Zimbabwe;AUS;Australia;Education;Persons;1983;593,3337487;637,6297344;-3,691332146;-3,314073044;Annual;01/01/80
ZWE;Zimbabwe;AUS;Australia;Education;Persons;1984;847,0863908;960,6213662;-9,461247949;-8,02226229;Annual;01/01/80
ZWE;Zimbabwe;AUS;Australia;Education;Persons;1985;724,0478769;824,449216;-8,366778262;-6,809734647;Annual;01/01/80
ZWE;Zimbabwe;AUS;Australia;Education;Persons;1986;648,6749566;662,6871755;-1,167684906;-1,756352647;Annual;01/01/80
ZWE;Zimbabwe;AUS;Australia;Education;Persons;1987;861,0604046;850,2584846;0,900160001;0,809894618;Annual;01/01/80
ZWE;Zimbabwe;AUS;Australia;Education;Persons;1988;728,1797475;799,1240043;-5,912021396;-5,633846153;Annual;01/01/80
ZWE;Zimbabwe;AUS;Australia;Education;Persons;1989;603,2410594;648,006918;-3,730488216;-3,155761796;Annual;01/01/80
ZWE;Zimbabwe;AUS;Australia;Education;Persons;1990;559,8448575;569,7365683;-0,82430924;-0,545712421;Annual;01/01/80
ZWE;Zimbabwe;AUS;Australia;Education;Persons;1991;715,727568;787,4385696;-5,975916798;-4,62483075;Annual;01/01/80
ZWE;Zimbabwe;AUS;Australia;Education;Persons;1992;811,9610275;716,7735818;7,932287139;7,517249072;Annual;01/01/80
ZWE;Zimbabwe;AUS;Australia;Education;Persons;1993;671,750056;713,1276147;-3,448129891;-3,217748952;Annual;01/01/80
ZWE;Zimbabwe;AUS;Australia;Education;Persons;1994;669,4588201;750,8030615;-6,778686778;-5,216586016;Annual;01/01/80
ZWE;Zimbabwe;AUS;Australia;Education;Persons;1995;602,842527;635,9071946;-2,755388966;-2,915657136;Annual;01/01/80
ZWE;Zimbabwe;AUS;Australia;Education;Persons;1996;738,312203;741,8452235;-0,294418375;-0,934432023;Annual;01/01/80
ZWE;Zimbabwe;AUS;Australia;Education;Persons;1997;708,1226526;690,7654267;1,446435493;1,277755959;Annual;01/01/80
ZWE;Zimbabwe;AUS;Australia;Education;Persons;1998;888,0312691;1041,489913;-12,78822032;-11,21560945;Annual;01/01/80
ZWE;Zimbabwe;AUS;Australia;Education;Persons;1999;610,5894982;654,6143574;-3,668738263;-3,322425094;Annual;01/01/80
ZWE;Zimbabwe;AUS;Australia;Education;Persons;2000;688,3181964;738,9946289;-4,223036038;-3,910725351;Annual;01/01/80
ZWE;Zimbabwe;AUS;Australia;Education;Persons;2001;668,9455933;787,2852635;-9,86163918;-8,239751603;Annual;01/01/80
ZWE;Zimbabwe;AUS;Australia;Education;Persons;2002;654,985103;754,6776596;-8,307713047;-7,438994232;Annual;01/01/80
ZWE;Zimbabwe;AUS;Australia;Education;Persons;2003;650,6147587;671,9979561;-1,78193311;-1,296510281;Annual;01/01/80
ZWE;Zimbabwe;AUS;Australia;Education;Persons;2004;657,1115703;651,7695068;0,445171955;0,628707158;Annual;01/01/80
ZWE;Zimbabwe;AUS;Australia;Education;Persons;2005;781,8702023;907,8653736;-10,49959761;-9,653088959;Annual;01/01/80
ZWE;Zimbabwe;AUS;Australia;Education;Persons;2006;715,3787717;849,5957582;-11,18474888;-10,83118729;Annual;01/01/80
ZWE;Zimbabwe;AUS;Australia;Education;Persons;2007;595,9891794;630,8809293;-2,907645822;-2,345277528;Annual;01/01/80
ZWE;Zimbabwe;AUS;Australia;Education;Persons;2008;810,0148568;845,5388365;-2,960331641;-2,989143673;Annual;01/01/80
ZWE;Zimbabwe;AUS;Australia;Education;Persons;2009;709,5306914;734,6984861;-2,097316219;-1,468212854;Annual;01/01/80
ZWE;Zimbabwe;AUS;Australia;Education;Persons;2010;779,7152323;735,0533807;3,721820969;3,809997574;Annual;01/01/80
ZWE;Zimbabwe;AUS;Australia;Education;Persons;2011;625,2551002;627,1576851;-0,158548746;-0,185205436;Annual;01/01/80
ZWE;Zimbabwe;AUS;Australia;Education;Persons;2012;598,466217;650,6750492;-4,350736014;-3,447445182;Annual;01/01/80
ZWE;Zimbabwe;AUS;Australia;Education;Persons;2013;784,2337142;779,4925769;0,395094778;0,070174071;Annual;01/01/80
ZWE;Zimbabwe;AUS;Australia;Education;Persons;2014;671,4103227;700,016548;-2,383852107;-2,209174652;Annual;01/01/80
ZWE;Zimbabwe;AUS;Australia;Education;Persons;2015;687,2755269;778,9925401;-7,643084426;-7,261831242;Annual;01/01/80
ZWE;Zimbabwe;AUS;Australia;Education;Persons;2016;746,4993695;839,3741955;-7,739568834;-6,387372417;Annual;01/01/80
ZWE;Zimbabwe;AUS;Australia;Education;Persons;2017;674,7946444;733,6350501;-4,903367143;-4,373569797;Annual;01/01/80
ZWE;Zimbabwe;AUS;Australia;Education;Persons;2018;596,229044;566,9996828;2,435780101;2,752515752;Annual;01/01/80
ZWE;Zimbabwe;AUS;Australia;Education;Persons;2019;763,8170531;771,9430923;-0,677169937;-0,875710339;Annual;01/01/80
ZWE;Zimbabwe;AUS;Australia;Education;Persons;2020;695,7718697;770,6752525;-6,241948573;-5,639164606;Annual;01/01/80
ZWE;Zimbabwe;AUS;Australia;Education;Persons;2021;764,1073361;746,9686153;1,428226733;1,640146319;Annual;01/01/80
ZWE;Zimbabwe;AUS;Australia;Education;Persons;2022;785,8718882;714,2989432;5,964412087;5,532180946;Annual;01/01/80
ZWE;Zimbabwe;AUS;Australia;Education;Persons;2023;798,6922736;746,4261243;4,355512445;3,267850718;Annual;01/01/80
ZWE;Zimbabwe;AUS;Australia;Education;Persons;2024;700,3858852;724,4108237;-2,002078207;-1,736426968;Annual;01/01/80
ZWE;Zimbabwe;AUS;Australia;Education;Persons;2025;934,3405338;1016,503254;-6,846893331;-7,003041943;Annual;01/01/80
ZWE;Zimbabwe;AUS;Australia;Education;Persons;2026;423,4658876;401,8182495;2,405293123;2,58954322;Annual;01/01/80
ZWE;Zimbabwe;AUS;Australia;Finance;Persons;1980;887,0998748;959,356321;-6,021370521;-5,298087776;Annual;01/01/80
ZWE;Zimbabwe;AUS;Australia;Finance;Persons;1981;592,4436645;653,5166385;-5,089414503;-4,649390696;Annual;01/01/80
ZWE;Zimbabwe;AUS;Australia;Finance;Persons;1982;771,5026667;764,0868443;0,617985199;0,751684065;Annual;01/01/80
ZWE;Zimbabwe;AUS;Australia;Finance;Persons;1983;631,9217702;701,4090188;-5,790604056;-5,204469875;Annual;01/01/80
ZWE;Zimbabwe;AUS;Australia;Finance;Persons;1984;641,8133475;772,9176423;-10,9253579;-9,926665704;Annual;01/01/80
ZWE;Zimbabwe;AUS;Australia;Finance;Persons;1985;746,6851433;824,0051022;-6,443329903;-6,714255233;Annual;01/01/80
ZWE;Zimbabwe;AUS;Australia;Finance;Persons;1986;672,9519582;653,1314381;1,651710005;1,015906108;Annual;01/01/80
ZWE;Zimbabwe;AUS;Australia;Finance;Persons;1987;713,511199;807,8553634;-7,862013702;-7,543218548;Annual;01/01/80
ZWE;Zimbabwe;AUS;Australia;Finance;Persons;1988;659,6590412;752,5211528;-7,738509302;-6,674534708;Annual;01/01/80
ZWE;Zimbabwe;AUS;Australia;Finance;Persons;1989;510,7017189;498,3686848;1,027752845;1,03846992;Annual;01/01/80
ZWE;Zimbabwe;AUS;Australia;Finance;Persons;1990;747,9270716;706,9986491;3,410701879;2,582215115;Annual;01/01/80
ZWE;Zimbabwe;AUS;Australia;Finance;Persons;1991;564,6681459;631,9626681;-5,607876849;-4,983378215;Annual;01/01/80
ZWE;Zimbabwe;AUS;Australia;Finance;Persons;1992;906,7408147;1071,813028;-13,75601778;-12,31994062;Annual;01/01/80
ZWE;Zimbabwe;AUS;Australia;Finance;Persons;1993;601,8741879;636,2829657;-2,867398151;-1,928924539;Annual;01/01/80
ZWE;Zimbabwe;AUS;Australia;Finance;Persons;1994;768,5972629;730,4607175;3,178045453;3,061644559;Annual;01/01/80
ZWE;Zimbabwe;AUS;Australia;Finance;Persons;1995;808,9907216;870,9218233;-5,160925141;-4,596214507;Annual;01/01/80
ZWE;Zimbabwe;AUS;Australia;Finance;Persons;1996;645,1017566;624,3320908;1,730805489;1,76460838;Annual;01/01/80
ZWE;Zimbabwe;AUS;Australia;Finance;Persons;1997;737,9109363;797,6867227;-4,981315535;-4,603993693;Annual;01/01/80
ZWE;Zimbabwe;AUS;Australia;Finance;Persons;1998;787,7255694;973,4638473;-15,47818982;-13,52761144;Annual;01/01/80
ZWE;Zimbabwe;AUS;Australia;Finance;Persons;1999;601,6588;695,7239061;-7,838758846;-7,010605503;Annual;01/01/80
ZWE;Zimbabwe;AUS;Australia;Finance;Persons;2000;778,2380283;856,6125296;-6,531208446;-6,57870716;Annual;01/01/80
ZWE;Zimbabwe;AUS;Australia;Finance;Persons;2001;838,4685224;1016,55261;-14,84034062;-14,17392289;Annual;01/01/80
ZWE;Zimbabwe;AUS;Australia;Finance;Persons;2002;715,8490685;792,3116918;-6,371885274;-5,118195532;Annual;01/01/80
ZWE;Zimbabwe;AUS;Australia;Finance;Persons;2003;862,2645009;859,7641513;0,208362464;0,757617158;Annual;01/01/80
ZWE;Zimbabwe;AUS;Australia;Finance;Persons;2004;744,4198537;856,8143106;-9,366204743;-9,119745949;Annual;01/01/80
ZWE;Zimbabwe;AUS;Australia;Finance;Persons;2005;716,3672237;811,0869451;-7,893310118;-7,30861285;Annual;01/01/80
ZWE;Zimbabwe;AUS;Australia;Finance;Persons;2006;868,2223448;920,3807834;-4,346536551;-4,328038885;Annual;01/01/80
ZWE;Zimbabwe;AUS;Australia;Finance;Persons;2007;634,0571498;605,7524009;2,358729081;2,212270874;Annual;01/01/80
ZWE;Zimbabwe;AUS;Australia;Finance;Persons;2008;586,0261928;555,5358501;2,540861895;2,893029468;Annual;01/01/80
ZWE;Zimbabwe;AUS;Australia;Finance;Persons;2009;582,4245665;625,099497;-3,556244209;-2,56851609;Annual;01/01/80
ZWE;Zimbabwe;AUS;Australia;Finance;Persons;2010;620,3620026;655,943309;-2,965108863;-2,991174325;Annual;01/01/80
ZWE;Zimbabwe;AUS;Australia;Finance;Persons;2011;896,0181069;1010,077922;-9,504984552;-9,252040328;Annual;01/01/80
ZWE;Zimbabwe;AUS;Australia;Finance;Persons;2012;712,2633605;753,9962255;-3,477738754;-2,732089331;Annual;01/01/80
ZWE;Zimbabwe;AUS;Australia;Finance;Persons;2013;725,0767989;765,1883125;-3,342626132;-2,880977328;Annual;01/01/80
ZWE;Zimbabwe;AUS;Australia;Finance;Persons;2014;549,9969567;522,9247386;2,256018175;1,757103659;Annual;01/01/80
ZWE;Zimbabwe;AUS;Australia;Finance;Persons;2015;628,0639082;671,8602478;-3,649694967;-3,786156464;Annual;01/01/80
ZWE;Zimbabwe;AUS;Australia;Finance;Persons;2016;625,3885857;703,9402503;-6,545972051;-5,513740777;Annual;01/01/80
ZWE;Zimbabwe;AUS;Australia;Finance;Persons;2017;704,6345175;804,6035902;-8,330756057;-7,888306527;Annual;01/01/80
ZWE;Zimbabwe;AUS;Australia;Finance;Persons;2018;889,0010009;971,9610596;-6,913338225;-5,936888607;Annual;01/01/80
ZWE;Zimbabwe;AUS;Australia;Finance;Persons;2019;639,9019676;662,4830587;-1,881757588;-2,070898554;Annual;01/01/80
ZWE;Zimbabwe;AUS;Australia;Finance;Persons;2020;770,7968753;900,9504112;-10,84612799;-10,07299857;Annual;01/01/80
ZWE;Zimbabwe;AUS;Australia;Finance;Persons;2021;750,4875997;858,018562;-8,960913521;-8,149543708;Annual;01/01/80
ZWE;Zimbabwe;AUS;Australia;Finance;Persons;2022;757,291605;805,2038216;-3,992684715;-2,908615829;Annual;01/01/80
ZWE;Zimbabwe;AUS;Australia;Finance;Persons;2023;762,7193481;904,6761357;-11,8297323;-10,9781897;Annual;01/01/80
ZWE;Zimbabwe;AUS;Australia;Finance;Persons;2024;576,410876;631,4141378;-4,583605155;-3,916576424;Annual;01/01/80
ZWE;Zimbabwe;AUS;Australia;Finance;Persons;2025;562,7566525;654,8847563;-7,677341977;-6,735878531;Annual;01/01/80
ZWE;Zimbabwe;AUS;Australia;Finance;Persons;2026;381,782897;399,0534006;-1,918944844;-2,327402371;Annual;01/01/80
ZWE;Zimbabwe;AUS;Australia;Health;Persons;1980;703,3481743;774,3758599;-5,918973801;-5,634680367;Annual;01/01/80
ZWE;Zimbabwe;AUS;Australia;Health;Persons;1981;691,9775898;746,0733965;-4,507983885;-4,191015343;Annual;01/01/80
ZWE;Zimbabwe;AUS;Australia;Health;Persons;1982;713,2880412;763,7654956;-4,206454533;-4,031139882;Annual;01/01/80
ZWE;Zimbabwe;AUS;Australia;Health;Persons;1983;680,2877172;751,8495979;-5,963490058;-4,9490936;Annual;01/01/80
ZWE;Zimbabwe;AUS;Australia;Health;Persons;1984;787,0134355;909,6704106;-10,2214146;-8,758487443;Annual;01/01/80
ZWE;Zimbabwe;AUS;Australia;Health;Persons;1985;728,1148612;876,6883574;-12,38112468;-11,02686255;Annual;01/01/80
ZWE;Zimbabwe;AUS;Australia;Health;Persons;1986;742,2018171;873,125031;-10,91026782;-9,670747101;Annual;01/01/80
ZWE;Zimbabwe;AUS;Australia;Health;Persons;1987;684,4065057;713,6951602;-2,440721206;-2,734501029;Annual;01/01/80
ZWE;Zimbabwe;AUS;Australia;Health;Persons;1988;648,3381031;792,7430346;-12,0337443;-11,00809491;Annual;01/01/80
ZWE;Zimbabwe;AUS;Australia;Health;Persons;1989;727,2594167;751,2986074;-2,003265889;-1,593101714;Annual;01/01/80
ZWE;Zimbabwe;AUS;Australia;Health;Persons;1990;809,207274;817,3098283;-0,675212856;-0,677722163;Annual;01/01/80
ZWE;Zimbabwe;AUS;Australia;Health;Persons;1991;773,5323668;747,3248837;2,183956929;2,481442441;Annual;01/01/80
ZWE;Zimbabwe;AUS;Australia;Health;Persons;1992;909,2362281;924,6946675;-1,288203279;-1,148483465;Annual;01/01/80
ZWE;Zimbabwe;AUS;Australia;Health;Persons;1993;587,2647438;571,1734261;1,340943139;0,879407122;Annual;01/01/80
ZWE;Zimbabwe;AUS;Australia;Health;Persons;1994;626,4515107;705,6975782;-6,603838962;-5,182400778;Annual;01/01/80
ZWE;Zimbabwe;AUS;Australia;Health;Persons;1995;562,7539861;656,6324062;-7,82320168;-7,295738136;Annual;01/01/80
ZWE;Zimbabwe;AUS;Australia;Health;Persons;1996;775,3760065;862,127039;-7,229252705;-5,915650474;Annual;01/01/80
ZWE;Zimbabwe;AUS;Australia;Health;Persons;1997;544,7763404;629,2399361;-7,038632975;-6,092839008;Annual;01/01/80
ZWE;Zimbabwe;AUS;Australia;Health;Persons;1998;710,4783859;801,4702545;-7,582655724;-6,833594428;Annual;01/01/80
ZWE;Zimbabwe;AUS;Australia;Health;Persons;1999;946,6120378;975,60078;-2,415728516;-2,577543946;Annual;01/01/80
ZWE;Zimbabwe;AUS;Australia;Health;Persons;2000;903,3822362;1061,729146;-13,19557581;-11,4527946;Annual;01/01/80
ZWE;Zimbabwe;AUS;Australia;Health;Persons;2001;768,5007295;883,4524882;-9,579313227;-8,853484036;Annual;01/01/80
ZWE;Zimbabwe;AUS;Australia;Health;Persons;2002;735,1481811;723,7809944;0,947265556;0,529140814;Annual;01/01/80
ZWE;Zimbabwe;AUS;Australia;Health;Persons;2003;453,8367385;526,9300766;-6,091111507;-5,094676489;Annual;01/01/80
ZWE;Zimbabwe;AUS;Australia;Health;Persons;2004;682,4165789;703,5746214;-1,763170204;-1,590578665;Annual;01/01/80
ZWE;Zimbabwe;AUS;Australia;Health;Persons;2005;729,1614764;794,4478983;-5,440535155;-4,86425783;Annual;01/01/80
ZWE;Zimbabwe;AUS;Australia;Health;Persons;2006;751,5754595;825,9529084;-6,198120744;-5,618004216;Annual;01/01/80
ZWE;Zimbabwe;AUS;Australia;Health;Persons;2007;939,8745557;985,8473716;-3,831067996;-3,638147194;Annual;01/01/80
ZWE;Zimbabwe;AUS;Australia;Health;Persons;2008;733,2394898;884,4081938;-12,597392;-11,43304212;Annual;01/01/80
ZWE;Zimbabwe;AUS;Australia;Health;Persons;2009;905,6824293;1062,799912;-13,09312357;-11,81031615;Annual;01/01/80
ZWE;Zimbabwe;AUS;Australia;Health;Persons;2010;582,886849;670,9982955;-7,34262054;-6,187845087;Annual;01/01/80
ZWE;Zimbabwe;AUS;Australia;Health;Persons;2011;616,540376;646,7906694;-2,520857788;-2,349169208;Annual;01/01/80
ZWE;Zimbabwe;AUS;Australia;Health;Persons;2012;841,09683;885,7195383;-3,71855903;-3,916022245;Annual;01/01/80
ZWE;Zimbabwe;AUS;Australia;Health;Persons;2013;630,14589;726,8448427;-8,058246063;-6,613194072;Annual;01/01/80
ZWE;Zimbabwe;AUS;Australia;Health;Persons;2014;871,6176958;938,657962;-5,586688846;-4,642513686;Annual;01/01/80
ZWE;Zimbabwe;AUS;Australia;Health;Persons;2015;711,7922173;780,5740968;-5,731823292;-5,703274168;Annual;01/01/80
ZWE;Zimbabwe;AUS;Australia;Health;Persons;2016;588,1430531;664,9119711;-6,397409833;-5,929353011;Annual;01/01/80
ZWE;Zimbabwe;AUS;Australia;Health;Persons;2017;798,6861817;991,1967376;-16,04254633;-14,2256842;Annual;01/01/80
ZWE;Zimbabwe;AUS;Australia;Health;Persons;2018;733,0997857;809,2987643;-6,349914885;-5,772617294;Annual;01/01/80
ZWE;Zimbabwe;AUS;Australia;Health;Persons;2019;446,4087187;503,8391781;-4,785871615;-4,138143165;Annual;01/01/80
ZWE;Zimbabwe;AUS;Australia;Health;Persons;2020;671,9389219;719,2388881;-3,941663849;-3,68136521;Annual;01/01/80
ZWE;Zimbabwe;AUS;Australia;Health;Persons;2021;626,3469116;644,6086737;-1,521813502;-1,294437556;Annual;01/01/80
ZWE;Zimbabwe;AUS;Australia;Health;Persons;2022;731,3662104;813,631983;-6,855481055;-5,957473964;Annual;01/01/80
ZWE;Zimbabwe;AUS;Australia;Health;Persons;2023;700,5340347;841,8497957;-11,77631342;-11,18068426;Annual;01/01/80
ZWE;Zimbabwe;AUS;Australia;Health;Persons;2024;679,8572852;688,4145631;-0,713106491;-0,511892124;Annual;01/01/80
ZWE;Zimbabwe;AUS;Australia;Health;Persons;2025;722,2702119;848,8723726;-10,55018006;-9,327758416;Annual;01/01/80
ZWE;Zimbabwe;AUS;Australia;Health;Persons;2026;624,0158835;694,2404196;-7,802726237;-7,658546657;Annual;01/01/80
ZWE;Zimbabwe;AUS;Australia;ICT;Persons;1980;822,7237913;938,9615074;-9,686476343;-9,065624674;Annual;01/01/80
ZWE;Zimbabwe;AUS;Australia;ICT;Persons;1981;708,6231304;823,795428;-9,597691462;-8,099354411;Annual;01/01/80
ZWE;Zimbabwe;AUS;Australia;ICT;Persons;1982;714,3316881;775,1358239;-5,067011323;-4,451843377;Annual;01/01/80
ZWE;Zimbabwe;AUS;Australia;ICT;Persons;1983;651,9364705;693,9926743;-3,504683655;-2,636555091;Annual;01/01/80
ZWE;Zimbabwe;AUS;Australia;ICT;Persons;1984;687,1376708;733,1160982;-3,83153562;-3,601306786;Annual;01/01/80
ZWE;Zimbabwe;AUS;Australia;ICT;Persons;1985;659,1730952;660,6507443;-0,123137421;0,018087165;Annual;01/01/80
ZWE;Zimbabwe;AUS;Australia;ICT;Persons;1986;1029,432368;1137,776146;-9,028648161;-8,752156192;Annual;01/01/80
ZWE;Zimbabwe;AUS;Australia;ICT;Persons;1987;652,0459493;715,784799;-5,311570809;-5,218480285;Annual;01/01/80
ZWE;Zimbabwe;AUS;Australia;ICT;Persons;1988;599,340467;694,9250713;-7,965383694;-7,230824012;Annual;01/01/80
ZWE;Zimbabwe;AUS;Australia;ICT;Persons;1989;688,7230221;739,8092098;-4,257182301;-3,413993684;Annual;01/01/80
ZWE;Zimbabwe;AUS;Australia;ICT;Persons;1990;896,703606;947,5315289;-4,235660237;-4,085376966;Annual;01/01/80
ZWE;Zimbabwe;AUS;Australia;ICT;Persons;1991;649,9529726;805,2284542;-12,93962347;-11,89995272;Annual;01/01/80
ZWE;Zimbabwe;AUS;Australia;ICT;Persons;1992;815,7549221;917,3241987;-8,464106384;-7,359048145;Annual;01/01/80
ZWE;Zimbabwe;AUS;Australia;ICT;Persons;1993;589,8864954;707,4896473;-9,800262654;-8,697141334;Annual;01/01/80
ZWE;Zimbabwe;AUS;Australia;ICT;Persons;1994;608,0526139;653,5587029;-3,792174086;-3,208463571;Annual;01/01/80
ZWE;Zimbabwe;AUS;Australia;ICT;Persons;1995;596,446554;656,9658194;-5,04327212;-4,172696522;Annual;01/01/80
ZWE;Zimbabwe;AUS;Australia;ICT;Persons;1996;996,1988744;1085,301583;-7,425225717;-6,666648025;Annual;01/01/80
ZWE;Zimbabwe;AUS;Australia;ICT;Persons;1997;540,8641381;637,5731492;-8,059084262;-6,997524092;Annual;01/01/80
ZWE;Zimbabwe;AUS;Australia;ICT;Persons;1998;765,551388;740,3655357;2,098821025;2,295228438;Annual;01/01/80
ZWE;Zimbabwe;AUS;Australia;ICT;Persons;1999;802,8440951;795,459804;0,615357588;0,304347359;Annual;01/01/80
ZWE;Zimbabwe;AUS;Australia;ICT;Persons;2000;637,9369219;622,4235226;1,292783271;1,109502145;Annual;01/01/80
ZWE;Zimbabwe;AUS;Australia;ICT;Persons;2001;564,8993802;594,0925691;-2,432765747;-2,158104188;Annual;01/01/80
ZWE;Zimbabwe;AUS;Australia;ICT;Persons;2002;647,8514522;683,8169279;-2,997122974;-2,42383505;Annual;01/01/80
ZWE;Zimbabwe;AUS;Australia;ICT;Persons;2003;582,6406959;680,2962398;-8,137961992;-7,677994683;Annual;01/01/80
ZWE;Zimbabwe;AUS;Australia;ICT;Persons;2004;737,0735485;815,4113736;-6,528152086;-6,000359151;Annual;01/01/80
ZWE;Zimbabwe;AUS;Australia;ICT;Persons;2005;901,9705288;907,2098259;-0,436608093;0,150561579;Annual;01/01/80
ZWE;Zimbabwe;AUS;Australia;ICT;Persons;2006;792,3271758;881,179952;-7,404398016;-6,287568472;Annual;01/01/80
ZWE;Zimbabwe;AUS;Australia;ICT;Persons;2007;571,8529405;684,333691;-9,373395881;-7,910318231;Annual;01/01/80
ZWE;Zimbabwe;AUS;Australia;ICT;Persons;2008;653,2699024;686,6619009;-2,782666543;-2,834737481;Annual;01/01/80
ZWE;Zimbabwe;AUS;Australia;ICT;Persons;2009;667,421157;672,4107028;-0,415795482;-0,483794649;Annual;01/01/80
ZWE;Zimbabwe;AUS;Australia;ICT;Persons;2010;885,6536669;986,6045607;-8,412574482;-7,341854002;Annual;01/01/80
ZWE;Zimbabwe;AUS;Australia;ICT;Persons;2011;772,8882006;928,8743004;-12,99884165;-13,10299876;Annual;01/01/80
ZWE;Zimbabwe;AUS;Australia;ICT;Persons;2012;706,0611572;781,6445672;-6,298617498;-6,104208692;Annual;01/01/80
ZWE;Zimbabwe;AUS;Australia;ICT;Persons;2013;680,6516855;661,7748955;1,573065832;1,173269759;Annual;01/01/80
ZWE;Zimbabwe;AUS;Australia;ICT;Persons;2014;791,8173886;827,6977796;-2,990032583;-2,638373819;Annual;01/01/80
ZWE;Zimbabwe;AUS;Australia;ICT;Persons;2015;735,6899926;802,3079354;-5,551495233;-5,182411552;Annual;01/01/80
ZWE;Zimbabwe;AUS;Australia;ICT;Persons;2016;809,758978;911,327604;-8,464052169;-7,787323415;Annual;01/01/80
ZWE;Zimbabwe;AUS;Australia;ICT;Persons;2017;637,6902659;672,3741557;-2,890324148;-2,453979567;Annual;01/01/80
ZWE;Zimbabwe;AUS;Australia;ICT;Persons;2018;640,5433441;701,6845645;-5,095101695;-4,445616974;Annual;01/01/80
ZWE;Zimbabwe;AUS;Australia;ICT;Persons;2019;712,0908955;785,3401796;-6,104107011;-5,622277457;Annual;01/01/80
ZWE;Zimbabwe;AUS;Australia;ICT;Persons;2020;597,158957;654,8873579;-4,810700069;-4,329031063;Annual;01/01/80
ZWE;Zimbabwe;AUS;Australia;ICT;Persons;2021;697,8475688;737,6474313;-3,316655206;-2,935566845;Annual;01/01/80
ZWE;Zimbabwe;AUS;Australia;ICT;Persons;2022;641,5888172;754,1527708;-9,380329465;-8,187836117;Annual;01/01/80
ZWE;Zimbabwe;AUS;Australia;ICT;Persons;2023;630,2762688;661,6413429;-2,613756171;-2,311400156;Annual;01/01/80
ZWE;Zimbabwe;AUS;Australia;ICT;Persons;2024;632,8825717;635,2203363;-0,194813717;-0,123641662;Annual;01/01/80
ZWE;Zimbabwe;AUS;Australia;ICT;Persons;2025;792,0965328;907,1231313;-9,585549872;-8,454543692;Annual;01/01/80
ZWE;Zimbabwe;AUS;Australia;ICT;Persons;2026;631,344266;691,9349823;-6,732301815;-5,535552058;Annual;01/01/80
ZWE;Zimbabwe;AUS;Australia;Manufacturing;Persons;1980;587,4909441;591,4819865;-0,332586862;-0,188267152;Annual;01/01/80
ZWE;Zimbabwe;AUS;Australia;Manufacturing;Persons;1981;671,7325413;580,9995614;7,561081659;7,353545112;Annual;01/01/80
ZWE;Zimbabwe;AUS;Australia;Manufacturing;Persons;1982;674,7617315;749,497414;-6,227973542;-5,991709389;Annual;01/01/80
ZWE;Zimbabwe;AUS;Australia;Manufacturing;Persons;1983;579,0705658;633,7308313;-4,555022125;-3,694023337;Annual;01/01/80
ZWE;Zimbabwe;AUS;Australia;Manufacturing;Persons;1984;735,9993358;836,1210635;-8,343477313;-7,626709089;Annual;01/01/80
ZWE;Zimbabwe;AUS;Australia;Manufacturing;Persons;1985;653,7016752;732,2835009;-6,548485481;-6,512663724;Annual;01/01/80
ZWE;Zimbabwe;AUS;Australia;Manufacturing;Persons;1986;733,4245132;710,5806819;1,903652615;1,523628638;Annual;01/01/80
ZWE;Zimbabwe;AUS;Australia;Manufacturing;Persons;1987;738,8254685;767,4195215;-2,38283775;-2,356552168;Annual;01/01/80
ZWE;Zimbabwe;AUS;Australia;Manufacturing;Persons;1988;717,0513143;772,1040214;-4,587725587;-4,164536677;Annual;01/01/80
ZWE;Zimbabwe;AUS;Australia;Manufacturing;Persons;1989;775,8336686;833,1471606;-4,776124336;-4,266372105;Annual;01/01/80
ZWE;Zimbabwe;AUS;Australia;Manufacturing;Persons;1990;564,8766059;622,8942272;-4,834801778;-4,606947176;Annual;01/01/80
ZWE;Zimbabwe;AUS;Australia;Manufacturing;Persons;1991;738,9374144;794,1146041;-4,598099142;-4,465161778;Annual;01/01/80
ZWE;Zimbabwe;AUS;Australia;Manufacturing;Persons;1992;705,8875749;775,6558471;-5,814022685;-5,499170261;Annual;01/01/80
ZWE;Zimbabwe;AUS;Australia;Manufacturing;Persons;1993;813,9435887;892,9865878;-6,586916591;-5,523632698;Annual;01/01/80
ZWE;Zimbabwe;AUS;Australia;Manufacturing;Persons;1994;729,6169445;838,9593154;-9,111864241;-8,201032894;Annual;01/01/80
ZWE;Zimbabwe;AUS;Australia;Manufacturing;Persons;1995;651,5247364;715,5484918;-5,335312948;-4,176165485;Annual;01/01/80
ZWE;Zimbabwe;AUS;Australia;Manufacturing;Persons;1996;577,4027897;614,2763676;-3,072798158;-2,566646488;Annual;01/01/80
ZWE;Zimbabwe;AUS;Australia;Manufacturing;Persons;1997;883,1402612;1008,252677;-10,42603461;-9,174308679;Annual;01/01/80
ZWE;Zimbabwe;AUS;Australia;Manufacturing;Persons;1998;905,7295395;942,2528291;-3,043607468;-2,199782264;Annual;01/01/80
ZWE;Zimbabwe;AUS;Australia;Manufacturing;Persons;1999;719,5236701;778,2542655;-4,894216278;-4,094698538;Annual;01/01/80
ZWE;Zimbabwe;AUS;Australia;Manufacturing;Persons;2000;707,7543549;725,303253;-1,462408172;-1,251109627;Annual;01/01/80
ZWE;Zimbabwe;AUS;Australia;Manufacturing;Persons;2001;783,5603565;817,2022086;-2,803487671;-2,256256145;Annual;01/01/80
ZWE;Zimbabwe;AUS;Australia;Manufacturing;Persons;2002;902,3741046;974,8485363;-6,039535976;-4,730207056;Annual;01/01/80
ZWE;Zimbabwe;AUS;Australia;Manufacturing;Persons;2003;755,2938215;873,2926181;-9,83323305;-8,407200259;Annual;01/01/80
ZWE;Zimbabwe;AUS;Australia;Manufacturing;Persons;2004;785,8021452;800,1711635;-1,197418192;-1,149025441;Annual;01/01/80
ZWE;Zimbabwe;AUS;Australia;Manufacturing;Persons;2005;628,0412086;732,7761396;-8,727910913;-7,600806611;Annual;01/01/80
ZWE;Zimbabwe;AUS;Australia;Manufacturing;Persons;2006;666,5185425;696,0487593;-2,460851395;-2,630455327;Annual;01/01/80
ZWE;Zimbabwe;AUS;Australia;Manufacturing;Persons;2007;866,6397514;846,4256654;1,684507164;1,503967014;Annual;01/01/80
ZWE;Zimbabwe;AUS;Australia;Manufacturing;Persons;2008;695,5201743;772,4181366;-6,40816352;-5,759593322;Annual;01/01/80
ZWE;Zimbabwe;AUS;Australia;Manufacturing;Persons;2009;676,4648659;758,9016765;-6,869734222;-5,930826547;Annual;01/01/80
ZWE;Zimbabwe;AUS;Australia;Manufacturing;Persons;2010;691,0767006;739,4529799;-4,031356602;-3,668754792;Annual;01/01/80
ZWE;Zimbabwe;AUS;Australia;Manufacturing;Persons;2011;663,9008641;787,664044;-10,31359832;-9,334642347;Annual;01/01/80
ZWE;Zimbabwe;AUS;Australia;Manufacturing;Persons;2012;599,2777646;717,5321102;-9,8545288;-8,681219199;Annual;01/01/80
ZWE;Zimbabwe;AUS;Australia;Manufacturing;Persons;2013;589,3765857;612,3316097;-1,912918665;-2,027618261;Annual;01/01/80
ZWE;Zimbabwe;AUS;Australia;Manufacturing;Persons;2014;691,5519288;774,2183613;-6,888869373;-6,099647669;Annual;01/01/80
ZWE;Zimbabwe;AUS;Australia;Manufacturing;Persons;2015;628,855286;699,5982016;-5,895242969;-5,684960178;Annual;01/01/80
ZWE;Zimbabwe;AUS;Australia;Manufacturing;Persons;2016;804,7513145;943,3470215;-11,54964225;-10,81614806;Annual;01/01/80
ZWE;Zimbabwe;AUS;Australia;Manufacturing;Persons;2017;604,1842538;752,9738189;-12,39913043;-10,87654586;Annual;01/01/80
ZWE;Zimbabwe;AUS;Australia;Manufacturing;Persons;2018;868,8715686;908,3946637;-3,293591263;-3,488433622;Annual;01/01/80
ZWE;Zimbabwe;AUS;Australia;Manufacturing;Persons;2019;588,6410845;592,8086315;-0,347295585;-0,529052375;Annual;01/01/80
ZWE;Zimbabwe;AUS;Australia;Manufacturing;Persons;2020;599,8011639;622,7682945;-1,91392755;-2,130427306;Annual;01/01/80
ZWE;Zimbabwe;AUS;Australia;Manufacturing;Persons;2021;648,5216785;730,1579214;-6,803020241;-6,324371604;Annual;01/01/80
ZWE;Zimbabwe;AUS;Australia;Manufacturing;Persons;2022;838,751446;910,1504432;-5,949916437;-5,051421847;Annual;01/01/80
ZWE;Zimbabwe;AUS;Australia;Manufacturing;Persons;2023;887,7193369;906,7042602;-1,582076944;-1,471111064;Annual;01/01/80
ZWE;Zimbabwe;AUS;Australia;Manufacturing;Persons;2024;896,7227797;979,1988794;-6,873008306;-5,984911124;Annual;01/01/80
ZWE;Zimbabwe;AUS;Australia;Manufacturing;Persons;2025;615,84687;593,5076213;1,861604064;1,934407974;Annual;01/01/80
ZWE;Zimbabwe;AUS;Australia;Manufacturing;Persons;2026;679,0642766;737,3076881;-6,471490166;-4,91836517;Annual;01/01/80
ZWE;Zimbabwe;AUS;Australia;Mining;Persons;1980;940,8102506;915,9141525;2,074674837;3,006693277;Annual;01/01/80
ZWE;Zimbabwe;AUS;Australia;Mining;Persons;1981;731,3680069;837,629157;-8,855095841;-7,388554031;Annual;01/01/80
ZWE;Zimbabwe;AUS;Australia;Mining;Persons;1982;834,6929438;922,1743557;-7,29011766;-7,173262021;Annual;01/01/80
ZWE;Zimbabwe;AUS;Australia;Mining;Persons;1983;870,4854241;945,1238429;-6,219868231;-6,13093759;Annual;01/01/80
ZWE;Zimbabwe;AUS;Australia;Mining;Persons;1984;677,5339831;610,566858;5,580593762;5,874824643;Annual;01/01/80
ZWE;Zimbabwe;AUS;Australia;Mining;Persons;1985;619,8653357;760,4748804;-11,71746206;-9,798733477;Annual;01/01/80
ZWE;Zimbabwe;AUS;Australia;Mining;Persons;1986;597,3878861;674,5504371;-6,43021258;-5,915539885;Annual;01/01/80
ZWE;Zimbabwe;AUS;Australia;Mining;Persons;1987;859,2696928;904,5545159;-3,773735255;-2,444671455;Annual;01/01/80
ZWE;Zimbabwe;AUS;Australia;Mining;Persons;1988;635,8331145;736,2175115;-8,365366418;-7,103003939;Annual;01/01/80
ZWE;Zimbabwe;AUS;Australia;Mining;Persons;1989;789,0671225;823,4215558;-2,862869442;-2,177669988;Annual;01/01/80
ZWE;Zimbabwe;AUS;Australia;Mining;Persons;1990;854,601564;908,3043056;-4,475228473;-3,955426548;Annual;01/01/80
ZWE;Zimbabwe;AUS;Australia;Mining;Persons;1991;609,5382544;585,0647992;2,039454599;2,14655784;Annual;01/01/80
ZWE;Zimbabwe;AUS;Australia;Mining;Persons;1992;666,0528138;653,9834414;1,005781031;1,067597365;Annual;01/01/80
ZWE;Zimbabwe;AUS;Australia;Mining;Persons;1993;792,0715162;818,80098;-2,227455313;-2,184962421;Annual;01/01/80
ZWE;Zimbabwe;AUS;Australia;Mining;Persons;1994;776,1019601;900,6331542;-10,37759951;-9,494190811;Annual;01/01/80
ZWE;Zimbabwe;AUS;Australia;Mining;Persons;1995;670,5205279;727,0035976;-4,706922478;-4,425648722;Annual;01/01/80
ZWE;Zimbabwe;AUS;Australia;Mining;Persons;1996;554,5389034;603,4904239;-4,079293369;-3,894100162;Annual;01/01/80
ZWE;Zimbabwe;AUS;Australia;Mining;Persons;1997;641,3633751;643,6188275;-0,187954367;-0,890629544;Annual;01/01/80
ZWE;Zimbabwe;AUS;Australia;Mining;Persons;1998;499,8692914;582,018707;-6,845784628;-5,361634881;Annual;01/01/80
ZWE;Zimbabwe;AUS;Australia;Mining;Persons;1999;736,3921795;734,5975574;0,149551837;0,337395885;Annual;01/01/80
ZWE;Zimbabwe;AUS;Australia;Mining;Persons;2000;682,02948;708,9180351;-2,240712925;-1,88138149;Annual;01/01/80
ZWE;Zimbabwe;AUS;Australia;Mining;Persons;2001;548,8732538;668,52152;-9,970688848;-9,861715622;Annual;01/01/80
ZWE;Zimbabwe;AUS;Australia;Mining;Persons;2002;694,5726473;699,074664;-0,375168058;-0,959108092;Annual;01/01/80
ZWE;Zimbabwe;AUS;Australia;Mining;Persons;2003;825,406782;847,8530704;-1,87052404;-1,904256798;Annual;01/01/80
ZWE;Zimbabwe;AUS;Australia;Mining;Persons;2004;847,6602475;1002,314956;-12,88789242;-12,2167817;Annual;01/01/80
ZWE;Zimbabwe;AUS;Australia;Mining;Persons;2005;782,7401913;933,2087044;-12,53904276;-10,80242077;Annual;01/01/80
ZWE;Zimbabwe;AUS;Australia;Mining;Persons;2006;693,7121487;720,9424218;-2,269189424;-2,24883117;Annual;01/01/80
ZWE;Zimbabwe;AUS;Australia;Mining;Persons;2007;735,1520701;836,7792764;-8,468933863;-7,704445035;Annual;01/01/80
ZWE;Zimbabwe;AUS;Australia;Mining;Persons;2008;779,7717512;879,4645281;-8,30773141;-8,169380379;Annual;01/01/80
ZWE;Zimbabwe;AUS;Australia;Mining;Persons;2009;605,3311514;659,7777692;-4,537218147;-3,505676605;Annual;01/01/80
ZWE;Zimbabwe;AUS;Australia;Mining;Persons;2010;703,6219826;817,2102023;-9,465684977;-8,663057788;Annual;01/01/80
ZWE;Zimbabwe;AUS;Australia;Mining;Persons;2011;580,2613825;630,7044507;-4,203589019;-4,351115775;Annual;01/01/80
ZWE;Zimbabwe;AUS;Australia;Mining;Persons;2012;825,2552809;942,2494172;-9,749511357;-8,905335888;Annual;01/01/80
ZWE;Zimbabwe;AUS;Australia;Mining;Persons;2013;629,2828032;766,7716126;-11,45740078;-10,61251443;Annual;01/01/80
ZWE;Zimbabwe;AUS;Australia;Mining;Persons;2014;717,9497469;716,0343558;0,159615928;0,187841985;Annual;01/01/80
ZWE;Zimbabwe;AUS;Australia;Mining;Persons;2015;563,8068903;625,3351156;-5,127352103;-5,001010045;Annual;01/01/80
ZWE;Zimbabwe;AUS;Australia;Mining;Persons;2016;875,0100272;918,2791859;-3,605763224;-3,232039694;Annual;01/01/80
ZWE;Zimbabwe;AUS;Australia;Mining;Persons;2017;878,9689805;975,5859711;-8,051415888;-7,557620512;Annual;01/01/80
ZWE;Zimbabwe;AUS;Australia;Mining;Persons;2018;617,2872973;707,6538643;-7,530547256;-6,773912908;Annual;01/01/80
ZWE;Zimbabwe;AUS;Australia;Mining;Persons;2019;707,6159843;767,9539432;-5,028163239;-5,140187787;Annual;01/01/80
ZWE;Zimbabwe;AUS;Australia;Mining;Persons;2020;801,5539448;929,3295871;-10,64797019;-9,435007986;Annual;01/01/80
ZWE;Zimbabwe;AUS;Australia;Mining;Persons;2021;741,0618775;786,1782623;-3,759698739;-3,449313847;Annual;01/01/80
ZWE;Zimbabwe;AUS;Australia;Mining;Persons;2022;560,4430078;547,6782039;1,063733656;0,856201785;Annual;01/01/80
ZWE;Zimbabwe;AUS;Australia;Mining;Persons;2023;691,9619013;689,4510834;0,209234821;0,668108303;Annual;01/01/80
ZWE;Zimbabwe;AUS;Australia;Mining;Persons;2024;647,0698829;640,1210943;0,579065714;0,514957641;Annual;01/01/80
ZWE;Zimbabwe;AUS;Australia;Mining;Persons;2025;644,3735687;686,5180683;-3,512041632;-3,61199543;Annual;01/01/80
ZWE;Zimbabwe;AUS;Australia;Mining;Persons;2026;541,082058;604,9651509;-7,098121438;-5,925488982;Annual;01/01/80
ZWE;Zimbabwe;AUS;Australia;Other;Persons;1980;650,4356427;703,9532812;-4,459803211;-4,096035149;Annual;01/01/80
ZWE;Zimbabwe;AUS;Australia;Other;Persons;1981;647,1956681;684,0619133;-3,072187103;-2,875545954;Annual;01/01/80
ZWE;Zimbabwe;AUS;Australia;Other;Persons;1982;656,9881571;644,6243598;1,030316447;1,236489322;Annual;01/01/80
ZWE;Zimbabwe;AUS;Australia;Other;Persons;1983;732,2568882;782,3447912;-4,173991916;-3,990981045;Annual;01/01/80
ZWE;Zimbabwe;AUS;Australia;Other;Persons;1984;902,7647089;913,7223887;-0,913139979;-0,970270638;Annual;01/01/80
ZWE;Zimbabwe;AUS;Australia;Other;Persons;1985;803,1897299;744,4747587;4,892914268;4,181386279;Annual;01/01/80
ZWE;Zimbabwe;AUS;Australia;Other;Persons;1986;920,8559973;973,5181504;-4,388512761;-4,680332897;Annual;01/01/80
ZWE;Zimbabwe;AUS;Australia;Other;Persons;1987;681,7857516;745,9952663;-5,350792894;-4,561583355;Annual;01/01/80
ZWE;Zimbabwe;AUS;Australia;Other;Persons;1988;686,4042753;751,9667905;-5,463542938;-5,420794994;Annual;01/01/80
ZWE;Zimbabwe;AUS;Australia;Other;Persons;1989;813,6560616;795,7763348;1,489977235;0,975296173;Annual;01/01/80
ZWE;Zimbabwe;AUS;Australia;Other;Persons;1990;590,014461;578,1662146;0,987353867;1,091267838;Annual;01/01/80
ZWE;Zimbabwe;AUS;Australia;Other;Persons;1991;739,8070549;693,9370632;3,822499314;3,392721672;Annual;01/01/80
ZWE;Zimbabwe;AUS;Australia;Other;Persons;1992;852,3025667;921,5612895;-5,77156023;-5,444323704;Annual;01/01/80
ZWE;Zimbabwe;AUS;Australia;Other;Persons;1993;541,1864979;526,1407226;1,253814609;0,784969542;Annual;01/01/80
ZWE;Zimbabwe;AUS;Australia;Other;Persons;1994;609,2160894;678,3211516;-5,758755183;-5,078029075;Annual;01/01/80
ZWE;Zimbabwe;AUS;Australia;Other;Persons;1995;683,0502576;773,341515;-7,52427145;-6,315795472;Annual;01/01/80
ZWE;Zimbabwe;AUS;Australia;Other;Persons;1996;737,6263623;717,1842923;1,703505839;1,639459854;Annual;01/01/80
ZWE;Zimbabwe;AUS;Australia;Other;Persons;1997;744,1967692;849,2068011;-8,750835996;-7,543215637;Annual;01/01/80
ZWE;Zimbabwe;AUS;Australia;Other;Persons;1998;693,1553796;694,9395304;-0,148679232;0,050748388;Annual;01/01/80
ZWE;Zimbabwe;AUS;Australia;Other;Persons;1999;891,2872513;1013,752421;-10,20543085;-9,725144977;Annual;01/01/80
ZWE;Zimbabwe;AUS;Australia;Other;Persons;2000;630,634922;693,7314431;-5,258043426;-4,499285631;Annual;01/01/80
ZWE;Zimbabwe;AUS;Australia;Other;Persons;2001;613,2479973;611,7102779;0,128143281;-0,010920625;Annual;01/01/80
ZWE;Zimbabwe;AUS;Australia;Other;Persons;2002;608,7357299;633,8794021;-2,095306013;-2,033669063;Annual;01/01/80
ZWE;Zimbabwe;AUS;Australia;Other;Persons;2003;602,3459516;643,8649372;-3,459915464;-3,713706851;Annual;01/01/80
ZWE;Zimbabwe;AUS;Australia;Other;Persons;2004;723,657649;783,84544;-5,015649256;-4,544394649;Annual;01/01/80
ZWE;Zimbabwe;AUS;Australia;Other;Persons;2005;766,4332739;838,3109799;-5,989808831;-5,173240727;Annual;01/01/80
ZWE;Zimbabwe;AUS;Australia;Other;Persons;2006;654,3109069;697,1475342;-3,569718941;-2,638065676;Annual;01/01/80
ZWE;Zimbabwe;AUS;Australia;Other;Persons;2007;533,6641598;566,2425796;-2,714868313;-2,502553746;Annual;01/01/80
ZWE;Zimbabwe;AUS;Australia;Other;Persons;2008;702,832447;816,1464178;-9,442830898;-8,195662557;Annual;01/01/80
ZWE;Zimbabwe;AUS;Australia;Other;Persons;2009;765,3867217;812,9804647;-3,966145254;-3,229815505;Annual;01/01/80
ZWE;Zimbabwe;AUS;Australia;Other;Persons;2010;867,1911415;951,0268169;-6,986306283;-6,078961679;Annual;01/01/80
ZWE;Zimbabwe;AUS;Australia;Other;Persons;2011;679,6207277;720,4456847;-3,402079745;-3,225107417;Annual;01/01/80
ZWE;Zimbabwe;AUS;Australia;Other;Persons;2012;833,330022;1032,820699;-16,6242231;-14,30804412;Annual;01/01/80
ZWE;Zimbabwe;AUS;Australia;Other;Persons;2013;814,8178025;866,6648553;-4,320587731;-3,796506479;Annual;01/01/80
ZWE;Zimbabwe;AUS;Australia;Other;Persons;2014;709,7489191;795,3218443;-7,131077106;-6,725061602;Annual;01/01/80
ZWE;Zimbabwe;AUS;Australia;Other;Persons;2015;772,0894519;833,7974347;-5,142331904;-4,399365704;Annual;01/01/80
ZWE;Zimbabwe;AUS;Australia;Other;Persons;2016;528,5264254;571,8686909;-3,611855462;-3,024353677;Annual;01/01/80
ZWE;Zimbabwe;AUS;Australia;Other;Persons;2017;658,1970858;798,76219;-11,71375869;-11,25088018;Annual;01/01/80
ZWE;Zimbabwe;AUS;Australia;Other;Persons;2018;466,442556;492,6368588;-2,18285857;-2,246725687;Annual;01/01/80
ZWE;Zimbabwe;AUS;Australia;Other;Persons;2019;592,2480992;623,6119191;-2,613651659;-2,370027048;Annual;01/01/80
ZWE;Zimbabwe;AUS;Australia;Other;Persons;2020;717,7779552;827,7254038;-9,162287388;-8,017433107;Annual;01/01/80
ZWE;Zimbabwe;AUS;Australia;Other;Persons;2021;603,2836311;573,4473498;2,486356779;2,334160698;Annual;01/01/80
ZWE;Zimbabwe;AUS;Australia;Other;Persons;2022;680,6586791;705,9279844;-2,105775445;-2,476231272;Annual;01/01/80
ZWE;Zimbabwe;AUS;Australia;Other;Persons;2023;599,0527626;577,4279723;1,802065859;1,418240761;Annual;01/01/80
ZWE;Zimbabwe;AUS;Australia;Other;Persons;2024;733,5149432;904,8425664;-14,27730193;-13,00869252;Annual;01/01/80
ZWE;Zimbabwe;AUS;Australia;Other;Persons;2025;641,4586332;830,7959958;-15,77811355;-15,01865297;Annual;01/01/80
ZWE;Zimbabwe;AUS;Australia;Other;Persons;2026;461,7450016;480,2706154;-2,058401542;-1,111952259;Annual;01/01/80
ZWE;Zimbabwe;AUS;Australia;Public Services;Persons;1980;729,3850419;840,9473236;-9,296856803;-8,587485822;Annual;01/01/80
ZWE;Zimbabwe;AUS;Australia;Public Services;Persons;1981;762,275226;876,7567714;-9,540128789;-8,652857583;Annual;01/01/80
ZWE;Zimbabwe;AUS;Australia;Public Services;Persons;1982;851,3044686;906,818064;-4,626132949;-4,434208813;Annual;01/01/80
ZWE;Zimbabwe;AUS;Australia;Public Services;Persons;1983;683,5489408;643,6115912;3,328112471;3,211387635;Annual;01/01/80
ZWE;Zimbabwe;AUS;Australia;Public Services;Persons;1984;623,9130987;693,3826536;-5,78912957;-5,067453508;Annual;01/01/80
ZWE;Zimbabwe;AUS;Australia;Public Services;Persons;1985;677,8670942;698,8424875;-1,74794944;-2,143538506;Annual;01/01/80
ZWE;Zimbabwe;AUS;Australia;Public Services;Persons;1986;675,7389806;779,4729726;-8,644499339;-8,268446298;Annual;01/01/80
ZWE;Zimbabwe;AUS;Australia;Public Services;Persons;1987;508,8691398;546,6788128;-3,150806088;-2,832681307;Annual;01/01/80
ZWE;Zimbabwe;AUS;Australia;Public Services;Persons;1988;760,6694748;842,2034727;-6,794499819;-6,060613546;Annual;01/01/80
ZWE;Zimbabwe;AUS;Australia;Public Services;Persons;1989;662,0117326;642,2846204;1,643926014;1,260775904;Annual;01/01/80
ZWE;Zimbabwe;AUS;Australia;Public Services;Persons;1990;835,6526792;894,5156463;-4,905247259;-5,161243569;Annual;01/01/80
ZWE;Zimbabwe;AUS;Australia;Public Services;Persons;1991;900,9825132;919,0017264;-1,501601102;-0,798321608;Annual;01/01/80
ZWE;Zimbabwe;AUS;Australia;Public Services;Persons;1992;667,7614723;802,8650325;-11,25863002;-10,61703089;Annual;01/01/80
ZWE;Zimbabwe;AUS;Australia;Public Services;Persons;1993;725,6019383;746,2670283;-1,722090831;-1,022352912;Annual;01/01/80
ZWE;Zimbabwe;AUS;Australia;Public Services;Persons;1994;667,4687235;706,1310843;-3,221863398;-3,389230625;Annual;01/01/80
ZWE;Zimbabwe;AUS;Australia;Public Services;Persons;1995;626,5937677;693,0866802;-5,541076039;-5,418765629;Annual;01/01/80
ZWE;Zimbabwe;AUS;Australia;Public Services;Persons;1996;706,0106939;704,1483172;0,155198063;0,450154031;Annual;01/01/80
ZWE;Zimbabwe;AUS;Australia;Public Services;Persons;1997;574,4827292;584,363774;-0,8234204;-0,625039928;Annual;01/01/80
ZWE;Zimbabwe;AUS;Australia;Public Services;Persons;1998;793,807998;881,8284734;-7,335039622;-5,505232512;Annual;01/01/80
ZWE;Zimbabwe;AUS;Australia;Public Services;Persons;1999;748,1841463;768,8459288;-1,721815205;-1,69666218;Annual;01/01/80
ZWE;Zimbabwe;AUS;Australia;Public Services;Persons;2000;828,541887;911,1976815;-6,887982873;-6,516033687;Annual;01/01/80
ZWE;Zimbabwe;AUS;Australia;Public Services;Persons;2001;739,7551429;790,4270936;-4,222662565;-3,834220978;Annual;01/01/80
ZWE;Zimbabwe;AUS;Australia;Public Services;Persons;2002;787,7459743;915,5210897;-10,64792628;-10,0804072;Annual;01/01/80
ZWE;Zimbabwe;AUS;Australia;Public Services;Persons;2003;700,6316497;744,0789311;-3,620606782;-3,800426963;Annual;01/01/80
ZWE;Zimbabwe;AUS;Australia;Public Services;Persons;2004;551,1066263;543,2874225;0,651600316;0,663102071;Annual;01/01/80
ZWE;Zimbabwe;AUS;Australia;Public Services;Persons;2005;573,0967209;625,5819446;-4,373768638;-4,618088031;Annual;01/01/80
ZWE;Zimbabwe;AUS;Australia;Public Services;Persons;2006;811,8512571;922,4280115;-9,214729533;-6,820085512;Annual;01/01/80
ZWE;Zimbabwe;AUS;Australia;Public Services;Persons;2007;603,3540005;682,9200513;-6,630504235;-6,521382477;Annual;01/01/80
ZWE;Zimbabwe;AUS;Australia;Public Services;Persons;2008;570,2550001;655,4387269;-7,098643903;-6,007625769;Annual;01/01/80
ZWE;Zimbabwe;AUS;Australia;Public Services;Persons;2009;711,3901794;710,8312318;0,046578967;0,4359417;Annual;01/01/80
ZWE;Zimbabwe;AUS;Australia;Public Services;Persons;2010;567,2852665;549,4822221;1,483587032;1,361937477;Annual;01/01/80
ZWE;Zimbabwe;AUS;Australia;Public Services;Persons;2011;613,3347914;687,5722639;-6,18645604;-5,922307017;Annual;01/01/80
ZWE;Zimbabwe;AUS;Australia;Public Services;Persons;2012;608,9356407;629,0789999;-1,678613267;-1,788193099;Annual;01/01/80
ZWE;Zimbabwe;AUS;Australia;Public Services;Persons;2013;805,5906263;837,3400534;-2,645785591;-2,526469732;Annual;01/01/80
ZWE;Zimbabwe;AUS;Australia;Public Services;Persons;2014;684,9161263;653,4664615;2,620805405;2,349520439;Annual;01/01/80
ZWE;Zimbabwe;AUS;Australia;Public Services;Persons;2015;842,6216659;946,3314893;-8,642485279;-7,454913849;Annual;01/01/80
ZWE;Zimbabwe;AUS;Australia;Public Services;Persons;2016;749,5104827;781,3380568;-2,652297838;-2,160358773;Annual;01/01/80
ZWE;Zimbabwe;AUS;Australia;Public Services;Persons;2017;676,5334089;784,2065675;-8,972763209;-8,586618328;Annual;01/01/80
ZWE;Zimbabwe;AUS;Australia;Public Services;Persons;2018;653,4475962;712,8268941;-4,948274833;-4,917922905;Annual;01/01/80
ZWE;Zimbabwe;AUS;Australia;Public Services;Persons;2019;694,4698031;753,6462479;-4,931370405;-3,707269665;Annual;01/01/80
ZWE;Zimbabwe;AUS;Australia;Public Services;Persons;2020;639,8237071;623,4010575;1,368554137;1,669019808;Annual;01/01/80
ZWE;Zimbabwe;AUS;Australia;Public Services;Persons;2021;556,3380595;647,6743003;-7,611353405;-6,838353764;Annual;01/01/80
ZWE;Zimbabwe;AUS;Australia;Public Services;Persons;2022;569,7940035;638,5789247;-5,732076769;-4,759337383;Annual;01/01/80
ZWE;Zimbabwe;AUS;Australia;Public Services;Persons;2023;722,940819;794,2674681;-5,943887426;-5,687069443;Annual;01/01/80
ZWE;Zimbabwe;AUS;Australia;Public Services;Persons;2024;906,4978413;966,1455862;-4,970645407;-4,535767513;Annual;01/01/80
ZWE;Zimbabwe;AUS;Australia;Public Services;Persons;2025;573,4497487;707,7215008;-11,18931268;-10,71500632;Annual;01/01/80
ZWE;Zimbabwe;AUS;Australia;Public Services;Persons;2026;493,4283276;505,0075852;-1,286584179;-1,217672516;Annual;01/01/80
ZWE;Zimbabwe;AUS;Australia;Tourism;Persons;1980;705,8147422;735,4627959;-2,470671144;-2,358779896;Annual;01/01/80
ZWE;Zimbabwe;AUS;Australia;Tourism;Persons;1981;670,7516269;664,0829609;0,555722169;0,222285052;Annual;01/01/80
ZWE;Zimbabwe;AUS;Australia;Tourism;Persons;1982;574,6728318;552,0531778;1,884971163;1,069783556;Annual;01/01/80
ZWE;Zimbabwe;AUS;Australia;Tourism;Persons;1983;649,7557398;677,1223206;-2,280548396;-2,511186659;Annual;01/01/80
ZWE;Zimbabwe;AUS;Australia;Tourism;Persons;1984;688,1499202;823,5498554;-11,28332793;-10,00791494;Annual;01/01/80
ZWE;Zimbabwe;AUS;Australia;Tourism;Persons;1985;708,9413286;815,8767886;-8,911288338;-8,909587793;Annual;01/01/80
ZWE;Zimbabwe;AUS;Australia;Tourism;Persons;1986;606,9777803;677,2473495;-5,85579743;-5,089880472;Annual;01/01/80
ZWE;Zimbabwe;AUS;Australia;Tourism;Persons;1987;514,4332394;579,0459797;-5,384395031;-4,111603703;Annual;01/01/80
ZWE;Zimbabwe;AUS;Australia;Tourism;Persons;1988;606,3191299;670,61073;-5,357633344;-5,098223455;Annual;01/01/80
ZWE;Zimbabwe;AUS;Australia;Tourism;Persons;1989;721,4138554;791,7837514;-5,864157995;-4,750458341;Annual;01/01/80
ZWE;Zimbabwe;AUS;Australia;Tourism;Persons;1990;760,959734;829,2917645;-5,694335878;-5,088599895;Annual;01/01/80
ZWE;Zimbabwe;AUS;Australia;Tourism;Persons;1991;772,1717862;808,7529914;-3,048433768;-2,936694928;Annual;01/01/80
ZWE;Zimbabwe;AUS;Australia;Tourism;Persons;1992;731,6409001;716,0024713;1,303202396;1,337146755;Annual;01/01/80
ZWE;Zimbabwe;AUS;Australia;Tourism;Persons;1993;745,7047715;844,5547714;-8,237499989;-7,922598583;Annual;01/01/80
ZWE;Zimbabwe;AUS;Australia;Tourism;Persons;1994;791,2998944;862,0422784;-5,895198667;-5,321808215;Annual;01/01/80
ZWE;Zimbabwe;AUS;Australia;Tourism;Persons;1995;775,1948872;802,0634952;-2,23905067;-2,702797147;Annual;01/01/80
ZWE;Zimbabwe;AUS;Australia;Tourism;Persons;1996;700,4923204;782,3948763;-6,825212998;-6,775049177;Annual;01/01/80
ZWE;Zimbabwe;AUS;Australia;Tourism;Persons;1997;799,6731304;840,3673199;-3,39118246;-3,19868787;Annual;01/01/80
ZWE;Zimbabwe;AUS;Australia;Tourism;Persons;1998;821,8875933;790,2759592;2,634302841;2,630275384;Annual;01/01/80
ZWE;Zimbabwe;AUS;Australia;Tourism;Persons;1999;629,9312214;598,6764304;2,604565915;2,947469157;Annual;01/01/80
ZWE;Zimbabwe;AUS;Australia;Tourism;Persons;2000;637,5964653;597,5106424;3,340485242;3,525564438;Annual;01/01/80
ZWE;Zimbabwe;AUS;Australia;Tourism;Persons;2001;675,7361581;713,295703;-3,129962077;-2,955619844;Annual;01/01/80
ZWE;Zimbabwe;AUS;Australia;Tourism;Persons;2002;621,7394692;699,1171511;-6,448140163;-5,940148324;Annual;01/01/80
ZWE;Zimbabwe;AUS;Australia;Tourism;Persons;2003;649,3873278;704,9048221;-4,626457861;-3,873067298;Annual;01/01/80
ZWE;Zimbabwe;AUS;Australia;Tourism;Persons;2004;712,7272841;768,221946;-4,624555161;-4,340604494;Annual;01/01/80
ZWE;Zimbabwe;AUS;Australia;Tourism;Persons;2005;623,4568282;701,0871875;-6,469196608;-5,512434467;Annual;01/01/80
ZWE;Zimbabwe;AUS;Australia;Tourism;Persons;2006;729,7509741;650,6087838;6,595182526;5,074035588;Annual;01/01/80
ZWE;Zimbabwe;AUS;Australia;Tourism;Persons;2007;624,1235332;696,3749895;-6,02095469;-5,542628347;Annual;01/01/80
ZWE;Zimbabwe;AUS;Australia;Tourism;Persons;2008;762,863685;820,3489146;-4,790435803;-4,692345582;Annual;01/01/80
ZWE;Zimbabwe;AUS;Australia;Tourism;Persons;2009;630,4192286;628,9604628;0,121563819;0,254713797;Annual;01/01/80
ZWE;Zimbabwe;AUS;Australia;Tourism;Persons;2010;706,6359815;746,0563751;-3,285032806;-2,209977205;Annual;01/01/80
ZWE;Zimbabwe;AUS;Australia;Tourism;Persons;2011;773,4249983;895,7673095;-10,1951926;-9,0751524;Annual;01/01/80
ZWE;Zimbabwe;AUS;Australia;Tourism;Persons;2012;772,8447145;857,5078476;-7,05526109;-6,733921127;Annual;01/01/80
ZWE;Zimbabwe;AUS;Australia;Tourism;Persons;2013;733,1561651;877,7140451;-12,04649;-11,38243002;Annual;01/01/80
ZWE;Zimbabwe;AUS;Australia;Tourism;Persons;2014;518,0536809;512,5643073;0,457447798;0,472715514;Annual;01/01/80
ZWE;Zimbabwe;AUS;Australia;Tourism;Persons;2015;530,2161857;598,8859226;-5,722478078;-5,604899303;Annual;01/01/80
ZWE;Zimbabwe;AUS;Australia;Tourism;Persons;2016;626,7668101;650,0760498;-1,942436647;-2,414889844;Annual;01/01/80
ZWE;Zimbabwe;AUS;Australia;Tourism;Persons;2017;630,1162288;684,1322646;-4,501336315;-4,353597026;Annual;01/01/80
ZWE;Zimbabwe;AUS;Australia;Tourism;Persons;2018;655,903714;774,4237102;-9,876666345;-9,168585681;Annual;01/01/80
ZWE;Zimbabwe;AUS;Australia;Tourism;Persons;2019;839,351381;927,2879983;-7,328051446;-5,539067801;Annual;01/01/80
ZWE;Zimbabwe;AUS;Australia;Tourism;Persons;2020;590,9525537;649,5264539;-4,881158345;-4,253814255;Annual;01/01/80
ZWE;Zimbabwe;AUS;Australia;Tourism;Persons;2021;705,320193;793,9274837;-7,383940893;-7,361630431;Annual;01/01/80
ZWE;Zimbabwe;AUS;Australia;Tourism;Persons;2022;810,6148733;850,0471097;-3,286019696;-2,822958234;Annual;01/01/80
ZWE;Zimbabwe;AUS;Australia;Tourism;Persons;2023;599,4082564;603,3229819;-0,326227124;-0,689029638;Annual;01/01/80
ZWE;Zimbabwe;AUS;Australia;Tourism;Persons;2024;742,9781283;864,9543857;-10,16468812;-9,121011002;Annual;01/01/80
ZWE;Zimbabwe;AUS;Australia;Tourism;Persons;2025;804,959422;868,1715354;-5,267676112;-4,505369407;Annual;01/01/80
ZWE;Zimbabwe;AUS;Australia;Tourism;Persons;2026;540,4360835;585,4729865;-5,004100333;-4,302149143;Annual;01/01/80
ZWE;Zimbabwe;AUS;Australia;Trade;Persons;1980;667,0717302;712,2109211;-3,761599238;-3,648670178;Annual;01/01/80
ZWE;Zimbabwe;AUS;Australia;Trade;Persons;1981;777,4319419;757,9208212;1,625926725;1,334850171;Annual;01/01/80
ZWE;Zimbabwe;AUS;Australia;Trade;Persons;1982;804,4038096;882,2167509;-6,484411778;-5,763016427;Annual;01/01/80
ZWE;Zimbabwe;AUS;Australia;Trade;Persons;1983;674,1385686;680,5084276;-0,530821587;-0,208043759;Annual;01/01/80
ZWE;Zimbabwe;AUS;Australia;Trade;Persons;1984;529,497102;493,8099811;2,973926741;2,173895314;Annual;01/01/80
ZWE;Zimbabwe;AUS;Australia;Trade;Persons;1985;615,7677652;610,5850498;0,431892947;0,236156528;Annual;01/01/80
ZWE;Zimbabwe;AUS;Australia;Trade;Persons;1986;596,602058;645,2840109;-4,056829408;-3,261468855;Annual;01/01/80
ZWE;Zimbabwe;AUS;Australia;Trade;Persons;1987;603,5037469;761,2054011;-13,14180452;-10,95373219;Annual;01/01/80
ZWE;Zimbabwe;AUS;Australia;Trade;Persons;1988;727,3180741;846,450766;-9,92772433;-9,149343223;Annual;01/01/80
ZWE;Zimbabwe;AUS;Australia;Trade;Persons;1989;699,192294;779,8611116;-6,722401464;-6,209905524;Annual;01/01/80
ZWE;Zimbabwe;AUS;Australia;Trade;Persons;1990;719,2798497;844,1372155;-10,40478048;-9,806315765;Annual;01/01/80
ZWE;Zimbabwe;AUS;Australia;Trade;Persons;1991;737,6953015;813,2186395;-6,293611499;-5,77022649;Annual;01/01/80
ZWE;Zimbabwe;AUS;Australia;Trade;Persons;1992;831,6137418;886,8035892;-4,599153949;-3,319540304;Annual;01/01/80
ZWE;Zimbabwe;AUS;Australia;Trade;Persons;1993;681,4394196;661,0254525;1,701163926;1,321120142;Annual;01/01/80
ZWE;Zimbabwe;AUS;Australia;Trade;Persons;1994;974,9265562;1097,757085;-10,23587741;-9,880457145;Annual;01/01/80
ZWE;Zimbabwe;AUS;Australia;Trade;Persons;1995;743,6451793;811,2833008;-5,636510123;-5,435674794;Annual;01/01/80
ZWE;Zimbabwe;AUS;Australia;Trade;Persons;1996;789,1827631;881,4956869;-7,69274365;-7,341995721;Annual;01/01/80
ZWE;Zimbabwe;AUS;Australia;Trade;Persons;1997;628,0085924;628,7172116;-0,059051605;0,223460673;Annual;01/01/80
ZWE;Zimbabwe;AUS;Australia;Trade;Persons;1998;669,2492938;678,4144646;-0,763764232;-1,229616769;Annual;01/01/80
ZWE;Zimbabwe;AUS;Australia;Trade;Persons;1999;634,7816274;796,3525368;-13,46424245;-12,30393942;Annual;01/01/80
ZWE;Zimbabwe;AUS;Australia;Trade;Persons;2000;652,0115512;640,6450702;0,947206753;1,433232804;Annual;01/01/80
ZWE;Zimbabwe;AUS;Australia;Trade;Persons;2001;604,0071494;559,8942743;3,67607293;3,230715821;Annual;01/01/80
ZWE;Zimbabwe;AUS;Australia;Trade;Persons;2002;956,4625657;951,7229432;0,394968539;0,65350242;Annual;01/01/80
ZWE;Zimbabwe;AUS;Australia;Trade;Persons;2003;670,9386624;775,0036365;-8,672081178;-7,950087269;Annual;01/01/80
ZWE;Zimbabwe;AUS;Australia;Trade;Persons;2004;600,8699829;577,4441853;1,9521498;2,043037563;Annual;01/01/80
ZWE;Zimbabwe;AUS;Australia;Trade;Persons;2005;530,6211101;601,3216876;-5,891714796;-5,000077794;Annual;01/01/80
ZWE;Zimbabwe;AUS;Australia;Trade;Persons;2006;569,6278959;594,9909851;-2,113590769;-1,881619073;Annual;01/01/80
ZWE;Zimbabwe;AUS;Australia;Trade;Persons;2007;587,2748964;702,7077401;-9,619403639;-8,5461488;Annual;01/01/80
ZWE;Zimbabwe;AUS;Australia;Trade;Persons;2008;599,4412802;622,2345039;-1,899435303;-2,218489706;Annual;01/01/80
ZWE;Zimbabwe;AUS;Australia;Trade;Persons;2009;715,4247402;743,0498387;-2,302091542;-2,419362902;Annual;01/01/80
ZWE;Zimbabwe;AUS;Australia;Trade;Persons;2010;854,4401882;926,8547405;-6,034546025;-5,061612913;Annual;01/01/80
ZWE;Zimbabwe;AUS;Australia;Trade;Persons;2011;583,9116546;616,9325098;-2,751737935;-2,179429722;Annual;01/01/80
ZWE;Zimbabwe;AUS;Australia;Trade;Persons;2012;711,7706473;767,7484241;-4,664814738;-3,990009687;Annual;01/01/80
ZWE;Zimbabwe;AUS;Australia;Trade;Persons;2013;576,3110675;583,1722262;-0,571763224;-0,574335429;Annual;01/01/80
ZWE;Zimbabwe;AUS;Australia;Trade;Persons;2014;632,3847721;581,1176811;4,272257579;3,48467574;Annual;01/01/80
ZWE;Zimbabwe;AUS;Australia;Trade;Persons;2015;722,1634431;810,2843579;-7,343409571;-6,758779383;Annual;01/01/80
ZWE;Zimbabwe;AUS;Australia;Trade;Persons;2016;698,6557214;742,7317712;-3,673004148;-3,474795014;Annual;01/01/80
ZWE;Zimbabwe;AUS;Australia;Trade;Persons;2017;760,9931566;813,8455557;-4,404366592;-4,310587909;Annual;01/01/80
ZWE;Zimbabwe;AUS;Australia;Trade;Persons;2018;669,9264504;707,5656833;-3,136602738;-3,096734017;Annual;01/01/80
ZWE;Zimbabwe;AUS;Australia;Trade;Persons;2019;752,8577444;733,9653266;1,574368149;0,718052929;Annual;01/01/80
ZWE;Zimbabwe;AUS;Australia;Trade;Persons;2020;763,1281953;777,6193815;-1,207598855;-1,147063954;Annual;01/01/80
ZWE;Zimbabwe;AUS;Australia;Trade;Persons;2021;769,9089823;780,94054;-0,919296481;-0,858949736;Annual;01/01/80
ZWE;Zimbabwe;AUS;Australia;Trade;Persons;2022;715,057078;724,6761421;-0,801588671;-0,495464023;Annual;01/01/80
ZWE;Zimbabwe;AUS;Australia;Trade;Persons;2023;728,8675327;799,4356456;-5,880676079;-5,33191569;Annual;01/01/80
ZWE;Zimbabwe;AUS;Australia;Trade;Persons;2024;851,1103625;854,8654469;-0,312923706;0,106206857;Annual;01/01/80
ZWE;Zimbabwe;AUS;Australia;Trade;Persons;2025;586,7917398;663,0092958;-6,351463002;-5,81796676;Annual;01/01/80
ZWE;Zimbabwe;AUS;Australia;Trade;Persons;2026;563,895677;590,3332341;-2,937506341;-2,850038493;Annual;01/01/80
ZWE;Zimbabwe;AUS;Australia;Transport;Persons;1980;705,1781757;724,495644;-1,609789026;-0,829908763;Annual;01/01/80
ZWE;Zimbabwe;AUS;Australia;Transport;Persons;1981;680,7720611;807,6143369;-10,57018965;-9,420844743;Annual;01/01/80
ZWE;Zimbabwe;AUS;Australia;Transport;Persons;1982;896,5806457;941,5072024;-3,743879719;-3,021860971;Annual;01/01/80
ZWE;Zimbabwe;AUS;Australia;Transport;Persons;1983;686,0930999;678,806153;0,607245575;0,473297878;Annual;01/01/80
ZWE;Zimbabwe;AUS;Australia;Transport;Persons;1984;799,0194561;866,5953985;-5,631328538;-5,292687202;Annual;01/01/80
ZWE;Zimbabwe;AUS;Australia;Transport;Persons;1985;701,3916079;779,3197298;-6,494010164;-5,502676952;Annual;01/01/80
ZWE;Zimbabwe;AUS;Australia;Transport;Persons;1986;781,6333202;868,0026095;-7,197440768;-6,7686561;Annual;01/01/80
ZWE;Zimbabwe;AUS;Australia;Transport;Persons;1987;760,730347;844,2608413;-6,960874523;-6,432204718;Annual;01/01/80
ZWE;Zimbabwe;AUS;Australia;Transport;Persons;1988;720,9616581;848,3840964;-10,61853653;-8,213850504;Annual;01/01/80
ZWE;Zimbabwe;AUS;Australia;Transport;Persons;1989;595,8584075;675,4781113;-6,634975317;-7,103809286;Annual;01/01/80
ZWE;Zimbabwe;AUS;Australia;Transport;Persons;1990;688,6423882;785,4446438;-8,066854632;-7,373114924;Annual;01/01/80
ZWE;Zimbabwe;AUS;Australia;Transport;Persons;1991;595,5350396;656,6416729;-5,092219441;-3,91195518;Annual;01/01/80
ZWE;Zimbabwe;AUS;Australia;Transport;Persons;1992;574,5749151;568,1215758;0,537778274;0,613736025;Annual;01/01/80
ZWE;Zimbabwe;AUS;Australia;Transport;Persons;1993;684,0686374;838,51454;-12,87049189;-11,16608615;Annual;01/01/80
ZWE;Zimbabwe;AUS;Australia;Transport;Persons;1994;748,9988574;897,0173862;-12,33487739;-11,19171115;Annual;01/01/80
ZWE;Zimbabwe;AUS;Australia;Transport;Persons;1995;819,3708569;837,4907424;-1,509990456;-1,556772215;Annual;01/01/80
ZWE;Zimbabwe;AUS;Australia;Transport;Persons;1996;664,6132481;783,2153163;-9,883505681;-8,564305846;Annual;01/01/80
ZWE;Zimbabwe;AUS;Australia;Transport;Persons;1997;508,6904005;612,5166501;-8,652187463;-8,277871897;Annual;01/01/80
ZWE;Zimbabwe;AUS;Australia;Transport;Persons;1998;730,6720778;801,3179352;-5,887154783;-5,055590181;Annual;01/01/80
ZWE;Zimbabwe;AUS;Australia;Transport;Persons;1999;845,4450986;1008,162902;-13,55981696;-12,51457444;Annual;01/01/80
ZWE;Zimbabwe;AUS;Australia;Transport;Persons;2000;693,8936266;701,4285607;-0,627911169;-0,920358238;Annual;01/01/80
ZWE;Zimbabwe;AUS;Australia;Transport;Persons;2001;693,2897489;758,7277042;-5,453162942;-4,785868472;Annual;01/01/80
ZWE;Zimbabwe;AUS;Australia;Transport;Persons;2002;729,5581777;805,9254286;-6,363937575;-6,084718018;Annual;01/01/80
ZWE;Zimbabwe;AUS;Australia;Transport;Persons;2003;774,7283151;825,6857542;-4,246453255;-3,416964146;Annual;01/01/80
ZWE;Zimbabwe;AUS;Australia;Transport;Persons;2004;730,5218259;770,3702123;-3,32069887;-3,913586351;Annual;01/01/80
ZWE;Zimbabwe;AUS;Australia;Transport;Persons;2005;550,6938363;493,511175;4,765221775;5,050896019;Annual;01/01/80
ZWE;Zimbabwe;AUS;Australia;Transport;Persons;2006;642,8245212;715,4800294;-6,054625687;-6,033747861;Annual;01/01/80
ZWE;Zimbabwe;AUS;Australia;Transport;Persons;2007;628,7780725;640,2463496;-0,955689765;-0,523011412;Annual;01/01/80
ZWE;Zimbabwe;AUS;Australia;Transport;Persons;2008;710,6905604;771,1993606;-5,04240001;-4,384947431;Annual;01/01/80
ZWE;Zimbabwe;AUS;Australia;Transport;Persons;2009;632,5367365;763,3482312;-10,90095789;-9,651701082;Annual;01/01/80
ZWE;Zimbabwe;AUS;Australia;Transport;Persons;2010;712,9315865;673,9545355;3,24808759;3,08695374;Annual;01/01/80
ZWE;Zimbabwe;AUS;Australia;Transport;Persons;2011;544,6586363;678,710097;-11,17095506;-10,55415848;Annual;01/01/80
ZWE;Zimbabwe;AUS;Australia;Transport;Persons;2012;888,7279433;812,3729712;6,362914345;6,217005498;Annual;01/01/80
ZWE;Zimbabwe;AUS;Australia;Transport;Persons;2013;635,1272377;714,1824212;-6,587931961;-6,365234743;Annual;01/01/80
ZWE;Zimbabwe;AUS;Australia;Transport;Persons;2014;857,2054872;942,5736948;-7,114017305;-6,528905713;Annual;01/01/80
ZWE;Zimbabwe;AUS;Australia;Transport;Persons;2015;773,3411376;884,6486178;-9,27562335;-8,551595739;Annual;01/01/80
ZWE;Zimbabwe;AUS;Australia;Transport;Persons;2016;721,9227783;820,1575071;-8,186227403;-7,257221548;Annual;01/01/80
ZWE;Zimbabwe;AUS;Australia;Transport;Persons;2017;616,3805403;745,1144291;-10,72782406;-9,900089147;Annual;01/01/80
ZWE;Zimbabwe;AUS;Australia;Transport;Persons;2018;622,7676045;685,7952764;-5,252305991;-4,735969384;Annual;01/01/80
ZWE;Zimbabwe;AUS;Australia;Transport;Persons;2019;617,5934808;646,4962065;-2,408560474;-1,529832619;Annual;01/01/80
ZWE;Zimbabwe;AUS;Australia;Transport;Persons;2020;680,5530153;694,1659402;-1,134410408;-1,191932175;Annual;01/01/80
ZWE;Zimbabwe;AUS;Australia;Transport;Persons;2021;809,7034893;975,4300907;-13,81055012;-11,90942715;Annual;01/01/80
ZWE;Zimbabwe;AUS;Australia;Transport;Persons;2022;744,5786916;826,18327;-6,800381541;-5,34698001;Annual;01/01/80
ZWE;Zimbabwe;AUS;Australia;Transport;Persons;2023;651,146864;639,9290529;0,934817596;0,729985903;Annual;01/01/80
ZWE;Zimbabwe;AUS;Australia;Transport;Persons;2024;693,7786834;744,4035564;-4,218739418;-3,643454118;Annual;01/01/80
ZWE;Zimbabwe;AUS;Australia;Transport;Persons;2025;538,5860176;547,4404952;-0,737873133;-0,776404701;Annual;01/01/80
ZWE;Zimbabwe;AUS;Australia;Transport;Persons;2026;483,7469943;552,2976355;-7,61673791;-7,358761726;Annual;01/01/80
ZWE;Zimbabwe;BWA;Botswana;Agriculture;Persons;1980;794,8062628;848,3755631;-4,464108365;-4,493101557;Annual;01/01/80
ZWE;Zimbabwe;BWA;Botswana;Agriculture;Persons;1981;818,3167184;822,1183936;-0,316806268;-0,480046059;Annual;01/01/80
ZWE;Zimbabwe;BWA;Botswana;Agriculture;Persons;1982;737,8848825;822,869714;-7,082069291;-6,368041507;Annual;01/01/80
ZWE;Zimbabwe;BWA;Botswana;Agriculture;Persons;1983;863,3728452;1021,252406;-13,15663004;-11,95093482;Annual;01/01/80
ZWE;Zimbabwe;BWA;Botswana;Agriculture;Persons;1984;692,2565479;860,060109;-13,9836301;-11,97328695;Annual;01/01/80
ZWE;Zimbabwe;BWA;Botswana;Agriculture;Persons;1985;612,9475046;733,8096462;-10,07184514;-8,903226431;Annual;01/01/80
ZWE;Zimbabwe;BWA;Botswana;Agriculture;Persons;1986;604,1324066;668,8872385;-5,39623599;-4,816546418;Annual;01/01/80
ZWE;Zimbabwe;BWA;Botswana;Agriculture;Persons;1987;736,0888603;825,7036445;-7,467898686;-7,030802895;Annual;01/01/80
ZWE;Zimbabwe;BWA;Botswana;Agriculture;Persons;1988;592,4182017;558,9841478;2,786171159;2,328701223;Annual;01/01/80
ZWE;Zimbabwe;BWA;Botswana;Agriculture;Persons;1989;706,1103038;774,7759418;-5,722136498;-5,984395468;Annual;01/01/80
ZWE;Zimbabwe;BWA;Botswana;Agriculture;Persons;1990;694,9364576;669,1476699;2,149065646;1,549108843;Annual;01/01/80
ZWE;Zimbabwe;BWA;Botswana;Agriculture;Persons;1991;649,7333775;739,1666612;-7,452773643;-6,340197679;Annual;01/01/80
ZWE;Zimbabwe;BWA;Botswana;Agriculture;Persons;1992;602,0097739;577,3410771;2,055724731;1,622990319;Annual;01/01/80
ZWE;Zimbabwe;BWA;Botswana;Agriculture;Persons;1993;794,1510001;863,4351249;-5,773677065;-5,234700371;Annual;01/01/80
ZWE;Zimbabwe;BWA;Botswana;Agriculture;Persons;1994;668,9041441;650,559232;1,52874267;1,790695232;Annual;01/01/80
ZWE;Zimbabwe;BWA;Botswana;Agriculture;Persons;1995;747,2458489;861,0740092;-9,485680025;-7,678058822;Annual;01/01/80
ZWE;Zimbabwe;BWA;Botswana;Agriculture;Persons;1996;629,8742435;738,444359;-9,047509623;-8,318212813;Annual;01/01/80
ZWE;Zimbabwe;BWA;Botswana;Agriculture;Persons;1997;830,9237043;914,6688567;-6,978762696;-6,154593604;Annual;01/01/80
ZWE;Zimbabwe;BWA;Botswana;Agriculture;Persons;1998;581,9006203;611,8780786;-2,498121526;-1,870326178;Annual;01/01/80
ZWE;Zimbabwe;BWA;Botswana;Agriculture;Persons;1999;712,8233945;813,2087791;-8,365448717;-7,571258292;Annual;01/01/80
ZWE;Zimbabwe;BWA;Botswana;Agriculture;Persons;2000;766,1660209;836,8295827;-5,888630149;-5,018000861;Annual;01/01/80
ZWE;Zimbabwe;BWA;Botswana;Agriculture;Persons;2001;545,0676088;587,9504396;-3,57356924;-3,365807263;Annual;01/01/80
ZWE;Zimbabwe;BWA;Botswana;Agriculture;Persons;2002;714,1204418;744,1342233;-2,501148453;-2,338126887;Annual;01/01/80
ZWE;Zimbabwe;BWA;Botswana;Agriculture;Persons;2003;619,8250189;657,1036024;-3,106548619;-2,579418346;Annual;01/01/80
ZWE;Zimbabwe;BWA;Botswana;Agriculture;Persons;2004;806,8715503;943,5312482;-11,38830816;-10,41715678;Annual;01/01/80
ZWE;Zimbabwe;BWA;Botswana;Agriculture;Persons;2005;709,2371413;666,307233;3,577492357;2,874526447;Annual;01/01/80
ZWE;Zimbabwe;BWA;Botswana;Agriculture;Persons;2006;705,7417771;715,2836806;-0,795158624;-0,701405276;Annual;01/01/80
ZWE;Zimbabwe;BWA;Botswana;Agriculture;Persons;2007;767,4785276;777,3039977;-0,818789179;-0,215501024;Annual;01/01/80
ZWE;Zimbabwe;BWA;Botswana;Agriculture;Persons;2008;600,7924657;626,9837999;-2,182611183;-2,382150757;Annual;01/01/80
ZWE;Zimbabwe;BWA;Botswana;Agriculture;Persons;2009;647,6300426;754,7507704;-8,926727318;-7,851368661;Annual;01/01/80
ZWE;Zimbabwe;BWA;Botswana;Agriculture;Persons;2010;639,2697926;729,7874851;-7,543141038;-6,168215301;Annual;01/01/80
ZWE;Zimbabwe;BWA;Botswana;Agriculture;Persons;2011;756,447066;800,5644887;-3,67645189;-3,142940967;Annual;01/01/80
ZWE;Zimbabwe;BWA;Botswana;Agriculture;Persons;2012;673,9301475;713,8130028;-3,32357128;-3,298893395;Annual;01/01/80
ZWE;Zimbabwe;BWA;Botswana;Agriculture;Persons;2013;756,9244661;801,1607051;-3,686353256;-3,376455436;Annual;01/01/80
ZWE;Zimbabwe;BWA;Botswana;Agriculture;Persons;2014;572,723079;591,4711085;-1,562335786;-1,01156935;Annual;01/01/80
ZWE;Zimbabwe;BWA;Botswana;Agriculture;Persons;2015;699,0028801;829,88559;-10,90689249;-10,0402935;Annual;01/01/80
ZWE;Zimbabwe;BWA;Botswana;Agriculture;Persons;2016;523,7032433;529,8443805;-0,511761436;-0,556275413;Annual;01/01/80
ZWE;Zimbabwe;BWA;Botswana;Agriculture;Persons;2017;782,1525344;909,4629034;-10,60919742;-9,623774321;Annual;01/01/80
ZWE;Zimbabwe;BWA;Botswana;Agriculture;Persons;2018;745,6714477;732,199768;1,122639979;0,508021681;Annual;01/01/80
ZWE;Zimbabwe;BWA;Botswana;Agriculture;Persons;2019;656,8694371;672,6759019;-1,317205394;-1,039901341;Annual;01/01/80
ZWE;Zimbabwe;BWA;Botswana;Agriculture;Persons;2020;621,2672804;674,1736842;-4,408866984;-4,446929924;Annual;01/01/80
ZWE;Zimbabwe;BWA;Botswana;Agriculture;Persons;2021;620,2769034;662,7301699;-3,537772208;-3,012743117;Annual;01/01/80
ZWE;Zimbabwe;BWA;Botswana;Agriculture;Persons;2022;876,7896017;957,6325949;-6,736916103;-6,320948067;Annual;01/01/80
ZWE;Zimbabwe;BWA;Botswana;Agriculture;Persons;2023;766,8524472;816,5651994;-4,142729347;-3,716063471;Annual;01/01/80
ZWE;Zimbabwe;BWA;Botswana;Agriculture;Persons;2024;719,7035635;758,1481546;-3,203715926;-2,625749789;Annual;01/01/80
ZWE;Zimbabwe;BWA;Botswana;Agriculture;Persons;2025;484,6058552;540,0444261;-4,619880904;-4,339280707;Annual;01/01/80
ZWE;Zimbabwe;BWA;Botswana;Agriculture;Persons;2026;510,3520906;467,759413;4,732519738;4,004518552;Annual;01/01/80
ZWE;Zimbabwe;BWA;Botswana;Construction;Persons;1980;781,9103155;890,70394;-9,066135376;-7,487298291;Annual;01/01/80
ZWE;Zimbabwe;BWA;Botswana;Construction;Persons;1981;735,7081508;725,2209163;0,873936208;1,383350438;Annual;01/01/80
ZWE;Zimbabwe;BWA;Botswana;Construction;Persons;1982;708,1250684;769,7380378;-5,134414116;-4,762247451;Annual;01/01/80
ZWE;Zimbabwe;BWA;Botswana;Construction;Persons;1983;737,5619832;751,6025181;-1,170044582;-1,221189657;Annual;01/01/80
ZWE;Zimbabwe;BWA;Botswana;Construction;Persons;1984;576,5289416;613,0373299;-3,042365692;-2,849136398;Annual;01/01/80
ZWE;Zimbabwe;BWA;Botswana;Construction;Persons;1985;708,0228635;765,5309383;-4,79233957;-5,116023918;Annual;01/01/80
ZWE;Zimbabwe;BWA;Botswana;Construction;Persons;1986;646,1704584;668,1861585;-1,834641676;-1,564475995;Annual;01/01/80
ZWE;Zimbabwe;BWA;Botswana;Construction;Persons;1987;647,0363001;673,0987158;-2,171867975;-2,416775684;Annual;01/01/80
ZWE;Zimbabwe;BWA;Botswana;Construction;Persons;1988;725,379635;892,6051014;-13,93545553;-12,52834919;Annual;01/01/80
ZWE;Zimbabwe;BWA;Botswana;Construction;Persons;1989;746,8524495;795,2446813;-4,032685983;-3,500489714;Annual;01/01/80
ZWE;Zimbabwe;BWA;Botswana;Construction;Persons;1990;688,4449064;641,3070309;3,928156295;3,515381223;Annual;01/01/80
ZWE;Zimbabwe;BWA;Botswana;Construction;Persons;1991;670,0378904;708,8939088;-3,238001529;-3,379032141;Annual;01/01/80
ZWE;Zimbabwe;BWA;Botswana;Construction;Persons;1992;585,4248075;633,861016;-4,036350709;-3,595229183;Annual;01/01/80
ZWE;Zimbabwe;BWA;Botswana;Construction;Persons;1993;750,0659821;806,1799081;-4,676160498;-3,980613438;Annual;01/01/80
ZWE;Zimbabwe;BWA;Botswana;Construction;Persons;1994;720,3237521;745,7769355;-2,121098613;-2,1395432;Annual;01/01/80
ZWE;Zimbabwe;BWA;Botswana;Construction;Persons;1995;813,0704407;937,326873;-10,35470269;-9,076035684;Annual;01/01/80
ZWE;Zimbabwe;BWA;Botswana;Construction;Persons;1996;592,6684112;622,8491038;-2,515057714;-2,494671786;Annual;01/01/80
ZWE;Zimbabwe;BWA;Botswana;Construction;Persons;1997;715,3794876;731,5056905;-1,343850243;-0,795565097;Annual;01/01/80
ZWE;Zimbabwe;BWA;Botswana;Construction;Persons;1998;809,1640534;889,464731;-6,691723132;-6,165767561;Annual;01/01/80
ZWE;Zimbabwe;BWA;Botswana;Construction;Persons;1999;613,8587135;697,8449882;-6,998856228;-5,532223921;Annual;01/01/80
ZWE;Zimbabwe;BWA;Botswana;Construction;Persons;2000;685,2241326;744,4818606;-4,938144;-4,051759865;Annual;01/01/80
ZWE;Zimbabwe;BWA;Botswana;Construction;Persons;2001;855,5571188;867,9324156;-1,031274737;-0,934806191;Annual;01/01/80
ZWE;Zimbabwe;BWA;Botswana;Construction;Persons;2002;552,0295305;594,6161837;-3,548887773;-2,873105615;Annual;01/01/80
ZWE;Zimbabwe;BWA;Botswana;Construction;Persons;2003;660,9354026;667,0187496;-0,506945584;-0,240396669;Annual;01/01/80
ZWE;Zimbabwe;BWA;Botswana;Construction;Persons;2004;789,511621;876,2714845;-7,229988623;-6,817521568;Annual;01/01/80
ZWE;Zimbabwe;BWA;Botswana;Construction;Persons;2005;563,4097778;554,2177867;0,765999254;1,085738548;Annual;01/01/80
ZWE;Zimbabwe;BWA;Botswana;Construction;Persons;2006;605,4770618;628,5477753;-1,922559457;-1,681814541;Annual;01/01/80
ZWE;Zimbabwe;BWA;Botswana;Construction;Persons;2007;855,3215375;938,0562065;-6,894555752;-5,858436791;Annual;01/01/80
ZWE;Zimbabwe;BWA;Botswana;Construction;Persons;2008;587,8659552;515,0743336;6,065968466;4,967255334;Annual;01/01/80
ZWE;Zimbabwe;BWA;Botswana;Construction;Persons;2009;729,2974039;805,5273846;-6,352498394;-5,344404297;Annual;01/01/80
ZWE;Zimbabwe;BWA;Botswana;Construction;Persons;2010;773,1792165;830,2291315;-4,754159582;-4,251545406;Annual;01/01/80
ZWE;Zimbabwe;BWA;Botswana;Construction;Persons;2011;497,8111405;514,9057699;-1,424552455;-0,96329842;Annual;01/01/80
ZWE;Zimbabwe;BWA;Botswana;Construction;Persons;2012;784,7923307;916,4397231;-10,97061604;-10,07239674;Annual;01/01/80
ZWE;Zimbabwe;BWA;Botswana;Construction;Persons;2013;801,4137262;845,8409766;-3,702270861;-2,495134564;Annual;01/01/80
ZWE;Zimbabwe;BWA;Botswana;Construction;Persons;2014;702,5627044;793,6536626;-7,590913184;-7,198102335;Annual;01/01/80
ZWE;Zimbabwe;BWA;Botswana;Construction;Persons;2015;842,0410782;991,8149309;-12,48115439;-11,40617172;Annual;01/01/80
ZWE;Zimbabwe;BWA;Botswana;Construction;Persons;2016;669,0615979;686,1602797;-1,42489015;-0,988442431;Annual;01/01/80
ZWE;Zimbabwe;BWA;Botswana;Construction;Persons;2017;672,6526604;674,5320245;-0,156613677;-0,488023888;Annual;01/01/80
ZWE;Zimbabwe;BWA;Botswana;Construction;Persons;2018;773,7300462;719,3528291;4,531434758;3,80446346;Annual;01/01/80
ZWE;Zimbabwe;BWA;Botswana;Construction;Persons;2019;735,1395291;801,1233601;-5,498652582;-5,505774781;Annual;01/01/80
ZWE;Zimbabwe;BWA;Botswana;Construction;Persons;2020;701,1378474;759,2967217;-4,846572855;-4,250328864;Annual;01/01/80
ZWE;Zimbabwe;BWA;Botswana;Construction;Persons;2021;648,4933741;638,5562643;0,828092485;0,7702234;Annual;01/01/80
ZWE;Zimbabwe;BWA;Botswana;Construction;Persons;2022;672,3356348;720,0023134;-3,972223215;-3,542021706;Annual;01/01/80
ZWE;Zimbabwe;BWA;Botswana;Construction;Persons;2023;855,5485831;933,588594;-6,503334242;-5,347173593;Annual;01/01/80
ZWE;Zimbabwe;BWA;Botswana;Construction;Persons;2024;482,6227211;491,6463703;-0,751970765;-0,929597489;Annual;01/01/80
ZWE;Zimbabwe;BWA;Botswana;Construction;Persons;2025;649,6694086;671,3156126;-1,803850335;-1,036323126;Annual;01/01/80
ZWE;Zimbabwe;BWA;Botswana;Construction;Persons;2026;521,374732;607,6324464;-9,584190491;-8,888799187;Annual;01/01/80
ZWE;Zimbabwe;BWA;Botswana;Education;Persons;1980;544,9707818;572,2586712;-2,273990781;-2,40696775;Annual;01/01/80
ZWE;Zimbabwe;BWA;Botswana;Education;Persons;1981;685,6265779;755,3164726;-5,80749122;-4,858209451;Annual;01/01/80
ZWE;Zimbabwe;BWA;Botswana;Education;Persons;1982;662,8897216;702,3483205;-3,288216577;-2,620818622;Annual;01/01/80
ZWE;Zimbabwe;BWA;Botswana;Education;Persons;1983;771,2082133;799,832591;-2,385364812;-2,738659365;Annual;01/01/80
ZWE;Zimbabwe;BWA;Botswana;Education;Persons;1984;675,8679292;708,6629929;-2,732921977;-2,205655653;Annual;01/01/80
ZWE;Zimbabwe;BWA;Botswana;Education;Persons;1985;863,141281;846,4429249;1,391529681;2,066651069;Annual;01/01/80
ZWE;Zimbabwe;BWA;Botswana;Education;Persons;1986;602,2569421;628,2253336;-2,164032631;-1,26237674;Annual;01/01/80
ZWE;Zimbabwe;BWA;Botswana;Education;Persons;1987;571,3258806;673,8012077;-8,539610593;-7,529946033;Annual;01/01/80
ZWE;Zimbabwe;BWA;Botswana;Education;Persons;1988;781,7064428;803,9722489;-1,855483835;-1,920437779;Annual;01/01/80
ZWE;Zimbabwe;BWA;Botswana;Education;Persons;1989;957,0062711;1053,381029;-8,031229788;-7,842482579;Annual;01/01/80
ZWE;Zimbabwe;BWA;Botswana;Education;Persons;1990;768,6577199;829,8446666;-5,098912229;-5,163648935;Annual;01/01/80
ZWE;Zimbabwe;BWA;Botswana;Education;Persons;1991;571,6108925;628,0456146;-4,702893508;-4,406534913;Annual;01/01/80
ZWE;Zimbabwe;BWA;Botswana;Education;Persons;1992;745,720537;817,9521805;-6,019303627;-5,835713848;Annual;01/01/80
ZWE;Zimbabwe;BWA;Botswana;Education;Persons;1993;864,8972441;1009,882254;-12,08208412;-9,676962336;Annual;01/01/80
ZWE;Zimbabwe;BWA;Botswana;Education;Persons;1994;706,1960575;775,2611514;-5,755424491;-4,83386083;Annual;01/01/80
ZWE;Zimbabwe;BWA;Botswana;Education;Persons;1995;746,7041128;830,293361;-6,965770682;-6,20696265;Annual;01/01/80
ZWE;Zimbabwe;BWA;Botswana;Education;Persons;1996;639,2295192;674,8801085;-2,970882444;-2,351801385;Annual;01/01/80
ZWE;Zimbabwe;BWA;Botswana;Education;Persons;1997;460,6235743;486,9487465;-2,193764347;-2,087163096;Annual;01/01/80
ZWE;Zimbabwe;BWA;Botswana;Education;Persons;1998;690,5238689;707,0336146;-1,375812141;-1,038587319;Annual;01/01/80
ZWE;Zimbabwe;BWA;Botswana;Education;Persons;1999;633,6467617;637,8207494;-0,347832304;0,078271938;Annual;01/01/80
ZWE;Zimbabwe;BWA;Botswana;Education;Persons;2000;669,3696814;634,1612567;2,934035393;2,615430101;Annual;01/01/80
ZWE;Zimbabwe;BWA;Botswana;Education;Persons;2001;744,3365146;864,0831456;-9,978885915;-9,256614448;Annual;01/01/80
ZWE;Zimbabwe;BWA;Botswana;Education;Persons;2002;834,1029435;924,3154596;-7,51770968;-6,464404204;Annual;01/01/80
ZWE;Zimbabwe;BWA;Botswana;Education;Persons;2003;703,433668;743,8096504;-3,364665201;-2,744410773;Annual;01/01/80
ZWE;Zimbabwe;BWA;Botswana;Education;Persons;2004;757,2995603;816,0214921;-4,893494318;-4,884209246;Annual;01/01/80
ZWE;Zimbabwe;BWA;Botswana;Education;Persons;2005;691,2529192;680,6911471;0,880147675;1,140208748;Annual;01/01/80
ZWE;Zimbabwe;BWA;Botswana;Education;Persons;2006;787,5166209;928,0543669;-11,71147883;-9,869855291;Annual;01/01/80
ZWE;Zimbabwe;BWA;Botswana;Education;Persons;2007;490,7902647;515,5382534;-2,062332387;-1,865950238;Annual;01/01/80
ZWE;Zimbabwe;BWA;Botswana;Education;Persons;2008;698,9275667;696,404076;0,210290893;0,420320227;Annual;01/01/80
ZWE;Zimbabwe;BWA;Botswana;Education;Persons;2009;667,9984994;663,6761228;0,360198048;0,24688068;Annual;01/01/80
ZWE;Zimbabwe;BWA;Botswana;Education;Persons;2010;708,134719;785,8589006;-6,477015132;-5,705409481;Annual;01/01/80
ZWE;Zimbabwe;BWA;Botswana;Education;Persons;2011;763,8751798;803,3805844;-3,292117048;-3,059104506;Annual;01/01/80
ZWE;Zimbabwe;BWA;Botswana;Education;Persons;2012;634,7952085;790,3206822;-12,96045614;-11,23201042;Annual;01/01/80
ZWE;Zimbabwe;BWA;Botswana;Education;Persons;2013;717,7026809;673,9446455;3,646502952;2,955180495;Annual;01/01/80
ZWE;Zimbabwe;BWA;Botswana;Education;Persons;2014;604,8984341;706,4476993;-8,462438773;-6,776746528;Annual;01/01/80
ZWE;Zimbabwe;BWA;Botswana;Education;Persons;2015;617,0499761;633,4115722;-1,36346634;-1,721984776;Annual;01/01/80
ZWE;Zimbabwe;BWA;Botswana;Education;Persons;2016;749,828082;852,133428;-8,525445497;-8,019403141;Annual;01/01/80
ZWE;Zimbabwe;BWA;Botswana;Education;Persons;2017;629,9598673;683,4191421;-4,454939561;-3,868094619;Annual;01/01/80
ZWE;Zimbabwe;BWA;Botswana;Education;Persons;2018;581,2529208;659,218946;-6,497168763;-5,798377473;Annual;01/01/80
ZWE;Zimbabwe;BWA;Botswana;Education;Persons;2019;818,7965047;888,6734503;-5,8230788;-4,927889841;Annual;01/01/80
ZWE;Zimbabwe;BWA;Botswana;Education;Persons;2020;727,2499311;834,2489406;-8,916584123;-8,167653591;Annual;01/01/80
ZWE;Zimbabwe;BWA;Botswana;Education;Persons;2021;551,5730035;609,4915768;-4,826547775;-4,566287473;Annual;01/01/80
ZWE;Zimbabwe;BWA;Botswana;Education;Persons;2022;576,2771028;550,5902254;2,140573111;1,654784253;Annual;01/01/80
ZWE;Zimbabwe;BWA;Botswana;Education;Persons;2023;839,3933898;912,8861279;-6,124394839;-6,375867899;Annual;01/01/80
ZWE;Zimbabwe;BWA;Botswana;Education;Persons;2024;686,1841795;763,0713492;-6,407264144;-6,058871827;Annual;01/01/80
ZWE;Zimbabwe;BWA;Botswana;Education;Persons;2025;700,2653173;734,9533596;-2,890670198;-2,433046039;Annual;01/01/80
ZWE;Zimbabwe;BWA;Botswana;Education;Persons;2026;576,2033001;560,9182046;1,698343949;0,934630284;Annual;01/01/80
ZWE;Zimbabwe;BWA;Botswana;Finance;Persons;1980;713,0999712;756,4840905;-3,615343272;-3,089043102;Annual;01/01/80
ZWE;Zimbabwe;BWA;Botswana;Finance;Persons;1981;594,1913931;594,7343719;-0,045248236;-0,238462463;Annual;01/01/80
ZWE;Zimbabwe;BWA;Botswana;Finance;Persons;1982;813,4130125;840,5381639;-2,260429283;-1,586642519;Annual;01/01/80
ZWE;Zimbabwe;BWA;Botswana;Finance;Persons;1983;713,7390927;790,1499431;-6,367570873;-5,951250404;Annual;01/01/80
ZWE;Zimbabwe;BWA;Botswana;Finance;Persons;1984;707,6225263;757,8878946;-4,188780696;-4,097431357;Annual;01/01/80
ZWE;Zimbabwe;BWA;Botswana;Finance;Persons;1985;673,3321808;684,7277282;-0,949628948;-0,518207817;Annual;01/01/80
ZWE;Zimbabwe;BWA;Botswana;Finance;Persons;1986;838,9388055;919,3720815;-6,702772998;-5,861466028;Annual;01/01/80
ZWE;Zimbabwe;BWA;Botswana;Finance;Persons;1987;612,3048703;597,3226193;1,248520914;1,088111761;Annual;01/01/80
ZWE;Zimbabwe;BWA;Botswana;Finance;Persons;1988;736,3193683;886,4611765;-12,51181735;-11,06787377;Annual;01/01/80
ZWE;Zimbabwe;BWA;Botswana;Finance;Persons;1989;1019,964948;951,2412818;5,72697222;6,231828475;Annual;01/01/80
ZWE;Zimbabwe;BWA;Botswana;Finance;Persons;1990;788,2771533;882,8256416;-7,879040692;-7,533859966;Annual;01/01/80
ZWE;Zimbabwe;BWA;Botswana;Finance;Persons;1991;573,6767964;567,4667932;0,517500266;-0,004753508;Annual;01/01/80
ZWE;Zimbabwe;BWA;Botswana;Finance;Persons;1992;656,7636138;807,6171583;-12,57112871;-11,61117261;Annual;01/01/80
ZWE;Zimbabwe;BWA;Botswana;Finance;Persons;1993;740,9635485;755,2662891;-1,191895048;-1,064433837;Annual;01/01/80
ZWE;Zimbabwe;BWA;Botswana;Finance;Persons;1994;841,3474839;866,0546755;-2,05893263;-2,094795231;Annual;01/01/80
ZWE;Zimbabwe;BWA;Botswana;Finance;Persons;1995;638,6972538;673,194276;-2,874751848;-2,58246542;Annual;01/01/80
ZWE;Zimbabwe;BWA;Botswana;Finance;Persons;1996;621,6908177;700,5189626;-6,569012075;-5,550947489;Annual;01/01/80
ZWE;Zimbabwe;BWA;Botswana;Finance;Persons;1997;702,8358896;755,8858022;-4,420826048;-4,447679305;Annual;01/01/80
ZWE;Zimbabwe;BWA;Botswana;Finance;Persons;1998;645,8856729;697,3272451;-4,286797683;-5,222032364;Annual;01/01/80
ZWE;Zimbabwe;BWA;Botswana;Finance;Persons;1999;854,8058801;917,7273672;-5,24345726;-4,248208394;Annual;01/01/80
ZWE;Zimbabwe;BWA;Botswana;Finance;Persons;2000;643,5599601;741,503249;-8,16194074;-6,74220016;Annual;01/01/80
ZWE;Zimbabwe;BWA;Botswana;Finance;Persons;2001;666,1622625;809,1897284;-11,91895549;-10,66666483;Annual;01/01/80
ZWE;Zimbabwe;BWA;Botswana;Finance;Persons;2002;816,1443375;807,6936635;0,704222831;1,43374344;Annual;01/01/80
ZWE;Zimbabwe;BWA;Botswana;Finance;Persons;2003;762,0984642;849,759852;-7,305115653;-7,620290759;Annual;01/01/80
ZWE;Zimbabwe;BWA;Botswana;Finance;Persons;2004;825,1217889;817,4838287;0,636496686;0,30899984;Annual;01/01/80
ZWE;Zimbabwe;BWA;Botswana;Finance;Persons;2005;596,3670958;567,2113598;2,429644665;2,590041801;Annual;01/01/80
ZWE;Zimbabwe;BWA;Botswana;Finance;Persons;2006;691,8879036;686,9255064;0,413533104;0,087036538;Annual;01/01/80
ZWE;Zimbabwe;BWA;Botswana;Finance;Persons;2007;970,7361048;985,427946;-1,224320098;-0,73082813;Annual;01/01/80
ZWE;Zimbabwe;BWA;Botswana;Finance;Persons;2008;607,51619;667,6969248;-5,015061227;-4,642455008;Annual;01/01/80
ZWE;Zimbabwe;BWA;Botswana;Finance;Persons;2009;704,2321093;741,6822877;-3,120848194;-2,830763606;Annual;01/01/80
ZWE;Zimbabwe;BWA;Botswana;Finance;Persons;2010;944,3227185;898,8498341;3,789407033;2,836905382;Annual;01/01/80
ZWE;Zimbabwe;BWA;Botswana;Finance;Persons;2011;732,0510513;696,4203401;2,969225931;2,712771159;Annual;01/01/80
ZWE;Zimbabwe;BWA;Botswana;Finance;Persons;2012;659,3972176;695,0437394;-2,970543485;-3,164951261;Annual;01/01/80
ZWE;Zimbabwe;BWA;Botswana;Finance;Persons;2013;753,5633275;869,0176995;-9,621197662;-9,167021951;Annual;01/01/80
ZWE;Zimbabwe;BWA;Botswana;Finance;Persons;2014;698,1819405;806,0583191;-8,98969822;-8,165210515;Annual;01/01/80
ZWE;Zimbabwe;BWA;Botswana;Finance;Persons;2015;545,3684997;592,7529296;-3,948702496;-3,298269369;Annual;01/01/80
ZWE;Zimbabwe;BWA;Botswana;Finance;Persons;2016;693,5626686;728,5428777;-2,915017424;-2,633027315;Annual;01/01/80
ZWE;Zimbabwe;BWA;Botswana;Finance;Persons;2017;531,5505348;605,9987158;-6,204015084;-5,602693196;Annual;01/01/80
ZWE;Zimbabwe;BWA;Botswana;Finance;Persons;2018;548,0355519;645,9447283;-8,159098031;-7,284953724;Annual;01/01/80
ZWE;Zimbabwe;BWA;Botswana;Finance;Persons;2019;814,8984005;931,3124303;-9,701169152;-8,708805291;Annual;01/01/80
ZWE;Zimbabwe;BWA;Botswana;Finance;Persons;2020;798,3011817;939,8413213;-11,79501163;-10,89645141;Annual;01/01/80
ZWE;Zimbabwe;BWA;Botswana;Finance;Persons;2021;707,8073576;741,6715878;-2,822019181;-2,420623767;Annual;01/01/80
ZWE;Zimbabwe;BWA;Botswana;Finance;Persons;2022;795,9832251;895,4646392;-8,290117845;-7,967629412;Annual;01/01/80
ZWE;Zimbabwe;BWA;Botswana;Finance;Persons;2023;904,4729005;1008,509705;-8,669733728;-7,855400648;Annual;01/01/80
ZWE;Zimbabwe;BWA;Botswana;Finance;Persons;2024;669,2055114;695,3391494;-2,17780316;-1,738812386;Annual;01/01/80
ZWE;Zimbabwe;BWA;Botswana;Finance;Persons;2025;696,6516912;783,7123636;-7,255056032;-6,520216131;Annual;01/01/80
ZWE;Zimbabwe;BWA;Botswana;Finance;Persons;2026;741,112808;739,9955293;0,124142082;-0,411868607;Annual;01/01/80
ZWE;Zimbabwe;BWA;Botswana;Health;Persons;1980;683,276836;713,9381374;-2,555108444;-2,196086134;Annual;01/01/80
ZWE;Zimbabwe;BWA;Botswana;Health;Persons;1981;956,3665609;988,8662752;-2,708309522;-2,747167645;Annual;01/01/80
ZWE;Zimbabwe;BWA;Botswana;Health;Persons;1982;760,665809;731,9854269;2,39003184;2,513136172;Annual;01/01/80
ZWE;Zimbabwe;BWA;Botswana;Health;Persons;1983;821,4662874;805,6277955;1,31987433;0,433052568;Annual;01/01/80
ZWE;Zimbabwe;BWA;Botswana;Health;Persons;1984;668,4672338;647,7042249;1,730250734;1,616436814;Annual;01/01/80
ZWE;Zimbabwe;BWA;Botswana;Health;Persons;1985;809,5544702;911,9557297;-8,533438292;-7,290985828;Annual;01/01/80
ZWE;Zimbabwe;BWA;Botswana;Health;Persons;1986;666,0546153;669,5931896;-0,294881194;0,233096631;Annual;01/01/80
ZWE;Zimbabwe;BWA;Botswana;Health;Persons;1987;770,9583107;814,7330559;-3,647895432;-3,035221767;Annual;01/01/80
ZWE;Zimbabwe;BWA;Botswana;Health;Persons;1988;761,1172093;824,5977337;-5,290043705;-4,502817112;Annual;01/01/80
ZWE;Zimbabwe;BWA;Botswana;Health;Persons;1989;706,8976073;757,7785141;-4,240075564;-4,210784487;Annual;01/01/80
ZWE;Zimbabwe;BWA;Botswana;Health;Persons;1990;609,8517851;660,7301332;-4,239862343;-4,020884628;Annual;01/01/80
ZWE;Zimbabwe;BWA;Botswana;Health;Persons;1991;625,7332387;622,7440231;0,249101297;-0,043323305;Annual;01/01/80
ZWE;Zimbabwe;BWA;Botswana;Health;Persons;1992;707,8983869;791,2713939;-6,947750587;-6,23492658;Annual;01/01/80
ZWE;Zimbabwe;BWA;Botswana;Health;Persons;1993;586,2641562;548,1698385;3,174526481;2,883828844;Annual;01/01/80
ZWE;Zimbabwe;BWA;Botswana;Health;Persons;1994;562,458554;598,397621;-2,994922243;-2,367100667;Annual;01/01/80
ZWE;Zimbabwe;BWA;Botswana;Health;Persons;1995;823,9736344;892,7315238;-5,729824115;-5,002548106;Annual;01/01/80
ZWE;Zimbabwe;BWA;Botswana;Health;Persons;1996;520,3055353;523,8287824;-0,293603927;-0,235205718;Annual;01/01/80
ZWE;Zimbabwe;BWA;Botswana;Health;Persons;1997;582,0120474;604,7658191;-1,896147644;-1,717838998;Annual;01/01/80
ZWE;Zimbabwe;BWA;Botswana;Health;Persons;1998;586,7228754;624,139495;-3,118051631;-2,573935381;Annual;01/01/80
ZWE;Zimbabwe;BWA;Botswana;Health;Persons;1999;783,4612902;631,1211786;12,69500931;11,27223465;Annual;01/01/80
ZWE;Zimbabwe;BWA;Botswana;Health;Persons;2000;707,4265238;820,6614833;-9,436246626;-7,982923763;Annual;01/01/80
ZWE;Zimbabwe;BWA;Botswana;Health;Persons;2001;606,9737128;601,87883;0,424573562;0,632948723;Annual;01/01/80
ZWE;Zimbabwe;BWA;Botswana;Health;Persons;2002;805,8408059;770,392849;2,953996405;2,971167026;Annual;01/01/80
ZWE;Zimbabwe;BWA;Botswana;Health;Persons;2003;719,0154206;737,4846771;-1,539104706;-1,745121421;Annual;01/01/80
ZWE;Zimbabwe;BWA;Botswana;Health;Persons;2004;796,6132405;867,1068054;-5,874463739;-5,511762964;Annual;01/01/80
ZWE;Zimbabwe;BWA;Botswana;Health;Persons;2005;735,2125066;851,093576;-9,656755781;-8,838739193;Annual;01/01/80
ZWE;Zimbabwe;BWA;Botswana;Health;Persons;2006;815,1712457;930,235419;-9,588681108;-8,148401427;Annual;01/01/80
ZWE;Zimbabwe;BWA;Botswana;Health;Persons;2007;762,6047367;803,932962;-3,444018774;-3,657692007;Annual;01/01/80
ZWE;Zimbabwe;BWA;Botswana;Health;Persons;2008;711,6303685;766,2331834;-4,550234578;-4,128119447;Annual;01/01/80
ZWE;Zimbabwe;BWA;Botswana;Health;Persons;2009;697,2264767;872,4219251;-14,5996207;-13,40104647;Annual;01/01/80
ZWE;Zimbabwe;BWA;Botswana;Health;Persons;2010;678,7021788;832,0127147;-12,77587799;-12,12592594;Annual;01/01/80
ZWE;Zimbabwe;BWA;Botswana;Health;Persons;2011;785,3985599;890,8274771;-8,785743101;-8,073510951;Annual;01/01/80
ZWE;Zimbabwe;BWA;Botswana;Health;Persons;2012;762,1056159;869,8903963;-8,982065036;-8,280417984;Annual;01/01/80
ZWE;Zimbabwe;BWA;Botswana;Health;Persons;2013;753,2698189;851,1548779;-8,157088252;-7,371132875;Annual;01/01/80
ZWE;Zimbabwe;BWA;Botswana;Health;Persons;2014;548,4288984;603,5358354;-4,592244743;-4,54586076;Annual;01/01/80
ZWE;Zimbabwe;BWA;Botswana;Health;Persons;2015;586,9273721;606,832083;-1,658725908;-1,514275618;Annual;01/01/80
ZWE;Zimbabwe;BWA;Botswana;Health;Persons;2016;608,6117644;687,9640551;-6,612690892;-6,440509781;Annual;01/01/80
ZWE;Zimbabwe;BWA;Botswana;Health;Persons;2017;690,4087265;715,8037806;-2,116254504;-1,271604159;Annual;01/01/80
ZWE;Zimbabwe;BWA;Botswana;Health;Persons;2018;563,1070949;661,2879123;-8,181734786;-7,283776726;Annual;01/01/80
ZWE;Zimbabwe;BWA;Botswana;Health;Persons;2019;611,4016987;683,5802991;-6,014883364;-5,200606152;Annual;01/01/80
ZWE;Zimbabwe;BWA;Botswana;Health;Persons;2020;749,6656807;764,901343;-1,269638525;-1,235022368;Annual;01/01/80
ZWE;Zimbabwe;BWA;Botswana;Health;Persons;2021;820,3355102;901,6127925;-6,773106855;-6,252113881;Annual;01/01/80
ZWE;Zimbabwe;BWA;Botswana;Health;Persons;2022;863,1992247;815,2834377;3,992982249;3,740790692;Annual;01/01/80
ZWE;Zimbabwe;BWA;Botswana;Health;Persons;2023;754,8525742;843,7764635;-7,410324107;-6,916094019;Annual;01/01/80
ZWE;Zimbabwe;BWA;Botswana;Health;Persons;2024;651,1607597;723,1564273;-5,999638965;-5,437570706;Annual;01/01/80
ZWE;Zimbabwe;BWA;Botswana;Health;Persons;2025;691,8285671;779,3176565;-7,290757444;-7,188963063;Annual;01/01/80
ZWE;Zimbabwe;BWA;Botswana;Health;Persons;2026;640,7269774;672,8154055;-3,565380908;-3,433464114;Annual;01/01/80
ZWE;Zimbabwe;BWA;Botswana;ICT;Persons;1980;756,5834612;715,633569;3,412491012;2,968192461;Annual;01/01/80
ZWE;Zimbabwe;BWA;Botswana;ICT;Persons;1981;568,2662791;617,5438358;-4,106463054;-4,119810466;Annual;01/01/80
ZWE;Zimbabwe;BWA;Botswana;ICT;Persons;1982;721,1016387;725,5326006;-0,369246825;-0,559368887;Annual;01/01/80
ZWE;Zimbabwe;BWA;Botswana;ICT;Persons;1983;774,2698885;862,9818601;-7,392664299;-6,678441919;Annual;01/01/80
ZWE;Zimbabwe;BWA;Botswana;ICT;Persons;1984;682,1452273;697,8000284;-1,304566764;-0,455545942;Annual;01/01/80
ZWE;Zimbabwe;BWA;Botswana;ICT;Persons;1985;720,8152087;727,414868;-0,549971615;-0,219225926;Annual;01/01/80
ZWE;Zimbabwe;BWA;Botswana;ICT;Persons;1986;688,0114859;737,6606585;-4,137431052;-4,353492067;Annual;01/01/80
ZWE;Zimbabwe;BWA;Botswana;ICT;Persons;1987;646,1635577;677,6256949;-2,621844769;-2,593523869;Annual;01/01/80
ZWE;Zimbabwe;BWA;Botswana;ICT;Persons;1988;727,797259;694,7630795;2,752848294;2,411803906;Annual;01/01/80
ZWE;Zimbabwe;BWA;Botswana;ICT;Persons;1989;840,9625556;915,2607694;-6,191517815;-5,018672043;Annual;01/01/80
ZWE;Zimbabwe;BWA;Botswana;ICT;Persons;1990;609,0702176;692,3025055;-6,936023992;-6,656654158;Annual;01/01/80
ZWE;Zimbabwe;BWA;Botswana;ICT;Persons;1991;590,1046095;630,0915642;-3,332246225;-3,136608901;Annual;01/01/80
ZWE;Zimbabwe;BWA;Botswana;ICT;Persons;1992;713,795673;717,4347268;-0,303254479;-0,802313934;Annual;01/01/80
ZWE;Zimbabwe;BWA;Botswana;ICT;Persons;1993;708,8876203;770,8266934;-5,161589426;-4,703666087;Annual;01/01/80
ZWE;Zimbabwe;BWA;Botswana;ICT;Persons;1994;898,0390495;1007,269375;-9,102527158;-8,749701976;Annual;01/01/80
ZWE;Zimbabwe;BWA;Botswana;ICT;Persons;1995;695,0046516;727,2818627;-2,689767591;-2,766041739;Annual;01/01/80
ZWE;Zimbabwe;BWA;Botswana;ICT;Persons;1996;597,8974225;587,6110124;0,857200844;1,057184243;Annual;01/01/80
ZWE;Zimbabwe;BWA;Botswana;ICT;Persons;1997;610,3374559;652,457828;-3,510031002;-3,019088932;Annual;01/01/80
ZWE;Zimbabwe;BWA;Botswana;ICT;Persons;1998;788,6462302;836,0730194;-3,952232427;-3,082020307;Annual;01/01/80
ZWE;Zimbabwe;BWA;Botswana;ICT;Persons;1999;596,8925374;704,8706922;-8,998179572;-8,101500836;Annual;01/01/80
ZWE;Zimbabwe;BWA;Botswana;ICT;Persons;2000;727,975358;740,266336;-1,024248161;-0,644626129;Annual;01/01/80
ZWE;Zimbabwe;BWA;Botswana;ICT;Persons;2001;590,5187231;636,3926958;-3,822831063;-3,563413754;Annual;01/01/80
ZWE;Zimbabwe;BWA;Botswana;ICT;Persons;2002;788,4252749;803,3458523;-1,243381449;-1,967653319;Annual;01/01/80
ZWE;Zimbabwe;BWA;Botswana;ICT;Persons;2003;844,3844356;906,3597203;-5,164607054;-5,337208183;Annual;01/01/80
ZWE;Zimbabwe;BWA;Botswana;ICT;Persons;2004;672,4597964;680,3155887;-0,654649356;-0,457774286;Annual;01/01/80
ZWE;Zimbabwe;BWA;Botswana;ICT;Persons;2005;647,9792884;714,5520732;-5,547732066;-5,189972372;Annual;01/01/80
ZWE;Zimbabwe;BWA;Botswana;ICT;Persons;2006;571,2007993;558,1314624;1,089111409;1,189389444;Annual;01/01/80
ZWE;Zimbabwe;BWA;Botswana;ICT;Persons;2007;637,5554923;695,1366003;-4,798425667;-3,570233373;Annual;01/01/80
ZWE;Zimbabwe;BWA;Botswana;ICT;Persons;2008;813,0085632;862,215603;-4,100586657;-4,020111938;Annual;01/01/80
ZWE;Zimbabwe;BWA;Botswana;ICT;Persons;2009;763,4247098;723,2350181;3,349140977;2,690805747;Annual;01/01/80
ZWE;Zimbabwe;BWA;Botswana;ICT;Persons;2010;720,976556;745,761922;-2,065447163;-1,30064497;Annual;01/01/80
ZWE;Zimbabwe;BWA;Botswana;ICT;Persons;2011;763,5816196;845,2650531;-6,806952787;-5,783553761;Annual;01/01/80
ZWE;Zimbabwe;BWA;Botswana;ICT;Persons;2012;710,8405289;731,8908869;-1,754196503;-2,338450255;Annual;01/01/80
ZWE;Zimbabwe;BWA;Botswana;ICT;Persons;2013;695,6968644;771,9448469;-6,353998545;-6,066711653;Annual;01/01/80
ZWE;Zimbabwe;BWA;Botswana;ICT;Persons;2014;609,7525877;589,6421603;1,675868944;1,643873057;Annual;01/01/80
ZWE;Zimbabwe;BWA;Botswana;ICT;Persons;2015;540,5466848;651,3743053;-9,235635043;-8,297169754;Annual;01/01/80
ZWE;Zimbabwe;BWA;Botswana;ICT;Persons;2016;579,0174036;579,6157312;-0,049860638;0,394346609;Annual;01/01/80
ZWE;Zimbabwe;BWA;Botswana;ICT;Persons;2017;510,8197174;529,8101517;-1,582536193;-1,246788935;Annual;01/01/80
ZWE;Zimbabwe;BWA;Botswana;ICT;Persons;2018;753,9321988;744,8922522;0,753328887;1,098435615;Annual;01/01/80
ZWE;Zimbabwe;BWA;Botswana;ICT;Persons;2019;626,3860121;703,5977957;-6,4343153;-5,740111575;Annual;01/01/80
ZWE;Zimbabwe;BWA;Botswana;ICT;Persons;2020;662,6117705;725,2325525;-5,218398503;-5,349328486;Annual;01/01/80
ZWE;Zimbabwe;BWA;Botswana;ICT;Persons;2021;549,5239461;557,3621927;-0,653187219;-0,904502503;Annual;01/01/80
ZWE;Zimbabwe;BWA;Botswana;ICT;Persons;2022;762,4909037;871,9209904;-9,119173891;-8,010069592;Annual;01/01/80
ZWE;Zimbabwe;BWA;Botswana;ICT;Persons;2023;712,7969643;730,339895;-1,461910893;-0,826728541;Annual;01/01/80
ZWE;Zimbabwe;BWA;Botswana;ICT;Persons;2024;742,2475897;804,0978526;-5,154188576;-4,851449174;Annual;01/01/80
ZWE;Zimbabwe;BWA;Botswana;ICT;Persons;2025;764,3373517;840,3161528;-6,331566757;-5,85646189;Annual;01/01/80
ZWE;Zimbabwe;BWA;Botswana;ICT;Persons;2026;482,3065008;514,0675563;-3,529006163;-3,929693362;Annual;01/01/80
ZWE;Zimbabwe;BWA;Botswana;Manufacturing;Persons;1980;782,1014893;731,8014428;4,191670542;3,761588523;Annual;01/01/80
ZWE;Zimbabwe;BWA;Botswana;Manufacturing;Persons;1981;662,6975603;700,474987;-3,148118892;-3,002804765;Annual;01/01/80
ZWE;Zimbabwe;BWA;Botswana;Manufacturing;Persons;1982;585,1588731;640,1697898;-4,584243052;-4,218822953;Annual;01/01/80
ZWE;Zimbabwe;BWA;Botswana;Manufacturing;Persons;1983;728,8717023;819,1332498;-7,521795626;-6,002800945;Annual;01/01/80
ZWE;Zimbabwe;BWA;Botswana;Manufacturing;Persons;1984;644,4038572;718,4379323;-6,169506261;-5,563712129;Annual;01/01/80
ZWE;Zimbabwe;BWA;Botswana;Manufacturing;Persons;1985;713,5091576;762,370731;-4,07179778;-4,171356738;Annual;01/01/80
ZWE;Zimbabwe;BWA;Botswana;Manufacturing;Persons;1986;657,7004521;699,4505933;-3,47917843;-3,120379052;Annual;01/01/80
ZWE;Zimbabwe;BWA;Botswana;Manufacturing;Persons;1987;682,2499548;729,0568184;-3,900571974;-3,860935834;Annual;01/01/80
ZWE;Zimbabwe;BWA;Botswana;Manufacturing;Persons;1988;779,013064;864,9277826;-7,159559883;-6,670467016;Annual;01/01/80
ZWE;Zimbabwe;BWA;Botswana;Manufacturing;Persons;1989;707,9032304;804,0298079;-8,010548125;-7,360868056;Annual;01/01/80
ZWE;Zimbabwe;BWA;Botswana;Manufacturing;Persons;1990;992,2380853;1004,761246;-1,043596717;-0,397556013;Annual;01/01/80
ZWE;Zimbabwe;BWA;Botswana;Manufacturing;Persons;1991;690,6857302;703,6122036;-1,077206114;-0,540514786;Annual;01/01/80
ZWE;Zimbabwe;BWA;Botswana;Manufacturing;Persons;1992;686,2748568;827,1495797;-11,73956025;-10,17335209;Annual;01/01/80
ZWE;Zimbabwe;BWA;Botswana;Manufacturing;Persons;1993;629,6522436;673,9406272;-3,690698629;-3,205037243;Annual;01/01/80
ZWE;Zimbabwe;BWA;Botswana;Manufacturing;Persons;1994;771,968468;820,4598421;-4,040947841;-3,712530231;Annual;01/01/80
ZWE;Zimbabwe;BWA;Botswana;Manufacturing;Persons;1995;643,6337786;619,1836825;2,037508004;2,02723021;Annual;01/01/80
ZWE;Zimbabwe;BWA;Botswana;Manufacturing;Persons;1996;679,0170813;713,3315112;-2,859535822;-2,690096374;Annual;01/01/80
ZWE;Zimbabwe;BWA;Botswana;Manufacturing;Persons;1997;545,1153887;620,0852897;-6,247491752;-5,792951613;Annual;01/01/80
ZWE;Zimbabwe;BWA;Botswana;Manufacturing;Persons;1998;548,0015792;598,8259328;-4,235362801;-4,044268993;Annual;01/01/80
ZWE;Zimbabwe;BWA;Botswana;Manufacturing;Persons;1999;644,2616064;602,4529709;3,484052955;3,378821348;Annual;01/01/80
ZWE;Zimbabwe;BWA;Botswana;Manufacturing;Persons;2000;695,732136;720,633359;-2,075101918;-1,875539193;Annual;01/01/80
ZWE;Zimbabwe;BWA;Botswana;Manufacturing;Persons;2001;647,0002183;653,8455109;-0,570441054;0,227955525;Annual;01/01/80
ZWE;Zimbabwe;BWA;Botswana;Manufacturing;Persons;2002;704,9853585;783,6687496;-6,556949261;-5,261563235;Annual;01/01/80
ZWE;Zimbabwe;BWA;Botswana;Manufacturing;Persons;2003;478,5083722;486,2946504;-0,64885652;-0,54726364;Annual;01/01/80
ZWE;Zimbabwe;BWA;Botswana;Manufacturing;Persons;2004;654,5761171;734,1121844;-6,628005616;-6,799087092;Annual;01/01/80
ZWE;Zimbabwe;BWA;Botswana;Manufacturing;Persons;2005;678,2049792;652,8593343;2,112137073;1,339678569;Annual;01/01/80
ZWE;Zimbabwe;BWA;Botswana;Manufacturing;Persons;2006;887,7890448;911,591275;-1,98351919;-0,989455019;Annual;01/01/80
ZWE;Zimbabwe;BWA;Botswana;Manufacturing;Persons;2007;820,8814165;929,6072093;-9,060482727;-8,318658686;Annual;01/01/80
ZWE;Zimbabwe;BWA;Botswana;Manufacturing;Persons;2008;577,1290593;648,5629735;-5,952826181;-5,575559199;Annual;01/01/80
ZWE;Zimbabwe;BWA;Botswana;Manufacturing;Persons;2009;867,2345156;936,0789185;-5,737033576;-5,20538006;Annual;01/01/80
ZWE;Zimbabwe;BWA;Botswana;Manufacturing;Persons;2010;711,2273703;731,7618852;-1,711209574;-1,583828334;Annual;01/01/80
ZWE;Zimbabwe;BWA;Botswana;Manufacturing;Persons;2011;738,4965205;757,7684582;-1,605994807;-1,449570239;Annual;01/01/80
ZWE;Zimbabwe;BWA;Botswana;Manufacturing;Persons;2012;770,4491819;842,7343219;-6,023761669;-5,78049744;Annual;01/01/80
ZWE;Zimbabwe;BWA;Botswana;Manufacturing;Persons;2013;695,1284754;674,3675788;1,73007472;1,594199787;Annual;01/01/80
ZWE;Zimbabwe;BWA;Botswana;Manufacturing;Persons;2014;625,1153092;747,9710914;-10,23798185;-9,127984184;Annual;01/01/80
ZWE;Zimbabwe;BWA;Botswana;Manufacturing;Persons;2015;744,1512669;880,3671802;-11,35132611;-10,22320237;Annual;01/01/80
ZWE;Zimbabwe;BWA;Botswana;Manufacturing;Persons;2016;815,3540119;884,2183634;-5,738695954;-5,271293378;Annual;01/01/80
ZWE;Zimbabwe;BWA;Botswana;Manufacturing;Persons;2017;876,3933303;857,5641969;1,569094452;1,45072647;Annual;01/01/80
ZWE;Zimbabwe;BWA;Botswana;Manufacturing;Persons;2018;782,6214415;780,9423818;0,139921641;0,01625074;Annual;01/01/80
ZWE;Zimbabwe;BWA;Botswana;Manufacturing;Persons;2019;576,575835;662,6069523;-7,169259779;-6,401317479;Annual;01/01/80
ZWE;Zimbabwe;BWA;Botswana;Manufacturing;Persons;2020;624,2249229;651,0875318;-2,238550738;-2,170974658;Annual;01/01/80
ZWE;Zimbabwe;BWA;Botswana;Manufacturing;Persons;2021;856,5736992;953,5731147;-8,083284626;-8,023648444;Annual;01/01/80
ZWE;Zimbabwe;BWA;Botswana;Manufacturing;Persons;2022;616,8739973;600,1342392;1,394979839;1,131272063;Annual;01/01/80
ZWE;Zimbabwe;BWA;Botswana;Manufacturing;Persons;2023;694,976365;837,6192602;-11,88690794;-10,56129911;Annual;01/01/80
ZWE;Zimbabwe;BWA;Botswana;Manufacturing;Persons;2024;668,9491199;756,8039912;-7,321239272;-6,319634872;Annual;01/01/80
ZWE;Zimbabwe;BWA;Botswana;Manufacturing;Persons;2025;753,8233819;763,629549;-0,817180587;-0,586332323;Annual;01/01/80
ZWE;Zimbabwe;BWA;Botswana;Manufacturing;Persons;2026;443,0799307;485,4224525;-4,704724651;-4,719569143;Annual;01/01/80
ZWE;Zimbabwe;BWA;Botswana;Mining;Persons;1980;708,5605829;744,9930979;-3,036042918;-2,724802059;Annual;01/01/80
ZWE;Zimbabwe;BWA;Botswana;Mining;Persons;1981;650,0316793;739,8187668;-7,482257293;-6,678374852;Annual;01/01/80
ZWE;Zimbabwe;BWA;Botswana;Mining;Persons;1982;695,2336591;738,0227192;-3,565755005;-3,546972291;Annual;01/01/80
ZWE;Zimbabwe;BWA;Botswana;Mining;Persons;1983;713,4485629;744,7599486;-2,609282149;-2,358283887;Annual;01/01/80
ZWE;Zimbabwe;BWA;Botswana;Mining;Persons;1984;689,9597811;779,2491389;-7,440779816;-6,937734478;Annual;01/01/80
ZWE;Zimbabwe;BWA;Botswana;Mining;Persons;1985;821,7532444;872,18502;-4,202647968;-3,138543858;Annual;01/01/80
ZWE;Zimbabwe;BWA;Botswana;Mining;Persons;1986;866,4531717;970,1611696;-8,642333154;-7,04613272;Annual;01/01/80
ZWE;Zimbabwe;BWA;Botswana;Mining;Persons;1987;567,5889851;547,3156686;1,68944304;1,900390707;Annual;01/01/80
ZWE;Zimbabwe;BWA;Botswana;Mining;Persons;1988;809,9770575;787,0358517;1,911767154;1,992288231;Annual;01/01/80
ZWE;Zimbabwe;BWA;Botswana;Mining;Persons;1989;770,3260168;735,7500464;2,881330865;2,431532641;Annual;01/01/80
ZWE;Zimbabwe;BWA;Botswana;Mining;Persons;1990;741,7530245;758,1372114;-1,365348907;-0,811967811;Annual;01/01/80
ZWE;Zimbabwe;BWA;Botswana;Mining;Persons;1991;674,5768167;796,9182544;-10,1951198;-9,016000751;Annual;01/01/80
ZWE;Zimbabwe;BWA;Botswana;Mining;Persons;1992;766,5353819;841,8084722;-6,272757532;-6,134738881;Annual;01/01/80
ZWE;Zimbabwe;BWA;Botswana;Mining;Persons;1993;643,6615125;722,1176454;-6,538011076;-6,220389478;Annual;01/01/80
ZWE;Zimbabwe;BWA;Botswana;Mining;Persons;1994;685,2602334;700,6374122;-1,28143157;-1,076718604;Annual;01/01/80
ZWE;Zimbabwe;BWA;Botswana;Mining;Persons;1995;563,1378069;630,5884878;-5,620890083;-5,367638791;Annual;01/01/80
ZWE;Zimbabwe;BWA;Botswana;Mining;Persons;1996;788,3523433;771,9611182;1,365935432;0,989905395;Annual;01/01/80
ZWE;Zimbabwe;BWA;Botswana;Mining;Persons;1997;492,4149792;526,7627236;-2,862312032;-2,318731724;Annual;01/01/80
ZWE;Zimbabwe;BWA;Botswana;Mining;Persons;1998;779,5095933;896,3530023;-9,736950754;-8,344437603;Annual;01/01/80
ZWE;Zimbabwe;BWA;Botswana;Mining;Persons;1999;762,2888688;842,6989854;-6,700843049;-5,648690547;Annual;01/01/80
ZWE;Zimbabwe;BWA;Botswana;Mining;Persons;2000;814,5195163;907,2063374;-7,723901763;-5,918195009;Annual;01/01/80
ZWE;Zimbabwe;BWA;Botswana;Mining;Persons;2001;579,1612251;644,9244654;-5,480270022;-4,886658985;Annual;01/01/80
ZWE;Zimbabwe;BWA;Botswana;Mining;Persons;2002;747,2173177;845,7107111;-8,207782779;-7,307160111;Annual;01/01/80
ZWE;Zimbabwe;BWA;Botswana;Mining;Persons;2003;590,4578418;682,6268027;-7,680746745;-6,73874393;Annual;01/01/80
ZWE;Zimbabwe;BWA;Botswana;Mining;Persons;2004;701,9867871;726,8893547;-2,075213966;-2,155379556;Annual;01/01/80
ZWE;Zimbabwe;BWA;Botswana;Mining;Persons;2005;626,4538094;793,4919417;-13,91984436;-12,90703243;Annual;01/01/80
ZWE;Zimbabwe;BWA;Botswana;Mining;Persons;2006;716,1638028;729,5116091;-1,112317187;-0,453882183;Annual;01/01/80
ZWE;Zimbabwe;BWA;Botswana;Mining;Persons;2007;777,4106034;767,2564221;0,846181774;1,138083979;Annual;01/01/80
ZWE;Zimbabwe;BWA;Botswana;Mining;Persons;2008;674,206154;752,9994325;-6,566106548;-5,366296712;Annual;01/01/80
ZWE;Zimbabwe;BWA;Botswana;Mining;Persons;2009;679,8984409;606,5891792;6,109105143;5,024235098;Annual;01/01/80
ZWE;Zimbabwe;BWA;Botswana;Mining;Persons;2010;748,4640884;824,1911822;-6,310591152;-5,665493157;Annual;01/01/80
ZWE;Zimbabwe;BWA;Botswana;Mining;Persons;2011;691,9473623;757,5996798;-5,471026459;-4,289139769;Annual;01/01/80
ZWE;Zimbabwe;BWA;Botswana;Mining;Persons;2012;549,7608496;624,5332528;-6,231033599;-5,15273416;Annual;01/01/80
ZWE;Zimbabwe;BWA;Botswana;Mining;Persons;2013;677,0755252;726,579606;-4,125340067;-4,628237685;Annual;01/01/80
ZWE;Zimbabwe;BWA;Botswana;Mining;Persons;2014;800,9690927;759,3523076;3,468065427;2,911238556;Annual;01/01/80
ZWE;Zimbabwe;BWA;Botswana;Mining;Persons;2015;636,2333927;720,613455;-7,031671863;-5,602762727;Annual;01/01/80
ZWE;Zimbabwe;BWA;Botswana;Mining;Persons;2016;791,4148706;894,7064928;-8,607635177;-7,573506096;Annual;01/01/80
ZWE;Zimbabwe;BWA;Botswana;Mining;Persons;2017;733,1212394;762,3619747;-2,436727942;-2,11755656;Annual;01/01/80
ZWE;Zimbabwe;BWA;Botswana;Mining;Persons;2018;663,1060529;725,6189469;-5,209407832;-4,519623617;Annual;01/01/80
ZWE;Zimbabwe;BWA;Botswana;Mining;Persons;2019;688,1083769;802,1753318;-9,50557958;-7,946807073;Annual;01/01/80
ZWE;Zimbabwe;BWA;Botswana;Mining;Persons;2020;695,9665646;768,0088178;-6,003521103;-4,976678494;Annual;01/01/80
ZWE;Zimbabwe;BWA;Botswana;Mining;Persons;2021;569,2374152;652,5647981;-6,94394858;-6,186728466;Annual;01/01/80
ZWE;Zimbabwe;BWA;Botswana;Mining;Persons;2022;880,5794707;1068,559336;-15,66498877;-14,26562096;Annual;01/01/80
ZWE;Zimbabwe;BWA;Botswana;Mining;Persons;2023;693,8379834;738,7617338;-3,743645863;-3,298466222;Annual;01/01/80
ZWE;Zimbabwe;BWA;Botswana;Mining;Persons;2024;857,7540896;1014,060213;-13,02551029;-11,68607231;Annual;01/01/80
ZWE;Zimbabwe;BWA;Botswana;Mining;Persons;2025;790,317356;896,0589741;-8,811801512;-7,758593054;Annual;01/01/80
ZWE;Zimbabwe;BWA;Botswana;Mining;Persons;2026;544,8006112;551,1488053;-0,705354901;0,00225305;Annual;01/01/80
ZWE;Zimbabwe;BWA;Botswana;Other;Persons;1980;512,186237;544,9018631;-2,726302178;-2,844137404;Annual;01/01/80
ZWE;Zimbabwe;BWA;Botswana;Other;Persons;1981;781,1179904;882,9166364;-8,483220497;-7,716717767;Annual;01/01/80
ZWE;Zimbabwe;BWA;Botswana;Other;Persons;1982;697,6417197;705,0373667;-0,616303915;-0,221612683;Annual;01/01/80
ZWE;Zimbabwe;BWA;Botswana;Other;Persons;1983;539,0934578;630,2099444;-7,593040548;-6,766840651;Annual;01/01/80
ZWE;Zimbabwe;BWA;Botswana;Other;Persons;1984;613,2594121;569,2893836;3,66416904;3,177442878;Annual;01/01/80
ZWE;Zimbabwe;BWA;Botswana;Other;Persons;1985;682,7578952;720,75665;-3,166562904;-2,486515181;Annual;01/01/80
ZWE;Zimbabwe;BWA;Botswana;Other;Persons;1986;724,849965;789,2307007;-5,365061306;-4,169703096;Annual;01/01/80
ZWE;Zimbabwe;BWA;Botswana;Other;Persons;1987;654,3005211;796,1863714;-11,82382086;-9,518279597;Annual;01/01/80
ZWE;Zimbabwe;BWA;Botswana;Other;Persons;1988;744,5510816;670,2533597;6,19147682;5,968823734;Annual;01/01/80
ZWE;Zimbabwe;BWA;Botswana;Other;Persons;1989;799,8888189;786,3582323;1,12754889;1,466046532;Annual;01/01/80
ZWE;Zimbabwe;BWA;Botswana;Other;Persons;1990;687,825431;747,7377286;-4,992691469;-4,686869422;Annual;01/01/80
ZWE;Zimbabwe;BWA;Botswana;Other;Persons;1991;795,5582931;810,7168441;-1,263212578;-1,464415587;Annual;01/01/80
ZWE;Zimbabwe;BWA;Botswana;Other;Persons;1992;760,2455682;809,8652805;-4,134976021;-4,301294695;Annual;01/01/80
ZWE;Zimbabwe;BWA;Botswana;Other;Persons;1993;674,573932;747,2298993;-6,054663937;-5,130659569;Annual;01/01/80
ZWE;Zimbabwe;BWA;Botswana;Other;Persons;1994;721,781769;753,707237;-2,660455672;-2,159684426;Annual;01/01/80
ZWE;Zimbabwe;BWA;Botswana;Other;Persons;1995;702,3362383;770,7931961;-5,704746481;-5,140179121;Annual;01/01/80
ZWE;Zimbabwe;BWA;Botswana;Other;Persons;1996;545,987556;624,9797942;-6,582686513;-5,858496153;Annual;01/01/80
ZWE;Zimbabwe;BWA;Botswana;Other;Persons;1997;622,2411913;722,9103789;-8,389098966;-7,518972748;Annual;01/01/80
ZWE;Zimbabwe;BWA;Botswana;Other;Persons;1998;678,6211447;701,950432;-1,944107276;-1,704956353;Annual;01/01/80
ZWE;Zimbabwe;BWA;Botswana;Other;Persons;1999;593,5167075;584,7039323;0,734397929;0,631557388;Annual;01/01/80
ZWE;Zimbabwe;BWA;Botswana;Other;Persons;2000;691,0277335;763,0557433;-6,002334146;-5,574013152;Annual;01/01/80
ZWE;Zimbabwe;BWA;Botswana;Other;Persons;2001;702,3041957;645,0799125;4,768690267;4,788020373;Annual;01/01/80
ZWE;Zimbabwe;BWA;Botswana;Other;Persons;2002;703,1275384;726,6820703;-1,962877657;-1,535752599;Annual;01/01/80
ZWE;Zimbabwe;BWA;Botswana;Other;Persons;2003;702,7792027;823,9789352;-10,09997771;-8,96660444;Annual;01/01/80
ZWE;Zimbabwe;BWA;Botswana;Other;Persons;2004;601,8088565;622,3815888;-1,714394355;-1,677957669;Annual;01/01/80
ZWE;Zimbabwe;BWA;Botswana;Other;Persons;2005;586,4271898;607,7698505;-1,778555059;-1,476277492;Annual;01/01/80
ZWE;Zimbabwe;BWA;Botswana;Other;Persons;2006;801,972347;853,1712612;-4,266576185;-4,454084257;Annual;01/01/80
ZWE;Zimbabwe;BWA;Botswana;Other;Persons;2007;840,5188758;765,8141058;6,225397503;5,674872711;Annual;01/01/80
ZWE;Zimbabwe;BWA;Botswana;Other;Persons;2008;620,8027849;738,1230838;-9,776691572;-8,924292589;Annual;01/01/80
ZWE;Zimbabwe;BWA;Botswana;Other;Persons;2009;752,3325769;722,1271367;2,51712002;1,920564958;Annual;01/01/80
ZWE;Zimbabwe;BWA;Botswana;Other;Persons;2010;500,3951321;471,0210697;2,447838533;2,341588649;Annual;01/01/80
ZWE;Zimbabwe;BWA;Botswana;Other;Persons;2011;618,0702559;646,681504;-2,384270674;-1,758945675;Annual;01/01/80
ZWE;Zimbabwe;BWA;Botswana;Other;Persons;2012;765,987424;876,9299642;-9,245211688;-7,974030967;Annual;01/01/80
ZWE;Zimbabwe;BWA;Botswana;Other;Persons;2013;649,8932628;758,0083473;-9,009590375;-7,814755261;Annual;01/01/80
ZWE;Zimbabwe;BWA;Botswana;Other;Persons;2014;704,4156341;821,8442603;-9,785718847;-8,085943249;Annual;01/01/80
ZWE;Zimbabwe;BWA;Botswana;Other;Persons;2015;763,0391576;859,8440462;-8,067074054;-7,962776281;Annual;01/01/80
ZWE;Zimbabwe;BWA;Botswana;Other;Persons;2016;757,2102323;815,9249028;-4,892889207;-4,523842707;Annual;01/01/80
ZWE;Zimbabwe;BWA;Botswana;Other;Persons;2017;777,357923;832,1625261;-4,567050255;-4,015260835;Annual;01/01/80
ZWE;Zimbabwe;BWA;Botswana;Other;Persons;2018;649,3021319;719,2700429;-5,830659253;-5,385421794;Annual;01/01/80
ZWE;Zimbabwe;BWA;Botswana;Other;Persons;2019;803,8886391;890,9074201;-7,251565081;-6,943249815;Annual;01/01/80
ZWE;Zimbabwe;BWA;Botswana;Other;Persons;2020;579,1180042;693,5004135;-9,53186744;-8,728946036;Annual;01/01/80
ZWE;Zimbabwe;BWA;Botswana;Other;Persons;2021;792,1348147;871,4436718;-6,609071427;-5,725802857;Annual;01/01/80
ZWE;Zimbabwe;BWA;Botswana;Other;Persons;2022;635,9981164;759,8713036;-10,3227656;-9,880103943;Annual;01/01/80
ZWE;Zimbabwe;BWA;Botswana;Other;Persons;2023;613,7531018;697,3571214;-6,967001633;-6,506480747;Annual;01/01/80
ZWE;Zimbabwe;BWA;Botswana;Other;Persons;2024;768,5927589;805,8549993;-3,105186701;-2,804386393;Annual;01/01/80
ZWE;Zimbabwe;BWA;Botswana;Other;Persons;2025;546,5315304;559,9743511;-1,120235056;-0,69289834;Annual;01/01/80
ZWE;Zimbabwe;BWA;Botswana;Other;Persons;2026;457,214482;512,1536695;-6,104354172;-4,982364321;Annual;01/01/80
ZWE;Zimbabwe;BWA;Botswana;Public Services;Persons;1980;659,268531;841,0677713;-15,14993669;-13,39212639;Annual;01/01/80
ZWE;Zimbabwe;BWA;Botswana;Public Services;Persons;1981;636,1088003;691,7426129;-4,636151049;-4,059404607;Annual;01/01/80
ZWE;Zimbabwe;BWA;Botswana;Public Services;Persons;1982;599,1089169;608,904871;-0,816329508;-0,843419083;Annual;01/01/80
ZWE;Zimbabwe;BWA;Botswana;Public Services;Persons;1983;736,5131675;785,2311292;-4,059830139;-3,722872584;Annual;01/01/80
ZWE;Zimbabwe;BWA;Botswana;Public Services;Persons;1984;639,0690432;763,8718576;-10,40023454;-9,316250738;Annual;01/01/80
ZWE;Zimbabwe;BWA;Botswana;Public Services;Persons;1985;636,1937009;763,5017816;-10,60900673;-9,980280552;Annual;01/01/80
ZWE;Zimbabwe;BWA;Botswana;Public Services;Persons;1986;595,3513159;639,3462168;-3,666241735;-2,985814992;Annual;01/01/80
ZWE;Zimbabwe;BWA;Botswana;Public Services;Persons;1987;704,4685514;703,9080574;0,046707831;-0,596368043;Annual;01/01/80
ZWE;Zimbabwe;BWA;Botswana;Public Services;Persons;1988;995,4018049;1047,426087;-4,335356805;-4,494135075;Annual;01/01/80
ZWE;Zimbabwe;BWA;Botswana;Public Services;Persons;1989;790,1231549;886,1458506;-8,001891315;-7,233639464;Annual;01/01/80
ZWE;Zimbabwe;BWA;Botswana;Public Services;Persons;1990;723,6643787;807,2962717;-6,969324421;-6,645042513;Annual;01/01/80
ZWE;Zimbabwe;BWA;Botswana;Public Services;Persons;1991;740,6691495;808,5662118;-5,658088522;-4,894269751;Annual;01/01/80
ZWE;Zimbabwe;BWA;Botswana;Public Services;Persons;1992;868,3613275;882,3894329;-1,169008783;-1,614216455;Annual;01/01/80
ZWE;Zimbabwe;BWA;Botswana;Public Services;Persons;1993;856,1625784;954,3708685;-8,184024177;-6,63374697;Annual;01/01/80
ZWE;Zimbabwe;BWA;Botswana;Public Services;Persons;1994;611,3322958;631,0100824;-1,639815547;-0,988962684;Annual;01/01/80
ZWE;Zimbabwe;BWA;Botswana;Public Services;Persons;1995;674,3809696;654,117066;1,688658628;1,627182613;Annual;01/01/80
ZWE;Zimbabwe;BWA;Botswana;Public Services;Persons;1996;722,0204552;736,2064078;-1,182162711;-0,951075757;Annual;01/01/80
ZWE;Zimbabwe;BWA;Botswana;Public Services;Persons;1997;708,1913675;754,9149281;-3,893630043;-3,811573952;Annual;01/01/80
ZWE;Zimbabwe;BWA;Botswana;Public Services;Persons;1998;877,9492258;974,8071373;-8,071492631;-7,171713409;Annual;01/01/80
ZWE;Zimbabwe;BWA;Botswana;Public Services;Persons;1999;575,3619384;559,3405758;1,335113545;0,757272111;Annual;01/01/80
ZWE;Zimbabwe;BWA;Botswana;Public Services;Persons;2000;871,8620523;948,4117538;-6,379141791;-5,789850927;Annual;01/01/80
ZWE;Zimbabwe;BWA;Botswana;Public Services;Persons;2001;555,8564047;651,2439908;-7,948965504;-7,589669117;Annual;01/01/80
ZWE;Zimbabwe;BWA;Botswana;Public Services;Persons;2002;646,0583086;705,2049464;-4,928886491;-4,170771546;Annual;01/01/80
ZWE;Zimbabwe;BWA;Botswana;Public Services;Persons;2003;696,6797972;758,209072;-5,127439571;-4,862667546;Annual;01/01/80
ZWE;Zimbabwe;BWA;Botswana;Public Services;Persons;2004;679,9619639;720,6774587;-3,392957897;-3,731343166;Annual;01/01/80
ZWE;Zimbabwe;BWA;Botswana;Public Services;Persons;2005;790,7647488;941,5751264;-12,56753146;-11,65064577;Annual;01/01/80
ZWE;Zimbabwe;BWA;Botswana;Public Services;Persons;2006;740,4312239;732,5992239;0,652666662;0,306855853;Annual;01/01/80
ZWE;Zimbabwe;BWA;Botswana;Public Services;Persons;2007;605,8401606;684,2555521;-6,534615955;-5,596836371;Annual;01/01/80
ZWE;Zimbabwe;BWA;Botswana;Public Services;Persons;2008;1000,979362;1036,288545;-2,942431948;-2,125185704;Annual;01/01/80
ZWE;Zimbabwe;BWA;Botswana;Public Services;Persons;2009;661,3287968;702,6317834;-3,441915547;-3,548969908;Annual;01/01/80
ZWE;Zimbabwe;BWA;Botswana;Public Services;Persons;2010;667,7157062;677,1623491;-0,787220236;-1,020542064;Annual;01/01/80
ZWE;Zimbabwe;BWA;Botswana;Public Services;Persons;2011;719,3066762;787,5135185;-5,683903527;-4,207447348;Annual;01/01/80
ZWE;Zimbabwe;BWA;Botswana;Public Services;Persons;2012;807,505642;883,2040257;-6,308198638;-5,550314029;Annual;01/01/80
ZWE;Zimbabwe;BWA;Botswana;Public Services;Persons;2013;622,5137274;648,8542902;-2,195046898;-1,480011764;Annual;01/01/80
ZWE;Zimbabwe;BWA;Botswana;Public Services;Persons;2014;803,0489014;934,2908234;-10,93682684;-10,07096339;Annual;01/01/80
ZWE;Zimbabwe;BWA;Botswana;Public Services;Persons;2015;669,9322008;731,9167261;-5,165377112;-4,687340877;Annual;01/01/80
ZWE;Zimbabwe;BWA;Botswana;Public Services;Persons;2016;777,7741361;745,1607654;2,717780893;2,035042333;Annual;01/01/80
ZWE;Zimbabwe;BWA;Botswana;Public Services;Persons;2017;766,3795479;955,8555544;-15,7896672;-13,69066942;Annual;01/01/80
ZWE;Zimbabwe;BWA;Botswana;Public Services;Persons;2018;747,4496478;766,6891046;-1,603288064;-1,544500587;Annual;01/01/80
ZWE;Zimbabwe;BWA;Botswana;Public Services;Persons;2019;887,6909146;810,3110625;6,448321015;6,470767565;Annual;01/01/80
ZWE;Zimbabwe;BWA;Botswana;Public Services;Persons;2020;693,7648776;733,0310424;-3,272180396;-1,825806165;Annual;01/01/80
ZWE;Zimbabwe;BWA;Botswana;Public Services;Persons;2021;703,9506909;754,1662403;-4,184629115;-3,669476441;Annual;01/01/80
ZWE;Zimbabwe;BWA;Botswana;Public Services;Persons;2022;543,882393;633,9094016;-7,502250715;-6,53346494;Annual;01/01/80
ZWE;Zimbabwe;BWA;Botswana;Public Services;Persons;2023;543,2862157;560,7253139;-1,453258181;-1,476129063;Annual;01/01/80
ZWE;Zimbabwe;BWA;Botswana;Public Services;Persons;2024;833,327273;854,8712375;-1,795330373;-1,625337299;Annual;01/01/80
ZWE;Zimbabwe;BWA;Botswana;Public Services;Persons;2025;761,7887331;804,6277165;-3,569915282;-2,420811962;Annual;01/01/80
ZWE;Zimbabwe;BWA;Botswana;Public Services;Persons;2026;512,7545708;504,7937693;0,884533491;0,686723442;Annual;01/01/80
ZWE;Zimbabwe;BWA;Botswana;Tourism;Persons;1980;839,4341237;818,0564477;1,781473002;2,12600244;Annual;01/01/80
ZWE;Zimbabwe;BWA;Botswana;Tourism;Persons;1981;738,9793174;664,994733;6,165382029;5,821143575;Annual;01/01/80
ZWE;Zimbabwe;BWA;Botswana;Tourism;Persons;1982;681,1534364;683,2636814;-0,17585375;-0,541863987;Annual;01/01/80
ZWE;Zimbabwe;BWA;Botswana;Tourism;Persons;1983;635,49178;696,7440913;-5,104359275;-4,246314131;Annual;01/01/80
ZWE;Zimbabwe;BWA;Botswana;Tourism;Persons;1984;904,4655185;968,2478958;-5,315198113;-5,378836894;Annual;01/01/80
ZWE;Zimbabwe;BWA;Botswana;Tourism;Persons;1985;621,494254;660,3908585;-3,241383708;-2,708539367;Annual;01/01/80
ZWE;Zimbabwe;BWA;Botswana;Tourism;Persons;1986;780,3374161;830,0460696;-4,142387788;-3,667210063;Annual;01/01/80
ZWE;Zimbabwe;BWA;Botswana;Tourism;Persons;1987;716,4667703;812,6552358;-8,015705456;-7,381500732;Annual;01/01/80
ZWE;Zimbabwe;BWA;Botswana;Tourism;Persons;1988;705,9702707;803,6035777;-8,136108918;-7,493817058;Annual;01/01/80
ZWE;Zimbabwe;BWA;Botswana;Tourism;Persons;1989;734,9258799;787,7870762;-4,405099686;-3,497966812;Annual;01/01/80
ZWE;Zimbabwe;BWA;Botswana;Tourism;Persons;1990;499,0910069;595,5619144;-8,039242291;-7,02434434;Annual;01/01/80
ZWE;Zimbabwe;BWA;Botswana;Tourism;Persons;1991;719,4861211;756,1188965;-3,052731287;-3,726925643;Annual;01/01/80
ZWE;Zimbabwe;BWA;Botswana;Tourism;Persons;1992;666,0470606;673,6671321;-0,635005951;-0,686547807;Annual;01/01/80
ZWE;Zimbabwe;BWA;Botswana;Tourism;Persons;1993;766,2856225;797,4287585;-2,595261336;-2,514556931;Annual;01/01/80
ZWE;Zimbabwe;BWA;Botswana;Tourism;Persons;1994;888,442922;981,9795507;-7,79471906;-7,007849003;Annual;01/01/80
ZWE;Zimbabwe;BWA;Botswana;Tourism;Persons;1995;939,4573081;1079,622068;-11,68039667;-10,73011786;Annual;01/01/80
ZWE;Zimbabwe;BWA;Botswana;Tourism;Persons;1996;648,1416095;685,3771286;-3,102959922;-2,508177046;Annual;01/01/80
ZWE;Zimbabwe;BWA;Botswana;Tourism;Persons;1997;661,5033191;729,3502412;-5,653910175;-5,439976963;Annual;01/01/80
ZWE;Zimbabwe;BWA;Botswana;Tourism;Persons;1998;727,4149747;836,7841039;-9,114094099;-8,414975797;Annual;01/01/80
ZWE;Zimbabwe;BWA;Botswana;Tourism;Persons;1999;632,4782426;724,43972;-7,663456451;-7,108347902;Annual;01/01/80
ZWE;Zimbabwe;BWA;Botswana;Tourism;Persons;2000;536,4159194;601,8769009;-5,45508179;-4,62604529;Annual;01/01/80
ZWE;Zimbabwe;BWA;Botswana;Tourism;Persons;2001;769,0807131;781,8035312;-1,060234845;-0,3703724;Annual;01/01/80
ZWE;Zimbabwe;BWA;Botswana;Tourism;Persons;2002;589,4213244;693,9894162;-8,714007655;-7,828269886;Annual;01/01/80
ZWE;Zimbabwe;BWA;Botswana;Tourism;Persons;2003;532,9135203;583,3201185;-4,200549852;-3,827508647;Annual;01/01/80
ZWE;Zimbabwe;BWA;Botswana;Tourism;Persons;2004;638,8575802;636,8151342;0,170203833;-0,186487911;Annual;01/01/80
ZWE;Zimbabwe;BWA;Botswana;Tourism;Persons;2005;540,2119225;562,7651312;-1,879434057;-1,788095131;Annual;01/01/80
ZWE;Zimbabwe;BWA;Botswana;Tourism;Persons;2006;804,8131816;833,8835117;-2,42252751;-1,942555963;Annual;01/01/80
ZWE;Zimbabwe;BWA;Botswana;Tourism;Persons;2007;657,8905499;714,2142069;-4,693638087;-4,361930293;Annual;01/01/80
ZWE;Zimbabwe;BWA;Botswana;Tourism;Persons;2008;776,446286;864,7133902;-7,355592014;-6,652503748;Annual;01/01/80
ZWE;Zimbabwe;BWA;Botswana;Tourism;Persons;2009;871,7910482;810,6789179;5,092677525;5,171074352;Annual;01/01/80
ZWE;Zimbabwe;BWA;Botswana;Tourism;Persons;2010;817,0595328;797,5547325;1,625400021;1,134200723;Annual;01/01/80
ZWE;Zimbabwe;BWA;Botswana;Tourism;Persons;2011;676,5227485;708,1732752;-2,637543897;-2,486300798;Annual;01/01/80
ZWE;Zimbabwe;BWA;Botswana;Tourism;Persons;2012;590,1673743;601,3321623;-0,930399002;-1,116094303;Annual;01/01/80
ZWE;Zimbabwe;BWA;Botswana;Tourism;Persons;2013;686,6181475;739,6732983;-4,421262571;-3,78003098;Annual;01/01/80
ZWE;Zimbabwe;BWA;Botswana;Tourism;Persons;2014;773,4973198;806,1038986;-2,717214903;-2,418337897;Annual;01/01/80
ZWE;Zimbabwe;BWA;Botswana;Tourism;Persons;2015;824,622903;865,0233621;-3,366704922;-2,59600992;Annual;01/01/80
ZWE;Zimbabwe;BWA;Botswana;Tourism;Persons;2016;640,1828746;654,3198342;-1,178079963;-0,882832924;Annual;01/01/80
ZWE;Zimbabwe;BWA;Botswana;Tourism;Persons;2017;676,4459995;771,7139531;-7,938996132;-7,445562021;Annual;01/01/80
ZWE;Zimbabwe;BWA;Botswana;Tourism;Persons;2018;618,9353182;623,0681996;-0,344406786;0,228462826;Annual;01/01/80
ZWE;Zimbabwe;BWA;Botswana;Tourism;Persons;2019;851,0851562;890,9688063;-3,32363751;-2,318297843;Annual;01/01/80
ZWE;Zimbabwe;BWA;Botswana;Tourism;Persons;2020;771,6106526;890,4840349;-9,906115199;-8,131831745;Annual;01/01/80
ZWE;Zimbabwe;BWA;Botswana;Tourism;Persons;2021;727,0321009;707,1645538;1,655628926;1,513449819;Annual;01/01/80
ZWE;Zimbabwe;BWA;Botswana;Tourism;Persons;2022;919,542069;957,8880933;-3,195502023;-3,27374166;Annual;01/01/80
ZWE;Zimbabwe;BWA;Botswana;Tourism;Persons;2023;477,6297145;493,2481218;-1,301533943;-1,190997072;Annual;01/01/80
ZWE;Zimbabwe;BWA;Botswana;Tourism;Persons;2024;814,2354672;902,1314205;-7,324662774;-6,688498972;Annual;01/01/80
ZWE;Zimbabwe;BWA;Botswana;Tourism;Persons;2025;971,2627783;1034,610896;-5,2790098;-4,350864438;Annual;01/01/80
ZWE;Zimbabwe;BWA;Botswana;Tourism;Persons;2026;469,7588834;533,5544624;-7,088397664;-5,961033491;Annual;01/01/80
ZWE;Zimbabwe;BWA;Botswana;Trade;Persons;1980;728,7650248;874,3748164;-12,1341493;-10,35061916;Annual;01/01/80
ZWE;Zimbabwe;BWA;Botswana;Trade;Persons;1981;664,1394621;754,9874833;-7,570668432;-6,69185301;Annual;01/01/80
ZWE;Zimbabwe;BWA;Botswana;Trade;Persons;1982;843,3502512;920,7597801;-6,450794082;-5,607188249;Annual;01/01/80
ZWE;Zimbabwe;BWA;Botswana;Trade;Persons;1983;840,0571746;843,3620839;-0,275409112;0,516001327;Annual;01/01/80
ZWE;Zimbabwe;BWA;Botswana;Trade;Persons;1984;635,5626721;702,1779745;-5,551275201;-4,702781767;Annual;01/01/80
ZWE;Zimbabwe;BWA;Botswana;Trade;Persons;1985;811,8806978;784,6752363;2,267121793;2,193349434;Annual;01/01/80
ZWE;Zimbabwe;BWA;Botswana;Trade;Persons;1986;654,0023647;758,5562468;-8,712823508;-8,075517976;Annual;01/01/80
ZWE;Zimbabwe;BWA;Botswana;Trade;Persons;1987;831,5092249;719,398775;9,342537494;8,568045573;Annual;01/01/80
ZWE;Zimbabwe;BWA;Botswana;Trade;Persons;1988;776,7296533;830,3256155;-4,466330185;-4,052877754;Annual;01/01/80
ZWE;Zimbabwe;BWA;Botswana;Trade;Persons;1989;698,2032555;776,7013906;-6,541511257;-5,621841117;Annual;01/01/80
ZWE;Zimbabwe;BWA;Botswana;Trade;Persons;1990;829,6882245;849,5871695;-1,658245419;-1,427698732;Annual;01/01/80
ZWE;Zimbabwe;BWA;Botswana;Trade;Persons;1991;530,091004;542,303007;-1,017666919;-0,701158413;Annual;01/01/80
ZWE;Zimbabwe;BWA;Botswana;Trade;Persons;1992;948,1859032;1017,214679;-5,75239799;-4,293081413;Annual;01/01/80
ZWE;Zimbabwe;BWA;Botswana;Trade;Persons;1993;853,4988791;856,1885802;-0,224141756;-0,431011633;Annual;01/01/80
ZWE;Zimbabwe;BWA;Botswana;Trade;Persons;1994;825,3778381;912,4387691;-7,25507758;-5,491989792;Annual;01/01/80
ZWE;Zimbabwe;BWA;Botswana;Trade;Persons;1995;696,2127954;730,2742493;-2,838454492;-2,432823566;Annual;01/01/80
ZWE;Zimbabwe;BWA;Botswana;Trade;Persons;1996;664,4108241;723,3659895;-4,912930452;-4,154445871;Annual;01/01/80
ZWE;Zimbabwe;BWA;Botswana;Trade;Persons;1997;818,0284665;862,2247625;-3,683024665;-3,39999575;Annual;01/01/80
ZWE;Zimbabwe;BWA;Botswana;Trade;Persons;1998;560,8031317;546,5932481;1,184156962;1,035890707;Annual;01/01/80
ZWE;Zimbabwe;BWA;Botswana;Trade;Persons;1999;795,4103808;805,6476753;-0,853107874;-0,218173758;Annual;01/01/80
ZWE;Zimbabwe;BWA;Botswana;Trade;Persons;2000;786,7902936;833,6650459;-3,90622936;-2,79977718;Annual;01/01/80
ZWE;Zimbabwe;BWA;Botswana;Trade;Persons;2001;643,882944;719,6014853;-6,309878441;-5,211118874;Annual;01/01/80
ZWE;Zimbabwe;BWA;Botswana;Trade;Persons;2002;698,8737127;640,3044258;4,880773909;4,196313906;Annual;01/01/80
ZWE;Zimbabwe;BWA;Botswana;Trade;Persons;2003;907,3588195;985,1095548;-6,479227938;-5,437370219;Annual;01/01/80
ZWE;Zimbabwe;BWA;Botswana;Trade;Persons;2004;671,121448;721,315603;-4,182846248;-4,057245293;Annual;01/01/80
ZWE;Zimbabwe;BWA;Botswana;Trade;Persons;2005;791,1917412;819,509191;-2,359787488;-1,878744354;Annual;01/01/80
ZWE;Zimbabwe;BWA;Botswana;Trade;Persons;2006;591,2903107;665,7703492;-6,206669878;-6,475447162;Annual;01/01/80
ZWE;Zimbabwe;BWA;Botswana;Trade;Persons;2007;756,0119587;771,0035225;-1,249296985;-1,627298422;Annual;01/01/80
ZWE;Zimbabwe;BWA;Botswana;Trade;Persons;2008;863,9894621;957,3243254;-7,777905269;-7,877439247;Annual;01/01/80
ZWE;Zimbabwe;BWA;Botswana;Trade;Persons;2009;849,6307697;918,4436396;-5,734405826;-5,288657854;Annual;01/01/80
ZWE;Zimbabwe;BWA;Botswana;Trade;Persons;2010;762,1013701;801,5387068;-3,286444722;-3,481010342;Annual;01/01/80
ZWE;Zimbabwe;BWA;Botswana;Trade;Persons;2011;716,0916362;789,0150635;-6,07695227;-5,805427096;Annual;01/01/80
ZWE;Zimbabwe;BWA;Botswana;Trade;Persons;2012;792,1807697;758,1725125;2,834021436;1,309120744;Annual;01/01/80
ZWE;Zimbabwe;BWA;Botswana;Trade;Persons;2013;668,9631594;774,2366772;-8,772793148;-7,858819171;Annual;01/01/80
ZWE;Zimbabwe;BWA;Botswana;Trade;Persons;2014;697,2119859;670,4202656;2,232643354;2,110619401;Annual;01/01/80
ZWE;Zimbabwe;BWA;Botswana;Trade;Persons;2015;902,7781558;995,0837795;-7,692135316;-7,122195438;Annual;01/01/80
ZWE;Zimbabwe;BWA;Botswana;Trade;Persons;2016;663,3310398;773,5909125;-9,188322729;-8,312287529;Annual;01/01/80
ZWE;Zimbabwe;BWA;Botswana;Trade;Persons;2017;772,3515228;865,8676432;-7,793010035;-6,727500123;Annual;01/01/80
ZWE;Zimbabwe;BWA;Botswana;Trade;Persons;2018;636,4247255;668,3567751;-2,661004134;-2,350168741;Annual;01/01/80
ZWE;Zimbabwe;BWA;Botswana;Trade;Persons;2019;746,0841576;827,9262882;-6,820177543;-5,317394882;Annual;01/01/80
ZWE;Zimbabwe;BWA;Botswana;Trade;Persons;2020;699,6384434;799,3326795;-8,307853011;-7,749053874;Annual;01/01/80
ZWE;Zimbabwe;BWA;Botswana;Trade;Persons;2021;742,5941411;906,9576286;-13,69695729;-12,84163527;Annual;01/01/80
ZWE;Zimbabwe;BWA;Botswana;Trade;Persons;2022;642,1714517;737,3518127;-7,931696748;-6,492303892;Annual;01/01/80
ZWE;Zimbabwe;BWA;Botswana;Trade;Persons;2023;917,6520256;944,510202;-2,238181373;-2,169087372;Annual;01/01/80
ZWE;Zimbabwe;BWA;Botswana;Trade;Persons;2024;819,7373761;1014,240823;-16,20862054;-14,32332716;Annual;01/01/80
ZWE;Zimbabwe;BWA;Botswana;Trade;Persons;2025;869,2377287;976,8459645;-8,967352983;-7,965016964;Annual;01/01/80
ZWE;Zimbabwe;BWA;Botswana;Trade;Persons;2026;765,0819753;781,0874088;-1,778381503;-2,275448092;Annual;01/01/80
ZWE;Zimbabwe;BWA;Botswana;Transport;Persons;1980;681,5554678;801,8435083;-10,02400337;-8,867074997;Annual;01/01/80
ZWE;Zimbabwe;BWA;Botswana;Transport;Persons;1981;777,7849534;811,731842;-2,828907383;-2,848780891;Annual;01/01/80
ZWE;Zimbabwe;BWA;Botswana;Transport;Persons;1982;869,3535617;821,7345725;3,968249097;4,468718907;Annual;01/01/80
ZWE;Zimbabwe;BWA;Botswana;Transport;Persons;1983;802,6329234;869,7530748;-5,593345952;-5,576083007;Annual;01/01/80
ZWE;Zimbabwe;BWA;Botswana;Transport;Persons;1984;609,2074528;685,9694001;-6,39682894;-5,406776816;Annual;01/01/80
ZWE;Zimbabwe;BWA;Botswana;Transport;Persons;1985;648,3711725;697,7912755;-4,118341917;-3,56716325;Annual;01/01/80
ZWE;Zimbabwe;BWA;Botswana;Transport;Persons;1986;655,6222402;727,8732326;-6,020916032;-4,385809907;Annual;01/01/80
ZWE;Zimbabwe;BWA;Botswana;Transport;Persons;1987;659,7679524;706,1937795;-3,868818923;-3,391194199;Annual;01/01/80
ZWE;Zimbabwe;BWA;Botswana;Transport;Persons;1988;663,1732117;740,8078306;-6,469551576;-6,138706394;Annual;01/01/80
ZWE;Zimbabwe;BWA;Botswana;Transport;Persons;1989;543,5681568;651,1982438;-8,969173917;-7,532331106;Annual;01/01/80
ZWE;Zimbabwe;BWA;Botswana;Transport;Persons;1990;622,6004493;683,2912534;-5,057567012;-4,315446988;Annual;01/01/80
ZWE;Zimbabwe;BWA;Botswana;Transport;Persons;1991;698,7277178;807,0519096;-9,027015987;-8,052380239;Annual;01/01/80
ZWE;Zimbabwe;BWA;Botswana;Transport;Persons;1992;562,2279684;543,864694;1,530272866;1,194290374;Annual;01/01/80
ZWE;Zimbabwe;BWA;Botswana;Transport;Persons;1993;743,6958991;820,4888889;-6,399415819;-5,899424403;Annual;01/01/80
ZWE;Zimbabwe;BWA;Botswana;Transport;Persons;1994;665,023393;682,426462;-1,45025575;-1,494305967;Annual;01/01/80
ZWE;Zimbabwe;BWA;Botswana;Transport;Persons;1995;720,2866508;761,8388124;-3,462680134;-4,032508424;Annual;01/01/80
ZWE;Zimbabwe;BWA;Botswana;Transport;Persons;1996;710,2266037;695,7673389;1,204938738;1,046058257;Annual;01/01/80
ZWE;Zimbabwe;BWA;Botswana;Transport;Persons;1997;703,3441792;751,6459576;-4,025148194;-3,759002038;Annual;01/01/80
ZWE;Zimbabwe;BWA;Botswana;Transport;Persons;1998;666,5240276;703,4031909;-3,073263608;-2,310419065;Annual;01/01/80
ZWE;Zimbabwe;BWA;Botswana;Transport;Persons;1999;695,4184783;803,5378515;-9,009947769;-7,901715377;Annual;01/01/80
ZWE;Zimbabwe;BWA;Botswana;Transport;Persons;2000;734,4779772;788,2166132;-4,478219663;-4,384789911;Annual;01/01/80
ZWE;Zimbabwe;BWA;Botswana;Transport;Persons;2001;875,1293926;974,8307573;-8,308447056;-8,116034222;Annual;01/01/80
ZWE;Zimbabwe;BWA;Botswana;Transport;Persons;2002;773,8352873;831,9026831;-4,83894965;-4,204401064;Annual;01/01/80
ZWE;Zimbabwe;BWA;Botswana;Transport;Persons;2003;705,1156795;741,2012607;-3,007131771;-2,836891273;Annual;01/01/80
ZWE;Zimbabwe;BWA;Botswana;Transport;Persons;2004;835,9730296;909,8903627;-6,159777762;-5,7442535;Annual;01/01/80
ZWE;Zimbabwe;BWA;Botswana;Transport;Persons;2005;807,2175806;876,1452382;-5,743971465;-4,870839688;Annual;01/01/80
ZWE;Zimbabwe;BWA;Botswana;Transport;Persons;2006;682,5295029;697,1986767;-1,222431144;-1,308353924;Annual;01/01/80
ZWE;Zimbabwe;BWA;Botswana;Transport;Persons;2007;809,8661262;851,325953;-3,454985565;-2,487597232;Annual;01/01/80
ZWE;Zimbabwe;BWA;Botswana;Transport;Persons;2008;801,2483593;915,5320288;-9,523639121;-8,308996935;Annual;01/01/80
ZWE;Zimbabwe;BWA;Botswana;Transport;Persons;2009;757,1379577;970,0244973;-17,74054496;-15,41446786;Annual;01/01/80
ZWE;Zimbabwe;BWA;Botswana;Transport;Persons;2010;739,0001863;755,0696846;-1,339124857;-0,888597992;Annual;01/01/80
ZWE;Zimbabwe;BWA;Botswana;Transport;Persons;2011;638,9541538;726,3417313;-7,282298132;-6,84954933;Annual;01/01/80
ZWE;Zimbabwe;BWA;Botswana;Transport;Persons;2012;737,3889728;735,3492036;0,169980761;0,327331307;Annual;01/01/80
ZWE;Zimbabwe;BWA;Botswana;Transport;Persons;2013;718,5597161;743,6134742;-2,087813176;-1,823679282;Annual;01/01/80
ZWE;Zimbabwe;BWA;Botswana;Transport;Persons;2014;785,0351569;804,0407917;-1,583802899;-1,051514997;Annual;01/01/80
ZWE;Zimbabwe;BWA;Botswana;Transport;Persons;2015;612,4310547;678,6133518;-5,515191424;-5,1023765;Annual;01/01/80
ZWE;Zimbabwe;BWA;Botswana;Transport;Persons;2016;737,1359905;839,7323141;-8,549693637;-7,936696037;Annual;01/01/80
ZWE;Zimbabwe;BWA;Botswana;Transport;Persons;2017;794,7030631;844,085604;-4,115211738;-3,545302557;Annual;01/01/80
ZWE;Zimbabwe;BWA;Botswana;Transport;Persons;2018;865,1395896;1019,998588;-12,9049165;-12,19436264;Annual;01/01/80
ZWE;Zimbabwe;BWA;Botswana;Transport;Persons;2019;785,3983598;825,4160358;-3,334806333;-3,398441951;Annual;01/01/80
ZWE;Zimbabwe;BWA;Botswana;Transport;Persons;2020;771,0170774;811,2615442;-3,35370557;-2,546480277;Annual;01/01/80
ZWE;Zimbabwe;BWA;Botswana;Transport;Persons;2021;627,4035727;649,5299319;-1,843863266;-1,212146983;Annual;01/01/80
ZWE;Zimbabwe;BWA;Botswana;Transport;Persons;2022;383,8542791;381,1431214;0,225929809;-0,003498594;Annual;01/01/80
ZWE;Zimbabwe;BWA;Botswana;Transport;Persons;2023;782,8442042;937,8213533;-12,91476243;-11,21013784;Annual;01/01/80
ZWE;Zimbabwe;BWA;Botswana;Transport;Persons;2024;629,4220185;709,7850058;-6,696915607;-6,190908244;Annual;01/01/80
ZWE;Zimbabwe;BWA;Botswana;Transport;Persons;2025;631,6366865;697,8389731;-5,516857216;-4,743369491;Annual;01/01/80
ZWE;Zimbabwe;BWA;Botswana;Transport;Persons;2026;519,6718553;659,551383;-15,54216974;-13,54827628;Annual;01/01/80
ZWE;Zimbabwe;CAN;Canada;Agriculture;Persons;1980;684,2420846;610,1896149;6,171039141;4,86736254;Annual;01/01/80
ZWE;Zimbabwe;CAN;Canada;Agriculture;Persons;1981;826,4895949;850,0624518;-1,964404745;-1,675638454;Annual;01/01/80
ZWE;Zimbabwe;CAN;Canada;Agriculture;Persons;1982;747,4956464;817,7639382;-5,855690979;-5,695054724;Annual;01/01/80
ZWE;Zimbabwe;CAN;Canada;Agriculture;Persons;1983;776,9027597;838,6523361;-5,145798041;-4,444887484;Annual;01/01/80
ZWE;Zimbabwe;CAN;Canada;Agriculture;Persons;1984;805,9535347;920,3386212;-9,532090545;-8,144514873;Annual;01/01/80
ZWE;Zimbabwe;CAN;Canada;Agriculture;Persons;1985;727,6036179;704,3734708;1,935845595;2,22924982;Annual;01/01/80
ZWE;Zimbabwe;CAN;Canada;Agriculture;Persons;1986;527,5799206;559,55467;-2,664562452;-2,247357929;Annual;01/01/80
ZWE;Zimbabwe;CAN;Canada;Agriculture;Persons;1987;652,6652505;691,4463211;-3,231755877;-3,544709463;Annual;01/01/80
ZWE;Zimbabwe;CAN;Canada;Agriculture;Persons;1988;629,9247613;620,4773766;0,78728206;0,903509715;Annual;01/01/80
ZWE;Zimbabwe;CAN;Canada;Agriculture;Persons;1989;754,638497;810,3920642;-4,646130597;-4,240755314;Annual;01/01/80
ZWE;Zimbabwe;CAN;Canada;Agriculture;Persons;1990;804,1640065;896,7628231;-7,716568051;-7,564113564;Annual;01/01/80
ZWE;Zimbabwe;CAN;Canada;Agriculture;Persons;1991;923,857821;989,9587131;-5,508407677;-4,133309312;Annual;01/01/80
ZWE;Zimbabwe;CAN;Canada;Agriculture;Persons;1992;884,8940459;1065,307989;-15,03449525;-13,77164988;Annual;01/01/80
ZWE;Zimbabwe;CAN;Canada;Agriculture;Persons;1993;469,8108061;538,6751553;-5,738695766;-5,295282262;Annual;01/01/80
ZWE;Zimbabwe;CAN;Canada;Agriculture;Persons;1994;787,379845;817,8107808;-2,535911317;-2,508548495;Annual;01/01/80
ZWE;Zimbabwe;CAN;Canada;Agriculture;Persons;1995;577,9895975;656,7946014;-6,567083654;-6,101720138;Annual;01/01/80
ZWE;Zimbabwe;CAN;Canada;Agriculture;Persons;1996;818,3384673;949,5585277;-10,93500504;-9,616341854;Annual;01/01/80
ZWE;Zimbabwe;CAN;Canada;Agriculture;Persons;1997;830,509921;843,4491659;-1,078270407;-0,848045063;Annual;01/01/80
ZWE;Zimbabwe;CAN;Canada;Agriculture;Persons;1998;860,616615;928,7962638;-5,681637396;-5,100703252;Annual;01/01/80
ZWE;Zimbabwe;CAN;Canada;Agriculture;Persons;1999;669,5559496;811,5035515;-11,82896683;-10,22231331;Annual;01/01/80
ZWE;Zimbabwe;CAN;Canada;Agriculture;Persons;2000;812,0513447;897,2829623;-7,102634803;-5,408173746;Annual;01/01/80
ZWE;Zimbabwe;CAN;Canada;Agriculture;Persons;2001;661,7224203;721,8786502;-5,013019163;-4,370419615;Annual;01/01/80
ZWE;Zimbabwe;CAN;Canada;Agriculture;Persons;2002;725,6816816;767,1878614;-3,458848321;-2,755292918;Annual;01/01/80
ZWE;Zimbabwe;CAN;Canada;Agriculture;Persons;2003;584,6144923;633,2462261;-4,052644482;-3,726598742;Annual;01/01/80
ZWE;Zimbabwe;CAN;Canada;Agriculture;Persons;2004;732,2987513;750,0286432;-1,477490995;-2,243995168;Annual;01/01/80
ZWE;Zimbabwe;CAN;Canada;Agriculture;Persons;2005;701,9665461;783,9443936;-6,831487289;-5,658144648;Annual;01/01/80
ZWE;Zimbabwe;CAN;Canada;Agriculture;Persons;2006;579,1021735;563,6114883;1,290890431;1,341092589;Annual;01/01/80
ZWE;Zimbabwe;CAN;Canada;Agriculture;Persons;2007;699,4356249;755,473286;-4,669805092;-4,736477901;Annual;01/01/80
ZWE;Zimbabwe;CAN;Canada;Agriculture;Persons;2008;614,6996058;728,3099393;-9,467527791;-8,497032303;Annual;01/01/80
ZWE;Zimbabwe;CAN;Canada;Agriculture;Persons;2009;650,2108862;686,0663035;-2,987951442;-2,639705894;Annual;01/01/80
ZWE;Zimbabwe;CAN;Canada;Agriculture;Persons;2010;730,4342776;784,1790783;-4,478733396;-3,829904796;Annual;01/01/80
ZWE;Zimbabwe;CAN;Canada;Agriculture;Persons;2011;667,5352567;667,3271189;0,017344819;0,422335462;Annual;01/01/80
ZWE;Zimbabwe;CAN;Canada;Agriculture;Persons;2012;573,4695696;662,1270923;-7,388126893;-6,491347908;Annual;01/01/80
ZWE;Zimbabwe;CAN;Canada;Agriculture;Persons;2013;730,5917456;775,8217652;-3,769168297;-4,002719799;Annual;01/01/80
ZWE;Zimbabwe;CAN;Canada;Agriculture;Persons;2014;610,814355;699,816014;-7,416804922;-7,089852574;Annual;01/01/80
ZWE;Zimbabwe;CAN;Canada;Agriculture;Persons;2015;804,1873815;840,5291116;-3,02847751;-2,876852793;Annual;01/01/80
ZWE;Zimbabwe;CAN;Canada;Agriculture;Persons;2016;520,2988793;564,7867074;-3,707319003;-3,253701682;Annual;01/01/80
ZWE;Zimbabwe;CAN;Canada;Agriculture;Persons;2017;596,0783451;644,0123277;-3,994498547;-3,295826824;Annual;01/01/80
ZWE;Zimbabwe;CAN;Canada;Agriculture;Persons;2018;627,5162108;728,1935625;-8,38977931;-7,999940624;Annual;01/01/80
ZWE;Zimbabwe;CAN;Canada;Agriculture;Persons;2019;823,7424979;871,2713572;-3,960738274;-4,357156537;Annual;01/01/80
ZWE;Zimbabwe;CAN;Canada;Agriculture;Persons;2020;635,5949853;688,4224971;-4,402292646;-4,131245908;Annual;01/01/80
ZWE;Zimbabwe;CAN;Canada;Agriculture;Persons;2021;535,8467742;517,6359701;1,517567005;1,937077122;Annual;01/01/80
ZWE;Zimbabwe;CAN;Canada;Agriculture;Persons;2022;724,6480904;788,0101034;-5,280167752;-4,32581704;Annual;01/01/80
ZWE;Zimbabwe;CAN;Canada;Agriculture;Persons;2023;754,9624885;866,1043734;-9,26182374;-7,838727989;Annual;01/01/80
ZWE;Zimbabwe;CAN;Canada;Agriculture;Persons;2024;691,5173571;820,1918266;-10,72287246;-9,550815415;Annual;01/01/80
ZWE;Zimbabwe;CAN;Canada;Agriculture;Persons;2025;586,0614814;634,3768967;-4,026284606;-3,588349808;Annual;01/01/80
ZWE;Zimbabwe;CAN;Canada;Agriculture;Persons;2026;599,7917364;671,2659661;-7,94158107;-7,326811465;Annual;01/01/80
ZWE;Zimbabwe;CAN;Canada;Construction;Persons;1980;562,7784953;629,1564824;-5,531498923;-4,868096306;Annual;01/01/80
ZWE;Zimbabwe;CAN;Canada;Construction;Persons;1981;689,8658535;662,8564348;2,250784883;2,140136605;Annual;01/01/80
ZWE;Zimbabwe;CAN;Canada;Construction;Persons;1982;909,832152;957,4466414;-3,967874113;-2,456222682;Annual;01/01/80
ZWE;Zimbabwe;CAN;Canada;Construction;Persons;1983;941,6196881;987,2173493;-3,799805105;-3,241700335;Annual;01/01/80
ZWE;Zimbabwe;CAN;Canada;Construction;Persons;1984;699,9299292;789,8967635;-7,49723619;-6,982863547;Annual;01/01/80
ZWE;Zimbabwe;CAN;Canada;Construction;Persons;1985;746,1724317;820,1552501;-6,165234867;-5,310134816;Annual;01/01/80
ZWE;Zimbabwe;CAN;Canada;Construction;Persons;1986;685,7659252;636,5882501;4,098139592;3,459416413;Annual;01/01/80
ZWE;Zimbabwe;CAN;Canada;Construction;Persons;1987;740,5787026;870,0165751;-10,78648938;-10,10586513;Annual;01/01/80
ZWE;Zimbabwe;CAN;Canada;Construction;Persons;1988;585,8548732;574,2729345;0,965161558;1,034822883;Annual;01/01/80
ZWE;Zimbabwe;CAN;Canada;Construction;Persons;1989;480,7016133;607,422792;-10,56009823;-8,874985346;Annual;01/01/80
ZWE;Zimbabwe;CAN;Canada;Construction;Persons;1990;567,0568408;594,6072218;-2,295865088;-1,715655632;Annual;01/01/80
ZWE;Zimbabwe;CAN;Canada;Construction;Persons;1991;567,0151856;529,8162302;3,099912945;2,835832275;Annual;01/01/80
ZWE;Zimbabwe;CAN;Canada;Construction;Persons;1992;617,7835098;690,4773574;-6,057820626;-5,106363776;Annual;01/01/80
ZWE;Zimbabwe;CAN;Canada;Construction;Persons;1993;918,6388865;1015,054962;-8,034672952;-5,696526156;Annual;01/01/80
ZWE;Zimbabwe;CAN;Canada;Construction;Persons;1994;683,8323237;722,476057;-3,22031111;-2,381761836;Annual;01/01/80
ZWE;Zimbabwe;CAN;Canada;Construction;Persons;1995;557,7543374;634,2419658;-6,373969032;-5,464980917;Annual;01/01/80
ZWE;Zimbabwe;CAN;Canada;Construction;Persons;1996;715,2217324;908,531487;-16,10914622;-14,90227976;Annual;01/01/80
ZWE;Zimbabwe;CAN;Canada;Construction;Persons;1997;846,5103092;972,0999309;-10,46580181;-8,882313945;Annual;01/01/80
ZWE;Zimbabwe;CAN;Canada;Construction;Persons;1998;745,0384197;819,0012507;-6,163569246;-5,704184968;Annual;01/01/80
ZWE;Zimbabwe;CAN;Canada;Construction;Persons;1999;841,8410016;989,5347886;-12,30781558;-11,64748614;Annual;01/01/80
ZWE;Zimbabwe;CAN;Canada;Construction;Persons;2000;757,2048908;848,0893519;-7,573705091;-7,354867835;Annual;01/01/80
ZWE;Zimbabwe;CAN;Canada;Construction;Persons;2001;621,3820884;634,2895953;-1,075625575;-1,562038615;Annual;01/01/80
ZWE;Zimbabwe;CAN;Canada;Construction;Persons;2002;727,9510528;871,9254075;-11,99786289;-10,05616675;Annual;01/01/80
ZWE;Zimbabwe;CAN;Canada;Construction;Persons;2003;686,3535736;768,081043;-6,810622445;-6,009601834;Annual;01/01/80
ZWE;Zimbabwe;CAN;Canada;Construction;Persons;2004;681,465536;840,9729195;-13,29228196;-11,8920862;Annual;01/01/80
ZWE;Zimbabwe;CAN;Canada;Construction;Persons;2005;725,76718;803,5042836;-6,478091969;-6,127861147;Annual;01/01/80
ZWE;Zimbabwe;CAN;Canada;Construction;Persons;2006;793,9478512;884,8240629;-7,573017644;-7,60636362;Annual;01/01/80
ZWE;Zimbabwe;CAN;Canada;Construction;Persons;2007;730,1796175;810,7584305;-6,714901085;-5,483385816;Annual;01/01/80
ZWE;Zimbabwe;CAN;Canada;Construction;Persons;2008;692,7094163;675,9700789;1,394944785;1,355216225;Annual;01/01/80
ZWE;Zimbabwe;CAN;Canada;Construction;Persons;2009;726,4604985;817,5128243;-7,587693811;-6,294016907;Annual;01/01/80
ZWE;Zimbabwe;CAN;Canada;Construction;Persons;2010;555,4785922;628,1977895;-6,059933107;-5,602784835;Annual;01/01/80
ZWE;Zimbabwe;CAN;Canada;Construction;Persons;2011;686,8093267;679,8251388;0,582015664;0,139014751;Annual;01/01/80
ZWE;Zimbabwe;CAN;Canada;Construction;Persons;2012;642,2639762;699,3998526;-4,761323031;-4,504560594;Annual;01/01/80
ZWE;Zimbabwe;CAN;Canada;Construction;Persons;2013;506,9858508;505,458213;0,127303157;0,545793128;Annual;01/01/80
ZWE;Zimbabwe;CAN;Canada;Construction;Persons;2014;619,6523726;651,0078497;-2,612956428;-2,697926012;Annual;01/01/80
ZWE;Zimbabwe;CAN;Canada;Construction;Persons;2015;645,5954103;684,1895939;-3,216181966;-2,871283324;Annual;01/01/80
ZWE;Zimbabwe;CAN;Canada;Construction;Persons;2016;733,2636806;743,7352969;-0,872634696;-0,826763877;Annual;01/01/80
ZWE;Zimbabwe;CAN;Canada;Construction;Persons;2017;589,6566848;614,8947765;-2,103174308;-1,695073417;Annual;01/01/80
ZWE;Zimbabwe;CAN;Canada;Construction;Persons;2018;700,9971313;833,265312;-11,0223484;-10,3235163;Annual;01/01/80
ZWE;Zimbabwe;CAN;Canada;Construction;Persons;2019;815,6701732;816,3252571;-0,054590322;0,344773759;Annual;01/01/80
ZWE;Zimbabwe;CAN;Canada;Construction;Persons;2020;700,9005204;765,5925079;-5,390998955;-4,599668927;Annual;01/01/80
ZWE;Zimbabwe;CAN;Canada;Construction;Persons;2021;923,1681268;858,8386079;5,360793246;4,442176366;Annual;01/01/80
ZWE;Zimbabwe;CAN;Canada;Construction;Persons;2022;770,2095796;738,0644076;2,678764329;2,290569697;Annual;01/01/80
ZWE;Zimbabwe;CAN;Canada;Construction;Persons;2023;608,0187615;748,7272199;-11,72570487;-9,959459738;Annual;01/01/80
ZWE;Zimbabwe;CAN;Canada;Construction;Persons;2024;736,4085202;769,9759397;-2,797284956;-1,782261656;Annual;01/01/80
ZWE;Zimbabwe;CAN;Canada;Construction;Persons;2025;801,3885987;915,4884579;-9,508321599;-9,071302938;Annual;01/01/80
ZWE;Zimbabwe;CAN;Canada;Construction;Persons;2026;347,3452728;346,5825812;0,08474351;-0,150395169;Annual;01/01/80
ZWE;Zimbabwe;CAN;Canada;Education;Persons;1980;638,0720721;709,3662406;-5,941180712;-5,57252291;Annual;01/01/80
ZWE;Zimbabwe;CAN;Canada;Education;Persons;1981;646,7530264;753,5743693;-8,901778573;-7,455804538;Annual;01/01/80
ZWE;Zimbabwe;CAN;Canada;Education;Persons;1982;759,1256193;738,6793113;1,703859003;1,450944385;Annual;01/01/80
ZWE;Zimbabwe;CAN;Canada;Education;Persons;1983;769,3814718;751,3392861;1,503515473;1,549642945;Annual;01/01/80
ZWE;Zimbabwe;CAN;Canada;Education;Persons;1984;579,7894745;600,5099251;-1,726704214;-1,581896704;Annual;01/01/80
ZWE;Zimbabwe;CAN;Canada;Education;Persons;1985;777,6332102;810,9248996;-2,774307452;-2,911570086;Annual;01/01/80
ZWE;Zimbabwe;CAN;Canada;Education;Persons;1986;553,4828042;509,6567327;3,652172623;3,036513133;Annual;01/01/80
ZWE;Zimbabwe;CAN;Canada;Education;Persons;1987;613,3526792;618,0141792;-0,388458329;-0,235847898;Annual;01/01/80
ZWE;Zimbabwe;CAN;Canada;Education;Persons;1988;943,1401523;1095,520977;-12,69840208;-11,3257243;Annual;01/01/80
ZWE;Zimbabwe;CAN;Canada;Education;Persons;1989;574,5913905;637,4270736;-5,236306926;-5,04997522;Annual;01/01/80
ZWE;Zimbabwe;CAN;Canada;Education;Persons;1990;808,7795335;948,1495715;-11,61416983;-10,46414501;Annual;01/01/80
ZWE;Zimbabwe;CAN;Canada;Education;Persons;1991;614,1012796;660,8160234;-3,892895314;-3,216074881;Annual;01/01/80
ZWE;Zimbabwe;CAN;Canada;Education;Persons;1992;755,2144147;832,8589593;-6,470378711;-5,452107576;Annual;01/01/80
ZWE;Zimbabwe;CAN;Canada;Education;Persons;1993;673,8305798;775,1537898;-8,443600838;-6,722521061;Annual;01/01/80
ZWE;Zimbabwe;CAN;Canada;Education;Persons;1994;782,0836161;843,8555767;-5,147663378;-4,883718321;Annual;01/01/80
ZWE;Zimbabwe;CAN;Canada;Education;Persons;1995;717,0027336;758,1590646;-3,429694247;-2,5822251;Annual;01/01/80
ZWE;Zimbabwe;CAN;Canada;Education;Persons;1996;785,145028;886,9524234;-8,483949616;-7,269748161;Annual;01/01/80
ZWE;Zimbabwe;CAN;Canada;Education;Persons;1997;913,3241938;935,0681766;-1,811998567;-2,258246467;Annual;01/01/80
ZWE;Zimbabwe;CAN;Canada;Education;Persons;1998;526,2460271;540,0183034;-1,147689694;-0,963469229;Annual;01/01/80
ZWE;Zimbabwe;CAN;Canada;Education;Persons;1999;709,7408882;725,1581926;-1,284775365;-1,346841455;Annual;01/01/80
ZWE;Zimbabwe;CAN;Canada;Education;Persons;2000;827,9299982;816,8407217;0,924106376;-0,018962168;Annual;01/01/80
ZWE;Zimbabwe;CAN;Canada;Education;Persons;2001;582,1136354;608,1675364;-2,171158419;-2,069825622;Annual;01/01/80
ZWE;Zimbabwe;CAN;Canada;Education;Persons;2002;709,0255751;791,8109293;-6,898779518;-6,175892865;Annual;01/01/80
ZWE;Zimbabwe;CAN;Canada;Education;Persons;2003;867,4451151;905,4760535;-3,169244862;-2,660286543;Annual;01/01/80
ZWE;Zimbabwe;CAN;Canada;Education;Persons;2004;639,6646252;742,041933;-8,53144232;-7,645593035;Annual;01/01/80
ZWE;Zimbabwe;CAN;Canada;Education;Persons;2005;588,3344909;595,0972447;-0,56356281;-0,677782276;Annual;01/01/80
ZWE;Zimbabwe;CAN;Canada;Education;Persons;2006;694,2474923;720,9120874;-2,222049588;-2,252779132;Annual;01/01/80
ZWE;Zimbabwe;CAN;Canada;Education;Persons;2007;637,8386542;689,8698333;-4,33593159;-4,768799068;Annual;01/01/80
ZWE;Zimbabwe;CAN;Canada;Education;Persons;2008;650,8142858;783,1529442;-11,02822153;-9,927625262;Annual;01/01/80
ZWE;Zimbabwe;CAN;Canada;Education;Persons;2009;622,3865523;625,911446;-0,293741139;-0,054668996;Annual;01/01/80
ZWE;Zimbabwe;CAN;Canada;Education;Persons;2010;633,5915153;664,7676477;-2,598011041;-2,352328481;Annual;01/01/80
ZWE;Zimbabwe;CAN;Canada;Education;Persons;2011;760,3729085;755,8183071;0,379550124;-0,414140355;Annual;01/01/80
ZWE;Zimbabwe;CAN;Canada;Education;Persons;2012;780,1767356;790,9298876;-0,896096005;-0,490592942;Annual;01/01/80
ZWE;Zimbabwe;CAN;Canada;Education;Persons;2013;737,403773;813,4412876;-6,336459556;-6,590735134;Annual;01/01/80
ZWE;Zimbabwe;CAN;Canada;Education;Persons;2014;714,6117674;792,3346888;-6,47691012;-6,334822786;Annual;01/01/80
ZWE;Zimbabwe;CAN;Canada;Education;Persons;2015;820,6924367;890,0156375;-5,776933401;-4,288830133;Annual;01/01/80
ZWE;Zimbabwe;CAN;Canada;Education;Persons;2016;676,8356419;719,6660327;-3,569199236;-2,537205272;Annual;01/01/80
ZWE;Zimbabwe;CAN;Canada;Education;Persons;2017;631,9998977;603,6785665;2,36011093;2,302137159;Annual;01/01/80
ZWE;Zimbabwe;CAN;Canada;Education;Persons;2018;700,1088545;784,7686919;-7,054986454;-6,098734502;Annual;01/01/80
ZWE;Zimbabwe;CAN;Canada;Education;Persons;2019;893,5774868;1053,512106;-13,3278849;-12,74487699;Annual;01/01/80
ZWE;Zimbabwe;CAN;Canada;Education;Persons;2020;814,3746797;824,597057;-0,851864778;-1,168763785;Annual;01/01/80
ZWE;Zimbabwe;CAN;Canada;Education;Persons;2021;733,1868184;813,7735005;-6,71555684;-5,55011688;Annual;01/01/80
ZWE;Zimbabwe;CAN;Canada;Education;Persons;2022;874,973919;876,123947;-0,095835663;-0,168401044;Annual;01/01/80
ZWE;Zimbabwe;CAN;Canada;Education;Persons;2023;702,9762544;760,3531257;-4,781405948;-4,338024876;Annual;01/01/80
ZWE;Zimbabwe;CAN;Canada;Education;Persons;2024;719,137915;672,7796059;3,863192424;3,767577248;Annual;01/01/80
ZWE;Zimbabwe;CAN;Canada;Education;Persons;2025;478,7205644;457,1398643;1,798391676;1,885767915;Annual;01/01/80
ZWE;Zimbabwe;CAN;Canada;Education;Persons;2026;524,9964929;476,3337232;5,40697441;5,17391606;Annual;01/01/80
ZWE;Zimbabwe;CAN;Canada;Finance;Persons;1980;636,9064184;741,0959602;-8,682461817;-7,69974285;Annual;01/01/80
ZWE;Zimbabwe;CAN;Canada;Finance;Persons;1981;745,3734435;771,0717559;-2,141526037;-1,931627509;Annual;01/01/80
ZWE;Zimbabwe;CAN;Canada;Finance;Persons;1982;665,2853314;749,0720598;-6,98222736;-6,433773164;Annual;01/01/80
ZWE;Zimbabwe;CAN;Canada;Finance;Persons;1983;766,295424;904,6901915;-11,53289729;-9,590025081;Annual;01/01/80
ZWE;Zimbabwe;CAN;Canada;Finance;Persons;1984;545,3687969;569,1130717;-1,978689573;-2,151295409;Annual;01/01/80
ZWE;Zimbabwe;CAN;Canada;Finance;Persons;1985;770,4927673;873,7291087;-8,603028453;-7,685951537;Annual;01/01/80
ZWE;Zimbabwe;CAN;Canada;Finance;Persons;1986;499,9217128;495,1685421;0,396097561;-0,034389176;Annual;01/01/80
ZWE;Zimbabwe;CAN;Canada;Finance;Persons;1987;677,5976286;715,9704049;-3,197731356;-2,913578228;Annual;01/01/80
ZWE;Zimbabwe;CAN;Canada;Finance;Persons;1988;664,0282501;669,7533819;-0,477094311;-0,569012126;Annual;01/01/80
ZWE;Zimbabwe;CAN;Canada;Finance;Persons;1989;644,970715;644,1685112;0,066850322;0,528964919;Annual;01/01/80
ZWE;Zimbabwe;CAN;Canada;Finance;Persons;1990;725,7997463;829,6006471;-8,650075068;-7,763513629;Annual;01/01/80
ZWE;Zimbabwe;CAN;Canada;Finance;Persons;1991;794,3949795;960,8262579;-13,86927319;-12,56802744;Annual;01/01/80
ZWE;Zimbabwe;CAN;Canada;Finance;Persons;1992;700,4576809;666,6423631;2,817943152;2,498181104;Annual;01/01/80
ZWE;Zimbabwe;CAN;Canada;Finance;Persons;1993;725,7719444;862,1416556;-11,3641426;-10,47240317;Annual;01/01/80
ZWE;Zimbabwe;CAN;Canada;Finance;Persons;1994;782,180103;805,7383636;-1,963188386;-2,344764037;Annual;01/01/80
ZWE;Zimbabwe;CAN;Canada;Finance;Persons;1995;743,5500369;863,7800106;-10,01916448;-8,463400445;Annual;01/01/80
ZWE;Zimbabwe;CAN;Canada;Finance;Persons;1996;590,629045;616,2768779;-2,137319406;-1,91670255;Annual;01/01/80
ZWE;Zimbabwe;CAN;Canada;Finance;Persons;1997;732,2813662;795,9544797;-5,306092791;-4,904761801;Annual;01/01/80
ZWE;Zimbabwe;CAN;Canada;Finance;Persons;1998;784,4446235;894,3906068;-9,16216527;-8,730261441;Annual;01/01/80
ZWE;Zimbabwe;CAN;Canada;Finance;Persons;1999;755,2293894;829,448316;-6,184910556;-5,177423679;Annual;01/01/80
ZWE;Zimbabwe;CAN;Canada;Finance;Persons;2000;658,5598875;643,9881104;1,21431476;1,418723693;Annual;01/01/80
ZWE;Zimbabwe;CAN;Canada;Finance;Persons;2001;772,7079752;736,9666141;2,978446759;3,580951931;Annual;01/01/80
ZWE;Zimbabwe;CAN;Canada;Finance;Persons;2002;877,7882434;894,1478529;-1,363300791;-1,68159833;Annual;01/01/80
ZWE;Zimbabwe;CAN;Canada;Finance;Persons;2003;543,3160795;670,5231106;-10,60058592;-9,14934566;Annual;01/01/80
ZWE;Zimbabwe;CAN;Canada;Finance;Persons;2004;627,2141905;613,7523325;1,121821496;0,668345359;Annual;01/01/80
ZWE;Zimbabwe;CAN;Canada;Finance;Persons;2005;863,4003996;918,2677405;-4,572278402;-4,363032357;Annual;01/01/80
ZWE;Zimbabwe;CAN;Canada;Finance;Persons;2006;727,4973848;782,3917816;-4,574533068;-4,314917784;Annual;01/01/80
ZWE;Zimbabwe;CAN;Canada;Finance;Persons;2007;619,3013298;609,8630962;0,786519469;0,479498827;Annual;01/01/80
ZWE;Zimbabwe;CAN;Canada;Finance;Persons;2008;687,2950637;735,3553966;-4,005027738;-3,663466209;Annual;01/01/80
ZWE;Zimbabwe;CAN;Canada;Finance;Persons;2009;408,4157532;448,1276314;-3,309323191;-3,165821092;Annual;01/01/80
ZWE;Zimbabwe;CAN;Canada;Finance;Persons;2010;813,306421;891,9496316;-6,553600887;-5,492406444;Annual;01/01/80
ZWE;Zimbabwe;CAN;Canada;Finance;Persons;2011;800,2315311;951,245036;-12,58445874;-10,25179044;Annual;01/01/80
ZWE;Zimbabwe;CAN;Canada;Finance;Persons;2012;783,1593976;874,4295386;-7,605845084;-7,220201998;Annual;01/01/80
ZWE;Zimbabwe;CAN;Canada;Finance;Persons;2013;839,597649;919,0408197;-6,620264226;-5,841934484;Annual;01/01/80
ZWE;Zimbabwe;CAN;Canada;Finance;Persons;2014;689,0367202;788,9238938;-8,323931136;-8,192467277;Annual;01/01/80
ZWE;Zimbabwe;CAN;Canada;Finance;Persons;2015;776,6120042;846,5041722;-5,82434733;-5,018669901;Annual;01/01/80
ZWE;Zimbabwe;CAN;Canada;Finance;Persons;2016;920,6834448;968,30333;-3,968323766;-3,783956657;Annual;01/01/80
ZWE;Zimbabwe;CAN;Canada;Finance;Persons;2017;720,6536304;754,5431113;-2,824123408;-3,010643514;Annual;01/01/80
ZWE;Zimbabwe;CAN;Canada;Finance;Persons;2018;815,0050547;811,930705;0,256195806;0,815939077;Annual;01/01/80
ZWE;Zimbabwe;CAN;Canada;Finance;Persons;2019;559,1409639;655,7833805;-8,053534723;-7,272072734;Annual;01/01/80
ZWE;Zimbabwe;CAN;Canada;Finance;Persons;2020;636,220972;624,0628986;1,013172785;1,146318735;Annual;01/01/80
ZWE;Zimbabwe;CAN;Canada;Finance;Persons;2021;828,5636217;866,7870558;-3,185286178;-2,715965382;Annual;01/01/80
ZWE;Zimbabwe;CAN;Canada;Finance;Persons;2022;635,462499;660,7121915;-2,104141044;-2,004563554;Annual;01/01/80
ZWE;Zimbabwe;CAN;Canada;Finance;Persons;2023;699,8652485;746,8927472;-3,918958224;-3,020749162;Annual;01/01/80
ZWE;Zimbabwe;CAN;Canada;Finance;Persons;2024;812,3516534;828,4481641;-1,341375888;-1,151011377;Annual;01/01/80
ZWE;Zimbabwe;CAN;Canada;Finance;Persons;2025;735,9587461;805,7054067;-5,81222172;-5,72171216;Annual;01/01/80
ZWE;Zimbabwe;CAN;Canada;Finance;Persons;2026;451,4856272;439,3323679;1,350362153;1,003682367;Annual;01/01/80
ZWE;Zimbabwe;CAN;Canada;Health;Persons;1980;724,0874774;838,0458856;-9,496534013;-9,330692638;Annual;01/01/80
ZWE;Zimbabwe;CAN;Canada;Health;Persons;1981;550,5285591;560,4713505;-0,828565956;-0,765038971;Annual;01/01/80
ZWE;Zimbabwe;CAN;Canada;Health;Persons;1982;594,1001149;634,6491155;-3,379083379;-2,95600685;Annual;01/01/80
ZWE;Zimbabwe;CAN;Canada;Health;Persons;1983;769,9554749;884,3708848;-9,534617491;-8,632878756;Annual;01/01/80
ZWE;Zimbabwe;CAN;Canada;Health;Persons;1984;680,9039775;795,1634031;-9,5216188;-9,828410024;Annual;01/01/80
ZWE;Zimbabwe;CAN;Canada;Health;Persons;1985;772,9991204;983,9167429;-17,57646854;-15,84924594;Annual;01/01/80
ZWE;Zimbabwe;CAN;Canada;Health;Persons;1986;696,8926455;789,3666338;-7,706165693;-7,851308639;Annual;01/01/80
ZWE;Zimbabwe;CAN;Canada;Health;Persons;1987;699,4677431;815,0565112;-9,632397342;-8,311992683;Annual;01/01/80
ZWE;Zimbabwe;CAN;Canada;Health;Persons;1988;646,5684681;717,7550616;-5,932216122;-5,157944894;Annual;01/01/80
ZWE;Zimbabwe;CAN;Canada;Health;Persons;1989;688,1082247;676,7884745;0,943312519;1,000744001;Annual;01/01/80
ZWE;Zimbabwe;CAN;Canada;Health;Persons;1990;797,0322528;789,5866151;0,620469802;0,804141579;Annual;01/01/80
ZWE;Zimbabwe;CAN;Canada;Health;Persons;1991;642,5912207;714,5754583;-5,998686466;-5,881415733;Annual;01/01/80
ZWE;Zimbabwe;CAN;Canada;Health;Persons;1992;724,5722074;805,6243662;-6,754346565;-6,36093436;Annual;01/01/80
ZWE;Zimbabwe;CAN;Canada;Health;Persons;1993;853,9431769;995,9313306;-11,83234614;-10,31635136;Annual;01/01/80
ZWE;Zimbabwe;CAN;Canada;Health;Persons;1994;627,8051094;649,894969;-1,840821635;-1,12805619;Annual;01/01/80
ZWE;Zimbabwe;CAN;Canada;Health;Persons;1995;724,7331611;702,309079;1,868673511;1,67059099;Annual;01/01/80
ZWE;Zimbabwe;CAN;Canada;Health;Persons;1996;544,2897619;528,3472865;1,328539613;1,238677686;Annual;01/01/80
ZWE;Zimbabwe;CAN;Canada;Health;Persons;1997;826,6212554;902,3492596;-6,310667018;-5,783868919;Annual;01/01/80
ZWE;Zimbabwe;CAN;Canada;Health;Persons;1998;687,1664615;661,8772584;2,107433589;1,56640542;Annual;01/01/80
ZWE;Zimbabwe;CAN;Canada;Health;Persons;1999;643,1933399;721,4287249;-6,519615424;-6,09690737;Annual;01/01/80
ZWE;Zimbabwe;CAN;Canada;Health;Persons;2000;804,6227919;903,2672288;-8,220369743;-7,603925621;Annual;01/01/80
ZWE;Zimbabwe;CAN;Canada;Health;Persons;2001;648,580387;663,6772248;-1,258069824;-0,911408253;Annual;01/01/80
ZWE;Zimbabwe;CAN;Canada;Health;Persons;2002;544,9497102;646,5851683;-8,469621516;-7,813554408;Annual;01/01/80
ZWE;Zimbabwe;CAN;Canada;Health;Persons;2003;587,9334289;689,0878117;-8,429531904;-7,849494544;Annual;01/01/80
ZWE;Zimbabwe;CAN;Canada;Health;Persons;2004;684,8437926;727,8114137;-3,580635094;-2,849737667;Annual;01/01/80
ZWE;Zimbabwe;CAN;Canada;Health;Persons;2005;639,3783137;681,9970161;-3,551558534;-3,045132615;Annual;01/01/80
ZWE;Zimbabwe;CAN;Canada;Health;Persons;2006;684,3282823;690,0328821;-0,475383311;-0,851771949;Annual;01/01/80
ZWE;Zimbabwe;CAN;Canada;Health;Persons;2007;648,3334355;691,9662413;-3,636067155;-2,957678973;Annual;01/01/80
ZWE;Zimbabwe;CAN;Canada;Health;Persons;2008;517,275086;573,290343;-4,66793808;-4,184235948;Annual;01/01/80
ZWE;Zimbabwe;CAN;Canada;Health;Persons;2009;593,8032872;650,2538588;-4,704214301;-4,655080618;Annual;01/01/80
ZWE;Zimbabwe;CAN;Canada;Health;Persons;2010;698,4999862;680,5763821;1,49363367;1,150460336;Annual;01/01/80
ZWE;Zimbabwe;CAN;Canada;Health;Persons;2011;607,586302;648,0459674;-3,371638782;-3,334113473;Annual;01/01/80
ZWE;Zimbabwe;CAN;Canada;Health;Persons;2012;787,3182589;786,850863;0,03894965;-0,769612984;Annual;01/01/80
ZWE;Zimbabwe;CAN;Canada;Health;Persons;2013;519,7237888;576,4286807;-4,725407655;-4,469380888;Annual;01/01/80
ZWE;Zimbabwe;CAN;Canada;Health;Persons;2014;837,9978658;848,3738407;-0,864664578;-1,580971362;Annual;01/01/80
ZWE;Zimbabwe;CAN;Canada;Health;Persons;2015;747,3748973;807,7485672;-5,031139158;-4,450786341;Annual;01/01/80
ZWE;Zimbabwe;CAN;Canada;Health;Persons;2016;742,2289538;779,3144797;-3,090460496;-2,785451428;Annual;01/01/80
ZWE;Zimbabwe;CAN;Canada;Health;Persons;2017;576,4047315;607,971476;-2,630562045;-2,486281929;Annual;01/01/80
ZWE;Zimbabwe;CAN;Canada;Health;Persons;2018;732,6451308;770,4294322;-3,148691781;-2,760723862;Annual;01/01/80
ZWE;Zimbabwe;CAN;Canada;Health;Persons;2019;870,8377926;897,6131187;-2,231277172;-1,810225566;Annual;01/01/80
ZWE;Zimbabwe;CAN;Canada;Health;Persons;2020;538,2514658;601,0330823;-5,231801371;-4,525851423;Annual;01/01/80
ZWE;Zimbabwe;CAN;Canada;Health;Persons;2021;890,1544673;913,5492307;-1,949563613;-1,032656737;Annual;01/01/80
ZWE;Zimbabwe;CAN;Canada;Health;Persons;2022;846,5355092;1041,031764;-16,20802122;-15,11563345;Annual;01/01/80
ZWE;Zimbabwe;CAN;Canada;Health;Persons;2023;729,9059734;807,4948357;-6,465738524;-5,198829132;Annual;01/01/80
ZWE;Zimbabwe;CAN;Canada;Health;Persons;2024;702,0579567;824,906219;-10,23735519;-9,041306533;Annual;01/01/80
ZWE;Zimbabwe;CAN;Canada;Health;Persons;2025;726,5410569;715,7471284;0,899494039;1,472234486;Annual;01/01/80
ZWE;Zimbabwe;CAN;Canada;Health;Persons;2026;681,3190498;834,015488;-16,96627092;-14,15972601;Annual;01/01/80
ZWE;Zimbabwe;CAN;Canada;ICT;Persons;1980;872,931417;996,2892161;-10,27981659;-8,773971547;Annual;01/01/80
ZWE;Zimbabwe;CAN;Canada;ICT;Persons;1981;651,9097819;681,0452914;-2,427959122;-2,128456971;Annual;01/01/80
ZWE;Zimbabwe;CAN;Canada;ICT;Persons;1982;678,9263653;716,4263682;-3,125000242;-2,676634148;Annual;01/01/80
ZWE;Zimbabwe;CAN;Canada;ICT;Persons;1983;709,5632878;757,6422751;-4,006582275;-4,400296385;Annual;01/01/80
ZWE;Zimbabwe;CAN;Canada;ICT;Persons;1984;604,304138;651,3134646;-3,917443878;-3,561890179;Annual;01/01/80
ZWE;Zimbabwe;CAN;Canada;ICT;Persons;1985;574,5513381;606,7485951;-2,683104749;-2,800433386;Annual;01/01/80
ZWE;Zimbabwe;CAN;Canada;ICT;Persons;1986;835,2303156;858,9414764;-1,975930065;-1,569027811;Annual;01/01/80
ZWE;Zimbabwe;CAN;Canada;ICT;Persons;1987;740,2340221;758,4829925;-1,520747533;-1,116332451;Annual;01/01/80
ZWE;Zimbabwe;CAN;Canada;ICT;Persons;1988;749,2805596;908,4821078;-13,26679568;-11,64056186;Annual;01/01/80
ZWE;Zimbabwe;CAN;Canada;ICT;Persons;1989;725,1929722;900,7216925;-14,62739336;-13,56359717;Annual;01/01/80
ZWE;Zimbabwe;CAN;Canada;ICT;Persons;1990;716,4807168;782,1737435;-5,47441889;-5,104090537;Annual;01/01/80
ZWE;Zimbabwe;CAN;Canada;ICT;Persons;1991;661,4806042;734,8890924;-6,117374013;-5,285275656;Annual;01/01/80
ZWE;Zimbabwe;CAN;Canada;ICT;Persons;1992;675,7035799;700,7901661;-2,090548847;-1,133305692;Annual;01/01/80
ZWE;Zimbabwe;CAN;Canada;ICT;Persons;1993;767,3119881;783,6669853;-1,36291643;-1,552311126;Annual;01/01/80
ZWE;Zimbabwe;CAN;Canada;ICT;Persons;1994;541,178282;605,9854955;-5,400601125;-5,04117196;Annual;01/01/80
ZWE;Zimbabwe;CAN;Canada;ICT;Persons;1995;744,1456694;846,2669567;-8,510107272;-7,761100902;Annual;01/01/80
ZWE;Zimbabwe;CAN;Canada;ICT;Persons;1996;569,6836953;661,2869363;-7,633603414;-7,022439084;Annual;01/01/80
ZWE;Zimbabwe;CAN;Canada;ICT;Persons;1997;665,9792421;797,0954153;-10,92634777;-10,08761461;Annual;01/01/80
ZWE;Zimbabwe;CAN;Canada;ICT;Persons;1998;601,3509063;582,4044404;1,578872161;2,108956855;Annual;01/01/80
ZWE;Zimbabwe;CAN;Canada;ICT;Persons;1999;845,4681689;872,3387361;-2,239213936;-1,764336969;Annual;01/01/80
ZWE;Zimbabwe;CAN;Canada;ICT;Persons;2000;633,6897634;760,1881532;-10,54153249;-9,815991177;Annual;01/01/80
ZWE;Zimbabwe;CAN;Canada;ICT;Persons;2001;700,8901719;741,3069025;-3,368060881;-2,591706306;Annual;01/01/80
ZWE;Zimbabwe;CAN;Canada;ICT;Persons;2002;774,2943679;873,4706341;-8,264688849;-7,191340684;Annual;01/01/80
ZWE;Zimbabwe;CAN;Canada;ICT;Persons;2003;566,8208826;570,742398;-0,326792953;-0,323148273;Annual;01/01/80
ZWE;Zimbabwe;CAN;Canada;ICT;Persons;2004;823,7889726;922,0584452;-8,189122713;-8,267183082;Annual;01/01/80
ZWE;Zimbabwe;CAN;Canada;ICT;Persons;2005;650,1433126;645,7577115;0,365466762;-0,350312207;Annual;01/01/80
ZWE;Zimbabwe;CAN;Canada;ICT;Persons;2006;728,3161888;723,3347498;0,415119916;0,663110729;Annual;01/01/80
ZWE;Zimbabwe;CAN;Canada;ICT;Persons;2007;731,3382298;838,6973426;-8,946592736;-8,2082517;Annual;01/01/80
ZWE;Zimbabwe;CAN;Canada;ICT;Persons;2008;763,7140329;827,7382685;-5,335352969;-3,966580909;Annual;01/01/80
ZWE;Zimbabwe;CAN;Canada;ICT;Persons;2009;812,0929569;862,8712159;-4,231521587;-3,762959155;Annual;01/01/80
ZWE;Zimbabwe;CAN;Canada;ICT;Persons;2010;748,6001459;868,9056505;-10,02545871;-8,785754888;Annual;01/01/80
ZWE;Zimbabwe;CAN;Canada;ICT;Persons;2011;746,6142842;767,3722136;-1,729827452;-2,068923551;Annual;01/01/80
ZWE;Zimbabwe;CAN;Canada;ICT;Persons;2012;799,2925617;944,3970107;-12,09203741;-11,20123681;Annual;01/01/80
ZWE;Zimbabwe;CAN;Canada;ICT;Persons;2013;849,8206759;846,1001015;0,310047866;0,608159814;Annual;01/01/80
ZWE;Zimbabwe;CAN;Canada;ICT;Persons;2014;688,9166405;696,9512964;-0,669554653;-0,566945849;Annual;01/01/80
ZWE;Zimbabwe;CAN;Canada;ICT;Persons;2015;710,0826776;820,9400805;-9,238116905;-8,15053838;Annual;01/01/80
ZWE;Zimbabwe;CAN;Canada;ICT;Persons;2016;707,0350099;798,6232871;-7,632356435;-6,896213669;Annual;01/01/80
ZWE;Zimbabwe;CAN;Canada;ICT;Persons;2017;747,7064729;783,2517693;-2,962108029;-2,369504613;Annual;01/01/80
ZWE;Zimbabwe;CAN;Canada;ICT;Persons;2018;718,3825686;724,1125298;-0,477496763;-0,754515805;Annual;01/01/80
ZWE;Zimbabwe;CAN;Canada;ICT;Persons;2019;634,4267445;664,9514621;-2,543726467;-2,285170277;Annual;01/01/80
ZWE;Zimbabwe;CAN;Canada;ICT;Persons;2020;641,9793662;704,3637361;-5,198697493;-3,880478904;Annual;01/01/80
ZWE;Zimbabwe;CAN;Canada;ICT;Persons;2021;698,0770123;800,7868623;-8,559154163;-8,210105469;Annual;01/01/80
ZWE;Zimbabwe;CAN;Canada;ICT;Persons;2022;622,2922176;744,283286;-10,16592236;-9,166296832;Annual;01/01/80
ZWE;Zimbabwe;CAN;Canada;ICT;Persons;2023;617,0460109;639,8861925;-1,90334847;-1,380441829;Annual;01/01/80
ZWE;Zimbabwe;CAN;Canada;ICT;Persons;2024;773,3091605;687,4698333;7,153277272;6,571768504;Annual;01/01/80
ZWE;Zimbabwe;CAN;Canada;ICT;Persons;2025;503,9279521;612,5913888;-9,05528639;-8,139921506;Annual;01/01/80
ZWE;Zimbabwe;CAN;Canada;ICT;Persons;2026;472,5357857;455,2308683;1,922768604;1,795838008;Annual;01/01/80
ZWE;Zimbabwe;CAN;Canada;Manufacturing;Persons;1980;650,3868318;681,6376495;-2,604234808;-2,224142045;Annual;01/01/80
ZWE;Zimbabwe;CAN;Canada;Manufacturing;Persons;1981;889,348672;1009,735385;-10,03222611;-8,545192748;Annual;01/01/80
ZWE;Zimbabwe;CAN;Canada;Manufacturing;Persons;1982;554,8150377;554,8886858;-0,006137342;-0,079841145;Annual;01/01/80
ZWE;Zimbabwe;CAN;Canada;Manufacturing;Persons;1983;826,9799318;952,8090643;-10,48576104;-8,726531043;Annual;01/01/80
ZWE;Zimbabwe;CAN;Canada;Manufacturing;Persons;1984;845,2389517;976,5511755;-10,94268532;-10,14976422;Annual;01/01/80
ZWE;Zimbabwe;CAN;Canada;Manufacturing;Persons;1985;847,6234559;959,7598554;-9,344699962;-8,031069512;Annual;01/01/80
ZWE;Zimbabwe;CAN;Canada;Manufacturing;Persons;1986;534,0656738;490,9611695;3,592042022;3,273816212;Annual;01/01/80
ZWE;Zimbabwe;CAN;Canada;Manufacturing;Persons;1987;674,1288313;737,1459478;-5,251426375;-4,556530403;Annual;01/01/80
ZWE;Zimbabwe;CAN;Canada;Manufacturing;Persons;1988;786,5704041;812,2704379;-2,141669483;-1,711855868;Annual;01/01/80
ZWE;Zimbabwe;CAN;Canada;Manufacturing;Persons;1989;641,1292401;733,3316935;-7,68353779;-7,225147241;Annual;01/01/80
ZWE;Zimbabwe;CAN;Canada;Manufacturing;Persons;1990;746,3486626;856,3815373;-9,169406224;-8,143405608;Annual;01/01/80
ZWE;Zimbabwe;CAN;Canada;Manufacturing;Persons;1991;678,5666035;648,8586166;2,475665578;2,189201444;Annual;01/01/80
ZWE;Zimbabwe;CAN;Canada;Manufacturing;Persons;1992;719,1338341;829,3801085;-9,187189538;-8,176495969;Annual;01/01/80
ZWE;Zimbabwe;CAN;Canada;Manufacturing;Persons;1993;561,7833802;574,1595033;-1,031343591;-1,201961597;Annual;01/01/80
ZWE;Zimbabwe;CAN;Canada;Manufacturing;Persons;1994;759,5153685;894,2965129;-11,23176203;-10,36570493;Annual;01/01/80
ZWE;Zimbabwe;CAN;Canada;Manufacturing;Persons;1995;794,8447416;936,6145352;-11,81414947;-10,25676186;Annual;01/01/80
ZWE;Zimbabwe;CAN;Canada;Manufacturing;Persons;1996;739,1585851;766,6283095;-2,289143701;-2,663158659;Annual;01/01/80
ZWE;Zimbabwe;CAN;Canada;Manufacturing;Persons;1997;613,0892911;625,2589756;-1,014140375;-1,350953581;Annual;01/01/80
ZWE;Zimbabwe;CAN;Canada;Manufacturing;Persons;1998;796,5360914;823,4983461;-2,246854557;-2,493272559;Annual;01/01/80
ZWE;Zimbabwe;CAN;Canada;Manufacturing;Persons;1999;649,2893679;763,0411408;-9,479314409;-8,313040006;Annual;01/01/80
ZWE;Zimbabwe;CAN;Canada;Manufacturing;Persons;2000;919,6637488;925,0487727;-0,448751992;-0,539138777;Annual;01/01/80
ZWE;Zimbabwe;CAN;Canada;Manufacturing;Persons;2001;671,1231207;778,472139;-8,94575153;-7,947838219;Annual;01/01/80
ZWE;Zimbabwe;CAN;Canada;Manufacturing;Persons;2002;799,5802857;851,6174827;-4,336433081;-3,836619712;Annual;01/01/80
ZWE;Zimbabwe;CAN;Canada;Manufacturing;Persons;2003;600,3201066;614,5407414;-1,185052905;-0,742211231;Annual;01/01/80
ZWE;Zimbabwe;CAN;Canada;Manufacturing;Persons;2004;839,3132168;933,2000359;-7,823901588;-7,569880802;Annual;01/01/80
ZWE;Zimbabwe;CAN;Canada;Manufacturing;Persons;2005;655,7243358;680,2220468;-2,041475921;-1,653369996;Annual;01/01/80
ZWE;Zimbabwe;CAN;Canada;Manufacturing;Persons;2006;690,9940896;725,6536796;-2,88829916;-2,057071706;Annual;01/01/80
ZWE;Zimbabwe;CAN;Canada;Manufacturing;Persons;2007;749,9195185;788,1232811;-3,183646884;-2,747465066;Annual;01/01/80
ZWE;Zimbabwe;CAN;Canada;Manufacturing;Persons;2008;591,3207796;566,6726307;2,054012403;2,02973455;Annual;01/01/80
ZWE;Zimbabwe;CAN;Canada;Manufacturing;Persons;2009;587,5217863;651,1623807;-5,30338287;-4,343470558;Annual;01/01/80
ZWE;Zimbabwe;CAN;Canada;Manufacturing;Persons;2010;699,6048338;735,8958122;-3,024248201;-2,499951381;Annual;01/01/80
ZWE;Zimbabwe;CAN;Canada;Manufacturing;Persons;2011;754,6492833;817,8119796;-5,263558025;-5,372477245;Annual;01/01/80
ZWE;Zimbabwe;CAN;Canada;Manufacturing;Persons;2012;805,1126829;834,5364568;-2,451981157;-2,077886969;Annual;01/01/80
ZWE;Zimbabwe;CAN;Canada;Manufacturing;Persons;2013;796,5334281;900,154792;-8,63511366;-9,139951465;Annual;01/01/80
ZWE;Zimbabwe;CAN;Canada;Manufacturing;Persons;2014;712,5160517;729,6511139;-1,427921849;-0,987514925;Annual;01/01/80
ZWE;Zimbabwe;CAN;Canada;Manufacturing;Persons;2015;676,4313361;711,6158869;-2,932045898;-2,346964637;Annual;01/01/80
ZWE;Zimbabwe;CAN;Canada;Manufacturing;Persons;2016;891,5242202;1066,282958;-14,56322818;-13,03204845;Annual;01/01/80
ZWE;Zimbabwe;CAN;Canada;Manufacturing;Persons;2017;603,6096871;623,0858047;-1,623009802;-1,251206211;Annual;01/01/80
ZWE;Zimbabwe;CAN;Canada;Manufacturing;Persons;2018;625,714334;708,7594206;-6,920423882;-6,425244094;Annual;01/01/80
ZWE;Zimbabwe;CAN;Canada;Manufacturing;Persons;2019;871,3555784;829,1538309;3,516812292;2,958511452;Annual;01/01/80
ZWE;Zimbabwe;CAN;Canada;Manufacturing;Persons;2020;822,9596126;936,6591845;-9,474964324;-8,704687348;Annual;01/01/80
ZWE;Zimbabwe;CAN;Canada;Manufacturing;Persons;2021;643,476646;765,2333499;-10,14639199;-8,543413754;Annual;01/01/80
ZWE;Zimbabwe;CAN;Canada;Manufacturing;Persons;2022;705,8899706;747,4716726;-3,465141831;-3,708596602;Annual;01/01/80
ZWE;Zimbabwe;CAN;Canada;Manufacturing;Persons;2023;526,6998865;558,1787745;-2,623240667;-2,579871749;Annual;01/01/80
ZWE;Zimbabwe;CAN;Canada;Manufacturing;Persons;2024;737,9037626;826,9479794;-7,420351399;-6,346945652;Annual;01/01/80
ZWE;Zimbabwe;CAN;Canada;Manufacturing;Persons;2025;688,622331;781,4459756;-7,735303722;-7,679006402;Annual;01/01/80
ZWE;Zimbabwe;CAN;Canada;Manufacturing;Persons;2026;519,3239835;563,0848343;-4,862316757;-4,662345834;Annual;01/01/80
ZWE;Zimbabwe;CAN;Canada;Mining;Persons;1980;621,9751898;596,6256435;2,112462195;1,674372394;Annual;01/01/80
ZWE;Zimbabwe;CAN;Canada;Mining;Persons;1981;685,8293837;654,3240844;2,62544161;2,463267742;Annual;01/01/80
ZWE;Zimbabwe;CAN;Canada;Mining;Persons;1982;723,3997097;912,4409987;-15,75344075;-13,64758544;Annual;01/01/80
ZWE;Zimbabwe;CAN;Canada;Mining;Persons;1983;634,221771;727,2852363;-7,755288777;-6,521169294;Annual;01/01/80
ZWE;Zimbabwe;CAN;Canada;Mining;Persons;1984;582,002903;669,6991629;-7,308021652;-5,656340928;Annual;01/01/80
ZWE;Zimbabwe;CAN;Canada;Mining;Persons;1985;591,1899109;590,4073359;0,06521459;-0,327778281;Annual;01/01/80
ZWE;Zimbabwe;CAN;Canada;Mining;Persons;1986;521,3547267;551,5765227;-2,518482994;-2,25726417;Annual;01/01/80
ZWE;Zimbabwe;CAN;Canada;Mining;Persons;1987;553,5506307;635,219393;-6,80573019;-6,315960504;Annual;01/01/80
ZWE;Zimbabwe;CAN;Canada;Mining;Persons;1988;716,1412066;667,8109235;4,027523592;3,469871596;Annual;01/01/80
ZWE;Zimbabwe;CAN;Canada;Mining;Persons;1989;630,8170206;608,928571;1,824037471;2,025036322;Annual;01/01/80
ZWE;Zimbabwe;CAN;Canada;Mining;Persons;1990;684,6712523;765,8831104;-6,767654837;-6,447427511;Annual;01/01/80
ZWE;Zimbabwe;CAN;Canada;Mining;Persons;1991;735,5913412;770,2394548;-2,887342807;-2,774253607;Annual;01/01/80
ZWE;Zimbabwe;CAN;Canada;Mining;Persons;1992;855,2554043;896,6267766;-3,447614365;-3,474456526;Annual;01/01/80
ZWE;Zimbabwe;CAN;Canada;Mining;Persons;1993;691,6552172;729,6448007;-3,165798622;-3,190717429;Annual;01/01/80
ZWE;Zimbabwe;CAN;Canada;Mining;Persons;1994;743,491166;802,9184446;-4,952273221;-4,177538307;Annual;01/01/80
ZWE;Zimbabwe;CAN;Canada;Mining;Persons;1995;640,8369973;730,1128401;-7,439653566;-6,332634083;Annual;01/01/80
ZWE;Zimbabwe;CAN;Canada;Mining;Persons;1996;917,9177182;1009,723772;-7,650504507;-7,048680215;Annual;01/01/80
ZWE;Zimbabwe;CAN;Canada;Mining;Persons;1997;742,9694328;745,1343936;-0,180413404;-0,203861402;Annual;01/01/80
ZWE;Zimbabwe;CAN;Canada;Mining;Persons;1998;728,7562904;793,9402343;-5,431995326;-4,730599023;Annual;01/01/80
ZWE;Zimbabwe;CAN;Canada;Mining;Persons;1999;781,6486061;884,6108228;-8,580184723;-7,076830496;Annual;01/01/80
ZWE;Zimbabwe;CAN;Canada;Mining;Persons;2000;776,9598215;913,269739;-11,3591598;-10,65979308;Annual;01/01/80
ZWE;Zimbabwe;CAN;Canada;Mining;Persons;2001;700,2049766;729,0214669;-2,401374189;-2,175516498;Annual;01/01/80
ZWE;Zimbabwe;CAN;Canada;Mining;Persons;2002;606,7131008;728,7014864;-10,1656988;-8,779706016;Annual;01/01/80
ZWE;Zimbabwe;CAN;Canada;Mining;Persons;2003;567,5255357;615,8468539;-4,02677652;-3,607795518;Annual;01/01/80
ZWE;Zimbabwe;CAN;Canada;Mining;Persons;2004;702,0126897;715,5140062;-1,12510971;-1,192420146;Annual;01/01/80
ZWE;Zimbabwe;CAN;Canada;Mining;Persons;2005;628,6107598;698,6351687;-5,835367405;-4,114059118;Annual;01/01/80
ZWE;Zimbabwe;CAN;Canada;Mining;Persons;2006;639,9924098;632,168427;0,651998571;0,565367984;Annual;01/01/80
ZWE;Zimbabwe;CAN;Canada;Mining;Persons;2007;811,1873096;834,5803966;-1,949423913;-1,686366657;Annual;01/01/80
ZWE;Zimbabwe;CAN;Canada;Mining;Persons;2008;618,027569;652,2017051;-2,847844671;-2,469761467;Annual;01/01/80
ZWE;Zimbabwe;CAN;Canada;Mining;Persons;2009;633,6893827;524,671523;9,084821641;8,233176184;Annual;01/01/80
ZWE;Zimbabwe;CAN;Canada;Mining;Persons;2010;638,2493662;815,8619138;-14,80104563;-13,79359692;Annual;01/01/80
ZWE;Zimbabwe;CAN;Canada;Mining;Persons;2011;737,0615268;843,0295533;-8,83066888;-7,793667496;Annual;01/01/80
ZWE;Zimbabwe;CAN;Canada;Mining;Persons;2012;722,6895015;737,8094347;-1,259994434;-1,053817676;Annual;01/01/80
ZWE;Zimbabwe;CAN;Canada;Mining;Persons;2013;617,0185634;571,0536619;3,830408457;3,238526781;Annual;01/01/80
ZWE;Zimbabwe;CAN;Canada;Mining;Persons;2014;603,5440693;672,7394786;-5,766284106;-5,125010139;Annual;01/01/80
ZWE;Zimbabwe;CAN;Canada;Mining;Persons;2015;841,5347803;981,3128628;-11,64817354;-10,53888037;Annual;01/01/80
ZWE;Zimbabwe;CAN;Canada;Mining;Persons;2016;807,1112494;893,9647312;-7,237790148;-6,628495772;Annual;01/01/80
ZWE;Zimbabwe;CAN;Canada;Mining;Persons;2017;594,5913535;657,1701117;-5,214896512;-5,008620399;Annual;01/01/80
ZWE;Zimbabwe;CAN;Canada;Mining;Persons;2018;759,2776521;805,6662016;-3,865712453;-3,944902432;Annual;01/01/80
ZWE;Zimbabwe;CAN;Canada;Mining;Persons;2019;682,7043953;750,0252797;-5,610073705;-5,253220601;Annual;01/01/80
ZWE;Zimbabwe;CAN;Canada;Mining;Persons;2020;689,5948542;837,638958;-12,33700866;-11,18654809;Annual;01/01/80
ZWE;Zimbabwe;CAN;Canada;Mining;Persons;2021;699,491708;752,0619521;-4,380853671;-3,88186696;Annual;01/01/80
ZWE;Zimbabwe;CAN;Canada;Mining;Persons;2022;663,4737341;714,3651471;-4,240951087;-2,837621896;Annual;01/01/80
ZWE;Zimbabwe;CAN;Canada;Mining;Persons;2023;626,4109759;696,5795273;-5,84737928;-5,323190036;Annual;01/01/80
ZWE;Zimbabwe;CAN;Canada;Mining;Persons;2024;517,7038857;513,0853085;0,384881429;-0,011378744;Annual;01/01/80
ZWE;Zimbabwe;CAN;Canada;Mining;Persons;2025;851,9811594;1066,324443;-17,86194033;-15,7766691;Annual;01/01/80
ZWE;Zimbabwe;CAN;Canada;Mining;Persons;2026;549,3520251;651,5469409;-11,35499064;-10,77951169;Annual;01/01/80
ZWE;Zimbabwe;CAN;Canada;Other;Persons;1980;623,6467479;589,8021638;2,820382003;2,907303399;Annual;01/01/80
ZWE;Zimbabwe;CAN;Canada;Other;Persons;1981;658,3372629;707,0892274;-4,062663709;-3,178186773;Annual;01/01/80
ZWE;Zimbabwe;CAN;Canada;Other;Persons;1982;763,7966968;832,0015161;-5,683734942;-4,651613045;Annual;01/01/80
ZWE;Zimbabwe;CAN;Canada;Other;Persons;1983;620,7532599;680,9628869;-5,017468918;-3,665789333;Annual;01/01/80
ZWE;Zimbabwe;CAN;Canada;Other;Persons;1984;693,638715;775,1947277;-6,796334394;-5,395822009;Annual;01/01/80
ZWE;Zimbabwe;CAN;Canada;Other;Persons;1985;750,9100356;769,3650306;-1,537916252;-1,657765231;Annual;01/01/80
ZWE;Zimbabwe;CAN;Canada;Other;Persons;1986;773,7736559;883,683308;-9,159137675;-8,018248522;Annual;01/01/80
ZWE;Zimbabwe;CAN;Canada;Other;Persons;1987;673,7636175;803,1564746;-10,7827381;-10,22387854;Annual;01/01/80
ZWE;Zimbabwe;CAN;Canada;Other;Persons;1988;612,5805549;582,7957977;2,482063094;2,040029005;Annual;01/01/80
ZWE;Zimbabwe;CAN;Canada;Other;Persons;1989;711,8473994;732,3766878;-1,710774031;-1,715507658;Annual;01/01/80
ZWE;Zimbabwe;CAN;Canada;Other;Persons;1990;771,7899341;898,5287699;-10,56156965;-9,14823678;Annual;01/01/80
ZWE;Zimbabwe;CAN;Canada;Other;Persons;1991;719,7920398;837,8865027;-9,841205236;-8,624866455;Annual;01/01/80
ZWE;Zimbabwe;CAN;Canada;Other;Persons;1992;672,5114856;732,5352014;-5,001976315;-4,890754715;Annual;01/01/80
ZWE;Zimbabwe;CAN;Canada;Other;Persons;1993;709,6669053;679,1475835;2,543276809;2,236302791;Annual;01/01/80
ZWE;Zimbabwe;CAN;Canada;Other;Persons;1994;627,9351772;723,4379216;-7,958562036;-7,420620097;Annual;01/01/80
ZWE;Zimbabwe;CAN;Canada;Other;Persons;1995;771,0007017;833,5126506;-5,209329078;-5,170058214;Annual;01/01/80
ZWE;Zimbabwe;CAN;Canada;Other;Persons;1996;737,4471081;775,568362;-3,176771156;-3,601503159;Annual;01/01/80
ZWE;Zimbabwe;CAN;Canada;Other;Persons;1997;735,1446815;730,8479897;0,358057655;-0,389205377;Annual;01/01/80
ZWE;Zimbabwe;CAN;Canada;Other;Persons;1998;692,6033912;714,4854175;-1,82350219;-1,470599598;Annual;01/01/80
ZWE;Zimbabwe;CAN;Canada;Other;Persons;1999;810,8100477;1003,542482;-16,06103622;-13,42644922;Annual;01/01/80
ZWE;Zimbabwe;CAN;Canada;Other;Persons;2000;706,8344255;742,3491812;-2,959562976;-2,515209583;Annual;01/01/80
ZWE;Zimbabwe;CAN;Canada;Other;Persons;2001;538,625743;584,7799144;-3,846180953;-3,552720438;Annual;01/01/80
ZWE;Zimbabwe;CAN;Canada;Other;Persons;2002;959,3111975;908,0330934;4,27317534;4,007736148;Annual;01/01/80
ZWE;Zimbabwe;CAN;Canada;Other;Persons;2003;670,5961855;631,9359264;3,221688251;2,229452518;Annual;01/01/80
ZWE;Zimbabwe;CAN;Canada;Other;Persons;2004;771,2058801;868,6445544;-8,119889533;-6,681167004;Annual;01/01/80
ZWE;Zimbabwe;CAN;Canada;Other;Persons;2005;690,7349973;797,7973103;-8,921859415;-7,725872035;Annual;01/01/80
ZWE;Zimbabwe;CAN;Canada;Other;Persons;2006;796,3001467;896,1640002;-8,321987787;-7,434909898;Annual;01/01/80
ZWE;Zimbabwe;CAN;Canada;Other;Persons;2007;725,32696;713,7661572;0,963400234;1,095983357;Annual;01/01/80
ZWE;Zimbabwe;CAN;Canada;Other;Persons;2008;727,7159903;810,3733353;-6,888112084;-6,774970165;Annual;01/01/80
ZWE;Zimbabwe;CAN;Canada;Other;Persons;2009;760,7989162;751,1503704;0,804045483;0,888767486;Annual;01/01/80
ZWE;Zimbabwe;CAN;Canada;Other;Persons;2010;619,4168203;691,3302809;-5,992788384;-4,856691732;Annual;01/01/80
ZWE;Zimbabwe;CAN;Canada;Other;Persons;2011;819,582752;855,5375858;-2,99623615;-2,466278796;Annual;01/01/80
ZWE;Zimbabwe;CAN;Canada;Other;Persons;2012;779,7595715;876,9938635;-8,102857663;-7,214730865;Annual;01/01/80
ZWE;Zimbabwe;CAN;Canada;Other;Persons;2013;597,6086197;601,6384992;-0,335823289;-0,399848928;Annual;01/01/80
ZWE;Zimbabwe;CAN;Canada;Other;Persons;2014;606,5660246;641,3021737;-2,894679092;-2,531105468;Annual;01/01/80
ZWE;Zimbabwe;CAN;Canada;Other;Persons;2015;627,5086036;590,4923822;3,084685118;3,133423993;Annual;01/01/80
ZWE;Zimbabwe;CAN;Canada;Other;Persons;2016;863,4863575;922,1249035;-4,886545495;-4,42155855;Annual;01/01/80
ZWE;Zimbabwe;CAN;Canada;Other;Persons;2017;644,9463066;670,540768;-2,13287178;-1,933655071;Annual;01/01/80
ZWE;Zimbabwe;CAN;Canada;Other;Persons;2018;670,7586262;736,1828452;-5,452018245;-5,30743128;Annual;01/01/80
ZWE;Zimbabwe;CAN;Canada;Other;Persons;2019;671,897551;717,3862797;-3,790727394;-3,578989588;Annual;01/01/80
ZWE;Zimbabwe;CAN;Canada;Other;Persons;2020;734,9404851;907,934323;-14,41615315;-14,48205846;Annual;01/01/80
ZWE;Zimbabwe;CAN;Canada;Other;Persons;2021;685,5500783;675,1591403;0,865911499;0,958617028;Annual;01/01/80
ZWE;Zimbabwe;CAN;Canada;Other;Persons;2022;656,6432868;713,0418051;-4,699876533;-4,544075923;Annual;01/01/80
ZWE;Zimbabwe;CAN;Canada;Other;Persons;2023;739,5522971;737,1667955;0,198791794;0,168056065;Annual;01/01/80
ZWE;Zimbabwe;CAN;Canada;Other;Persons;2024;721,9070283;762,7294877;-3,401871611;-3,260217258;Annual;01/01/80
ZWE;Zimbabwe;CAN;Canada;Other;Persons;2025;644,5138187;744,2458352;-8,311001376;-7,239747026;Annual;01/01/80
ZWE;Zimbabwe;CAN;Canada;Other;Persons;2026;424,2533942;460,6052654;-4,039096804;-3,22569232;Annual;01/01/80
ZWE;Zimbabwe;CAN;Canada;Public Services;Persons;1980;665,8736618;788,8197718;-10,24550917;-9,560002762;Annual;01/01/80
ZWE;Zimbabwe;CAN;Canada;Public Services;Persons;1981;727,9467179;737,7910353;-0,820359783;-1,438427294;Annual;01/01/80
ZWE;Zimbabwe;CAN;Canada;Public Services;Persons;1982;730,0772183;887,0919727;-13,08456286;-12,34452991;Annual;01/01/80
ZWE;Zimbabwe;CAN;Canada;Public Services;Persons;1983;772,6494757;850,5878877;-6,494867668;-5,239102654;Annual;01/01/80
ZWE;Zimbabwe;CAN;Canada;Public Services;Persons;1984;637,9119435;715,8560672;-6,49534365;-5,815855338;Annual;01/01/80
ZWE;Zimbabwe;CAN;Canada;Public Services;Persons;1985;663,0031373;655,9499111;0,587768853;0,803175036;Annual;01/01/80
ZWE;Zimbabwe;CAN;Canada;Public Services;Persons;1986;729,8291298;745,6176504;-1,315710046;-1,096909669;Annual;01/01/80
ZWE;Zimbabwe;CAN;Canada;Public Services;Persons;1987;753,3671267;833,343681;-6,664712855;-5,784857288;Annual;01/01/80
ZWE;Zimbabwe;CAN;Canada;Public Services;Persons;1988;770,6020203;774,7565783;-0,346213168;-0,454129731;Annual;01/01/80
ZWE;Zimbabwe;CAN;Canada;Public Services;Persons;1989;686,8068013;687,7522372;-0,078786323;0,021183074;Annual;01/01/80
ZWE;Zimbabwe;CAN;Canada;Public Services;Persons;1990;611,2383615;661,8775464;-4,219932078;-4,045803746;Annual;01/01/80
ZWE;Zimbabwe;CAN;Canada;Public Services;Persons;1991;734,0389165;765,5992543;-2,630028155;-2,255609672;Annual;01/01/80
ZWE;Zimbabwe;CAN;Canada;Public Services;Persons;1992;561,6084667;553,3146041;0,691155216;0,229690915;Annual;01/01/80
ZWE;Zimbabwe;CAN;Canada;Public Services;Persons;1993;776,7265487;786,5624155;-0,819655561;-0,987993415;Annual;01/01/80
ZWE;Zimbabwe;CAN;Canada;Public Services;Persons;1994;619,6019083;638,2420822;-1,553347819;-1,295428934;Annual;01/01/80
ZWE;Zimbabwe;CAN;Canada;Public Services;Persons;1995;672,2497621;785,2221302;-9,414364006;-8,32399066;Annual;01/01/80
ZWE;Zimbabwe;CAN;Canada;Public Services;Persons;1996;803,5039728;934,6621127;-10,92984499;-10,39791147;Annual;01/01/80
ZWE;Zimbabwe;CAN;Canada;Public Services;Persons;1997;832,282168;882,6975904;-4,201285198;-3,461599936;Annual;01/01/80
ZWE;Zimbabwe;CAN;Canada;Public Services;Persons;1998;968,4093927;1122,466167;-12,83806456;-12,39935613;Annual;01/01/80
ZWE;Zimbabwe;CAN;Canada;Public Services;Persons;1999;641,9497208;725,4029652;-6,954437032;-6,341236724;Annual;01/01/80
ZWE;Zimbabwe;CAN;Canada;Public Services;Persons;2000;605,1621134;566,9068434;3,187939164;3,092413514;Annual;01/01/80
ZWE;Zimbabwe;CAN;Canada;Public Services;Persons;2001;661,8844502;770,2488963;-9,030370502;-7,764441883;Annual;01/01/80
ZWE;Zimbabwe;CAN;Canada;Public Services;Persons;2002;772,5354702;831,5988722;-4,921950168;-5,02640091;Annual;01/01/80
ZWE;Zimbabwe;CAN;Canada;Public Services;Persons;2003;851,4715835;975,0908846;-10,30160842;-9,470494022;Annual;01/01/80
ZWE;Zimbabwe;CAN;Canada;Public Services;Persons;2004;736,7151899;756,7616581;-1,670539013;-2,288063309;Annual;01/01/80
ZWE;Zimbabwe;CAN;Canada;Public Services;Persons;2005;708,3483658;804,9197202;-8,047612864;-6,550066731;Annual;01/01/80
ZWE;Zimbabwe;CAN;Canada;Public Services;Persons;2006;735,5319649;714,3886046;1,761946689;1,519993822;Annual;01/01/80
ZWE;Zimbabwe;CAN;Canada;Public Services;Persons;2007;609,8723348;665,7199381;-4,653966939;-3,815053309;Annual;01/01/80
ZWE;Zimbabwe;CAN;Canada;Public Services;Persons;2008;624,5592206;760,4755711;-11,32636254;-10,27391585;Annual;01/01/80
ZWE;Zimbabwe;CAN;Canada;Public Services;Persons;2009;773,2461507;789,4626139;-1,351371933;-1,897756559;Annual;01/01/80
ZWE;Zimbabwe;CAN;Canada;Public Services;Persons;2010;719,3701443;823,9840203;-8,717823007;-6,460628569;Annual;01/01/80
ZWE;Zimbabwe;CAN;Canada;Public Services;Persons;2011;721,4514376;792,4915673;-5,920010809;-5,011177848;Annual;01/01/80
ZWE;Zimbabwe;CAN;Canada;Public Services;Persons;2012;701,2569003;705,8729623;-0,384671828;-0,420702251;Annual;01/01/80
ZWE;Zimbabwe;CAN;Canada;Public Services;Persons;2013;777,5554789;909,615198;-11,00497659;-9,76030541;Annual;01/01/80
ZWE;Zimbabwe;CAN;Canada;Public Services;Persons;2014;466,4008663;524,5235406;-4,84355619;-4,755133631;Annual;01/01/80
ZWE;Zimbabwe;CAN;Canada;Public Services;Persons;2015;680,492309;745,3646484;-5,406028282;-4,441033728;Annual;01/01/80
ZWE;Zimbabwe;CAN;Canada;Public Services;Persons;2016;636,8418122;717,8479697;-6,750513127;-6,079003163;Annual;01/01/80
ZWE;Zimbabwe;CAN;Canada;Public Services;Persons;2017;645,7655318;694,8680941;-4,091880197;-3,538728398;Annual;01/01/80
ZWE;Zimbabwe;CAN;Canada;Public Services;Persons;2018;764,6161448;848,6469541;-7,002567445;-6,665065066;Annual;01/01/80
ZWE;Zimbabwe;CAN;Canada;Public Services;Persons;2019;799,1549854;789,8299162;0,777089102;0,007216711;Annual;01/01/80
ZWE;Zimbabwe;CAN;Canada;Public Services;Persons;2020;656,9613626;756,1587871;-8,26645204;-7,514122631;Annual;01/01/80
ZWE;Zimbabwe;CAN;Canada;Public Services;Persons;2021;820,5309547;920,7019144;-8,347579968;-7,623757156;Annual;01/01/80
ZWE;Zimbabwe;CAN;Canada;Public Services;Persons;2022;637,3060038;686,56447;-4,104872184;-3,594983247;Annual;01/01/80
ZWE;Zimbabwe;CAN;Canada;Public Services;Persons;2023;643,818068;581,5976209;5,185037264;4,534505321;Annual;01/01/80
ZWE;Zimbabwe;CAN;Canada;Public Services;Persons;2024;828,0563206;814,5626335;1,124473929;1,634044331;Annual;01/01/80
ZWE;Zimbabwe;CAN;Canada;Public Services;Persons;2025;627,1545312;713,4773633;-7,193569338;-6,901730916;Annual;01/01/80
ZWE;Zimbabwe;CAN;Canada;Public Services;Persons;2026;505,8017727;558,8746792;-5,89698961;-4,5128026;Annual;01/01/80
ZWE;Zimbabwe;CAN;Canada;Tourism;Persons;1980;858,6352098;824,1793557;2,871321177;3,004422817;Annual;01/01/80
ZWE;Zimbabwe;CAN;Canada;Tourism;Persons;1981;648,5891044;797,2553649;-12,38885504;-10,81233028;Annual;01/01/80
ZWE;Zimbabwe;CAN;Canada;Tourism;Persons;1982;794,2419838;804,7896284;-0,87897038;-0,746811006;Annual;01/01/80
ZWE;Zimbabwe;CAN;Canada;Tourism;Persons;1983;578,5873211;615,0001017;-3,034398382;-2,02744929;Annual;01/01/80
ZWE;Zimbabwe;CAN;Canada;Tourism;Persons;1984;633,9821143;645,1084067;-0,92719103;-0,836162365;Annual;01/01/80
ZWE;Zimbabwe;CAN;Canada;Tourism;Persons;1985;695,9689642;629,4339393;5,544585407;5,105854447;Annual;01/01/80
ZWE;Zimbabwe;CAN;Canada;Tourism;Persons;1986;794,4763113;847,624399;-4,429007303;-4,119819369;Annual;01/01/80
ZWE;Zimbabwe;CAN;Canada;Tourism;Persons;1987;739,5986955;892,1474006;-12,71239209;-11,54039196;Annual;01/01/80
ZWE;Zimbabwe;CAN;Canada;Tourism;Persons;1988;570,8084781;615,8136851;-3,750433917;-3,837654411;Annual;01/01/80
ZWE;Zimbabwe;CAN;Canada;Tourism;Persons;1989;710,7883268;766,1679524;-4,614968797;-3,878749481;Annual;01/01/80
ZWE;Zimbabwe;CAN;Canada;Tourism;Persons;1990;634,1042668;698,1148087;-5,334211817;-4,645931157;Annual;01/01/80
ZWE;Zimbabwe;CAN;Canada;Tourism;Persons;1991;656,5922749;633,861725;1,894212486;1,401752787;Annual;01/01/80
ZWE;Zimbabwe;CAN;Canada;Tourism;Persons;1992;769,2724989;830,037708;-5,063767426;-5,105260513;Annual;01/01/80
ZWE;Zimbabwe;CAN;Canada;Tourism;Persons;1993;766,9760512;835,7922122;-5,734680081;-5,085825482;Annual;01/01/80
ZWE;Zimbabwe;CAN;Canada;Tourism;Persons;1994;790,5866358;825,0379558;-2,870943337;-3,195219161;Annual;01/01/80
ZWE;Zimbabwe;CAN;Canada;Tourism;Persons;1995;756,1027863;876,8963701;-10,06613198;-9,21212814;Annual;01/01/80
ZWE;Zimbabwe;CAN;Canada;Tourism;Persons;1996;588,9199515;598,1464843;-0,768877732;-0,707142431;Annual;01/01/80
ZWE;Zimbabwe;CAN;Canada;Tourism;Persons;1997;666,4067536;693,7992156;-2,282705162;-2,248366249;Annual;01/01/80
ZWE;Zimbabwe;CAN;Canada;Tourism;Persons;1998;620,6051704;738,9303665;-9,86043301;-9,022824911;Annual;01/01/80
ZWE;Zimbabwe;CAN;Canada;Tourism;Persons;1999;724,1185697;782,3144146;-4,849653741;-4,079716095;Annual;01/01/80
ZWE;Zimbabwe;CAN;Canada;Tourism;Persons;2000;932,9767126;956,693733;-1,976418365;-1,773986147;Annual;01/01/80
ZWE;Zimbabwe;CAN;Canada;Tourism;Persons;2001;621,5225191;620,56705;0,079622418;0,183107771;Annual;01/01/80
ZWE;Zimbabwe;CAN;Canada;Tourism;Persons;2002;833,8537477;915,1769528;-6,776933757;-5,655934079;Annual;01/01/80
ZWE;Zimbabwe;CAN;Canada;Tourism;Persons;2003;723,1615946;737,6976814;-1,211340568;-0,856158248;Annual;01/01/80
ZWE;Zimbabwe;CAN;Canada;Tourism;Persons;2004;654,1072238;744,3965078;-7,524106997;-6,142900936;Annual;01/01/80
ZWE;Zimbabwe;CAN;Canada;Tourism;Persons;2005;678,1437802;755,819224;-6,472953651;-5,292383501;Annual;01/01/80
ZWE;Zimbabwe;CAN;Canada;Tourism;Persons;2006;737,056032;751,1653764;-1,175778704;-1,7643994;Annual;01/01/80
ZWE;Zimbabwe;CAN;Canada;Tourism;Persons;2007;607,9211331;641,7892773;-2,82234535;-2,47000758;Annual;01/01/80
ZWE;Zimbabwe;CAN;Canada;Tourism;Persons;2008;646,1120191;674,4757688;-2,363645814;-1,844318778;Annual;01/01/80
ZWE;Zimbabwe;CAN;Canada;Tourism;Persons;2009;711,5808063;747,6208688;-3,003338541;-2,623211338;Annual;01/01/80
ZWE;Zimbabwe;CAN;Canada;Tourism;Persons;2010;690,2337536;772,9362591;-6,891875457;-6,651211584;Annual;01/01/80
ZWE;Zimbabwe;CAN;Canada;Tourism;Persons;2011;678,4637045;753,0229981;-6,213274462;-5,738983409;Annual;01/01/80
ZWE;Zimbabwe;CAN;Canada;Tourism;Persons;2012;677,9457199;713,0628011;-2,92642343;-2,788352938;Annual;01/01/80
ZWE;Zimbabwe;CAN;Canada;Tourism;Persons;2013;616,4008895;634,8686055;-1,538976329;-1,631417438;Annual;01/01/80
ZWE;Zimbabwe;CAN;Canada;Tourism;Persons;2014;805,1452768;933,0381994;-10,65774355;-10,03085628;Annual;01/01/80
ZWE;Zimbabwe;CAN;Canada;Tourism;Persons;2015;642,04053;696,6796295;-4,553258287;-3,713809428;Annual;01/01/80
ZWE;Zimbabwe;CAN;Canada;Tourism;Persons;2016;811,2479325;938,1774488;-10,57745969;-9,712314176;Annual;01/01/80
ZWE;Zimbabwe;CAN;Canada;Tourism;Persons;2017;852,2294074;960,8135625;-9,048679588;-7,79081447;Annual;01/01/80
ZWE;Zimbabwe;CAN;Canada;Tourism;Persons;2018;890,2990591;955,2651379;-5,413839902;-4,119885429;Annual;01/01/80
ZWE;Zimbabwe;CAN;Canada;Tourism;Persons;2019;815,8546756;966,9963426;-12,59513892;-11,9746608;Annual;01/01/80
ZWE;Zimbabwe;CAN;Canada;Tourism;Persons;2020;494,2935263;532,6410501;-3,195626987;-2,405599564;Annual;01/01/80
ZWE;Zimbabwe;CAN;Canada;Tourism;Persons;2021;645,3974915;749,5281078;-8,677551359;-8,384141007;Annual;01/01/80
ZWE;Zimbabwe;CAN;Canada;Tourism;Persons;2022;804,0529391;881,754043;-6,475091987;-6,405768896;Annual;01/01/80
ZWE;Zimbabwe;CAN;Canada;Tourism;Persons;2023;778,6755425;931,1395971;-12,70533788;-10,82486162;Annual;01/01/80
ZWE;Zimbabwe;CAN;Canada;Tourism;Persons;2024;772,5980286;807,2076006;-2,884131004;-3,617950397;Annual;01/01/80
ZWE;Zimbabwe;CAN;Canada;Tourism;Persons;2025;815,4388459;906,5830032;-7,59534644;-6,984639994;Annual;01/01/80
ZWE;Zimbabwe;CAN;Canada;Tourism;Persons;2026;523,2968602;585,7986452;-6,944642772;-6,707060052;Annual;01/01/80
ZWE;Zimbabwe;CAN;Canada;Trade;Persons;1980;647,4619579;635,3047858;1,013097669;0,917446864;Annual;01/01/80
ZWE;Zimbabwe;CAN;Canada;Trade;Persons;1981;602,6303467;603,246414;-0,051338944;-0,079174545;Annual;01/01/80
ZWE;Zimbabwe;CAN;Canada;Trade;Persons;1982;694,3157424;726,9206322;-2,717074149;-2,049071697;Annual;01/01/80
ZWE;Zimbabwe;CAN;Canada;Trade;Persons;1983;873,5515688;954,6432707;-6,757641828;-6,216780575;Annual;01/01/80
ZWE;Zimbabwe;CAN;Canada;Trade;Persons;1984;732,8760271;802,3131614;-5,786427857;-4,581928664;Annual;01/01/80
ZWE;Zimbabwe;CAN;Canada;Trade;Persons;1985;664,0277483;801,449899;-11,45184589;-9,902069129;Annual;01/01/80
ZWE;Zimbabwe;CAN;Canada;Trade;Persons;1986;533,9002084;530,1533956;0,3122344;-0,314779173;Annual;01/01/80
ZWE;Zimbabwe;CAN;Canada;Trade;Persons;1987;741,9012;884,9689736;-11,92231446;-11,12113074;Annual;01/01/80
ZWE;Zimbabwe;CAN;Canada;Trade;Persons;1988;678,3021774;742,2249188;-5,326895118;-4,735117255;Annual;01/01/80
ZWE;Zimbabwe;CAN;Canada;Trade;Persons;1989;816,1861736;829,0876875;-1,075126165;-1,627264399;Annual;01/01/80
ZWE;Zimbabwe;CAN;Canada;Trade;Persons;1990;716,3280663;759,549759;-3,601807725;-3,528273093;Annual;01/01/80
ZWE;Zimbabwe;CAN;Canada;Trade;Persons;1991;714,2555689;733,6601435;-1,617047884;-1,444037235;Annual;01/01/80
ZWE;Zimbabwe;CAN;Canada;Trade;Persons;1992;881,286653;957,9060683;-6,384951277;-5,965114696;Annual;01/01/80
ZWE;Zimbabwe;CAN;Canada;Trade;Persons;1993;843,7247152;847,5986525;-0,322828102;-0,149885351;Annual;01/01/80
ZWE;Zimbabwe;CAN;Canada;Trade;Persons;1994;574,8859736;692,1237431;-9,769814127;-8,992452776;Annual;01/01/80
ZWE;Zimbabwe;CAN;Canada;Trade;Persons;1995;728,887655;823,1552406;-7,855632132;-7,151398369;Annual;01/01/80
ZWE;Zimbabwe;CAN;Canada;Trade;Persons;1996;715,2588188;835,7118184;-10,03774997;-9,206842173;Annual;01/01/80
ZWE;Zimbabwe;CAN;Canada;Trade;Persons;1997;615,5224992;608,4460835;0,589701305;0,486475528;Annual;01/01/80
ZWE;Zimbabwe;CAN;Canada;Trade;Persons;1998;557,0276709;664,3610306;-8,944446639;-7,740997163;Annual;01/01/80
ZWE;Zimbabwe;CAN;Canada;Trade;Persons;1999;865,3648545;932,0959786;-5,560927008;-4,820512057;Annual;01/01/80
ZWE;Zimbabwe;CAN;Canada;Trade;Persons;2000;837,0380379;946,8701025;-9,152672053;-8,824805277;Annual;01/01/80
ZWE;Zimbabwe;CAN;Canada;Trade;Persons;2001;637,5855;758,3810123;-10,0662927;-9,235099695;Annual;01/01/80
ZWE;Zimbabwe;CAN;Canada;Trade;Persons;2002;667,2666491;786,8285711;-9,963493497;-9,202927217;Annual;01/01/80
ZWE;Zimbabwe;CAN;Canada;Trade;Persons;2003;777,2951827;892,3008954;-9,583809388;-8,076695664;Annual;01/01/80
ZWE;Zimbabwe;CAN;Canada;Trade;Persons;2004;848,6714958;875,9811646;-2,275805734;-1,578450976;Annual;01/01/80
ZWE;Zimbabwe;CAN;Canada;Trade;Persons;2005;695,4246964;696,7903492;-0,113804402;-0,26878838;Annual;01/01/80
ZWE;Zimbabwe;CAN;Canada;Trade;Persons;2006;666,0528405;744,4774682;-6,535385641;-5,006684159;Annual;01/01/80
ZWE;Zimbabwe;CAN;Canada;Trade;Persons;2007;760,4191798;932,9502214;-14,3775868;-12,28572626;Annual;01/01/80
ZWE;Zimbabwe;CAN;Canada;Trade;Persons;2008;809,042099;815,1928263;-0,512560606;-0,922220503;Annual;01/01/80
ZWE;Zimbabwe;CAN;Canada;Trade;Persons;2009;677,248649;666,9750671;0,856131825;0,790717848;Annual;01/01/80
ZWE;Zimbabwe;CAN;Canada;Trade;Persons;2010;829,8979223;988,7722717;-13,23952912;-10,73394658;Annual;01/01/80
ZWE;Zimbabwe;CAN;Canada;Trade;Persons;2011;713,264892;772,2021628;-4,911439227;-4,236690701;Annual;01/01/80
ZWE;Zimbabwe;CAN;Canada;Trade;Persons;2012;797,4821553;880,9404317;-6,954856369;-5,954272133;Annual;01/01/80
ZWE;Zimbabwe;CAN;Canada;Trade;Persons;2013;618,6373325;636,3362557;-1,474910262;-1,474639354;Annual;01/01/80
ZWE;Zimbabwe;CAN;Canada;Trade;Persons;2014;526,9047706;532,4116691;-0,458908215;-0,401961089;Annual;01/01/80
ZWE;Zimbabwe;CAN;Canada;Trade;Persons;2015;840,3472485;947,067256;-8,893333958;-8,303344793;Annual;01/01/80
ZWE;Zimbabwe;CAN;Canada;Trade;Persons;2016;848,5357697;994,0052808;-12,12245925;-11,60051193;Annual;01/01/80
ZWE;Zimbabwe;CAN;Canada;Trade;Persons;2017;674,9956003;715,7376412;-3,395170071;-3,429388194;Annual;01/01/80
ZWE;Zimbabwe;CAN;Canada;Trade;Persons;2018;548,663208;649,005434;-8,361852174;-7,600738763;Annual;01/01/80
ZWE;Zimbabwe;CAN;Canada;Trade;Persons;2019;698,9761987;755,9148424;-4,744886979;-4,029774039;Annual;01/01/80
ZWE;Zimbabwe;CAN;Canada;Trade;Persons;2020;692,1611699;749,13887;-4,748141674;-4,777098409;Annual;01/01/80
ZWE;Zimbabwe;CAN;Canada;Trade;Persons;2021;674,2374976;647,652812;2,215390464;2,296416305;Annual;01/01/80
ZWE;Zimbabwe;CAN;Canada;Trade;Persons;2022;811,6515632;797,8702154;1,148445648;1,158884037;Annual;01/01/80
ZWE;Zimbabwe;CAN;Canada;Trade;Persons;2023;627,5262175;671,1746057;-3,63736568;-3,215797351;Annual;01/01/80
ZWE;Zimbabwe;CAN;Canada;Trade;Persons;2024;828,0155738;744,5531764;6,955199779;6,522152341;Annual;01/01/80
ZWE;Zimbabwe;CAN;Canada;Trade;Persons;2025;637,5786353;659,0603154;-1,790140006;-1,320704734;Annual;01/01/80
ZWE;Zimbabwe;CAN;Canada;Trade;Persons;2026;545,2118989;610,2765361;-7,229404135;-6,784251367;Annual;01/01/80
ZWE;Zimbabwe;CAN;Canada;Transport;Persons;1980;995,2131367;1128,237073;-11,08532801;-11,25791528;Annual;01/01/80
ZWE;Zimbabwe;CAN;Canada;Transport;Persons;1981;597,3155179;602,5387548;-0,435269735;-0,384913443;Annual;01/01/80
ZWE;Zimbabwe;CAN;Canada;Transport;Persons;1982;758,1572138;915,8500787;-13,14107207;-11,94764678;Annual;01/01/80
ZWE;Zimbabwe;CAN;Canada;Transport;Persons;1983;553,4622274;615,1889905;-5,143896919;-4,486218264;Annual;01/01/80
ZWE;Zimbabwe;CAN;Canada;Transport;Persons;1984;674,2593424;634,241742;3,334800026;2,4570248;Annual;01/01/80
ZWE;Zimbabwe;CAN;Canada;Transport;Persons;1985;786,4041302;944,9410667;-13,21141137;-12,53984335;Annual;01/01/80
ZWE;Zimbabwe;CAN;Canada;Transport;Persons;1986;784,6359113;808,8897502;-2,021153238;-2,407895654;Annual;01/01/80
ZWE;Zimbabwe;CAN;Canada;Transport;Persons;1987;695,9707187;644,2402611;4,310871467;4,027932578;Annual;01/01/80
ZWE;Zimbabwe;CAN;Canada;Transport;Persons;1988;729,8125741;834,213039;-8,700038742;-8,659994533;Annual;01/01/80
ZWE;Zimbabwe;CAN;Canada;Transport;Persons;1989;653,8958658;734,6304397;-6,727881158;-6,49205707;Annual;01/01/80
ZWE;Zimbabwe;CAN;Canada;Transport;Persons;1990;620,4677422;764,3073643;-11,98663518;-10,89392294;Annual;01/01/80
ZWE;Zimbabwe;CAN;Canada;Transport;Persons;1991;679,4488355;742,9520494;-5,291934487;-4,645617722;Annual;01/01/80
ZWE;Zimbabwe;CAN;Canada;Transport;Persons;1992;656,8314617;744,5445989;-7,309428099;-6,538228408;Annual;01/01/80
ZWE;Zimbabwe;CAN;Canada;Transport;Persons;1993;656,2852921;727,6459213;-5,946719103;-5,037818883;Annual;01/01/80
ZWE;Zimbabwe;CAN;Canada;Transport;Persons;1994;772,4051019;897,8147476;-10,4508038;-9,645453476;Annual;01/01/80
ZWE;Zimbabwe;CAN;Canada;Transport;Persons;1995;725,0010872;826,1026704;-8,425131935;-7,286395402;Annual;01/01/80
ZWE;Zimbabwe;CAN;Canada;Transport;Persons;1996;622,0403591;685,3389552;-5,274883006;-4,44117429;Annual;01/01/80
ZWE;Zimbabwe;CAN;Canada;Transport;Persons;1997;685,6517405;708,4672375;-1,901291415;-1,33425466;Annual;01/01/80
ZWE;Zimbabwe;CAN;Canada;Transport;Persons;1998;800,1086924;879,1362603;-6,585630658;-5,466586722;Annual;01/01/80
ZWE;Zimbabwe;CAN;Canada;Transport;Persons;1999;641,19305;707,2606443;-5,505632856;-4,586467516;Annual;01/01/80
ZWE;Zimbabwe;CAN;Canada;Transport;Persons;2000;563,9281172;576,2228947;-1,024564794;-0,806718936;Annual;01/01/80
ZWE;Zimbabwe;CAN;Canada;Transport;Persons;2001;805,5162038;881,4393986;-6,326932897;-5,740233702;Annual;01/01/80
ZWE;Zimbabwe;CAN;Canada;Transport;Persons;2002;593,3584932;653,8296527;-5,039263289;-5,008975598;Annual;01/01/80
ZWE;Zimbabwe;CAN;Canada;Transport;Persons;2003;776,6406134;794,473778;-1,486097046;-1,35200278;Annual;01/01/80
ZWE;Zimbabwe;CAN;Canada;Transport;Persons;2004;585,9947985;670,7788907;-7,065341015;-6,330479654;Annual;01/01/80
ZWE;Zimbabwe;CAN;Canada;Transport;Persons;2005;785,1039622;830,2621228;-3,763180049;-2,976707624;Annual;01/01/80
ZWE;Zimbabwe;CAN;Canada;Transport;Persons;2006;739,0215095;805,0676544;-5,503845406;-4,734450417;Annual;01/01/80
ZWE;Zimbabwe;CAN;Canada;Transport;Persons;2007;732,3631557;850,3452072;-9,831837625;-10,0536349;Annual;01/01/80
ZWE;Zimbabwe;CAN;Canada;Transport;Persons;2008;622,5162233;717,1451055;-7,88574018;-7,102147634;Annual;01/01/80
ZWE;Zimbabwe;CAN;Canada;Transport;Persons;2009;583,4337063;658,5027004;-6,255749513;-6,00752618;Annual;01/01/80
ZWE;Zimbabwe;CAN;Canada;Transport;Persons;2010;674,0435083;755,5178135;-6,789525435;-7,456295198;Annual;01/01/80
ZWE;Zimbabwe;CAN;Canada;Transport;Persons;2011;777,6078027;799,7252425;-1,843119982;-1,742303505;Annual;01/01/80
ZWE;Zimbabwe;CAN;Canada;Transport;Persons;2012;587,3659453;601,5657029;-1,183313133;-1,125251227;Annual;01/01/80
ZWE;Zimbabwe;CAN;Canada;Transport;Persons;2013;680,6652561;734,2584531;-4,466099753;-4,640411456;Annual;01/01/80
ZWE;Zimbabwe;CAN;Canada;Transport;Persons;2014;693,8338093;720,3976497;-2,213653369;-1,620964763;Annual;01/01/80
ZWE;Zimbabwe;CAN;Canada;Transport;Persons;2015;688,5797025;770,6236119;-6,836992453;-6,430093386;Annual;01/01/80
ZWE;Zimbabwe;CAN;Canada;Transport;Persons;2016;582,2780391;605,3526397;-1,922883385;-1,951158195;Annual;01/01/80
ZWE;Zimbabwe;CAN;Canada;Transport;Persons;2017;866,3681561;870,944929;-0,381397746;-0,226099771;Annual;01/01/80
ZWE;Zimbabwe;CAN;Canada;Transport;Persons;2018;710,1102439;772,6017152;-5,207622604;-4,85892451;Annual;01/01/80
ZWE;Zimbabwe;CAN;Canada;Transport;Persons;2019;715,5609209;743,5936832;-2,336063528;-2,617476311;Annual;01/01/80
ZWE;Zimbabwe;CAN;Canada;Transport;Persons;2020;742,6707943;860,0473019;-9,781375638;-8,380299139;Annual;01/01/80
ZWE;Zimbabwe;CAN;Canada;Transport;Persons;2021;801,3386373;941,1959946;-11,65477977;-10,10885913;Annual;01/01/80
ZWE;Zimbabwe;CAN;Canada;Transport;Persons;2022;553,6245691;585,5125388;-2,657330807;-2,12137498;Annual;01/01/80
ZWE;Zimbabwe;CAN;Canada;Transport;Persons;2023;598,9028226;605,1093461;-0,517210291;-0,85723244;Annual;01/01/80
ZWE;Zimbabwe;CAN;Canada;Transport;Persons;2024;800,7789002;869,8862603;-5,758946679;-4,428521274;Annual;01/01/80
ZWE;Zimbabwe;CAN;Canada;Transport;Persons;2025;739,1098055;794,593903;-4,623674787;-3,745688632;Annual;01/01/80
ZWE;Zimbabwe;CAN;Canada;Transport;Persons;2026;633,3508157;767,900441;-14,94995836;-13,92810066;Annual;01/01/80
ZWE;Zimbabwe;CHN;China;Agriculture;Persons;1980;694,4222701;717,1469595;-1,893724114;-1,666881244;Annual;01/01/80
ZWE;Zimbabwe;CHN;China;Agriculture;Persons;1981;722,2536508;830,1903819;-8,994727591;-8,066151004;Annual;01/01/80
ZWE;Zimbabwe;CHN;China;Agriculture;Persons;1982;581,9973352;605,1343798;-1,928087049;-1,830409657;Annual;01/01/80
ZWE;Zimbabwe;CHN;China;Agriculture;Persons;1983;654,5768332;698,2636388;-3,640567135;-2,890713084;Annual;01/01/80
ZWE;Zimbabwe;CHN;China;Agriculture;Persons;1984;850,5811062;895,6600427;-3,75657804;-3,490015832;Annual;01/01/80
ZWE;Zimbabwe;CHN;China;Agriculture;Persons;1985;650,9030376;627,6110122;1,941002114;1,7605791;Annual;01/01/80
ZWE;Zimbabwe;CHN;China;Agriculture;Persons;1986;682,9424129;736,5245153;-4,465175199;-3,951217672;Annual;01/01/80
ZWE;Zimbabwe;CHN;China;Agriculture;Persons;1987;669,8357883;741,4233658;-5,96563146;-5,102540923;Annual;01/01/80
ZWE;Zimbabwe;CHN;China;Agriculture;Persons;1988;852,1962453;1053,460236;-16,77199922;-15,18683465;Annual;01/01/80
ZWE;Zimbabwe;CHN;China;Agriculture;Persons;1989;665,5153036;742,7967157;-6,440117675;-6,165003899;Annual;01/01/80
ZWE;Zimbabwe;CHN;China;Agriculture;Persons;1990;649,6380284;657,6121943;-0,664513828;-0,505798466;Annual;01/01/80
ZWE;Zimbabwe;CHN;China;Agriculture;Persons;1991;748,7372852;781,0768327;-2,694962293;-2,790955629;Annual;01/01/80
ZWE;Zimbabwe;CHN;China;Agriculture;Persons;1992;706,7045675;700,9795626;0,477083743;0,55886517;Annual;01/01/80
ZWE;Zimbabwe;CHN;China;Agriculture;Persons;1993;786,0533931;808,7880108;-1,894551477;-1,624894664;Annual;01/01/80
ZWE;Zimbabwe;CHN;China;Agriculture;Persons;1994;759,1320605;719,3411731;3,315907282;3,128474202;Annual;01/01/80
ZWE;Zimbabwe;CHN;China;Agriculture;Persons;1995;741,8496663;740,1180818;0,144298709;0,019736243;Annual;01/01/80
ZWE;Zimbabwe;CHN;China;Agriculture;Persons;1996;498,8236746;508,3438333;-0,793346563;-0,515755578;Annual;01/01/80
ZWE;Zimbabwe;CHN;China;Agriculture;Persons;1997;767,6087894;789,6462298;-1,836453364;-1,63525104;Annual;01/01/80
ZWE;Zimbabwe;CHN;China;Agriculture;Persons;1998;726,0108919;763,513857;-3,12524709;-2,851069842;Annual;01/01/80
ZWE;Zimbabwe;CHN;China;Agriculture;Persons;1999;548,7493907;577,6914374;-2,411837219;-2,329588178;Annual;01/01/80
ZWE;Zimbabwe;CHN;China;Agriculture;Persons;2000;649,3991248;632,3621313;1,419749457;1,310171493;Annual;01/01/80
ZWE;Zimbabwe;CHN;China;Agriculture;Persons;2001;802,6734958;924,123178;-10,12080685;-8,467268739;Annual;01/01/80
ZWE;Zimbabwe;CHN;China;Agriculture;Persons;2002;713,3353928;765,8735862;-4,378182779;-3,812440425;Annual;01/01/80
ZWE;Zimbabwe;CHN;China;Agriculture;Persons;2003;729,7565282;810,5153056;-6,729898116;-5,224474373;Annual;01/01/80
ZWE;Zimbabwe;CHN;China;Agriculture;Persons;2004;804,0042277;810,0588635;-0,50455298;-0,945888073;Annual;01/01/80
ZWE;Zimbabwe;CHN;China;Agriculture;Persons;2005;783,1672972;795,1287298;-0,996786049;-1,157347022;Annual;01/01/80
ZWE;Zimbabwe;CHN;China;Agriculture;Persons;2006;715,9483089;708,0766311;0,65597315;-0,035997405;Annual;01/01/80
ZWE;Zimbabwe;CHN;China;Agriculture;Persons;2007;671,8697183;681,2126606;-0,778578525;-1,145782806;Annual;01/01/80
ZWE;Zimbabwe;CHN;China;Agriculture;Persons;2008;753,7856688;874,121889;-10,02801835;-7,907108131;Annual;01/01/80
ZWE;Zimbabwe;CHN;China;Agriculture;Persons;2009;634,3587667;685,749439;-4,282556024;-4,359287712;Annual;01/01/80
ZWE;Zimbabwe;CHN;China;Agriculture;Persons;2010;728,2052434;777,8232805;-4,134836427;-3,998990113;Annual;01/01/80
ZWE;Zimbabwe;CHN;China;Agriculture;Persons;2011;813,5461561;771,9460887;3,466672286;3,840776929;Annual;01/01/80
ZWE;Zimbabwe;CHN;China;Agriculture;Persons;2012;809,3753124;838,8039429;-2,452385872;-2,062202414;Annual;01/01/80
ZWE;Zimbabwe;CHN;China;Agriculture;Persons;2013;484,7451777;538,4271388;-4,473496756;-4,306583979;Annual;01/01/80
ZWE;Zimbabwe;CHN;China;Agriculture;Persons;2014;515,0525046;566,2548152;-4,266859212;-3,948269793;Annual;01/01/80
ZWE;Zimbabwe;CHN;China;Agriculture;Persons;2015;568,4418562;608,2096879;-3,31398597;-2,797205969;Annual;01/01/80
ZWE;Zimbabwe;CHN;China;Agriculture;Persons;2016;789,4018947;784,2957351;0,425513304;0,267056566;Annual;01/01/80
ZWE;Zimbabwe;CHN;China;Agriculture;Persons;2017;711,750179;757,3031028;-3,796076983;-2,71360278;Annual;01/01/80
ZWE;Zimbabwe;CHN;China;Agriculture;Persons;2018;712,1856925;781,3568339;-5,764261776;-4,909835381;Annual;01/01/80
ZWE;Zimbabwe;CHN;China;Agriculture;Persons;2019;846,2815187;957,7884939;-9,292247929;-8,715352222;Annual;01/01/80
ZWE;Zimbabwe;CHN;China;Agriculture;Persons;2020;889,0371997;947,2050323;-4,847319382;-4,118902599;Annual;01/01/80
ZWE;Zimbabwe;CHN;China;Agriculture;Persons;2021;589,0439233;718,1436225;-10,75830827;-9,520252403;Annual;01/01/80
ZWE;Zimbabwe;CHN;China;Agriculture;Persons;2022;600,8291642;674,3408695;-6,125975437;-5,581600914;Annual;01/01/80
ZWE;Zimbabwe;CHN;China;Agriculture;Persons;2023;731,2298306;755,3920146;-2,013515333;-1,212017122;Annual;01/01/80
ZWE;Zimbabwe;CHN;China;Agriculture;Persons;2024;677,0938051;717,4372743;-3,361955766;-2,883431512;Annual;01/01/80
ZWE;Zimbabwe;CHN;China;Agriculture;Persons;2025;545,1613865;602,4639684;-4,775215152;-4,41605961;Annual;01/01/80
ZWE;Zimbabwe;CHN;China;Agriculture;Persons;2026;476,4178606;521,1668223;-4,972106856;-3,784153755;Annual;01/01/80
ZWE;Zimbabwe;CHN;China;Construction;Persons;1980;722,7191769;719,6839946;0,252931853;0,102069472;Annual;01/01/80
ZWE;Zimbabwe;CHN;China;Construction;Persons;1981;610,9576484;729,050465;-9,841068055;-8,952502377;Annual;01/01/80
ZWE;Zimbabwe;CHN;China;Construction;Persons;1982;552,7191667;519,168418;2,795895722;2,545582267;Annual;01/01/80
ZWE;Zimbabwe;CHN;China;Construction;Persons;1983;929,2070143;934,8812861;-0,472855982;-1,107864666;Annual;01/01/80
ZWE;Zimbabwe;CHN;China;Construction;Persons;1984;641,8186345;743,9515788;-8,511078687;-8,196843507;Annual;01/01/80
ZWE;Zimbabwe;CHN;China;Construction;Persons;1985;898,6259031;963,5299031;-5,408666669;-4,420198584;Annual;01/01/80
ZWE;Zimbabwe;CHN;China;Construction;Persons;1986;748,0572339;744,7018676;0,279613856;-0,088282407;Annual;01/01/80
ZWE;Zimbabwe;CHN;China;Construction;Persons;1987;567,6399418;652,7673403;-7,093949873;-6,762113666;Annual;01/01/80
ZWE;Zimbabwe;CHN;China;Construction;Persons;1988;843,10211;854,1240677;-0,918496476;-1,541159192;Annual;01/01/80
ZWE;Zimbabwe;CHN;China;Construction;Persons;1989;790,5541738;785,147061;0,450592741;0,826808778;Annual;01/01/80
ZWE;Zimbabwe;CHN;China;Construction;Persons;1990;842,2441999;965,7686907;-10,29370756;-9,9705534;Annual;01/01/80
ZWE;Zimbabwe;CHN;China;Construction;Persons;1991;745,744;845,4212866;-8,306440558;-6,56027351;Annual;01/01/80
ZWE;Zimbabwe;CHN;China;Construction;Persons;1992;826,1093306;822,0513145;0,338168016;-0,271677441;Annual;01/01/80
ZWE;Zimbabwe;CHN;China;Construction;Persons;1993;736,190379;857,5793939;-10,11575124;-9,348591287;Annual;01/01/80
ZWE;Zimbabwe;CHN;China;Construction;Persons;1994;626,287791;649,7542906;-1,95554163;-1,084975851;Annual;01/01/80
ZWE;Zimbabwe;CHN;China;Construction;Persons;1995;755,0998323;835,8732369;-6,731117051;-5,959541348;Annual;01/01/80
ZWE;Zimbabwe;CHN;China;Construction;Persons;1996;791,5468088;823,3135393;-2,647227536;-2,679888555;Annual;01/01/80
ZWE;Zimbabwe;CHN;China;Construction;Persons;1997;561,8379264;597,5382024;-2,975022993;-3,170567611;Annual;01/01/80
ZWE;Zimbabwe;CHN;China;Construction;Persons;1998;813,3977581;802,7711894;0,885547392;0,345783307;Annual;01/01/80
ZWE;Zimbabwe;CHN;China;Construction;Persons;1999;795,9016307;844,1246902;-4,01858829;-3,899439412;Annual;01/01/80
ZWE;Zimbabwe;CHN;China;Construction;Persons;2000;754,9388564;845,6191594;-7,556691913;-6,35930596;Annual;01/01/80
ZWE;Zimbabwe;CHN;China;Construction;Persons;2001;798,8932255;930,3249909;-10,95264711;-10,19654339;Annual;01/01/80
ZWE;Zimbabwe;CHN;China;Construction;Persons;2002;635,0489821;726,803281;-7,646191578;-6,862834969;Annual;01/01/80
ZWE;Zimbabwe;CHN;China;Construction;Persons;2003;815,6113647;844,1381472;-2,377231871;-1,943849026;Annual;01/01/80
ZWE;Zimbabwe;CHN;China;Construction;Persons;2004;732,3443914;743,2240479;-0,906638048;-0,986316906;Annual;01/01/80
ZWE;Zimbabwe;CHN;China;Construction;Persons;2005;764,6685395;857,788102;-7,759963539;-6,886112334;Annual;01/01/80
ZWE;Zimbabwe;CHN;China;Construction;Persons;2006;831,5998156;844,2762321;-1,056368037;-1,0190869;Annual;01/01/80
ZWE;Zimbabwe;CHN;China;Construction;Persons;2007;649,6989699;649,8943822;-0,016284358;0,10228326;Annual;01/01/80
ZWE;Zimbabwe;CHN;China;Construction;Persons;2008;772,0180505;862,5264529;-7,542366863;-7,76636773;Annual;01/01/80
ZWE;Zimbabwe;CHN;China;Construction;Persons;2009;747,4876225;750,5197957;-0,252681096;-0,403358424;Annual;01/01/80
ZWE;Zimbabwe;CHN;China;Construction;Persons;2010;790,271902;940,8253439;-12,54612016;-10,97420673;Annual;01/01/80
ZWE;Zimbabwe;CHN;China;Construction;Persons;2011;650,3400245;728,264102;-6,493673123;-6,226141145;Annual;01/01/80
ZWE;Zimbabwe;CHN;China;Construction;Persons;2012;672,5227165;701,1476229;-2,385408867;-2,068005476;Annual;01/01/80
ZWE;Zimbabwe;CHN;China;Construction;Persons;2013;802,070026;759,8301655;3,519988376;3,44094041;Annual;01/01/80
ZWE;Zimbabwe;CHN;China;Construction;Persons;2014;905,7693873;1007,527416;-8,479835725;-7,895931716;Annual;01/01/80
ZWE;Zimbabwe;CHN;China;Construction;Persons;2015;645,0622193;751,9591364;-8,908076422;-8,43209759;Annual;01/01/80
ZWE;Zimbabwe;CHN;China;Construction;Persons;2016;773,3864956;786,1846659;-1,066514192;-1,336079072;Annual;01/01/80
ZWE;Zimbabwe;CHN;China;Construction;Persons;2017;618,4674481;673,7825755;-4,609593949;-4,045082595;Annual;01/01/80
ZWE;Zimbabwe;CHN;China;Construction;Persons;2018;745,208839;904,2892695;-13,25670254;-11,71826868;Annual;01/01/80
ZWE;Zimbabwe;CHN;China;Construction;Persons;2019;721,0844615;680,0309973;3,42112202;3,205236273;Annual;01/01/80
ZWE;Zimbabwe;CHN;China;Construction;Persons;2020;458,7215917;518,9118951;-5,015858618;-4,085483247;Annual;01/01/80
ZWE;Zimbabwe;CHN;China;Construction;Persons;2021;702,1834967;744,6894327;-3,542161334;-2,714699835;Annual;01/01/80
ZWE;Zimbabwe;CHN;China;Construction;Persons;2022;604,640071;529,9895556;6,220876282;5,821028428;Annual;01/01/80
ZWE;Zimbabwe;CHN;China;Construction;Persons;2023;614,4316231;692,9341335;-6,541875871;-5,715806288;Annual;01/01/80
ZWE;Zimbabwe;CHN;China;Construction;Persons;2024;605,4426135;726,9887273;-10,12884282;-8,775800713;Annual;01/01/80
ZWE;Zimbabwe;CHN;China;Construction;Persons;2025;768,5530547;721,5235582;3,919124712;3,163374949;Annual;01/01/80
ZWE;Zimbabwe;CHN;China;Construction;Persons;2026;488,9246318;541,9457219;-5,891232233;-5,51233265;Annual;01/01/80
ZWE;Zimbabwe;CHN;China;Education;Persons;1980;678,6064032;700,2582657;-1,804321874;-1,286149858;Annual;01/01/80
ZWE;Zimbabwe;CHN;China;Education;Persons;1981;647,6098445;766,7423689;-9,927710371;-9,053192558;Annual;01/01/80
ZWE;Zimbabwe;CHN;China;Education;Persons;1982;787,3718696;916,8871108;-10,79293677;-8,974649646;Annual;01/01/80
ZWE;Zimbabwe;CHN;China;Education;Persons;1983;752,701051;767,1972438;-1,208016066;-1,450852506;Annual;01/01/80
ZWE;Zimbabwe;CHN;China;Education;Persons;1984;680,1154322;730,3027927;-4,182280043;-4,04271702;Annual;01/01/80
ZWE;Zimbabwe;CHN;China;Education;Persons;1985;734,4119521;807,0756998;-6,055312308;-5,251294962;Annual;01/01/80
ZWE;Zimbabwe;CHN;China;Education;Persons;1986;692,430374;731,596243;-3,263822411;-3,102723442;Annual;01/01/80
ZWE;Zimbabwe;CHN;China;Education;Persons;1987;677,7529656;767,2852943;-7,461027396;-5,994221054;Annual;01/01/80
ZWE;Zimbabwe;CHN;China;Education;Persons;1988;678,6285032;755,6931149;-6,422050972;-5,400955894;Annual;01/01/80
ZWE;Zimbabwe;CHN;China;Education;Persons;1989;600,2644783;661,5418408;-5,106446874;-4,943087004;Annual;01/01/80
ZWE;Zimbabwe;CHN;China;Education;Persons;1990;604,4734302;590,2592721;1,18451318;0,987755371;Annual;01/01/80
ZWE;Zimbabwe;CHN;China;Education;Persons;1991;726,8964212;795,8152506;-5,743235782;-4,837893363;Annual;01/01/80
ZWE;Zimbabwe;CHN;China;Education;Persons;1992;812,4124983;887,7022576;-6,274146612;-5,598614435;Annual;01/01/80
ZWE;Zimbabwe;CHN;China;Education;Persons;1993;633,7159424;682,7884816;-4,08937826;-3,303386044;Annual;01/01/80
ZWE;Zimbabwe;CHN;China;Education;Persons;1994;615,1874304;730,7960105;-9,634048341;-9,121490207;Annual;01/01/80
ZWE;Zimbabwe;CHN;China;Education;Persons;1995;647,6994624;667,3126399;-1,634431465;-1,802843587;Annual;01/01/80
ZWE;Zimbabwe;CHN;China;Education;Persons;1996;718,9319806;784,3073163;-5,447944636;-5,019814974;Annual;01/01/80
ZWE;Zimbabwe;CHN;China;Education;Persons;1997;599,8989593;759,4439625;-13,29541693;-11,96343246;Annual;01/01/80
ZWE;Zimbabwe;CHN;China;Education;Persons;1998;592,5966509;630,5395636;-3,161909394;-2,764842556;Annual;01/01/80
ZWE;Zimbabwe;CHN;China;Education;Persons;1999;709,1573617;761,5263244;-4,364080227;-3,008456296;Annual;01/01/80
ZWE;Zimbabwe;CHN;China;Education;Persons;2000;602,4577496;633,9518718;-2,624510181;-2,282226603;Annual;01/01/80
ZWE;Zimbabwe;CHN;China;Education;Persons;2001;665,2376034;723,9548574;-4,893104503;-3,919178229;Annual;01/01/80
ZWE;Zimbabwe;CHN;China;Education;Persons;2002;623,237573;627,4448761;-0,350608588;-0,956557294;Annual;01/01/80
ZWE;Zimbabwe;CHN;China;Education;Persons;2003;956,5225575;1109,205377;-12,72356829;-11,42561955;Annual;01/01/80
ZWE;Zimbabwe;CHN;China;Education;Persons;2004;829,4312515;874,4959501;-3,75539155;-3,072037347;Annual;01/01/80
ZWE;Zimbabwe;CHN;China;Education;Persons;2005;687,6926991;787,1773177;-8,290384888;-7,059674921;Annual;01/01/80
ZWE;Zimbabwe;CHN;China;Education;Persons;2006;816,5442911;752,1216598;5,368552601;4,879385521;Annual;01/01/80
ZWE;Zimbabwe;CHN;China;Education;Persons;2007;688,7287064;623,6064176;5,426857394;5,040365921;Annual;01/01/80
ZWE;Zimbabwe;CHN;China;Education;Persons;2008;651,2673049;646,3080583;0,413270555;0,512452104;Annual;01/01/80
ZWE;Zimbabwe;CHN;China;Education;Persons;2009;533,7247512;514,8316427;1,574425707;1,311070724;Annual;01/01/80
ZWE;Zimbabwe;CHN;China;Education;Persons;2010;710,1094122;805,5480803;-7,953222339;-6,818285063;Annual;01/01/80
ZWE;Zimbabwe;CHN;China;Education;Persons;2011;675,2420229;691,2405113;-1,333207373;-1,146833194;Annual;01/01/80
ZWE;Zimbabwe;CHN;China;Education;Persons;2012;735,7141946;747,3769555;-0,971896745;-0,288555405;Annual;01/01/80
ZWE;Zimbabwe;CHN;China;Education;Persons;2013;773,4527914;850,2778229;-6,40208596;-5,112143526;Annual;01/01/80
ZWE;Zimbabwe;CHN;China;Education;Persons;2014;791,5491641;909,1139962;-9,797069334;-8,329962192;Annual;01/01/80
ZWE;Zimbabwe;CHN;China;Education;Persons;2015;666,6280099;786,8852757;-10,02143882;-9,483501941;Annual;01/01/80
ZWE;Zimbabwe;CHN;China;Education;Persons;2016;650,5577817;793,7051562;-11,92894788;-10,32985344;Annual;01/01/80
ZWE;Zimbabwe;CHN;China;Education;Persons;2017;864,7391086;1001,181389;-11,37019004;-9,761162195;Annual;01/01/80
ZWE;Zimbabwe;CHN;China;Education;Persons;2018;643,9084144;740,5782887;-8,055822859;-6,475536496;Annual;01/01/80
ZWE;Zimbabwe;CHN;China;Education;Persons;2019;685,9080766;741,3404198;-4,619361934;-3,877943221;Annual;01/01/80
ZWE;Zimbabwe;CHN;China;Education;Persons;2020;903,8287675;1023,134896;-9,942177403;-10,0093011;Annual;01/01/80
ZWE;Zimbabwe;CHN;China;Education;Persons;2021;640,6532201;682,7190429;-3,505485228;-3,589455727;Annual;01/01/80
ZWE;Zimbabwe;CHN;China;Education;Persons;2022;766,8728027;858,4118682;-7,628255453;-6,781280301;Annual;01/01/80
ZWE;Zimbabwe;CHN;China;Education;Persons;2023;835,0949136;832,8232652;0,189304033;0,273110706;Annual;01/01/80
ZWE;Zimbabwe;CHN;China;Education;Persons;2024;589,2544224;663,6369589;-6,198544709;-4,70234854;Annual;01/01/80
ZWE;Zimbabwe;CHN;China;Education;Persons;2025;843,8777051;886,7646391;-3,573911165;-3,68078534;Annual;01/01/80
ZWE;Zimbabwe;CHN;China;Education;Persons;2026;429,595617;526,6029861;-10,77859657;-9,888212613;Annual;01/01/80
ZWE;Zimbabwe;CHN;China;Finance;Persons;1980;609,9274187;684,7520713;-6,235387722;-6,06028192;Annual;01/01/80
ZWE;Zimbabwe;CHN;China;Finance;Persons;1981;808,4198501;899,5479946;-7,594012042;-6,850898733;Annual;01/01/80
ZWE;Zimbabwe;CHN;China;Finance;Persons;1982;791,9169275;901,3629744;-9,120503905;-8,962705802;Annual;01/01/80
ZWE;Zimbabwe;CHN;China;Finance;Persons;1983;770,7405977;845,3972835;-6,221390483;-5,231617459;Annual;01/01/80
ZWE;Zimbabwe;CHN;China;Finance;Persons;1984;606,8375187;757,4346971;-12,54976487;-11,27831779;Annual;01/01/80
ZWE;Zimbabwe;CHN;China;Finance;Persons;1985;842,9940389;882,8479134;-3,321156206;-2,646924087;Annual;01/01/80
ZWE;Zimbabwe;CHN;China;Finance;Persons;1986;730,3612797;814,9732128;-7,050994428;-6,300011858;Annual;01/01/80
ZWE;Zimbabwe;CHN;China;Finance;Persons;1987;585,279996;610,5796295;-2,108302797;-1,605249436;Annual;01/01/80
ZWE;Zimbabwe;CHN;China;Finance;Persons;1988;661,8122185;690,7813473;-2,414094061;-2,1056871;Annual;01/01/80
ZWE;Zimbabwe;CHN;China;Finance;Persons;1989;768,6208983;826,0525338;-4,785969625;-4,04298566;Annual;01/01/80
ZWE;Zimbabwe;CHN;China;Finance;Persons;1990;769,8321636;794,8763704;-2,087017235;-1,668585944;Annual;01/01/80
ZWE;Zimbabwe;CHN;China;Finance;Persons;1991;776,051523;798,6217833;-1,880855022;-1,661695338;Annual;01/01/80
ZWE;Zimbabwe;CHN;China;Finance;Persons;1992;828,9679495;834,6533664;-0,473784737;-0,727624607;Annual;01/01/80
ZWE;Zimbabwe;CHN;China;Finance;Persons;1993;700,8787546;709,1793718;-0,6917181;-0,575487196;Annual;01/01/80
ZWE;Zimbabwe;CHN;China;Finance;Persons;1994;529,2714771;541,7992205;-1,043978616;-0,510347062;Annual;01/01/80
ZWE;Zimbabwe;CHN;China;Finance;Persons;1995;778,3050913;834,3092531;-4,667013478;-4,862388001;Annual;01/01/80
ZWE;Zimbabwe;CHN;China;Finance;Persons;1996;562,3146354;618,7741551;-4,704959974;-4,228284372;Annual;01/01/80
ZWE;Zimbabwe;CHN;China;Finance;Persons;1997;753,6168626;780,3997695;-2,231908913;-1,677926854;Annual;01/01/80
ZWE;Zimbabwe;CHN;China;Finance;Persons;1998;897,6238106;1005,410904;-8,982257766;-8,007432623;Annual;01/01/80
ZWE;Zimbabwe;CHN;China;Finance;Persons;1999;592,9861942;596,2050693;-0,268239585;-0,816331187;Annual;01/01/80
ZWE;Zimbabwe;CHN;China;Finance;Persons;2000;835,7540511;872,533858;-3,064983907;-2,532054547;Annual;01/01/80
ZWE;Zimbabwe;CHN;China;Finance;Persons;2001;601,0124229;633,4322731;-2,701654189;-2,190391508;Annual;01/01/80
ZWE;Zimbabwe;CHN;China;Finance;Persons;2002;682,3056741;729,3528814;-3,920600605;-3,208528473;Annual;01/01/80
ZWE;Zimbabwe;CHN;China;Finance;Persons;2003;677,0399963;704,6221313;-2,298511256;-2,30870262;Annual;01/01/80
ZWE;Zimbabwe;CHN;China;Finance;Persons;2004;671,8386389;827,3038704;-12,95543596;-11,30488019;Annual;01/01/80
ZWE;Zimbabwe;CHN;China;Finance;Persons;2005;881,4115159;900,2104048;-1,566574069;-0,718714551;Annual;01/01/80
ZWE;Zimbabwe;CHN;China;Finance;Persons;2006;543,6571827;549,2762577;-0,468256247;-0,266015054;Annual;01/01/80
ZWE;Zimbabwe;CHN;China;Finance;Persons;2007;830,2318012;955,924276;-10,4743729;-9,088009666;Annual;01/01/80
ZWE;Zimbabwe;CHN;China;Finance;Persons;2008;862,924095;883,4614741;-1,711448256;-1,81201931;Annual;01/01/80
ZWE;Zimbabwe;CHN;China;Finance;Persons;2009;640,880809;691,5310674;-4,220854867;-4,246510853;Annual;01/01/80
ZWE;Zimbabwe;CHN;China;Finance;Persons;2010;810,3404012;746,0320291;5,359031012;5,323101006;Annual;01/01/80
ZWE;Zimbabwe;CHN;China;Finance;Persons;2011;606,5926481;625,0613907;-1,539061879;-1,605537884;Annual;01/01/80
ZWE;Zimbabwe;CHN;China;Finance;Persons;2012;770,9151346;833,9905998;-5,256288764;-5,32739278;Annual;01/01/80
ZWE;Zimbabwe;CHN;China;Finance;Persons;2013;746,9715417;822,2784066;-6,275572077;-5,600546344;Annual;01/01/80
ZWE;Zimbabwe;CHN;China;Finance;Persons;2014;840,31259;870,6210045;-2,525701206;-2,322389382;Annual;01/01/80
ZWE;Zimbabwe;CHN;China;Finance;Persons;2015;503,3767444;507,0733754;-0,308052583;-0,416253193;Annual;01/01/80
ZWE;Zimbabwe;CHN;China;Finance;Persons;2016;684,0676174;695,3386071;-0,939249139;-0,778990362;Annual;01/01/80
ZWE;Zimbabwe;CHN;China;Finance;Persons;2017;828,451355;877,8706327;-4,118273144;-2,839209088;Annual;01/01/80
ZWE;Zimbabwe;CHN;China;Finance;Persons;2018;660,0383033;732,2781254;-6,019985177;-5,060373904;Annual;01/01/80
ZWE;Zimbabwe;CHN;China;Finance;Persons;2019;796,2054631;851,376261;-4,597566491;-3,618751304;Annual;01/01/80
ZWE;Zimbabwe;CHN;China;Finance;Persons;2020;840,9100442;887,9330193;-3,918581265;-3,795619982;Annual;01/01/80
ZWE;Zimbabwe;CHN;China;Finance;Persons;2021;640,9449999;703,5748731;-5,2191561;-4,55832039;Annual;01/01/80
ZWE;Zimbabwe;CHN;China;Finance;Persons;2022;738,9655062;808,1057737;-5,761688955;-4,962448286;Annual;01/01/80
ZWE;Zimbabwe;CHN;China;Finance;Persons;2023;711,0548456;799,3450074;-7,357513481;-6,205287947;Annual;01/01/80
ZWE;Zimbabwe;CHN;China;Finance;Persons;2024;809,4501282;742,5061534;5,578664565;5,402141285;Annual;01/01/80
ZWE;Zimbabwe;CHN;China;Finance;Persons;2025;592,1021335;703,5880932;-9,290496648;-8,486205866;Annual;01/01/80
ZWE;Zimbabwe;CHN;China;Finance;Persons;2026;599,863388;593,3297748;0,725957019;0,802668194;Annual;01/01/80
ZWE;Zimbabwe;CHN;China;Health;Persons;1980;739,3992327;813,2359247;-6,153057668;-5,369437185;Annual;01/01/80
ZWE;Zimbabwe;CHN;China;Health;Persons;1981;578,0633321;605,3579518;-2,274551642;-1,967248473;Annual;01/01/80
ZWE;Zimbabwe;CHN;China;Health;Persons;1982;744,297751;812,9154254;-5,718139533;-5,352253372;Annual;01/01/80
ZWE;Zimbabwe;CHN;China;Health;Persons;1983;634,3174793;734,1807785;-8,321941607;-7,573275756;Annual;01/01/80
ZWE;Zimbabwe;CHN;China;Health;Persons;1984;707,6754902;780,9813195;-6,108819113;-5,220701633;Annual;01/01/80
ZWE;Zimbabwe;CHN;China;Health;Persons;1985;672,2752317;686,4831533;-1,183993462;-1,046433276;Annual;01/01/80
ZWE;Zimbabwe;CHN;China;Health;Persons;1986;541,0671999;581,881172;-3,401164346;-3,32428144;Annual;01/01/80
ZWE;Zimbabwe;CHN;China;Health;Persons;1987;645,1958742;688,9405833;-3,645392422;-3,132680582;Annual;01/01/80
ZWE;Zimbabwe;CHN;China;Health;Persons;1988;588,4968632;674,64599;-7,179093905;-6,104067608;Annual;01/01/80
ZWE;Zimbabwe;CHN;China;Health;Persons;1989;630,2065439;632,9662946;-0,229979224;0,165807925;Annual;01/01/80
ZWE;Zimbabwe;CHN;China;Health;Persons;1990;688,6990671;754,8288893;-5,51081851;-4,796720385;Annual;01/01/80
ZWE;Zimbabwe;CHN;China;Health;Persons;1991;819,3739232;835,1706481;-1,316393742;-1,326000779;Annual;01/01/80
ZWE;Zimbabwe;CHN;China;Health;Persons;1992;724,8449677;760,7253458;-2,990031502;-2,382107352;Annual;01/01/80
ZWE;Zimbabwe;CHN;China;Health;Persons;1993;715,9956692;699,2521071;1,395296841;1,141277631;Annual;01/01/80
ZWE;Zimbabwe;CHN;China;Health;Persons;1994;529,0723011;525,3758268;0,308039525;0,382122811;Annual;01/01/80
ZWE;Zimbabwe;CHN;China;Health;Persons;1995;792,8294379;860,9917239;-5,6801905;-5,69709313;Annual;01/01/80
ZWE;Zimbabwe;CHN;China;Health;Persons;1996;724,4587479;840,8324771;-9,697810763;-8,259796929;Annual;01/01/80
ZWE;Zimbabwe;CHN;China;Health;Persons;1997;762,9763222;710,9977051;4,33155142;3,753045682;Annual;01/01/80
ZWE;Zimbabwe;CHN;China;Health;Persons;1998;845,0594233;927,591662;-6,877686552;-6,029079544;Annual;01/01/80
ZWE;Zimbabwe;CHN;China;Health;Persons;1999;829,0764638;881,5855632;-4,375758285;-3,924285611;Annual;01/01/80
ZWE;Zimbabwe;CHN;China;Health;Persons;2000;640,9249304;706,0122685;-5,423944842;-5,291780182;Annual;01/01/80
ZWE;Zimbabwe;CHN;China;Health;Persons;2001;749,4187853;919,5984474;-14,18163851;-12,32459017;Annual;01/01/80
ZWE;Zimbabwe;CHN;China;Health;Persons;2002;713,1037914;847,9699788;-11,23884895;-10,73595124;Annual;01/01/80
ZWE;Zimbabwe;CHN;China;Health;Persons;2003;798,3679921;827,0243696;-2,388031463;-2,239073736;Annual;01/01/80
ZWE;Zimbabwe;CHN;China;Health;Persons;2004;601,4696256;622,5072989;-1,753139443;-1,054294774;Annual;01/01/80
ZWE;Zimbabwe;CHN;China;Health;Persons;2005;740,1383373;798,7405191;-4,883515143;-4,062151394;Annual;01/01/80
ZWE;Zimbabwe;CHN;China;Health;Persons;2006;673,755568;736,5479544;-5,232698871;-5,037531225;Annual;01/01/80
ZWE;Zimbabwe;CHN;China;Health;Persons;2007;725,1493526;760,4025512;-2,937766548;-2,820553625;Annual;01/01/80
ZWE;Zimbabwe;CHN;China;Health;Persons;2008;633,0629968;778,8353176;-12,1476934;-11,44486488;Annual;01/01/80
ZWE;Zimbabwe;CHN;China;Health;Persons;2009;571,3597449;608,0923896;-3,061053729;-2,560313433;Annual;01/01/80
ZWE;Zimbabwe;CHN;China;Health;Persons;2010;633,0382358;649,6439742;-1,383811528;-1,05337317;Annual;01/01/80
ZWE;Zimbabwe;CHN;China;Health;Persons;2011;554,0058269;600,2385852;-3,852729863;-4,086510151;Annual;01/01/80
ZWE;Zimbabwe;CHN;China;Health;Persons;2012;819,2442723;890,6341758;-5,949158619;-5,021307228;Annual;01/01/80
ZWE;Zimbabwe;CHN;China;Health;Persons;2013;705,1312591;895,8515989;-15,89336165;-15,05368637;Annual;01/01/80
ZWE;Zimbabwe;CHN;China;Health;Persons;2014;645,9099371;715,1254918;-5,76796289;-4,865923746;Annual;01/01/80
ZWE;Zimbabwe;CHN;China;Health;Persons;2015;810,0898529;851,3266713;-3,436401531;-3,012802264;Annual;01/01/80
ZWE;Zimbabwe;CHN;China;Health;Persons;2016;651,5296429;705,7863749;-4,521394326;-4,387012235;Annual;01/01/80
ZWE;Zimbabwe;CHN;China;Health;Persons;2017;614,2122628;688,2166016;-6,167028234;-5,923628532;Annual;01/01/80
ZWE;Zimbabwe;CHN;China;Health;Persons;2018;606,4160623;705,2436547;-8,235632695;-7,143112221;Annual;01/01/80
ZWE;Zimbabwe;CHN;China;Health;Persons;2019;642,9807901;703,7267887;-5,062166551;-4,668822153;Annual;01/01/80
ZWE;Zimbabwe;CHN;China;Health;Persons;2020;621,0927012;676,9654064;-4,656058769;-4,362196671;Annual;01/01/80
ZWE;Zimbabwe;CHN;China;Health;Persons;2021;868,0653691;973,3951603;-8,777482598;-7,284723928;Annual;01/01/80
ZWE;Zimbabwe;CHN;China;Health;Persons;2022;678,512434;722,7373054;-3,685405951;-2,976447609;Annual;01/01/80
ZWE;Zimbabwe;CHN;China;Health;Persons;2023;727,4109344;739,3905692;-0,998302903;-1,531195834;Annual;01/01/80
ZWE;Zimbabwe;CHN;China;Health;Persons;2024;765,1841082;717,2441063;3,99500016;3,182032043;Annual;01/01/80
ZWE;Zimbabwe;CHN;China;Health;Persons;2025;747,248983;761,7283719;-1,206615741;-1,933411834;Annual;01/01/80
ZWE;Zimbabwe;CHN;China;Health;Persons;2026;420,1940089;400,9579404;2,137340948;2,581585358;Annual;01/01/80
ZWE;Zimbabwe;CHN;China;ICT;Persons;1980;696,2471199;703,9336026;-0,640540233;-0,826842374;Annual;01/01/80
ZWE;Zimbabwe;CHN;China;ICT;Persons;1981;796,2337126;738,569629;4,805340301;5,293739336;Annual;01/01/80
ZWE;Zimbabwe;CHN;China;ICT;Persons;1982;737,3765865;786,637364;-4,105064792;-3,489483767;Annual;01/01/80
ZWE;Zimbabwe;CHN;China;ICT;Persons;1983;640,2297723;707,8584882;-5,635726333;-4,838210741;Annual;01/01/80
ZWE;Zimbabwe;CHN;China;ICT;Persons;1984;622,3965886;717,3283526;-7,910980333;-7,705315759;Annual;01/01/80
ZWE;Zimbabwe;CHN;China;ICT;Persons;1985;601,1121477;609,245221;-0,677756112;-0,935474232;Annual;01/01/80
ZWE;Zimbabwe;CHN;China;ICT;Persons;1986;765,4500494;843,1808323;-6,477565238;-5,743099883;Annual;01/01/80
ZWE;Zimbabwe;CHN;China;ICT;Persons;1987;677,9651744;606,2874794;5,973141255;5,189859111;Annual;01/01/80
ZWE;Zimbabwe;CHN;China;ICT;Persons;1988;612,6686881;750,8496518;-11,51508031;-10,82790739;Annual;01/01/80
ZWE;Zimbabwe;CHN;China;ICT;Persons;1989;629,8115135;668,3017354;-3,207518489;-3,685187181;Annual;01/01/80
ZWE;Zimbabwe;CHN;China;ICT;Persons;1990;491,6464594;476,2980409;1,279034876;1,284346986;Annual;01/01/80
ZWE;Zimbabwe;CHN;China;ICT;Persons;1991;730,8947316;791,2699055;-5,031264499;-4,727598103;Annual;01/01/80
ZWE;Zimbabwe;CHN;China;ICT;Persons;1992;897,7584243;923,7357619;-2,164778127;-1,937755521;Annual;01/01/80
ZWE;Zimbabwe;CHN;China;ICT;Persons;1993;677,3465093;717,3496679;-3,333596556;-3,515482655;Annual;01/01/80
ZWE;Zimbabwe;CHN;China;ICT;Persons;1994;770,7019886;807,9074947;-3,100458844;-3,063714583;Annual;01/01/80
ZWE;Zimbabwe;CHN;China;ICT;Persons;1995;539,4250557;613,1129517;-6,140657999;-5,795960433;Annual;01/01/80
ZWE;Zimbabwe;CHN;China;ICT;Persons;1996;963,5790629;966,9010153;-0,276829364;-0,021302501;Annual;01/01/80
ZWE;Zimbabwe;CHN;China;ICT;Persons;1997;765,9938235;770,3994931;-0,367139137;-0,357686809;Annual;01/01/80
ZWE;Zimbabwe;CHN;China;ICT;Persons;1998;574,2853667;706,3658904;-11,00671031;-9,649780077;Annual;01/01/80
ZWE;Zimbabwe;CHN;China;ICT;Persons;1999;782,3339988;827,7260145;-3,782667979;-3,232716761;Annual;01/01/80
ZWE;Zimbabwe;CHN;China;ICT;Persons;2000;711,1292777;701,3015855;0,81897435;0,898966671;Annual;01/01/80
ZWE;Zimbabwe;CHN;China;ICT;Persons;2001;735,688347;882,919115;-12,26923067;-10,83089891;Annual;01/01/80
ZWE;Zimbabwe;CHN;China;ICT;Persons;2002;538,1615901;539,1941025;-0,086042706;-0,315776083;Annual;01/01/80
ZWE;Zimbabwe;CHN;China;ICT;Persons;2003;688,7993829;752,7519099;-5,329377247;-4,629838989;Annual;01/01/80
ZWE;Zimbabwe;CHN;China;ICT;Persons;2004;742,7257717;801,9408905;-4,934593232;-4,372581511;Annual;01/01/80
ZWE;Zimbabwe;CHN;China;ICT;Persons;2005;689,8757699;714,6275714;-2,06265013;-2,077328683;Annual;01/01/80
ZWE;Zimbabwe;CHN;China;ICT;Persons;2006;700,8671336;665,5883074;2,939902183;3,270760914;Annual;01/01/80
ZWE;Zimbabwe;CHN;China;ICT;Persons;2007;761,6507582;860,0454061;-8,199553992;-7,568801521;Annual;01/01/80
ZWE;Zimbabwe;CHN;China;ICT;Persons;2008;770,1859326;832,0302416;-5,153692422;-4,926622496;Annual;01/01/80
ZWE;Zimbabwe;CHN;China;ICT;Persons;2009;738,9245075;786,9477899;-4,001940199;-3,60350351;Annual;01/01/80
ZWE;Zimbabwe;CHN;China;ICT;Persons;2010;883,5664967;1090,810765;-17,27035573;-16,60841615;Annual;01/01/80
ZWE;Zimbabwe;CHN;China;ICT;Persons;2011;841,9224005;947,7653517;-8,820245937;-7,865708913;Annual;01/01/80
ZWE;Zimbabwe;CHN;China;ICT;Persons;2012;935,2888338;1057,088339;-10,14995876;-8,841983401;Annual;01/01/80
ZWE;Zimbabwe;CHN;China;ICT;Persons;2013;878,6870131;956,1240643;-6,453087595;-6,123569127;Annual;01/01/80
ZWE;Zimbabwe;CHN;China;ICT;Persons;2014;692,5699945;658,0015429;2,8807043;2,63964541;Annual;01/01/80
ZWE;Zimbabwe;CHN;China;ICT;Persons;2015;751,1140203;744,8027974;0,525935241;0,3444389;Annual;01/01/80
ZWE;Zimbabwe;CHN;China;ICT;Persons;2016;788,0393745;893,1171459;-8,756480954;-7,689620926;Annual;01/01/80
ZWE;Zimbabwe;CHN;China;ICT;Persons;2017;688,3890516;673,6198808;1,230764231;0,525528687;Annual;01/01/80
ZWE;Zimbabwe;CHN;China;ICT;Persons;2018;716,9270096;786,3063933;-5,781615302;-4,878106025;Annual;01/01/80
ZWE;Zimbabwe;CHN;China;ICT;Persons;2019;814,8846482;943,2804979;-10,69965414;-9,613762981;Annual;01/01/80
ZWE;Zimbabwe;CHN;China;ICT;Persons;2020;753,550159;809,4103499;-4,655015906;-4,144634707;Annual;01/01/80
ZWE;Zimbabwe;CHN;China;ICT;Persons;2021;788,6868281;831,0009146;-3,526173874;-3,736195075;Annual;01/01/80
ZWE;Zimbabwe;CHN;China;ICT;Persons;2022;560,7139694;709,608029;-12,4078383;-10,75164602;Annual;01/01/80
ZWE;Zimbabwe;CHN;China;ICT;Persons;2023;658,1923321;702,7741814;-3,715154104;-3,447488382;Annual;01/01/80
ZWE;Zimbabwe;CHN;China;ICT;Persons;2024;762,6241834;699,6044493;5,25164451;5,32594113;Annual;01/01/80
ZWE;Zimbabwe;CHN;China;ICT;Persons;2025;810,219664;890,9503303;-6,727555528;-6,133144615;Annual;01/01/80
ZWE;Zimbabwe;CHN;China;ICT;Persons;2026;632,2355488;692,6702319;-6,714964787;-5,975233233;Annual;01/01/80
ZWE;Zimbabwe;CHN;China;Manufacturing;Persons;1980;723,3492781;688,2953368;2,921161775;3,0534651;Annual;01/01/80
ZWE;Zimbabwe;CHN;China;Manufacturing;Persons;1981;552,6471127;690,0785419;-11,4526191;-10,03841479;Annual;01/01/80
ZWE;Zimbabwe;CHN;China;Manufacturing;Persons;1982;596,4109155;633,0616492;-3,054227812;-2,934369362;Annual;01/01/80
ZWE;Zimbabwe;CHN;China;Manufacturing;Persons;1983;844,1069848;807,9471225;3,013321857;2,423320383;Annual;01/01/80
ZWE;Zimbabwe;CHN;China;Manufacturing;Persons;1984;645,5297772;738,5099406;-7,748346951;-6,95760275;Annual;01/01/80
ZWE;Zimbabwe;CHN;China;Manufacturing;Persons;1985;548,2301274;626,234468;-6,500361714;-5,770827345;Annual;01/01/80
ZWE;Zimbabwe;CHN;China;Manufacturing;Persons;1986;708,5932742;772,4269075;-5,319469445;-4,705490027;Annual;01/01/80
ZWE;Zimbabwe;CHN;China;Manufacturing;Persons;1987;696,5669644;746,5710242;-4,167004983;-4,131642293;Annual;01/01/80
ZWE;Zimbabwe;CHN;China;Manufacturing;Persons;1988;673,2113634;702,7527812;-2,46178482;-1,33084944;Annual;01/01/80
ZWE;Zimbabwe;CHN;China;Manufacturing;Persons;1989;454,4247955;498,2830382;-3,654853555;-3,590095736;Annual;01/01/80
ZWE;Zimbabwe;CHN;China;Manufacturing;Persons;1990;722,9778868;819,0792002;-8,008442781;-7,127817817;Annual;01/01/80
ZWE;Zimbabwe;CHN;China;Manufacturing;Persons;1991;770,7765274;769,1005469;0,139665043;0,43277483;Annual;01/01/80
ZWE;Zimbabwe;CHN;China;Manufacturing;Persons;1992;740,4646936;838,7375637;-8,189405842;-8,256625635;Annual;01/01/80
ZWE;Zimbabwe;CHN;China;Manufacturing;Persons;1993;647,3801379;703,6346948;-4,687879737;-4,124003399;Annual;01/01/80
ZWE;Zimbabwe;CHN;China;Manufacturing;Persons;1994;695,4958477;790,9574982;-7,955137539;-7,248844983;Annual;01/01/80
ZWE;Zimbabwe;CHN;China;Manufacturing;Persons;1995;624,4737048;706,7594693;-6,85714704;-6,042282231;Annual;01/01/80
ZWE;Zimbabwe;CHN;China;Manufacturing;Persons;1996;498,6682838;520,9932711;-1,860415611;-2,041958392;Annual;01/01/80
ZWE;Zimbabwe;CHN;China;Manufacturing;Persons;1997;781,7478972;892,0880009;-9,19500864;-8,409555853;Annual;01/01/80
ZWE;Zimbabwe;CHN;China;Manufacturing;Persons;1998;574,2516917;545,4669789;2,398726066;2,572130046;Annual;01/01/80
ZWE;Zimbabwe;CHN;China;Manufacturing;Persons;1999;693,5606628;706,681335;-1,09338935;-1,429327504;Annual;01/01/80
ZWE;Zimbabwe;CHN;China;Manufacturing;Persons;2000;835,4890893;880,3907365;-3,741803926;-3,461555814;Annual;01/01/80
ZWE;Zimbabwe;CHN;China;Manufacturing;Persons;2001;683,9996474;699,9116412;-1,32599948;-1,268860055;Annual;01/01/80
ZWE;Zimbabwe;CHN;China;Manufacturing;Persons;2002;666,6787214;732,031357;-5,446052971;-5,512949987;Annual;01/01/80
ZWE;Zimbabwe;CHN;China;Manufacturing;Persons;2003;778,4161741;830,9137796;-4,374800463;-3,637864017;Annual;01/01/80
ZWE;Zimbabwe;CHN;China;Manufacturing;Persons;2004;548,2443325;595,7479802;-3,958637303;-3,330675946;Annual;01/01/80
ZWE;Zimbabwe;CHN;China;Manufacturing;Persons;2005;629,3017053;721,5115327;-7,68415228;-7,440057584;Annual;01/01/80
ZWE;Zimbabwe;CHN;China;Manufacturing;Persons;2006;748,2351035;769,8068126;-1,79764242;-1,693665516;Annual;01/01/80
ZWE;Zimbabwe;CHN;China;Manufacturing;Persons;2007;734,9760182;743,2224751;-0,687204741;-0,391627446;Annual;01/01/80
ZWE;Zimbabwe;CHN;China;Manufacturing;Persons;2008;709,9818069;678,2026158;2,648265924;2,22795869;Annual;01/01/80
ZWE;Zimbabwe;CHN;China;Manufacturing;Persons;2009;599,5803084;626,3977288;-2,234785036;-1,942229703;Annual;01/01/80
ZWE;Zimbabwe;CHN;China;Manufacturing;Persons;2010;702,6488702;826,4083379;-10,31328898;-9,208433293;Annual;01/01/80
ZWE;Zimbabwe;CHN;China;Manufacturing;Persons;2011;881,0846866;1018,468271;-11,44863201;-10,92273536;Annual;01/01/80
ZWE;Zimbabwe;CHN;China;Manufacturing;Persons;2012;817,1406665;813,1920943;0,329047682;0,013539021;Annual;01/01/80
ZWE;Zimbabwe;CHN;China;Manufacturing;Persons;2013;709,1086851;822,5535804;-9,45374127;-9,24138996;Annual;01/01/80
ZWE;Zimbabwe;CHN;China;Manufacturing;Persons;2014;878,9992805;881,2208306;-0,185129182;-0,080440452;Annual;01/01/80
ZWE;Zimbabwe;CHN;China;Manufacturing;Persons;2015;740,7207893;785,7441276;-3,751944861;-3,821794444;Annual;01/01/80
ZWE;Zimbabwe;CHN;China;Manufacturing;Persons;2016;624,419086;625,4622017;-0,086926301;0,072821778;Annual;01/01/80
ZWE;Zimbabwe;CHN;China;Manufacturing;Persons;2017;627,2197413;716,8443881;-7,468720568;-6,268767234;Annual;01/01/80
ZWE;Zimbabwe;CHN;China;Manufacturing;Persons;2018;586,6640773;604,4979332;-1,486154662;-1,270636689;Annual;01/01/80
ZWE;Zimbabwe;CHN;China;Manufacturing;Persons;2019;637,7745333;641,7153445;-0,328400933;-0,278865437;Annual;01/01/80
ZWE;Zimbabwe;CHN;China;Manufacturing;Persons;2020;704,6863031;839,850494;-11,26368257;-9,874740631;Annual;01/01/80
ZWE;Zimbabwe;CHN;China;Manufacturing;Persons;2021;746,0114783;819,2491527;-6,103139533;-5,182315117;Annual;01/01/80
ZWE;Zimbabwe;CHN;China;Manufacturing;Persons;2022;744,8166124;837,5891841;-7,731047645;-6,852662063;Annual;01/01/80
ZWE;Zimbabwe;CHN;China;Manufacturing;Persons;2023;714,4473128;825,7859446;-9,278219312;-7,569044135;Annual;01/01/80
ZWE;Zimbabwe;CHN;China;Manufacturing;Persons;2024;643,6838845;675,7451764;-2,671774324;-2,339342987;Annual;01/01/80
ZWE;Zimbabwe;CHN;China;Manufacturing;Persons;2025;896,758799;897,1143512;-0,029629349;-0,124758389;Annual;01/01/80
ZWE;Zimbabwe;CHN;China;Manufacturing;Persons;2026;422,4466427;416,555406;0,654581848;0,63779689;Annual;01/01/80
ZWE;Zimbabwe;CHN;China;Mining;Persons;1980;750,9785932;806,9091559;-4,660880218;-4,344133171;Annual;01/01/80
ZWE;Zimbabwe;CHN;China;Mining;Persons;1981;649,2443099;673,3236893;-2,006614954;-1,648408022;Annual;01/01/80
ZWE;Zimbabwe;CHN;China;Mining;Persons;1982;763,0392188;865,1297737;-8,507546241;-8,124508131;Annual;01/01/80
ZWE;Zimbabwe;CHN;China;Mining;Persons;1983;671,2250488;719,3115421;-4,007207775;-3,910217724;Annual;01/01/80
ZWE;Zimbabwe;CHN;China;Mining;Persons;1984;733,9650033;734,1162307;-0,012602287;0,344360693;Annual;01/01/80
ZWE;Zimbabwe;CHN;China;Mining;Persons;1985;950,4573726;1163,475367;-17,75149956;-16,59024762;Annual;01/01/80
ZWE;Zimbabwe;CHN;China;Mining;Persons;1986;705,1261584;620,2985907;7,068963976;6,105058772;Annual;01/01/80
ZWE;Zimbabwe;CHN;China;Mining;Persons;1987;727,2496589;818,8451293;-7,632955868;-7,536218303;Annual;01/01/80
ZWE;Zimbabwe;CHN;China;Mining;Persons;1988;701,8900041;747,3851531;-3,79126242;-3,501308389;Annual;01/01/80
ZWE;Zimbabwe;CHN;China;Mining;Persons;1989;781,872556;771,1968829;0,889639423;1,280091189;Annual;01/01/80
ZWE;Zimbabwe;CHN;China;Mining;Persons;1990;815,9458231;885,2432939;-5,774789227;-5,585994556;Annual;01/01/80
ZWE;Zimbabwe;CHN;China;Mining;Persons;1991;589,6412276;566,0806177;1,963384159;1,73928033;Annual;01/01/80
ZWE;Zimbabwe;CHN;China;Mining;Persons;1992;676,3417664;734,7406286;-4,866571853;-4,511805768;Annual;01/01/80
ZWE;Zimbabwe;CHN;China;Mining;Persons;1993;859,9334944;921,7164378;-5,148578618;-3,839284485;Annual;01/01/80
ZWE;Zimbabwe;CHN;China;Mining;Persons;1994;698,376815;755,9888291;-4,801001171;-4,603375284;Annual;01/01/80
ZWE;Zimbabwe;CHN;China;Mining;Persons;1995;794,846265;860,5077834;-5,4717932;-4,856688585;Annual;01/01/80
ZWE;Zimbabwe;CHN;China;Mining;Persons;1996;833,0433036;851,3258234;-1,523543311;-0,331587937;Annual;01/01/80
ZWE;Zimbabwe;CHN;China;Mining;Persons;1997;874,8813592;1038,611282;-13,64416025;-11,80417398;Annual;01/01/80
ZWE;Zimbabwe;CHN;China;Mining;Persons;1998;530,0747392;547,1106739;-1,419661232;-1,054949704;Annual;01/01/80
ZWE;Zimbabwe;CHN;China;Mining;Persons;1999;790,5798477;827,1276578;-3,045650836;-1,890282718;Annual;01/01/80
ZWE;Zimbabwe;CHN;China;Mining;Persons;2000;818,5250193;914,7195055;-8,016207183;-7,277143526;Annual;01/01/80
ZWE;Zimbabwe;CHN;China;Mining;Persons;2001;853,122636;871,6405404;-1,543158696;-1,970265711;Annual;01/01/80
ZWE;Zimbabwe;CHN;China;Mining;Persons;2002;801,1526477;748,5397019;4,384412156;3,603535957;Annual;01/01/80
ZWE;Zimbabwe;CHN;China;Mining;Persons;2003;688,6579317;667,9609971;1,724744547;1,382998694;Annual;01/01/80
ZWE;Zimbabwe;CHN;China;Mining;Persons;2004;681,4518881;640,2546929;3,433099599;3,172992359;Annual;01/01/80
ZWE;Zimbabwe;CHN;China;Mining;Persons;2005;786,4908006;789,80325;-0,276037445;-0,298842399;Annual;01/01/80
ZWE;Zimbabwe;CHN;China;Mining;Persons;2006;623,5794572;636,4903566;-1,075908284;-1,328378429;Annual;01/01/80
ZWE;Zimbabwe;CHN;China;Mining;Persons;2007;830,9014973;898,8578199;-5,663026886;-5,442190383;Annual;01/01/80
ZWE;Zimbabwe;CHN;China;Mining;Persons;2008;700,303905;780,5808194;-6,689742869;-6,056376857;Annual;01/01/80
ZWE;Zimbabwe;CHN;China;Mining;Persons;2009;847,0010327;833,3146134;1,140534949;0,675554874;Annual;01/01/80
ZWE;Zimbabwe;CHN;China;Mining;Persons;2010;587,8753459;663,1704899;-6,274595334;-5,318323101;Annual;01/01/80
ZWE;Zimbabwe;CHN;China;Mining;Persons;2011;589,0763334;662,3428404;-6,105542251;-6,151142736;Annual;01/01/80
ZWE;Zimbabwe;CHN;China;Mining;Persons;2012;713,3774295;741,1270743;-2,3124704;-2,337790629;Annual;01/01/80
ZWE;Zimbabwe;CHN;China;Mining;Persons;2013;570,0272316;579,7066966;-0,806622081;-0,481085023;Annual;01/01/80
ZWE;Zimbabwe;CHN;China;Mining;Persons;2014;719,0274156;808,4656148;-7,453183273;-7,255523842;Annual;01/01/80
ZWE;Zimbabwe;CHN;China;Mining;Persons;2015;647,3864022;753,7208027;-8,861200039;-7,806863505;Annual;01/01/80
ZWE;Zimbabwe;CHN;China;Mining;Persons;2016;526,1459984;570,1531463;-3,66726232;-3,322594981;Annual;01/01/80
ZWE;Zimbabwe;CHN;China;Mining;Persons;2017;698,3317619;710,3912388;-1,004956408;-1,33718634;Annual;01/01/80
ZWE;Zimbabwe;CHN;China;Mining;Persons;2018;584,1290895;628,8215095;-3,724368334;-3,702633617;Annual;01/01/80
ZWE;Zimbabwe;CHN;China;Mining;Persons;2019;454,1024178;477,6174853;-1,959588959;-1,542123184;Annual;01/01/80
ZWE;Zimbabwe;CHN;China;Mining;Persons;2020;544,305937;575,1559858;-2,570837408;-2,682959902;Annual;01/01/80
ZWE;Zimbabwe;CHN;China;Mining;Persons;2021;620,0975329;625,2268698;-0,427444742;-0,388282999;Annual;01/01/80
ZWE;Zimbabwe;CHN;China;Mining;Persons;2022;728,7663901;851,0327964;-10,18886719;-9,248030391;Annual;01/01/80
ZWE;Zimbabwe;CHN;China;Mining;Persons;2023;634,1033751;656,2832473;-1,848322684;-1,587080885;Annual;01/01/80
ZWE;Zimbabwe;CHN;China;Mining;Persons;2024;720,4094979;727,6399696;-0,602539306;-0,575160384;Annual;01/01/80
ZWE;Zimbabwe;CHN;China;Mining;Persons;2025;611,0618002;688,5154297;-6,454469124;-5,817953242;Annual;01/01/80
ZWE;Zimbabwe;CHN;China;Mining;Persons;2026;481,2557605;434,6185008;5,181917743;4,667156745;Annual;01/01/80
ZWE;Zimbabwe;CHN;China;Other;Persons;1980;747,4939114;761,7146745;-1,185063589;-0,6733663;Annual;01/01/80
ZWE;Zimbabwe;CHN;China;Other;Persons;1981;599,6493407;604,5974854;-0,412345392;-0,349777342;Annual;01/01/80
ZWE;Zimbabwe;CHN;China;Other;Persons;1982;644,8933425;684,787324;-3,324498464;-3,028944249;Annual;01/01/80
ZWE;Zimbabwe;CHN;China;Other;Persons;1983;782,0254764;799,1578119;-1,427694624;-1,353321009;Annual;01/01/80
ZWE;Zimbabwe;CHN;China;Other;Persons;1984;597,5190632;718,073358;-10,04619123;-8,968678844;Annual;01/01/80
ZWE;Zimbabwe;CHN;China;Other;Persons;1985;772,9415226;813,5481681;-3,383887121;-3,055103785;Annual;01/01/80
ZWE;Zimbabwe;CHN;China;Other;Persons;1986;591,6551676;627,4947946;-2,986635582;-2,951161515;Annual;01/01/80
ZWE;Zimbabwe;CHN;China;Other;Persons;1987;451,357699;505,6948992;-4,528100017;-4,033207296;Annual;01/01/80
ZWE;Zimbabwe;CHN;China;Other;Persons;1988;681,1137158;695,7805598;-1,222237006;-0,971227351;Annual;01/01/80
ZWE;Zimbabwe;CHN;China;Other;Persons;1989;717,2548888;830,7733047;-9,459867993;-9,190039713;Annual;01/01/80
ZWE;Zimbabwe;CHN;China;Other;Persons;1990;828,6360637;788,0904887;3,378797922;3,612076954;Annual;01/01/80
ZWE;Zimbabwe;CHN;China;Other;Persons;1991;910,4430962;954,2033329;-3,64668639;-2,564338622;Annual;01/01/80
ZWE;Zimbabwe;CHN;China;Other;Persons;1992;715,4323193;825,4090925;-9,164731098;-8,227974422;Annual;01/01/80
ZWE;Zimbabwe;CHN;China;Other;Persons;1993;752,9139174;752,920141;-0,000518633;-0,514441479;Annual;01/01/80
ZWE;Zimbabwe;CHN;China;Other;Persons;1994;506,6511975;623,5381314;-9,740577829;-8,292531299;Annual;01/01/80
ZWE;Zimbabwe;CHN;China;Other;Persons;1995;687,584739;735,9891117;-4,033697722;-3,81498743;Annual;01/01/80
ZWE;Zimbabwe;CHN;China;Other;Persons;1996;684,1816611;728,4695311;-3,69065584;-2,577653865;Annual;01/01/80
ZWE;Zimbabwe;CHN;China;Other;Persons;1997;640,0305745;706,6563065;-5,55214433;-5,179476405;Annual;01/01/80
ZWE;Zimbabwe;CHN;China;Other;Persons;1998;811,9960693;882,4613649;-5,872107966;-5,390273976;Annual;01/01/80
ZWE;Zimbabwe;CHN;China;Other;Persons;1999;604,1105396;596,2089281;0,658467628;0,721538573;Annual;01/01/80
ZWE;Zimbabwe;CHN;China;Other;Persons;2000;902,87683;988,0653233;-7,099041107;-6,77979998;Annual;01/01/80
ZWE;Zimbabwe;CHN;China;Other;Persons;2001;660,2602608;610,036564;4,185308067;3,728703101;Annual;01/01/80
ZWE;Zimbabwe;CHN;China;Other;Persons;2002;569,6198671;512,2740571;4,7788175;4,334832382;Annual;01/01/80
ZWE;Zimbabwe;CHN;China;Other;Persons;2003;654,3146913;739,6974759;-7,115232048;-7,155643413;Annual;01/01/80
ZWE;Zimbabwe;CHN;China;Other;Persons;2004;703,1883756;803,4685856;-8,356684165;-7,322162797;Annual;01/01/80
ZWE;Zimbabwe;CHN;China;Other;Persons;2005;622,1056021;629,1546817;-0,587423306;-0,769776118;Annual;01/01/80
ZWE;Zimbabwe;CHN;China;Other;Persons;2006;837,0546376;909,6698581;-6,051268368;-4,860824182;Annual;01/01/80
ZWE;Zimbabwe;CHN;China;Other;Persons;2007;610,0903388;689,9982808;-6,658995171;-6,00173615;Annual;01/01/80
ZWE;Zimbabwe;CHN;China;Other;Persons;2008;855,8853487;964,0383827;-9,012752834;-8,782014568;Annual;01/01/80
ZWE;Zimbabwe;CHN;China;Other;Persons;2009;803,0218033;822,5084849;-1,623890134;-1,577415437;Annual;01/01/80
ZWE;Zimbabwe;CHN;China;Other;Persons;2010;828,7371366;876,1169595;-3,948318578;-3,312623488;Annual;01/01/80
ZWE;Zimbabwe;CHN;China;Other;Persons;2011;789,5879129;742,632965;3,912912323;3,903078281;Annual;01/01/80
ZWE;Zimbabwe;CHN;China;Other;Persons;2012;694,1808821;750,2302677;-4,670782135;-3,966628001;Annual;01/01/80
ZWE;Zimbabwe;CHN;China;Other;Persons;2013;820,1794015;894,7427688;-6,213613947;-4,959836622;Annual;01/01/80
ZWE;Zimbabwe;CHN;China;Other;Persons;2014;615,0179021;592,6214515;1,866370884;1,439713498;Annual;01/01/80
ZWE;Zimbabwe;CHN;China;Other;Persons;2015;719,6997743;693,2889116;2,200905221;1,978427756;Annual;01/01/80
ZWE;Zimbabwe;CHN;China;Other;Persons;2016;759,7649621;890,4807232;-10,89298009;-8,733766922;Annual;01/01/80
ZWE;Zimbabwe;CHN;China;Other;Persons;2017;842,2312409;829,5184806;1,059396691;0,822716092;Annual;01/01/80
ZWE;Zimbabwe;CHN;China;Other;Persons;2018;676,7756545;737,0139735;-5,019859923;-4,668557102;Annual;01/01/80
ZWE;Zimbabwe;CHN;China;Other;Persons;2019;837,9434315;873,8775358;-2,994508688;-1,807676179;Annual;01/01/80
ZWE;Zimbabwe;CHN;China;Other;Persons;2020;706,2746274;846,0303455;-11,64630984;-10,38063803;Annual;01/01/80
ZWE;Zimbabwe;CHN;China;Other;Persons;2021;633,138262;666,7617637;-2,801958477;-2,128374305;Annual;01/01/80
ZWE;Zimbabwe;CHN;China;Other;Persons;2022;709,0178753;815,7286484;-8,892564432;-8,000035025;Annual;01/01/80
ZWE;Zimbabwe;CHN;China;Other;Persons;2023;721,0890134;690,6790131;2,534166691;2,42151405;Annual;01/01/80
ZWE;Zimbabwe;CHN;China;Other;Persons;2024;797,3795937;787,9467534;0,78607003;-0,05055083;Annual;01/01/80
ZWE;Zimbabwe;CHN;China;Other;Persons;2025;945,2056552;1041,974992;-8,064111387;-7,537130166;Annual;01/01/80
ZWE;Zimbabwe;CHN;China;Other;Persons;2026;713,5074948;836,0359084;-13,61426818;-12,86314076;Annual;01/01/80
ZWE;Zimbabwe;CHN;China;Public Services;Persons;1980;748,973011;804,6695484;-4,641378119;-3,884014734;Annual;01/01/80
ZWE;Zimbabwe;CHN;China;Public Services;Persons;1981;639,1493151;754,2016051;-9,587690829;-8,569237146;Annual;01/01/80
ZWE;Zimbabwe;CHN;China;Public Services;Persons;1982;750,8620637;801,2280946;-4,197169238;-3,832110952;Annual;01/01/80
ZWE;Zimbabwe;CHN;China;Public Services;Persons;1983;725,6742183;727,9484787;-0,189521696;-0,106785769;Annual;01/01/80
ZWE;Zimbabwe;CHN;China;Public Services;Persons;1984;721,6238678;673,6481921;3,997972977;3,666262154;Annual;01/01/80
ZWE;Zimbabwe;CHN;China;Public Services;Persons;1985;784,7275082;844,9140932;-5,015548755;-4,747303806;Annual;01/01/80
ZWE;Zimbabwe;CHN;China;Public Services;Persons;1986;779,1969685;765,7114358;1,12379439;1,308901294;Annual;01/01/80
ZWE;Zimbabwe;CHN;China;Public Services;Persons;1987;714,1170837;785,3210701;-5,933665528;-5,74128947;Annual;01/01/80
ZWE;Zimbabwe;CHN;China;Public Services;Persons;1988;636,159708;591,4784704;3,723436465;3,406401573;Annual;01/01/80
ZWE;Zimbabwe;CHN;China;Public Services;Persons;1989;787,2185021;813,3673796;-2,179073129;-2,057795512;Annual;01/01/80
ZWE;Zimbabwe;CHN;China;Public Services;Persons;1990;731,8770503;740,2904277;-0,701114783;-0,516668873;Annual;01/01/80
ZWE;Zimbabwe;CHN;China;Public Services;Persons;1991;802,3347214;873,3811297;-5,920534029;-5,688219066;Annual;01/01/80
ZWE;Zimbabwe;CHN;China;Public Services;Persons;1992;631,6786895;656,0209015;-2,028517667;-1,73624722;Annual;01/01/80
ZWE;Zimbabwe;CHN;China;Public Services;Persons;1993;699,2893104;682,6960888;1,38276847;1,014277237;Annual;01/01/80
ZWE;Zimbabwe;CHN;China;Public Services;Persons;1994;732,272759;763,1674294;-2,574555865;-2,365202868;Annual;01/01/80
ZWE;Zimbabwe;CHN;China;Public Services;Persons;1995;714,8895736;798,0992659;-6,934141025;-6,641640986;Annual;01/01/80
ZWE;Zimbabwe;CHN;China;Public Services;Persons;1996;544,3129809;541,7226448;0,215861341;0,508572748;Annual;01/01/80
ZWE;Zimbabwe;CHN;China;Public Services;Persons;1997;741,5370178;764,2788717;-1,895154497;-1,988707437;Annual;01/01/80
ZWE;Zimbabwe;CHN;China;Public Services;Persons;1998;705,3243118;783,8410795;-6,543063973;-5,473816738;Annual;01/01/80
ZWE;Zimbabwe;CHN;China;Public Services;Persons;1999;661,9984803;770,1020256;-9,008628772;-8,426990872;Annual;01/01/80
ZWE;Zimbabwe;CHN;China;Public Services;Persons;2000;769,8157242;938,6881825;-14,07270486;-12,20964997;Annual;01/01/80
ZWE;Zimbabwe;CHN;China;Public Services;Persons;2001;607,2921235;605,527534;0,147049122;-0,127011305;Annual;01/01/80
ZWE;Zimbabwe;CHN;China;Public Services;Persons;2002;923,4386813;882,2713619;3,430609955;2,178283857;Annual;01/01/80
ZWE;Zimbabwe;CHN;China;Public Services;Persons;2003;652,8899197;724,2031514;-5,942769308;-4,771897653;Annual;01/01/80
ZWE;Zimbabwe;CHN;China;Public Services;Persons;2004;695,5851077;739,0743977;-3,624107501;-3,436260225;Annual;01/01/80
ZWE;Zimbabwe;CHN;China;Public Services;Persons;2005;688,5764946;579,587113;9,082448468;8,670500932;Annual;01/01/80
ZWE;Zimbabwe;CHN;China;Public Services;Persons;2006;642,8885146;702,4656704;-4,964762984;-4,857170542;Annual;01/01/80
ZWE;Zimbabwe;CHN;China;Public Services;Persons;2007;490,1994799;468,5471629;1,804359748;1,504298813;Annual;01/01/80
ZWE;Zimbabwe;CHN;China;Public Services;Persons;2008;663,6901293;614,5779202;4,092684093;4,214632861;Annual;01/01/80
ZWE;Zimbabwe;CHN;China;Public Services;Persons;2009;560,8602868;535,9514766;2,075734179;1,606636799;Annual;01/01/80
ZWE;Zimbabwe;CHN;China;Public Services;Persons;2010;781,667622;889,4991653;-8,985961943;-8,063784143;Annual;01/01/80
ZWE;Zimbabwe;CHN;China;Public Services;Persons;2011;717,4451639;669,7149325;3,977519288;3,442172264;Annual;01/01/80
ZWE;Zimbabwe;CHN;China;Public Services;Persons;2012;602,9416263;711,9800736;-9,086537278;-9,023890658;Annual;01/01/80
ZWE;Zimbabwe;CHN;China;Public Services;Persons;2013;734,142866;840,7492271;-8,883863423;-8,054493936;Annual;01/01/80
ZWE;Zimbabwe;CHN;China;Public Services;Persons;2014;673,5305607;749,7338352;-6,350272875;-5,484222613;Annual;01/01/80
ZWE;Zimbabwe;CHN;China;Public Services;Persons;2015;655,5469552;673,0227093;-1,456312842;-0,946301895;Annual;01/01/80
ZWE;Zimbabwe;CHN;China;Public Services;Persons;2016;647,4646942;669,0287367;-1,797003544;-1,214490339;Annual;01/01/80
ZWE;Zimbabwe;CHN;China;Public Services;Persons;2017;588,2552448;559,792683;2,371880153;2,032943984;Annual;01/01/80
ZWE;Zimbabwe;CHN;China;Public Services;Persons;2018;654,590984;628,0922213;2,208230225;2,194114915;Annual;01/01/80
ZWE;Zimbabwe;CHN;China;Public Services;Persons;2019;736,3567502;736,8095803;-0,037735843;0,30417269;Annual;01/01/80
ZWE;Zimbabwe;CHN;China;Public Services;Persons;2020;724,6159152;773,6497908;-4,086156299;-3,237544109;Annual;01/01/80
ZWE;Zimbabwe;CHN;China;Public Services;Persons;2021;685,7594665;640,8665142;3,741079352;3,449255629;Annual;01/01/80
ZWE;Zimbabwe;CHN;China;Public Services;Persons;2022;768,7778983;815,5184277;-3,89504412;-4,291493234;Annual;01/01/80
ZWE;Zimbabwe;CHN;China;Public Services;Persons;2023;686,0163381;791,3574653;-8,778427265;-7,715840744;Annual;01/01/80
ZWE;Zimbabwe;CHN;China;Public Services;Persons;2024;640,720369;710,6747415;-5,82953104;-5,41496467;Annual;01/01/80
ZWE;Zimbabwe;CHN;China;Public Services;Persons;2025;945,8653274;1060,941158;-9,589652511;-9,344395622;Annual;01/01/80
ZWE;Zimbabwe;CHN;China;Public Services;Persons;2026;403,5886503;411,0653788;-0,830747611;-0,726580908;Annual;01/01/80
ZWE;Zimbabwe;CHN;China;Tourism;Persons;1980;598,0091575;700,9448647;-8,577975598;-8,102705314;Annual;01/01/80
ZWE;Zimbabwe;CHN;China;Tourism;Persons;1981;752,354383;791,8519341;-3,291462587;-2,472223648;Annual;01/01/80
ZWE;Zimbabwe;CHN;China;Tourism;Persons;1982;683,0196344;756,3624141;-6,111898309;-5,361785116;Annual;01/01/80
ZWE;Zimbabwe;CHN;China;Tourism;Persons;1983;646,2789675;657,319764;-0,920066379;-0,53331949;Annual;01/01/80
ZWE;Zimbabwe;CHN;China;Tourism;Persons;1984;515,9197533;510,4482062;0,455962257;0,683117801;Annual;01/01/80
ZWE;Zimbabwe;CHN;China;Tourism;Persons;1985;596,2050476;584,0236452;1,015116862;0,567722268;Annual;01/01/80
ZWE;Zimbabwe;CHN;China;Tourism;Persons;1986;760,0075773;790,6593702;-2,554316079;-3,052740298;Annual;01/01/80
ZWE;Zimbabwe;CHN;China;Tourism;Persons;1987;730,5866138;719,0151091;0,964292053;0,686105209;Annual;01/01/80
ZWE;Zimbabwe;CHN;China;Tourism;Persons;1988;773,8416147;965,0777901;-15,93634795;-14,48080817;Annual;01/01/80
ZWE;Zimbabwe;CHN;China;Tourism;Persons;1989;651,8848305;604,6698347;3,934582985;3,810109344;Annual;01/01/80
ZWE;Zimbabwe;CHN;China;Tourism;Persons;1990;577,6481412;641,0265837;-5,281536876;-4,000502656;Annual;01/01/80
ZWE;Zimbabwe;CHN;China;Tourism;Persons;1991;870,0834718;958,0454174;-7,330162131;-7,57569899;Annual;01/01/80
ZWE;Zimbabwe;CHN;China;Tourism;Persons;1992;911,3336764;920,2280364;-0,741196668;-0,66604835;Annual;01/01/80
ZWE;Zimbabwe;CHN;China;Tourism;Persons;1993;954,6365654;998,5108041;-3,65618656;-3,344084309;Annual;01/01/80
ZWE;Zimbabwe;CHN;China;Tourism;Persons;1994;720,1329432;791,5332446;-5,950025116;-5,429276303;Annual;01/01/80
ZWE;Zimbabwe;CHN;China;Tourism;Persons;1995;554,8341476;599,7214552;-3,740608966;-3,576733261;Annual;01/01/80
ZWE;Zimbabwe;CHN;China;Tourism;Persons;1996;674,0876919;704,9707343;-2,57358687;-2,42463859;Annual;01/01/80
ZWE;Zimbabwe;CHN;China;Tourism;Persons;1997;750,9555937;781,480734;-2,543761689;-2,908702132;Annual;01/01/80
ZWE;Zimbabwe;CHN;China;Tourism;Persons;1998;627,4554512;665,6278187;-3,181030626;-2,670092338;Annual;01/01/80
ZWE;Zimbabwe;CHN;China;Tourism;Persons;1999;714,6592544;727,4671508;-1,067324699;-0,728065853;Annual;01/01/80
ZWE;Zimbabwe;CHN;China;Tourism;Persons;2000;762,7550601;867,6387157;-8,74030463;-7,962079994;Annual;01/01/80
ZWE;Zimbabwe;CHN;China;Tourism;Persons;2001;731,4801727;752,9119893;-1,785984713;-1,522410143;Annual;01/01/80
ZWE;Zimbabwe;CHN;China;Tourism;Persons;2002;545,6808858;597,3186584;-4,303147716;-3,598398872;Annual;01/01/80
ZWE;Zimbabwe;CHN;China;Tourism;Persons;2003;646,4726194;618,9895418;2,290256471;2,218073371;Annual;01/01/80
ZWE;Zimbabwe;CHN;China;Tourism;Persons;2004;671,9118016;649,7428485;1,847412765;1,402649712;Annual;01/01/80
ZWE;Zimbabwe;CHN;China;Tourism;Persons;2005;820,4748194;939,4171741;-9,911862889;-8,580820734;Annual;01/01/80
ZWE;Zimbabwe;CHN;China;Tourism;Persons;2006;800,0048629;786,0335608;1,164275173;0,50889371;Annual;01/01/80
ZWE;Zimbabwe;CHN;China;Tourism;Persons;2007;681,0891815;684,0809928;-0,249317611;-0,218216565;Annual;01/01/80
ZWE;Zimbabwe;CHN;China;Tourism;Persons;2008;690,6927081;744,1022165;-4,450792367;-3,851841337;Annual;01/01/80
ZWE;Zimbabwe;CHN;China;Tourism;Persons;2009;819,3165656;1006,07644;-15,56332288;-13,85933374;Annual;01/01/80
ZWE;Zimbabwe;CHN;China;Tourism;Persons;2010;650,2859839;687,5575413;-3,105963122;-2,83217669;Annual;01/01/80
ZWE;Zimbabwe;CHN;China;Tourism;Persons;2011;606,2098131;612,3723356;-0,513543537;-0,273322075;Annual;01/01/80
ZWE;Zimbabwe;CHN;China;Tourism;Persons;2012;686,8361537;758,6321174;-5,982996978;-6,030454423;Annual;01/01/80
ZWE;Zimbabwe;CHN;China;Tourism;Persons;2013;671,5900801;706,1299253;-2,878320431;-2,617251556;Annual;01/01/80
ZWE;Zimbabwe;CHN;China;Tourism;Persons;2014;642,7026213;641,4126178;0,107500294;0,499697451;Annual;01/01/80
ZWE;Zimbabwe;CHN;China;Tourism;Persons;2015;784,7341272;927,968476;-11,93619573;-11,53494019;Annual;01/01/80
ZWE;Zimbabwe;CHN;China;Tourism;Persons;2016;839,7132092;895,7585674;-4,670446518;-4,319368118;Annual;01/01/80
ZWE;Zimbabwe;CHN;China;Tourism;Persons;2017;793,408068;915,6770738;-10,18908382;-8,752834057;Annual;01/01/80
ZWE;Zimbabwe;CHN;China;Tourism;Persons;2018;601,8336581;677,196615;-6,280246403;-5,646357236;Annual;01/01/80
ZWE;Zimbabwe;CHN;China;Tourism;Persons;2019;840,1906868;863,6839314;-1,957770387;-1,636946136;Annual;01/01/80
ZWE;Zimbabwe;CHN;China;Tourism;Persons;2020;695,5611978;729,4244405;-2,821936893;-2,666485651;Annual;01/01/80
ZWE;Zimbabwe;CHN;China;Tourism;Persons;2021;745,8038886;883,340045;-11,46134637;-10,05010398;Annual;01/01/80
ZWE;Zimbabwe;CHN;China;Tourism;Persons;2022;823,1134518;928,720249;-8,800566432;-7,771556578;Annual;01/01/80
ZWE;Zimbabwe;CHN;China;Tourism;Persons;2023;905,075968;916,0274575;-0,912624126;0,233093701;Annual;01/01/80
ZWE;Zimbabwe;CHN;China;Tourism;Persons;2024;567,5964098;620,2183194;-4,385159137;-4,505323158;Annual;01/01/80
ZWE;Zimbabwe;CHN;China;Tourism;Persons;2025;592,1573005;645,6574203;-4,458343315;-4,15376423;Annual;01/01/80
ZWE;Zimbabwe;CHN;China;Tourism;Persons;2026;530,0085032;571,6250799;-4,624064079;-4,710273788;Annual;01/01/80
ZWE;Zimbabwe;CHN;China;Trade;Persons;1980;726,9202278;784,1431202;-4,768574366;-3,781422934;Annual;01/01/80
ZWE;Zimbabwe;CHN;China;Trade;Persons;1981;786,2558909;827,6589231;-3,450252685;-2,544773542;Annual;01/01/80
ZWE;Zimbabwe;CHN;China;Trade;Persons;1982;832,3619377;967,7770579;-11,28459335;-10,21021121;Annual;01/01/80
ZWE;Zimbabwe;CHN;China;Trade;Persons;1983;800,3555091;855,079941;-4,560369333;-3,86558423;Annual;01/01/80
ZWE;Zimbabwe;CHN;China;Trade;Persons;1984;873,4230142;924,1088089;-4,223816222;-3,70329974;Annual;01/01/80
ZWE;Zimbabwe;CHN;China;Trade;Persons;1985;671,5162564;603,0346291;5,706802275;4,961582374;Annual;01/01/80
ZWE;Zimbabwe;CHN;China;Trade;Persons;1986;608,3559092;686,0577705;-6,475155106;-5,053785439;Annual;01/01/80
ZWE;Zimbabwe;CHN;China;Trade;Persons;1987;729,5394905;714,345885;1,266133793;0,9551672;Annual;01/01/80
ZWE;Zimbabwe;CHN;China;Trade;Persons;1988;689,7503314;763,4168522;-6,138876734;-6,40594281;Annual;01/01/80
ZWE;Zimbabwe;CHN;China;Trade;Persons;1989;806,1745785;925,2244683;-9,920824156;-8,289164226;Annual;01/01/80
ZWE;Zimbabwe;CHN;China;Trade;Persons;1990;563,3856087;591,0811251;-2,307959701;-2,220489713;Annual;01/01/80
ZWE;Zimbabwe;CHN;China;Trade;Persons;1991;741,6618968;884,8510412;-11,9324287;-10,72310659;Annual;01/01/80
ZWE;Zimbabwe;CHN;China;Trade;Persons;1992;583,7650558;620,4564564;-3,057616717;-2,385421961;Annual;01/01/80
ZWE;Zimbabwe;CHN;China;Trade;Persons;1993;725,2292155;860,1653562;-11,24467839;-10,02560817;Annual;01/01/80
ZWE;Zimbabwe;CHN;China;Trade;Persons;1994;881,0445438;934,2724137;-4,435655825;-3,76902306;Annual;01/01/80
ZWE;Zimbabwe;CHN;China;Trade;Persons;1995;732,6659891;792,4086131;-4,978552001;-4,843617451;Annual;01/01/80
ZWE;Zimbabwe;CHN;China;Trade;Persons;1996;781,7203786;845,4988653;-5,314873891;-4,479245401;Annual;01/01/80
ZWE;Zimbabwe;CHN;China;Trade;Persons;1997;690,5296178;760,1343854;-5,800397296;-5,003836289;Annual;01/01/80
ZWE;Zimbabwe;CHN;China;Trade;Persons;1998;556,1161428;593,2530803;-3,094744793;-2,945782691;Annual;01/01/80
ZWE;Zimbabwe;CHN;China;Trade;Persons;1999;648,9772805;626,2597332;1,893128943;1,591406545;Annual;01/01/80
ZWE;Zimbabwe;CHN;China;Trade;Persons;2000;681,6017696;753,7328712;-6,010925135;-5,705042974;Annual;01/01/80
ZWE;Zimbabwe;CHN;China;Trade;Persons;2001;605,7591337;578,6407955;2,259861524;1,876512481;Annual;01/01/80
ZWE;Zimbabwe;CHN;China;Trade;Persons;2002;840,2695941;787,9543312;4,359605245;4,0010067;Annual;01/01/80
ZWE;Zimbabwe;CHN;China;Trade;Persons;2003;769,7784467;830,3393295;-5,046740238;-4,306678667;Annual;01/01/80
ZWE;Zimbabwe;CHN;China;Trade;Persons;2004;687,3865683;799,9634748;-9,381408874;-8,756561138;Annual;01/01/80
ZWE;Zimbabwe;CHN;China;Trade;Persons;2005;880,6983175;950,1209552;-5,785219805;-4,797395125;Annual;01/01/80
ZWE;Zimbabwe;CHN;China;Trade;Persons;2006;790,7917086;838,7153772;-3,993639054;-3,432334629;Annual;01/01/80
ZWE;Zimbabwe;CHN;China;Trade;Persons;2007;613,8210613;660,0648713;-3,853650839;-2,877464316;Annual;01/01/80
ZWE;Zimbabwe;CHN;China;Trade;Persons;2008;845,5306567;835,7831786;0,812289843;1,753326004;Annual;01/01/80
ZWE;Zimbabwe;CHN;China;Trade;Persons;2009;729,9549648;804,5748701;-6,218325444;-5,194880909;Annual;01/01/80
ZWE;Zimbabwe;CHN;China;Trade;Persons;2010;777,2025809;768,8285393;0,697836804;0,283098308;Annual;01/01/80
ZWE;Zimbabwe;CHN;China;Trade;Persons;2011;677,4426107;675,3726666;0,172495343;0,444866524;Annual;01/01/80
ZWE;Zimbabwe;CHN;China;Trade;Persons;2012;719,9441432;795,9542033;-6,334171678;-5,770594203;Annual;01/01/80
ZWE;Zimbabwe;CHN;China;Trade;Persons;2013;715,9802537;692,8733292;1,925577038;1,214984464;Annual;01/01/80
ZWE;Zimbabwe;CHN;China;Trade;Persons;2014;839,5346263;897,8960516;-4,863452113;-4,183283028;Annual;01/01/80
ZWE;Zimbabwe;CHN;China;Trade;Persons;2015;903,1104712;1154,110705;-20,91668617;-19,06931292;Annual;01/01/80
ZWE;Zimbabwe;CHN;China;Trade;Persons;2016;602,7480179;586,0841169;1,388658417;0,880067969;Annual;01/01/80
ZWE;Zimbabwe;CHN;China;Trade;Persons;2017;703,2588113;792,3131866;-7,421197946;-6,438034168;Annual;01/01/80
ZWE;Zimbabwe;CHN;China;Trade;Persons;2018;644,1394183;692,3976129;-4,021516215;-3,873817595;Annual;01/01/80
ZWE;Zimbabwe;CHN;China;Trade;Persons;2019;756,3292708;761,1611007;-0,40265249;-0,164002163;Annual;01/01/80
ZWE;Zimbabwe;CHN;China;Trade;Persons;2020;670,8851407;717,6364007;-3,895938331;-3,424629497;Annual;01/01/80
ZWE;Zimbabwe;CHN;China;Trade;Persons;2021;593,613091;670,9314246;-6,443194465;-5,680924677;Annual;01/01/80
ZWE;Zimbabwe;CHN;China;Trade;Persons;2022;919,9201566;954,5434033;-2,885270557;-2,101076817;Annual;01/01/80
ZWE;Zimbabwe;CHN;China;Trade;Persons;2023;711,246017;859,7334869;-12,37395583;-11,00311904;Annual;01/01/80
ZWE;Zimbabwe;CHN;China;Trade;Persons;2024;681,8705304;703,7197137;-1,820765276;-1,820274008;Annual;01/01/80
ZWE;Zimbabwe;CHN;China;Trade;Persons;2025;808,4069026;996,1481957;-15,64510776;-13,70484862;Annual;01/01/80
ZWE;Zimbabwe;CHN;China;Trade;Persons;2026;455,6070096;483,5214062;-3,101599621;-2,930674997;Annual;01/01/80
ZWE;Zimbabwe;CHN;China;Transport;Persons;1980;727,5498746;727,4722547;0,006468328;-0,210660504;Annual;01/01/80
ZWE;Zimbabwe;CHN;China;Transport;Persons;1981;643,8562456;649,1287223;-0,439373058;-0,129926954;Annual;01/01/80
ZWE;Zimbabwe;CHN;China;Transport;Persons;1982;533,0263439;493,4240545;3,300190784;3,282877113;Annual;01/01/80
ZWE;Zimbabwe;CHN;China;Transport;Persons;1983;753,5145398;802,5067017;-4,082680155;-3,858315722;Annual;01/01/80
ZWE;Zimbabwe;CHN;China;Transport;Persons;1984;772,4378427;933,4274194;-13,41579807;-12,30745542;Annual;01/01/80
ZWE;Zimbabwe;CHN;China;Transport;Persons;1985;832,7426224;1005,951314;-14,43405759;-13,9148032;Annual;01/01/80
ZWE;Zimbabwe;CHN;China;Transport;Persons;1986;522,862447;520,2305037;0,219328612;0,412529465;Annual;01/01/80
ZWE;Zimbabwe;CHN;China;Transport;Persons;1987;812,7755845;832,923246;-1,678971796;-2,102540481;Annual;01/01/80
ZWE;Zimbabwe;CHN;China;Transport;Persons;1988;751,2304647;802,9590264;-4,310713471;-4,264111221;Annual;01/01/80
ZWE;Zimbabwe;CHN;China;Transport;Persons;1989;778,1942105;849,9831577;-5,982412264;-4,982676102;Annual;01/01/80
ZWE;Zimbabwe;CHN;China;Transport;Persons;1990;658,320637;673,6801317;-1,279957892;-1,181428457;Annual;01/01/80
ZWE;Zimbabwe;CHN;China;Transport;Persons;1991;714,6424622;782,9571457;-5,692890287;-5,162446829;Annual;01/01/80
ZWE;Zimbabwe;CHN;China;Transport;Persons;1992;846,6128633;884,5396376;-3,160564528;-2,298935527;Annual;01/01/80
ZWE;Zimbabwe;CHN;China;Transport;Persons;1993;703,4848625;793,9506506;-7,538815678;-7,240442563;Annual;01/01/80
ZWE;Zimbabwe;CHN;China;Transport;Persons;1994;648,6411981;680,5562816;-2,659590297;-2,452423255;Annual;01/01/80
ZWE;Zimbabwe;CHN;China;Transport;Persons;1995;761,277496;799,5380184;-3,188376866;-3,323109314;Annual;01/01/80
ZWE;Zimbabwe;CHN;China;Transport;Persons;1996;724,5851899;766,8997803;-3,526215868;-3,268470833;Annual;01/01/80
ZWE;Zimbabwe;CHN;China;Transport;Persons;1997;713,8292869;752,6897073;-3,238368373;-2,670260121;Annual;01/01/80
ZWE;Zimbabwe;CHN;China;Transport;Persons;1998;866,8203089;906,1239521;-3,275303607;-3,131386161;Annual;01/01/80
ZWE;Zimbabwe;CHN;China;Transport;Persons;1999;550,9706175;596,6496454;-3,806585666;-3,493679246;Annual;01/01/80
ZWE;Zimbabwe;CHN;China;Transport;Persons;2000;795,7082842;796,1295781;-0,035107822;-0,417197474;Annual;01/01/80
ZWE;Zimbabwe;CHN;China;Transport;Persons;2001;759,3906936;752,7522779;0,553201305;-0,004493818;Annual;01/01/80
ZWE;Zimbabwe;CHN;China;Transport;Persons;2002;667,4516919;702,7535882;-2,941824689;-2,877778888;Annual;01/01/80
ZWE;Zimbabwe;CHN;China;Transport;Persons;2003;762,7557365;788,9965655;-2,186735752;-1,698225631;Annual;01/01/80
ZWE;Zimbabwe;CHN;China;Transport;Persons;2004;663,7107877;714,7841343;-4,256112221;-3,653662274;Annual;01/01/80
ZWE;Zimbabwe;CHN;China;Transport;Persons;2005;651,5426796;668,55965;-1,418080865;-1,375366041;Annual;01/01/80
ZWE;Zimbabwe;CHN;China;Transport;Persons;2006;581,9346462;623,4404378;-3,458815969;-3,107892865;Annual;01/01/80
ZWE;Zimbabwe;CHN;China;Transport;Persons;2007;595,9955024;654,0379738;-4,836872613;-4,02110049;Annual;01/01/80
ZWE;Zimbabwe;CHN;China;Transport;Persons;2008;684,0746362;748,6046975;-5,377505106;-4,842391668;Annual;01/01/80
ZWE;Zimbabwe;CHN;China;Transport;Persons;2009;744,9475318;768,9610013;-2,001122459;-2,385259064;Annual;01/01/80
ZWE;Zimbabwe;CHN;China;Transport;Persons;2010;724,1884321;796,4792832;-6,02423759;-5,013787344;Annual;01/01/80
ZWE;Zimbabwe;CHN;China;Transport;Persons;2011;763,7998248;840,9913313;-6,432625545;-6,131712275;Annual;01/01/80
ZWE;Zimbabwe;CHN;China;Transport;Persons;2012;648,2469258;657,482578;-0,76963768;-0,669432262;Annual;01/01/80
ZWE;Zimbabwe;CHN;China;Transport;Persons;2013;690,0208776;676,7300029;1,107572891;0,871103892;Annual;01/01/80
ZWE;Zimbabwe;CHN;China;Transport;Persons;2014;727,0719318;790,0528772;-5,248412115;-4,905190842;Annual;01/01/80
ZWE;Zimbabwe;CHN;China;Transport;Persons;2015;624,7871857;756,1806392;-10,94945446;-9,508652653;Annual;01/01/80
ZWE;Zimbabwe;CHN;China;Transport;Persons;2016;599,2151936;716,7497153;-9,794543475;-8,713859259;Annual;01/01/80
ZWE;Zimbabwe;CHN;China;Transport;Persons;2017;673,3836279;697,5379776;-2,012862475;-1,652556921;Annual;01/01/80
ZWE;Zimbabwe;CHN;China;Transport;Persons;2018;680,3703045;702,2622245;-1,82432667;-1,677211403;Annual;01/01/80
ZWE;Zimbabwe;CHN;China;Transport;Persons;2019;654,4572741;681,879651;-2,285198079;-2,468600827;Annual;01/01/80
ZWE;Zimbabwe;CHN;China;Transport;Persons;2020;751,430712;849,6879941;-8,188106842;-8,421484566;Annual;01/01/80
ZWE;Zimbabwe;CHN;China;Transport;Persons;2021;763,908914;755,6522041;0,688059159;0,131770936;Annual;01/01/80
ZWE;Zimbabwe;CHN;China;Transport;Persons;2022;781,8938757;841,7264813;-4,986050469;-5,217522051;Annual;01/01/80
ZWE;Zimbabwe;CHN;China;Transport;Persons;2023;701,0885653;759,8914396;-4,900239526;-4,596131102;Annual;01/01/80
ZWE;Zimbabwe;CHN;China;Transport;Persons;2024;801,8062624;844,3152035;-3,54241176;-3,189469107;Annual;01/01/80
ZWE;Zimbabwe;CHN;China;Transport;Persons;2025;731,8896494;755,7828483;-1,991099904;-1,528984556;Annual;01/01/80
ZWE;Zimbabwe;CHN;China;Transport;Persons;2026;455,1351467;520,6102523;-7,275011742;-6,893285686;Annual;01/01/80
ZWE;Zimbabwe;GBR;United Kingdom;Agriculture;Persons;1980;540,7597631;567,7184858;-2,246560222;-1,702185465;Annual;01/01/80
ZWE;Zimbabwe;GBR;United Kingdom;Agriculture;Persons;1981;979,2722446;1079,055214;-8,31524741;-7,272056493;Annual;01/01/80
ZWE;Zimbabwe;GBR;United Kingdom;Agriculture;Persons;1982;598,1462343;638,1256351;-3,331616728;-2,872635851;Annual;01/01/80
ZWE;Zimbabwe;GBR;United Kingdom;Agriculture;Persons;1983;838,848236;824,8388904;1,167445473;1,189799948;Annual;01/01/80
ZWE;Zimbabwe;GBR;United Kingdom;Agriculture;Persons;1984;605,3008189;697,5040638;-7,683603737;-7,089945155;Annual;01/01/80
ZWE;Zimbabwe;GBR;United Kingdom;Agriculture;Persons;1985;571,9439444;597,3424721;-2,116543978;-2,076201638;Annual;01/01/80
ZWE;Zimbabwe;GBR;United Kingdom;Agriculture;Persons;1986;687,0979194;707,8789534;-1,731752828;-1,375381889;Annual;01/01/80
ZWE;Zimbabwe;GBR;United Kingdom;Agriculture;Persons;1987;737,0635486;773,8303408;-3,063899351;-2,795602478;Annual;01/01/80
ZWE;Zimbabwe;GBR;United Kingdom;Agriculture;Persons;1988;716,7316401;851,8410354;-11,25911628;-9,909090386;Annual;01/01/80
ZWE;Zimbabwe;GBR;United Kingdom;Agriculture;Persons;1989;677,8279104;704,8584397;-2,252544114;-1,996923963;Annual;01/01/80
ZWE;Zimbabwe;GBR;United Kingdom;Agriculture;Persons;1990;560,3471065;638,0705409;-6,476952867;-5,432791397;Annual;01/01/80
ZWE;Zimbabwe;GBR;United Kingdom;Agriculture;Persons;1991;872,0883477;764,6712768;8,951422578;7,934040511;Annual;01/01/80
ZWE;Zimbabwe;GBR;United Kingdom;Agriculture;Persons;1992;673,7973092;733,2265141;-4,952433738;-5,041509365;Annual;01/01/80
ZWE;Zimbabwe;GBR;United Kingdom;Agriculture;Persons;1993;704,2797405;815,4966858;-9,268078774;-8,947695574;Annual;01/01/80
ZWE;Zimbabwe;GBR;United Kingdom;Agriculture;Persons;1994;540,8301879;570,7135035;-2,490276301;-2,272372561;Annual;01/01/80
ZWE;Zimbabwe;GBR;United Kingdom;Agriculture;Persons;1995;819,203917;808,9149904;0,857410549;0,587264387;Annual;01/01/80
ZWE;Zimbabwe;GBR;United Kingdom;Agriculture;Persons;1996;678,8312577;759,6224742;-6,73260137;-6,087741505;Annual;01/01/80
ZWE;Zimbabwe;GBR;United Kingdom;Agriculture;Persons;1997;862,4078007;887,7716135;-2,113651065;-1,856648933;Annual;01/01/80
ZWE;Zimbabwe;GBR;United Kingdom;Agriculture;Persons;1998;838,8950636;902,1872152;-5,274345963;-3,835537664;Annual;01/01/80
ZWE;Zimbabwe;GBR;United Kingdom;Agriculture;Persons;1999;546,9249222;551,2280512;-0,358594084;0,073173586;Annual;01/01/80
ZWE;Zimbabwe;GBR;United Kingdom;Agriculture;Persons;2000;655,9876262;738,5257293;-6,878175258;-6,207970636;Annual;01/01/80
ZWE;Zimbabwe;GBR;United Kingdom;Agriculture;Persons;2001;666,2050945;664,6922059;0,126074051;-0,100971288;Annual;01/01/80
ZWE;Zimbabwe;GBR;United Kingdom;Agriculture;Persons;2002;691,4912637;650,6033039;3,407329989;3,232074782;Annual;01/01/80
ZWE;Zimbabwe;GBR;United Kingdom;Agriculture;Persons;2003;674,0960858;782,0934604;-8,999781219;-8,240910316;Annual;01/01/80
ZWE;Zimbabwe;GBR;United Kingdom;Agriculture;Persons;2004;779,1768221;781,5551119;-0,198190813;-0,630620382;Annual;01/01/80
ZWE;Zimbabwe;GBR;United Kingdom;Agriculture;Persons;2005;575,3481153;648,2948689;-6,078896137;-5,98939602;Annual;01/01/80
ZWE;Zimbabwe;GBR;United Kingdom;Agriculture;Persons;2006;796,802643;817,947823;-1,762098335;-1,784969232;Annual;01/01/80
ZWE;Zimbabwe;GBR;United Kingdom;Agriculture;Persons;2007;679,1517591;715,2632643;-3,009292103;-2,749112317;Annual;01/01/80
ZWE;Zimbabwe;GBR;United Kingdom;Agriculture;Persons;2008;690,764584;714,0736507;-1,942422223;-1,420986249;Annual;01/01/80
ZWE;Zimbabwe;GBR;United Kingdom;Agriculture;Persons;2009;584,225327;643,9068678;-4,973461734;-4,811679134;Annual;01/01/80
ZWE;Zimbabwe;GBR;United Kingdom;Agriculture;Persons;2010;776,1407543;830,4991537;-4,529866617;-4,477923113;Annual;01/01/80
ZWE;Zimbabwe;GBR;United Kingdom;Agriculture;Persons;2011;740,7523091;737,5024833;0,270818821;0,4041155;Annual;01/01/80
ZWE;Zimbabwe;GBR;United Kingdom;Agriculture;Persons;2012;667,5638278;713,4007369;-3,819742427;-3,555331639;Annual;01/01/80
ZWE;Zimbabwe;GBR;United Kingdom;Agriculture;Persons;2013;918,6733553;915,1435838;0,294147627;0,139250069;Annual;01/01/80
ZWE;Zimbabwe;GBR;United Kingdom;Agriculture;Persons;2014;721,8838653;759,425038;-3,128431058;-2,770101459;Annual;01/01/80
ZWE;Zimbabwe;GBR;United Kingdom;Agriculture;Persons;2015;673,2715678;696,8773538;-1,967148832;-1,946817163;Annual;01/01/80
ZWE;Zimbabwe;GBR;United Kingdom;Agriculture;Persons;2016;680,2814168;800,4426231;-10,01343385;-9,015298125;Annual;01/01/80
ZWE;Zimbabwe;GBR;United Kingdom;Agriculture;Persons;2017;712,1896161;794,5933099;-6,86697449;-6,273271747;Annual;01/01/80
ZWE;Zimbabwe;GBR;United Kingdom;Agriculture;Persons;2018;917,3759179;1031,558663;-9,515228781;-8,793654325;Annual;01/01/80
ZWE;Zimbabwe;GBR;United Kingdom;Agriculture;Persons;2019;666,3362879;689,1398501;-1,90029685;-1,795583122;Annual;01/01/80
ZWE;Zimbabwe;GBR;United Kingdom;Agriculture;Persons;2020;770,9312172;789,7266904;-1,566289433;-2,075703532;Annual;01/01/80
ZWE;Zimbabwe;GBR;United Kingdom;Agriculture;Persons;2021;480,2408028;523,8826443;-3,636820122;-3,584275932;Annual;01/01/80
ZWE;Zimbabwe;GBR;United Kingdom;Agriculture;Persons;2022;708,9527794;808,9585026;-8,333810272;-7,550537556;Annual;01/01/80
ZWE;Zimbabwe;GBR;United Kingdom;Agriculture;Persons;2023;631,8048715;660,4852124;-2,390028407;-1,895195365;Annual;01/01/80
ZWE;Zimbabwe;GBR;United Kingdom;Agriculture;Persons;2024;608,0702299;592,4054356;1,305399525;1,385200416;Annual;01/01/80
ZWE;Zimbabwe;GBR;United Kingdom;Agriculture;Persons;2025;700,7012699;827,801581;-10,59169259;-9,37105721;Annual;01/01/80
ZWE;Zimbabwe;GBR;United Kingdom;Agriculture;Persons;2026;565,545521;569,1455031;-0,399998006;-0,795535092;Annual;01/01/80
ZWE;Zimbabwe;GBR;United Kingdom;Construction;Persons;1980;602,6469209;647,3920508;-3,728760822;-3,232911969;Annual;01/01/80
ZWE;Zimbabwe;GBR;United Kingdom;Construction;Persons;1981;595,4439911;704,7417289;-9,108144813;-8,213937902;Annual;01/01/80
ZWE;Zimbabwe;GBR;United Kingdom;Construction;Persons;1982;674,3235169;696,7799213;-1,871367035;-1,918645309;Annual;01/01/80
ZWE;Zimbabwe;GBR;United Kingdom;Construction;Persons;1983;650,0943512;635,3612292;1,227760165;0,803852063;Annual;01/01/80
ZWE;Zimbabwe;GBR;United Kingdom;Construction;Persons;1984;765,7871594;768,3236324;-0,211372748;-0,096634004;Annual;01/01/80
ZWE;Zimbabwe;GBR;United Kingdom;Construction;Persons;1985;834,916681;893,6696289;-4,896078993;-4,743052331;Annual;01/01/80
ZWE;Zimbabwe;GBR;United Kingdom;Construction;Persons;1986;814,4290824;891,4960398;-6,422246449;-5,78453699;Annual;01/01/80
ZWE;Zimbabwe;GBR;United Kingdom;Construction;Persons;1987;697,6252535;728,1502292;-2,543747982;-1,913976957;Annual;01/01/80
ZWE;Zimbabwe;GBR;United Kingdom;Construction;Persons;1988;539,8234885;605,8208445;-5,49977967;-5,085055295;Annual;01/01/80
ZWE;Zimbabwe;GBR;United Kingdom;Construction;Persons;1989;735,7120401;839,8272498;-8,676267476;-8,315123081;Annual;01/01/80
ZWE;Zimbabwe;GBR;United Kingdom;Construction;Persons;1990;776,418791;964,2328125;-15,65116846;-14,32887601;Annual;01/01/80
ZWE;Zimbabwe;GBR;United Kingdom;Construction;Persons;1991;783,7582361;853,8076439;-5,837450649;-5,466362403;Annual;01/01/80
ZWE;Zimbabwe;GBR;United Kingdom;Construction;Persons;1992;881,9819887;804,3471003;6,469574032;6,086033896;Annual;01/01/80
ZWE;Zimbabwe;GBR;United Kingdom;Construction;Persons;1993;931,7838569;972,2950099;-3,375929419;-2,990912268;Annual;01/01/80
ZWE;Zimbabwe;GBR;United Kingdom;Construction;Persons;1994;773,19;961,9039724;-15,72616437;-13,52863638;Annual;01/01/80
ZWE;Zimbabwe;GBR;United Kingdom;Construction;Persons;1995;631,0898783;677,4890523;-3,866597832;-4,384275261;Annual;01/01/80
ZWE;Zimbabwe;GBR;United Kingdom;Construction;Persons;1996;659,7045927;709,677907;-4,164442866;-3,773476973;Annual;01/01/80
ZWE;Zimbabwe;GBR;United Kingdom;Construction;Persons;1997;720,2393017;874,5876078;-12,86235884;-11,39721606;Annual;01/01/80
ZWE;Zimbabwe;GBR;United Kingdom;Construction;Persons;1998;771,3367001;899,0721617;-10,6446218;-10,29418307;Annual;01/01/80
ZWE;Zimbabwe;GBR;United Kingdom;Construction;Persons;1999;1089,482806;1227,243136;-11,48002752;-10,53253555;Annual;01/01/80
ZWE;Zimbabwe;GBR;United Kingdom;Construction;Persons;2000;781,4954266;762,6855699;1,56748806;1,570189491;Annual;01/01/80
ZWE;Zimbabwe;GBR;United Kingdom;Construction;Persons;2001;896,7548653;1069,427024;-14,38934656;-11,89700798;Annual;01/01/80
ZWE;Zimbabwe;GBR;United Kingdom;Construction;Persons;2002;681,8522398;777,034755;-7,931876264;-7,304825314;Annual;01/01/80
ZWE;Zimbabwe;GBR;United Kingdom;Construction;Persons;2003;610,980849;593,0802534;1,491716304;1,417503414;Annual;01/01/80
ZWE;Zimbabwe;GBR;United Kingdom;Construction;Persons;2004;720,6806283;895,704331;-14,58530856;-13,70449488;Annual;01/01/80
ZWE;Zimbabwe;GBR;United Kingdom;Construction;Persons;2005;790,2886134;873,9938091;-6,975432975;-6,444457789;Annual;01/01/80
ZWE;Zimbabwe;GBR;United Kingdom;Construction;Persons;2006;820,7100683;989,5582979;-14,0706858;-12,4712858;Annual;01/01/80
ZWE;Zimbabwe;GBR;United Kingdom;Construction;Persons;2007;667,181582;724,5622158;-4,781719484;-4,056718012;Annual;01/01/80
ZWE;Zimbabwe;GBR;United Kingdom;Construction;Persons;2008;776,2578989;771,3516569;0,408853506;-0,050173788;Annual;01/01/80
ZWE;Zimbabwe;GBR;United Kingdom;Construction;Persons;2009;595,4243719;642,099449;-3,889589751;-3,13651469;Annual;01/01/80
ZWE;Zimbabwe;GBR;United Kingdom;Construction;Persons;2010;695,0443211;762,4180922;-5,614480923;-4,958982306;Annual;01/01/80
ZWE;Zimbabwe;GBR;United Kingdom;Construction;Persons;2011;748,7658928;816,3369582;-5,63092212;-5,320341882;Annual;01/01/80
ZWE;Zimbabwe;GBR;United Kingdom;Construction;Persons;2012;846,2907523;810,5814478;2,975775376;2,379198373;Annual;01/01/80
ZWE;Zimbabwe;GBR;United Kingdom;Construction;Persons;2013;811,0174445;900,7344618;-7,47641811;-8,373056638;Annual;01/01/80
ZWE;Zimbabwe;GBR;United Kingdom;Construction;Persons;2014;641,280866;722,7500723;-6,789100525;-5,767944916;Annual;01/01/80
ZWE;Zimbabwe;GBR;United Kingdom;Construction;Persons;2015;656,3781324;721,0906726;-5,392711684;-4,970052695;Annual;01/01/80
ZWE;Zimbabwe;GBR;United Kingdom;Construction;Persons;2016;675,2955535;705,5518894;-2,521361321;-1,389650237;Annual;01/01/80
ZWE;Zimbabwe;GBR;United Kingdom;Construction;Persons;2017;723,7739147;803,8237252;-6,670817543;-5,910752008;Annual;01/01/80
ZWE;Zimbabwe;GBR;United Kingdom;Construction;Persons;2018;726,4581847;883,7280549;-13,10582251;-11,60113947;Annual;01/01/80
ZWE;Zimbabwe;GBR;United Kingdom;Construction;Persons;2019;630,1589251;658,9017654;-2,395236696;-1,806982813;Annual;01/01/80
ZWE;Zimbabwe;GBR;United Kingdom;Construction;Persons;2020;852,3716949;1007,226124;-12,90453575;-12,69614449;Annual;01/01/80
ZWE;Zimbabwe;GBR;United Kingdom;Construction;Persons;2021;600,2517888;627,2209906;-2,24743348;-1,242155328;Annual;01/01/80
ZWE;Zimbabwe;GBR;United Kingdom;Construction;Persons;2022;773,7175111;738,1742482;2,961938571;2,60956195;Annual;01/01/80
ZWE;Zimbabwe;GBR;United Kingdom;Construction;Persons;2023;797,9502822;929,9198651;-10,99746524;-10,57908731;Annual;01/01/80
ZWE;Zimbabwe;GBR;United Kingdom;Construction;Persons;2024;699,3352675;689,8673498;0,788993136;0,505819575;Annual;01/01/80
ZWE;Zimbabwe;GBR;United Kingdom;Construction;Persons;2025;657,9259372;657,8255912;0,008362162;0,054544456;Annual;01/01/80
ZWE;Zimbabwe;GBR;United Kingdom;Construction;Persons;2026;420,5918912;492,7015358;-8,01218273;-7,372218446;Annual;01/01/80
ZWE;Zimbabwe;GBR;United Kingdom;Education;Persons;1980;820,2188874;854,7285836;-2,875808018;-2,555732066;Annual;01/01/80
ZWE;Zimbabwe;GBR;United Kingdom;Education;Persons;1981;891,0234443;978,9402382;-7,326399491;-6,67459965;Annual;01/01/80
ZWE;Zimbabwe;GBR;United Kingdom;Education;Persons;1982;664,8722378;751,1530218;-7,190065334;-6,225674395;Annual;01/01/80
ZWE;Zimbabwe;GBR;United Kingdom;Education;Persons;1983;712,9624206;802,992805;-7,502532034;-6,720202317;Annual;01/01/80
ZWE;Zimbabwe;GBR;United Kingdom;Education;Persons;1984;776,2557852;759,4549974;1,400065654;1,171664378;Annual;01/01/80
ZWE;Zimbabwe;GBR;United Kingdom;Education;Persons;1985;650,5691272;680,5343966;-2,497105788;-1,767094087;Annual;01/01/80
ZWE;Zimbabwe;GBR;United Kingdom;Education;Persons;1986;609,215752;641,2196288;-2,666989728;-1,243601537;Annual;01/01/80
ZWE;Zimbabwe;GBR;United Kingdom;Education;Persons;1987;525,8603307;498,347705;2,292718806;2,28271981;Annual;01/01/80
ZWE;Zimbabwe;GBR;United Kingdom;Education;Persons;1988;803,9377786;873,127909;-5,765844205;-5,549378141;Annual;01/01/80
ZWE;Zimbabwe;GBR;United Kingdom;Education;Persons;1989;724,6624168;792,5348414;-5,656035388;-5,282788045;Annual;01/01/80
ZWE;Zimbabwe;GBR;United Kingdom;Education;Persons;1990;794,0618572;977,0886687;-15,25223429;-14,11241829;Annual;01/01/80
ZWE;Zimbabwe;GBR;United Kingdom;Education;Persons;1991;594,240803;592,4923689;0,145702844;-0,142717335;Annual;01/01/80
ZWE;Zimbabwe;GBR;United Kingdom;Education;Persons;1992;723,1916501;834,7846153;-9,299413762;-7,89768525;Annual;01/01/80
ZWE;Zimbabwe;GBR;United Kingdom;Education;Persons;1993;748,3539666;790,014055;-3,471674029;-2,973615285;Annual;01/01/80
ZWE;Zimbabwe;GBR;United Kingdom;Education;Persons;1994;613,1105613;664,8727098;-4,313512371;-3,819256741;Annual;01/01/80
ZWE;Zimbabwe;GBR;United Kingdom;Education;Persons;1995;743,0601549;733,9383659;0,760149086;0,845003395;Annual;01/01/80
ZWE;Zimbabwe;GBR;United Kingdom;Education;Persons;1996;750,5437334;818,2324783;-5,640728744;-5,029361935;Annual;01/01/80
ZWE;Zimbabwe;GBR;United Kingdom;Education;Persons;1997;702,3904901;799,5014577;-8,092580631;-6,704662805;Annual;01/01/80
ZWE;Zimbabwe;GBR;United Kingdom;Education;Persons;1998;711,9408829;673,63751;3,19194774;2,287349064;Annual;01/01/80
ZWE;Zimbabwe;GBR;United Kingdom;Education;Persons;1999;627,4527279;646,9177547;-1,622085564;-0,67786705;Annual;01/01/80
ZWE;Zimbabwe;GBR;United Kingdom;Education;Persons;2000;708,1172851;728,6427052;-1,710451667;-1,607269997;Annual;01/01/80
ZWE;Zimbabwe;GBR;United Kingdom;Education;Persons;2001;577,6398765;706,0774881;-10,7031343;-9,657247729;Annual;01/01/80
ZWE;Zimbabwe;GBR;United Kingdom;Education;Persons;2002;750,8219183;813,7114302;-5,240792659;-4,941671659;Annual;01/01/80
ZWE;Zimbabwe;GBR;United Kingdom;Education;Persons;2003;751,1487524;709,0663339;3,506868209;3,091599199;Annual;01/01/80
ZWE;Zimbabwe;GBR;United Kingdom;Education;Persons;2004;730,3911437;805,7031861;-6,276003537;-5,550769124;Annual;01/01/80
ZWE;Zimbabwe;GBR;United Kingdom;Education;Persons;2005;707,0143132;741,0453506;-2,835919785;-2,374641686;Annual;01/01/80
ZWE;Zimbabwe;GBR;United Kingdom;Education;Persons;2006;914,3337286;1063,378382;-12,4203878;-11,12456511;Annual;01/01/80
ZWE;Zimbabwe;GBR;United Kingdom;Education;Persons;2007;610,6677432;695,4761698;-7,067368884;-6,408277943;Annual;01/01/80
ZWE;Zimbabwe;GBR;United Kingdom;Education;Persons;2008;747,1840754;777,6369272;-2,537737652;-2,519131141;Annual;01/01/80
ZWE;Zimbabwe;GBR;United Kingdom;Education;Persons;2009;511,973108;598,9385198;-7,247117647;-6,778696031;Annual;01/01/80
ZWE;Zimbabwe;GBR;United Kingdom;Education;Persons;2010;904,8704279;1039,356026;-11,20713316;-10,21275985;Annual;01/01/80
ZWE;Zimbabwe;GBR;United Kingdom;Education;Persons;2011;515,6833165;537,0610492;-1,781477726;-1,705845203;Annual;01/01/80
ZWE;Zimbabwe;GBR;United Kingdom;Education;Persons;2012;827,9540363;866,1502111;-3,183014563;-2,813128106;Annual;01/01/80
ZWE;Zimbabwe;GBR;United Kingdom;Education;Persons;2013;672,0991235;716,69045;-3,715943871;-2,8258108;Annual;01/01/80
ZWE;Zimbabwe;GBR;United Kingdom;Education;Persons;2014;716,8376009;847,6362571;-10,89988801;-10,29201164;Annual;01/01/80
ZWE;Zimbabwe;GBR;United Kingdom;Education;Persons;2015;821,8913452;855,8629711;-2,830968831;-2,739583515;Annual;01/01/80
ZWE;Zimbabwe;GBR;United Kingdom;Education;Persons;2016;583,7665845;630,6556222;-3,907419809;-3,200464863;Annual;01/01/80
ZWE;Zimbabwe;GBR;United Kingdom;Education;Persons;2017;781,3836832;807,0741567;-2,140872795;-2,104508429;Annual;01/01/80
ZWE;Zimbabwe;GBR;United Kingdom;Education;Persons;2018;690,0942927;786,2079374;-8,009470392;-7,30989029;Annual;01/01/80
ZWE;Zimbabwe;GBR;United Kingdom;Education;Persons;2019;913,6691617;1026,937598;-9,439036333;-10,1457587;Annual;01/01/80
ZWE;Zimbabwe;GBR;United Kingdom;Education;Persons;2020;867,6181683;932,9861693;-5,447333413;-4,640580359;Annual;01/01/80
ZWE;Zimbabwe;GBR;United Kingdom;Education;Persons;2021;673,7311697;761,4746816;-7,311959327;-6,698516773;Annual;01/01/80
ZWE;Zimbabwe;GBR;United Kingdom;Education;Persons;2022;631,9963166;695,0380745;-5,253479824;-4,86018413;Annual;01/01/80
ZWE;Zimbabwe;GBR;United Kingdom;Education;Persons;2023;840,7626258;784,8069865;4,662969942;4,462072997;Annual;01/01/80
ZWE;Zimbabwe;GBR;United Kingdom;Education;Persons;2024;622,4596688;724,9395617;-8,539991074;-7,706032666;Annual;01/01/80
ZWE;Zimbabwe;GBR;United Kingdom;Education;Persons;2025;842,6323705;935,1900388;-7,713139025;-6,379677036;Annual;01/01/80
ZWE;Zimbabwe;GBR;United Kingdom;Education;Persons;2026;444,7431799;467,7292666;-2,554009637;-2,559835371;Annual;01/01/80
ZWE;Zimbabwe;GBR;United Kingdom;Finance;Persons;1980;783,7143586;815,0508629;-2,61137536;-2,039997931;Annual;01/01/80
ZWE;Zimbabwe;GBR;United Kingdom;Finance;Persons;1981;842,2779178;900,2082098;-4,827524333;-4,462109987;Annual;01/01/80
ZWE;Zimbabwe;GBR;United Kingdom;Finance;Persons;1982;669,823131;707,9790429;-3,179659328;-2,550210203;Annual;01/01/80
ZWE;Zimbabwe;GBR;United Kingdom;Finance;Persons;1983;607,6472801;623,7925689;-1,345440735;-0,957212339;Annual;01/01/80
ZWE;Zimbabwe;GBR;United Kingdom;Finance;Persons;1984;932,4793768;1071,725791;-11,60386788;-8,926174956;Annual;01/01/80
ZWE;Zimbabwe;GBR;United Kingdom;Finance;Persons;1985;843,4679112;943,5189356;-8,337585368;-7,548379393;Annual;01/01/80
ZWE;Zimbabwe;GBR;United Kingdom;Finance;Persons;1986;769,4675025;769,0136717;0,037819236;0,080618457;Annual;01/01/80
ZWE;Zimbabwe;GBR;United Kingdom;Finance;Persons;1987;603,254704;579,4487557;1,98382902;1,425940565;Annual;01/01/80
ZWE;Zimbabwe;GBR;United Kingdom;Finance;Persons;1988;814,8816387;813,554974;0,110555393;0,392336573;Annual;01/01/80
ZWE;Zimbabwe;GBR;United Kingdom;Finance;Persons;1989;764,2419771;708,1243805;4,676466378;4,406815699;Annual;01/01/80
ZWE;Zimbabwe;GBR;United Kingdom;Finance;Persons;1990;726,1928042;790,9245183;-5,39430951;-5,162208615;Annual;01/01/80
ZWE;Zimbabwe;GBR;United Kingdom;Finance;Persons;1991;841,5286372;971,5310279;-10,83353255;-10,05575015;Annual;01/01/80
ZWE;Zimbabwe;GBR;United Kingdom;Finance;Persons;1992;658,6440825;747,0896452;-7,37046356;-6,574605674;Annual;01/01/80
ZWE;Zimbabwe;GBR;United Kingdom;Finance;Persons;1993;541,3367019;603,1662673;-5,152463783;-4,527503138;Annual;01/01/80
ZWE;Zimbabwe;GBR;United Kingdom;Finance;Persons;1994;663,5954478;799,465503;-11,3225046;-10,42929092;Annual;01/01/80
ZWE;Zimbabwe;GBR;United Kingdom;Finance;Persons;1995;754,3900546;770,460728;-1,33922279;-1,283182838;Annual;01/01/80
ZWE;Zimbabwe;GBR;United Kingdom;Finance;Persons;1996;793,6937639;942,966498;-12,43939451;-11,17591721;Annual;01/01/80
ZWE;Zimbabwe;GBR;United Kingdom;Finance;Persons;1997;766,8483195;888,784921;-10,16138346;-9,231986096;Annual;01/01/80
ZWE;Zimbabwe;GBR;United Kingdom;Finance;Persons;1998;622,7509499;698,7371055;-6,332179637;-5,144837479;Annual;01/01/80
ZWE;Zimbabwe;GBR;United Kingdom;Finance;Persons;1999;979,9517892;1021,283563;-3,444314466;-2,110909477;Annual;01/01/80
ZWE;Zimbabwe;GBR;United Kingdom;Finance;Persons;2000;904,1641858;914,9270809;-0,896907921;-0,537521522;Annual;01/01/80
ZWE;Zimbabwe;GBR;United Kingdom;Finance;Persons;2001;712,4757336;812,382176;-8,325536873;-7,395684329;Annual;01/01/80
ZWE;Zimbabwe;GBR;United Kingdom;Finance;Persons;2002;603,829542;654,0842919;-4,187895827;-4,068723903;Annual;01/01/80
ZWE;Zimbabwe;GBR;United Kingdom;Finance;Persons;2003;838,4760571;889,9988532;-4,293566346;-4,190180448;Annual;01/01/80
ZWE;Zimbabwe;GBR;United Kingdom;Finance;Persons;2004;885,5006832;942,7663463;-4,772138593;-4,492314595;Annual;01/01/80
ZWE;Zimbabwe;GBR;United Kingdom;Finance;Persons;2005;559,1700529;557,7719261;0,11651056;-0,09875903;Annual;01/01/80
ZWE;Zimbabwe;GBR;United Kingdom;Finance;Persons;2006;731,0852856;749,5345235;-1,537436487;-1,638546614;Annual;01/01/80
ZWE;Zimbabwe;GBR;United Kingdom;Finance;Persons;2007;874,9574271;874,8451365;0,009357556;-0,601991115;Annual;01/01/80
ZWE;Zimbabwe;GBR;United Kingdom;Finance;Persons;2008;781,3464582;858,8925604;-6,462175181;-6,06783365;Annual;01/01/80
ZWE;Zimbabwe;GBR;United Kingdom;Finance;Persons;2009;710,30865;754,3192466;-3,667549713;-3,151118401;Annual;01/01/80
ZWE;Zimbabwe;GBR;United Kingdom;Finance;Persons;2010;681,9392987;760,4975676;-6,546522413;-5,747849615;Annual;01/01/80
ZWE;Zimbabwe;GBR;United Kingdom;Finance;Persons;2011;706,1222346;771,6904515;-5,464018075;-5,37925029;Annual;01/01/80
ZWE;Zimbabwe;GBR;United Kingdom;Finance;Persons;2012;784,172681;804,3301399;-1,679788248;-1,948437281;Annual;01/01/80
ZWE;Zimbabwe;GBR;United Kingdom;Finance;Persons;2013;829,4205808;933,4345081;-8,667827282;-7,709057727;Annual;01/01/80
ZWE;Zimbabwe;GBR;United Kingdom;Finance;Persons;2014;642,7946609;660,2880392;-1,457781522;-1,889921828;Annual;01/01/80
ZWE;Zimbabwe;GBR;United Kingdom;Finance;Persons;2015;606,6615278;612,7089902;-0,503955202;-0,845403649;Annual;01/01/80
ZWE;Zimbabwe;GBR;United Kingdom;Finance;Persons;2016;898,4968569;913,9603681;-1,288625928;-1,464310797;Annual;01/01/80
ZWE;Zimbabwe;GBR;United Kingdom;Finance;Persons;2017;688,3530142;776,6290374;-7,356335271;-6,616365744;Annual;01/01/80
ZWE;Zimbabwe;GBR;United Kingdom;Finance;Persons;2018;714,8536532;752,7225024;-3,155737436;-2,843421902;Annual;01/01/80
ZWE;Zimbabwe;GBR;United Kingdom;Finance;Persons;2019;712,6315548;735,623581;-1,91600219;-1,681550964;Annual;01/01/80
ZWE;Zimbabwe;GBR;United Kingdom;Finance;Persons;2020;681,6500142;718,0700613;-3,035003926;-2,785313586;Annual;01/01/80
ZWE;Zimbabwe;GBR;United Kingdom;Finance;Persons;2021;716,3306291;756,7229326;-3,366025285;-2,985138716;Annual;01/01/80
ZWE;Zimbabwe;GBR;United Kingdom;Finance;Persons;2022;662,8102887;662,4479856;0,030191921;-0,059880143;Annual;01/01/80
ZWE;Zimbabwe;GBR;United Kingdom;Finance;Persons;2023;940,0316452;988,4450729;-4,034452308;-4,276925229;Annual;01/01/80
ZWE;Zimbabwe;GBR;United Kingdom;Finance;Persons;2024;670,0663703;752,2162144;-6,845820335;-6,004248656;Annual;01/01/80
ZWE;Zimbabwe;GBR;United Kingdom;Finance;Persons;2025;656,9833341;690,2429618;-2,771635641;-2,880254738;Annual;01/01/80
ZWE;Zimbabwe;GBR;United Kingdom;Finance;Persons;2026;635,1904716;750,6920059;-12,83350381;-11,26577702;Annual;01/01/80
ZWE;Zimbabwe;GBR;United Kingdom;Health;Persons;1980;756,3533616;725,6349355;2,559868849;1,97664899;Annual;01/01/80
ZWE;Zimbabwe;GBR;United Kingdom;Health;Persons;1981;943,4359203;1007,460092;-5,335347624;-4,391384362;Annual;01/01/80
ZWE;Zimbabwe;GBR;United Kingdom;Health;Persons;1982;639,8185868;625,7330154;1,173797621;0,903840033;Annual;01/01/80
ZWE;Zimbabwe;GBR;United Kingdom;Health;Persons;1983;622,3510915;595,2058592;2,262102695;1,785989072;Annual;01/01/80
ZWE;Zimbabwe;GBR;United Kingdom;Health;Persons;1984;682,8418541;807,8217268;-10,41498939;-9,663782536;Annual;01/01/80
ZWE;Zimbabwe;GBR;United Kingdom;Health;Persons;1985;925,8142544;893,7116934;2,67521342;2,564705578;Annual;01/01/80
ZWE;Zimbabwe;GBR;United Kingdom;Health;Persons;1986;768,2401524;776,9724717;-0,727693275;-0,132393764;Annual;01/01/80
ZWE;Zimbabwe;GBR;United Kingdom;Health;Persons;1987;889,8357872;937,1157825;-3,939999609;-3,617279517;Annual;01/01/80
ZWE;Zimbabwe;GBR;United Kingdom;Health;Persons;1988;675,1430681;799,9091492;-10,39717342;-8,491686686;Annual;01/01/80
ZWE;Zimbabwe;GBR;United Kingdom;Health;Persons;1989;818,7555153;863,8215095;-3,755499518;-3,031954317;Annual;01/01/80
ZWE;Zimbabwe;GBR;United Kingdom;Health;Persons;1990;664,4848773;705,0747025;-3,382485435;-3,405204427;Annual;01/01/80
ZWE;Zimbabwe;GBR;United Kingdom;Health;Persons;1991;813,8701693;829,7169524;-1,320565259;-1,707278636;Annual;01/01/80
ZWE;Zimbabwe;GBR;United Kingdom;Health;Persons;1992;783,6431514;855,0455618;-5,950200868;-5,030617561;Annual;01/01/80
ZWE;Zimbabwe;GBR;United Kingdom;Health;Persons;1993;685,7020662;735,993133;-4,190922227;-3,41740199;Annual;01/01/80
ZWE;Zimbabwe;GBR;United Kingdom;Health;Persons;1994;575,6517002;659,4426489;-6,982579051;-5,786989277;Annual;01/01/80
ZWE;Zimbabwe;GBR;United Kingdom;Health;Persons;1995;722,85017;925,8677918;-16,91813515;-14,47892531;Annual;01/01/80
ZWE;Zimbabwe;GBR;United Kingdom;Health;Persons;1996;583,9235993;679,9732538;-8,004137871;-7,308994319;Annual;01/01/80
ZWE;Zimbabwe;GBR;United Kingdom;Health;Persons;1997;681,7823485;840,8315191;-13,25409755;-11,8566613;Annual;01/01/80
ZWE;Zimbabwe;GBR;United Kingdom;Health;Persons;1998;636,0118764;658,4771328;-1,872104703;-1,724404373;Annual;01/01/80
ZWE;Zimbabwe;GBR;United Kingdom;Health;Persons;1999;813,1405456;807,9834426;0,429758587;0,706722269;Annual;01/01/80
ZWE;Zimbabwe;GBR;United Kingdom;Health;Persons;2000;735,2023324;739,2984334;-0,341341749;-0,332229074;Annual;01/01/80
ZWE;Zimbabwe;GBR;United Kingdom;Health;Persons;2001;641,7246427;677,1453033;-2,951721715;-2,588953409;Annual;01/01/80
ZWE;Zimbabwe;GBR;United Kingdom;Health;Persons;2002;747,9591127;769,1188797;-1,763313916;-1,980453334;Annual;01/01/80
ZWE;Zimbabwe;GBR;United Kingdom;Health;Persons;2003;840,3399044;915,6003894;-6,271707086;-5,343762778;Annual;01/01/80
ZWE;Zimbabwe;GBR;United Kingdom;Health;Persons;2004;805,9826833;876,4857146;-5,875252613;-5,590355198;Annual;01/01/80
ZWE;Zimbabwe;GBR;United Kingdom;Health;Persons;2005;804,6645791;800,6783834;0,33218298;-0,235907163;Annual;01/01/80
ZWE;Zimbabwe;GBR;United Kingdom;Health;Persons;2006;896,9139676;924,4470193;-2,294420974;-2,745398636;Annual;01/01/80
ZWE;Zimbabwe;GBR;United Kingdom;Health;Persons;2007;762,029914;838,7119654;-6,39017095;-5,956386925;Annual;01/01/80
ZWE;Zimbabwe;GBR;United Kingdom;Health;Persons;2008;884,7909671;873,8421691;0,912399838;1,899294588;Annual;01/01/80
ZWE;Zimbabwe;GBR;United Kingdom;Health;Persons;2009;564,7796919;619,9551994;-4,597958953;-4,819371919;Annual;01/01/80
ZWE;Zimbabwe;GBR;United Kingdom;Health;Persons;2010;439,1064156;404,6320714;2,872862014;2,288272143;Annual;01/01/80
ZWE;Zimbabwe;GBR;United Kingdom;Health;Persons;2011;746,1067364;781,4836603;-2,948076997;-2,857244099;Annual;01/01/80
ZWE;Zimbabwe;GBR;United Kingdom;Health;Persons;2012;715,6544129;685,0886358;2,547148091;2,456093648;Annual;01/01/80
ZWE;Zimbabwe;GBR;United Kingdom;Health;Persons;2013;712,9225886;782,2271602;-5,775380969;-4,810536102;Annual;01/01/80
ZWE;Zimbabwe;GBR;United Kingdom;Health;Persons;2014;888,2023003;932,7468549;-3,712046218;-3,991632611;Annual;01/01/80
ZWE;Zimbabwe;GBR;United Kingdom;Health;Persons;2015;730,9937933;788,044466;-4,754222726;-4,842707058;Annual;01/01/80
ZWE;Zimbabwe;GBR;United Kingdom;Health;Persons;2016;608,6732948;719,502412;-9,235759767;-8,233399951;Annual;01/01/80
ZWE;Zimbabwe;GBR;United Kingdom;Health;Persons;2017;714,3802215;783,1012244;-5,72675024;-5,416436906;Annual;01/01/80
ZWE;Zimbabwe;GBR;United Kingdom;Health;Persons;2018;810,1688867;943,2790606;-11,0925145;-10,08444279;Annual;01/01/80
ZWE;Zimbabwe;GBR;United Kingdom;Health;Persons;2019;906,5746727;1110,437874;-16,98860008;-14,69896944;Annual;01/01/80
ZWE;Zimbabwe;GBR;United Kingdom;Health;Persons;2020;851,6787145;972,5508674;-10,07267941;-8,615460909;Annual;01/01/80
ZWE;Zimbabwe;GBR;United Kingdom;Health;Persons;2021;806,6728349;942,6321586;-11,32994364;-10,64008622;Annual;01/01/80
ZWE;Zimbabwe;GBR;United Kingdom;Health;Persons;2022;601,911793;683,3479362;-6,786345271;-6,316517794;Annual;01/01/80
ZWE;Zimbabwe;GBR;United Kingdom;Health;Persons;2023;671,5549025;699,9784137;-2,368625932;-2,100928388;Annual;01/01/80
ZWE;Zimbabwe;GBR;United Kingdom;Health;Persons;2024;812,3807092;904,0004389;-7,634977472;-6,994881629;Annual;01/01/80
ZWE;Zimbabwe;GBR;United Kingdom;Health;Persons;2025;828,8409726;921,4682996;-7,718943922;-6,658044255;Annual;01/01/80
ZWE;Zimbabwe;GBR;United Kingdom;Health;Persons;2026;679,8106215;791,0779139;-12,36303249;-10,83990076;Annual;01/01/80
ZWE;Zimbabwe;GBR;United Kingdom;ICT;Persons;1980;720,3989165;836,6268657;-9,685662432;-8,534765388;Annual;01/01/80
ZWE;Zimbabwe;GBR;United Kingdom;ICT;Persons;1981;705,3643958;828,425311;-10,25507626;-9,012232819;Annual;01/01/80
ZWE;Zimbabwe;GBR;United Kingdom;ICT;Persons;1982;678,7188225;695,8417514;-1,426910743;-1,409593782;Annual;01/01/80
ZWE;Zimbabwe;GBR;United Kingdom;ICT;Persons;1983;688,4284979;757,2829617;-5,73787199;-5,22285652;Annual;01/01/80
ZWE;Zimbabwe;GBR;United Kingdom;ICT;Persons;1984;655,7625685;696,2084477;-3,370489938;-3,540848346;Annual;01/01/80
ZWE;Zimbabwe;GBR;United Kingdom;ICT;Persons;1985;683,8600638;771,1581974;-7,274844466;-5,646524556;Annual;01/01/80
ZWE;Zimbabwe;GBR;United Kingdom;ICT;Persons;1986;705,1320433;838,9213359;-11,14910771;-9,818204199;Annual;01/01/80
ZWE;Zimbabwe;GBR;United Kingdom;ICT;Persons;1987;716,3404942;762,1030773;-3,81354859;-3,490276767;Annual;01/01/80
ZWE;Zimbabwe;GBR;United Kingdom;ICT;Persons;1988;649,9596652;643,600889;0,529898013;0,869148199;Annual;01/01/80
ZWE;Zimbabwe;GBR;United Kingdom;ICT;Persons;1989;878,2826671;1007,052523;-10,73082135;-9,205653439;Annual;01/01/80
ZWE;Zimbabwe;GBR;United Kingdom;ICT;Persons;1990;762,0402349;770,5176538;-0,706451571;-0,460769507;Annual;01/01/80
ZWE;Zimbabwe;GBR;United Kingdom;ICT;Persons;1991;871,7436981;1025,362942;-12,80160364;-10,44686398;Annual;01/01/80
ZWE;Zimbabwe;GBR;United Kingdom;ICT;Persons;1992;635,6069438;616,2531376;1,61281719;1,402634455;Annual;01/01/80
ZWE;Zimbabwe;GBR;United Kingdom;ICT;Persons;1993;740,5664877;817,6625716;-6,424673663;-5,797633493;Annual;01/01/80
ZWE;Zimbabwe;GBR;United Kingdom;ICT;Persons;1994;707,7162698;677,3780335;2,528186355;2,474733982;Annual;01/01/80
ZWE;Zimbabwe;GBR;United Kingdom;ICT;Persons;1995;587,0544985;671,3996333;-7,028761238;-6,288409131;Annual;01/01/80
ZWE;Zimbabwe;GBR;United Kingdom;ICT;Persons;1996;765,2687978;780,121809;-1,237750937;-0,955226094;Annual;01/01/80
ZWE;Zimbabwe;GBR;United Kingdom;ICT;Persons;1997;615,1816615;678,666592;-5,290410872;-4,670714734;Annual;01/01/80
ZWE;Zimbabwe;GBR;United Kingdom;ICT;Persons;1998;611,3638982;685,4701754;-6,175523101;-6,289210191;Annual;01/01/80
ZWE;Zimbabwe;GBR;United Kingdom;ICT;Persons;1999;653,289218;788,4243599;-11,26126183;-9,560078795;Annual;01/01/80
ZWE;Zimbabwe;GBR;United Kingdom;ICT;Persons;2000;759,7902017;841,2401796;-6,787498157;-6,090495538;Annual;01/01/80
ZWE;Zimbabwe;GBR;United Kingdom;ICT;Persons;2001;616,416848;662,5693145;-3,846038872;-2,951224891;Annual;01/01/80
ZWE;Zimbabwe;GBR;United Kingdom;ICT;Persons;2002;759,6533038;763,6203366;-0,33058607;-0,463910783;Annual;01/01/80
ZWE;Zimbabwe;GBR;United Kingdom;ICT;Persons;2003;684,115551;662,1900197;1,82712761;1,810831196;Annual;01/01/80
ZWE;Zimbabwe;GBR;United Kingdom;ICT;Persons;2004;624,8313835;730,4680433;-8,803054983;-7,526168018;Annual;01/01/80
ZWE;Zimbabwe;GBR;United Kingdom;ICT;Persons;2005;757,33396;751,4213734;0,49271555;0,767041415;Annual;01/01/80
ZWE;Zimbabwe;GBR;United Kingdom;ICT;Persons;2006;526,3196424;543,9570719;-1,469785792;-1,698819896;Annual;01/01/80
ZWE;Zimbabwe;GBR;United Kingdom;ICT;Persons;2007;738,2276579;761,0838568;-1,904683242;-1,869284523;Annual;01/01/80
ZWE;Zimbabwe;GBR;United Kingdom;ICT;Persons;2008;689,5557186;733,3835473;-3,652319065;-3,127819897;Annual;01/01/80
ZWE;Zimbabwe;GBR;United Kingdom;ICT;Persons;2009;735,6492763;894,6510696;-13,25014944;-11,99088168;Annual;01/01/80
ZWE;Zimbabwe;GBR;United Kingdom;ICT;Persons;2010;677,8385544;676,4094345;0,119093327;-0,469340718;Annual;01/01/80
ZWE;Zimbabwe;GBR;United Kingdom;ICT;Persons;2011;657,4478671;595,3076925;5,178347878;5,003638242;Annual;01/01/80
ZWE;Zimbabwe;GBR;United Kingdom;ICT;Persons;2012;720,9036768;701,3440218;1,629971248;1,451098029;Annual;01/01/80
ZWE;Zimbabwe;GBR;United Kingdom;ICT;Persons;2013;816,4862339;973,5140919;-13,08565483;-12,27321762;Annual;01/01/80
ZWE;Zimbabwe;GBR;United Kingdom;ICT;Persons;2014;608,0216399;768,6759472;-13,38785894;-11,80955496;Annual;01/01/80
ZWE;Zimbabwe;GBR;United Kingdom;ICT;Persons;2015;714,7162326;772,2686316;-4,796033251;-4,693414208;Annual;01/01/80
ZWE;Zimbabwe;GBR;United Kingdom;ICT;Persons;2016;713,9162275;746,8999179;-2,748640871;-2,412846816;Annual;01/01/80
ZWE;Zimbabwe;GBR;United Kingdom;ICT;Persons;2017;697,0690247;640,484444;4,715381731;4,035712058;Annual;01/01/80
ZWE;Zimbabwe;GBR;United Kingdom;ICT;Persons;2018;723,6652159;878,7686451;-12,92528576;-11,59658483;Annual;01/01/80
ZWE;Zimbabwe;GBR;United Kingdom;ICT;Persons;2019;602,3109489;573,8249475;2,373833448;1,816613327;Annual;01/01/80
ZWE;Zimbabwe;GBR;United Kingdom;ICT;Persons;2020;624,8956904;655,5208219;-2,552094293;-2,006643457;Annual;01/01/80
ZWE;Zimbabwe;GBR;United Kingdom;ICT;Persons;2021;815,7890233;920,0761174;-8,690591175;-8,175520561;Annual;01/01/80
ZWE;Zimbabwe;GBR;United Kingdom;ICT;Persons;2022;798,0642933;864,7593495;-5,557921351;-5,007768922;Annual;01/01/80
ZWE;Zimbabwe;GBR;United Kingdom;ICT;Persons;2023;682,5924708;793,2527531;-9,221690187;-7,906882656;Annual;01/01/80
ZWE;Zimbabwe;GBR;United Kingdom;ICT;Persons;2024;594,546918;604,7069486;-0,846669219;-1,128643365;Annual;01/01/80
ZWE;Zimbabwe;GBR;United Kingdom;ICT;Persons;2025;902,5263281;928,2608406;-2,144542707;-2,323504697;Annual;01/01/80
ZWE;Zimbabwe;GBR;United Kingdom;ICT;Persons;2026;645,0049383;609,883407;3,902392358;3,450937077;Annual;01/01/80
ZWE;Zimbabwe;GBR;United Kingdom;Manufacturing;Persons;1980;580,9276911;657,6287191;-6,391752338;-5,897278455;Annual;01/01/80
ZWE;Zimbabwe;GBR;United Kingdom;Manufacturing;Persons;1981;620,6554886;717,4221604;-8,06388932;-7,265558716;Annual;01/01/80
ZWE;Zimbabwe;GBR;United Kingdom;Manufacturing;Persons;1982;696,1133975;705,7296779;-0,801356699;-0,616601555;Annual;01/01/80
ZWE;Zimbabwe;GBR;United Kingdom;Manufacturing;Persons;1983;644,0377216;696,3586907;-4,360080765;-4,163655969;Annual;01/01/80
ZWE;Zimbabwe;GBR;United Kingdom;Manufacturing;Persons;1984;619,5947483;672,1845127;-4,382480369;-4,382429132;Annual;01/01/80
ZWE;Zimbabwe;GBR;United Kingdom;Manufacturing;Persons;1985;713,7122049;789,3419158;-6,302475905;-6,165145924;Annual;01/01/80
ZWE;Zimbabwe;GBR;United Kingdom;Manufacturing;Persons;1986;586,869762;680,6689236;-7,816596802;-7,036677232;Annual;01/01/80
ZWE;Zimbabwe;GBR;United Kingdom;Manufacturing;Persons;1987;529,7102617;546,7586019;-1,420695017;-0,679582847;Annual;01/01/80
ZWE;Zimbabwe;GBR;United Kingdom;Manufacturing;Persons;1988;781,9753758;917,6862317;-11,30923799;-10,51874218;Annual;01/01/80
ZWE;Zimbabwe;GBR;United Kingdom;Manufacturing;Persons;1989;751,3202533;830,7486652;-6,619034331;-5,849976584;Annual;01/01/80
ZWE;Zimbabwe;GBR;United Kingdom;Manufacturing;Persons;1990;557,5779009;548,4682193;0,759140134;0,244391991;Annual;01/01/80
ZWE;Zimbabwe;GBR;United Kingdom;Manufacturing;Persons;1991;870,627855;963,5934668;-7,74713432;-6,77261222;Annual;01/01/80
ZWE;Zimbabwe;GBR;United Kingdom;Manufacturing;Persons;1992;753,3695928;710,5749591;3,566219475;3,276952692;Annual;01/01/80
ZWE;Zimbabwe;GBR;United Kingdom;Manufacturing;Persons;1993;710,346623;791,6419314;-6,774609029;-6,1410736;Annual;01/01/80
ZWE;Zimbabwe;GBR;United Kingdom;Manufacturing;Persons;1994;699,2338779;796,3486736;-8,092899643;-6,716518474;Annual;01/01/80
ZWE;Zimbabwe;GBR;United Kingdom;Manufacturing;Persons;1995;674,2096491;747,6680288;-6,121531639;-5,277412407;Annual;01/01/80
ZWE;Zimbabwe;GBR;United Kingdom;Manufacturing;Persons;1996;852,0637067;880,6936975;-2,385832571;-2,388000211;Annual;01/01/80
ZWE;Zimbabwe;GBR;United Kingdom;Manufacturing;Persons;1997;544,8057607;530,6513085;1,179537687;1,220091773;Annual;01/01/80
ZWE;Zimbabwe;GBR;United Kingdom;Manufacturing;Persons;1998;535,0250044;564,913523;-2,490709883;-2,052429146;Annual;01/01/80
ZWE;Zimbabwe;GBR;United Kingdom;Manufacturing;Persons;1999;848,9567993;985,9092349;-11,41270296;-10,39401476;Annual;01/01/80
ZWE;Zimbabwe;GBR;United Kingdom;Manufacturing;Persons;2000;784,3457588;840,9039132;-4,713179537;-4,61095854;Annual;01/01/80
ZWE;Zimbabwe;GBR;United Kingdom;Manufacturing;Persons;2001;775,0512553;895,7786058;-10,06061254;-8,870253854;Annual;01/01/80
ZWE;Zimbabwe;GBR;United Kingdom;Manufacturing;Persons;2002;851,0734638;780,4018989;5,889297071;5,15596763;Annual;01/01/80
ZWE;Zimbabwe;GBR;United Kingdom;Manufacturing;Persons;2003;779,8604068;823,7047377;-3,653694247;-2,901740947;Annual;01/01/80
ZWE;Zimbabwe;GBR;United Kingdom;Manufacturing;Persons;2004;607,0663776;660,3547957;-4,440701509;-4,536626424;Annual;01/01/80
ZWE;Zimbabwe;GBR;United Kingdom;Manufacturing;Persons;2005;643,1715606;728,6075948;-7,119669524;-5,853709412;Annual;01/01/80
ZWE;Zimbabwe;GBR;United Kingdom;Manufacturing;Persons;2006;992,0436878;1203,559417;-17,62631073;-16,31696977;Annual;01/01/80
ZWE;Zimbabwe;GBR;United Kingdom;Manufacturing;Persons;2007;537,4998059;673,6882176;-11,34903431;-11,36738149;Annual;01/01/80
ZWE;Zimbabwe;GBR;United Kingdom;Manufacturing;Persons;2008;739,1157479;770,9826534;-2,655575454;-2,652785895;Annual;01/01/80
ZWE;Zimbabwe;GBR;United Kingdom;Manufacturing;Persons;2009;604,3922243;614,2964576;-0,825352779;-0,68945297;Annual;01/01/80
ZWE;Zimbabwe;GBR;United Kingdom;Manufacturing;Persons;2010;785,7804541;947,8331739;-13,50439331;-12,08823875;Annual;01/01/80
ZWE;Zimbabwe;GBR;United Kingdom;Manufacturing;Persons;2011;652,4316084;754,4906629;-8,504921211;-7,731851014;Annual;01/01/80
ZWE;Zimbabwe;GBR;United Kingdom;Manufacturing;Persons;2012;702,0540658;746,3259686;-3,689325225;-3,017829232;Annual;01/01/80
ZWE;Zimbabwe;GBR;United Kingdom;Manufacturing;Persons;2013;731,7873574;794,4733635;-5,223833838;-4,521238524;Annual;01/01/80
ZWE;Zimbabwe;GBR;United Kingdom;Manufacturing;Persons;2014;679,3859684;799,7136874;-10,02730992;-8,329282336;Annual;01/01/80
ZWE;Zimbabwe;GBR;United Kingdom;Manufacturing;Persons;2015;783,6126902;964,9571203;-15,11203584;-13,68461994;Annual;01/01/80
ZWE;Zimbabwe;GBR;United Kingdom;Manufacturing;Persons;2016;767,7156304;837,3754236;-5,804982761;-5,315508134;Annual;01/01/80
ZWE;Zimbabwe;GBR;United Kingdom;Manufacturing;Persons;2017;569,0379605;587,9147583;-1,573066483;-1,339991055;Annual;01/01/80
ZWE;Zimbabwe;GBR;United Kingdom;Manufacturing;Persons;2018;552,0969959;561,2108372;-0,759486776;-0,702486415;Annual;01/01/80
ZWE;Zimbabwe;GBR;United Kingdom;Manufacturing;Persons;2019;837,631149;928,4869063;-7,571313108;-6,48223686;Annual;01/01/80
ZWE;Zimbabwe;GBR;United Kingdom;Manufacturing;Persons;2020;665,3464247;663,9954403;0,112582034;0,077849446;Annual;01/01/80
ZWE;Zimbabwe;GBR;United Kingdom;Manufacturing;Persons;2021;833,7830316;870,0159142;-3,019406878;-2,441432918;Annual;01/01/80
ZWE;Zimbabwe;GBR;United Kingdom;Manufacturing;Persons;2022;805,3178229;908,7248695;-8,617253883;-7,90432282;Annual;01/01/80
ZWE;Zimbabwe;GBR;United Kingdom;Manufacturing;Persons;2023;635,8984137;668,0220319;-2,676968181;-2,664842367;Annual;01/01/80
ZWE;Zimbabwe;GBR;United Kingdom;Manufacturing;Persons;2024;549,6170012;564,7188706;-1,258489118;-1,101245707;Annual;01/01/80
ZWE;Zimbabwe;GBR;United Kingdom;Manufacturing;Persons;2025;891,121146;901,397309;-0,856346913;-1,319275403;Annual;01/01/80
ZWE;Zimbabwe;GBR;United Kingdom;Manufacturing;Persons;2026;471,7513924;565,3041023;-10,39474554;-8,794723973;Annual;01/01/80
ZWE;Zimbabwe;GBR;United Kingdom;Mining;Persons;1980;631,8252242;602,0705219;2,479558529;1,874016263;Annual;01/01/80
ZWE;Zimbabwe;GBR;United Kingdom;Mining;Persons;1981;718,3420616;686,0249433;2,69309319;2,558331253;Annual;01/01/80
ZWE;Zimbabwe;GBR;United Kingdom;Mining;Persons;1982;948,5546909;1004,363058;-4,650697263;-4,040444367;Annual;01/01/80
ZWE;Zimbabwe;GBR;United Kingdom;Mining;Persons;1983;901,59337;983,1969973;-6,800302275;-5,526062317;Annual;01/01/80
ZWE;Zimbabwe;GBR;United Kingdom;Mining;Persons;1984;690,7034634;715,0538853;-2,029201824;-2,54730683;Annual;01/01/80
ZWE;Zimbabwe;GBR;United Kingdom;Mining;Persons;1985;627,2196351;648,9239071;-1,808689331;-1,57753321;Annual;01/01/80
ZWE;Zimbabwe;GBR;United Kingdom;Mining;Persons;1986;729,0016407;809,5539241;-6,71269029;-6,153519317;Annual;01/01/80
ZWE;Zimbabwe;GBR;United Kingdom;Mining;Persons;1987;573,7321859;600,0600386;-2,193987726;-1,687161693;Annual;01/01/80
ZWE;Zimbabwe;GBR;United Kingdom;Mining;Persons;1988;705,4643839;708,5511689;-0,257232088;0,050540748;Annual;01/01/80
ZWE;Zimbabwe;GBR;United Kingdom;Mining;Persons;1989;738,3343329;744,8603089;-0,543831332;-0,512554827;Annual;01/01/80
ZWE;Zimbabwe;GBR;United Kingdom;Mining;Persons;1990;920,6025491;925,6631542;-0,421717092;-0,221628401;Annual;01/01/80
ZWE;Zimbabwe;GBR;United Kingdom;Mining;Persons;1991;700,223493;753,9327297;-4,475769729;-3,813472211;Annual;01/01/80
ZWE;Zimbabwe;GBR;United Kingdom;Mining;Persons;1992;573,6469181;624,4543146;-4,23394971;-4,216247069;Annual;01/01/80
ZWE;Zimbabwe;GBR;United Kingdom;Mining;Persons;1993;780,3548943;869,3377868;-7,415241041;-7,034602891;Annual;01/01/80
ZWE;Zimbabwe;GBR;United Kingdom;Mining;Persons;1994;635,1777568;713,3045056;-6,510562402;-6,335901665;Annual;01/01/80
ZWE;Zimbabwe;GBR;United Kingdom;Mining;Persons;1995;639,198666;602,5837002;3,051247153;2,827649186;Annual;01/01/80
ZWE;Zimbabwe;GBR;United Kingdom;Mining;Persons;1996;783,3237825;772,2308346;0,924412331;0,447281129;Annual;01/01/80
ZWE;Zimbabwe;GBR;United Kingdom;Mining;Persons;1997;749,8820397;893,4810595;-11,96658498;-11,38602112;Annual;01/01/80
ZWE;Zimbabwe;GBR;United Kingdom;Mining;Persons;1998;730,2142786;777,190321;-3,914670198;-3,788388893;Annual;01/01/80
ZWE;Zimbabwe;GBR;United Kingdom;Mining;Persons;1999;665,5345574;681,099235;-1,297056465;-1,085714924;Annual;01/01/80
ZWE;Zimbabwe;GBR;United Kingdom;Mining;Persons;2000;700,2020711;781,6113544;-6,784106944;-6,685864919;Annual;01/01/80
ZWE;Zimbabwe;GBR;United Kingdom;Mining;Persons;2001;824,59606;734,7560729;7,486665591;6,509187592;Annual;01/01/80
ZWE;Zimbabwe;GBR;United Kingdom;Mining;Persons;2002;872,696353;999,7169439;-10,58504924;-9,231521081;Annual;01/01/80
ZWE;Zimbabwe;GBR;United Kingdom;Mining;Persons;2003;907,7423886;989,3515389;-6,800762523;-5,76784115;Annual;01/01/80
ZWE;Zimbabwe;GBR;United Kingdom;Mining;Persons;2004;653,1727997;715,8072652;-5,219538787;-4,23044767;Annual;01/01/80
ZWE;Zimbabwe;GBR;United Kingdom;Mining;Persons;2005;572,7703663;596,8714143;-2,008420667;-1,658836079;Annual;01/01/80
ZWE;Zimbabwe;GBR;United Kingdom;Mining;Persons;2006;641,2759753;736,5129516;-7,936414689;-7,159496839;Annual;01/01/80
ZWE;Zimbabwe;GBR;United Kingdom;Mining;Persons;2007;835,1111146;877,4953626;-3,532020663;-3,468440188;Annual;01/01/80
ZWE;Zimbabwe;GBR;United Kingdom;Mining;Persons;2008;561,3403002;588,1676555;-2,235612945;-2,249274719;Annual;01/01/80
ZWE;Zimbabwe;GBR;United Kingdom;Mining;Persons;2009;745,5139164;765,6324695;-1,676546089;-1,37149516;Annual;01/01/80
ZWE;Zimbabwe;GBR;United Kingdom;Mining;Persons;2010;701,6752434;697,9596168;0,309635555;-0,636999369;Annual;01/01/80
ZWE;Zimbabwe;GBR;United Kingdom;Mining;Persons;2011;781,7924684;865,5634687;-6,980916694;-5,361991562;Annual;01/01/80
ZWE;Zimbabwe;GBR;United Kingdom;Mining;Persons;2012;770,086679;975,645973;-17,12994117;-14,92882367;Annual;01/01/80
ZWE;Zimbabwe;GBR;United Kingdom;Mining;Persons;2013;844,73582;861,3811353;-1,387109604;-1,643766243;Annual;01/01/80
ZWE;Zimbabwe;GBR;United Kingdom;Mining;Persons;2014;709,3041243;782,2142069;-6,07584022;-5,311323789;Annual;01/01/80
ZWE;Zimbabwe;GBR;United Kingdom;Mining;Persons;2015;530,7159343;583,3222891;-4,383862897;-4,367912547;Annual;01/01/80
ZWE;Zimbabwe;GBR;United Kingdom;Mining;Persons;2016;606,5179094;739,125517;-11,05063397;-9,502172111;Annual;01/01/80
ZWE;Zimbabwe;GBR;United Kingdom;Mining;Persons;2017;737,0432544;763,2339575;-2,182558591;-1,936705006;Annual;01/01/80
ZWE;Zimbabwe;GBR;United Kingdom;Mining;Persons;2018;917,3118761;1046,067836;-10,72966331;-10,25992497;Annual;01/01/80
ZWE;Zimbabwe;GBR;United Kingdom;Mining;Persons;2019;665,2568872;703,0082762;-3,145949077;-3,184819543;Annual;01/01/80
ZWE;Zimbabwe;GBR;United Kingdom;Mining;Persons;2020;711,7339188;872,2594546;-13,37712798;-11,90817864;Annual;01/01/80
ZWE;Zimbabwe;GBR;United Kingdom;Mining;Persons;2021;579,4372793;586,8846237;-0,620612039;-0,50236315;Annual;01/01/80
ZWE;Zimbabwe;GBR;United Kingdom;Mining;Persons;2022;565,3978596;650,8118864;-7,117835573;-7,018474972;Annual;01/01/80
ZWE;Zimbabwe;GBR;United Kingdom;Mining;Persons;2023;700,3534101;706,3735837;-0,501681131;-0,374110237;Annual;01/01/80
ZWE;Zimbabwe;GBR;United Kingdom;Mining;Persons;2024;818,041126;852,6039157;-2,880232473;-2,400562425;Annual;01/01/80
ZWE;Zimbabwe;GBR;United Kingdom;Mining;Persons;2025;671,235674;687,7569586;-1,376773715;-0,514002478;Annual;01/01/80
ZWE;Zimbabwe;GBR;United Kingdom;Mining;Persons;2026;385,4181887;402,9231599;-1,944996794;-0,926781845;Annual;01/01/80
ZWE;Zimbabwe;GBR;United Kingdom;Other;Persons;1980;620,6254884;625,3678408;-0,395196031;-0,752575386;Annual;01/01/80
ZWE;Zimbabwe;GBR;United Kingdom;Other;Persons;1981;740,0217623;708,8948638;2,593908213;2,909710471;Annual;01/01/80
ZWE;Zimbabwe;GBR;United Kingdom;Other;Persons;1982;617,5838877;687,5624852;-5,83154979;-5,233162239;Annual;01/01/80
ZWE;Zimbabwe;GBR;United Kingdom;Other;Persons;1983;606,3954721;634,4570703;-2,338466517;-2,199053013;Annual;01/01/80
ZWE;Zimbabwe;GBR;United Kingdom;Other;Persons;1984;690,9750618;727,9138012;-3,078228277;-2,722718843;Annual;01/01/80
ZWE;Zimbabwe;GBR;United Kingdom;Other;Persons;1985;736,7326871;745,0868247;-0,696178133;-0,665230339;Annual;01/01/80
ZWE;Zimbabwe;GBR;United Kingdom;Other;Persons;1986;811,7418725;762,7320796;4,084149408;3,901462716;Annual;01/01/80
ZWE;Zimbabwe;GBR;United Kingdom;Other;Persons;1987;733,4919731;744,0078357;-0,876321882;-1,395694907;Annual;01/01/80
ZWE;Zimbabwe;GBR;United Kingdom;Other;Persons;1988;496,8650893;519,2883804;-1,868607593;-1,587839597;Annual;01/01/80
ZWE;Zimbabwe;GBR;United Kingdom;Other;Persons;1989;721,8116059;855,8680833;-11,17137311;-9,95805857;Annual;01/01/80
ZWE;Zimbabwe;GBR;United Kingdom;Other;Persons;1990;672,9671996;721,6079052;-4,053392131;-3,836363822;Annual;01/01/80
ZWE;Zimbabwe;GBR;United Kingdom;Other;Persons;1991;687,9167033;727,7813652;-3,322055155;-2,500504895;Annual;01/01/80
ZWE;Zimbabwe;GBR;United Kingdom;Other;Persons;1992;627,8932564;711,9605611;-7,005608717;-6,175664076;Annual;01/01/80
ZWE;Zimbabwe;GBR;United Kingdom;Other;Persons;1993;601,0182523;652,1293164;-4,259255342;-3,26244187;Annual;01/01/80
ZWE;Zimbabwe;GBR;United Kingdom;Other;Persons;1994;681,0337614;721,9091909;-3,406285791;-3,031176609;Annual;01/01/80
ZWE;Zimbabwe;GBR;United Kingdom;Other;Persons;1995;990,216329;1079,163327;-7,412249823;-7,249735729;Annual;01/01/80
ZWE;Zimbabwe;GBR;United Kingdom;Other;Persons;1996;758,4750626;852,3339799;-7,821576445;-6,140329652;Annual;01/01/80
ZWE;Zimbabwe;GBR;United Kingdom;Other;Persons;1997;855,7757948;886,7177401;-2,578495445;-2,251434032;Annual;01/01/80
ZWE;Zimbabwe;GBR;United Kingdom;Other;Persons;1998;787,8444027;907,6234206;-9,981584825;-8,01646928;Annual;01/01/80
ZWE;Zimbabwe;GBR;United Kingdom;Other;Persons;1999;812,923622;939,3657244;-10,53684186;-8,654161559;Annual;01/01/80
ZWE;Zimbabwe;GBR;United Kingdom;Other;Persons;2000;807,2130556;853,0159073;-3,816904309;-3,618513131;Annual;01/01/80
ZWE;Zimbabwe;GBR;United Kingdom;Other;Persons;2001;845,9962434;867,5532042;-1,796413399;-0,879834775;Annual;01/01/80
ZWE;Zimbabwe;GBR;United Kingdom;Other;Persons;2002;693,5100856;770,1155991;-6,383792794;-5,174871445;Annual;01/01/80
ZWE;Zimbabwe;GBR;United Kingdom;Other;Persons;2003;586,7883371;704,023367;-9,769585824;-8,603422146;Annual;01/01/80
ZWE;Zimbabwe;GBR;United Kingdom;Other;Persons;2004;834,9589021;958,8841143;-10,32710102;-9,182610397;Annual;01/01/80
ZWE;Zimbabwe;GBR;United Kingdom;Other;Persons;2005;835,3584734;781,7394003;4,468256095;3,251283992;Annual;01/01/80
ZWE;Zimbabwe;GBR;United Kingdom;Other;Persons;2006;698,8160079;720,0779272;-1,771826609;-1,748644219;Annual;01/01/80
ZWE;Zimbabwe;GBR;United Kingdom;Other;Persons;2007;747,4701763;817,715334;-5,853763137;-4,78267933;Annual;01/01/80
ZWE;Zimbabwe;GBR;United Kingdom;Other;Persons;2008;739,5439679;806,3414956;-5,566460644;-4,771910383;Annual;01/01/80
ZWE;Zimbabwe;GBR;United Kingdom;Other;Persons;2009;774,9557388;968,8492819;-16,15779526;-15,01735691;Annual;01/01/80
ZWE;Zimbabwe;GBR;United Kingdom;Other;Persons;2010;759,6591153;863,7739508;-8,676236289;-7,914651424;Annual;01/01/80
ZWE;Zimbabwe;GBR;United Kingdom;Other;Persons;2011;645,5651058;708,5734725;-5,250697226;-5,223638987;Annual;01/01/80
ZWE;Zimbabwe;GBR;United Kingdom;Other;Persons;2012;611,7592161;673,2325747;-5,122779889;-3,949730866;Annual;01/01/80
ZWE;Zimbabwe;GBR;United Kingdom;Other;Persons;2013;756,9278186;845,5527673;-7,385412393;-6,644638249;Annual;01/01/80
ZWE;Zimbabwe;GBR;United Kingdom;Other;Persons;2014;721,6437788;748,8771118;-2,269444424;-2,014399023;Annual;01/01/80
ZWE;Zimbabwe;GBR;United Kingdom;Other;Persons;2015;824,0579445;903,7574136;-6,641622418;-5,182440079;Annual;01/01/80
ZWE;Zimbabwe;GBR;United Kingdom;Other;Persons;2016;771,9703686;751,287609;1,723563298;1,37470571;Annual;01/01/80
ZWE;Zimbabwe;GBR;United Kingdom;Other;Persons;2017;719,916021;711,3228057;0,716101272;0,804912011;Annual;01/01/80
ZWE;Zimbabwe;GBR;United Kingdom;Other;Persons;2018;744,7539895;842,9770135;-8,185252003;-8,049478398;Annual;01/01/80
ZWE;Zimbabwe;GBR;United Kingdom;Other;Persons;2019;759,8213633;784,5079319;-2,057214053;-1,567281172;Annual;01/01/80
ZWE;Zimbabwe;GBR;United Kingdom;Other;Persons;2020;731,040356;771,9123221;-3,405997181;-3,162486139;Annual;01/01/80
ZWE;Zimbabwe;GBR;United Kingdom;Other;Persons;2021;571,0178694;606,0316733;-2,917816995;-3,314643954;Annual;01/01/80
ZWE;Zimbabwe;GBR;United Kingdom;Other;Persons;2022;612,7686324;609,333294;0,286278196;-0,545560848;Annual;01/01/80
ZWE;Zimbabwe;GBR;United Kingdom;Other;Persons;2023;604,4059781;715,4732778;-9,255608311;-8,570547431;Annual;01/01/80
ZWE;Zimbabwe;GBR;United Kingdom;Other;Persons;2024;798,0929538;891,4168531;-7,776991608;-6,62833336;Annual;01/01/80
ZWE;Zimbabwe;GBR;United Kingdom;Other;Persons;2025;602,5016227;604,1289128;-0,135607513;-0,062393388;Annual;01/01/80
ZWE;Zimbabwe;GBR;United Kingdom;Other;Persons;2026;545,4720531;569,9957708;-2,724857524;-2,979115843;Annual;01/01/80
ZWE;Zimbabwe;GBR;United Kingdom;Public Services;Persons;1980;730,9149615;744,2927142;-1,114812721;-0,94741671;Annual;01/01/80
ZWE;Zimbabwe;GBR;United Kingdom;Public Services;Persons;1981;701,0977644;670,6475145;2,537520827;2,193932856;Annual;01/01/80
ZWE;Zimbabwe;GBR;United Kingdom;Public Services;Persons;1982;720,1843074;795,5412819;-6,279747873;-6,025606375;Annual;01/01/80
ZWE;Zimbabwe;GBR;United Kingdom;Public Services;Persons;1983;582,3347667;619,6953851;-3,113384866;-3,024118662;Annual;01/01/80
ZWE;Zimbabwe;GBR;United Kingdom;Public Services;Persons;1984;555,8919115;592,6173021;-3,06044922;-3,017246698;Annual;01/01/80
ZWE;Zimbabwe;GBR;United Kingdom;Public Services;Persons;1985;591,3633781;604,7833138;-1,118327973;-1,083939223;Annual;01/01/80
ZWE;Zimbabwe;GBR;United Kingdom;Public Services;Persons;1986;743,2612967;801,8144917;-4,879432914;-4,73064569;Annual;01/01/80
ZWE;Zimbabwe;GBR;United Kingdom;Public Services;Persons;1987;653,636863;764,0477194;-9,2009047;-8,262146388;Annual;01/01/80
ZWE;Zimbabwe;GBR;United Kingdom;Public Services;Persons;1988;593,0964788;604,2843608;-0,932323501;-1,306769292;Annual;01/01/80
ZWE;Zimbabwe;GBR;United Kingdom;Public Services;Persons;1989;720,5510092;767,5807885;-3,919148281;-3,649840966;Annual;01/01/80
ZWE;Zimbabwe;GBR;United Kingdom;Public Services;Persons;1990;737,8026861;754,8885601;-1,423822833;-1,584843529;Annual;01/01/80
ZWE;Zimbabwe;GBR;United Kingdom;Public Services;Persons;1991;733,8772673;754,6639361;-1,732222399;-1,870037747;Annual;01/01/80
ZWE;Zimbabwe;GBR;United Kingdom;Public Services;Persons;1992;851,5210593;927,0572202;-6,294680076;-5,632006091;Annual;01/01/80
ZWE;Zimbabwe;GBR;United Kingdom;Public Services;Persons;1993;955,3612163;951,3743095;0,332242232;0,27477968;Annual;01/01/80
ZWE;Zimbabwe;GBR;United Kingdom;Public Services;Persons;1994;695,5161084;652,0825565;3,619462653;3,024454131;Annual;01/01/80
ZWE;Zimbabwe;GBR;United Kingdom;Public Services;Persons;1995;773,2781172;859,9531525;-7,222919612;-7,392346582;Annual;01/01/80
ZWE;Zimbabwe;GBR;United Kingdom;Public Services;Persons;1996;569,2078593;610,0599403;-3,404340089;-2,912486238;Annual;01/01/80
ZWE;Zimbabwe;GBR;United Kingdom;Public Services;Persons;1997;585,6313151;615,7789245;-2,512300781;-1,693322004;Annual;01/01/80
ZWE;Zimbabwe;GBR;United Kingdom;Public Services;Persons;1998;769,3676852;827,5483611;-4,848389663;-4,984359629;Annual;01/01/80
ZWE;Zimbabwe;GBR;United Kingdom;Public Services;Persons;1999;837,4627951;889,4054585;-4,328555286;-4,67688439;Annual;01/01/80
ZWE;Zimbabwe;GBR;United Kingdom;Public Services;Persons;2000;629,0136041;682,732235;-4,476552572;-4,168797921;Annual;01/01/80
ZWE;Zimbabwe;GBR;United Kingdom;Public Services;Persons;2001;641,5377353;775,9957933;-11,20483817;-9,774755049;Annual;01/01/80
ZWE;Zimbabwe;GBR;United Kingdom;Public Services;Persons;2002;639,2696944;758,9802385;-9,975878674;-8,885943584;Annual;01/01/80
ZWE;Zimbabwe;GBR;United Kingdom;Public Services;Persons;2003;626,0657991;715,8355432;-7,480812007;-6,617358213;Annual;01/01/80
ZWE;Zimbabwe;GBR;United Kingdom;Public Services;Persons;2004;780,9285771;754,5138217;2,201229616;1,916078084;Annual;01/01/80
ZWE;Zimbabwe;GBR;United Kingdom;Public Services;Persons;2005;670,8402075;744,7081661;-6,155663217;-5,009655393;Annual;01/01/80
ZWE;Zimbabwe;GBR;United Kingdom;Public Services;Persons;2006;688,9996321;811,3347299;-10,19459149;-9,125498238;Annual;01/01/80
ZWE;Zimbabwe;GBR;United Kingdom;Public Services;Persons;2007;795,8324866;894,7140048;-8,240126518;-8,428405373;Annual;01/01/80
ZWE;Zimbabwe;GBR;United Kingdom;Public Services;Persons;2008;638,179699;635,518122;0,221798081;0,102226985;Annual;01/01/80
ZWE;Zimbabwe;GBR;United Kingdom;Public Services;Persons;2009;649,7296965;724,0735879;-6,195324282;-6,191431023;Annual;01/01/80
ZWE;Zimbabwe;GBR;United Kingdom;Public Services;Persons;2010;842,9535145;883,3111801;-3,363138801;-2,91104625;Annual;01/01/80
ZWE;Zimbabwe;GBR;United Kingdom;Public Services;Persons;2011;752,1366184;791,0855193;-3,24574174;-2,881736647;Annual;01/01/80
ZWE;Zimbabwe;GBR;United Kingdom;Public Services;Persons;2012;841,5536225;1009,68516;-14,01096145;-12,76333312;Annual;01/01/80
ZWE;Zimbabwe;GBR;United Kingdom;Public Services;Persons;2013;721,6358336;655,2808971;5,529578043;5,472914462;Annual;01/01/80
ZWE;Zimbabwe;GBR;United Kingdom;Public Services;Persons;2014;731,472738;882,7544396;-12,60680847;-11,71928481;Annual;01/01/80
ZWE;Zimbabwe;GBR;United Kingdom;Public Services;Persons;2015;707,1432745;880,208457;-14,42209854;-13,40177879;Annual;01/01/80
ZWE;Zimbabwe;GBR;United Kingdom;Public Services;Persons;2016;684,791127;807,9800153;-10,26574069;-9,279015447;Annual;01/01/80
ZWE;Zimbabwe;GBR;United Kingdom;Public Services;Persons;2017;734,4352069;719,0188202;1,28469889;1,698561776;Annual;01/01/80
ZWE;Zimbabwe;GBR;United Kingdom;Public Services;Persons;2018;666,891457;582,928155;6,996941834;6,083217828;Annual;01/01/80
ZWE;Zimbabwe;GBR;United Kingdom;Public Services;Persons;2019;599,8025529;757,3929848;-13,132536;-11,02959791;Annual;01/01/80
ZWE;Zimbabwe;GBR;United Kingdom;Public Services;Persons;2020;706,7950004;744,6193516;-3,152029265;-3,242920963;Annual;01/01/80
ZWE;Zimbabwe;GBR;United Kingdom;Public Services;Persons;2021;630,2741945;695,6879645;-5,451147506;-4,976060933;Annual;01/01/80
ZWE;Zimbabwe;GBR;United Kingdom;Public Services;Persons;2022;714,59581;701,311173;1,107053086;1,11884919;Annual;01/01/80
ZWE;Zimbabwe;GBR;United Kingdom;Public Services;Persons;2023;638,6332825;718,0323637;-6,6165901;-6,060736859;Annual;01/01/80
ZWE;Zimbabwe;GBR;United Kingdom;Public Services;Persons;2024;845,6470268;989,8139139;-12,01390726;-9,968888136;Annual;01/01/80
ZWE;Zimbabwe;GBR;United Kingdom;Public Services;Persons;2025;702,7592105;726,9774399;-2,018185779;-1,716652318;Annual;01/01/80
ZWE;Zimbabwe;GBR;United Kingdom;Public Services;Persons;2026;464,5158758;465,8697227;-0,150427431;0,317152599;Annual;01/01/80
ZWE;Zimbabwe;GBR;United Kingdom;Tourism;Persons;1980;794,761572;751,9006484;3,571743638;4,057709189;Annual;01/01/80
ZWE;Zimbabwe;GBR;United Kingdom;Tourism;Persons;1981;697,7619782;739,0227853;-3,43840059;-2,303729165;Annual;01/01/80
ZWE;Zimbabwe;GBR;United Kingdom;Tourism;Persons;1982;696,4230179;655,3270682;3,42466248;3,025039699;Annual;01/01/80
ZWE;Zimbabwe;GBR;United Kingdom;Tourism;Persons;1983;641,2010687;771,1080489;-10,82558169;-10,62970583;Annual;01/01/80
ZWE;Zimbabwe;GBR;United Kingdom;Tourism;Persons;1984;706,1983942;707,3490158;-0,095885127;0,442225548;Annual;01/01/80
ZWE;Zimbabwe;GBR;United Kingdom;Tourism;Persons;1985;700,5525862;793,911939;-7,779946064;-7,285600368;Annual;01/01/80
ZWE;Zimbabwe;GBR;United Kingdom;Tourism;Persons;1986;839,4240803;848,8539803;-0,785825002;-0,666767901;Annual;01/01/80
ZWE;Zimbabwe;GBR;United Kingdom;Tourism;Persons;1987;701,5048141;729,6962071;-2,349282751;-1,79151214;Annual;01/01/80
ZWE;Zimbabwe;GBR;United Kingdom;Tourism;Persons;1988;677,4289989;685,3044126;-0,65628447;-0,736005873;Annual;01/01/80
ZWE;Zimbabwe;GBR;United Kingdom;Tourism;Persons;1989;557,4074823;572,3662348;-1,246562708;-1,272479997;Annual;01/01/80
ZWE;Zimbabwe;GBR;United Kingdom;Tourism;Persons;1990;457,6203336;551,0203938;-7,783338346;-6,615487102;Annual;01/01/80
ZWE;Zimbabwe;GBR;United Kingdom;Tourism;Persons;1991;755,6731011;798,7898152;-3,593059504;-3,874071624;Annual;01/01/80
ZWE;Zimbabwe;GBR;United Kingdom;Tourism;Persons;1992;700,5056877;773,2368367;-6,060929082;-6,042101201;Annual;01/01/80
ZWE;Zimbabwe;GBR;United Kingdom;Tourism;Persons;1993;659,4512162;726,1756749;-5,560371563;-5,225465153;Annual;01/01/80
ZWE;Zimbabwe;GBR;United Kingdom;Tourism;Persons;1994;657,3903872;677,5650702;-1,681223584;-2,10384375;Annual;01/01/80
ZWE;Zimbabwe;GBR;United Kingdom;Tourism;Persons;1995;746,2236674;808,5126175;-5,190745842;-5,574599979;Annual;01/01/80
ZWE;Zimbabwe;GBR;United Kingdom;Tourism;Persons;1996;616,5320119;715,4489802;-8,243080691;-7,927482485;Annual;01/01/80
ZWE;Zimbabwe;GBR;United Kingdom;Tourism;Persons;1997;750,5624721;687,1268194;5,28630439;3,960674729;Annual;01/01/80
ZWE;Zimbabwe;GBR;United Kingdom;Tourism;Persons;1998;663,3143345;699,6052528;-3,024243193;-2,393751263;Annual;01/01/80
ZWE;Zimbabwe;GBR;United Kingdom;Tourism;Persons;1999;641,175135;716,6823524;-6,292268119;-4,978247828;Annual;01/01/80
ZWE;Zimbabwe;GBR;United Kingdom;Tourism;Persons;2000;788,8654136;801,2458124;-1,031699898;-0,873215486;Annual;01/01/80
ZWE;Zimbabwe;GBR;United Kingdom;Tourism;Persons;2001;864,0937627;852,4872015;0,967213435;0,206810644;Annual;01/01/80
ZWE;Zimbabwe;GBR;United Kingdom;Tourism;Persons;2002;771,5744801;751,8761281;1,641529334;1,81932504;Annual;01/01/80
ZWE;Zimbabwe;GBR;United Kingdom;Tourism;Persons;2003;801,3022752;919,0358241;-9,811129081;-9,805851835;Annual;01/01/80
ZWE;Zimbabwe;GBR;United Kingdom;Tourism;Persons;2004;551,6008232;521,9234405;2,47311523;2,541961746;Annual;01/01/80
ZWE;Zimbabwe;GBR;United Kingdom;Tourism;Persons;2005;690,4070123;744,5221354;-4,509593592;-4,370802661;Annual;01/01/80
ZWE;Zimbabwe;GBR;United Kingdom;Tourism;Persons;2006;652,8969084;726,4585805;-6,130139342;-5,774860091;Annual;01/01/80
ZWE;Zimbabwe;GBR;United Kingdom;Tourism;Persons;2007;657,9351364;734,5624324;-6,385607998;-6,213161725;Annual;01/01/80
ZWE;Zimbabwe;GBR;United Kingdom;Tourism;Persons;2008;585,8409429;540,8304644;3,75087321;3,516346398;Annual;01/01/80
ZWE;Zimbabwe;GBR;United Kingdom;Tourism;Persons;2009;775,0899763;920,1699079;-12,0899943;-10,77414661;Annual;01/01/80
ZWE;Zimbabwe;GBR;United Kingdom;Tourism;Persons;2010;761,0435349;788,4274169;-2,281990165;-1,549426346;Annual;01/01/80
ZWE;Zimbabwe;GBR;United Kingdom;Tourism;Persons;2011;633,2817916;716,2766868;-6,916241263;-5,853199686;Annual;01/01/80
ZWE;Zimbabwe;GBR;United Kingdom;Tourism;Persons;2012;783,4510285;861,3053395;-6,487859255;-6,598247015;Annual;01/01/80
ZWE;Zimbabwe;GBR;United Kingdom;Tourism;Persons;2013;605,0610206;617,1121157;-1,004257933;-0,317861157;Annual;01/01/80
ZWE;Zimbabwe;GBR;United Kingdom;Tourism;Persons;2014;742,932775;811,1057399;-5,681080413;-4,936907679;Annual;01/01/80
ZWE;Zimbabwe;GBR;United Kingdom;Tourism;Persons;2015;734,8434165;673,0832916;5,146677071;4,707209663;Annual;01/01/80
ZWE;Zimbabwe;GBR;United Kingdom;Tourism;Persons;2016;651,8684427;696,9567529;-3,757359181;-3,346498049;Annual;01/01/80
ZWE;Zimbabwe;GBR;United Kingdom;Tourism;Persons;2017;565,3719156;524,1532361;3,434889959;3,692606841;Annual;01/01/80
ZWE;Zimbabwe;GBR;United Kingdom;Tourism;Persons;2018;795,4730321;913,2221086;-9,812423037;-9,079055065;Annual;01/01/80
ZWE;Zimbabwe;GBR;United Kingdom;Tourism;Persons;2019;878,7402334;879,1969714;-0,038061506;0,370113839;Annual;01/01/80
ZWE;Zimbabwe;GBR;United Kingdom;Tourism;Persons;2020;654,6854341;669,6300012;-1,245380598;-1,521176736;Annual;01/01/80
ZWE;Zimbabwe;GBR;United Kingdom;Tourism;Persons;2021;794,8833411;944,7331096;-12,48748071;-10,61949772;Annual;01/01/80
ZWE;Zimbabwe;GBR;United Kingdom;Tourism;Persons;2022;821,0379664;928,7519943;-8,976168993;-8,495509418;Annual;01/01/80
ZWE;Zimbabwe;GBR;United Kingdom;Tourism;Persons;2023;715,525207;830,4212174;-9,574667537;-8,398318486;Annual;01/01/80
ZWE;Zimbabwe;GBR;United Kingdom;Tourism;Persons;2024;700,9142424;719,6768785;-1,563553007;-1,788523456;Annual;01/01/80
ZWE;Zimbabwe;GBR;United Kingdom;Tourism;Persons;2025;778,214404;937,1717252;-13,24644343;-12,5791442;Annual;01/01/80
ZWE;Zimbabwe;GBR;United Kingdom;Tourism;Persons;2026;426,8957881;432,3142482;-0,602051129;-0,654804411;Annual;01/01/80
ZWE;Zimbabwe;GBR;United Kingdom;Trade;Persons;1980;772,2720107;762,1535367;0,843206164;0,660851837;Annual;01/01/80
ZWE;Zimbabwe;GBR;United Kingdom;Trade;Persons;1981;694,913385;655,5792808;3,277842011;3,766374961;Annual;01/01/80
ZWE;Zimbabwe;GBR;United Kingdom;Trade;Persons;1982;756,5267385;810,7672691;-4,520044219;-3,909839807;Annual;01/01/80
ZWE;Zimbabwe;GBR;United Kingdom;Trade;Persons;1983;873,3802514;931,1738195;-4,816130673;-5,147655956;Annual;01/01/80
ZWE;Zimbabwe;GBR;United Kingdom;Trade;Persons;1984;702,9476814;667,1471678;2,983376131;2,434295772;Annual;01/01/80
ZWE;Zimbabwe;GBR;United Kingdom;Trade;Persons;1985;630,2264637;608,2375633;1,832408363;1,795909591;Annual;01/01/80
ZWE;Zimbabwe;GBR;United Kingdom;Trade;Persons;1986;635,1132521;655,4698978;-1,696387146;-1,668663083;Annual;01/01/80
ZWE;Zimbabwe;GBR;United Kingdom;Trade;Persons;1987;687,3568165;777,1188607;-7,480170351;-6,767234122;Annual;01/01/80
ZWE;Zimbabwe;GBR;United Kingdom;Trade;Persons;1988;765,8927756;812,4533629;-3,88004894;-3,050902035;Annual;01/01/80
ZWE;Zimbabwe;GBR;United Kingdom;Trade;Persons;1989;661,2737712;701,8594435;-3,382139356;-2,662979171;Annual;01/01/80
ZWE;Zimbabwe;GBR;United Kingdom;Trade;Persons;1990;770,2941169;858,4242395;-7,344176878;-7,143277839;Annual;01/01/80
ZWE;Zimbabwe;GBR;United Kingdom;Trade;Persons;1991;636,153423;652,3762287;-1,35190048;-1,131136358;Annual;01/01/80
ZWE;Zimbabwe;GBR;United Kingdom;Trade;Persons;1992;681,3274442;783,8473589;-8,543326226;-7,759519448;Annual;01/01/80
ZWE;Zimbabwe;GBR;United Kingdom;Trade;Persons;1993;570,3189735;580,4129533;-0,84116498;-0,625292282;Annual;01/01/80
ZWE;Zimbabwe;GBR;United Kingdom;Trade;Persons;1994;857,7278108;898,0366617;-3,359070911;-2,50077865;Annual;01/01/80
ZWE;Zimbabwe;GBR;United Kingdom;Trade;Persons;1995;865,1428624;1039,2518;-14,50907816;-13,42556969;Annual;01/01/80
ZWE;Zimbabwe;GBR;United Kingdom;Trade;Persons;1996;689,7863296;735,3147008;-3,794030933;-3,130411366;Annual;01/01/80
ZWE;Zimbabwe;GBR;United Kingdom;Trade;Persons;1997;923,1445788;952,0822397;-2,411471745;-2,552960621;Annual;01/01/80
ZWE;Zimbabwe;GBR;United Kingdom;Trade;Persons;1998;682,2158778;602,7015076;6,626197515;6,907356405;Annual;01/01/80
ZWE;Zimbabwe;GBR;United Kingdom;Trade;Persons;1999;593,6969457;590,0603051;0,303053378;-0,142188129;Annual;01/01/80
ZWE;Zimbabwe;GBR;United Kingdom;Trade;Persons;2000;877,2672813;970,781911;-7,792885815;-6,701948768;Annual;01/01/80
ZWE;Zimbabwe;GBR;United Kingdom;Trade;Persons;2001;661,3080921;697,3192889;-3,000933063;-2,554777798;Annual;01/01/80
ZWE;Zimbabwe;GBR;United Kingdom;Trade;Persons;2002;695,7446489;793,1929053;-8,120688037;-7,649879243;Annual;01/01/80
ZWE;Zimbabwe;GBR;United Kingdom;Trade;Persons;2003;585,9733662;657,2763789;-5,941917721;-5,199345517;Annual;01/01/80
ZWE;Zimbabwe;GBR;United Kingdom;Trade;Persons;2004;763,2909283;762,4479094;0,070251576;0,244355628;Annual;01/01/80
ZWE;Zimbabwe;GBR;United Kingdom;Trade;Persons;2005;693,3233842;707,3919491;-1,172380412;-1,118918863;Annual;01/01/80
ZWE;Zimbabwe;GBR;United Kingdom;Trade;Persons;2006;635,8018619;608,7869199;2,251245161;2,312790723;Annual;01/01/80
ZWE;Zimbabwe;GBR;United Kingdom;Trade;Persons;2007;764,5084483;805,6755995;-3,430595939;-2,414686424;Annual;01/01/80
ZWE;Zimbabwe;GBR;United Kingdom;Trade;Persons;2008;533,621696;602,0364914;-5,701232951;-5,235875648;Annual;01/01/80
ZWE;Zimbabwe;GBR;United Kingdom;Trade;Persons;2009;751,4849393;730,8394002;1,72046159;1,731246044;Annual;01/01/80
ZWE;Zimbabwe;GBR;United Kingdom;Trade;Persons;2010;627,0204957;666,0615477;-3,253420995;-2,773446388;Annual;01/01/80
ZWE;Zimbabwe;GBR;United Kingdom;Trade;Persons;2011;674,7610397;735,3122533;-5,045934462;-4,509209768;Annual;01/01/80
ZWE;Zimbabwe;GBR;United Kingdom;Trade;Persons;2012;713,799675;752,842384;-3,253559079;-3,1635674;Annual;01/01/80
ZWE;Zimbabwe;GBR;United Kingdom;Trade;Persons;2013;681,5623648;605,4909211;6,33928697;6,683599624;Annual;01/01/80
ZWE;Zimbabwe;GBR;United Kingdom;Trade;Persons;2014;603,8433513;679,3174713;-6,289510003;-5,257217685;Annual;01/01/80
ZWE;Zimbabwe;GBR;United Kingdom;Trade;Persons;2015;659,4310981;666,3993991;-0,580691747;-1,073397606;Annual;01/01/80
ZWE;Zimbabwe;GBR;United Kingdom;Trade;Persons;2016;750,991818;736,5542042;1,203134482;1,482437431;Annual;01/01/80
ZWE;Zimbabwe;GBR;United Kingdom;Trade;Persons;2017;609,559431;707,2414348;-8,14016698;-8,053398244;Annual;01/01/80
ZWE;Zimbabwe;GBR;United Kingdom;Trade;Persons;2018;649,3894652;610,7926888;3,216398036;2,72849827;Annual;01/01/80
ZWE;Zimbabwe;GBR;United Kingdom;Trade;Persons;2019;675,5947614;762,0730508;-7,206524112;-6,019581313;Annual;01/01/80
ZWE;Zimbabwe;GBR;United Kingdom;Trade;Persons;2020;695,6891666;716,5930997;-1,741994421;-1,65531513;Annual;01/01/80
ZWE;Zimbabwe;GBR;United Kingdom;Trade;Persons;2021;619,1064063;694,317774;-6,267613975;-5,724730343;Annual;01/01/80
ZWE;Zimbabwe;GBR;United Kingdom;Trade;Persons;2022;696,3234929;690,957816;0,447139743;0,639670549;Annual;01/01/80
ZWE;Zimbabwe;GBR;United Kingdom;Trade;Persons;2023;849,7926458;866,7822075;-1,415796809;-1,341273808;Annual;01/01/80
ZWE;Zimbabwe;GBR;United Kingdom;Trade;Persons;2024;718,6356948;891,3026528;-14,38891317;-12,3629576;Annual;01/01/80
ZWE;Zimbabwe;GBR;United Kingdom;Trade;Persons;2025;811,3290868;852,5762457;-3,437263241;-2,793557352;Annual;01/01/80
ZWE;Zimbabwe;GBR;United Kingdom;Trade;Persons;2026;654,6649799;671,4886104;-1,869292281;-1,915822756;Annual;01/01/80
ZWE;Zimbabwe;GBR;United Kingdom;Transport;Persons;1980;684,9909317;690,5968125;-0,46715673;0,027229592;Annual;01/01/80
ZWE;Zimbabwe;GBR;United Kingdom;Transport;Persons;1981;668,047554;770,5378157;-8,540855141;-8,010169329;Annual;01/01/80
ZWE;Zimbabwe;GBR;United Kingdom;Transport;Persons;1982;760,1614549;868,5998824;-9,036535622;-7,903167275;Annual;01/01/80
ZWE;Zimbabwe;GBR;United Kingdom;Transport;Persons;1983;743,6749443;808,6740885;-5,416595352;-5,496165249;Annual;01/01/80
ZWE;Zimbabwe;GBR;United Kingdom;Transport;Persons;1984;466,9025497;520,3611464;-4,45488306;-3,963765713;Annual;01/01/80
ZWE;Zimbabwe;GBR;United Kingdom;Transport;Persons;1985;613,9538406;651,9180416;-3,163683419;-3,195151429;Annual;01/01/80
ZWE;Zimbabwe;GBR;United Kingdom;Transport;Persons;1986;636,911915;713,914688;-6,41689775;-5,563246847;Annual;01/01/80
ZWE;Zimbabwe;GBR;United Kingdom;Transport;Persons;1987;706,8913869;770,8187299;-5,327278589;-4,863174628;Annual;01/01/80
ZWE;Zimbabwe;GBR;United Kingdom;Transport;Persons;1988;635,5439489;684,8922326;-4,112356979;-3,035014745;Annual;01/01/80
ZWE;Zimbabwe;GBR;United Kingdom;Transport;Persons;1989;730,444083;852,5319728;-10,17399082;-9,306527358;Annual;01/01/80
ZWE;Zimbabwe;GBR;United Kingdom;Transport;Persons;1990;576,123838;705,2315065;-10,75897237;-9,939386388;Annual;01/01/80
ZWE;Zimbabwe;GBR;United Kingdom;Transport;Persons;1991;767,4442629;780,9755493;-1,127607197;-0,519408959;Annual;01/01/80
ZWE;Zimbabwe;GBR;United Kingdom;Transport;Persons;1992;683,8400045;684,0155129;-0,014625701;-0,055290208;Annual;01/01/80
ZWE;Zimbabwe;GBR;United Kingdom;Transport;Persons;1993;883,9234436;906,895611;-1,914347284;-1,42435095;Annual;01/01/80
ZWE;Zimbabwe;GBR;United Kingdom;Transport;Persons;1994;632,6862484;689,6101442;-4,743657985;-4,503371424;Annual;01/01/80
ZWE;Zimbabwe;GBR;United Kingdom;Transport;Persons;1995;729,4482176;809,6435056;-6,682940664;-6,089640648;Annual;01/01/80
ZWE;Zimbabwe;GBR;United Kingdom;Transport;Persons;1996;701,2098471;844,2727984;-11,92191261;-10,39639924;Annual;01/01/80
ZWE;Zimbabwe;GBR;United Kingdom;Transport;Persons;1997;812,200688;831,665363;-1,622056252;-1,457810691;Annual;01/01/80
ZWE;Zimbabwe;GBR;United Kingdom;Transport;Persons;1998;854,2213424;812,0373353;3,515333925;3,005300901;Annual;01/01/80
ZWE;Zimbabwe;GBR;United Kingdom;Transport;Persons;1999;609,4680591;640,409374;-2,578442907;-1,997348194;Annual;01/01/80
ZWE;Zimbabwe;GBR;United Kingdom;Transport;Persons;2000;682,819795;729,226126;-3,867194251;-2,983802437;Annual;01/01/80
ZWE;Zimbabwe;GBR;United Kingdom;Transport;Persons;2001;596,4618706;602,9240896;-0,53851825;-0,986703397;Annual;01/01/80
ZWE;Zimbabwe;GBR;United Kingdom;Transport;Persons;2002;800,8513613;1012,033776;-17,59853456;-16,37893222;Annual;01/01/80
ZWE;Zimbabwe;GBR;United Kingdom;Transport;Persons;2003;660,2546605;711,4140752;-4,263284561;-3,647073848;Annual;01/01/80
ZWE;Zimbabwe;GBR;United Kingdom;Transport;Persons;2004;646,2231028;614,5882834;2,636234949;2,212646292;Annual;01/01/80
ZWE;Zimbabwe;GBR;United Kingdom;Transport;Persons;2005;742,0170836;706,7386958;2,939865651;2,603044712;Annual;01/01/80
ZWE;Zimbabwe;GBR;United Kingdom;Transport;Persons;2006;674,0599854;690,1577657;-1,341481688;-1,012266377;Annual;01/01/80
ZWE;Zimbabwe;GBR;United Kingdom;Transport;Persons;2007;643,7068978;723,0291666;-6,61018907;-5,569346451;Annual;01/01/80
ZWE;Zimbabwe;GBR;United Kingdom;Transport;Persons;2008;788,0766328;921,6910658;-11,13453609;-10,39853336;Annual;01/01/80
ZWE;Zimbabwe;GBR;United Kingdom;Transport;Persons;2009;774,9657348;807,0856595;-2,676660392;-2,463788334;Annual;01/01/80
ZWE;Zimbabwe;GBR;United Kingdom;Transport;Persons;2010;625,4565783;767,267837;-11,8176049;-11,24757017;Annual;01/01/80
ZWE;Zimbabwe;GBR;United Kingdom;Transport;Persons;2011;834,5142056;979,6537283;-12,09496023;-10,42147829;Annual;01/01/80
ZWE;Zimbabwe;GBR;United Kingdom;Transport;Persons;2012;659,9489919;729,9259922;-5,831416687;-5,50774314;Annual;01/01/80
ZWE;Zimbabwe;GBR;United Kingdom;Transport;Persons;2013;873,1642866;927,2311927;-4,505575509;-3,593569411;Annual;01/01/80
ZWE;Zimbabwe;GBR;United Kingdom;Transport;Persons;2014;748,155647;729,5853226;1,54752703;1,113847174;Annual;01/01/80
ZWE;Zimbabwe;GBR;United Kingdom;Transport;Persons;2015;615,6744191;654,9373896;-3,271914208;-3,940670511;Annual;01/01/80
ZWE;Zimbabwe;GBR;United Kingdom;Transport;Persons;2016;702,4543147;811,0777921;-9,051956458;-7,239017476;Annual;01/01/80
ZWE;Zimbabwe;GBR;United Kingdom;Transport;Persons;2017;685,1169656;738,5452529;-4,452357268;-3,918362024;Annual;01/01/80
ZWE;Zimbabwe;GBR;United Kingdom;Transport;Persons;2018;670,2860165;713,1708957;-3,573739931;-2,748374481;Annual;01/01/80
ZWE;Zimbabwe;GBR;United Kingdom;Transport;Persons;2019;858,9267901;848,4144544;0,876027975;0,666150342;Annual;01/01/80
ZWE;Zimbabwe;GBR;United Kingdom;Transport;Persons;2020;720,430896;790,0827685;-5,804322703;-5,032082646;Annual;01/01/80
ZWE;Zimbabwe;GBR;United Kingdom;Transport;Persons;2021;649,0845745;703,3537024;-4,522427329;-4,4864935;Annual;01/01/80
ZWE;Zimbabwe;GBR;United Kingdom;Transport;Persons;2022;819,8530267;802,4721392;1,448407291;0,99661893;Annual;01/01/80
ZWE;Zimbabwe;GBR;United Kingdom;Transport;Persons;2023;1035,01822;1152,805707;-9,815623919;-8,986787734;Annual;01/01/80
ZWE;Zimbabwe;GBR;United Kingdom;Transport;Persons;2024;681,6164849;741,9563615;-5,028323047;-4,670357016;Annual;01/01/80
ZWE;Zimbabwe;GBR;United Kingdom;Transport;Persons;2025;658,8913934;782,1504298;-10,27158637;-8,687226947;Annual;01/01/80
ZWE;Zimbabwe;GBR;United Kingdom;Transport;Persons;2026;664,0109105;749,8081989;-9,533032044;-9,339896019;Annual;01/01/80
ZWE;Zimbabwe;MOZ;Mozambique;Agriculture;Persons;1980;763,5485283;782,8346233;-1,607174586;-1,873196173;Annual;01/01/80
ZWE;Zimbabwe;MOZ;Mozambique;Agriculture;Persons;1981;645,8499384;601,3972482;3,70439085;2,932283796;Annual;01/01/80
ZWE;Zimbabwe;MOZ;Mozambique;Agriculture;Persons;1982;554,9316626;562,7809059;-0,654103611;-0,26879311;Annual;01/01/80
ZWE;Zimbabwe;MOZ;Mozambique;Agriculture;Persons;1983;594,0029938;602,8910602;-0,740672206;-0,595578167;Annual;01/01/80
ZWE;Zimbabwe;MOZ;Mozambique;Agriculture;Persons;1984;560,5722548;620,2714911;-4,974936362;-4,565485446;Annual;01/01/80
ZWE;Zimbabwe;MOZ;Mozambique;Agriculture;Persons;1985;905,0794502;1016,234699;-9,262937377;-9,446215883;Annual;01/01/80
ZWE;Zimbabwe;MOZ;Mozambique;Agriculture;Persons;1986;529,872912;562,8431167;-2,747517057;-3,189451655;Annual;01/01/80
ZWE;Zimbabwe;MOZ;Mozambique;Agriculture;Persons;1987;744,2892458;868,9022708;-10,38441875;-9,116834756;Annual;01/01/80
ZWE;Zimbabwe;MOZ;Mozambique;Agriculture;Persons;1988;637,3526779;708,8153625;-5,955223717;-5,519249387;Annual;01/01/80
ZWE;Zimbabwe;MOZ;Mozambique;Agriculture;Persons;1989;895,7353977;1094,961721;-16,6021936;-14,72595535;Annual;01/01/80
ZWE;Zimbabwe;MOZ;Mozambique;Agriculture;Persons;1990;650,6522131;636,1118961;1,211693087;1,360148568;Annual;01/01/80
ZWE;Zimbabwe;MOZ;Mozambique;Agriculture;Persons;1991;503,2948989;565,6418195;-5,195576717;-4,804740308;Annual;01/01/80
ZWE;Zimbabwe;MOZ;Mozambique;Agriculture;Persons;1992;761,8367807;841,2367515;-6,616664234;-6,110519378;Annual;01/01/80
ZWE;Zimbabwe;MOZ;Mozambique;Agriculture;Persons;1993;636,8411606;704,7969062;-5,662978796;-5,069973599;Annual;01/01/80
ZWE;Zimbabwe;MOZ;Mozambique;Agriculture;Persons;1994;921,0169124;952,8789761;-2,655171967;-2,635223647;Annual;01/01/80
ZWE;Zimbabwe;MOZ;Mozambique;Agriculture;Persons;1995;869,4648571;988,7136413;-9,937398679;-9,069548627;Annual;01/01/80
ZWE;Zimbabwe;MOZ;Mozambique;Agriculture;Persons;1996;684,5972426;761,0120037;-6,367896761;-5,77109697;Annual;01/01/80
ZWE;Zimbabwe;MOZ;Mozambique;Agriculture;Persons;1997;774,5486985;821,1195975;-3,880908249;-3,504194139;Annual;01/01/80
ZWE;Zimbabwe;MOZ;Mozambique;Agriculture;Persons;1998;782,0122317;749,2532208;2,729917573;2,17115922;Annual;01/01/80
ZWE;Zimbabwe;MOZ;Mozambique;Agriculture;Persons;1999;641,2304488;666,0588987;-2,06903749;-2,036217021;Annual;01/01/80
ZWE;Zimbabwe;MOZ;Mozambique;Agriculture;Persons;2000;653,5460949;703,9753036;-4,202434058;-3,175452393;Annual;01/01/80
ZWE;Zimbabwe;MOZ;Mozambique;Agriculture;Persons;2001;797,9964516;895,2785222;-8,106839217;-7,64319298;Annual;01/01/80
ZWE;Zimbabwe;MOZ;Mozambique;Agriculture;Persons;2002;827,9996913;922,8438856;-7,903682859;-7,32994363;Annual;01/01/80
ZWE;Zimbabwe;MOZ;Mozambique;Agriculture;Persons;2003;704,9874532;679,1918812;2,149630997;1,913803946;Annual;01/01/80
ZWE;Zimbabwe;MOZ;Mozambique;Agriculture;Persons;2004;732,0840632;844,8269813;-9,395243175;-8,00726394;Annual;01/01/80
ZWE;Zimbabwe;MOZ;Mozambique;Agriculture;Persons;2005;699,1702726;854,3768902;-12,9338848;-11,51103692;Annual;01/01/80
ZWE;Zimbabwe;MOZ;Mozambique;Agriculture;Persons;2006;768,1347669;851,7304531;-6,966307183;-5,322490402;Annual;01/01/80
ZWE;Zimbabwe;MOZ;Mozambique;Agriculture;Persons;2007;505,5538935;512,7526977;-0,599900354;-0,420169638;Annual;01/01/80
ZWE;Zimbabwe;MOZ;Mozambique;Agriculture;Persons;2008;642,8781285;748,5786566;-8,808377337;-7,685240928;Annual;01/01/80
ZWE;Zimbabwe;MOZ;Mozambique;Agriculture;Persons;2009;805,9202836;977,3559373;-14,28630447;-12,94386098;Annual;01/01/80
ZWE;Zimbabwe;MOZ;Mozambique;Agriculture;Persons;2010;530,5283885;583,0148938;-4,373875443;-3,412649466;Annual;01/01/80
ZWE;Zimbabwe;MOZ;Mozambique;Agriculture;Persons;2011;665,2252909;721,5441251;-4,693236187;-3,863408853;Annual;01/01/80
ZWE;Zimbabwe;MOZ;Mozambique;Agriculture;Persons;2012;644,2731313;707,6052378;-5,277675547;-4,702790401;Annual;01/01/80
ZWE;Zimbabwe;MOZ;Mozambique;Agriculture;Persons;2013;704,0441492;705,4937837;-0,120802877;-0,407278214;Annual;01/01/80
ZWE;Zimbabwe;MOZ;Mozambique;Agriculture;Persons;2014;587,8856561;687,7233822;-8,319810507;-7,671539306;Annual;01/01/80
ZWE;Zimbabwe;MOZ;Mozambique;Agriculture;Persons;2015;777,4449268;792,0058962;-1,213414115;-1,06129139;Annual;01/01/80
ZWE;Zimbabwe;MOZ;Mozambique;Agriculture;Persons;2016;887,8883854;1011,173041;-10,27372133;-9,2737305;Annual;01/01/80
ZWE;Zimbabwe;MOZ;Mozambique;Agriculture;Persons;2017;830,1416315;791,428821;3,226067535;2,574391219;Annual;01/01/80
ZWE;Zimbabwe;MOZ;Mozambique;Agriculture;Persons;2018;622,4354286;739,2510982;-9,734639137;-8,81854079;Annual;01/01/80
ZWE;Zimbabwe;MOZ;Mozambique;Agriculture;Persons;2019;826,9119987;917,4139047;-7,541825499;-7,371722011;Annual;01/01/80
ZWE;Zimbabwe;MOZ;Mozambique;Agriculture;Persons;2020;612,8805316;726,2091025;-9,444047574;-8,698290155;Annual;01/01/80
ZWE;Zimbabwe;MOZ;Mozambique;Agriculture;Persons;2021;724,6420649;716,1954099;0,703887917;0,261838246;Annual;01/01/80
ZWE;Zimbabwe;MOZ;Mozambique;Agriculture;Persons;2022;775,4903693;831,6030746;-4,676058772;-4,616677196;Annual;01/01/80
ZWE;Zimbabwe;MOZ;Mozambique;Agriculture;Persons;2023;682,0136105;802,5805578;-10,04724561;-9,138222185;Annual;01/01/80
ZWE;Zimbabwe;MOZ;Mozambique;Agriculture;Persons;2024;521,2637409;554,6450762;-2,781777941;-2,827095697;Annual;01/01/80
ZWE;Zimbabwe;MOZ;Mozambique;Agriculture;Persons;2025;627,0196132;634,7691192;-0,645792163;-0,630351013;Annual;01/01/80
ZWE;Zimbabwe;MOZ;Mozambique;Agriculture;Persons;2026;602,6019947;678,2943967;-8,410266883;-7,541038922;Annual;01/01/80
ZWE;Zimbabwe;MOZ;Mozambique;Construction;Persons;1980;765,3058281;749,4871687;1,318221616;1,219172294;Annual;01/01/80
ZWE;Zimbabwe;MOZ;Mozambique;Construction;Persons;1981;718,9563602;819,7904013;-8,402836761;-7,747801344;Annual;01/01/80
ZWE;Zimbabwe;MOZ;Mozambique;Construction;Persons;1982;1025,722236;1169,908995;-12,01556325;-11,23561597;Annual;01/01/80
ZWE;Zimbabwe;MOZ;Mozambique;Construction;Persons;1983;778,9410856;814,4607912;-2,959975465;-3,21228774;Annual;01/01/80
ZWE;Zimbabwe;MOZ;Mozambique;Construction;Persons;1984;623,2484556;631,4860143;-0,686463225;-0,639507941;Annual;01/01/80
ZWE;Zimbabwe;MOZ;Mozambique;Construction;Persons;1985;627,1241548;661,9538303;-2,902472953;-2,965912306;Annual;01/01/80
ZWE;Zimbabwe;MOZ;Mozambique;Construction;Persons;1986;808,0261098;903,5616907;-7,961298411;-7,44370064;Annual;01/01/80
ZWE;Zimbabwe;MOZ;Mozambique;Construction;Persons;1987;876,387171;1109,599496;-19,43436038;-16,77113575;Annual;01/01/80
ZWE;Zimbabwe;MOZ;Mozambique;Construction;Persons;1988;759,1260873;665,6881155;7,786497653;7,028678165;Annual;01/01/80
ZWE;Zimbabwe;MOZ;Mozambique;Construction;Persons;1989;762,2215382;883,909332;-10,14064948;-8,724169867;Annual;01/01/80
ZWE;Zimbabwe;MOZ;Mozambique;Construction;Persons;1990;670,5436451;741,3748541;-5,902600747;-5,004291096;Annual;01/01/80
ZWE;Zimbabwe;MOZ;Mozambique;Construction;Persons;1991;584,7702569;533,966318;4,233661569;3,941450595;Annual;01/01/80
ZWE;Zimbabwe;MOZ;Mozambique;Construction;Persons;1992;599,8239798;582,0314417;1,48271151;1,651527423;Annual;01/01/80
ZWE;Zimbabwe;MOZ;Mozambique;Construction;Persons;1993;685,6949843;742,5288303;-4,736153835;-4,097936324;Annual;01/01/80
ZWE;Zimbabwe;MOZ;Mozambique;Construction;Persons;1994;661,2274165;681,4229661;-1,682962469;-1,385321106;Annual;01/01/80
ZWE;Zimbabwe;MOZ;Mozambique;Construction;Persons;1995;779,478733;838,447815;-4,914090174;-4,832481536;Annual;01/01/80
ZWE;Zimbabwe;MOZ;Mozambique;Construction;Persons;1996;740,207528;781,5552148;-3,445640565;-2,236531463;Annual;01/01/80
ZWE;Zimbabwe;MOZ;Mozambique;Construction;Persons;1997;740,4370732;699,2762656;3,430067301;2,193155961;Annual;01/01/80
ZWE;Zimbabwe;MOZ;Mozambique;Construction;Persons;1998;637,2025159;689,411797;-4,350773431;-4,154233648;Annual;01/01/80
ZWE;Zimbabwe;MOZ;Mozambique;Construction;Persons;1999;840,3803417;961,6847967;-10,10870458;-8,465144299;Annual;01/01/80
ZWE;Zimbabwe;MOZ;Mozambique;Construction;Persons;2000;866,894633;895,6894196;-2,399565548;-1,90413365;Annual;01/01/80
ZWE;Zimbabwe;MOZ;Mozambique;Construction;Persons;2001;646,2121524;689,486003;-3,606154214;-3,453054212;Annual;01/01/80
ZWE;Zimbabwe;MOZ;Mozambique;Construction;Persons;2002;806,8446752;916,9164007;-9,17264379;-8,569423509;Annual;01/01/80
ZWE;Zimbabwe;MOZ;Mozambique;Construction;Persons;2003;707,665354;851,7935642;-12,01068418;-11,62421861;Annual;01/01/80
ZWE;Zimbabwe;MOZ;Mozambique;Construction;Persons;2004;553,810306;541,9262007;0,990342112;0,930592863;Annual;01/01/80
ZWE;Zimbabwe;MOZ;Mozambique;Construction;Persons;2005;644,7005164;763,5353211;-9,902900388;-9,265420075;Annual;01/01/80
ZWE;Zimbabwe;MOZ;Mozambique;Construction;Persons;2006;602,0452862;643,6812902;-3,469667001;-2,642895653;Annual;01/01/80
ZWE;Zimbabwe;MOZ;Mozambique;Construction;Persons;2007;681,136777;743,072071;-5,1612745;-4,557127492;Annual;01/01/80
ZWE;Zimbabwe;MOZ;Mozambique;Construction;Persons;2008;579,1513058;574,3030539;0,40402099;0,316333186;Annual;01/01/80
ZWE;Zimbabwe;MOZ;Mozambique;Construction;Persons;2009;607,7036382;681,1026931;-6,116587908;-5,471062418;Annual;01/01/80
ZWE;Zimbabwe;MOZ;Mozambique;Construction;Persons;2010;757,8147976;802,8683303;-3,75446106;-3,285233292;Annual;01/01/80
ZWE;Zimbabwe;MOZ;Mozambique;Construction;Persons;2011;732,305713;802,420474;-5,842896752;-5,695000254;Annual;01/01/80
ZWE;Zimbabwe;MOZ;Mozambique;Construction;Persons;2012;462,1265762;531,347359;-5,768398571;-5,441981908;Annual;01/01/80
ZWE;Zimbabwe;MOZ;Mozambique;Construction;Persons;2013;560,5682255;632,6500041;-6,00681489;-5,166680715;Annual;01/01/80
ZWE;Zimbabwe;MOZ;Mozambique;Construction;Persons;2014;673,5092172;746,8345746;-6,110446452;-5,590942363;Annual;01/01/80
ZWE;Zimbabwe;MOZ;Mozambique;Construction;Persons;2015;701,4222791;815,588489;-9,513850825;-8,22260887;Annual;01/01/80
ZWE;Zimbabwe;MOZ;Mozambique;Construction;Persons;2016;588,9580092;624,0479167;-2,92415896;-2,861849037;Annual;01/01/80
ZWE;Zimbabwe;MOZ;Mozambique;Construction;Persons;2017;805,9214071;816,8908269;-0,914118318;-0,628688335;Annual;01/01/80
ZWE;Zimbabwe;MOZ;Mozambique;Construction;Persons;2018;680,1853576;791,1611398;-9,247981854;-8,96928447;Annual;01/01/80
ZWE;Zimbabwe;MOZ;Mozambique;Construction;Persons;2019;574,6880058;626,4840229;-4,316334757;-3,499087341;Annual;01/01/80
ZWE;Zimbabwe;MOZ;Mozambique;Construction;Persons;2020;662,9074036;828,1644878;-13,77142369;-12,36281511;Annual;01/01/80
ZWE;Zimbabwe;MOZ;Mozambique;Construction;Persons;2021;723,4019804;813,3872775;-7,498774762;-7,038459538;Annual;01/01/80
ZWE;Zimbabwe;MOZ;Mozambique;Construction;Persons;2022;827,1552698;939,3999569;-9,353723921;-8,441924956;Annual;01/01/80
ZWE;Zimbabwe;MOZ;Mozambique;Construction;Persons;2023;686,4485565;748,9051456;-5,204715759;-4,563841243;Annual;01/01/80
ZWE;Zimbabwe;MOZ;Mozambique;Construction;Persons;2024;655,9758442;679,9419578;-1,997176138;-1,561442686;Annual;01/01/80
ZWE;Zimbabwe;MOZ;Mozambique;Construction;Persons;2025;789,5498777;791,1113355;-0,13012148;-0,220886285;Annual;01/01/80
ZWE;Zimbabwe;MOZ;Mozambique;Construction;Persons;2026;631,4033762;683,2359142;-5,759170882;-5,095323393;Annual;01/01/80
ZWE;Zimbabwe;MOZ;Mozambique;Education;Persons;1980;597,452327;653,1214194;-4,639091031;-4,306484748;Annual;01/01/80
ZWE;Zimbabwe;MOZ;Mozambique;Education;Persons;1981;653,3892222;759,6487947;-8,854964372;-7,597008283;Annual;01/01/80
ZWE;Zimbabwe;MOZ;Mozambique;Education;Persons;1982;703,9550388;722,5502685;-1,549602476;-1,302949011;Annual;01/01/80
ZWE;Zimbabwe;MOZ;Mozambique;Education;Persons;1983;659,7632598;753,6788124;-7,826296049;-6,867386288;Annual;01/01/80
ZWE;Zimbabwe;MOZ;Mozambique;Education;Persons;1984;684,8303865;692,4630916;-0,636058766;-1,061548215;Annual;01/01/80
ZWE;Zimbabwe;MOZ;Mozambique;Education;Persons;1985;791,3282617;816,4694879;-2,095102188;-2,203564327;Annual;01/01/80
ZWE;Zimbabwe;MOZ;Mozambique;Education;Persons;1986;729,2471651;772,9740611;-3,643908;-3,022962421;Annual;01/01/80
ZWE;Zimbabwe;MOZ;Mozambique;Education;Persons;1987;686,7443307;710,8700513;-2,01047672;-1,27316505;Annual;01/01/80
ZWE;Zimbabwe;MOZ;Mozambique;Education;Persons;1988;826,3990645;799,4899538;2,242425889;2,263554096;Annual;01/01/80
ZWE;Zimbabwe;MOZ;Mozambique;Education;Persons;1989;759,0301907;708,7153353;4,192904617;3,684115964;Annual;01/01/80
ZWE;Zimbabwe;MOZ;Mozambique;Education;Persons;1990;811,1887577;815,6934622;-0,375392041;0,619274678;Annual;01/01/80
ZWE;Zimbabwe;MOZ;Mozambique;Education;Persons;1991;771,868678;766,3466433;0,460169561;0,790695138;Annual;01/01/80
ZWE;Zimbabwe;MOZ;Mozambique;Education;Persons;1992;518,4820504;604,5413007;-7,171604192;-6,113202018;Annual;01/01/80
ZWE;Zimbabwe;MOZ;Mozambique;Education;Persons;1993;660,446871;662,9745525;-0,210640128;0,191357236;Annual;01/01/80
ZWE;Zimbabwe;MOZ;Mozambique;Education;Persons;1994;700,7059162;765,2612117;-5,379607955;-5,021827705;Annual;01/01/80
ZWE;Zimbabwe;MOZ;Mozambique;Education;Persons;1995;707,227433;796,2235837;-7,416345894;-6,62908247;Annual;01/01/80
ZWE;Zimbabwe;MOZ;Mozambique;Education;Persons;1996;843,3951553;898,6334617;-4,603192201;-4,058646787;Annual;01/01/80
ZWE;Zimbabwe;MOZ;Mozambique;Education;Persons;1997;665,4829057;726,3792588;-5,074696092;-4,233359195;Annual;01/01/80
ZWE;Zimbabwe;MOZ;Mozambique;Education;Persons;1998;817,9360317;945,0335048;-10,59145609;-9,683141642;Annual;01/01/80
ZWE;Zimbabwe;MOZ;Mozambique;Education;Persons;1999;723,5312162;836,9920751;-9,45507157;-8,456122957;Annual;01/01/80
ZWE;Zimbabwe;MOZ;Mozambique;Education;Persons;2000;719,4099465;796,3321715;-6,410185416;-5,487315658;Annual;01/01/80
ZWE;Zimbabwe;MOZ;Mozambique;Education;Persons;2001;779,4835593;868,3728753;-7,407442993;-6,62418996;Annual;01/01/80
ZWE;Zimbabwe;MOZ;Mozambique;Education;Persons;2002;787,2747175;807,0560363;-1,64844324;-1,130132213;Annual;01/01/80
ZWE;Zimbabwe;MOZ;Mozambique;Education;Persons;2003;635,224364;704,7643718;-5,795000647;-5,174218552;Annual;01/01/80
ZWE;Zimbabwe;MOZ;Mozambique;Education;Persons;2004;571,4244557;669,2910569;-8,155550099;-6,207351176;Annual;01/01/80
ZWE;Zimbabwe;MOZ;Mozambique;Education;Persons;2005;664,4855161;802,1362009;-11,4708904;-10,00231795;Annual;01/01/80
ZWE;Zimbabwe;MOZ;Mozambique;Education;Persons;2006;730,2944979;770,5752243;-3,356727199;-2,996535646;Annual;01/01/80
ZWE;Zimbabwe;MOZ;Mozambique;Education;Persons;2007;726,2710972;793,7004381;-5,619111747;-5,561539082;Annual;01/01/80
ZWE;Zimbabwe;MOZ;Mozambique;Education;Persons;2008;484,2458287;549,1352086;-5,407448322;-4,874312349;Annual;01/01/80
ZWE;Zimbabwe;MOZ;Mozambique;Education;Persons;2009;703,0269947;765,166541;-5,178295527;-4,191574594;Annual;01/01/80
ZWE;Zimbabwe;MOZ;Mozambique;Education;Persons;2010;908,6037202;889,3168321;1,607240679;1,687911488;Annual;01/01/80
ZWE;Zimbabwe;MOZ;Mozambique;Education;Persons;2011;763,0821919;911,1440236;-12,33848597;-10,216567;Annual;01/01/80
ZWE;Zimbabwe;MOZ;Mozambique;Education;Persons;2012;671,7119931;693,8597192;-1,845643845;-1,764563769;Annual;01/01/80
ZWE;Zimbabwe;MOZ;Mozambique;Education;Persons;2013;764,2628683;777,9132248;-1,137529707;-0,823669536;Annual;01/01/80
ZWE;Zimbabwe;MOZ;Mozambique;Education;Persons;2014;675,7389702;804,9342533;-10,76627359;-9,98212925;Annual;01/01/80
ZWE;Zimbabwe;MOZ;Mozambique;Education;Persons;2015;689,1489414;745,3335049;-4,682046958;-4,249802745;Annual;01/01/80
ZWE;Zimbabwe;MOZ;Mozambique;Education;Persons;2016;682,69514;690,5682551;-0,656092924;-0,954643025;Annual;01/01/80
ZWE;Zimbabwe;MOZ;Mozambique;Education;Persons;2017;756,227453;838,1337033;-6,825520852;-5,582902586;Annual;01/01/80
ZWE;Zimbabwe;MOZ;Mozambique;Education;Persons;2018;567,3507474;633,5616253;-5,517573159;-5,185793629;Annual;01/01/80
ZWE;Zimbabwe;MOZ;Mozambique;Education;Persons;2019;607,0161123;608,7925834;-0,148039259;0,575067783;Annual;01/01/80
ZWE;Zimbabwe;MOZ;Mozambique;Education;Persons;2020;382,9654649;465,4984363;-6,877747619;-6,226299627;Annual;01/01/80
ZWE;Zimbabwe;MOZ;Mozambique;Education;Persons;2021;785,2432698;788,6438425;-0,283381062;0,516635607;Annual;01/01/80
ZWE;Zimbabwe;MOZ;Mozambique;Education;Persons;2022;667,3880296;673,8441874;-0,538013145;-0,082148991;Annual;01/01/80
ZWE;Zimbabwe;MOZ;Mozambique;Education;Persons;2023;575,1441586;635,8949508;-5,062566022;-4,459057564;Annual;01/01/80
ZWE;Zimbabwe;MOZ;Mozambique;Education;Persons;2024;673,3021507;716,6072667;-3,608759669;-4,110986745;Annual;01/01/80
ZWE;Zimbabwe;MOZ;Mozambique;Education;Persons;2025;735,5854103;730,6804815;0,408744066;0,281058119;Annual;01/01/80
ZWE;Zimbabwe;MOZ;Mozambique;Education;Persons;2026;508,8901991;566,5810374;-6,410093143;-6,315294988;Annual;01/01/80
ZWE;Zimbabwe;MOZ;Mozambique;Finance;Persons;1980;632,1966618;644,4515693;-1,021242294;-0,991238218;Annual;01/01/80
ZWE;Zimbabwe;MOZ;Mozambique;Finance;Persons;1981;612,5284605;771,1625739;-13,21950945;-11,59095695;Annual;01/01/80
ZWE;Zimbabwe;MOZ;Mozambique;Finance;Persons;1982;650,3946151;681,3519578;-2,579778553;-2,138298956;Annual;01/01/80
ZWE;Zimbabwe;MOZ;Mozambique;Finance;Persons;1983;718,0398851;736,2177174;-1,514819357;-1,235738507;Annual;01/01/80
ZWE;Zimbabwe;MOZ;Mozambique;Finance;Persons;1984;645,9959321;670,1500513;-2,01284327;-1,522507592;Annual;01/01/80
ZWE;Zimbabwe;MOZ;Mozambique;Finance;Persons;1985;742,1964339;774,8830926;-2,72388823;-3,027357866;Annual;01/01/80
ZWE;Zimbabwe;MOZ;Mozambique;Finance;Persons;1986;711,5745386;820,6184465;-9,086992326;-8,333313758;Annual;01/01/80
ZWE;Zimbabwe;MOZ;Mozambique;Finance;Persons;1987;701,1285746;711,3648038;-0,853019101;-0,203230013;Annual;01/01/80
ZWE;Zimbabwe;MOZ;Mozambique;Finance;Persons;1988;901,7642532;1034,464061;-11,05831729;-9,767571303;Annual;01/01/80
ZWE;Zimbabwe;MOZ;Mozambique;Finance;Persons;1989;788,5569394;846,7430209;-4,848840123;-4,433197774;Annual;01/01/80
ZWE;Zimbabwe;MOZ;Mozambique;Finance;Persons;1990;612,3539424;599,5379472;1,067999596;1,221180849;Annual;01/01/80
ZWE;Zimbabwe;MOZ;Mozambique;Finance;Persons;1991;531,0051034;532,1659368;-0,096736119;-0,709669163;Annual;01/01/80
ZWE;Zimbabwe;MOZ;Mozambique;Finance;Persons;1992;710,8447082;705,5070364;0,444805983;0,906859299;Annual;01/01/80
ZWE;Zimbabwe;MOZ;Mozambique;Finance;Persons;1993;746,5830054;817,4122433;-5,902436488;-4,951920947;Annual;01/01/80
ZWE;Zimbabwe;MOZ;Mozambique;Finance;Persons;1994;583,3139561;641,4567473;-4,845232594;-4,324312425;Annual;01/01/80
ZWE;Zimbabwe;MOZ;Mozambique;Finance;Persons;1995;642,9476407;665,5490275;-1,883448901;-1,948407183;Annual;01/01/80
ZWE;Zimbabwe;MOZ;Mozambique;Finance;Persons;1996;583,9982161;686,2924198;-8,524516973;-8,254811798;Annual;01/01/80
ZWE;Zimbabwe;MOZ;Mozambique;Finance;Persons;1997;848,9326509;911,5354072;-5,216896361;-5,222956419;Annual;01/01/80
ZWE;Zimbabwe;MOZ;Mozambique;Finance;Persons;1998;460,9596005;496,0519729;-2,924364361;-2,541386729;Annual;01/01/80
ZWE;Zimbabwe;MOZ;Mozambique;Finance;Persons;1999;596,0045367;680,3826442;-7,031508961;-6,246254033;Annual;01/01/80
ZWE;Zimbabwe;MOZ;Mozambique;Finance;Persons;2000;724,9045028;745,6214838;-1,726415083;-1,261777168;Annual;01/01/80
ZWE;Zimbabwe;MOZ;Mozambique;Finance;Persons;2001;578,0713742;604,1744863;-2,175259347;-1,354712191;Annual;01/01/80
ZWE;Zimbabwe;MOZ;Mozambique;Finance;Persons;2002;691,9817034;735,4296725;-3,620664092;-3,127642283;Annual;01/01/80
ZWE;Zimbabwe;MOZ;Mozambique;Finance;Persons;2003;625,0252445;697,2076856;-6,015203423;-5,697770405;Annual;01/01/80
ZWE;Zimbabwe;MOZ;Mozambique;Finance;Persons;2004;628,8077251;669,0215795;-3,351154529;-3,028771727;Annual;01/01/80
ZWE;Zimbabwe;MOZ;Mozambique;Finance;Persons;2005;443,7847384;474,6682961;-2,57362981;-2,530014874;Annual;01/01/80
ZWE;Zimbabwe;MOZ;Mozambique;Finance;Persons;2006;650,7215954;753,0189718;-8,524781367;-7,764226728;Annual;01/01/80
ZWE;Zimbabwe;MOZ;Mozambique;Finance;Persons;2007;584,2334039;678,7601463;-7,877228528;-6,667649802;Annual;01/01/80
ZWE;Zimbabwe;MOZ;Mozambique;Finance;Persons;2008;583,2630486;536,8838391;3,864934123;3,198870883;Annual;01/01/80
ZWE;Zimbabwe;MOZ;Mozambique;Finance;Persons;2009;740,5289688;835,1264623;-7,883124457;-7,290241567;Annual;01/01/80
ZWE;Zimbabwe;MOZ;Mozambique;Finance;Persons;2010;746,1483108;801,0501366;-4,57515215;-4,684046528;Annual;01/01/80
ZWE;Zimbabwe;MOZ;Mozambique;Finance;Persons;2011;701,8555535;706,1712341;-0,35964005;-0,501517993;Annual;01/01/80
ZWE;Zimbabwe;MOZ;Mozambique;Finance;Persons;2012;660,4185608;755,7049069;-7,940528841;-7,151923431;Annual;01/01/80
ZWE;Zimbabwe;MOZ;Mozambique;Finance;Persons;2013;678,4472694;669,4349389;0,751027541;0,947496478;Annual;01/01/80
ZWE;Zimbabwe;MOZ;Mozambique;Finance;Persons;2014;742,019602;866,5375401;-10,37649484;-10,17356289;Annual;01/01/80
ZWE;Zimbabwe;MOZ;Mozambique;Finance;Persons;2015;683,571567;715,1375629;-2,630499665;-2,233548102;Annual;01/01/80
ZWE;Zimbabwe;MOZ;Mozambique;Finance;Persons;2016;761,0810287;775,7264159;-1,220448929;-0,460669436;Annual;01/01/80
ZWE;Zimbabwe;MOZ;Mozambique;Finance;Persons;2017;556,9674335;563,369213;-0,533481628;-0,140082919;Annual;01/01/80
ZWE;Zimbabwe;MOZ;Mozambique;Finance;Persons;2018;606,2739534;638,1514862;-2,656461064;-1,823751795;Annual;01/01/80
ZWE;Zimbabwe;MOZ;Mozambique;Finance;Persons;2019;657,2569112;772,5594801;-9,608547404;-8,087320439;Annual;01/01/80
ZWE;Zimbabwe;MOZ;Mozambique;Finance;Persons;2020;561,4027408;661,9523515;-8,379134225;-7,454890886;Annual;01/01/80
ZWE;Zimbabwe;MOZ;Mozambique;Finance;Persons;2021;656,5721006;686,8192718;-2,520597601;-2,408694456;Annual;01/01/80
ZWE;Zimbabwe;MOZ;Mozambique;Finance;Persons;2022;643,915143;668,4664577;-2,045942893;-2,464366552;Annual;01/01/80
ZWE;Zimbabwe;MOZ;Mozambique;Finance;Persons;2023;818,0157662;984,7563746;-13,8950507;-12,64457568;Annual;01/01/80
ZWE;Zimbabwe;MOZ;Mozambique;Finance;Persons;2024;628,19516;680,410075;-4,35124291;-4,102205953;Annual;01/01/80
ZWE;Zimbabwe;MOZ;Mozambique;Finance;Persons;2025;914,523447;956,6771269;-3,512806662;-3,151485526;Annual;01/01/80
ZWE;Zimbabwe;MOZ;Mozambique;Finance;Persons;2026;612,5269441;593,0383571;2,165398562;1,996396351;Annual;01/01/80
ZWE;Zimbabwe;MOZ;Mozambique;Health;Persons;1980;703,8179649;845,6805461;-11,82188177;-10,6489358;Annual;01/01/80
ZWE;Zimbabwe;MOZ;Mozambique;Health;Persons;1981;680,4616267;723,2475542;-3,565493955;-3,048328155;Annual;01/01/80
ZWE;Zimbabwe;MOZ;Mozambique;Health;Persons;1982;783,2256879;883,7329524;-8,375605375;-8,118981641;Annual;01/01/80
ZWE;Zimbabwe;MOZ;Mozambique;Health;Persons;1983;699,9050037;737,8759885;-3,164248735;-2,41429519;Annual;01/01/80
ZWE;Zimbabwe;MOZ;Mozambique;Health;Persons;1984;776,1677647;739,6747482;3,041084713;2,275859484;Annual;01/01/80
ZWE;Zimbabwe;MOZ;Mozambique;Health;Persons;1985;620,1282804;731,4391923;-9,27590932;-8,647011924;Annual;01/01/80
ZWE;Zimbabwe;MOZ;Mozambique;Health;Persons;1986;830,5045294;926,7856102;-8,023423406;-7,334136642;Annual;01/01/80
ZWE;Zimbabwe;MOZ;Mozambique;Health;Persons;1987;598,2321802;600,3085781;-0,173033164;-0,215753245;Annual;01/01/80
ZWE;Zimbabwe;MOZ;Mozambique;Health;Persons;1988;585,1508818;633,5768409;-4,035496596;-3,755143339;Annual;01/01/80
ZWE;Zimbabwe;MOZ;Mozambique;Health;Persons;1989;755,7777214;816,9442101;-5,097207392;-4,709886562;Annual;01/01/80
ZWE;Zimbabwe;MOZ;Mozambique;Health;Persons;1990;789,6600438;887,8204037;-8,18002999;-7,563696653;Annual;01/01/80
ZWE;Zimbabwe;MOZ;Mozambique;Health;Persons;1991;664,2460954;739,3167518;-6,255888032;-5,54904199;Annual;01/01/80
ZWE;Zimbabwe;MOZ;Mozambique;Health;Persons;1992;748,7146793;760,9533186;-1,019886607;-1,002329784;Annual;01/01/80
ZWE;Zimbabwe;MOZ;Mozambique;Health;Persons;1993;574,6929701;614,6677286;-3,331229871;-3,070860817;Annual;01/01/80
ZWE;Zimbabwe;MOZ;Mozambique;Health;Persons;1994;616,7795442;724,4727874;-8,974436928;-7,996016808;Annual;01/01/80
ZWE;Zimbabwe;MOZ;Mozambique;Health;Persons;1995;595,2991895;587,2520162;0,670597773;0,656470228;Annual;01/01/80
ZWE;Zimbabwe;MOZ;Mozambique;Health;Persons;1996;606,5456625;665,2012936;-4,887969251;-4,396213211;Annual;01/01/80
ZWE;Zimbabwe;MOZ;Mozambique;Health;Persons;1997;745,3835219;801,2975893;-4,659505619;-4,487934737;Annual;01/01/80
ZWE;Zimbabwe;MOZ;Mozambique;Health;Persons;1998;781,8152525;955,4629322;-14,47063997;-13,23357543;Annual;01/01/80
ZWE;Zimbabwe;MOZ;Mozambique;Health;Persons;1999;826,3465011;952,5145045;-10,51400028;-9,494288003;Annual;01/01/80
ZWE;Zimbabwe;MOZ;Mozambique;Health;Persons;2000;632,0880748;751,6631705;-9,964591311;-9,008120303;Annual;01/01/80
ZWE;Zimbabwe;MOZ;Mozambique;Health;Persons;2001;550,0637845;578,3233966;-2,35496767;-2,236432665;Annual;01/01/80
ZWE;Zimbabwe;MOZ;Mozambique;Health;Persons;2002;930,6141056;1056,698565;-10,50703824;-9,719266918;Annual;01/01/80
ZWE;Zimbabwe;MOZ;Mozambique;Health;Persons;2003;589,1199937;642,4637851;-4,445315952;-4,630119828;Annual;01/01/80
ZWE;Zimbabwe;MOZ;Mozambique;Health;Persons;2004;632,7826799;746,0691175;-9,440536463;-8,277800419;Annual;01/01/80
ZWE;Zimbabwe;MOZ;Mozambique;Health;Persons;2005;673,9718683;663,3429512;0,885743092;0,817903338;Annual;01/01/80
ZWE;Zimbabwe;MOZ;Mozambique;Health;Persons;2006;864,8229958;935,7580315;-5,911252975;-5,785134653;Annual;01/01/80
ZWE;Zimbabwe;MOZ;Mozambique;Health;Persons;2007;948,6238144;925,3597184;1,93867467;3,054766477;Annual;01/01/80
ZWE;Zimbabwe;MOZ;Mozambique;Health;Persons;2008;675,6950708;765,650792;-7,496310097;-7,549855021;Annual;01/01/80
ZWE;Zimbabwe;MOZ;Mozambique;Health;Persons;2009;622,4035558;667,5015874;-3,758169302;-3,236707533;Annual;01/01/80
ZWE;Zimbabwe;MOZ;Mozambique;Health;Persons;2010;756,6460464;776,3931306;-1,645590348;-2,391040266;Annual;01/01/80
ZWE;Zimbabwe;MOZ;Mozambique;Health;Persons;2011;660,9271871;654,5900766;0,528092539;-0,20875029;Annual;01/01/80
ZWE;Zimbabwe;MOZ;Mozambique;Health;Persons;2012;763,1366123;872,8206608;-9,140337378;-8,321355902;Annual;01/01/80
ZWE;Zimbabwe;MOZ;Mozambique;Health;Persons;2013;806,4100897;838,8705515;-2,705038481;-2,058198258;Annual;01/01/80
ZWE;Zimbabwe;MOZ;Mozambique;Health;Persons;2014;800,2491832;875,4851344;-6,269662594;-5,533903614;Annual;01/01/80
ZWE;Zimbabwe;MOZ;Mozambique;Health;Persons;2015;721,150406;720,277207;0,072766576;-0,129096668;Annual;01/01/80
ZWE;Zimbabwe;MOZ;Mozambique;Health;Persons;2016;609,4674098;697,2947322;-7,318943535;-6,922896532;Annual;01/01/80
ZWE;Zimbabwe;MOZ;Mozambique;Health;Persons;2017;745,7525938;756,6216406;-0,905753898;-0,497078378;Annual;01/01/80
ZWE;Zimbabwe;MOZ;Mozambique;Health;Persons;2018;658,661422;696,7894095;-3,177332291;-2,938616341;Annual;01/01/80
ZWE;Zimbabwe;MOZ;Mozambique;Health;Persons;2019;904,669052;1040,12506;-11,28800066;-10,19250494;Annual;01/01/80
ZWE;Zimbabwe;MOZ;Mozambique;Health;Persons;2020;653,2341474;731,1312382;-6,491424232;-5,792479184;Annual;01/01/80
ZWE;Zimbabwe;MOZ;Mozambique;Health;Persons;2021;753,3157989;825,6489612;-6,027763526;-5,836733917;Annual;01/01/80
ZWE;Zimbabwe;MOZ;Mozambique;Health;Persons;2022;777,9126134;797,7899702;-1,6564464;-0,764053857;Annual;01/01/80
ZWE;Zimbabwe;MOZ;Mozambique;Health;Persons;2023;789,8748726;876,1973663;-7,193541143;-6,527337915;Annual;01/01/80
ZWE;Zimbabwe;MOZ;Mozambique;Health;Persons;2024;423,6170158;485,4506917;-5,152806325;-4,360542536;Annual;01/01/80
ZWE;Zimbabwe;MOZ;Mozambique;Health;Persons;2025;606,419637;619,7574119;-1,111481239;-0,818196924;Annual;01/01/80
ZWE;Zimbabwe;MOZ;Mozambique;Health;Persons;2026;460,6911139;532,7273012;-8,004020806;-7,481924206;Annual;01/01/80
ZWE;Zimbabwe;MOZ;Mozambique;ICT;Persons;1980;832,8150283;869,4018053;-3,048898079;-2,99193559;Annual;01/01/80
ZWE;Zimbabwe;MOZ;Mozambique;ICT;Persons;1981;722,7076712;708,7110785;1,166382721;0,498049067;Annual;01/01/80
ZWE;Zimbabwe;MOZ;Mozambique;ICT;Persons;1982;749,8068009;768,5592321;-1,5627026;-1,35534481;Annual;01/01/80
ZWE;Zimbabwe;MOZ;Mozambique;ICT;Persons;1983;718,9611298;750,3069895;-2,612154977;-1,917897574;Annual;01/01/80
ZWE;Zimbabwe;MOZ;Mozambique;ICT;Persons;1984;754,5942232;876,1961493;-10,13349384;-9,027305141;Annual;01/01/80
ZWE;Zimbabwe;MOZ;Mozambique;ICT;Persons;1985;634,9377025;735,0367604;-8,34158816;-7,39988093;Annual;01/01/80
ZWE;Zimbabwe;MOZ;Mozambique;ICT;Persons;1986;728,0445123;888,1658346;-13,34344352;-12,40918973;Annual;01/01/80
ZWE;Zimbabwe;MOZ;Mozambique;ICT;Persons;1987;726,3818097;679,3366703;3,920428288;3,523805247;Annual;01/01/80
ZWE;Zimbabwe;MOZ;Mozambique;ICT;Persons;1988;672,214563;786,4519113;-9,519779028;-8,159231099;Annual;01/01/80
ZWE;Zimbabwe;MOZ;Mozambique;ICT;Persons;1989;744,7750528;799,1980559;-4,535250255;-4,342180712;Annual;01/01/80
ZWE;Zimbabwe;MOZ;Mozambique;ICT;Persons;1990;853,3890631;996,6095741;-11,93504258;-10,45423036;Annual;01/01/80
ZWE;Zimbabwe;MOZ;Mozambique;ICT;Persons;1991;629,8723214;636,3828785;-0,542546431;-0,91490042;Annual;01/01/80
ZWE;Zimbabwe;MOZ;Mozambique;ICT;Persons;1992;726,1194537;823,5829065;-8,1219544;-7,740699387;Annual;01/01/80
ZWE;Zimbabwe;MOZ;Mozambique;ICT;Persons;1993;733,023691;776,080326;-3,588052918;-3,394451216;Annual;01/01/80
ZWE;Zimbabwe;MOZ;Mozambique;ICT;Persons;1994;737,0337142;787,1210577;-4,173945291;-4,604985026;Annual;01/01/80
ZWE;Zimbabwe;MOZ;Mozambique;ICT;Persons;1995;588,0460383;624,0520882;-3,000504151;-2,710025708;Annual;01/01/80
ZWE;Zimbabwe;MOZ;Mozambique;ICT;Persons;1996;564,4363275;594,775875;-2,528295623;-2,024572281;Annual;01/01/80
ZWE;Zimbabwe;MOZ;Mozambique;ICT;Persons;1997;827,8022564;961,7748254;-11,16438075;-9,364692054;Annual;01/01/80
ZWE;Zimbabwe;MOZ;Mozambique;ICT;Persons;1998;733,3454832;759,4192089;-2,172810472;-2,310291121;Annual;01/01/80
ZWE;Zimbabwe;MOZ;Mozambique;ICT;Persons;1999;637,9642657;637,781611;0,015221226;0,309935868;Annual;01/01/80
ZWE;Zimbabwe;MOZ;Mozambique;ICT;Persons;2000;850,5877322;870,1647451;-1,63141774;-1,26957224;Annual;01/01/80
ZWE;Zimbabwe;MOZ;Mozambique;ICT;Persons;2001;715,0523325;699,8898306;1,263541822;0,627957723;Annual;01/01/80
ZWE;Zimbabwe;MOZ;Mozambique;ICT;Persons;2002;875,0907065;1020,042354;-12,07930392;-11,25497725;Annual;01/01/80
ZWE;Zimbabwe;MOZ;Mozambique;ICT;Persons;2003;695,8253551;655,8464469;3,331575686;2,202795736;Annual;01/01/80
ZWE;Zimbabwe;MOZ;Mozambique;ICT;Persons;2004;726,0938745;726,6927157;-0,049903433;0,501165073;Annual;01/01/80
ZWE;Zimbabwe;MOZ;Mozambique;ICT;Persons;2005;576,8050359;565,4962555;0,942398369;0,604622882;Annual;01/01/80
ZWE;Zimbabwe;MOZ;Mozambique;ICT;Persons;2006;476,1570295;528,7842605;-4,385602577;-4,023087626;Annual;01/01/80
ZWE;Zimbabwe;MOZ;Mozambique;ICT;Persons;2007;642,6228276;635,7028784;0,576662433;0,350483499;Annual;01/01/80
ZWE;Zimbabwe;MOZ;Mozambique;ICT;Persons;2008;646,260547;599,0293622;3,935932074;3,2620392;Annual;01/01/80
ZWE;Zimbabwe;MOZ;Mozambique;ICT;Persons;2009;765,7459651;925,6156307;-13,32247213;-11,83006564;Annual;01/01/80
ZWE;Zimbabwe;MOZ;Mozambique;ICT;Persons;2010;649,0048987;660,7741662;-0,980772295;-0,938919474;Annual;01/01/80
ZWE;Zimbabwe;MOZ;Mozambique;ICT;Persons;2011;610,5945269;720,7588188;-9,180357659;-8,267108201;Annual;01/01/80
ZWE;Zimbabwe;MOZ;Mozambique;ICT;Persons;2012;659,0316187;714,6112834;-4,631638725;-4,09641435;Annual;01/01/80
ZWE;Zimbabwe;MOZ;Mozambique;ICT;Persons;2013;777,9939934;805,5587458;-2,297062701;-2,125119102;Annual;01/01/80
ZWE;Zimbabwe;MOZ;Mozambique;ICT;Persons;2014;724,3717758;793,5840158;-5,767686671;-5,009836184;Annual;01/01/80
ZWE;Zimbabwe;MOZ;Mozambique;ICT;Persons;2015;702,7086391;747,0922614;-3,698635192;-3,612783273;Annual;01/01/80
ZWE;Zimbabwe;MOZ;Mozambique;ICT;Persons;2016;577,0579459;598,1446275;-1,757223465;-1,546353608;Annual;01/01/80
ZWE;Zimbabwe;MOZ;Mozambique;ICT;Persons;2017;717,2655874;675,8776801;3,448992276;2,651654434;Annual;01/01/80
ZWE;Zimbabwe;MOZ;Mozambique;ICT;Persons;2018;595,1731234;668,0108443;-6,069810071;-5,565329855;Annual;01/01/80
ZWE;Zimbabwe;MOZ;Mozambique;ICT;Persons;2019;648,9332542;731,7668336;-6,902798286;-6,353451514;Annual;01/01/80
ZWE;Zimbabwe;MOZ;Mozambique;ICT;Persons;2020;770,4492078;834,6365991;-5,348949282;-4,14473217;Annual;01/01/80
ZWE;Zimbabwe;MOZ;Mozambique;ICT;Persons;2021;769,4309989;942,3866842;-14,41297378;-12,73604102;Annual;01/01/80
ZWE;Zimbabwe;MOZ;Mozambique;ICT;Persons;2022;749,4085621;800,1788028;-4,23085339;-3,399384424;Annual;01/01/80
ZWE;Zimbabwe;MOZ;Mozambique;ICT;Persons;2023;652,8520802;663,1544885;-0,858534018;-0,466345335;Annual;01/01/80
ZWE;Zimbabwe;MOZ;Mozambique;ICT;Persons;2024;641,8958971;764,5122955;-10,2180332;-8,846141425;Annual;01/01/80
ZWE;Zimbabwe;MOZ;Mozambique;ICT;Persons;2025;525,0977572;610,1271804;-7,085785268;-6,260448526;Annual;01/01/80
ZWE;Zimbabwe;MOZ;Mozambique;ICT;Persons;2026;600,7190404;649,9037569;-5,464968496;-5,415906254;Annual;01/01/80
ZWE;Zimbabwe;MOZ;Mozambique;Manufacturing;Persons;1980;586,0314472;717,6562885;-10,96873678;-10,27549077;Annual;01/01/80
ZWE;Zimbabwe;MOZ;Mozambique;Manufacturing;Persons;1981;733,389679;763,4524182;-2,505228273;-3,031181569;Annual;01/01/80
ZWE;Zimbabwe;MOZ;Mozambique;Manufacturing;Persons;1982;657,4177295;744,9674232;-7,295807805;-6,812996047;Annual;01/01/80
ZWE;Zimbabwe;MOZ;Mozambique;Manufacturing;Persons;1983;770,9249292;898,9037871;-10,66490483;-10,08069658;Annual;01/01/80
ZWE;Zimbabwe;MOZ;Mozambique;Manufacturing;Persons;1984;574,8452051;614,5129146;-3,305642457;-2,633772133;Annual;01/01/80
ZWE;Zimbabwe;MOZ;Mozambique;Manufacturing;Persons;1985;750,0886226;886,3751722;-11,35721246;-10,32235817;Annual;01/01/80
ZWE;Zimbabwe;MOZ;Mozambique;Manufacturing;Persons;1986;725,386572;682,6036632;3,565242404;3,123137503;Annual;01/01/80
ZWE;Zimbabwe;MOZ;Mozambique;Manufacturing;Persons;1987;614,5389658;605,6404052;0,741546715;1,202824996;Annual;01/01/80
ZWE;Zimbabwe;MOZ;Mozambique;Manufacturing;Persons;1988;792,5305667;798,5445739;-0,501167265;-0,453269088;Annual;01/01/80
ZWE;Zimbabwe;MOZ;Mozambique;Manufacturing;Persons;1989;700,7416841;792,0299063;-7,607351845;-6,969850672;Annual;01/01/80
ZWE;Zimbabwe;MOZ;Mozambique;Manufacturing;Persons;1990;680,8535828;733,6959743;-4,403532629;-3,995398455;Annual;01/01/80
ZWE;Zimbabwe;MOZ;Mozambique;Manufacturing;Persons;1991;646,9493975;737,4204338;-7,539253029;-6,53787093;Annual;01/01/80
ZWE;Zimbabwe;MOZ;Mozambique;Manufacturing;Persons;1992;657,3057327;734,0622941;-6,396380118;-5,668253128;Annual;01/01/80
ZWE;Zimbabwe;MOZ;Mozambique;Manufacturing;Persons;1993;625,9916141;673,1272838;-3,927972471;-3,29917077;Annual;01/01/80
ZWE;Zimbabwe;MOZ;Mozambique;Manufacturing;Persons;1994;694,3502006;747,6509471;-4,441728878;-3,923238956;Annual;01/01/80
ZWE;Zimbabwe;MOZ;Mozambique;Manufacturing;Persons;1995;562,4911655;597,5687402;-2,923131221;-2,41525682;Annual;01/01/80
ZWE;Zimbabwe;MOZ;Mozambique;Manufacturing;Persons;1996;634,8364436;680,6831165;-3,820556076;-3,146816053;Annual;01/01/80
ZWE;Zimbabwe;MOZ;Mozambique;Manufacturing;Persons;1997;604,1725162;582,8123064;1,780017485;2,141280434;Annual;01/01/80
ZWE;Zimbabwe;MOZ;Mozambique;Manufacturing;Persons;1998;769,5509502;730,3543404;3,266384156;3,194760195;Annual;01/01/80
ZWE;Zimbabwe;MOZ;Mozambique;Manufacturing;Persons;1999;820,536838;842,0296289;-1,791065911;-2,060546198;Annual;01/01/80
ZWE;Zimbabwe;MOZ;Mozambique;Manufacturing;Persons;2000;679,5259724;709,2105992;-2,473718901;-2,791366886;Annual;01/01/80
ZWE;Zimbabwe;MOZ;Mozambique;Manufacturing;Persons;2001;669,9099478;684,9269538;-1,251417174;-1,311496029;Annual;01/01/80
ZWE;Zimbabwe;MOZ;Mozambique;Manufacturing;Persons;2002;708,0139576;722,0487868;-1,169569104;-1,279592738;Annual;01/01/80
ZWE;Zimbabwe;MOZ;Mozambique;Manufacturing;Persons;2003;748,5338482;732,7088267;1,318751791;0,796771275;Annual;01/01/80
ZWE;Zimbabwe;MOZ;Mozambique;Manufacturing;Persons;2004;734,8515916;841,920476;-8,922407032;-7,118713329;Annual;01/01/80
ZWE;Zimbabwe;MOZ;Mozambique;Manufacturing;Persons;2005;653,0738448;686,7985599;-2,810392919;-2,61076514;Annual;01/01/80
ZWE;Zimbabwe;MOZ;Mozambique;Manufacturing;Persons;2006;683,5319995;718,6465617;-2,926213519;-2,095868942;Annual;01/01/80
ZWE;Zimbabwe;MOZ;Mozambique;Manufacturing;Persons;2007;668,7364035;713,0038214;-3,688951491;-2,844970444;Annual;01/01/80
ZWE;Zimbabwe;MOZ;Mozambique;Manufacturing;Persons;2008;829,0290949;908,0814784;-6,587698625;-5,185593743;Annual;01/01/80
ZWE;Zimbabwe;MOZ;Mozambique;Manufacturing;Persons;2009;865,0788262;1000,416843;-11,27816808;-10,17809508;Annual;01/01/80
ZWE;Zimbabwe;MOZ;Mozambique;Manufacturing;Persons;2010;664,248621;754,8091891;-7,546714006;-7,017191151;Annual;01/01/80
ZWE;Zimbabwe;MOZ;Mozambique;Manufacturing;Persons;2011;474,5008654;487,7458219;-1,103746375;-1,05784899;Annual;01/01/80
ZWE;Zimbabwe;MOZ;Mozambique;Manufacturing;Persons;2012;623,0680421;666,5759881;-3,62566217;-3,324168083;Annual;01/01/80
ZWE;Zimbabwe;MOZ;Mozambique;Manufacturing;Persons;2013;664,7641023;810,3700521;-12,13382915;-10,95991887;Annual;01/01/80
ZWE;Zimbabwe;MOZ;Mozambique;Manufacturing;Persons;2014;835,1024351;770,3337077;5,397393946;5,221620008;Annual;01/01/80
ZWE;Zimbabwe;MOZ;Mozambique;Manufacturing;Persons;2015;565,167401;610,3455196;-3,764843215;-3,799061782;Annual;01/01/80
ZWE;Zimbabwe;MOZ;Mozambique;Manufacturing;Persons;2016;767,9115794;994,1976467;-18,85717228;-17,24209826;Annual;01/01/80
ZWE;Zimbabwe;MOZ;Mozambique;Manufacturing;Persons;2017;637,227223;746,9629997;-9,144648059;-7,525469342;Annual;01/01/80
ZWE;Zimbabwe;MOZ;Mozambique;Manufacturing;Persons;2018;786,5428349;826,8276518;-3,357068076;-3,11021192;Annual;01/01/80
ZWE;Zimbabwe;MOZ;Mozambique;Manufacturing;Persons;2019;744,9626479;762,2115979;-1,437412507;-1,658624734;Annual;01/01/80
ZWE;Zimbabwe;MOZ;Mozambique;Manufacturing;Persons;2020;696,8893547;754,268896;-4,781628436;-4,265409822;Annual;01/01/80
ZWE;Zimbabwe;MOZ;Mozambique;Manufacturing;Persons;2021;671,6513159;795,9255554;-10,35618663;-9,591105478;Annual;01/01/80
ZWE;Zimbabwe;MOZ;Mozambique;Manufacturing;Persons;2022;653,8601673;712,4450091;-4,882070153;-3,605286797;Annual;01/01/80
ZWE;Zimbabwe;MOZ;Mozambique;Manufacturing;Persons;2023;622,5367621;729,2893598;-8,896049808;-7,515580292;Annual;01/01/80
ZWE;Zimbabwe;MOZ;Mozambique;Manufacturing;Persons;2024;883,3231887;1015,507901;-11,01539265;-10,68222271;Annual;01/01/80
ZWE;Zimbabwe;MOZ;Mozambique;Manufacturing;Persons;2025;656,0758523;666,7332151;-0,888113567;-0,689612385;Annual;01/01/80
ZWE;Zimbabwe;MOZ;Mozambique;Manufacturing;Persons;2026;544,4281582;670,1648196;-13,97074017;-12,37518471;Annual;01/01/80
ZWE;Zimbabwe;MOZ;Mozambique;Mining;Persons;1980;762,5802429;802,2008077;-3,301713735;-2,990039299;Annual;01/01/80
ZWE;Zimbabwe;MOZ;Mozambique;Mining;Persons;1981;586,1246468;560,0908819;2,169480407;1,985146807;Annual;01/01/80
ZWE;Zimbabwe;MOZ;Mozambique;Mining;Persons;1982;795,7006975;856,31559;-5,051241036;-4,249942832;Annual;01/01/80
ZWE;Zimbabwe;MOZ;Mozambique;Mining;Persons;1983;953,4696403;1093,153373;-11,64031107;-10,05790738;Annual;01/01/80
ZWE;Zimbabwe;MOZ;Mozambique;Mining;Persons;1984;628,8457645;617,6691245;0,93138667;0,553831921;Annual;01/01/80
ZWE;Zimbabwe;MOZ;Mozambique;Mining;Persons;1985;663,2259526;719,3561263;-4,677514472;-4,246056836;Annual;01/01/80
ZWE;Zimbabwe;MOZ;Mozambique;Mining;Persons;1986;483,8550214;514,0448812;-2,515821644;-2,197754907;Annual;01/01/80
ZWE;Zimbabwe;MOZ;Mozambique;Mining;Persons;1987;700,1748135;689,364422;0,900865956;0,422808398;Annual;01/01/80
ZWE;Zimbabwe;MOZ;Mozambique;Mining;Persons;1988;740,5080362;712,4628496;2,33709888;2,429227486;Annual;01/01/80
ZWE;Zimbabwe;MOZ;Mozambique;Mining;Persons;1989;824,9095137;835,2947326;-0,865434908;-1,911415161;Annual;01/01/80
ZWE;Zimbabwe;MOZ;Mozambique;Mining;Persons;1990;672,1773344;745,6939948;-6,126388362;-5,763413709;Annual;01/01/80
ZWE;Zimbabwe;MOZ;Mozambique;Mining;Persons;1991;876,8841038;1008,937683;-11,00446493;-10,15990282;Annual;01/01/80
ZWE;Zimbabwe;MOZ;Mozambique;Mining;Persons;1992;670,6048849;734,0236668;-5,284898489;-4,721540021;Annual;01/01/80
ZWE;Zimbabwe;MOZ;Mozambique;Mining;Persons;1993;808,4455897;883,1602402;-6,226220877;-5,397483822;Annual;01/01/80
ZWE;Zimbabwe;MOZ;Mozambique;Mining;Persons;1994;733,9481534;790,3856011;-4,703120638;-3,455627979;Annual;01/01/80
ZWE;Zimbabwe;MOZ;Mozambique;Mining;Persons;1995;674,2852454;745,0082634;-5,893584833;-4,774951451;Annual;01/01/80
ZWE;Zimbabwe;MOZ;Mozambique;Mining;Persons;1996;764,4558267;823,0262521;-4,880868785;-4,152643585;Annual;01/01/80
ZWE;Zimbabwe;MOZ;Mozambique;Mining;Persons;1997;556,9708483;588,2145776;-2,603644103;-2,454757567;Annual;01/01/80
ZWE;Zimbabwe;MOZ;Mozambique;Mining;Persons;1998;737,7191458;888,0860952;-12,53057912;-11,5651219;Annual;01/01/80
ZWE;Zimbabwe;MOZ;Mozambique;Mining;Persons;1999;757,8223206;847,6051706;-7,481904161;-6,33090604;Annual;01/01/80
ZWE;Zimbabwe;MOZ;Mozambique;Mining;Persons;2000;695,3363915;743,6818857;-4,028791181;-3,631129098;Annual;01/01/80
ZWE;Zimbabwe;MOZ;Mozambique;Mining;Persons;2001;656,1948951;667,1181066;-0,910267624;-0,45100408;Annual;01/01/80
ZWE;Zimbabwe;MOZ;Mozambique;Mining;Persons;2002;1017,761108;1104,737432;-7,248027001;-7,043937441;Annual;01/01/80
ZWE;Zimbabwe;MOZ;Mozambique;Mining;Persons;2003;799,4421523;920,1817236;-10,06163095;-8,280936878;Annual;01/01/80
ZWE;Zimbabwe;MOZ;Mozambique;Mining;Persons;2004;705,3355934;739,7163479;-2,865062879;-2,616930016;Annual;01/01/80
ZWE;Zimbabwe;MOZ;Mozambique;Mining;Persons;2005;748,0355127;846,7479314;-8,226034892;-7,462302659;Annual;01/01/80
ZWE;Zimbabwe;MOZ;Mozambique;Mining;Persons;2006;675,2325114;732,6207445;-4,782352758;-4,47343677;Annual;01/01/80
ZWE;Zimbabwe;MOZ;Mozambique;Mining;Persons;2007;802,9199522;930,964509;-10,67037974;-9,800121563;Annual;01/01/80
ZWE;Zimbabwe;MOZ;Mozambique;Mining;Persons;2008;754,7678134;865,918611;-9,262566467;-8,79216906;Annual;01/01/80
ZWE;Zimbabwe;MOZ;Mozambique;Mining;Persons;2009;697,4413731;754,4463057;-4,750411048;-3,540189389;Annual;01/01/80
ZWE;Zimbabwe;MOZ;Mozambique;Mining;Persons;2010;647,611788;678,5700742;-2,579857181;-2,1027593;Annual;01/01/80
ZWE;Zimbabwe;MOZ;Mozambique;Mining;Persons;2011;772,7118697;871,6167282;-8,24207154;-8,152473972;Annual;01/01/80
ZWE;Zimbabwe;MOZ;Mozambique;Mining;Persons;2012;848,6209766;932,2827483;-6,971814308;-5,330177756;Annual;01/01/80
ZWE;Zimbabwe;MOZ;Mozambique;Mining;Persons;2013;744,9453628;828,3274634;-6,948508377;-6,245325479;Annual;01/01/80
ZWE;Zimbabwe;MOZ;Mozambique;Mining;Persons;2014;655,1497154;686,2507805;-2,591755424;-2,360058692;Annual;01/01/80
ZWE;Zimbabwe;MOZ;Mozambique;Mining;Persons;2015;568,590935;650,7499104;-6,846581286;-6,214225164;Annual;01/01/80
ZWE;Zimbabwe;MOZ;Mozambique;Mining;Persons;2016;744,7354427;810,4040217;-5,472381583;-4,966273814;Annual;01/01/80
ZWE;Zimbabwe;MOZ;Mozambique;Mining;Persons;2017;888,9938983;960,3310164;-5,944759846;-5,339046222;Annual;01/01/80
ZWE;Zimbabwe;MOZ;Mozambique;Mining;Persons;2018;709,9868523;783,7299944;-6,14526184;-5,306361337;Annual;01/01/80
ZWE;Zimbabwe;MOZ;Mozambique;Mining;Persons;2019;803,6601894;885,5352879;-6,822924881;-6,473916586;Annual;01/01/80
ZWE;Zimbabwe;MOZ;Mozambique;Mining;Persons;2020;762,1004809;842,2249891;-6,677042354;-6,052856066;Annual;01/01/80
ZWE;Zimbabwe;MOZ;Mozambique;Mining;Persons;2021;664,5457904;719,8257661;-4,606664642;-4,061768735;Annual;01/01/80
ZWE;Zimbabwe;MOZ;Mozambique;Mining;Persons;2022;744,1677065;752,7422408;-0,714544533;-1,365858431;Annual;01/01/80
ZWE;Zimbabwe;MOZ;Mozambique;Mining;Persons;2023;711,4659571;696,9610503;1,208742239;0,854347855;Annual;01/01/80
ZWE;Zimbabwe;MOZ;Mozambique;Mining;Persons;2024;909,742854;870,1972262;3,295468981;2,879320159;Annual;01/01/80
ZWE;Zimbabwe;MOZ;Mozambique;Mining;Persons;2025;601,0704287;685,5474894;-7,039755056;-6,368977682;Annual;01/01/80
ZWE;Zimbabwe;MOZ;Mozambique;Mining;Persons;2026;554,4142064;696,5251496;-15,79010479;-14,49639045;Annual;01/01/80
ZWE;Zimbabwe;MOZ;Mozambique;Other;Persons;1980;698,8893768;715,5719475;-1,390214228;-1,306347668;Annual;01/01/80
ZWE;Zimbabwe;MOZ;Mozambique;Other;Persons;1981;858,3550996;884,6240829;-2,189081938;-1,74241591;Annual;01/01/80
ZWE;Zimbabwe;MOZ;Mozambique;Other;Persons;1982;520,9174717;539,9823487;-1,588739756;-1,575463047;Annual;01/01/80
ZWE;Zimbabwe;MOZ;Mozambique;Other;Persons;1983;606,089457;586,7320438;1,613117769;1,305631702;Annual;01/01/80
ZWE;Zimbabwe;MOZ;Mozambique;Other;Persons;1984;649,1886745;669,4281769;-1,6866252;-2,429429825;Annual;01/01/80
ZWE;Zimbabwe;MOZ;Mozambique;Other;Persons;1985;746,8612984;714,1519506;2,725778982;2,543568372;Annual;01/01/80
ZWE;Zimbabwe;MOZ;Mozambique;Other;Persons;1986;603,7883894;699,175728;-7,948944891;-6,838124521;Annual;01/01/80
ZWE;Zimbabwe;MOZ;Mozambique;Other;Persons;1987;745,61617;827,7135807;-6,841450896;-5,92080644;Annual;01/01/80
ZWE;Zimbabwe;MOZ;Mozambique;Other;Persons;1988;673,3868118;720,2127746;-3,902163565;-3,328636801;Annual;01/01/80
ZWE;Zimbabwe;MOZ;Mozambique;Other;Persons;1989;566,2200534;673,7367961;-8,959728561;-8,660651234;Annual;01/01/80
ZWE;Zimbabwe;MOZ;Mozambique;Other;Persons;1990;757,4863491;783,3955033;-2,159096183;-2,328514615;Annual;01/01/80
ZWE;Zimbabwe;MOZ;Mozambique;Other;Persons;1991;696,3698649;728,3203178;-2,662537745;-2,208812978;Annual;01/01/80
ZWE;Zimbabwe;MOZ;Mozambique;Other;Persons;1992;828,0830326;943,2148788;-9,594320519;-8,457630311;Annual;01/01/80
ZWE;Zimbabwe;MOZ;Mozambique;Other;Persons;1993;785,2560967;855,5503914;-5,857857891;-4,502940375;Annual;01/01/80
ZWE;Zimbabwe;MOZ;Mozambique;Other;Persons;1994;598,1590199;633,1375837;-2,914880316;-2,167829648;Annual;01/01/80
ZWE;Zimbabwe;MOZ;Mozambique;Other;Persons;1995;778,2483574;752,1524218;2,174661301;1,760218007;Annual;01/01/80
ZWE;Zimbabwe;MOZ;Mozambique;Other;Persons;1996;768,0230818;879,2682603;-9,270431535;-8,399219621;Annual;01/01/80
ZWE;Zimbabwe;MOZ;Mozambique;Other;Persons;1997;740,0521723;845,8359894;-8,815318097;-8,682012789;Annual;01/01/80
ZWE;Zimbabwe;MOZ;Mozambique;Other;Persons;1998;771,1253387;850,1605648;-6,586268847;-5,671746031;Annual;01/01/80
ZWE;Zimbabwe;MOZ;Mozambique;Other;Persons;1999;647,9154934;804,0842595;-13,01406384;-12,173241;Annual;01/01/80
ZWE;Zimbabwe;MOZ;Mozambique;Other;Persons;2000;711,8837766;794,4555361;-6,880979962;-6,970372087;Annual;01/01/80
ZWE;Zimbabwe;MOZ;Mozambique;Other;Persons;2001;684,7419496;656,7484054;2,332795346;2,433327241;Annual;01/01/80
ZWE;Zimbabwe;MOZ;Mozambique;Other;Persons;2002;770,4870431;782,0171703;-0,960843937;-0,086086317;Annual;01/01/80
ZWE;Zimbabwe;MOZ;Mozambique;Other;Persons;2003;824,8002087;916,5021376;-7,64182741;-8,170472699;Annual;01/01/80
ZWE;Zimbabwe;MOZ;Mozambique;Other;Persons;2004;674,4795867;730,9683122;-4,707393787;-4,497844148;Annual;01/01/80
ZWE;Zimbabwe;MOZ;Mozambique;Other;Persons;2005;773,3565631;826,5013682;-4,428733755;-4,510939791;Annual;01/01/80
ZWE;Zimbabwe;MOZ;Mozambique;Other;Persons;2006;532,0450132;516,6716384;1,281114574;1,621240067;Annual;01/01/80
ZWE;Zimbabwe;MOZ;Mozambique;Other;Persons;2007;821,7565861;864,2956865;-3,544925028;-3,028070142;Annual;01/01/80
ZWE;Zimbabwe;MOZ;Mozambique;Other;Persons;2008;923,4980492;1045,534832;-10,1697319;-9,015765593;Annual;01/01/80
ZWE;Zimbabwe;MOZ;Mozambique;Other;Persons;2009;704,4804269;727,4128358;-1,911034074;-1,579924335;Annual;01/01/80
ZWE;Zimbabwe;MOZ;Mozambique;Other;Persons;2010;482,0830923;549,9711919;-5,657341633;-5,184552405;Annual;01/01/80
ZWE;Zimbabwe;MOZ;Mozambique;Other;Persons;2011;700,0345416;739,9541566;-3,326634582;-3,041534805;Annual;01/01/80
ZWE;Zimbabwe;MOZ;Mozambique;Other;Persons;2012;837,5575445;833,2824408;0,35625864;0,170731206;Annual;01/01/80
ZWE;Zimbabwe;MOZ;Mozambique;Other;Persons;2013;619,8332928;668,0103415;-4,014754062;-3,300425072;Annual;01/01/80
ZWE;Zimbabwe;MOZ;Mozambique;Other;Persons;2014;645,6569129;650,3193041;-0,388532599;-0,983764224;Annual;01/01/80
ZWE;Zimbabwe;MOZ;Mozambique;Other;Persons;2015;612,3835483;632,2685371;-1,657082397;-1,557417888;Annual;01/01/80
ZWE;Zimbabwe;MOZ;Mozambique;Other;Persons;2016;634,9292424;709,1478024;-6,184880002;-6,011996294;Annual;01/01/80
ZWE;Zimbabwe;MOZ;Mozambique;Other;Persons;2017;548,0303521;515,5153811;2,709580918;2,391541935;Annual;01/01/80
ZWE;Zimbabwe;MOZ;Mozambique;Other;Persons;2018;598,7336519;682,3803168;-6,970555411;-5,923884141;Annual;01/01/80
ZWE;Zimbabwe;MOZ;Mozambique;Other;Persons;2019;478,8414721;495,962777;-1,426775409;-1,913602422;Annual;01/01/80
ZWE;Zimbabwe;MOZ;Mozambique;Other;Persons;2020;551,3965547;598,4527504;-3,921349646;-3,620228394;Annual;01/01/80
ZWE;Zimbabwe;MOZ;Mozambique;Other;Persons;2021;676,279869;770,4432899;-7,846951745;-6,652502274;Annual;01/01/80
ZWE;Zimbabwe;MOZ;Mozambique;Other;Persons;2022;948,7536647;1070,288334;-10,12788909;-9,08459594;Annual;01/01/80
ZWE;Zimbabwe;MOZ;Mozambique;Other;Persons;2023;731,5317497;736,9970785;-0,455444067;-0,318277476;Annual;01/01/80
ZWE;Zimbabwe;MOZ;Mozambique;Other;Persons;2024;709,7589366;785,7039002;-6,328746964;-5,876904668;Annual;01/01/80
ZWE;Zimbabwe;MOZ;Mozambique;Other;Persons;2025;634,1908818;774,6956875;-11,70873381;-10,95483467;Annual;01/01/80
ZWE;Zimbabwe;MOZ;Mozambique;Other;Persons;2026;459,0830631;501,7649722;-4,742434351;-3,914596908;Annual;01/01/80
ZWE;Zimbabwe;MOZ;Mozambique;Public Services;Persons;1980;822,1194439;954,7674425;-11,05399988;-9,321384121;Annual;01/01/80
ZWE;Zimbabwe;MOZ;Mozambique;Public Services;Persons;1981;601,5895412;604,8941735;-0,275386021;-0,259513459;Annual;01/01/80
ZWE;Zimbabwe;MOZ;Mozambique;Public Services;Persons;1982;721,0759661;718,5877983;0,207347315;-0,032344157;Annual;01/01/80
ZWE;Zimbabwe;MOZ;Mozambique;Public Services;Persons;1983;867,6062699;914,2871523;-3,89007354;-3,024656826;Annual;01/01/80
ZWE;Zimbabwe;MOZ;Mozambique;Public Services;Persons;1984;889,2468544;993,3270859;-8,67335262;-8,083423689;Annual;01/01/80
ZWE;Zimbabwe;MOZ;Mozambique;Public Services;Persons;1985;751,1171498;843,5861814;-7,705752634;-6,871700727;Annual;01/01/80
ZWE;Zimbabwe;MOZ;Mozambique;Public Services;Persons;1986;665,3558403;796,0659006;-10,89250502;-8,842397952;Annual;01/01/80
ZWE;Zimbabwe;MOZ;Mozambique;Public Services;Persons;1987;823,6377689;961,3700529;-11,47769033;-10,11739788;Annual;01/01/80
ZWE;Zimbabwe;MOZ;Mozambique;Public Services;Persons;1988;654,9521863;684,4790164;-2,460569175;-2,454672358;Annual;01/01/80
ZWE;Zimbabwe;MOZ;Mozambique;Public Services;Persons;1989;577,4007092;591,0312558;-1,135878882;-0,924072479;Annual;01/01/80
ZWE;Zimbabwe;MOZ;Mozambique;Public Services;Persons;1990;575,3789977;676,1691406;-8,39917858;-7,899260603;Annual;01/01/80
ZWE;Zimbabwe;MOZ;Mozambique;Public Services;Persons;1991;530,1653743;599,2478605;-5,756873848;-5,119835501;Annual;01/01/80
ZWE;Zimbabwe;MOZ;Mozambique;Public Services;Persons;1992;750,2217937;834,2451593;-7,001947129;-6,122042301;Annual;01/01/80
ZWE;Zimbabwe;MOZ;Mozambique;Public Services;Persons;1993;936,6836151;930,9593381;0,47702308;0,069141421;Annual;01/01/80
ZWE;Zimbabwe;MOZ;Mozambique;Public Services;Persons;1994;741,7603121;820,9762457;-6,601327802;-6,060147629;Annual;01/01/80
ZWE;Zimbabwe;MOZ;Mozambique;Public Services;Persons;1995;603,5873102;676,1459159;-6,046550474;-4,61190586;Annual;01/01/80
ZWE;Zimbabwe;MOZ;Mozambique;Public Services;Persons;1996;692,9467766;715,9936345;-1,920571486;-1,276773226;Annual;01/01/80
ZWE;Zimbabwe;MOZ;Mozambique;Public Services;Persons;1997;783,639095;734,7178172;4,076773144;3,145703008;Annual;01/01/80
ZWE;Zimbabwe;MOZ;Mozambique;Public Services;Persons;1998;594,7813958;602,6786231;-0,658102277;-0,485494256;Annual;01/01/80
ZWE;Zimbabwe;MOZ;Mozambique;Public Services;Persons;1999;634,9141823;737,7599304;-8,57047901;-8,66315563;Annual;01/01/80
ZWE;Zimbabwe;MOZ;Mozambique;Public Services;Persons;2000;774,1769498;847,0850142;-6,07567203;-4,802013708;Annual;01/01/80
ZWE;Zimbabwe;MOZ;Mozambique;Public Services;Persons;2001;762,1801715;829,0107891;-5,569218136;-4,868179169;Annual;01/01/80
ZWE;Zimbabwe;MOZ;Mozambique;Public Services;Persons;2002;634,1594183;663,7911852;-2,469313911;-2,665090972;Annual;01/01/80
ZWE;Zimbabwe;MOZ;Mozambique;Public Services;Persons;2003;701,4089369;705,5716905;-0,346896137;-0,140304754;Annual;01/01/80
ZWE;Zimbabwe;MOZ;Mozambique;Public Services;Persons;2004;844,746181;793,3064008;4,286648349;3,721410033;Annual;01/01/80
ZWE;Zimbabwe;MOZ;Mozambique;Public Services;Persons;2005;829,3856625;839,2795449;-0,824490206;-0,67968148;Annual;01/01/80
ZWE;Zimbabwe;MOZ;Mozambique;Public Services;Persons;2006;718,3847212;737,2128341;-1,569009409;-1,62120741;Annual;01/01/80
ZWE;Zimbabwe;MOZ;Mozambique;Public Services;Persons;2007;823,9496297;899,1304372;-6,265067293;-5,839997922;Annual;01/01/80
ZWE;Zimbabwe;MOZ;Mozambique;Public Services;Persons;2008;634,6975996;650,8961297;-1,349877505;-0,999700879;Annual;01/01/80
ZWE;Zimbabwe;MOZ;Mozambique;Public Services;Persons;2009;757,5315468;885,6208175;-10,67410589;-9,984419634;Annual;01/01/80
ZWE;Zimbabwe;MOZ;Mozambique;Public Services;Persons;2010;748,6356368;812,3243919;-5,307396261;-4,603928319;Annual;01/01/80
ZWE;Zimbabwe;MOZ;Mozambique;Public Services;Persons;2011;597,6232733;638,0256292;-3,36686299;-3,028131803;Annual;01/01/80
ZWE;Zimbabwe;MOZ;Mozambique;Public Services;Persons;2012;609,4635823;684,1475293;-6,223662253;-5,888663286;Annual;01/01/80
ZWE;Zimbabwe;MOZ;Mozambique;Public Services;Persons;2013;802,4956901;860,5989909;-4,841941728;-4,094770148;Annual;01/01/80
ZWE;Zimbabwe;MOZ;Mozambique;Public Services;Persons;2014;618,5804619;659,0332399;-3,371064835;-3,0976589;Annual;01/01/80
ZWE;Zimbabwe;MOZ;Mozambique;Public Services;Persons;2015;722,9628904;810,128161;-7,26377255;-5,757874414;Annual;01/01/80
ZWE;Zimbabwe;MOZ;Mozambique;Public Services;Persons;2016;749,2291852;787,4907493;-3,188463678;-2,365971011;Annual;01/01/80
ZWE;Zimbabwe;MOZ;Mozambique;Public Services;Persons;2017;704,5536317;749,4434538;-3,74081851;-3,282673794;Annual;01/01/80
ZWE;Zimbabwe;MOZ;Mozambique;Public Services;Persons;2018;563,6980813;665,5040283;-8,48382892;-7,395898016;Annual;01/01/80
ZWE;Zimbabwe;MOZ;Mozambique;Public Services;Persons;2019;627,0991682;654,3796345;-2,273372194;-1,675682005;Annual;01/01/80
ZWE;Zimbabwe;MOZ;Mozambique;Public Services;Persons;2020;738,1226461;754,810235;-1,390632407;-1,298369368;Annual;01/01/80
ZWE;Zimbabwe;MOZ;Mozambique;Public Services;Persons;2021;832,3893609;897,7166048;-5,44393699;-5,160539367;Annual;01/01/80
ZWE;Zimbabwe;MOZ;Mozambique;Public Services;Persons;2022;853,634172;964,9466811;-9,27604242;-8,130961808;Annual;01/01/80
ZWE;Zimbabwe;MOZ;Mozambique;Public Services;Persons;2023;709,2654579;760,5777595;-4,276025133;-3,658595163;Annual;01/01/80
ZWE;Zimbabwe;MOZ;Mozambique;Public Services;Persons;2024;916,7339162;828,132757;7,383429932;6,918427886;Annual;01/01/80
ZWE;Zimbabwe;MOZ;Mozambique;Public Services;Persons;2025;626,2607417;562,9318896;5,277404341;4,883998687;Annual;01/01/80
ZWE;Zimbabwe;MOZ;Mozambique;Public Services;Persons;2026;548,5505945;625,8215425;-8,585660891;-7,592551093;Annual;01/01/80
ZWE;Zimbabwe;MOZ;Mozambique;Tourism;Persons;1980;925,8850635;968,8355475;-3,579207001;-2,829439764;Annual;01/01/80
ZWE;Zimbabwe;MOZ;Mozambique;Tourism;Persons;1981;750,276687;898,7475817;-12,37257456;-10,58472185;Annual;01/01/80
ZWE;Zimbabwe;MOZ;Mozambique;Tourism;Persons;1982;648,8794883;728,8438287;-6,663695037;-5,559443444;Annual;01/01/80
ZWE;Zimbabwe;MOZ;Mozambique;Tourism;Persons;1983;749,3618263;765,9203107;-1,3798737;-1,461989667;Annual;01/01/80
ZWE;Zimbabwe;MOZ;Mozambique;Tourism;Persons;1984;658,4561807;696,7099285;-3,187812311;-3,127467188;Annual;01/01/80
ZWE;Zimbabwe;MOZ;Mozambique;Tourism;Persons;1985;783,4735436;804,2840282;-1,734207048;-1,626153506;Annual;01/01/80
ZWE;Zimbabwe;MOZ;Mozambique;Tourism;Persons;1986;732,7485823;878,3304693;-12,13182392;-10,28558889;Annual;01/01/80
ZWE;Zimbabwe;MOZ;Mozambique;Tourism;Persons;1987;794,2028377;823,0227051;-2,40165562;-2,010464881;Annual;01/01/80
ZWE;Zimbabwe;MOZ;Mozambique;Tourism;Persons;1988;744,4160935;813,3801938;-5,747008354;-5,43790802;Annual;01/01/80
ZWE;Zimbabwe;MOZ;Mozambique;Tourism;Persons;1989;728,832157;784,1317044;-4,608295615;-3,541358998;Annual;01/01/80
ZWE;Zimbabwe;MOZ;Mozambique;Tourism;Persons;1990;726,8212169;874,9368277;-12,34296757;-11,40975878;Annual;01/01/80
ZWE;Zimbabwe;MOZ;Mozambique;Tourism;Persons;1991;782,0815132;831,9902493;-4,159061342;-3,698434665;Annual;01/01/80
ZWE;Zimbabwe;MOZ;Mozambique;Tourism;Persons;1992;1039,823376;1056,189377;-1,363833385;-1,499400084;Annual;01/01/80
ZWE;Zimbabwe;MOZ;Mozambique;Tourism;Persons;1993;821,5563893;883,3680386;-5,150970777;-4,360993271;Annual;01/01/80
ZWE;Zimbabwe;MOZ;Mozambique;Tourism;Persons;1994;539,1448185;611,2484215;-6,008633584;-5,487820137;Annual;01/01/80
ZWE;Zimbabwe;MOZ;Mozambique;Tourism;Persons;1995;703,5957159;733,6566739;-2,50507983;-1,993747802;Annual;01/01/80
ZWE;Zimbabwe;MOZ;Mozambique;Tourism;Persons;1996;602,6424366;696,8783666;-7,852994172;-7,436060781;Annual;01/01/80
ZWE;Zimbabwe;MOZ;Mozambique;Tourism;Persons;1997;806,1279912;805,62626;0,041810927;-0,243368544;Annual;01/01/80
ZWE;Zimbabwe;MOZ;Mozambique;Tourism;Persons;1998;657,5104998;670,8051014;-1,107883465;-0,885274688;Annual;01/01/80
ZWE;Zimbabwe;MOZ;Mozambique;Tourism;Persons;1999;744,0453484;848,7323782;-8,723919155;-7,38499396;Annual;01/01/80
ZWE;Zimbabwe;MOZ;Mozambique;Tourism;Persons;2000;671,9560571;724,9792983;-4,418603432;-3,249553666;Annual;01/01/80
ZWE;Zimbabwe;MOZ;Mozambique;Tourism;Persons;2001;565,8710637;574,6880637;-0,734749998;-0,856632943;Annual;01/01/80
ZWE;Zimbabwe;MOZ;Mozambique;Tourism;Persons;2002;545,9382454;641,0695984;-7,927612746;-7,230588683;Annual;01/01/80
ZWE;Zimbabwe;MOZ;Mozambique;Tourism;Persons;2003;782,3007158;901,2993068;-9,916549247;-7,801615886;Annual;01/01/80
ZWE;Zimbabwe;MOZ;Mozambique;Tourism;Persons;2004;646,8970474;650,0345891;-0,261461808;-0,714341187;Annual;01/01/80
ZWE;Zimbabwe;MOZ;Mozambique;Tourism;Persons;2005;570,2561973;606,248638;-2,999370064;-3,34538176;Annual;01/01/80
ZWE;Zimbabwe;MOZ;Mozambique;Tourism;Persons;2006;870,3010385;955,176583;-7,072962038;-6,396093386;Annual;01/01/80
ZWE;Zimbabwe;MOZ;Mozambique;Tourism;Persons;2007;560,9908656;596,0042995;-2,917786158;-3,100290034;Annual;01/01/80
ZWE;Zimbabwe;MOZ;Mozambique;Tourism;Persons;2008;914,7825396;1068,791335;-12,83406625;-12,07827595;Annual;01/01/80
ZWE;Zimbabwe;MOZ;Mozambique;Tourism;Persons;2009;561,7549667;615,0432548;-4,440690678;-4,273234912;Annual;01/01/80
ZWE;Zimbabwe;MOZ;Mozambique;Tourism;Persons;2010;602,354294;615,4058675;-1,087631126;-1,518619878;Annual;01/01/80
ZWE;Zimbabwe;MOZ;Mozambique;Tourism;Persons;2011;715,8150298;667,0966853;4,059862044;3,754299082;Annual;01/01/80
ZWE;Zimbabwe;MOZ;Mozambique;Tourism;Persons;2012;575,2299105;634,1778751;-4,912330383;-4,238133577;Annual;01/01/80
ZWE;Zimbabwe;MOZ;Mozambique;Tourism;Persons;2013;669,3182999;655,7039253;1,134531217;1,103522017;Annual;01/01/80
ZWE;Zimbabwe;MOZ;Mozambique;Tourism;Persons;2014;541,2342796;569,4202276;-2,348828997;-1,840321846;Annual;01/01/80
ZWE;Zimbabwe;MOZ;Mozambique;Tourism;Persons;2015;877,6520672;1075,954561;-16,52520782;-14,5236394;Annual;01/01/80
ZWE;Zimbabwe;MOZ;Mozambique;Tourism;Persons;2016;757,7507007;801,2232112;-3,622709209;-3,547466465;Annual;01/01/80
ZWE;Zimbabwe;MOZ;Mozambique;Tourism;Persons;2017;900,9377522;1059,735004;-13,23310434;-12,15988413;Annual;01/01/80
ZWE;Zimbabwe;MOZ;Mozambique;Tourism;Persons;2018;676,8381192;744,4607758;-5,635221379;-4,979266101;Annual;01/01/80
ZWE;Zimbabwe;MOZ;Mozambique;Tourism;Persons;2019;663,0567945;655,7479376;0,609071402;0,715292014;Annual;01/01/80
ZWE;Zimbabwe;MOZ;Mozambique;Tourism;Persons;2020;695,692222;835,5989469;-11,65889374;-10,13193366;Annual;01/01/80
ZWE;Zimbabwe;MOZ;Mozambique;Tourism;Persons;2021;606,8799878;680,9491627;-6,17243124;-5,188888049;Annual;01/01/80
ZWE;Zimbabwe;MOZ;Mozambique;Tourism;Persons;2022;521,0628958;525,6502286;-0,382277733;-0,293378964;Annual;01/01/80
ZWE;Zimbabwe;MOZ;Mozambique;Tourism;Persons;2023;758,2417749;810,618079;-4,364692005;-3,496514551;Annual;01/01/80
ZWE;Zimbabwe;MOZ;Mozambique;Tourism;Persons;2024;646,2331589;666,281858;-1,670724923;-1,381449308;Annual;01/01/80
ZWE;Zimbabwe;MOZ;Mozambique;Tourism;Persons;2025;557,5070975;592,0104156;-2,875276509;-2,789998201;Annual;01/01/80
ZWE;Zimbabwe;MOZ;Mozambique;Tourism;Persons;2026;515,806354;552,3382206;-4,059096282;-4,043648622;Annual;01/01/80
ZWE;Zimbabwe;MOZ;Mozambique;Trade;Persons;1980;513,0777596;545,7984737;-2,726726178;-2,901285705;Annual;01/01/80
ZWE;Zimbabwe;MOZ;Mozambique;Trade;Persons;1981;581,2659126;637,7918986;-4,710498833;-4,241192939;Annual;01/01/80
ZWE;Zimbabwe;MOZ;Mozambique;Trade;Persons;1982;643,8352707;696,2716739;-4,369700267;-4,282616375;Annual;01/01/80
ZWE;Zimbabwe;MOZ;Mozambique;Trade;Persons;1983;764,9032206;827,5734038;-5,222515273;-4,845444684;Annual;01/01/80
ZWE;Zimbabwe;MOZ;Mozambique;Trade;Persons;1984;598,6908052;688,6166452;-7,493820004;-7,407186496;Annual;01/01/80
ZWE;Zimbabwe;MOZ;Mozambique;Trade;Persons;1985;608,9897843;711,3194609;-8,527473052;-7,535578378;Annual;01/01/80
ZWE;Zimbabwe;MOZ;Mozambique;Trade;Persons;1986;703,2730685;720,2747595;-1,416807582;-0,986225824;Annual;01/01/80
ZWE;Zimbabwe;MOZ;Mozambique;Trade;Persons;1987;724,9870251;794,5254951;-5,794872503;-5,388726808;Annual;01/01/80
ZWE;Zimbabwe;MOZ;Mozambique;Trade;Persons;1988;582,8027274;568,8775375;1,160432487;0,964403166;Annual;01/01/80
ZWE;Zimbabwe;MOZ;Mozambique;Trade;Persons;1989;645,1479207;691,6727088;-3,877065675;-3,997989298;Annual;01/01/80
ZWE;Zimbabwe;MOZ;Mozambique;Trade;Persons;1990;893,2006586;895,0408546;-0,153349667;0,224084109;Annual;01/01/80
ZWE;Zimbabwe;MOZ;Mozambique;Trade;Persons;1991;678,8241753;802,9066613;-10,34020717;-9,477102162;Annual;01/01/80
ZWE;Zimbabwe;MOZ;Mozambique;Trade;Persons;1992;669,9111767;686,8328968;-1,410143339;-1,452377872;Annual;01/01/80
ZWE;Zimbabwe;MOZ;Mozambique;Trade;Persons;1993;881,9401883;880,4867375;0,121120898;0,161772538;Annual;01/01/80
ZWE;Zimbabwe;MOZ;Mozambique;Trade;Persons;1994;825,0663316;820,8638682;0,350205283;0,078530136;Annual;01/01/80
ZWE;Zimbabwe;MOZ;Mozambique;Trade;Persons;1995;686,5823993;729,6625904;-3,590015928;-3,647376756;Annual;01/01/80
ZWE;Zimbabwe;MOZ;Mozambique;Trade;Persons;1996;670,4420893;691,9903412;-1,795687658;-1,879211029;Annual;01/01/80
ZWE;Zimbabwe;MOZ;Mozambique;Trade;Persons;1997;940,1587912;998,097663;-4,828239314;-4,004852557;Annual;01/01/80
ZWE;Zimbabwe;MOZ;Mozambique;Trade;Persons;1998;700,7037295;754,1843902;-4,456721723;-3,025529388;Annual;01/01/80
ZWE;Zimbabwe;MOZ;Mozambique;Trade;Persons;1999;660,5677381;736,8032067;-6,35295572;-5,710639312;Annual;01/01/80
ZWE;Zimbabwe;MOZ;Mozambique;Trade;Persons;2000;718,780575;763,7176594;-3,744757036;-2,706750817;Annual;01/01/80
ZWE;Zimbabwe;MOZ;Mozambique;Trade;Persons;2001;591,7087725;653,1937838;-5,123750937;-4,954984245;Annual;01/01/80
ZWE;Zimbabwe;MOZ;Mozambique;Trade;Persons;2002;605,9334797;644,5570675;-3,21863232;-3,12022634;Annual;01/01/80
ZWE;Zimbabwe;MOZ;Mozambique;Trade;Persons;2003;767,4265583;858,9824928;-7,629661207;-7,742148248;Annual;01/01/80
ZWE;Zimbabwe;MOZ;Mozambique;Trade;Persons;2004;740,4892623;804,3010431;-5,317648403;-4,981584234;Annual;01/01/80
ZWE;Zimbabwe;MOZ;Mozambique;Trade;Persons;2005;800,2500581;1008,921565;-17,38929228;-15,10782152;Annual;01/01/80
ZWE;Zimbabwe;MOZ;Mozambique;Trade;Persons;2006;602,5398186;606,628636;-0,340734789;-0,485543267;Annual;01/01/80
ZWE;Zimbabwe;MOZ;Mozambique;Trade;Persons;2007;627,3348478;602,7389052;2,049661886;1,585081579;Annual;01/01/80
ZWE;Zimbabwe;MOZ;Mozambique;Trade;Persons;2008;567,176952;596,6248778;-2,453993819;-1,849934082;Annual;01/01/80
ZWE;Zimbabwe;MOZ;Mozambique;Trade;Persons;2009;763,6381446;844,3948305;-6,729723822;-6,281129153;Annual;01/01/80
ZWE;Zimbabwe;MOZ;Mozambique;Trade;Persons;2010;711,1956725;807,5210095;-8,02711142;-6,931574083;Annual;01/01/80
ZWE;Zimbabwe;MOZ;Mozambique;Trade;Persons;2011;861,6304465;916,0823646;-4,537659843;-5,117619896;Annual;01/01/80
ZWE;Zimbabwe;MOZ;Mozambique;Trade;Persons;2012;546,0665716;634,0732618;-7,333890842;-6,538970361;Annual;01/01/80
ZWE;Zimbabwe;MOZ;Mozambique;Trade;Persons;2013;732,840071;811,0635964;-6,518627116;-6,368035053;Annual;01/01/80
ZWE;Zimbabwe;MOZ;Mozambique;Trade;Persons;2014;660,4593311;739,9163843;-6,621421095;-6,385914799;Annual;01/01/80
ZWE;Zimbabwe;MOZ;Mozambique;Trade;Persons;2015;725,1051237;728,096881;-0,249313113;-1,00189565;Annual;01/01/80
ZWE;Zimbabwe;MOZ;Mozambique;Trade;Persons;2016;668,4463335;730,9241511;-5,206484795;-5,05811572;Annual;01/01/80
ZWE;Zimbabwe;MOZ;Mozambique;Trade;Persons;2017;792,8304476;883,1421914;-7,525978648;-7,35757333;Annual;01/01/80
ZWE;Zimbabwe;MOZ;Mozambique;Trade;Persons;2018;700,6117701;829,3863375;-10,73121395;-9,487084379;Annual;01/01/80
ZWE;Zimbabwe;MOZ;Mozambique;Trade;Persons;2019;691,5928644;731,997703;-3,367069879;-2,841656504;Annual;01/01/80
ZWE;Zimbabwe;MOZ;Mozambique;Trade;Persons;2020;805,2511017;905,1945963;-8,328624549;-7,981987539;Annual;01/01/80
ZWE;Zimbabwe;MOZ;Mozambique;Trade;Persons;2021;616,4205486;635,1314286;-1,559239993;-1,981535103;Annual;01/01/80
ZWE;Zimbabwe;MOZ;Mozambique;Trade;Persons;2022;659,0939384;708,7816401;-4,140641814;-3,429387236;Annual;01/01/80
ZWE;Zimbabwe;MOZ;Mozambique;Trade;Persons;2023;586,2761354;573,0295102;1,103885435;0,723138926;Annual;01/01/80
ZWE;Zimbabwe;MOZ;Mozambique;Trade;Persons;2024;719,975695;810,4956353;-7,543328356;-6,587533696;Annual;01/01/80
ZWE;Zimbabwe;MOZ;Mozambique;Trade;Persons;2025;684,6977887;806,5037991;-10,15050086;-9,357718137;Annual;01/01/80
ZWE;Zimbabwe;MOZ;Mozambique;Trade;Persons;2026;588,7486222;625,6625792;-4,101550777;-3,997051982;Annual;01/01/80
ZWE;Zimbabwe;MOZ;Mozambique;Transport;Persons;1980;607,2350111;619,1206277;-0,99046805;-0,805953821;Annual;01/01/80
ZWE;Zimbabwe;MOZ;Mozambique;Transport;Persons;1981;825,1648127;960,7924854;-11,30230606;-9,913365549;Annual;01/01/80
ZWE;Zimbabwe;MOZ;Mozambique;Transport;Persons;1982;873,9841821;954,1843505;-6,683347365;-5,918282865;Annual;01/01/80
ZWE;Zimbabwe;MOZ;Mozambique;Transport;Persons;1983;893,5606428;856,3498232;3,100901632;2,452241355;Annual;01/01/80
ZWE;Zimbabwe;MOZ;Mozambique;Transport;Persons;1984;682,7312218;687,6528502;-0,410135703;-0,334522169;Annual;01/01/80
ZWE;Zimbabwe;MOZ;Mozambique;Transport;Persons;1985;547,9272476;627,0679044;-6,595054728;-6,166627447;Annual;01/01/80
ZWE;Zimbabwe;MOZ;Mozambique;Transport;Persons;1986;678,5604754;824,1718401;-12,13428039;-10,36415493;Annual;01/01/80
ZWE;Zimbabwe;MOZ;Mozambique;Transport;Persons;1987;692,2982764;680,039106;1,021597528;0,811607685;Annual;01/01/80
ZWE;Zimbabwe;MOZ;Mozambique;Transport;Persons;1988;585,9590985;684,8598878;-8,241732445;-7,52309637;Annual;01/01/80
ZWE;Zimbabwe;MOZ;Mozambique;Transport;Persons;1989;735,5089613;821,3784155;-7,155787854;-5,916769777;Annual;01/01/80
ZWE;Zimbabwe;MOZ;Mozambique;Transport;Persons;1990;766,6742377;857,5169605;-7,570226894;-7,305200046;Annual;01/01/80
ZWE;Zimbabwe;MOZ;Mozambique;Transport;Persons;1991;737,7615736;810,403961;-6,053532289;-5,164242155;Annual;01/01/80
ZWE;Zimbabwe;MOZ;Mozambique;Transport;Persons;1992;758,1701309;837,9399585;-6,647485637;-5,784151378;Annual;01/01/80
ZWE;Zimbabwe;MOZ;Mozambique;Transport;Persons;1993;629,8184686;727,7591311;-8,161721881;-7,517716215;Annual;01/01/80
ZWE;Zimbabwe;MOZ;Mozambique;Transport;Persons;1994;660,774042;706,838689;-3,838720582;-4,259084619;Annual;01/01/80
ZWE;Zimbabwe;MOZ;Mozambique;Transport;Persons;1995;660,9616336;658,4777453;0,206990691;-0,607543063;Annual;01/01/80
ZWE;Zimbabwe;MOZ;Mozambique;Transport;Persons;1996;940,2720078;979,688838;-3,284735857;-3,270647586;Annual;01/01/80
ZWE;Zimbabwe;MOZ;Mozambique;Transport;Persons;1997;725,2732546;756,5484855;-2,606269244;-1,951339672;Annual;01/01/80
ZWE;Zimbabwe;MOZ;Mozambique;Transport;Persons;1998;692,1267058;695,7108523;-0,298678871;-0,064343814;Annual;01/01/80
ZWE;Zimbabwe;MOZ;Mozambique;Transport;Persons;1999;952,8252544;965,7302701;-1,075417972;-1,413030659;Annual;01/01/80
ZWE;Zimbabwe;MOZ;Mozambique;Transport;Persons;2000;670,404334;721,2365574;-4,236018617;-3,886980303;Annual;01/01/80
ZWE;Zimbabwe;MOZ;Mozambique;Transport;Persons;2001;741,8612396;785,9491834;-3,673995313;-4,064041311;Annual;01/01/80
ZWE;Zimbabwe;MOZ;Mozambique;Transport;Persons;2002;784,10878;763,0391012;1,755806568;1,729552856;Annual;01/01/80
ZWE;Zimbabwe;MOZ;Mozambique;Transport;Persons;2003;890,2275505;863,5584654;2,222423759;2,276737309;Annual;01/01/80
ZWE;Zimbabwe;MOZ;Mozambique;Transport;Persons;2004;803,4736999;789,2634545;1,184187111;0,655339549;Annual;01/01/80
ZWE;Zimbabwe;MOZ;Mozambique;Transport;Persons;2005;664,7463228;698,8943325;-2,845667475;-2,889642366;Annual;01/01/80
ZWE;Zimbabwe;MOZ;Mozambique;Transport;Persons;2006;808,017552;856,8098776;-4,066027137;-2,945064737;Annual;01/01/80
ZWE;Zimbabwe;MOZ;Mozambique;Transport;Persons;2007;759,7762946;801,5511885;-3,481241158;-3,451335013;Annual;01/01/80
ZWE;Zimbabwe;MOZ;Mozambique;Transport;Persons;2008;820,5686244;782,0721567;3,208038976;3,140776407;Annual;01/01/80
ZWE;Zimbabwe;MOZ;Mozambique;Transport;Persons;2009;738,1982609;818,0240709;-6,652150835;-5,653615917;Annual;01/01/80
ZWE;Zimbabwe;MOZ;Mozambique;Transport;Persons;2010;707,9269898;744,5121763;-3,048765538;-2,401119791;Annual;01/01/80
ZWE;Zimbabwe;MOZ;Mozambique;Transport;Persons;2011;741,5132551;835,9145932;-7,866778172;-6,68974442;Annual;01/01/80
ZWE;Zimbabwe;MOZ;Mozambique;Transport;Persons;2012;726,5991639;794,6846297;-5,673788813;-4,652173415;Annual;01/01/80
ZWE;Zimbabwe;MOZ;Mozambique;Transport;Persons;2013;672,53672;737,5267261;-5,415833838;-4,156761452;Annual;01/01/80
ZWE;Zimbabwe;MOZ;Mozambique;Transport;Persons;2014;802,803439;735,7141078;5,590777597;4,968057241;Annual;01/01/80
ZWE;Zimbabwe;MOZ;Mozambique;Transport;Persons;2015;664,1536674;721,8105218;-4,804737864;-3,991805761;Annual;01/01/80
ZWE;Zimbabwe;MOZ;Mozambique;Transport;Persons;2016;702,4286819;803,6068561;-8,43151452;-7,711738485;Annual;01/01/80
ZWE;Zimbabwe;MOZ;Mozambique;Transport;Persons;2017;614,0469726;756,9529988;-11,90883552;-10,85350157;Annual;01/01/80
ZWE;Zimbabwe;MOZ;Mozambique;Transport;Persons;2018;754,2242555;755,1955281;-0,080939384;0,668365202;Annual;01/01/80
ZWE;Zimbabwe;MOZ;Mozambique;Transport;Persons;2019;712,3127636;797,0869445;-7,064515068;-6,370489052;Annual;01/01/80
ZWE;Zimbabwe;MOZ;Mozambique;Transport;Persons;2020;734,243821;887,7468439;-12,79191857;-12,01837215;Annual;01/01/80
ZWE;Zimbabwe;MOZ;Mozambique;Transport;Persons;2021;751,3554631;926,7154143;-14,61332926;-12,88370345;Annual;01/01/80
ZWE;Zimbabwe;MOZ;Mozambique;Transport;Persons;2022;810,1087451;843,9793487;-2,822550296;-2,788864092;Annual;01/01/80
ZWE;Zimbabwe;MOZ;Mozambique;Transport;Persons;2023;736,0537336;726,587031;0,788891886;0,533233531;Annual;01/01/80
ZWE;Zimbabwe;MOZ;Mozambique;Transport;Persons;2024;671,3922682;701,5523844;-2,513343015;-2,82230583;Annual;01/01/80
ZWE;Zimbabwe;MOZ;Mozambique;Transport;Persons;2025;723,9068002;837,2593216;-9,446043443;-8,478920561;Annual;01/01/80
ZWE;Zimbabwe;MOZ;Mozambique;Transport;Persons;2026;427,8866619;393,2154008;3,852362352;3,450744713;Annual;01/01/80
ZWE;Zimbabwe;MWI;Malawi;Agriculture;Persons;1980;734,1009001;734,223116;-0,010184658;-0,001929063;Annual;01/01/80
ZWE;Zimbabwe;MWI;Malawi;Agriculture;Persons;1981;728,6198404;826,5525829;-8,161061875;-7,064106542;Annual;01/01/80
ZWE;Zimbabwe;MWI;Malawi;Agriculture;Persons;1982;703,552609;732,2174149;-2,38873383;-3,52008473;Annual;01/01/80
ZWE;Zimbabwe;MWI;Malawi;Agriculture;Persons;1983;609,8140231;665,3839942;-4,630830927;-4,468597645;Annual;01/01/80
ZWE;Zimbabwe;MWI;Malawi;Agriculture;Persons;1984;843,9811518;916,1802148;-6,016588581;-5,470084182;Annual;01/01/80
ZWE;Zimbabwe;MWI;Malawi;Agriculture;Persons;1985;929,2120092;971,0854002;-3,489449254;-3,309667384;Annual;01/01/80
ZWE;Zimbabwe;MWI;Malawi;Agriculture;Persons;1986;563,3192031;666,9165313;-8,633110684;-8,208653004;Annual;01/01/80
ZWE;Zimbabwe;MWI;Malawi;Agriculture;Persons;1987;650,9692828;689,2101701;-3,186740614;-2,891122134;Annual;01/01/80
ZWE;Zimbabwe;MWI;Malawi;Agriculture;Persons;1988;613,9032754;648,5097629;-2,883873957;-2,997521001;Annual;01/01/80
ZWE;Zimbabwe;MWI;Malawi;Agriculture;Persons;1989;805,6805113;799,9092078;0,480941956;0,129297956;Annual;01/01/80
ZWE;Zimbabwe;MWI;Malawi;Agriculture;Persons;1990;615,239384;650,5618451;-2,943538425;-2,529612845;Annual;01/01/80
ZWE;Zimbabwe;MWI;Malawi;Agriculture;Persons;1991;682,3619818;739,2803249;-4,743195258;-4,393119556;Annual;01/01/80
ZWE;Zimbabwe;MWI;Malawi;Agriculture;Persons;1992;611,4755845;634,2447674;-1,897431904;-1,146867084;Annual;01/01/80
ZWE;Zimbabwe;MWI;Malawi;Agriculture;Persons;1993;753,457624;827,482349;-6,168727078;-5,847149742;Annual;01/01/80
ZWE;Zimbabwe;MWI;Malawi;Agriculture;Persons;1994;617,0363225;678,4036553;-5,113944398;-5,024056528;Annual;01/01/80
ZWE;Zimbabwe;MWI;Malawi;Agriculture;Persons;1995;553,9012297;647,8638423;-7,830217723;-7,447343086;Annual;01/01/80
ZWE;Zimbabwe;MWI;Malawi;Agriculture;Persons;1996;731,3183508;735,9063167;-0,382330493;-0,251296185;Annual;01/01/80
ZWE;Zimbabwe;MWI;Malawi;Agriculture;Persons;1997;674,5577987;738,6861063;-5,34402563;-5,5649154;Annual;01/01/80
ZWE;Zimbabwe;MWI;Malawi;Agriculture;Persons;1998;524,0315034;560,7758772;-3,062031147;-2,345307361;Annual;01/01/80
ZWE;Zimbabwe;MWI;Malawi;Agriculture;Persons;1999;605,3343603;669,8164632;-5,373508568;-5,348725869;Annual;01/01/80
ZWE;Zimbabwe;MWI;Malawi;Agriculture;Persons;2000;737,8093032;802,2658316;-5,371377363;-5,792360028;Annual;01/01/80
ZWE;Zimbabwe;MWI;Malawi;Agriculture;Persons;2001;634,6358831;679,4199262;-3,732003594;-3,140749541;Annual;01/01/80
ZWE;Zimbabwe;MWI;Malawi;Agriculture;Persons;2002;750,1602197;795,7541768;-3,799496431;-2,992294165;Annual;01/01/80
ZWE;Zimbabwe;MWI;Malawi;Agriculture;Persons;2003;808,8154498;849,5608836;-3,395452819;-2,884040735;Annual;01/01/80
ZWE;Zimbabwe;MWI;Malawi;Agriculture;Persons;2004;755,7891422;811,8927032;-4,675296752;-4,448027578;Annual;01/01/80
ZWE;Zimbabwe;MWI;Malawi;Agriculture;Persons;2005;702,498138;773,9470491;-5,954075929;-5,435918727;Annual;01/01/80
ZWE;Zimbabwe;MWI;Malawi;Agriculture;Persons;2006;804,7659395;951,5614094;-12,23295583;-11,2409418;Annual;01/01/80
ZWE;Zimbabwe;MWI;Malawi;Agriculture;Persons;2007;655,4889394;604,7183611;4,230881524;4,37273463;Annual;01/01/80
ZWE;Zimbabwe;MWI;Malawi;Agriculture;Persons;2008;724,2367999;867,4559774;-11,93493145;-10,75089123;Annual;01/01/80
ZWE;Zimbabwe;MWI;Malawi;Agriculture;Persons;2009;672,7965593;769,8406361;-8,087006403;-7,387251482;Annual;01/01/80
ZWE;Zimbabwe;MWI;Malawi;Agriculture;Persons;2010;687,85339;794,6246436;-8,897604465;-7,641215732;Annual;01/01/80
ZWE;Zimbabwe;MWI;Malawi;Agriculture;Persons;2011;589,4327373;646,9626716;-4,794161186;-4,44340984;Annual;01/01/80
ZWE;Zimbabwe;MWI;Malawi;Agriculture;Persons;2012;726,4396992;713,5014571;1,078186839;1,114071785;Annual;01/01/80
ZWE;Zimbabwe;MWI;Malawi;Agriculture;Persons;2013;668,1267307;686,5413604;-1,534552475;-1,591898906;Annual;01/01/80
ZWE;Zimbabwe;MWI;Malawi;Agriculture;Persons;2014;753,5668514;797,754899;-3,6823373;-3,943360633;Annual;01/01/80
ZWE;Zimbabwe;MWI;Malawi;Agriculture;Persons;2015;504,1783797;600,6630721;-8,040391035;-7,267696496;Annual;01/01/80
ZWE;Zimbabwe;MWI;Malawi;Agriculture;Persons;2016;539,9044066;539,4437464;0,038388353;-0,474118225;Annual;01/01/80
ZWE;Zimbabwe;MWI;Malawi;Agriculture;Persons;2017;604,7194507;690,583468;-7,155334771;-6,887040958;Annual;01/01/80
ZWE;Zimbabwe;MWI;Malawi;Agriculture;Persons;2018;953,8471267;1018,832004;-5,41540641;-4,397550759;Annual;01/01/80
ZWE;Zimbabwe;MWI;Malawi;Agriculture;Persons;2019;695,8464029;778,1399879;-6,857798751;-5,770811036;Annual;01/01/80
ZWE;Zimbabwe;MWI;Malawi;Agriculture;Persons;2020;804,4199558;852,9195745;-4,041634896;-3,148121714;Annual;01/01/80
ZWE;Zimbabwe;MWI;Malawi;Agriculture;Persons;2021;710,202895;775,5515738;-5,445723239;-4,478714181;Annual;01/01/80
ZWE;Zimbabwe;MWI;Malawi;Agriculture;Persons;2022;650,8685845;666,6188185;-1,312519501;-1,089074737;Annual;01/01/80
ZWE;Zimbabwe;MWI;Malawi;Agriculture;Persons;2023;767,9044014;794,6638404;-2,229953253;-1,76387932;Annual;01/01/80
ZWE;Zimbabwe;MWI;Malawi;Agriculture;Persons;2024;594,1460734;576,0533894;1,507723671;1,306310247;Annual;01/01/80
ZWE;Zimbabwe;MWI;Malawi;Agriculture;Persons;2025;681,1422601;671,9171317;0,768760697;0,29310425;Annual;01/01/80
ZWE;Zimbabwe;MWI;Malawi;Agriculture;Persons;2026;399,7067243;414,6001751;-1,654827871;-1,32643749;Annual;01/01/80
ZWE;Zimbabwe;MWI;Malawi;Construction;Persons;1980;674,8062307;703,5215045;-2,392939481;-1,843347523;Annual;01/01/80
ZWE;Zimbabwe;MWI;Malawi;Construction;Persons;1981;913,37582;984,9301744;-5,962862862;-4,76831231;Annual;01/01/80
ZWE;Zimbabwe;MWI;Malawi;Construction;Persons;1982;606,8420469;657,9034117;-4,255113738;-3,152789189;Annual;01/01/80
ZWE;Zimbabwe;MWI;Malawi;Construction;Persons;1983;835,1149818;885,890664;-4,231306852;-3,76938833;Annual;01/01/80
ZWE;Zimbabwe;MWI;Malawi;Construction;Persons;1984;648,2856736;616,9952532;2,607535039;2,593752665;Annual;01/01/80
ZWE;Zimbabwe;MWI;Malawi;Construction;Persons;1985;736,1600592;852,0605353;-9,658373008;-8,891578164;Annual;01/01/80
ZWE;Zimbabwe;MWI;Malawi;Construction;Persons;1986;671,0920361;722,0613905;-4,247446197;-3,082230896;Annual;01/01/80
ZWE;Zimbabwe;MWI;Malawi;Construction;Persons;1987;693,8592177;739,44461;-3,798782695;-3,506073413;Annual;01/01/80
ZWE;Zimbabwe;MWI;Malawi;Construction;Persons;1988;699,4268696;737,3494656;-3,160216328;-2,479392056;Annual;01/01/80
ZWE;Zimbabwe;MWI;Malawi;Construction;Persons;1989;863,3875029;982,4274931;-9,919999179;-8,488459589;Annual;01/01/80
ZWE;Zimbabwe;MWI;Malawi;Construction;Persons;1990;668,2673109;789,8979033;-10,1358827;-9,110598693;Annual;01/01/80
ZWE;Zimbabwe;MWI;Malawi;Construction;Persons;1991;591,0543008;618,2088624;-2,262880136;-1,24561061;Annual;01/01/80
ZWE;Zimbabwe;MWI;Malawi;Construction;Persons;1992;885,9631193;898,2692369;-1,025509797;-1,380109138;Annual;01/01/80
ZWE;Zimbabwe;MWI;Malawi;Construction;Persons;1993;804,0405713;835,1770103;-2,594703251;-2,134072984;Annual;01/01/80
ZWE;Zimbabwe;MWI;Malawi;Construction;Persons;1994;481,9662329;492,7344385;-0,897350466;-0,778311363;Annual;01/01/80
ZWE;Zimbabwe;MWI;Malawi;Construction;Persons;1995;709,7537801;730,8338299;-1,756670813;-1,654733834;Annual;01/01/80
ZWE;Zimbabwe;MWI;Malawi;Construction;Persons;1996;590,6795838;631,1406525;-3,371755728;-3,203052234;Annual;01/01/80
ZWE;Zimbabwe;MWI;Malawi;Construction;Persons;1997;562,5752832;595,9332813;-2,779833173;-3,034192535;Annual;01/01/80
ZWE;Zimbabwe;MWI;Malawi;Construction;Persons;1998;640,5836035;665,2718323;-2,057352395;-1,767000933;Annual;01/01/80
ZWE;Zimbabwe;MWI;Malawi;Construction;Persons;1999;801,146805;938,3499812;-11,43359802;-10,12759139;Annual;01/01/80
ZWE;Zimbabwe;MWI;Malawi;Construction;Persons;2000;732,61784;813,0735997;-6,704646636;-5,862099663;Annual;01/01/80
ZWE;Zimbabwe;MWI;Malawi;Construction;Persons;2001;698,9530194;783,4684404;-7,042951754;-6,145128693;Annual;01/01/80
ZWE;Zimbabwe;MWI;Malawi;Construction;Persons;2002;578,2480397;642,4737849;-5,352145427;-4,778512679;Annual;01/01/80
ZWE;Zimbabwe;MWI;Malawi;Construction;Persons;2003;542,8854061;580,2146426;-3,110769707;-2,675196115;Annual;01/01/80
ZWE;Zimbabwe;MWI;Malawi;Construction;Persons;2004;595,3371278;616,5030883;-1,76383004;-1,432694935;Annual;01/01/80
ZWE;Zimbabwe;MWI;Malawi;Construction;Persons;2005;637,8316098;623,8350455;1,166380366;1,560905773;Annual;01/01/80
ZWE;Zimbabwe;MWI;Malawi;Construction;Persons;2006;533,4344909;612,4418124;-6,583943458;-6,013626091;Annual;01/01/80
ZWE;Zimbabwe;MWI;Malawi;Construction;Persons;2007;624,3110679;664,720408;-3,36744501;-2,872867896;Annual;01/01/80
ZWE;Zimbabwe;MWI;Malawi;Construction;Persons;2008;607,9113494;564,4090618;3,625190637;3,623565233;Annual;01/01/80
ZWE;Zimbabwe;MWI;Malawi;Construction;Persons;2009;606,406432;646,0863401;-3,306659009;-2,218904345;Annual;01/01/80
ZWE;Zimbabwe;MWI;Malawi;Construction;Persons;2010;843,3143093;853,8148445;-0,875044599;-0,33999571;Annual;01/01/80
ZWE;Zimbabwe;MWI;Malawi;Construction;Persons;2011;689,1626358;742,1089656;-4,412194147;-3,192087326;Annual;01/01/80
ZWE;Zimbabwe;MWI;Malawi;Construction;Persons;2012;784,2428615;827,3054514;-3,588549158;-3,659633562;Annual;01/01/80
ZWE;Zimbabwe;MWI;Malawi;Construction;Persons;2013;723,267714;757,2921802;-2,83537219;-2,525276277;Annual;01/01/80
ZWE;Zimbabwe;MWI;Malawi;Construction;Persons;2014;876,5008069;881,5056827;-0,417072982;0,123247384;Annual;01/01/80
ZWE;Zimbabwe;MWI;Malawi;Construction;Persons;2015;705,7487241;689,1260146;1,385225792;1,771900071;Annual;01/01/80
ZWE;Zimbabwe;MWI;Malawi;Construction;Persons;2016;634,7080125;686,8116826;-4,341972508;-3,88226921;Annual;01/01/80
ZWE;Zimbabwe;MWI;Malawi;Construction;Persons;2017;720,8649122;682,9635767;3,158444627;2,695240402;Annual;01/01/80
ZWE;Zimbabwe;MWI;Malawi;Construction;Persons;2018;636,9243532;641,9545383;-0,419182093;-0,755548691;Annual;01/01/80
ZWE;Zimbabwe;MWI;Malawi;Construction;Persons;2019;794,9173582;886,7729698;-7,654634303;-6,792111485;Annual;01/01/80
ZWE;Zimbabwe;MWI;Malawi;Construction;Persons;2020;547,8669262;504,8319753;3,586245909;3,311234606;Annual;01/01/80
ZWE;Zimbabwe;MWI;Malawi;Construction;Persons;2021;822,708704;977,4829769;-12,89785607;-11,95362041;Annual;01/01/80
ZWE;Zimbabwe;MWI;Malawi;Construction;Persons;2022;679,7394541;732,2852258;-4,378814307;-3,774033688;Annual;01/01/80
ZWE;Zimbabwe;MWI;Malawi;Construction;Persons;2023;624,3360687;786,8306353;-13,54121389;-11,83435484;Annual;01/01/80
ZWE;Zimbabwe;MWI;Malawi;Construction;Persons;2024;777,7133626;815,6429849;-3,16080186;-3,197949484;Annual;01/01/80
ZWE;Zimbabwe;MWI;Malawi;Construction;Persons;2025;670,1532479;726,0120404;-4,654899375;-4,521640065;Annual;01/01/80
ZWE;Zimbabwe;MWI;Malawi;Construction;Persons;2026;433,2708774;455,2438333;-2,441439545;-2,105755364;Annual;01/01/80
ZWE;Zimbabwe;MWI;Malawi;Education;Persons;1980;728,3024003;789,0512295;-5,062402429;-4,608666616;Annual;01/01/80
ZWE;Zimbabwe;MWI;Malawi;Education;Persons;1981;696,5352764;784,462122;-7,327237134;-6,629283037;Annual;01/01/80
ZWE;Zimbabwe;MWI;Malawi;Education;Persons;1982;709,2947554;796,8779809;-7,298602119;-6,595726679;Annual;01/01/80
ZWE;Zimbabwe;MWI;Malawi;Education;Persons;1983;826,5623007;842,4204404;-1,321511647;-1,366484746;Annual;01/01/80
ZWE;Zimbabwe;MWI;Malawi;Education;Persons;1984;715,9032767;746,73426;-2,569248606;-2,413275086;Annual;01/01/80
ZWE;Zimbabwe;MWI;Malawi;Education;Persons;1985;586,6761036;621,1107593;-2,869554641;-2,529666691;Annual;01/01/80
ZWE;Zimbabwe;MWI;Malawi;Education;Persons;1986;697,3148733;724,8182406;-2,291947276;-2,358025335;Annual;01/01/80
ZWE;Zimbabwe;MWI;Malawi;Education;Persons;1987;907,5513378;1026,390244;-9,903242171;-9,122253637;Annual;01/01/80
ZWE;Zimbabwe;MWI;Malawi;Education;Persons;1988;821,2347956;993,0621071;-14,31894263;-12,10067305;Annual;01/01/80
ZWE;Zimbabwe;MWI;Malawi;Education;Persons;1989;717,4105897;828,7001955;-9,274133821;-8,87451789;Annual;01/01/80
ZWE;Zimbabwe;MWI;Malawi;Education;Persons;1990;919,4986695;939,4056171;-1,658912301;-1,391407355;Annual;01/01/80
ZWE;Zimbabwe;MWI;Malawi;Education;Persons;1991;833,3384524;917,0914981;-6,979420472;-6,506540414;Annual;01/01/80
ZWE;Zimbabwe;MWI;Malawi;Education;Persons;1992;714,3312566;791,9167567;-6,465458338;-5,365640835;Annual;01/01/80
ZWE;Zimbabwe;MWI;Malawi;Education;Persons;1993;816,4062085;949,5481845;-11,09516467;-10,05165245;Annual;01/01/80
ZWE;Zimbabwe;MWI;Malawi;Education;Persons;1994;746,1016647;840,2603868;-7,846560176;-6,960424419;Annual;01/01/80
ZWE;Zimbabwe;MWI;Malawi;Education;Persons;1995;731,4491085;701,4061491;2,503579943;2,094082853;Annual;01/01/80
ZWE;Zimbabwe;MWI;Malawi;Education;Persons;1996;674,4744965;747,583458;-6,092413455;-5,579710766;Annual;01/01/80
ZWE;Zimbabwe;MWI;Malawi;Education;Persons;1997;653,973741;641,4558233;1,043159803;0,762338675;Annual;01/01/80
ZWE;Zimbabwe;MWI;Malawi;Education;Persons;1998;706,460095;749,5386277;-3,589877727;-3,183367312;Annual;01/01/80
ZWE;Zimbabwe;MWI;Malawi;Education;Persons;1999;976,1006325;1108,77344;-11,05606732;-10,06420296;Annual;01/01/80
ZWE;Zimbabwe;MWI;Malawi;Education;Persons;2000;830,956507;857,2487749;-2,191022323;-1,634241017;Annual;01/01/80
ZWE;Zimbabwe;MWI;Malawi;Education;Persons;2001;666,7214531;655,7884747;0,911081529;1,334376012;Annual;01/01/80
ZWE;Zimbabwe;MWI;Malawi;Education;Persons;2002;621,2520377;688,6887877;-5,619729164;-4,630654524;Annual;01/01/80
ZWE;Zimbabwe;MWI;Malawi;Education;Persons;2003;685,6502651;661,547626;2,008553259;1,871800679;Annual;01/01/80
ZWE;Zimbabwe;MWI;Malawi;Education;Persons;2004;649,3310866;708,6624945;-4,94428399;-4,194055064;Annual;01/01/80
ZWE;Zimbabwe;MWI;Malawi;Education;Persons;2005;786,2025761;909,8937773;-10,3076001;-9,252607994;Annual;01/01/80
ZWE;Zimbabwe;MWI;Malawi;Education;Persons;2006;711,6552574;782,1360916;-5,873402858;-5,720260642;Annual;01/01/80
ZWE;Zimbabwe;MWI;Malawi;Education;Persons;2007;829,9009867;939,9836438;-9,173554759;-8,607263023;Annual;01/01/80
ZWE;Zimbabwe;MWI;Malawi;Education;Persons;2008;690,0429621;759,8025547;-5,813299385;-5,136631819;Annual;01/01/80
ZWE;Zimbabwe;MWI;Malawi;Education;Persons;2009;633,8489581;734,6963359;-8,40394815;-8,326133704;Annual;01/01/80
ZWE;Zimbabwe;MWI;Malawi;Education;Persons;2010;823,0460561;920,1696839;-8,093635647;-7,422997675;Annual;01/01/80
ZWE;Zimbabwe;MWI;Malawi;Education;Persons;2011;581,5758642;604,8476102;-1,93931217;-1,446306603;Annual;01/01/80
ZWE;Zimbabwe;MWI;Malawi;Education;Persons;2012;633,8294618;636,3845264;-0,212922047;-0,219645726;Annual;01/01/80
ZWE;Zimbabwe;MWI;Malawi;Education;Persons;2013;751,6089335;717,7913337;2,818133322;2,694557007;Annual;01/01/80
ZWE;Zimbabwe;MWI;Malawi;Education;Persons;2014;901,3267342;960,2652441;-4,911542493;-4,221320471;Annual;01/01/80
ZWE;Zimbabwe;MWI;Malawi;Education;Persons;2015;635,9345352;645,2243477;-0,774151036;-1,027385669;Annual;01/01/80
ZWE;Zimbabwe;MWI;Malawi;Education;Persons;2016;734,091957;845,7731747;-9,306768143;-8,01367491;Annual;01/01/80
ZWE;Zimbabwe;MWI;Malawi;Education;Persons;2017;819,4789804;854,500676;-2,918474632;-2,488870766;Annual;01/01/80
ZWE;Zimbabwe;MWI;Malawi;Education;Persons;2018;606,5300259;662,1768355;-4,637234138;-3,578601161;Annual;01/01/80
ZWE;Zimbabwe;MWI;Malawi;Education;Persons;2019;693,9850247;803,5926661;-9,133970113;-8,231673195;Annual;01/01/80
ZWE;Zimbabwe;MWI;Malawi;Education;Persons;2020;803,3631422;910,4343791;-8,922603077;-7,810173587;Annual;01/01/80
ZWE;Zimbabwe;MWI;Malawi;Education;Persons;2021;753,5614808;741,4087764;1,012725364;1,036956234;Annual;01/01/80
ZWE;Zimbabwe;MWI;Malawi;Education;Persons;2022;769,5950579;831,5381006;-5,161920229;-4,724415652;Annual;01/01/80
ZWE;Zimbabwe;MWI;Malawi;Education;Persons;2023;753,3235758;790,3670047;-3,086952412;-3,167787333;Annual;01/01/80
ZWE;Zimbabwe;MWI;Malawi;Education;Persons;2024;923,4587487;1063,599774;-11,67841877;-9,796331201;Annual;01/01/80
ZWE;Zimbabwe;MWI;Malawi;Education;Persons;2025;702,4793473;709,0208161;-0,545122398;-0,564424657;Annual;01/01/80
ZWE;Zimbabwe;MWI;Malawi;Education;Persons;2026;541,2765745;571,6005806;-3,369334012;-3,176964816;Annual;01/01/80
ZWE;Zimbabwe;MWI;Malawi;Finance;Persons;1980;681,1598247;736,5785238;-4,618224924;-4,822820124;Annual;01/01/80
ZWE;Zimbabwe;MWI;Malawi;Finance;Persons;1981;586,1610175;681,3163035;-7,929607172;-7,178716877;Annual;01/01/80
ZWE;Zimbabwe;MWI;Malawi;Finance;Persons;1982;739,845353;806,3313156;-5,540496885;-4,96612016;Annual;01/01/80
ZWE;Zimbabwe;MWI;Malawi;Finance;Persons;1983;956,1453121;982,3982043;-2,18774101;-1,070856496;Annual;01/01/80
ZWE;Zimbabwe;MWI;Malawi;Finance;Persons;1984;690,3819895;657,6562355;2,727146165;2,440223936;Annual;01/01/80
ZWE;Zimbabwe;MWI;Malawi;Finance;Persons;1985;663,5964037;733,563886;-5,83062353;-5,696916728;Annual;01/01/80
ZWE;Zimbabwe;MWI;Malawi;Finance;Persons;1986;714,6543901;780,2986327;-5,470353551;-4,693854779;Annual;01/01/80
ZWE;Zimbabwe;MWI;Malawi;Finance;Persons;1987;616,9133609;728,8140227;-9,325055152;-8,036735755;Annual;01/01/80
ZWE;Zimbabwe;MWI;Malawi;Finance;Persons;1988;573,7013167;565,8102717;0,657587083;0,506427816;Annual;01/01/80
ZWE;Zimbabwe;MWI;Malawi;Finance;Persons;1989;719,006195;803,7791537;-7,064413225;-6,187604776;Annual;01/01/80
ZWE;Zimbabwe;MWI;Malawi;Finance;Persons;1990;598,81516;721,818346;-10,2502655;-9,295275573;Annual;01/01/80
ZWE;Zimbabwe;MWI;Malawi;Finance;Persons;1991;591,0391991;727,5265347;-11,37394464;-10,92563686;Annual;01/01/80
ZWE;Zimbabwe;MWI;Malawi;Finance;Persons;1992;531,7977894;510,7323319;1,755454792;1,708707838;Annual;01/01/80
ZWE;Zimbabwe;MWI;Malawi;Finance;Persons;1993;794,4341797;785,2781062;0,763006122;1,006319087;Annual;01/01/80
ZWE;Zimbabwe;MWI;Malawi;Finance;Persons;1994;690,2335329;709,6968535;-1,62194339;-1,080424375;Annual;01/01/80
ZWE;Zimbabwe;MWI;Malawi;Finance;Persons;1995;706,0765362;718,0978788;-1,001778551;-1,051297742;Annual;01/01/80
ZWE;Zimbabwe;MWI;Malawi;Finance;Persons;1996;1000,365387;1118,081078;-9,80964091;-8,030446585;Annual;01/01/80
ZWE;Zimbabwe;MWI;Malawi;Finance;Persons;1997;718,1226205;815,0339501;-8,075944135;-6,820113025;Annual;01/01/80
ZWE;Zimbabwe;MWI;Malawi;Finance;Persons;1998;621,4134035;689,3338604;-5,660038078;-4,809839419;Annual;01/01/80
ZWE;Zimbabwe;MWI;Malawi;Finance;Persons;1999;772,894841;806,9403695;-2,837127374;-2,082599159;Annual;01/01/80
ZWE;Zimbabwe;MWI;Malawi;Finance;Persons;2000;728,2858747;757,0389669;-2,396091019;-1,291402179;Annual;01/01/80
ZWE;Zimbabwe;MWI;Malawi;Finance;Persons;2001;476,0155297;524,1792417;-4,013642666;-3,492829797;Annual;01/01/80
ZWE;Zimbabwe;MWI;Malawi;Finance;Persons;2002;649,693607;653,2615108;-0,29732532;-1,048022062;Annual;01/01/80
ZWE;Zimbabwe;MWI;Malawi;Finance;Persons;2003;833,7394532;815,1778518;1,546800124;1,110206817;Annual;01/01/80
ZWE;Zimbabwe;MWI;Malawi;Finance;Persons;2004;532,1248565;546,8517491;-1,227241046;-0,975675732;Annual;01/01/80
ZWE;Zimbabwe;MWI;Malawi;Finance;Persons;2005;578,6947492;508,3283783;5,863864236;5,242389733;Annual;01/01/80
ZWE;Zimbabwe;MWI;Malawi;Finance;Persons;2006;566,044327;566,6464432;-0,050176353;-0,467799076;Annual;01/01/80
ZWE;Zimbabwe;MWI;Malawi;Finance;Persons;2007;835,9254654;938,2649449;-8,52828996;-7,347132164;Annual;01/01/80
ZWE;Zimbabwe;MWI;Malawi;Finance;Persons;2008;641,3025568;767,0367105;-10,47784614;-9,550654446;Annual;01/01/80
ZWE;Zimbabwe;MWI;Malawi;Finance;Persons;2009;751,2681535;807,6145104;-4,695529742;-4,86120399;Annual;01/01/80
ZWE;Zimbabwe;MWI;Malawi;Finance;Persons;2010;830,1165964;881,4414716;-4,277072934;-4,06323;Annual;01/01/80
ZWE;Zimbabwe;MWI;Malawi;Finance;Persons;2011;654,1058859;700,0040497;-3,824846985;-3,782527105;Annual;01/01/80
ZWE;Zimbabwe;MWI;Malawi;Finance;Persons;2012;706,7035729;773,3252801;-5,551808938;-4,94054716;Annual;01/01/80
ZWE;Zimbabwe;MWI;Malawi;Finance;Persons;2013;712,2611272;777,6976153;-5,453040678;-4,959852764;Annual;01/01/80
ZWE;Zimbabwe;MWI;Malawi;Finance;Persons;2014;720,7890883;776,0080607;-4,601581029;-4,184465304;Annual;01/01/80
ZWE;Zimbabwe;MWI;Malawi;Finance;Persons;2015;557,8022187;627,6236582;-5,818453293;-5,428147239;Annual;01/01/80
ZWE;Zimbabwe;MWI;Malawi;Finance;Persons;2016;680,6802958;781,5982891;-8,409832778;-7,287224232;Annual;01/01/80
ZWE;Zimbabwe;MWI;Malawi;Finance;Persons;2017;718,1428816;697,1151892;1,7523077;2,196009267;Annual;01/01/80
ZWE;Zimbabwe;MWI;Malawi;Finance;Persons;2018;688,1304513;860,9963965;-14,40549543;-12,05936287;Annual;01/01/80
ZWE;Zimbabwe;MWI;Malawi;Finance;Persons;2019;839,3282543;997,621392;-13,19109481;-11,25024769;Annual;01/01/80
ZWE;Zimbabwe;MWI;Malawi;Finance;Persons;2020;658,5922063;746,6909778;-7,34156429;-7,402056469;Annual;01/01/80
ZWE;Zimbabwe;MWI;Malawi;Finance;Persons;2021;665,1791736;774,0845396;-9,075447166;-7,819749169;Annual;01/01/80
ZWE;Zimbabwe;MWI;Malawi;Finance;Persons;2022;763,2234222;840,7557414;-6,461026598;-5,87878117;Annual;01/01/80
ZWE;Zimbabwe;MWI;Malawi;Finance;Persons;2023;687,5268352;803,0521834;-9,627112342;-9,194446313;Annual;01/01/80
ZWE;Zimbabwe;MWI;Malawi;Finance;Persons;2024;694,9764317;734,8189884;-3,320213062;-2,767423872;Annual;01/01/80
ZWE;Zimbabwe;MWI;Malawi;Finance;Persons;2025;744,5903059;905,9759428;-13,44880308;-12,45467015;Annual;01/01/80
ZWE;Zimbabwe;MWI;Malawi;Finance;Persons;2026;561,2787884;619,1772763;-6,433165327;-6,159894355;Annual;01/01/80
ZWE;Zimbabwe;MWI;Malawi;Health;Persons;1980;919,6027762;1076,953282;-13,11254214;-11,49387505;Annual;01/01/80
ZWE;Zimbabwe;MWI;Malawi;Health;Persons;1981;713,6814407;672,9222847;3,396596332;2,360649805;Annual;01/01/80
ZWE;Zimbabwe;MWI;Malawi;Health;Persons;1982;818,6929455;841,7564259;-1,921956701;-2,197380087;Annual;01/01/80
ZWE;Zimbabwe;MWI;Malawi;Health;Persons;1983;833,3345143;772,5259208;5,067382793;4,582357893;Annual;01/01/80
ZWE;Zimbabwe;MWI;Malawi;Health;Persons;1984;750,8998987;771,4741663;-1,714522302;-1,915420921;Annual;01/01/80
ZWE;Zimbabwe;MWI;Malawi;Health;Persons;1985;669,9868343;745,877639;-6,324233719;-6,402728837;Annual;01/01/80
ZWE;Zimbabwe;MWI;Malawi;Health;Persons;1986;701,5751474;651,5343463;4,170066757;3,782739433;Annual;01/01/80
ZWE;Zimbabwe;MWI;Malawi;Health;Persons;1987;645,537269;678,4037736;-2,738875387;-2,360881921;Annual;01/01/80
ZWE;Zimbabwe;MWI;Malawi;Health;Persons;1988;778,4509388;719,9285178;4,876868415;3,747941326;Annual;01/01/80
ZWE;Zimbabwe;MWI;Malawi;Health;Persons;1989;591,6638221;616,74826;-2,090369824;-1,270109001;Annual;01/01/80
ZWE;Zimbabwe;MWI;Malawi;Health;Persons;1990;855,6627744;869,0561862;-1,116117653;-0,54213906;Annual;01/01/80
ZWE;Zimbabwe;MWI;Malawi;Health;Persons;1991;778,4175029;804,4482541;-2,169229266;-2,714120154;Annual;01/01/80
ZWE;Zimbabwe;MWI;Malawi;Health;Persons;1992;698,4585543;739,9143447;-3,4546492;-2,469463054;Annual;01/01/80
ZWE;Zimbabwe;MWI;Malawi;Health;Persons;1993;719,2790377;888,8070388;-14,12733343;-12,9299342;Annual;01/01/80
ZWE;Zimbabwe;MWI;Malawi;Health;Persons;1994;746,6465686;832,2002188;-7,129470848;-6,790880355;Annual;01/01/80
ZWE;Zimbabwe;MWI;Malawi;Health;Persons;1995;501,0847709;543,7423559;-3,554798747;-2,966949465;Annual;01/01/80
ZWE;Zimbabwe;MWI;Malawi;Health;Persons;1996;849,8008865;918,5805981;-5,731642626;-5,155467021;Annual;01/01/80
ZWE;Zimbabwe;MWI;Malawi;Health;Persons;1997;564,9804206;646,9307917;-6,829197589;-5,715644601;Annual;01/01/80
ZWE;Zimbabwe;MWI;Malawi;Health;Persons;1998;770,2571072;929,963507;-13,30886665;-12,79108441;Annual;01/01/80
ZWE;Zimbabwe;MWI;Malawi;Health;Persons;1999;637,9742924;676,4720437;-3,208145941;-2,924661295;Annual;01/01/80
ZWE;Zimbabwe;MWI;Malawi;Health;Persons;2000;671,5349806;673,930542;-0,199630115;-0,609239786;Annual;01/01/80
ZWE;Zimbabwe;MWI;Malawi;Health;Persons;2001;680,759161;701,5339499;-1,731232412;-2,009396907;Annual;01/01/80
ZWE;Zimbabwe;MWI;Malawi;Health;Persons;2002;679,4285827;828,0154223;-12,38223664;-11,15423085;Annual;01/01/80
ZWE;Zimbabwe;MWI;Malawi;Health;Persons;2003;711,4583154;712,7364238;-0,106509035;-0,024008559;Annual;01/01/80
ZWE;Zimbabwe;MWI;Malawi;Health;Persons;2004;593,2465868;601,9189124;-0,722693801;-0,327956783;Annual;01/01/80
ZWE;Zimbabwe;MWI;Malawi;Health;Persons;2005;642,7170266;821,8240043;-14,92558148;-14,10839525;Annual;01/01/80
ZWE;Zimbabwe;MWI;Malawi;Health;Persons;2006;734,13375;771,0871318;-3,079448488;-2,989414508;Annual;01/01/80
ZWE;Zimbabwe;MWI;Malawi;Health;Persons;2007;629,8095291;783,8469966;-12,83645562;-11,87710006;Annual;01/01/80
ZWE;Zimbabwe;MWI;Malawi;Health;Persons;2008;812,4689804;956,4071083;-11,99484399;-11,82837041;Annual;01/01/80
ZWE;Zimbabwe;MWI;Malawi;Health;Persons;2009;689,7905931;698,0625185;-0,689327114;-0,245166013;Annual;01/01/80
ZWE;Zimbabwe;MWI;Malawi;Health;Persons;2010;671,8119985;769,7128422;-8,158403641;-7,455496871;Annual;01/01/80
ZWE;Zimbabwe;MWI;Malawi;Health;Persons;2011;623,1417044;621,3569101;0,148732863;0,105298968;Annual;01/01/80
ZWE;Zimbabwe;MWI;Malawi;Health;Persons;2012;618,3102442;604,7268756;1,131947383;1,16083538;Annual;01/01/80
ZWE;Zimbabwe;MWI;Malawi;Health;Persons;2013;696,2048081;767,0500839;-5,903772981;-5,621303073;Annual;01/01/80
ZWE;Zimbabwe;MWI;Malawi;Health;Persons;2014;776,8964838;843,386722;-5,540853183;-5,616325319;Annual;01/01/80
ZWE;Zimbabwe;MWI;Malawi;Health;Persons;2015;641,8187478;685,0626605;-3,603659398;-3,147763775;Annual;01/01/80
ZWE;Zimbabwe;MWI;Malawi;Health;Persons;2016;593,5180775;634,396506;-3,406535703;-2,764993262;Annual;01/01/80
ZWE;Zimbabwe;MWI;Malawi;Health;Persons;2017;651,5673847;736,3639713;-7,066382213;-6,120110634;Annual;01/01/80
ZWE;Zimbabwe;MWI;Malawi;Health;Persons;2018;645,122218;656,1724461;-0,920852343;-1,169273754;Annual;01/01/80
ZWE;Zimbabwe;MWI;Malawi;Health;Persons;2019;779,5512621;806,9115525;-2,280024198;-2,557108136;Annual;01/01/80
ZWE;Zimbabwe;MWI;Malawi;Health;Persons;2020;638,7657093;614,923202;1,986875602;2,059918448;Annual;01/01/80
ZWE;Zimbabwe;MWI;Malawi;Health;Persons;2021;772,7888604;822,1057778;-4,109743117;-3,34021638;Annual;01/01/80
ZWE;Zimbabwe;MWI;Malawi;Health;Persons;2022;627,2181639;700,7464192;-6,127354605;-5,315686916;Annual;01/01/80
ZWE;Zimbabwe;MWI;Malawi;Health;Persons;2023;770,1988165;778,8865103;-0,723974479;-0,143580996;Annual;01/01/80
ZWE;Zimbabwe;MWI;Malawi;Health;Persons;2024;783,9260162;871,1496463;-7,268635843;-7,419354338;Annual;01/01/80
ZWE;Zimbabwe;MWI;Malawi;Health;Persons;2025;797,8058662;886,3088109;-7,375245388;-6,531295028;Annual;01/01/80
ZWE;Zimbabwe;MWI;Malawi;Health;Persons;2026;547,2299756;583,7574888;-4,058612576;-3,848255166;Annual;01/01/80
ZWE;Zimbabwe;MWI;Malawi;ICT;Persons;1980;706,6530856;718,5756873;-0,993550145;-0,745408254;Annual;01/01/80
ZWE;Zimbabwe;MWI;Malawi;ICT;Persons;1981;686,7913146;791,3517809;-8,713372191;-7,164598509;Annual;01/01/80
ZWE;Zimbabwe;MWI;Malawi;ICT;Persons;1982;806,8847399;819,6221503;-1,061450863;0,163295609;Annual;01/01/80
ZWE;Zimbabwe;MWI;Malawi;ICT;Persons;1983;787,0247597;820,5027719;-2,789834346;-3,176360273;Annual;01/01/80
ZWE;Zimbabwe;MWI;Malawi;ICT;Persons;1984;726,4059725;705,0202474;1,782143764;0,837213814;Annual;01/01/80
ZWE;Zimbabwe;MWI;Malawi;ICT;Persons;1985;765,347559;753,5839922;0,980297232;0,418187399;Annual;01/01/80
ZWE;Zimbabwe;MWI;Malawi;ICT;Persons;1986;608,0691832;589,5724609;1,54139352;1,268107145;Annual;01/01/80
ZWE;Zimbabwe;MWI;Malawi;ICT;Persons;1987;783,5918142;943,6719969;-13,34001522;-11,61655431;Annual;01/01/80
ZWE;Zimbabwe;MWI;Malawi;ICT;Persons;1988;661,5274692;682,0055116;-1,706503537;-2,112225338;Annual;01/01/80
ZWE;Zimbabwe;MWI;Malawi;ICT;Persons;1989;807,8956754;883,8444626;-6,329065599;-6,091453322;Annual;01/01/80
ZWE;Zimbabwe;MWI;Malawi;ICT;Persons;1990;666,5976922;635,863287;2,561200435;2,816424169;Annual;01/01/80
ZWE;Zimbabwe;MWI;Malawi;ICT;Persons;1991;826,4704295;905,0012032;-6,54423114;-5,837156719;Annual;01/01/80
ZWE;Zimbabwe;MWI;Malawi;ICT;Persons;1992;691,57508;800,6204479;-9,087113995;-8,667732643;Annual;01/01/80
ZWE;Zimbabwe;MWI;Malawi;ICT;Persons;1993;579,4764826;629,7824199;-4,192161445;-3,422103845;Annual;01/01/80
ZWE;Zimbabwe;MWI;Malawi;ICT;Persons;1994;849,4252661;877,8623545;-2,369757374;-2,126246323;Annual;01/01/80
ZWE;Zimbabwe;MWI;Malawi;ICT;Persons;1995;801,6042392;769,4357621;2,680706424;2,802820423;Annual;01/01/80
ZWE;Zimbabwe;MWI;Malawi;ICT;Persons;1996;620,4120641;666,8624656;-3,870866792;-3,912903292;Annual;01/01/80
ZWE;Zimbabwe;MWI;Malawi;ICT;Persons;1997;649,6286506;730,4580468;-6,735783018;-5,308471868;Annual;01/01/80
ZWE;Zimbabwe;MWI;Malawi;ICT;Persons;1998;592,9158194;603,303314;-0,865624549;-0,714622274;Annual;01/01/80
ZWE;Zimbabwe;MWI;Malawi;ICT;Persons;1999;892,9632267;869,0057299;1,996458062;2,016584021;Annual;01/01/80
ZWE;Zimbabwe;MWI;Malawi;ICT;Persons;2000;501,9075623;505,7572725;-0,320809181;-0,327810191;Annual;01/01/80
ZWE;Zimbabwe;MWI;Malawi;ICT;Persons;2001;765,8966742;806,2778212;-3,365095587;-2,34898718;Annual;01/01/80
ZWE;Zimbabwe;MWI;Malawi;ICT;Persons;2002;633,6543451;658,2257694;-2,047618695;-1,679168244;Annual;01/01/80
ZWE;Zimbabwe;MWI;Malawi;ICT;Persons;2003;749,8981162;779,3847645;-2,457220692;-2,206078187;Annual;01/01/80
ZWE;Zimbabwe;MWI;Malawi;ICT;Persons;2004;699,3163416;627,879253;5,953090715;5,552486065;Annual;01/01/80
ZWE;Zimbabwe;MWI;Malawi;ICT;Persons;2005;734,148714;808,3926972;-6,1869986;-5,242290655;Annual;01/01/80
ZWE;Zimbabwe;MWI;Malawi;ICT;Persons;2006;779,879677;855,909597;-6,335826669;-5,939001817;Annual;01/01/80
ZWE;Zimbabwe;MWI;Malawi;ICT;Persons;2007;582,967037;516,2064871;5,56337916;5,020896771;Annual;01/01/80
ZWE;Zimbabwe;MWI;Malawi;ICT;Persons;2008;749,0354392;819,2714176;-5,852998201;-5,64026557;Annual;01/01/80
ZWE;Zimbabwe;MWI;Malawi;ICT;Persons;2009;786,3180948;886,1368522;-8,318229782;-7,433042346;Annual;01/01/80
ZWE;Zimbabwe;MWI;Malawi;ICT;Persons;2010;620,6695677;668,6900948;-4,001710591;-3,57928731;Annual;01/01/80
ZWE;Zimbabwe;MWI;Malawi;ICT;Persons;2011;587,1862822;612,6707566;-2,123706199;-2,191927123;Annual;01/01/80
ZWE;Zimbabwe;MWI;Malawi;ICT;Persons;2012;765,6793584;767,5283762;-0,154084815;-0,196516001;Annual;01/01/80
ZWE;Zimbabwe;MWI;Malawi;ICT;Persons;2013;909,3241809;1071,008124;-13,47366196;-11,77199872;Annual;01/01/80
ZWE;Zimbabwe;MWI;Malawi;ICT;Persons;2014;747,8049797;848,9726135;-8,43063615;-7,447202864;Annual;01/01/80
ZWE;Zimbabwe;MWI;Malawi;ICT;Persons;2015;712,1133871;777,7231233;-5,467478015;-5,026371973;Annual;01/01/80
ZWE;Zimbabwe;MWI;Malawi;ICT;Persons;2016;704,8507276;853,3084168;-12,3714741;-11,30845935;Annual;01/01/80
ZWE;Zimbabwe;MWI;Malawi;ICT;Persons;2017;648,7356552;798,6071828;-12,48929396;-10,3224788;Annual;01/01/80
ZWE;Zimbabwe;MWI;Malawi;ICT;Persons;2018;644,1705146;671,4087594;-2,269853726;-2,339487646;Annual;01/01/80
ZWE;Zimbabwe;MWI;Malawi;ICT;Persons;2019;707,4789584;813,3641796;-8,823768434;-7,87389625;Annual;01/01/80
ZWE;Zimbabwe;MWI;Malawi;ICT;Persons;2020;753,0083749;670,5224091;6,873830479;6,157948306;Annual;01/01/80
ZWE;Zimbabwe;MWI;Malawi;ICT;Persons;2021;784,7383947;849,9725821;-5,436182286;-4,514068517;Annual;01/01/80
ZWE;Zimbabwe;MWI;Malawi;ICT;Persons;2022;680,6036356;803,7052446;-10,25846742;-9,539331656;Annual;01/01/80
ZWE;Zimbabwe;MWI;Malawi;ICT;Persons;2023;714,4453636;810,5166847;-8,005943427;-6,912991528;Annual;01/01/80
ZWE;Zimbabwe;MWI;Malawi;ICT;Persons;2024;823,973236;843,9867917;-1,667796311;-1,690200491;Annual;01/01/80
ZWE;Zimbabwe;MWI;Malawi;ICT;Persons;2025;654,8115733;723,2702423;-5,704889081;-5,053091972;Annual;01/01/80
ZWE;Zimbabwe;MWI;Malawi;ICT;Persons;2026;568,7231609;570,1660769;-0,160324;0,12616356;Annual;01/01/80
ZWE;Zimbabwe;MWI;Malawi;Manufacturing;Persons;1980;775,1332937;844,4430578;-5,775813683;-5,113655243;Annual;01/01/80
ZWE;Zimbabwe;MWI;Malawi;Manufacturing;Persons;1981;910,3195855;1022,155441;-9,319654651;-7,884297704;Annual;01/01/80
ZWE;Zimbabwe;MWI;Malawi;Manufacturing;Persons;1982;647,2998988;825,1540746;-14,82118132;-13,66754432;Annual;01/01/80
ZWE;Zimbabwe;MWI;Malawi;Manufacturing;Persons;1983;717,352133;709,5941913;0,646495146;0,83172623;Annual;01/01/80
ZWE;Zimbabwe;MWI;Malawi;Manufacturing;Persons;1984;771,3540849;880,593008;-9,103243593;-7,692974961;Annual;01/01/80
ZWE;Zimbabwe;MWI;Malawi;Manufacturing;Persons;1985;817,5267618;850,3406987;-2,734494742;-2,416078139;Annual;01/01/80
ZWE;Zimbabwe;MWI;Malawi;Manufacturing;Persons;1986;789,8157328;815,0629851;-2,1039377;-2,300564402;Annual;01/01/80
ZWE;Zimbabwe;MWI;Malawi;Manufacturing;Persons;1987;642,2761916;713,6634434;-5,948937649;-5,02533398;Annual;01/01/80
ZWE;Zimbabwe;MWI;Malawi;Manufacturing;Persons;1988;601,6287918;670,8095111;-5,765059947;-5,478353796;Annual;01/01/80
ZWE;Zimbabwe;MWI;Malawi;Manufacturing;Persons;1989;669,5249425;691,4286748;-1,825311031;-2,416895523;Annual;01/01/80
ZWE;Zimbabwe;MWI;Malawi;Manufacturing;Persons;1990;749,1578594;807,5675209;-4,86747179;-4,300386032;Annual;01/01/80
ZWE;Zimbabwe;MWI;Malawi;Manufacturing;Persons;1991;766,251493;876,4102998;-9,179900564;-8,506725297;Annual;01/01/80
ZWE;Zimbabwe;MWI;Malawi;Manufacturing;Persons;1992;587,1249892;632,2144651;-3,757456326;-3,35115088;Annual;01/01/80
ZWE;Zimbabwe;MWI;Malawi;Manufacturing;Persons;1993;610,6075861;677,445168;-5,569798494;-5,332629485;Annual;01/01/80
ZWE;Zimbabwe;MWI;Malawi;Manufacturing;Persons;1994;597,3812117;627,508784;-2,510631021;-2,35183561;Annual;01/01/80
ZWE;Zimbabwe;MWI;Malawi;Manufacturing;Persons;1995;718,3267528;757,1821523;-3,237949956;-2,867977304;Annual;01/01/80
ZWE;Zimbabwe;MWI;Malawi;Manufacturing;Persons;1996;575,488403;575,0893188;0,033257016;-0,153163603;Annual;01/01/80
ZWE;Zimbabwe;MWI;Malawi;Manufacturing;Persons;1997;856,5340918;909,0084589;-4,372863921;-3,348728103;Annual;01/01/80
ZWE;Zimbabwe;MWI;Malawi;Manufacturing;Persons;1998;493,220746;525,6177999;-2,699754491;-1,752303042;Annual;01/01/80
ZWE;Zimbabwe;MWI;Malawi;Manufacturing;Persons;1999;732,8114488;826,8638027;-7,837696157;-7,146980932;Annual;01/01/80
ZWE;Zimbabwe;MWI;Malawi;Manufacturing;Persons;2000;538,2918947;658,4112411;-10,00994553;-8,69170112;Annual;01/01/80
ZWE;Zimbabwe;MWI;Malawi;Manufacturing;Persons;2001;653,7650064;680,810299;-2,253774389;-2,449876555;Annual;01/01/80
ZWE;Zimbabwe;MWI;Malawi;Manufacturing;Persons;2002;718,1194056;814,9763349;-8,071410774;-7,049500704;Annual;01/01/80
ZWE;Zimbabwe;MWI;Malawi;Manufacturing;Persons;2003;786,5761723;787,1206366;-0,045372023;0,60636942;Annual;01/01/80
ZWE;Zimbabwe;MWI;Malawi;Manufacturing;Persons;2004;575,0368521;611,944882;-3,075669154;-2,928362833;Annual;01/01/80
ZWE;Zimbabwe;MWI;Malawi;Manufacturing;Persons;2005;754,925344;838,215163;-6,940818251;-6,660418249;Annual;01/01/80
ZWE;Zimbabwe;MWI;Malawi;Manufacturing;Persons;2006;708,7036428;736,2406448;-2,294750164;-1,963646972;Annual;01/01/80
ZWE;Zimbabwe;MWI;Malawi;Manufacturing;Persons;2007;931,0497628;864,3359457;5,55948476;5,29500407;Annual;01/01/80
ZWE;Zimbabwe;MWI;Malawi;Manufacturing;Persons;2008;560,6165766;581,8656976;-1,770760086;-1,231169306;Annual;01/01/80
ZWE;Zimbabwe;MWI;Malawi;Manufacturing;Persons;2009;859,2316232;922,5580408;-5,277201469;-4,209111109;Annual;01/01/80
ZWE;Zimbabwe;MWI;Malawi;Manufacturing;Persons;2010;764,9111865;879,7729522;-9,571813814;-8,881958315;Annual;01/01/80
ZWE;Zimbabwe;MWI;Malawi;Manufacturing;Persons;2011;859,6748292;951,9451391;-7,689192491;-7,012303854;Annual;01/01/80
ZWE;Zimbabwe;MWI;Malawi;Manufacturing;Persons;2012;794,6096169;937,2937992;-11,89034853;-10,24014226;Annual;01/01/80
ZWE;Zimbabwe;MWI;Malawi;Manufacturing;Persons;2013;718,3941267;849,2851269;-10,90758335;-10,02086049;Annual;01/01/80
ZWE;Zimbabwe;MWI;Malawi;Manufacturing;Persons;2014;599,4575113;622,3462406;-1,907394105;-1,496392429;Annual;01/01/80
ZWE;Zimbabwe;MWI;Malawi;Manufacturing;Persons;2015;773,0186285;753,6312622;1,615613857;1,021559111;Annual;01/01/80
ZWE;Zimbabwe;MWI;Malawi;Manufacturing;Persons;2016;691,0843174;828,0606995;-11,41469851;-10,96643446;Annual;01/01/80
ZWE;Zimbabwe;MWI;Malawi;Manufacturing;Persons;2017;825,8150581;870,0698733;-3,687901272;-3,084923229;Annual;01/01/80
ZWE;Zimbabwe;MWI;Malawi;Manufacturing;Persons;2018;723,3925416;702,4306784;1,746821933;1,398081149;Annual;01/01/80
ZWE;Zimbabwe;MWI;Malawi;Manufacturing;Persons;2019;818,4130454;874,3710546;-4,663167434;-4,756625969;Annual;01/01/80
ZWE;Zimbabwe;MWI;Malawi;Manufacturing;Persons;2020;702,2047331;747,5372881;-3,777712913;-3,17034187;Annual;01/01/80
ZWE;Zimbabwe;MWI;Malawi;Manufacturing;Persons;2021;730,6915022;694,7418982;2,995800329;1,964683679;Annual;01/01/80
ZWE;Zimbabwe;MWI;Malawi;Manufacturing;Persons;2022;641,3251774;757,3749367;-9,670813269;-8,587815873;Annual;01/01/80
ZWE;Zimbabwe;MWI;Malawi;Manufacturing;Persons;2023;677,8646531;691,5231785;-1,138210445;-1,165750729;Annual;01/01/80
ZWE;Zimbabwe;MWI;Malawi;Manufacturing;Persons;2024;677,7429942;718,5915587;-3,404047046;-2,81018803;Annual;01/01/80
ZWE;Zimbabwe;MWI;Malawi;Manufacturing;Persons;2025;898,365361;1032,044373;-11,13991766;-10,27736107;Annual;01/01/80
ZWE;Zimbabwe;MWI;Malawi;Manufacturing;Persons;2026;487,8851565;527,0703056;-4,35390546;-4,144460198;Annual;01/01/80
ZWE;Zimbabwe;MWI;Malawi;Mining;Persons;1980;645,376436;824,9491318;-14,96439132;-12,78872528;Annual;01/01/80
ZWE;Zimbabwe;MWI;Malawi;Mining;Persons;1981;584,3848182;598,9205649;-1,211312226;-0,919399255;Annual;01/01/80
ZWE;Zimbabwe;MWI;Malawi;Mining;Persons;1982;755,1467839;730,9443376;2,016870526;1,857431832;Annual;01/01/80
ZWE;Zimbabwe;MWI;Malawi;Mining;Persons;1983;638,0613488;776,7408413;-11,55662438;-10,36831893;Annual;01/01/80
ZWE;Zimbabwe;MWI;Malawi;Mining;Persons;1984;783,9448001;846,6030431;-5,22152025;-5,007027406;Annual;01/01/80
ZWE;Zimbabwe;MWI;Malawi;Mining;Persons;1985;737,5347527;785,1127181;-3,964830444;-3,991516131;Annual;01/01/80
ZWE;Zimbabwe;MWI;Malawi;Mining;Persons;1986;821,5394958;951,2547165;-10,80960172;-10,05959722;Annual;01/01/80
ZWE;Zimbabwe;MWI;Malawi;Mining;Persons;1987;845,3902857;928,5178396;-6,927296157;-6,586888393;Annual;01/01/80
ZWE;Zimbabwe;MWI;Malawi;Mining;Persons;1988;505,2095709;517,736541;-1,04391418;-1,69374555;Annual;01/01/80
ZWE;Zimbabwe;MWI;Malawi;Mining;Persons;1989;697,901059;754,5859508;-4,723740978;-3,993463047;Annual;01/01/80
ZWE;Zimbabwe;MWI;Malawi;Mining;Persons;1990;835,7121013;956,9902048;-10,10650862;-9,060211667;Annual;01/01/80
ZWE;Zimbabwe;MWI;Malawi;Mining;Persons;1991;675,6461566;798,1946887;-10,21237768;-8,764721777;Annual;01/01/80
ZWE;Zimbabwe;MWI;Malawi;Mining;Persons;1992;695,9873872;744,2850568;-4,0248058;-4,340107185;Annual;01/01/80
ZWE;Zimbabwe;MWI;Malawi;Mining;Persons;1993;853,7756138;853,6714214;0,008682706;-0,319684679;Annual;01/01/80
ZWE;Zimbabwe;MWI;Malawi;Mining;Persons;1994;889,3525396;1005,03575;-9,640267527;-8,124131506;Annual;01/01/80
ZWE;Zimbabwe;MWI;Malawi;Mining;Persons;1995;631,4894046;695,2369044;-5,312291654;-4,631098002;Annual;01/01/80
ZWE;Zimbabwe;MWI;Malawi;Mining;Persons;1996;680,3242055;760,1625281;-6,65319355;-6,576662063;Annual;01/01/80
ZWE;Zimbabwe;MWI;Malawi;Mining;Persons;1997;789,1088485;854,8299615;-5,476759415;-4,966280189;Annual;01/01/80
ZWE;Zimbabwe;MWI;Malawi;Mining;Persons;1998;764,3815045;871,1580336;-8,898044092;-7,908617552;Annual;01/01/80
ZWE;Zimbabwe;MWI;Malawi;Mining;Persons;1999;735,9669919;788,7185961;-4,395967015;-3,724341623;Annual;01/01/80
ZWE;Zimbabwe;MWI;Malawi;Mining;Persons;2000;530,2612059;531,9931807;-0,144331232;-0,826692273;Annual;01/01/80
ZWE;Zimbabwe;MWI;Malawi;Mining;Persons;2001;592,676968;656,0166587;-5,278307555;-5,297037766;Annual;01/01/80
ZWE;Zimbabwe;MWI;Malawi;Mining;Persons;2002;589,2986424;638,6668665;-4,114018678;-3,479285121;Annual;01/01/80
ZWE;Zimbabwe;MWI;Malawi;Mining;Persons;2003;826,3370243;818,2847032;0,671026757;0,376110164;Annual;01/01/80
ZWE;Zimbabwe;MWI;Malawi;Mining;Persons;2004;706,555047;766,5396459;-4,998716576;-3,748408564;Annual;01/01/80
ZWE;Zimbabwe;MWI;Malawi;Mining;Persons;2005;777,6095855;962,5805877;-15,41425018;-13,23982895;Annual;01/01/80
ZWE;Zimbabwe;MWI;Malawi;Mining;Persons;2006;676,9954063;660,0688644;1,41054516;0,785028473;Annual;01/01/80
ZWE;Zimbabwe;MWI;Malawi;Mining;Persons;2007;726,1122665;689,3564997;3,062980571;2,733097799;Annual;01/01/80
ZWE;Zimbabwe;MWI;Malawi;Mining;Persons;2008;707,5899609;735,5292288;-2,328272321;-1,907109578;Annual;01/01/80
ZWE;Zimbabwe;MWI;Malawi;Mining;Persons;2009;582,9735277;589,5625258;-0,549083175;-0,317126644;Annual;01/01/80
ZWE;Zimbabwe;MWI;Malawi;Mining;Persons;2010;606,502865;575,6691825;2,569473543;2,134554274;Annual;01/01/80
ZWE;Zimbabwe;MWI;Malawi;Mining;Persons;2011;797,6854328;847,0202582;-4,111235453;-3,580746997;Annual;01/01/80
ZWE;Zimbabwe;MWI;Malawi;Mining;Persons;2012;762,9225188;804,5598715;-3,46977939;-3,09306172;Annual;01/01/80
ZWE;Zimbabwe;MWI;Malawi;Mining;Persons;2013;800,1087489;829,1325953;-2,418653868;-2,315638631;Annual;01/01/80
ZWE;Zimbabwe;MWI;Malawi;Mining;Persons;2014;532,0511808;555,5053547;-1,954514485;-1,53602824;Annual;01/01/80
ZWE;Zimbabwe;MWI;Malawi;Mining;Persons;2015;716,2139769;796,6375657;-6,701965733;-5,917076829;Annual;01/01/80
ZWE;Zimbabwe;MWI;Malawi;Mining;Persons;2016;863,7716356;867,400741;-0,30242545;-0,161005697;Annual;01/01/80
ZWE;Zimbabwe;MWI;Malawi;Mining;Persons;2017;761,1647881;851,142388;-7,498133322;-6,668005802;Annual;01/01/80
ZWE;Zimbabwe;MWI;Malawi;Mining;Persons;2018;721,8956225;770,9508296;-4,087933931;-3,680035395;Annual;01/01/80
ZWE;Zimbabwe;MWI;Malawi;Mining;Persons;2019;741,9635026;756,8101232;-1,23721838;-1,935178204;Annual;01/01/80
ZWE;Zimbabwe;MWI;Malawi;Mining;Persons;2020;710,9087577;749,6847695;-3,231334314;-2,587386962;Annual;01/01/80
ZWE;Zimbabwe;MWI;Malawi;Mining;Persons;2021;663,0361859;768,1392409;-8,758587916;-7,515021326;Annual;01/01/80
ZWE;Zimbabwe;MWI;Malawi;Mining;Persons;2022;640,2869439;707,0958309;-5,567407249;-5,10056938;Annual;01/01/80
ZWE;Zimbabwe;MWI;Malawi;Mining;Persons;2023;695,0694154;803,7816673;-9,059354326;-8,270975133;Annual;01/01/80
ZWE;Zimbabwe;MWI;Malawi;Mining;Persons;2024;807,1814029;861,2675961;-4,507182765;-4,480881804;Annual;01/01/80
ZWE;Zimbabwe;MWI;Malawi;Mining;Persons;2025;600,3505705;662,596491;-5,187160042;-5,196958524;Annual;01/01/80
ZWE;Zimbabwe;MWI;Malawi;Mining;Persons;2026;549,3192851;576,2983534;-2,997674254;-2,674626987;Annual;01/01/80
ZWE;Zimbabwe;MWI;Malawi;Other;Persons;1980;663,4622479;683,36248;-1,658352673;-1,417903313;Annual;01/01/80
ZWE;Zimbabwe;MWI;Malawi;Other;Persons;1981;843,5197952;877,0863629;-2,797213977;-2,001800454;Annual;01/01/80
ZWE;Zimbabwe;MWI;Malawi;Other;Persons;1982;778,5755361;819,2353295;-3,38831612;-2,890565045;Annual;01/01/80
ZWE;Zimbabwe;MWI;Malawi;Other;Persons;1983;803,4705727;975,8627796;-14,36601724;-13,95539492;Annual;01/01/80
ZWE;Zimbabwe;MWI;Malawi;Other;Persons;1984;686,3391396;681,1455533;0,432798857;1,015091619;Annual;01/01/80
ZWE;Zimbabwe;MWI;Malawi;Other;Persons;1985;771,1996135;901,5223741;-10,86023005;-9,687849462;Annual;01/01/80
ZWE;Zimbabwe;MWI;Malawi;Other;Persons;1986;825,1458632;874,3622418;-4,101364885;-4,346919567;Annual;01/01/80
ZWE;Zimbabwe;MWI;Malawi;Other;Persons;1987;945,167126;957,0298681;-0,98856184;-0,759806657;Annual;01/01/80
ZWE;Zimbabwe;MWI;Malawi;Other;Persons;1988;722,5583772;836,7206562;-9,513523244;-8,599010351;Annual;01/01/80
ZWE;Zimbabwe;MWI;Malawi;Other;Persons;1989;715,7080571;686,1957752;2,459356822;2,502196313;Annual;01/01/80
ZWE;Zimbabwe;MWI;Malawi;Other;Persons;1990;744,8432311;850,7151081;-8,822656417;-7,354682507;Annual;01/01/80
ZWE;Zimbabwe;MWI;Malawi;Other;Persons;1991;549,2564381;648,0496065;-8,232764033;-6,826719457;Annual;01/01/80
ZWE;Zimbabwe;MWI;Malawi;Other;Persons;1992;743,9197337;860,7913468;-9,739301091;-8,802988738;Annual;01/01/80
ZWE;Zimbabwe;MWI;Malawi;Other;Persons;1993;476,6530803;507,3506839;-2,558133638;-2,233333791;Annual;01/01/80
ZWE;Zimbabwe;MWI;Malawi;Other;Persons;1994;593,3428892;660,649096;-5,608850561;-4,792595562;Annual;01/01/80
ZWE;Zimbabwe;MWI;Malawi;Other;Persons;1995;642,7115637;677,3207634;-2,884099975;-2,761880815;Annual;01/01/80
ZWE;Zimbabwe;MWI;Malawi;Other;Persons;1996;610,9543928;675,9229757;-5,414048573;-4,943271167;Annual;01/01/80
ZWE;Zimbabwe;MWI;Malawi;Other;Persons;1997;863,9090116;844,7712926;1,594809909;1,267559634;Annual;01/01/80
ZWE;Zimbabwe;MWI;Malawi;Other;Persons;1998;1034,029664;1067,660673;-2,802584025;-2,126309919;Annual;01/01/80
ZWE;Zimbabwe;MWI;Malawi;Other;Persons;1999;827,1908372;855,6838569;-2,374418306;-2,179546763;Annual;01/01/80
ZWE;Zimbabwe;MWI;Malawi;Other;Persons;2000;514,1291314;477,9585706;3,014213404;2,585564426;Annual;01/01/80
ZWE;Zimbabwe;MWI;Malawi;Other;Persons;2001;708,9594409;821,3682328;-9,367399327;-8,510389442;Annual;01/01/80
ZWE;Zimbabwe;MWI;Malawi;Other;Persons;2002;956,3098362;949,4268521;0,573582009;1,330679801;Annual;01/01/80
ZWE;Zimbabwe;MWI;Malawi;Other;Persons;2003;646,71024;710,9698497;-5,354967476;-4,519870409;Annual;01/01/80
ZWE;Zimbabwe;MWI;Malawi;Other;Persons;2004;648,8861045;710,8976946;-5,16763251;-4,88632295;Annual;01/01/80
ZWE;Zimbabwe;MWI;Malawi;Other;Persons;2005;721,1902278;755,4692266;-2,856583233;-2,52140395;Annual;01/01/80
ZWE;Zimbabwe;MWI;Malawi;Other;Persons;2006;704,3787467;707,2433493;-0,238716877;-0,431938032;Annual;01/01/80
ZWE;Zimbabwe;MWI;Malawi;Other;Persons;2007;721,3122401;798,733147;-6,451742244;-5,973082814;Annual;01/01/80
ZWE;Zimbabwe;MWI;Malawi;Other;Persons;2008;587,5012207;662,1728925;-6,222639322;-4,893158736;Annual;01/01/80
ZWE;Zimbabwe;MWI;Malawi;Other;Persons;2009;725,4129916;733,1007498;-0,640646516;-0,86159157;Annual;01/01/80
ZWE;Zimbabwe;MWI;Malawi;Other;Persons;2010;734,6909409;758,5148851;-1,985328683;-2,216543468;Annual;01/01/80
ZWE;Zimbabwe;MWI;Malawi;Other;Persons;2011;860,4568932;992,3514695;-10,99121469;-10,053612;Annual;01/01/80
ZWE;Zimbabwe;MWI;Malawi;Other;Persons;2012;788,9835634;890,485453;-8,458490794;-7,838228799;Annual;01/01/80
ZWE;Zimbabwe;MWI;Malawi;Other;Persons;2013;597,5228934;616,3268037;-1,566992527;-1,374531064;Annual;01/01/80
ZWE;Zimbabwe;MWI;Malawi;Other;Persons;2014;614,5830111;642,8855059;-2,358541239;-2,009761055;Annual;01/01/80
ZWE;Zimbabwe;MWI;Malawi;Other;Persons;2015;549,7300214;621,1165854;-5,948880331;-5,359139113;Annual;01/01/80
ZWE;Zimbabwe;MWI;Malawi;Other;Persons;2016;1038,205253;1068,236528;-2,50260626;-2,35167568;Annual;01/01/80
ZWE;Zimbabwe;MWI;Malawi;Other;Persons;2017;768,807648;819,3627108;-4,2129219;-3,856837111;Annual;01/01/80
ZWE;Zimbabwe;MWI;Malawi;Other;Persons;2018;629,4555361;627,0147322;0,203400326;0,006595915;Annual;01/01/80
ZWE;Zimbabwe;MWI;Malawi;Other;Persons;2019;767,9301996;882,9604074;-9,585850647;-8,568996729;Annual;01/01/80
ZWE;Zimbabwe;MWI;Malawi;Other;Persons;2020;604,0960748;660,8697409;-4,73113884;-4,189192281;Annual;01/01/80
ZWE;Zimbabwe;MWI;Malawi;Other;Persons;2021;681,2475449;657,3032365;1,995359032;2,099813341;Annual;01/01/80
ZWE;Zimbabwe;MWI;Malawi;Other;Persons;2022;633,458565;683,3128162;-4,154520935;-3,863540888;Annual;01/01/80
ZWE;Zimbabwe;MWI;Malawi;Other;Persons;2023;568,1970981;616,7224997;-4,043783468;-4,394107383;Annual;01/01/80
ZWE;Zimbabwe;MWI;Malawi;Other;Persons;2024;557,7060131;551,9240029;0,481834185;0,470550461;Annual;01/01/80
ZWE;Zimbabwe;MWI;Malawi;Other;Persons;2025;631,7241218;626,3845436;0,444964848;0,08639751;Annual;01/01/80
ZWE;Zimbabwe;MWI;Malawi;Other;Persons;2026;438,6820362;446,6736947;-0,887962052;-0,519454636;Annual;01/01/80
ZWE;Zimbabwe;MWI;Malawi;Public Services;Persons;1980;713,7764195;801,2161384;-7,286643249;-7,310991898;Annual;01/01/80
ZWE;Zimbabwe;MWI;Malawi;Public Services;Persons;1981;612,013317;649,5310717;-3,126479553;-3,366023931;Annual;01/01/80
ZWE;Zimbabwe;MWI;Malawi;Public Services;Persons;1982;691,4433774;767,5536149;-6,34251979;-5,723870844;Annual;01/01/80
ZWE;Zimbabwe;MWI;Malawi;Public Services;Persons;1983;708,3225576;670,0524678;3,189174149;2,846560443;Annual;01/01/80
ZWE;Zimbabwe;MWI;Malawi;Public Services;Persons;1984;624,8283931;641,1309766;-1,35854863;-1,204085816;Annual;01/01/80
ZWE;Zimbabwe;MWI;Malawi;Public Services;Persons;1985;722,8397527;771,8568786;-4,084760496;-3,780724202;Annual;01/01/80
ZWE;Zimbabwe;MWI;Malawi;Public Services;Persons;1986;813,9803061;837,0547359;-1,922869147;-1,769111839;Annual;01/01/80
ZWE;Zimbabwe;MWI;Malawi;Public Services;Persons;1987;726,4128732;834,6963015;-9,023619025;-8,448585454;Annual;01/01/80
ZWE;Zimbabwe;MWI;Malawi;Public Services;Persons;1988;598,7073815;626,1643358;-2,288079526;-2,106122205;Annual;01/01/80
ZWE;Zimbabwe;MWI;Malawi;Public Services;Persons;1989;815,717189;913,3190675;-8,133489874;-7,010525305;Annual;01/01/80
ZWE;Zimbabwe;MWI;Malawi;Public Services;Persons;1990;628,4399005;724,4170611;-7,998096717;-7,168634226;Annual;01/01/80
ZWE;Zimbabwe;MWI;Malawi;Public Services;Persons;1991;846,4765065;897,2424244;-4,230493163;-3,484138925;Annual;01/01/80
ZWE;Zimbabwe;MWI;Malawi;Public Services;Persons;1992;591,7419687;614,95064;-1,934055943;-1,356112699;Annual;01/01/80
ZWE;Zimbabwe;MWI;Malawi;Public Services;Persons;1993;631,8017033;628,9933841;0,234026599;-0,183492522;Annual;01/01/80
ZWE;Zimbabwe;MWI;Malawi;Public Services;Persons;1994;826,1879318;874,1424867;-3,996212906;-3,963285406;Annual;01/01/80
ZWE;Zimbabwe;MWI;Malawi;Public Services;Persons;1995;744,9767857;829,9376363;-7,080070891;-6,474414472;Annual;01/01/80
ZWE;Zimbabwe;MWI;Malawi;Public Services;Persons;1996;691,1870244;744,4438062;-4,43806515;-4,214013025;Annual;01/01/80
ZWE;Zimbabwe;MWI;Malawi;Public Services;Persons;1997;720,0609757;745,5798953;-2,126576633;-1,736649433;Annual;01/01/80
ZWE;Zimbabwe;MWI;Malawi;Public Services;Persons;1998;849,53938;862,3581559;-1,068231326;-0,948930407;Annual;01/01/80
ZWE;Zimbabwe;MWI;Malawi;Public Services;Persons;1999;802,0594776;773,1669399;2,407711481;1,366393621;Annual;01/01/80
ZWE;Zimbabwe;MWI;Malawi;Public Services;Persons;2000;594,3519333;641,8276512;-3,956309828;-3,306162401;Annual;01/01/80
ZWE;Zimbabwe;MWI;Malawi;Public Services;Persons;2001;792,5708268;796,7947201;-0,351991112;0,455308288;Annual;01/01/80
ZWE;Zimbabwe;MWI;Malawi;Public Services;Persons;2002;657,2144497;748,7888278;-7,631198178;-7,760252955;Annual;01/01/80
ZWE;Zimbabwe;MWI;Malawi;Public Services;Persons;2003;739,7951307;779,1661006;-3,280914157;-2,505849255;Annual;01/01/80
ZWE;Zimbabwe;MWI;Malawi;Public Services;Persons;2004;808,851673;890,0882716;-6,769716552;-5,710708551;Annual;01/01/80
ZWE;Zimbabwe;MWI;Malawi;Public Services;Persons;2005;653,910725;738,7511254;-7,07003336;-6,299479749;Annual;01/01/80
ZWE;Zimbabwe;MWI;Malawi;Public Services;Persons;2006;714,9517881;799,3576477;-7,033821633;-5,920576052;Annual;01/01/80
ZWE;Zimbabwe;MWI;Malawi;Public Services;Persons;2007;737,9047609;757,580565;-1,639650342;-1,812025471;Annual;01/01/80
ZWE;Zimbabwe;MWI;Malawi;Public Services;Persons;2008;736,3976975;878,1414159;-11,81197653;-10,91477073;Annual;01/01/80
ZWE;Zimbabwe;MWI;Malawi;Public Services;Persons;2009;1026,406438;1134,402686;-8,999687344;-7,82631574;Annual;01/01/80
ZWE;Zimbabwe;MWI;Malawi;Public Services;Persons;2010;758,0597883;757,3562182;0,058630842;0,140289788;Annual;01/01/80
ZWE;Zimbabwe;MWI;Malawi;Public Services;Persons;2011;565,4183483;611,3563533;-3,828167081;-3,538691745;Annual;01/01/80
ZWE;Zimbabwe;MWI;Malawi;Public Services;Persons;2012;686,191132;833,3818736;-12,26589514;-11,26840544;Annual;01/01/80
ZWE;Zimbabwe;MWI;Malawi;Public Services;Persons;2013;581,3431632;646,6748153;-5,444304347;-4,932503186;Annual;01/01/80
ZWE;Zimbabwe;MWI;Malawi;Public Services;Persons;2014;546,9615434;599,4114346;-4,37082427;-3,657844449;Annual;01/01/80
ZWE;Zimbabwe;MWI;Malawi;Public Services;Persons;2015;644,8265068;609,7128997;2,926133929;3,319571591;Annual;01/01/80
ZWE;Zimbabwe;MWI;Malawi;Public Services;Persons;2016;869,8147816;899,4687336;-2,471162666;-2,477743598;Annual;01/01/80
ZWE;Zimbabwe;MWI;Malawi;Public Services;Persons;2017;444,1810413;466,6121906;-1,86926244;-1,328480445;Annual;01/01/80
ZWE;Zimbabwe;MWI;Malawi;Public Services;Persons;2018;702,064196;709,340998;-0,60640017;-0,363457592;Annual;01/01/80
ZWE;Zimbabwe;MWI;Malawi;Public Services;Persons;2019;747,4623499;742,6027082;0,404970142;-0,463302994;Annual;01/01/80
ZWE;Zimbabwe;MWI;Malawi;Public Services;Persons;2020;695,4118957;747,525955;-4,342838281;-4,039524143;Annual;01/01/80
ZWE;Zimbabwe;MWI;Malawi;Public Services;Persons;2021;762,1940616;652,00201;9,182670971;8,581387948;Annual;01/01/80
ZWE;Zimbabwe;MWI;Malawi;Public Services;Persons;2022;781,8497293;747,7065676;2,845263476;2,190925174;Annual;01/01/80
ZWE;Zimbabwe;MWI;Malawi;Public Services;Persons;2023;762,0144876;866,4257215;-8,700936153;-8,476280852;Annual;01/01/80
ZWE;Zimbabwe;MWI;Malawi;Public Services;Persons;2024;766,7429594;816,8793836;-4,178035352;-4,021895178;Annual;01/01/80
ZWE;Zimbabwe;MWI;Malawi;Public Services;Persons;2025;794,4132296;782,9247711;0,957371542;0,777723859;Annual;01/01/80
ZWE;Zimbabwe;MWI;Malawi;Public Services;Persons;2026;627,9515024;533,5661924;10,48725666;9,42824073;Annual;01/01/80
ZWE;Zimbabwe;MWI;Malawi;Tourism;Persons;1980;767,4762105;877,6891425;-9,184410999;-8,684109606;Annual;01/01/80
ZWE;Zimbabwe;MWI;Malawi;Tourism;Persons;1981;831,194305;896,3576882;-5,430281933;-5,208005349;Annual;01/01/80
ZWE;Zimbabwe;MWI;Malawi;Tourism;Persons;1982;696,4501639;729,7374621;-2,773941518;-2,828399937;Annual;01/01/80
ZWE;Zimbabwe;MWI;Malawi;Tourism;Persons;1983;667,8358774;706,7166905;-3,240067757;-2,897959343;Annual;01/01/80
ZWE;Zimbabwe;MWI;Malawi;Tourism;Persons;1984;623,6228321;651,9462332;-2,360283424;-3,063313534;Annual;01/01/80
ZWE;Zimbabwe;MWI;Malawi;Tourism;Persons;1985;687,6422393;718,8608727;-2,601552784;-2,038964946;Annual;01/01/80
ZWE;Zimbabwe;MWI;Malawi;Tourism;Persons;1986;911,9740947;989,4548017;-6,456725579;-6,292573986;Annual;01/01/80
ZWE;Zimbabwe;MWI;Malawi;Tourism;Persons;1987;737,4588658;882,5591963;-12,0916942;-10,45218174;Annual;01/01/80
ZWE;Zimbabwe;MWI;Malawi;Tourism;Persons;1988;644,6508576;563,5889541;6,755158626;5,936068932;Annual;01/01/80
ZWE;Zimbabwe;MWI;Malawi;Tourism;Persons;1989;521,6417071;531,4294673;-0,815646681;-0,59222374;Annual;01/01/80
ZWE;Zimbabwe;MWI;Malawi;Tourism;Persons;1990;768,4271684;782,2238896;-1,149726768;-0,677511079;Annual;01/01/80
ZWE;Zimbabwe;MWI;Malawi;Tourism;Persons;1991;727,5499324;721,9126053;0,469777263;0,532616593;Annual;01/01/80
ZWE;Zimbabwe;MWI;Malawi;Tourism;Persons;1992;758,5962188;843,7591283;-7,096909121;-5,623077162;Annual;01/01/80
ZWE;Zimbabwe;MWI;Malawi;Tourism;Persons;1993;627,1551146;694,2618838;-5,592230772;-5,156997192;Annual;01/01/80
ZWE;Zimbabwe;MWI;Malawi;Tourism;Persons;1994;693,0744098;727,8128986;-2,894874065;-2,890934658;Annual;01/01/80
ZWE;Zimbabwe;MWI;Malawi;Tourism;Persons;1995;532,0214957;607,5739406;-6,296037072;-5,939428048;Annual;01/01/80
ZWE;Zimbabwe;MWI;Malawi;Tourism;Persons;1996;767,8539514;802,3171714;-2,871935;-2,173158019;Annual;01/01/80
ZWE;Zimbabwe;MWI;Malawi;Tourism;Persons;1997;867,2350726;984,0624755;-9,735616916;-9,504591838;Annual;01/01/80
ZWE;Zimbabwe;MWI;Malawi;Tourism;Persons;1998;611,258838;602,2646029;0,749519596;0,930005079;Annual;01/01/80
ZWE;Zimbabwe;MWI;Malawi;Tourism;Persons;1999;838,4669701;878,5838471;-3,343073087;-2,916319832;Annual;01/01/80
ZWE;Zimbabwe;MWI;Malawi;Tourism;Persons;2000;748,0630303;847,8066843;-8,311971162;-7,28593267;Annual;01/01/80
ZWE;Zimbabwe;MWI;Malawi;Tourism;Persons;2001;664,6733664;682,7419913;-1,505718741;-1,525377068;Annual;01/01/80
ZWE;Zimbabwe;MWI;Malawi;Tourism;Persons;2002;657,8077295;650,8089366;0,583232743;0,846882958;Annual;01/01/80
ZWE;Zimbabwe;MWI;Malawi;Tourism;Persons;2003;624,3754796;622,2204588;0,179585071;0,166942128;Annual;01/01/80
ZWE;Zimbabwe;MWI;Malawi;Tourism;Persons;2004;703,1801677;679,4951478;1,973751661;2,008597706;Annual;01/01/80
ZWE;Zimbabwe;MWI;Malawi;Tourism;Persons;2005;805,0555138;844,2590295;-3,266959644;-2,913714516;Annual;01/01/80
ZWE;Zimbabwe;MWI;Malawi;Tourism;Persons;2006;537,7584709;589,0262731;-4,272316848;-4,002751378;Annual;01/01/80
ZWE;Zimbabwe;MWI;Malawi;Tourism;Persons;2007;812,6839222;791,7054619;1,748205024;1,424831045;Annual;01/01/80
ZWE;Zimbabwe;MWI;Malawi;Tourism;Persons;2008;678,6611622;695,0426399;-1,365123135;-1,242616471;Annual;01/01/80
ZWE;Zimbabwe;MWI;Malawi;Tourism;Persons;2009;581,3438027;583,8660803;-0,2101898;-0,342577483;Annual;01/01/80
ZWE;Zimbabwe;MWI;Malawi;Tourism;Persons;2010;582,4898321;663,7715479;-6,773476319;-6,014006095;Annual;01/01/80
ZWE;Zimbabwe;MWI;Malawi;Tourism;Persons;2011;644,9403225;728,8174485;-6,989760496;-5,952401374;Annual;01/01/80
ZWE;Zimbabwe;MWI;Malawi;Tourism;Persons;2012;644,7215681;787,0113991;-11,85748592;-10,78632106;Annual;01/01/80
ZWE;Zimbabwe;MWI;Malawi;Tourism;Persons;2013;731,0558647;783,926235;-4,405864192;-4,060956828;Annual;01/01/80
ZWE;Zimbabwe;MWI;Malawi;Tourism;Persons;2014;837,0771617;892,5464962;-4,622444541;-3,7239171;Annual;01/01/80
ZWE;Zimbabwe;MWI;Malawi;Tourism;Persons;2015;752,9253844;784,2308479;-2,608788626;-2,360252186;Annual;01/01/80
ZWE;Zimbabwe;MWI;Malawi;Tourism;Persons;2016;632,2534664;633,2547756;-0,083442428;0,014656338;Annual;01/01/80
ZWE;Zimbabwe;MWI;Malawi;Tourism;Persons;2017;663,8986832;686,5770488;-1,889863796;-1,738046283;Annual;01/01/80
ZWE;Zimbabwe;MWI;Malawi;Tourism;Persons;2018;707,5610838;743,8014525;-3,02003072;-2,322405304;Annual;01/01/80
ZWE;Zimbabwe;MWI;Malawi;Tourism;Persons;2019;647,9224982;670,1920978;-1,855799966;-1,948869767;Annual;01/01/80
ZWE;Zimbabwe;MWI;Malawi;Tourism;Persons;2020;759,7745678;856,6728499;-8,074856844;-7,156094671;Annual;01/01/80
ZWE;Zimbabwe;MWI;Malawi;Tourism;Persons;2021;651,762347;612,819813;3,245211167;3,175164245;Annual;01/01/80
ZWE;Zimbabwe;MWI;Malawi;Tourism;Persons;2022;809,1221113;914,362909;-8,770066476;-7,992226269;Annual;01/01/80
ZWE;Zimbabwe;MWI;Malawi;Tourism;Persons;2023;809,1523031;818,889645;-0,811445156;0,092690698;Annual;01/01/80
ZWE;Zimbabwe;MWI;Malawi;Tourism;Persons;2024;745,550039;801,7451029;-4,682921987;-4,937639333;Annual;01/01/80
ZWE;Zimbabwe;MWI;Malawi;Tourism;Persons;2025;690,4405499;751,1602322;-5,059973521;-4,364368454;Annual;01/01/80
ZWE;Zimbabwe;MWI;Malawi;Tourism;Persons;2026;331,0885144;319,7577274;1,258976336;1,341719366;Annual;01/01/80
ZWE;Zimbabwe;MWI;Malawi;Trade;Persons;1980;961,3833727;1039,961243;-6,548155857;-5,772970028;Annual;01/01/80
ZWE;Zimbabwe;MWI;Malawi;Trade;Persons;1981;669,2159523;593,8409642;6,281249009;5,934386067;Annual;01/01/80
ZWE;Zimbabwe;MWI;Malawi;Trade;Persons;1982;734,0181;682,744067;4,272836082;3,883928627;Annual;01/01/80
ZWE;Zimbabwe;MWI;Malawi;Trade;Persons;1983;655,1564855;685,8544963;-2,558167568;-2,143046125;Annual;01/01/80
ZWE;Zimbabwe;MWI;Malawi;Trade;Persons;1984;662,0287936;744,6079175;-6,881593662;-6,643879727;Annual;01/01/80
ZWE;Zimbabwe;MWI;Malawi;Trade;Persons;1985;833,0598161;957,4328806;-10,36442204;-9,699679817;Annual;01/01/80
ZWE;Zimbabwe;MWI;Malawi;Trade;Persons;1986;834,9384834;931,5821334;-8,053637494;-7,288558604;Annual;01/01/80
ZWE;Zimbabwe;MWI;Malawi;Trade;Persons;1987;799,7963824;769,6987866;2,508132984;1,472860094;Annual;01/01/80
ZWE;Zimbabwe;MWI;Malawi;Trade;Persons;1988;750,2985232;757,5667033;-0,605681679;-0,792299855;Annual;01/01/80
ZWE;Zimbabwe;MWI;Malawi;Trade;Persons;1989;709,1906907;833,842703;-10,3876677;-8,351345709;Annual;01/01/80
ZWE;Zimbabwe;MWI;Malawi;Trade;Persons;1990;680,8548827;698,094386;-1,436625274;-2,224007959;Annual;01/01/80
ZWE;Zimbabwe;MWI;Malawi;Trade;Persons;1991;652,0117925;707,1253968;-4,592800355;-3,889828216;Annual;01/01/80
ZWE;Zimbabwe;MWI;Malawi;Trade;Persons;1992;579,3007959;674,9864997;-7,973808646;-6,551687539;Annual;01/01/80
ZWE;Zimbabwe;MWI;Malawi;Trade;Persons;1993;723,1892033;785,8414355;-5,221019346;-5,004576574;Annual;01/01/80
ZWE;Zimbabwe;MWI;Malawi;Trade;Persons;1994;546,5953209;556,9819277;-0,865550569;-0,464068675;Annual;01/01/80
ZWE;Zimbabwe;MWI;Malawi;Trade;Persons;1995;648,874172;629,4841738;1,615833181;1,816115274;Annual;01/01/80
ZWE;Zimbabwe;MWI;Malawi;Trade;Persons;1996;740,5015467;810,83741;-5,861321943;-4,201011773;Annual;01/01/80
ZWE;Zimbabwe;MWI;Malawi;Trade;Persons;1997;637,187773;760,0257857;-10,23650106;-9,530736863;Annual;01/01/80
ZWE;Zimbabwe;MWI;Malawi;Trade;Persons;1998;750,7632882;740,1645784;0,883225822;0,360398841;Annual;01/01/80
ZWE;Zimbabwe;MWI;Malawi;Trade;Persons;1999;762,4089257;680,3173916;6,840961171;6,461359364;Annual;01/01/80
ZWE;Zimbabwe;MWI;Malawi;Trade;Persons;2000;651,350082;678,4235976;-2,256126295;-2,65492916;Annual;01/01/80
ZWE;Zimbabwe;MWI;Malawi;Trade;Persons;2001;693,2376544;772,1711132;-6,577788233;-5,815650082;Annual;01/01/80
ZWE;Zimbabwe;MWI;Malawi;Trade;Persons;2002;716,7686746;774,0103555;-4,770140076;-3,606471786;Annual;01/01/80
ZWE;Zimbabwe;MWI;Malawi;Trade;Persons;2003;896,2394794;1016,410618;-10,01426158;-8,376482549;Annual;01/01/80
ZWE;Zimbabwe;MWI;Malawi;Trade;Persons;2004;854,5002971;977,9275617;-10,28560538;-8,859338905;Annual;01/01/80
ZWE;Zimbabwe;MWI;Malawi;Trade;Persons;2005;639,6198853;628,2092198;0,950888789;1,647644941;Annual;01/01/80
ZWE;Zimbabwe;MWI;Malawi;Trade;Persons;2006;689,8276804;797,5093611;-8,973473394;-7,632058076;Annual;01/01/80
ZWE;Zimbabwe;MWI;Malawi;Trade;Persons;2007;756,4137115;806,9449746;-4,210938591;-4,054166672;Annual;01/01/80
ZWE;Zimbabwe;MWI;Malawi;Trade;Persons;2008;770,8736926;826,1194521;-4,603813295;-4,357015203;Annual;01/01/80
ZWE;Zimbabwe;MWI;Malawi;Trade;Persons;2009;573,7188081;707,9241914;-11,18378194;-9,673623036;Annual;01/01/80
ZWE;Zimbabwe;MWI;Malawi;Trade;Persons;2010;546,1819191;535,5215919;0,888360595;0,915295558;Annual;01/01/80
ZWE;Zimbabwe;MWI;Malawi;Trade;Persons;2011;723,5460195;835,5801283;-9,336175735;-8,584520813;Annual;01/01/80
ZWE;Zimbabwe;MWI;Malawi;Trade;Persons;2012;591,0745726;710,616646;-9,961839451;-9,247724969;Annual;01/01/80
ZWE;Zimbabwe;MWI;Malawi;Trade;Persons;2013;713,5686134;777,4955561;-5,327245227;-4,896005407;Annual;01/01/80
ZWE;Zimbabwe;MWI;Malawi;Trade;Persons;2014;483,0192415;507,0221226;-2,000240092;-1,964226638;Annual;01/01/80
ZWE;Zimbabwe;MWI;Malawi;Trade;Persons;2015;679,6542465;773,0832326;-7,785748845;-6,583164007;Annual;01/01/80
ZWE;Zimbabwe;MWI;Malawi;Trade;Persons;2016;825,7922527;923,4989724;-8,142226649;-7,264368495;Annual;01/01/80
ZWE;Zimbabwe;MWI;Malawi;Trade;Persons;2017;611,2414633;639,7582307;-2,37639728;-2,099948492;Annual;01/01/80
ZWE;Zimbabwe;MWI;Malawi;Trade;Persons;2018;792,5004408;866,1485356;-6,137341237;-5,203236128;Annual;01/01/80
ZWE;Zimbabwe;MWI;Malawi;Trade;Persons;2019;574,6667992;637,8684131;-5,266801157;-5,006507208;Annual;01/01/80
ZWE;Zimbabwe;MWI;Malawi;Trade;Persons;2020;745,1935404;846,6171118;-8,45196428;-7,56883233;Annual;01/01/80
ZWE;Zimbabwe;MWI;Malawi;Trade;Persons;2021;957,6528583;1049,021846;-7,614082335;-6,9268678;Annual;01/01/80
ZWE;Zimbabwe;MWI;Malawi;Trade;Persons;2022;732,84456;774,5872772;-3,478559769;-2,61126932;Annual;01/01/80
ZWE;Zimbabwe;MWI;Malawi;Trade;Persons;2023;906,4109977;963,1121986;-4,725100072;-4,585355371;Annual;01/01/80
ZWE;Zimbabwe;MWI;Malawi;Trade;Persons;2024;797,9911291;883,3248799;-7,111145906;-6,087523288;Annual;01/01/80
ZWE;Zimbabwe;MWI;Malawi;Trade;Persons;2025;722,4531927;726,3689193;-0,32631055;-0,327263411;Annual;01/01/80
ZWE;Zimbabwe;MWI;Malawi;Trade;Persons;2026;432,8148735;405,9343813;2,986721356;2,813211756;Annual;01/01/80
ZWE;Zimbabwe;MWI;Malawi;Transport;Persons;1980;688,6447278;802,4331672;-9,48236995;-9,226864484;Annual;01/01/80
ZWE;Zimbabwe;MWI;Malawi;Transport;Persons;1981;793,7486107;720,3737436;6,114572261;5,465687374;Annual;01/01/80
ZWE;Zimbabwe;MWI;Malawi;Transport;Persons;1982;737,1166148;900,1577037;-13,58675741;-12,98883635;Annual;01/01/80
ZWE;Zimbabwe;MWI;Malawi;Transport;Persons;1983;734,1652633;809,5863262;-6,285088578;-6,016490376;Annual;01/01/80
ZWE;Zimbabwe;MWI;Malawi;Transport;Persons;1984;871,0734532;983,6054506;-9,377666451;-9,371986296;Annual;01/01/80
ZWE;Zimbabwe;MWI;Malawi;Transport;Persons;1985;573,0336106;604,1638964;-2,594190477;-1,892589315;Annual;01/01/80
ZWE;Zimbabwe;MWI;Malawi;Transport;Persons;1986;922,060843;971,3460127;-4,10709747;-3,693130848;Annual;01/01/80
ZWE;Zimbabwe;MWI;Malawi;Transport;Persons;1987;655,0823243;733,6015191;-6,543266231;-5,533185496;Annual;01/01/80
ZWE;Zimbabwe;MWI;Malawi;Transport;Persons;1988;668,1434984;691,0521129;-1,909051209;-2,160304835;Annual;01/01/80
ZWE;Zimbabwe;MWI;Malawi;Transport;Persons;1989;674,7238418;762,1123313;-7,282374124;-7,015550254;Annual;01/01/80
ZWE;Zimbabwe;MWI;Malawi;Transport;Persons;1990;775,0426355;782,7417381;-0,641591889;-0,654486514;Annual;01/01/80
ZWE;Zimbabwe;MWI;Malawi;Transport;Persons;1991;743,1404972;779,5844165;-3,036993272;-2,299776146;Annual;01/01/80
ZWE;Zimbabwe;MWI;Malawi;Transport;Persons;1992;575,0669186;536,4596441;3,217272881;2,807363374;Annual;01/01/80
ZWE;Zimbabwe;MWI;Malawi;Transport;Persons;1993;658,0813894;712,6748636;-4,549456183;-4,026337559;Annual;01/01/80
ZWE;Zimbabwe;MWI;Malawi;Transport;Persons;1994;792,8938386;864,5779548;-5,973676349;-5,508778231;Annual;01/01/80
ZWE;Zimbabwe;MWI;Malawi;Transport;Persons;1995;411,1090524;471,6957662;-5,048892817;-4,460994339;Annual;01/01/80
ZWE;Zimbabwe;MWI;Malawi;Transport;Persons;1996;678,2784048;649,1318482;2,428879722;2,514084146;Annual;01/01/80
ZWE;Zimbabwe;MWI;Malawi;Transport;Persons;1997;669,0920269;555,6433368;9,45405751;8,06598392;Annual;01/01/80
ZWE;Zimbabwe;MWI;Malawi;Transport;Persons;1998;666,5441634;698,2287905;-2,640385597;-2,330579342;Annual;01/01/80
ZWE;Zimbabwe;MWI;Malawi;Transport;Persons;1999;793,0175844;771,6094622;1,784010178;2,336673099;Annual;01/01/80
ZWE;Zimbabwe;MWI;Malawi;Transport;Persons;2000;686,4504736;744,5294464;-4,839914396;-4,493241056;Annual;01/01/80
ZWE;Zimbabwe;MWI;Malawi;Transport;Persons;2001;842,128078;877,2663999;-2,928193487;-2,961290158;Annual;01/01/80
ZWE;Zimbabwe;MWI;Malawi;Transport;Persons;2002;552,3715524;547,3557141;0,417986529;0,627314557;Annual;01/01/80
ZWE;Zimbabwe;MWI;Malawi;Transport;Persons;2003;855,4875486;1003,777146;-12,35746643;-11,91406192;Annual;01/01/80
ZWE;Zimbabwe;MWI;Malawi;Transport;Persons;2004;681,0591199;730,1726587;-4,092794896;-3,635600162;Annual;01/01/80
ZWE;Zimbabwe;MWI;Malawi;Transport;Persons;2005;754,217845;856,0848275;-8,488915211;-7,30440402;Annual;01/01/80
ZWE;Zimbabwe;MWI;Malawi;Transport;Persons;2006;667,5114749;695,2417181;-2,310853602;-2,498335327;Annual;01/01/80
ZWE;Zimbabwe;MWI;Malawi;Transport;Persons;2007;693,9273002;721,5658242;-2,303210339;-2,078385654;Annual;01/01/80
ZWE;Zimbabwe;MWI;Malawi;Transport;Persons;2008;801,0797691;838,8169563;-3,144765597;-3,126089124;Annual;01/01/80
ZWE;Zimbabwe;MWI;Malawi;Transport;Persons;2009;674,5768311;785,6503851;-9,256129496;-7,8976803;Annual;01/01/80
ZWE;Zimbabwe;MWI;Malawi;Transport;Persons;2010;936,7462483;1028,648267;-7,658501538;-5,998930831;Annual;01/01/80
ZWE;Zimbabwe;MWI;Malawi;Transport;Persons;2011;657,5697064;662,2981436;-0,394036428;0,026399072;Annual;01/01/80
ZWE;Zimbabwe;MWI;Malawi;Transport;Persons;2012;627,7256133;634,5240575;-0,566537018;-0,376337425;Annual;01/01/80
ZWE;Zimbabwe;MWI;Malawi;Transport;Persons;2013;719,5249634;728,8889774;-0,780334497;-0,201237879;Annual;01/01/80
ZWE;Zimbabwe;MWI;Malawi;Transport;Persons;2014;757,0356685;792,614413;-2,964895378;-2,301307889;Annual;01/01/80
ZWE;Zimbabwe;MWI;Malawi;Transport;Persons;2015;884,9754416;926,5120856;-3,461386997;-3,193384878;Annual;01/01/80
ZWE;Zimbabwe;MWI;Malawi;Transport;Persons;2016;623,8205859;644,0148919;-1,682858831;-1,284408928;Annual;01/01/80
ZWE;Zimbabwe;MWI;Malawi;Transport;Persons;2017;615,6933571;692,933154;-6,43664974;-5,710238442;Annual;01/01/80
ZWE;Zimbabwe;MWI;Malawi;Transport;Persons;2018;823,9488845;786,343755;3,133760797;2,787039365;Annual;01/01/80
ZWE;Zimbabwe;MWI;Malawi;Transport;Persons;2019;742,7830941;728,1695259;1,21779735;1,001309798;Annual;01/01/80
ZWE;Zimbabwe;MWI;Malawi;Transport;Persons;2020;677,9273977;665,4171045;1,042524438;1,393860078;Annual;01/01/80
ZWE;Zimbabwe;MWI;Malawi;Transport;Persons;2021;649,1142573;729,7473356;-6,719423196;-5,75556366;Annual;01/01/80
ZWE;Zimbabwe;MWI;Malawi;Transport;Persons;2022;746,3373861;737,8470438;0,707528525;0,71981085;Annual;01/01/80
ZWE;Zimbabwe;MWI;Malawi;Transport;Persons;2023;838,1485326;879,2994809;-3,429245697;-2,859316594;Annual;01/01/80
ZWE;Zimbabwe;MWI;Malawi;Transport;Persons;2024;605,735531;629,3911807;-1,971304138;-2,190364913;Annual;01/01/80
ZWE;Zimbabwe;MWI;Malawi;Transport;Persons;2025;790,1141352;797,2998969;-0,598813477;-1,451850881;Annual;01/01/80
ZWE;Zimbabwe;MWI;Malawi;Transport;Persons;2026;547,1892249;598,0080862;-5,646540137;-4,621270334;Annual;01/01/80
ZWE;Zimbabwe;NAM;Namibia;Agriculture;Persons;1980;1025,222419;1110,399171;-7,098062671;-6,732616864;Annual;01/01/80
ZWE;Zimbabwe;NAM;Namibia;Agriculture;Persons;1981;800,2486808;777,3024939;1,912182246;1,769771852;Annual;01/01/80
ZWE;Zimbabwe;NAM;Namibia;Agriculture;Persons;1982;747,8767379;829,2460475;-6,780775798;-6,663050077;Annual;01/01/80
ZWE;Zimbabwe;NAM;Namibia;Agriculture;Persons;1983;642,7896314;625,8227889;1,413903545;1,494554919;Annual;01/01/80
ZWE;Zimbabwe;NAM;Namibia;Agriculture;Persons;1984;711,1224411;718,7293555;-0,633909529;-0,385229148;Annual;01/01/80
ZWE;Zimbabwe;NAM;Namibia;Agriculture;Persons;1985;747,1213849;759,8796363;-1,063187619;-0,343451826;Annual;01/01/80
ZWE;Zimbabwe;NAM;Namibia;Agriculture;Persons;1986;623,3977575;643,9382501;-1,711707715;-1,455704093;Annual;01/01/80
ZWE;Zimbabwe;NAM;Namibia;Agriculture;Persons;1987;615,9671233;704,3180113;-7,362574002;-6,300220108;Annual;01/01/80
ZWE;Zimbabwe;NAM;Namibia;Agriculture;Persons;1988;713,7066722;726,3849957;-1,056526963;-1,462198107;Annual;01/01/80
ZWE;Zimbabwe;NAM;Namibia;Agriculture;Persons;1989;619,0187278;656,1042799;-3,090462679;-3,449181041;Annual;01/01/80
ZWE;Zimbabwe;NAM;Namibia;Agriculture;Persons;1990;852,7897567;910,764065;-4,831192357;-4,720017739;Annual;01/01/80
ZWE;Zimbabwe;NAM;Namibia;Agriculture;Persons;1991;729,7989607;811,6396368;-6,820056344;-5,842930802;Annual;01/01/80
ZWE;Zimbabwe;NAM;Namibia;Agriculture;Persons;1992;661,9045193;752,2450345;-7,528376266;-7,534166695;Annual;01/01/80
ZWE;Zimbabwe;NAM;Namibia;Agriculture;Persons;1993;685,3819977;792,0053155;-8,88527648;-7,012245349;Annual;01/01/80
ZWE;Zimbabwe;NAM;Namibia;Agriculture;Persons;1994;719,8593274;821,1911287;-8,444316773;-7,658792751;Annual;01/01/80
ZWE;Zimbabwe;NAM;Namibia;Agriculture;Persons;1995;618,2773304;660,7590359;-3,540142127;-3,149266446;Annual;01/01/80
ZWE;Zimbabwe;NAM;Namibia;Agriculture;Persons;1996;598,444984;587,7729387;0,889337109;1,267826055;Annual;01/01/80
ZWE;Zimbabwe;NAM;Namibia;Agriculture;Persons;1997;783,500183;820,0987625;-3,049881627;-2,698620436;Annual;01/01/80
ZWE;Zimbabwe;NAM;Namibia;Agriculture;Persons;1998;592,2324026;601,5287445;-0,774695159;-0,379656352;Annual;01/01/80
ZWE;Zimbabwe;NAM;Namibia;Agriculture;Persons;1999;920,260993;1098,972565;-14,89263101;-13,15583511;Annual;01/01/80
ZWE;Zimbabwe;NAM;Namibia;Agriculture;Persons;2000;595,1872319;642,6254328;-3,953183409;-3,589185915;Annual;01/01/80
ZWE;Zimbabwe;NAM;Namibia;Agriculture;Persons;2001;717,8484487;806,3781251;-7,377473035;-7,382588305;Annual;01/01/80
ZWE;Zimbabwe;NAM;Namibia;Agriculture;Persons;2002;878,5405644;919,2323744;-3,390984161;-2,526560258;Annual;01/01/80
ZWE;Zimbabwe;NAM;Namibia;Agriculture;Persons;2003;820,386636;837,8847075;-1,458172626;-1,437977021;Annual;01/01/80
ZWE;Zimbabwe;NAM;Namibia;Agriculture;Persons;2004;628,7197315;681,9666602;-4,437244058;-3,721163185;Annual;01/01/80
ZWE;Zimbabwe;NAM;Namibia;Agriculture;Persons;2005;722,4678188;873,4358986;-12,58067332;-12,11658598;Annual;01/01/80
ZWE;Zimbabwe;NAM;Namibia;Agriculture;Persons;2006;804,7221353;956,045498;-12,61028023;-11,09183844;Annual;01/01/80
ZWE;Zimbabwe;NAM;Namibia;Agriculture;Persons;2007;636,885893;675,8252204;-3,244943949;-2,844487276;Annual;01/01/80
ZWE;Zimbabwe;NAM;Namibia;Agriculture;Persons;2008;733,9747923;733,6979483;0,023070334;-0,237311962;Annual;01/01/80
ZWE;Zimbabwe;NAM;Namibia;Agriculture;Persons;2009;715,6256016;750,1229564;-2,874779562;-2,414414727;Annual;01/01/80
ZWE;Zimbabwe;NAM;Namibia;Agriculture;Persons;2010;661,7097506;732,1613815;-5,870969244;-6,165419114;Annual;01/01/80
ZWE;Zimbabwe;NAM;Namibia;Agriculture;Persons;2011;709,7664631;821,8791542;-9,342724264;-8,449459794;Annual;01/01/80
ZWE;Zimbabwe;NAM;Namibia;Agriculture;Persons;2012;683,1970864;777,9286105;-7,894293675;-7,548886755;Annual;01/01/80
ZWE;Zimbabwe;NAM;Namibia;Agriculture;Persons;2013;882,0596669;875,4141441;0,553793567;-0,013899662;Annual;01/01/80
ZWE;Zimbabwe;NAM;Namibia;Agriculture;Persons;2014;895,6256514;838,1731761;4,787706273;4,390068755;Annual;01/01/80
ZWE;Zimbabwe;NAM;Namibia;Agriculture;Persons;2015;740,0633001;783,5593898;-3,624674144;-3,159727748;Annual;01/01/80
ZWE;Zimbabwe;NAM;Namibia;Agriculture;Persons;2016;700,3235014;720,8987184;-1,714601412;-1,562026453;Annual;01/01/80
ZWE;Zimbabwe;NAM;Namibia;Agriculture;Persons;2017;785,3093558;876,8111565;-7,625150064;-6,539711321;Annual;01/01/80
ZWE;Zimbabwe;NAM;Namibia;Agriculture;Persons;2018;639,1408042;661,6103541;-1,872462488;-1,817907121;Annual;01/01/80
ZWE;Zimbabwe;NAM;Namibia;Agriculture;Persons;2019;687,1306903;734,1697264;-3,91991967;-3,207297443;Annual;01/01/80
ZWE;Zimbabwe;NAM;Namibia;Agriculture;Persons;2020;483,6046336;585,4068415;-8,483517325;-7,679244044;Annual;01/01/80
ZWE;Zimbabwe;NAM;Namibia;Agriculture;Persons;2021;547,5248602;615,6373424;-5,676040186;-5,042336281;Annual;01/01/80
ZWE;Zimbabwe;NAM;Namibia;Agriculture;Persons;2022;720,6497519;831,7281242;-9,256531028;-8,665993108;Annual;01/01/80
ZWE;Zimbabwe;NAM;Namibia;Agriculture;Persons;2023;606,1611158;629,889772;-1,977388018;-1,411025091;Annual;01/01/80
ZWE;Zimbabwe;NAM;Namibia;Agriculture;Persons;2024;777,85305;795,4530551;-1,466667097;-1,270021101;Annual;01/01/80
ZWE;Zimbabwe;NAM;Namibia;Agriculture;Persons;2025;683,3192225;794,0766403;-9,229784817;-8,109828911;Annual;01/01/80
ZWE;Zimbabwe;NAM;Namibia;Agriculture;Persons;2026;490,5876258;464,5782204;2,889933942;2,931903073;Annual;01/01/80
ZWE;Zimbabwe;NAM;Namibia;Construction;Persons;1980;614,6552443;688,0800941;-6,118737484;-5,177169935;Annual;01/01/80
ZWE;Zimbabwe;NAM;Namibia;Construction;Persons;1981;732,7629241;778,6116748;-3,820729218;-3,754069111;Annual;01/01/80
ZWE;Zimbabwe;NAM;Namibia;Construction;Persons;1982;658,2820302;690,9605397;-2,723209124;-2,237348598;Annual;01/01/80
ZWE;Zimbabwe;NAM;Namibia;Construction;Persons;1983;781,3960482;811,2104966;-2,484537364;-2,886451457;Annual;01/01/80
ZWE;Zimbabwe;NAM;Namibia;Construction;Persons;1984;742,8358893;847,0587183;-8,68523575;-7,502689642;Annual;01/01/80
ZWE;Zimbabwe;NAM;Namibia;Construction;Persons;1985;614,9945558;711,7984016;-8,066987158;-7,575587074;Annual;01/01/80
ZWE;Zimbabwe;NAM;Namibia;Construction;Persons;1986;843,7725991;911,2456119;-5,622751068;-5,614276003;Annual;01/01/80
ZWE;Zimbabwe;NAM;Namibia;Construction;Persons;1987;830,6182626;947,1041929;-9,707160862;-8,631952543;Annual;01/01/80
ZWE;Zimbabwe;NAM;Namibia;Construction;Persons;1988;817,5493531;885,8193848;-5,689169307;-5,397912083;Annual;01/01/80
ZWE;Zimbabwe;NAM;Namibia;Construction;Persons;1989;541,4496136;610,2927652;-5,736929298;-5,073386034;Annual;01/01/80
ZWE;Zimbabwe;NAM;Namibia;Construction;Persons;1990;652,9234374;682,0459786;-2,426878437;-2,374262408;Annual;01/01/80
ZWE;Zimbabwe;NAM;Namibia;Construction;Persons;1991;636,3159215;688,0180103;-4,308507401;-3,896191544;Annual;01/01/80
ZWE;Zimbabwe;NAM;Namibia;Construction;Persons;1992;831,0483303;881,9710158;-4,243557121;-3,755468707;Annual;01/01/80
ZWE;Zimbabwe;NAM;Namibia;Construction;Persons;1993;781,3560913;876,3692346;-7,917761935;-7,298280279;Annual;01/01/80
ZWE;Zimbabwe;NAM;Namibia;Construction;Persons;1994;572,7959575;627,9041474;-4,592349161;-4,259044631;Annual;01/01/80
ZWE;Zimbabwe;NAM;Namibia;Construction;Persons;1995;703,9542503;760,8981236;-4,745322779;-5,12140153;Annual;01/01/80
ZWE;Zimbabwe;NAM;Namibia;Construction;Persons;1996;561,12156;580,7480285;-1,635539044;-1,338099185;Annual;01/01/80
ZWE;Zimbabwe;NAM;Namibia;Construction;Persons;1997;803,0564474;886,242241;-6,932149468;-6,182112223;Annual;01/01/80
ZWE;Zimbabwe;NAM;Namibia;Construction;Persons;1998;514,1009987;566,3313298;-4,35252759;-4,558471939;Annual;01/01/80
ZWE;Zimbabwe;NAM;Namibia;Construction;Persons;1999;605,1603899;672,4918223;-5,610952703;-5,625249351;Annual;01/01/80
ZWE;Zimbabwe;NAM;Namibia;Construction;Persons;2000;721,0092569;699,2928933;1,809696961;1,930825473;Annual;01/01/80
ZWE;Zimbabwe;NAM;Namibia;Construction;Persons;2001;827,8850169;912,3513508;-7,038861163;-6,672004684;Annual;01/01/80
ZWE;Zimbabwe;NAM;Namibia;Construction;Persons;2002;768,8446755;785,6224649;-1,398149121;-1,832387318;Annual;01/01/80
ZWE;Zimbabwe;NAM;Namibia;Construction;Persons;2003;718,2915539;756,0233575;-3,144316967;-2,232031702;Annual;01/01/80
ZWE;Zimbabwe;NAM;Namibia;Construction;Persons;2004;852,7963908;825,3356377;2,288396095;2,26235545;Annual;01/01/80
ZWE;Zimbabwe;NAM;Namibia;Construction;Persons;2005;614,6911436;669,933128;-4,603498699;-3,973282798;Annual;01/01/80
ZWE;Zimbabwe;NAM;Namibia;Construction;Persons;2006;692,6979136;752,7685511;-5,005886457;-3,740236194;Annual;01/01/80
ZWE;Zimbabwe;NAM;Namibia;Construction;Persons;2007;741,5677347;799,6687506;-4,841751327;-4,251440197;Annual;01/01/80
ZWE;Zimbabwe;NAM;Namibia;Construction;Persons;2008;723,3458165;693,2166599;2,510763057;2,238265439;Annual;01/01/80
ZWE;Zimbabwe;NAM;Namibia;Construction;Persons;2009;703,8474279;728,7391809;-2,074312749;-1,893267887;Annual;01/01/80
ZWE;Zimbabwe;NAM;Namibia;Construction;Persons;2010;599,3754247;581,1646523;1,517564364;1,506580067;Annual;01/01/80
ZWE;Zimbabwe;NAM;Namibia;Construction;Persons;2011;620,1401558;701,8863382;-6,812181869;-6,153781103;Annual;01/01/80
ZWE;Zimbabwe;NAM;Namibia;Construction;Persons;2012;753,1745132;803,7560352;-4,215126837;-3,141513277;Annual;01/01/80
ZWE;Zimbabwe;NAM;Namibia;Construction;Persons;2013;866,674553;985,3497629;-9,889600829;-9,653914245;Annual;01/01/80
ZWE;Zimbabwe;NAM;Namibia;Construction;Persons;2014;618,371908;714,510109;-8,011516753;-6,987761332;Annual;01/01/80
ZWE;Zimbabwe;NAM;Namibia;Construction;Persons;2015;881,3247749;871,883345;0,786785817;0,200310103;Annual;01/01/80
ZWE;Zimbabwe;NAM;Namibia;Construction;Persons;2016;685,5124762;710,9974084;-2,123744347;-1,918466946;Annual;01/01/80
ZWE;Zimbabwe;NAM;Namibia;Construction;Persons;2017;747,5983963;813,2450286;-5,470552691;-5,732904456;Annual;01/01/80
ZWE;Zimbabwe;NAM;Namibia;Construction;Persons;2018;813,599737;862,7844771;-4,098728339;-3,496239041;Annual;01/01/80
ZWE;Zimbabwe;NAM;Namibia;Construction;Persons;2019;721,5608443;765,1076126;-3,628897358;-3,478034014;Annual;01/01/80
ZWE;Zimbabwe;NAM;Namibia;Construction;Persons;2020;859,1591819;897,4006067;-3,186785398;-2,740322024;Annual;01/01/80
ZWE;Zimbabwe;NAM;Namibia;Construction;Persons;2021;633,4050206;752,6323423;-9,935610141;-9,304550332;Annual;01/01/80
ZWE;Zimbabwe;NAM;Namibia;Construction;Persons;2022;671,8779804;719,3456663;-3,955640488;-3,248815282;Annual;01/01/80
ZWE;Zimbabwe;NAM;Namibia;Construction;Persons;2023;602,9265573;618,4357317;-1,292431194;-0,81626989;Annual;01/01/80
ZWE;Zimbabwe;NAM;Namibia;Construction;Persons;2024;758,0177976;767,872327;-0,821210788;-0,814122155;Annual;01/01/80
ZWE;Zimbabwe;NAM;Namibia;Construction;Persons;2025;701,5354157;769,6095289;-5,672842773;-5,170916663;Annual;01/01/80
ZWE;Zimbabwe;NAM;Namibia;Construction;Persons;2026;441,1887617;410,2816273;3,434126047;2,64803987;Annual;01/01/80
ZWE;Zimbabwe;NAM;Namibia;Education;Persons;1980;562,258088;607,8384322;-3,798362023;-3,553452838;Annual;01/01/80
ZWE;Zimbabwe;NAM;Namibia;Education;Persons;1981;572,8472561;584,559486;-0,976019161;-0,932791995;Annual;01/01/80
ZWE;Zimbabwe;NAM;Namibia;Education;Persons;1982;731,425197;776,6959009;-3,772558663;-3,237812189;Annual;01/01/80
ZWE;Zimbabwe;NAM;Namibia;Education;Persons;1983;694,4796651;720,664232;-2,182047241;-1,999309016;Annual;01/01/80
ZWE;Zimbabwe;NAM;Namibia;Education;Persons;1984;807,1050878;891,7364037;-7,05260966;-6,527648457;Annual;01/01/80
ZWE;Zimbabwe;NAM;Namibia;Education;Persons;1985;647,030445;703,4751052;-4,703721683;-4,485797837;Annual;01/01/80
ZWE;Zimbabwe;NAM;Namibia;Education;Persons;1986;791,5810421;843,0361497;-4,287925636;-4,548050703;Annual;01/01/80
ZWE;Zimbabwe;NAM;Namibia;Education;Persons;1987;870,801185;993,105823;-10,19205317;-8,673807917;Annual;01/01/80
ZWE;Zimbabwe;NAM;Namibia;Education;Persons;1988;588,9975478;639,5033008;-4,208812753;-3,397695467;Annual;01/01/80
ZWE;Zimbabwe;NAM;Namibia;Education;Persons;1989;558,2438353;560,9028491;-0,221584489;-0,338975109;Annual;01/01/80
ZWE;Zimbabwe;NAM;Namibia;Education;Persons;1990;983,1213651;1134,710967;-12,63246682;-11,98817055;Annual;01/01/80
ZWE;Zimbabwe;NAM;Namibia;Education;Persons;1991;720,1208293;751,369144;-2,604026231;-2,408835308;Annual;01/01/80
ZWE;Zimbabwe;NAM;Namibia;Education;Persons;1992;753,4513669;877,3755536;-10,32701556;-10,3627481;Annual;01/01/80
ZWE;Zimbabwe;NAM;Namibia;Education;Persons;1993;558,9695758;614,277782;-4,609017186;-3,862253143;Annual;01/01/80
ZWE;Zimbabwe;NAM;Namibia;Education;Persons;1994;753,032654;793,8407738;-3,400676654;-2,742788859;Annual;01/01/80
ZWE;Zimbabwe;NAM;Namibia;Education;Persons;1995;673,2103172;677,8390747;-0,385729793;-0,68843404;Annual;01/01/80
ZWE;Zimbabwe;NAM;Namibia;Education;Persons;1996;465,3119289;516,6429828;-4,277587822;-3,803891493;Annual;01/01/80
ZWE;Zimbabwe;NAM;Namibia;Education;Persons;1997;804,1675429;844,8755724;-3,392335789;-3,283739145;Annual;01/01/80
ZWE;Zimbabwe;NAM;Namibia;Education;Persons;1998;609,4015051;706,7499245;-8,11236828;-7,033913792;Annual;01/01/80
ZWE;Zimbabwe;NAM;Namibia;Education;Persons;1999;674,6577248;740,9793308;-5,5268005;-4,874065482;Annual;01/01/80
ZWE;Zimbabwe;NAM;Namibia;Education;Persons;2000;526,9776334;484,5747254;3,533575668;3,211520774;Annual;01/01/80
ZWE;Zimbabwe;NAM;Namibia;Education;Persons;2001;575,766322;665,4067672;-7,470037103;-6,385937408;Annual;01/01/80
ZWE;Zimbabwe;NAM;Namibia;Education;Persons;2002;734,2710012;802,9771994;-5,725516515;-5,02277182;Annual;01/01/80
ZWE;Zimbabwe;NAM;Namibia;Education;Persons;2003;859,5266729;862,0173499;-0,207556422;-0,345143047;Annual;01/01/80
ZWE;Zimbabwe;NAM;Namibia;Education;Persons;2004;788,561829;785,4819331;0,256657991;0,032135217;Annual;01/01/80
ZWE;Zimbabwe;NAM;Namibia;Education;Persons;2005;659,278578;673,0939363;-1,151279861;-0,936029652;Annual;01/01/80
ZWE;Zimbabwe;NAM;Namibia;Education;Persons;2006;587,6120058;529,291099;4,860075567;3,785646281;Annual;01/01/80
ZWE;Zimbabwe;NAM;Namibia;Education;Persons;2007;890,453069;830,8960757;4,963082779;4,942499502;Annual;01/01/80
ZWE;Zimbabwe;NAM;Namibia;Education;Persons;2008;876,806113;899,4515883;-1,887122938;-1,283264324;Annual;01/01/80
ZWE;Zimbabwe;NAM;Namibia;Education;Persons;2009;856,3618809;800,8171838;4,628724759;4,090376754;Annual;01/01/80
ZWE;Zimbabwe;NAM;Namibia;Education;Persons;2010;801,9478178;826,2041132;-2,021357948;-1,641643014;Annual;01/01/80
ZWE;Zimbabwe;NAM;Namibia;Education;Persons;2011;551,8690259;556,5580597;-0,390752821;-0,063729412;Annual;01/01/80
ZWE;Zimbabwe;NAM;Namibia;Education;Persons;2012;721,5551426;715,1043351;0,53756729;0,951678729;Annual;01/01/80
ZWE;Zimbabwe;NAM;Namibia;Education;Persons;2013;576,6315615;692,1169668;-9,623783772;-8,956080673;Annual;01/01/80
ZWE;Zimbabwe;NAM;Namibia;Education;Persons;2014;961,5071678;1104,083889;-11,88139341;-11,51410405;Annual;01/01/80
ZWE;Zimbabwe;NAM;Namibia;Education;Persons;2015;784,4239077;797,8643257;-1,120034835;-1,162469689;Annual;01/01/80
ZWE;Zimbabwe;NAM;Namibia;Education;Persons;2016;992,9161298;1044,842852;-4,327226874;-3,664328132;Annual;01/01/80
ZWE;Zimbabwe;NAM;Namibia;Education;Persons;2017;727,6718006;837,9827308;-9,192577516;-7,920558005;Annual;01/01/80
ZWE;Zimbabwe;NAM;Namibia;Education;Persons;2018;570,8306677;579,1559129;-0,693770434;-0,534009113;Annual;01/01/80
ZWE;Zimbabwe;NAM;Namibia;Education;Persons;2019;671,4343524;702,624902;-2,599212462;-2,645192523;Annual;01/01/80
ZWE;Zimbabwe;NAM;Namibia;Education;Persons;2020;791,2733126;871,2808242;-6,667292637;-5,368055375;Annual;01/01/80
ZWE;Zimbabwe;NAM;Namibia;Education;Persons;2021;682,5566449;728,2633137;-3,808889071;-3,992859883;Annual;01/01/80
ZWE;Zimbabwe;NAM;Namibia;Education;Persons;2022;1015,537378;1069,529173;-4,49931625;-3,965379092;Annual;01/01/80
ZWE;Zimbabwe;NAM;Namibia;Education;Persons;2023;647,5221011;718,2052679;-5,890263899;-4,87795856;Annual;01/01/80
ZWE;Zimbabwe;NAM;Namibia;Education;Persons;2024;692,8719615;654,1772099;3,224562632;3,083027724;Annual;01/01/80
ZWE;Zimbabwe;NAM;Namibia;Education;Persons;2025;739,855173;797,1714661;-4,776357758;-4,373897464;Annual;01/01/80
ZWE;Zimbabwe;NAM;Namibia;Education;Persons;2026;581,5386693;584,2576661;-0,302110757;-1,017368773;Annual;01/01/80
ZWE;Zimbabwe;NAM;Namibia;Finance;Persons;1980;718,6064343;774,9456169;-4,694931883;-4,734267558;Annual;01/01/80
ZWE;Zimbabwe;NAM;Namibia;Finance;Persons;1981;606,1612687;691,0946297;-7,077780083;-5,957339132;Annual;01/01/80
ZWE;Zimbabwe;NAM;Namibia;Finance;Persons;1982;637,5166318;683,7033255;-3,848891139;-3,410390299;Annual;01/01/80
ZWE;Zimbabwe;NAM;Namibia;Finance;Persons;1983;667,0494348;696,513478;-2,455336939;-2,905120631;Annual;01/01/80
ZWE;Zimbabwe;NAM;Namibia;Finance;Persons;1984;712,9040454;778,1920872;-5,440670151;-4,587542455;Annual;01/01/80
ZWE;Zimbabwe;NAM;Namibia;Finance;Persons;1985;665,8517097;764,4528255;-8,21675965;-6,91702049;Annual;01/01/80
ZWE;Zimbabwe;NAM;Namibia;Finance;Persons;1986;817,7105746;857,7567509;-3,337181358;-2,916107435;Annual;01/01/80
ZWE;Zimbabwe;NAM;Namibia;Finance;Persons;1987;637,1182115;640,1030619;-0,248737527;0,391716729;Annual;01/01/80
ZWE;Zimbabwe;NAM;Namibia;Finance;Persons;1988;779,9303293;720,0768733;4,987788005;4,260738603;Annual;01/01/80
ZWE;Zimbabwe;NAM;Namibia;Finance;Persons;1989;898,8822454;1092,513924;-16,13597321;-14,3336681;Annual;01/01/80
ZWE;Zimbabwe;NAM;Namibia;Finance;Persons;1990;736,2309377;818,7088467;-6,873159087;-6,738377252;Annual;01/01/80
ZWE;Zimbabwe;NAM;Namibia;Finance;Persons;1991;759,8077464;752,384686;0,618588371;1,113544157;Annual;01/01/80
ZWE;Zimbabwe;NAM;Namibia;Finance;Persons;1992;692,1027221;706,5297768;-1,202254559;-1,556173828;Annual;01/01/80
ZWE;Zimbabwe;NAM;Namibia;Finance;Persons;1993;633,9634844;676,6481356;-3,557054267;-3,604220613;Annual;01/01/80
ZWE;Zimbabwe;NAM;Namibia;Finance;Persons;1994;811,5652859;971,0383039;-13,28941817;-12,43268568;Annual;01/01/80
ZWE;Zimbabwe;NAM;Namibia;Finance;Persons;1995;573,087761;534,8723572;3,184616987;3,031799671;Annual;01/01/80
ZWE;Zimbabwe;NAM;Namibia;Finance;Persons;1996;976,8677362;996,5656852;-1,64149575;-2,072949778;Annual;01/01/80
ZWE;Zimbabwe;NAM;Namibia;Finance;Persons;1997;570,1203041;613,6801536;-3,629987452;-3,506429295;Annual;01/01/80
ZWE;Zimbabwe;NAM;Namibia;Finance;Persons;1998;845,6686324;830,183081;1,290462616;0,839038561;Annual;01/01/80
ZWE;Zimbabwe;NAM;Namibia;Finance;Persons;1999;899,6670746;913,8284709;-1,180116359;-0,195394211;Annual;01/01/80
ZWE;Zimbabwe;NAM;Namibia;Finance;Persons;2000;616,3303565;644,0102133;-2,306654737;-1,898822677;Annual;01/01/80
ZWE;Zimbabwe;NAM;Namibia;Finance;Persons;2001;602,2667441;618,3237095;-1,338080452;-1,432630545;Annual;01/01/80
ZWE;Zimbabwe;NAM;Namibia;Finance;Persons;2002;635,1291498;589,8293622;3,774982297;3,254234326;Annual;01/01/80
ZWE;Zimbabwe;NAM;Namibia;Finance;Persons;2003;786,9585112;905,1558807;-9,849780795;-9,550333771;Annual;01/01/80
ZWE;Zimbabwe;NAM;Namibia;Finance;Persons;2004;851,9451932;928,9174298;-6,414353054;-5,593838365;Annual;01/01/80
ZWE;Zimbabwe;NAM;Namibia;Finance;Persons;2005;550,4630394;579,9280125;-2,455414426;-2,306275172;Annual;01/01/80
ZWE;Zimbabwe;NAM;Namibia;Finance;Persons;2006;644,5847595;726,3281337;-6,811947847;-5,626975898;Annual;01/01/80
ZWE;Zimbabwe;NAM;Namibia;Finance;Persons;2007;722,6120373;768,5830015;-3,830913682;-4,117508803;Annual;01/01/80
ZWE;Zimbabwe;NAM;Namibia;Finance;Persons;2008;580,4780635;626,6452893;-3,84726882;-3,396923141;Annual;01/01/80
ZWE;Zimbabwe;NAM;Namibia;Finance;Persons;2009;748,3086098;802,677627;-4,530751435;-4,101969778;Annual;01/01/80
ZWE;Zimbabwe;NAM;Namibia;Finance;Persons;2010;709,4204728;725,8988467;-1,373197821;-0,969671443;Annual;01/01/80
ZWE;Zimbabwe;NAM;Namibia;Finance;Persons;2011;972,7184099;1116,576518;-11,98817566;-10,96003264;Annual;01/01/80
ZWE;Zimbabwe;NAM;Namibia;Finance;Persons;2012;552,498693;647,1287802;-7,885840598;-7,008935752;Annual;01/01/80
ZWE;Zimbabwe;NAM;Namibia;Finance;Persons;2013;696,3281089;739,3088373;-3,581727362;-3,054044594;Annual;01/01/80
ZWE;Zimbabwe;NAM;Namibia;Finance;Persons;2014;579,4534316;632,8875792;-4,452845626;-4,173299352;Annual;01/01/80
ZWE;Zimbabwe;NAM;Namibia;Finance;Persons;2015;791,9298359;865,64929;-6,143287844;-6,019578966;Annual;01/01/80
ZWE;Zimbabwe;NAM;Namibia;Finance;Persons;2016;633,5779192;707,1461481;-6,130685734;-5,957428695;Annual;01/01/80
ZWE;Zimbabwe;NAM;Namibia;Finance;Persons;2017;533,4451751;587,0399435;-4,466230699;-4,182324913;Annual;01/01/80
ZWE;Zimbabwe;NAM;Namibia;Finance;Persons;2018;716,6411058;863,2828231;-12,2201431;-10,99637658;Annual;01/01/80
ZWE;Zimbabwe;NAM;Namibia;Finance;Persons;2019;669,5197568;734,2271151;-5,392279858;-5,076726806;Annual;01/01/80
ZWE;Zimbabwe;NAM;Namibia;Finance;Persons;2020;743,4615211;720,5239353;1,911465488;1,968463744;Annual;01/01/80
ZWE;Zimbabwe;NAM;Namibia;Finance;Persons;2021;770,8461564;745,6282412;2,101492936;1,827176819;Annual;01/01/80
ZWE;Zimbabwe;NAM;Namibia;Finance;Persons;2022;622,0672101;765,8728576;-11,98380396;-10,74462012;Annual;01/01/80
ZWE;Zimbabwe;NAM;Namibia;Finance;Persons;2023;681,5536436;647,1065617;2,870590155;1,880042287;Annual;01/01/80
ZWE;Zimbabwe;NAM;Namibia;Finance;Persons;2024;660,1827764;646,7528492;1,119160599;0,553047112;Annual;01/01/80
ZWE;Zimbabwe;NAM;Namibia;Finance;Persons;2025;696,7560935;909,119692;-17,69696654;-16,43805331;Annual;01/01/80
ZWE;Zimbabwe;NAM;Namibia;Finance;Persons;2026;656,531492;683,0125214;-2,9423366;-2,308841515;Annual;01/01/80
ZWE;Zimbabwe;NAM;Namibia;Health;Persons;1980;726,3769842;783,9522794;-4,797941264;-4,637460481;Annual;01/01/80
ZWE;Zimbabwe;NAM;Namibia;Health;Persons;1981;807,9552366;841,212512;-2,771439618;-2,692322296;Annual;01/01/80
ZWE;Zimbabwe;NAM;Namibia;Health;Persons;1982;680,0292692;592,6202466;7,284085221;7,193065726;Annual;01/01/80
ZWE;Zimbabwe;NAM;Namibia;Health;Persons;1983;725,2356982;806,6993208;-6,788635213;-5,564238978;Annual;01/01/80
ZWE;Zimbabwe;NAM;Namibia;Health;Persons;1984;826,2730959;945,62258;-9,945790343;-8,856009487;Annual;01/01/80
ZWE;Zimbabwe;NAM;Namibia;Health;Persons;1985;774,8927868;914,2730148;-11,61501899;-9,878895828;Annual;01/01/80
ZWE;Zimbabwe;NAM;Namibia;Health;Persons;1986;632,80769;719,7046706;-7,241415052;-6,128236545;Annual;01/01/80
ZWE;Zimbabwe;NAM;Namibia;Health;Persons;1987;834,8023088;766,1937061;5,717383554;5,437543577;Annual;01/01/80
ZWE;Zimbabwe;NAM;Namibia;Health;Persons;1988;796,1692745;857,8031822;-5,136158978;-4,843974271;Annual;01/01/80
ZWE;Zimbabwe;NAM;Namibia;Health;Persons;1989;762,2281566;855,0480097;-7,734987762;-6,821257687;Annual;01/01/80
ZWE;Zimbabwe;NAM;Namibia;Health;Persons;1990;666,0557192;692,3085292;-2,187734163;-2,367154245;Annual;01/01/80
ZWE;Zimbabwe;NAM;Namibia;Health;Persons;1991;818,1314567;861,3664489;-3,602916021;-3,111170211;Annual;01/01/80
ZWE;Zimbabwe;NAM;Namibia;Health;Persons;1992;714,721367;678,5825624;3,011567048;2,498344812;Annual;01/01/80
ZWE;Zimbabwe;NAM;Namibia;Health;Persons;1993;632,387912;680,6844411;-4,024710759;-3,82796767;Annual;01/01/80
ZWE;Zimbabwe;NAM;Namibia;Health;Persons;1994;733,5326689;828,2523371;-7,893305686;-6,633582738;Annual;01/01/80
ZWE;Zimbabwe;NAM;Namibia;Health;Persons;1995;654,0455528;713,5630339;-4,959790091;-4,489467273;Annual;01/01/80
ZWE;Zimbabwe;NAM;Namibia;Health;Persons;1996;495,1718424;593,052893;-8,156754216;-7,24015137;Annual;01/01/80
ZWE;Zimbabwe;NAM;Namibia;Health;Persons;1997;939,3620362;942,6281421;-0,272175489;0,158952226;Annual;01/01/80
ZWE;Zimbabwe;NAM;Namibia;Health;Persons;1998;885,7089738;983,0791431;-8,114180777;-7,286883369;Annual;01/01/80
ZWE;Zimbabwe;NAM;Namibia;Health;Persons;1999;498,5138696;547,9753552;-4,121790466;-3,900284482;Annual;01/01/80
ZWE;Zimbabwe;NAM;Namibia;Health;Persons;2000;753,0902108;850,8351154;-8,145408717;-6,597264644;Annual;01/01/80
ZWE;Zimbabwe;NAM;Namibia;Health;Persons;2001;530,1263318;578,3598028;-4,01945592;-3,800528536;Annual;01/01/80
ZWE;Zimbabwe;NAM;Namibia;Health;Persons;2002;1094,493462;1380,259757;-23,8138579;-21,27429293;Annual;01/01/80
ZWE;Zimbabwe;NAM;Namibia;Health;Persons;2003;839,9405617;833,172516;0,564003805;0,582915889;Annual;01/01/80
ZWE;Zimbabwe;NAM;Namibia;Health;Persons;2004;613,0079532;572,8199091;3,349003677;2,745676569;Annual;01/01/80
ZWE;Zimbabwe;NAM;Namibia;Health;Persons;2005;594,909593;645,8548296;-4,245436388;-4,325786117;Annual;01/01/80
ZWE;Zimbabwe;NAM;Namibia;Health;Persons;2006;540,7885051;636,5581161;-7,980800913;-6,733402187;Annual;01/01/80
ZWE;Zimbabwe;NAM;Namibia;Health;Persons;2007;611,8629714;564,4368473;3,952177006;3,39576365;Annual;01/01/80
ZWE;Zimbabwe;NAM;Namibia;Health;Persons;2008;715,8184735;847,0218766;-10,93361693;-10,18992536;Annual;01/01/80
ZWE;Zimbabwe;NAM;Namibia;Health;Persons;2009;671,2567477;747,1577469;-6,325083269;-5,350354248;Annual;01/01/80
ZWE;Zimbabwe;NAM;Namibia;Health;Persons;2010;794,8830762;823,4124445;-2,377447357;-2,204460046;Annual;01/01/80
ZWE;Zimbabwe;NAM;Namibia;Health;Persons;2011;763,3746711;728,5375929;2,903089842;2,755150606;Annual;01/01/80
ZWE;Zimbabwe;NAM;Namibia;Health;Persons;2012;690,0119909;663,410212;2,216814906;1,660179022;Annual;01/01/80
ZWE;Zimbabwe;NAM;Namibia;Health;Persons;2013;932,914677;1051,044949;-9,84418932;-8,785050855;Annual;01/01/80
ZWE;Zimbabwe;NAM;Namibia;Health;Persons;2014;609,0126477;689,7175653;-6,725409798;-6,084592658;Annual;01/01/80
ZWE;Zimbabwe;NAM;Namibia;Health;Persons;2015;532,3392656;581,7267473;-4,115623474;-3,752688138;Annual;01/01/80
ZWE;Zimbabwe;NAM;Namibia;Health;Persons;2016;781,5784086;801,7452282;-1,6805683;-2,174628145;Annual;01/01/80
ZWE;Zimbabwe;NAM;Namibia;Health;Persons;2017;835,4500754;821,4815332;1,164045181;0,522892385;Annual;01/01/80
ZWE;Zimbabwe;NAM;Namibia;Health;Persons;2018;693,2047193;724,410379;-2,600471644;-2,578778905;Annual;01/01/80
ZWE;Zimbabwe;NAM;Namibia;Health;Persons;2019;650,2022906;733,0394876;-6,903099752;-5,888239322;Annual;01/01/80
ZWE;Zimbabwe;NAM;Namibia;Health;Persons;2020;842,4785477;812,0121128;2,538869578;1,911122291;Annual;01/01/80
ZWE;Zimbabwe;NAM;Namibia;Health;Persons;2021;735,4253924;831,9096098;-8,040351449;-6,511614117;Annual;01/01/80
ZWE;Zimbabwe;NAM;Namibia;Health;Persons;2022;769,7747794;783,1903643;-1,117965415;-1,264806875;Annual;01/01/80
ZWE;Zimbabwe;NAM;Namibia;Health;Persons;2023;753,0353728;718,1130397;2,910194425;2,340819974;Annual;01/01/80
ZWE;Zimbabwe;NAM;Namibia;Health;Persons;2024;611,9867705;616,0799138;-0,341095273;-0,591504931;Annual;01/01/80
ZWE;Zimbabwe;NAM;Namibia;Health;Persons;2025;705,0370197;825,143839;-10,00890161;-8,593694049;Annual;01/01/80
ZWE;Zimbabwe;NAM;Namibia;Health;Persons;2026;435,4704314;444,274101;-0,978185516;-1,224761652;Annual;01/01/80
ZWE;Zimbabwe;NAM;Namibia;ICT;Persons;1980;585,3669634;600,6303389;-1,271947956;-1,258359152;Annual;01/01/80
ZWE;Zimbabwe;NAM;Namibia;ICT;Persons;1981;663,628965;677,4692003;-1,153352941;-1,173887307;Annual;01/01/80
ZWE;Zimbabwe;NAM;Namibia;ICT;Persons;1982;709,7209871;692,9229498;1,399836446;1,151030546;Annual;01/01/80
ZWE;Zimbabwe;NAM;Namibia;ICT;Persons;1983;588,8028002;605,9427047;-1,42832537;-0,809725851;Annual;01/01/80
ZWE;Zimbabwe;NAM;Namibia;ICT;Persons;1984;798,3479765;757,1273553;3,435051767;3,400304778;Annual;01/01/80
ZWE;Zimbabwe;NAM;Namibia;ICT;Persons;1985;574,8059589;708,0457946;-11,10331964;-10,05775313;Annual;01/01/80
ZWE;Zimbabwe;NAM;Namibia;ICT;Persons;1986;628,1405465;760,7782108;-11,05313869;-9,879683096;Annual;01/01/80
ZWE;Zimbabwe;NAM;Namibia;ICT;Persons;1987;604,0475425;665,6558253;-5,134023571;-4,296174187;Annual;01/01/80
ZWE;Zimbabwe;NAM;Namibia;ICT;Persons;1988;906,3958587;950,4020255;-3,667180568;-3,438549773;Annual;01/01/80
ZWE;Zimbabwe;NAM;Namibia;ICT;Persons;1989;842,5983315;1053,968123;-17,61414933;-15,98259895;Annual;01/01/80
ZWE;Zimbabwe;NAM;Namibia;ICT;Persons;1990;692,3872118;743,909634;-4,293535186;-4,170053819;Annual;01/01/80
ZWE;Zimbabwe;NAM;Namibia;ICT;Persons;1991;675,4040388;739,6855006;-5,356788487;-4,393911195;Annual;01/01/80
ZWE;Zimbabwe;NAM;Namibia;ICT;Persons;1992;625,9049056;706,9658901;-6,755082037;-5,306541254;Annual;01/01/80
ZWE;Zimbabwe;NAM;Namibia;ICT;Persons;1993;736,1295815;913,4748044;-14,77876857;-13,64094337;Annual;01/01/80
ZWE;Zimbabwe;NAM;Namibia;ICT;Persons;1994;877,0921999;977,1038166;-8,334301388;-7,631439132;Annual;01/01/80
ZWE;Zimbabwe;NAM;Namibia;ICT;Persons;1995;613,6789273;627,7161543;-1,169768918;-0,899830848;Annual;01/01/80
ZWE;Zimbabwe;NAM;Namibia;ICT;Persons;1996;768,6546002;919,5933364;-12,57822802;-12,10439183;Annual;01/01/80
ZWE;Zimbabwe;NAM;Namibia;ICT;Persons;1997;742,7816277;763,7380008;-1,746364422;-1,698328384;Annual;01/01/80
ZWE;Zimbabwe;NAM;Namibia;ICT;Persons;1998;450,1180689;500,2688952;-4,179235523;-3,768231196;Annual;01/01/80
ZWE;Zimbabwe;NAM;Namibia;ICT;Persons;1999;555,1572314;573,7093026;-1,546005933;-1,540714275;Annual;01/01/80
ZWE;Zimbabwe;NAM;Namibia;ICT;Persons;2000;692,5793764;760,9484293;-5,697421077;-5,114013957;Annual;01/01/80
ZWE;Zimbabwe;NAM;Namibia;ICT;Persons;2001;849,6714163;882,6153062;-2,745324164;-2,98583207;Annual;01/01/80
ZWE;Zimbabwe;NAM;Namibia;ICT;Persons;2002;817,3497555;855,8776472;-3,210657639;-2,879580341;Annual;01/01/80
ZWE;Zimbabwe;NAM;Namibia;ICT;Persons;2003;668,3111642;729,4284169;-5,093104392;-4,766316296;Annual;01/01/80
ZWE;Zimbabwe;NAM;Namibia;ICT;Persons;2004;550,9833166;593,0174531;-3,502844708;-2,932423888;Annual;01/01/80
ZWE;Zimbabwe;NAM;Namibia;ICT;Persons;2005;766,4012288;808,7698841;-3,530721279;-3,142909504;Annual;01/01/80
ZWE;Zimbabwe;NAM;Namibia;ICT;Persons;2006;736,7383573;797,5645274;-5,068847508;-4,607923966;Annual;01/01/80
ZWE;Zimbabwe;NAM;Namibia;ICT;Persons;2007;777,4514826;843,0591535;-5,467305907;-4,252024846;Annual;01/01/80
ZWE;Zimbabwe;NAM;Namibia;ICT;Persons;2008;639,2618554;687,9194918;-4,054803035;-3,663821808;Annual;01/01/80
ZWE;Zimbabwe;NAM;Namibia;ICT;Persons;2009;786,2472823;933,7741528;-12,29390588;-12,08804657;Annual;01/01/80
ZWE;Zimbabwe;NAM;Namibia;ICT;Persons;2010;681,7440921;762,9957777;-6,770973801;-7,453875991;Annual;01/01/80
ZWE;Zimbabwe;NAM;Namibia;ICT;Persons;2011;638,1805741;675,0452133;-3,072053266;-2,726372067;Annual;01/01/80
ZWE;Zimbabwe;NAM;Namibia;ICT;Persons;2012;612,6201275;628,9801604;-1,363336071;-1,210377903;Annual;01/01/80
ZWE;Zimbabwe;NAM;Namibia;ICT;Persons;2013;839,2139958;750,1887837;7,418767675;6,506568886;Annual;01/01/80
ZWE;Zimbabwe;NAM;Namibia;ICT;Persons;2014;815,5018561;891,3600839;-6,321518986;-5,874180297;Annual;01/01/80
ZWE;Zimbabwe;NAM;Namibia;ICT;Persons;2015;701,9912023;785,2292091;-6,936500566;-6,225528555;Annual;01/01/80
ZWE;Zimbabwe;NAM;Namibia;ICT;Persons;2016;640,5349017;636,3778121;0,346424135;0,520920912;Annual;01/01/80
ZWE;Zimbabwe;NAM;Namibia;ICT;Persons;2017;793,4260425;946,271955;-12,73715937;-10,36121811;Annual;01/01/80
ZWE;Zimbabwe;NAM;Namibia;ICT;Persons;2018;733,5960908;786,0591552;-4,371922035;-3,946176587;Annual;01/01/80
ZWE;Zimbabwe;NAM;Namibia;ICT;Persons;2019;635,0196354;730,4584997;-7,953238698;-7,452965822;Annual;01/01/80
ZWE;Zimbabwe;NAM;Namibia;ICT;Persons;2020;636,2019981;711,3922656;-6,265855626;-4,985614993;Annual;01/01/80
ZWE;Zimbabwe;NAM;Namibia;ICT;Persons;2021;804,0744583;819,7462206;-1,305980192;-1,158474171;Annual;01/01/80
ZWE;Zimbabwe;NAM;Namibia;ICT;Persons;2022;603,1343151;621,4233176;-1,524083544;-1,34422496;Annual;01/01/80
ZWE;Zimbabwe;NAM;Namibia;ICT;Persons;2023;675,1406892;684,0697715;-0,74409019;-0,26325532;Annual;01/01/80
ZWE;Zimbabwe;NAM;Namibia;ICT;Persons;2024;633,650621;760,8002212;-10,59580002;-9,547240311;Annual;01/01/80
ZWE;Zimbabwe;NAM;Namibia;ICT;Persons;2025;536,2565912;620,3765897;-7,009999877;-6,026762301;Annual;01/01/80
ZWE;Zimbabwe;NAM;Namibia;ICT;Persons;2026;501,947585;508,0355691;-0,676442677;-0,007052438;Annual;01/01/80
ZWE;Zimbabwe;NAM;Namibia;Manufacturing;Persons;1980;566,6231056;594,9675022;-2,362033049;-2,121478352;Annual;01/01/80
ZWE;Zimbabwe;NAM;Namibia;Manufacturing;Persons;1981;862,9376369;909,8202148;-3,906881491;-3,042448975;Annual;01/01/80
ZWE;Zimbabwe;NAM;Namibia;Manufacturing;Persons;1982;577,7211376;606,508411;-2,398939448;-2,493500301;Annual;01/01/80
ZWE;Zimbabwe;NAM;Namibia;Manufacturing;Persons;1983;641,5256763;667,4316057;-2,158827452;-2,438600138;Annual;01/01/80
ZWE;Zimbabwe;NAM;Namibia;Manufacturing;Persons;1984;604,8981726;658,6669455;-4,480731076;-3,913038634;Annual;01/01/80
ZWE;Zimbabwe;NAM;Namibia;Manufacturing;Persons;1985;542,846812;602,3679361;-4,960093675;-4,268101004;Annual;01/01/80
ZWE;Zimbabwe;NAM;Namibia;Manufacturing;Persons;1986;788,8412152;825,268908;-3,03564106;-3,314708546;Annual;01/01/80
ZWE;Zimbabwe;NAM;Namibia;Manufacturing;Persons;1987;765,581396;778,0785261;-1,041427512;-0,319728748;Annual;01/01/80
ZWE;Zimbabwe;NAM;Namibia;Manufacturing;Persons;1988;762,743043;743,847277;1,574647167;1,521325013;Annual;01/01/80
ZWE;Zimbabwe;NAM;Namibia;Manufacturing;Persons;1989;696,3621387;740,8711267;-3,709082338;-3,29212896;Annual;01/01/80
ZWE;Zimbabwe;NAM;Namibia;Manufacturing;Persons;1990;592,8141622;606,6296287;-1,151288877;-1,402099403;Annual;01/01/80
ZWE;Zimbabwe;NAM;Namibia;Manufacturing;Persons;1991;546,3977354;584,4045787;-3,167236945;-2,513430637;Annual;01/01/80
ZWE;Zimbabwe;NAM;Namibia;Manufacturing;Persons;1992;733,2746584;832,9611917;-8,307211112;-7,835959015;Annual;01/01/80
ZWE;Zimbabwe;NAM;Namibia;Manufacturing;Persons;1993;806,3666843;859,0106798;-4,38699962;-3,796620001;Annual;01/01/80
ZWE;Zimbabwe;NAM;Namibia;Manufacturing;Persons;1994;855,3785428;891,8644508;-3,040492332;-2,793824987;Annual;01/01/80
ZWE;Zimbabwe;NAM;Namibia;Manufacturing;Persons;1995;500,946024;518,732395;-1,482197585;-0,942812035;Annual;01/01/80
ZWE;Zimbabwe;NAM;Namibia;Manufacturing;Persons;1996;643,6765647;700,0853597;-4,700732913;-4,192896019;Annual;01/01/80
ZWE;Zimbabwe;NAM;Namibia;Manufacturing;Persons;1997;619,5574417;656,8516798;-3,107853179;-2,93271477;Annual;01/01/80
ZWE;Zimbabwe;NAM;Namibia;Manufacturing;Persons;1998;707,8954735;751,0759187;-3,598370431;-3,681926199;Annual;01/01/80
ZWE;Zimbabwe;NAM;Namibia;Manufacturing;Persons;1999;798,5691548;757,7482051;3,401745807;2,988652634;Annual;01/01/80
ZWE;Zimbabwe;NAM;Namibia;Manufacturing;Persons;2000;758,6377311;904,780046;-12,17852624;-11,47316528;Annual;01/01/80
ZWE;Zimbabwe;NAM;Namibia;Manufacturing;Persons;2001;834,8559397;909,2249728;-6,197419427;-5,047155339;Annual;01/01/80
ZWE;Zimbabwe;NAM;Namibia;Manufacturing;Persons;2002;817,5899406;890,4460212;-6,071340051;-5,302799132;Annual;01/01/80
ZWE;Zimbabwe;NAM;Namibia;Manufacturing;Persons;2003;603,1520472;692,3187519;-7,43055872;-7,164752805;Annual;01/01/80
ZWE;Zimbabwe;NAM;Namibia;Manufacturing;Persons;2004;667,2969431;644,3010581;1,916323756;1,583170679;Annual;01/01/80
ZWE;Zimbabwe;NAM;Namibia;Manufacturing;Persons;2005;833,8095082;941,1444922;-8,944581995;-8,148781492;Annual;01/01/80
ZWE;Zimbabwe;NAM;Namibia;Manufacturing;Persons;2006;761,5186788;776,0962821;-1,214800274;-1,148977087;Annual;01/01/80
ZWE;Zimbabwe;NAM;Namibia;Manufacturing;Persons;2007;628,4721359;706,6308749;-6,513228252;-5,564748545;Annual;01/01/80
ZWE;Zimbabwe;NAM;Namibia;Manufacturing;Persons;2008;805,9157067;876,5265874;-5,884240055;-6,236980837;Annual;01/01/80
ZWE;Zimbabwe;NAM;Namibia;Manufacturing;Persons;2009;674,1684333;764,1740168;-7,500465292;-6,702964458;Annual;01/01/80
ZWE;Zimbabwe;NAM;Namibia;Manufacturing;Persons;2010;574,039745;643,3140975;-5,772862702;-5,361495231;Annual;01/01/80
ZWE;Zimbabwe;NAM;Namibia;Manufacturing;Persons;2011;669,9144012;629,1355865;3,398234554;3,022544777;Annual;01/01/80
ZWE;Zimbabwe;NAM;Namibia;Manufacturing;Persons;2012;817,3530103;944,4360334;-10,59025193;-10,15458424;Annual;01/01/80
ZWE;Zimbabwe;NAM;Namibia;Manufacturing;Persons;2013;627,926781;658,0629989;-2,511351487;-2,955535143;Annual;01/01/80
ZWE;Zimbabwe;NAM;Namibia;Manufacturing;Persons;2014;807,2562275;878,8854636;-5,969103007;-5,391458988;Annual;01/01/80
ZWE;Zimbabwe;NAM;Namibia;Manufacturing;Persons;2015;544,9798861;592,2166037;-3,936393135;-3,631188053;Annual;01/01/80
ZWE;Zimbabwe;NAM;Namibia;Manufacturing;Persons;2016;771,4598423;742,8973285;2,38020948;2,073758489;Annual;01/01/80
ZWE;Zimbabwe;NAM;Namibia;Manufacturing;Persons;2017;675,0805587;643,421856;2,638225223;2,474357049;Annual;01/01/80
ZWE;Zimbabwe;NAM;Namibia;Manufacturing;Persons;2018;672,2434067;721,8304329;-4,132252189;-3,357272062;Annual;01/01/80
ZWE;Zimbabwe;NAM;Namibia;Manufacturing;Persons;2019;547,1647521;597,7821715;-4,218118284;-3,987429789;Annual;01/01/80
ZWE;Zimbabwe;NAM;Namibia;Manufacturing;Persons;2020;723,4559387;770,4605342;-3,917049627;-3,412404662;Annual;01/01/80
ZWE;Zimbabwe;NAM;Namibia;Manufacturing;Persons;2021;655,5688065;733,4636054;-6,491233239;-5,754997459;Annual;01/01/80
ZWE;Zimbabwe;NAM;Namibia;Manufacturing;Persons;2022;800,9835263;810,8219752;-0,819870739;-1,154244273;Annual;01/01/80
ZWE;Zimbabwe;NAM;Namibia;Manufacturing;Persons;2023;503,7451625;554,8132292;-4,255672223;-3,627512808;Annual;01/01/80
ZWE;Zimbabwe;NAM;Namibia;Manufacturing;Persons;2024;835,5491303;876,185218;-3,386340646;-2,873554529;Annual;01/01/80
ZWE;Zimbabwe;NAM;Namibia;Manufacturing;Persons;2025;659,508817;765,3352267;-8,818867473;-7,797403511;Annual;01/01/80
ZWE;Zimbabwe;NAM;Namibia;Manufacturing;Persons;2026;454,5170122;471,207942;-1,85454775;-2,271029579;Annual;01/01/80
ZWE;Zimbabwe;NAM;Namibia;Mining;Persons;1980;674,8042254;748,2031555;-6,11657751;-5,730720245;Annual;01/01/80
ZWE;Zimbabwe;NAM;Namibia;Mining;Persons;1981;844,1023856;972,6031981;-10,70840104;-9,457544959;Annual;01/01/80
ZWE;Zimbabwe;NAM;Namibia;Mining;Persons;1982;548,641465;631,9975526;-6,94634063;-6,272194204;Annual;01/01/80
ZWE;Zimbabwe;NAM;Namibia;Mining;Persons;1983;711,9348531;697,9041753;1,169223151;0,920928757;Annual;01/01/80
ZWE;Zimbabwe;NAM;Namibia;Mining;Persons;1984;708,5849011;722,1520445;-1,130595281;-0,941585103;Annual;01/01/80
ZWE;Zimbabwe;NAM;Namibia;Mining;Persons;1985;564,2936415;564,5564573;-0,021901311;0,302640151;Annual;01/01/80
ZWE;Zimbabwe;NAM;Namibia;Mining;Persons;1986;892,9342269;990,098228;-8,097000091;-7,780029759;Annual;01/01/80
ZWE;Zimbabwe;NAM;Namibia;Mining;Persons;1987;732,4947394;790,8452822;-4,862545228;-4,384020529;Annual;01/01/80
ZWE;Zimbabwe;NAM;Namibia;Mining;Persons;1988;621,2750105;603,4057022;1,489109021;0,857583862;Annual;01/01/80
ZWE;Zimbabwe;NAM;Namibia;Mining;Persons;1989;730,9872053;843,9193745;-9,411014097;-9,091516865;Annual;01/01/80
ZWE;Zimbabwe;NAM;Namibia;Mining;Persons;1990;569,6580693;504,833639;5,402035857;5,226261822;Annual;01/01/80
ZWE;Zimbabwe;NAM;Namibia;Mining;Persons;1991;563,5867098;600,5384838;-3,079314495;-2,822445353;Annual;01/01/80
ZWE;Zimbabwe;NAM;Namibia;Mining;Persons;1992;822,5344114;888,3829682;-5,487379733;-5,002500564;Annual;01/01/80
ZWE;Zimbabwe;NAM;Namibia;Mining;Persons;1993;675,7194944;791,1798277;-9,621694447;-8,901298546;Annual;01/01/80
ZWE;Zimbabwe;NAM;Namibia;Mining;Persons;1994;717,201065;732,0799435;-1,239906545;-1,118843462;Annual;01/01/80
ZWE;Zimbabwe;NAM;Namibia;Mining;Persons;1995;597,5773472;672,2509998;-6,222804381;-6,29864158;Annual;01/01/80
ZWE;Zimbabwe;NAM;Namibia;Mining;Persons;1996;732,8163423;684,1284655;4,057323066;3,474447818;Annual;01/01/80
ZWE;Zimbabwe;NAM;Namibia;Mining;Persons;1997;777,9627197;898,9750566;-10,0843614;-8,743932796;Annual;01/01/80
ZWE;Zimbabwe;NAM;Namibia;Mining;Persons;1998;689,7707746;796,5758099;-8,900419608;-7,318468207;Annual;01/01/80
ZWE;Zimbabwe;NAM;Namibia;Mining;Persons;1999;633,6244982;716,4624488;-6,903162549;-5,75822651;Annual;01/01/80
ZWE;Zimbabwe;NAM;Namibia;Mining;Persons;2000;743,128445;889,5655367;-12,20309098;-11,21348517;Annual;01/01/80
ZWE;Zimbabwe;NAM;Namibia;Mining;Persons;2001;695,1847816;695,2750457;-0,007522012;-0,121815019;Annual;01/01/80
ZWE;Zimbabwe;NAM;Namibia;Mining;Persons;2002;687,37705;705,3416435;-1,497049463;-1,144288048;Annual;01/01/80
ZWE;Zimbabwe;NAM;Namibia;Mining;Persons;2003;739,8417122;841,422647;-8,465077898;-7,048650171;Annual;01/01/80
ZWE;Zimbabwe;NAM;Namibia;Mining;Persons;2004;940,9883785;823,5914585;9,783076667;8,83896771;Annual;01/01/80
ZWE;Zimbabwe;NAM;Namibia;Mining;Persons;2005;546,0716195;571,6672345;-2,132967916;-2,039102408;Annual;01/01/80
ZWE;Zimbabwe;NAM;Namibia;Mining;Persons;2006;567,4934315;514,5299395;4,413624339;3,713725163;Annual;01/01/80
ZWE;Zimbabwe;NAM;Namibia;Mining;Persons;2007;770,0167746;828,9584092;-4,911802885;-4,236396984;Annual;01/01/80
ZWE;Zimbabwe;NAM;Namibia;Mining;Persons;2008;829,9520554;852,3962375;-1,870348511;-1,552478648;Annual;01/01/80
ZWE;Zimbabwe;NAM;Namibia;Mining;Persons;2009;710,6767427;752,3715596;-3,474568075;-2,955211544;Annual;01/01/80
ZWE;Zimbabwe;NAM;Namibia;Mining;Persons;2010;815,254116;912,1038542;-8,070811521;-7,677326703;Annual;01/01/80
ZWE;Zimbabwe;NAM;Namibia;Mining;Persons;2011;618,7816152;606,2416907;1,044993708;1,164848107;Annual;01/01/80
ZWE;Zimbabwe;NAM;Namibia;Mining;Persons;2012;587,3396545;643,1377283;-4,649839486;-3,59530991;Annual;01/01/80
ZWE;Zimbabwe;NAM;Namibia;Mining;Persons;2013;727,4547543;832,3452554;-8,74087509;-7,826696976;Annual;01/01/80
ZWE;Zimbabwe;NAM;Namibia;Mining;Persons;2014;567,9428696;564,6639907;0,273239912;-0,011153925;Annual;01/01/80
ZWE;Zimbabwe;NAM;Namibia;Mining;Persons;2015;797,5253462;807,8042432;-0,85657475;0,375598844;Annual;01/01/80
ZWE;Zimbabwe;NAM;Namibia;Mining;Persons;2016;777,7402151;848,6860933;-5,912156512;-5,402711186;Annual;01/01/80
ZWE;Zimbabwe;NAM;Namibia;Mining;Persons;2017;928,2220724;981,0700836;-4,404000936;-4,615325492;Annual;01/01/80
ZWE;Zimbabwe;NAM;Namibia;Mining;Persons;2018;760,1392524;749,6180054;0,876770586;1,235052615;Annual;01/01/80
ZWE;Zimbabwe;NAM;Namibia;Mining;Persons;2019;760,50194;788,7445798;-2,353553317;-2,48527308;Annual;01/01/80
ZWE;Zimbabwe;NAM;Namibia;Mining;Persons;2020;860,7540594;911,0186564;-4,18871642;-2,952860997;Annual;01/01/80
ZWE;Zimbabwe;NAM;Namibia;Mining;Persons;2021;817,2316432;786,5035081;2,560677927;1,984991476;Annual;01/01/80
ZWE;Zimbabwe;NAM;Namibia;Mining;Persons;2022;753,6660289;792,1173279;-3,204274918;-3,384889438;Annual;01/01/80
ZWE;Zimbabwe;NAM;Namibia;Mining;Persons;2023;688,6729949;814,186011;-10,459418;-10,22593884;Annual;01/01/80
ZWE;Zimbabwe;NAM;Namibia;Mining;Persons;2024;494,9848787;507,9962641;-1,08428212;-1,424387626;Annual;01/01/80
ZWE;Zimbabwe;NAM;Namibia;Mining;Persons;2025;656,809901;734,2107629;-6,450071822;-5,864914274;Annual;01/01/80
ZWE;Zimbabwe;NAM;Namibia;Mining;Persons;2026;519,1225787;550,3272069;-3,467180915;-3,422671216;Annual;01/01/80
ZWE;Zimbabwe;NAM;Namibia;Other;Persons;1980;646,3578408;768,7733616;-10,2012934;-9,649683144;Annual;01/01/80
ZWE;Zimbabwe;NAM;Namibia;Other;Persons;1981;763,7569972;818,020028;-4,521919228;-3,799393362;Annual;01/01/80
ZWE;Zimbabwe;NAM;Namibia;Other;Persons;1982;672,6480904;708,5393066;-2,990934688;-2,727257697;Annual;01/01/80
ZWE;Zimbabwe;NAM;Namibia;Other;Persons;1983;633,5645625;742,6108916;-9,087194095;-7,334205084;Annual;01/01/80
ZWE;Zimbabwe;NAM;Namibia;Other;Persons;1984;744,602645;866,2318573;-10,13576769;-9,940413153;Annual;01/01/80
ZWE;Zimbabwe;NAM;Namibia;Other;Persons;1985;616,8491673;643,5151127;-2,22216212;-1,596250414;Annual;01/01/80
ZWE;Zimbabwe;NAM;Namibia;Other;Persons;1986;811,8657854;870,7393138;-4,906127366;-3,981865843;Annual;01/01/80
ZWE;Zimbabwe;NAM;Namibia;Other;Persons;1987;784,0787207;842,4711423;-4,866035135;-3,93030799;Annual;01/01/80
ZWE;Zimbabwe;NAM;Namibia;Other;Persons;1988;711,9906985;639,0438193;6,078906598;4,95952434;Annual;01/01/80
ZWE;Zimbabwe;NAM;Namibia;Other;Persons;1989;734,0826319;767,9746853;-2,824337779;-2,739516257;Annual;01/01/80
ZWE;Zimbabwe;NAM;Namibia;Other;Persons;1990;790,8034324;720,244189;5,879936946;5,083270655;Annual;01/01/80
ZWE;Zimbabwe;NAM;Namibia;Other;Persons;1991;672,1954099;727,412451;-4,601420097;-3,914035556;Annual;01/01/80
ZWE;Zimbabwe;NAM;Namibia;Other;Persons;1992;695,1030557;730,752538;-2,970790198;-2,560532068;Annual;01/01/80
ZWE;Zimbabwe;NAM;Namibia;Other;Persons;1993;539,1640455;610,7660262;-5,966831724;-5,426842923;Annual;01/01/80
ZWE;Zimbabwe;NAM;Namibia;Other;Persons;1994;543,6764244;560,831861;-1,429619717;-1,368739704;Annual;01/01/80
ZWE;Zimbabwe;NAM;Namibia;Other;Persons;1995;581,5537539;683,7995877;-8,520486153;-7,920890862;Annual;01/01/80
ZWE;Zimbabwe;NAM;Namibia;Other;Persons;1996;924,030916;964,0670468;-3,336344232;-2,747635514;Annual;01/01/80
ZWE;Zimbabwe;NAM;Namibia;Other;Persons;1997;831,969659;880,8694273;-4,074980694;-3,764578261;Annual;01/01/80
ZWE;Zimbabwe;NAM;Namibia;Other;Persons;1998;767,9697025;847,3777159;-6,617334447;-6,063273564;Annual;01/01/80
ZWE;Zimbabwe;NAM;Namibia;Other;Persons;1999;909,3301778;1034,282623;-10,41270377;-8,796133172;Annual;01/01/80
ZWE;Zimbabwe;NAM;Namibia;Other;Persons;2000;464,7284174;470,2930553;-0,463719831;-0,684220997;Annual;01/01/80
ZWE;Zimbabwe;NAM;Namibia;Other;Persons;2001;628,1524898;680,4015919;-4,354091846;-3,76695904;Annual;01/01/80
ZWE;Zimbabwe;NAM;Namibia;Other;Persons;2002;583,0184971;612,9478959;-2,494116572;-2,616767573;Annual;01/01/80
ZWE;Zimbabwe;NAM;Namibia;Other;Persons;2003;751,3524925;820,6289178;-5,773035444;-5,493853311;Annual;01/01/80
ZWE;Zimbabwe;NAM;Namibia;Other;Persons;2004;803,518978;813,5128019;-0,832818655;-0,329181627;Annual;01/01/80
ZWE;Zimbabwe;NAM;Namibia;Other;Persons;2005;695,5860077;696,7391013;-0,096091127;-0,095593269;Annual;01/01/80
ZWE;Zimbabwe;NAM;Namibia;Other;Persons;2006;936,6649919;1134,055651;-16,44922157;-14,85399431;Annual;01/01/80
ZWE;Zimbabwe;NAM;Namibia;Other;Persons;2007;632,0336479;689,3231553;-4,774125621;-4,666720396;Annual;01/01/80
ZWE;Zimbabwe;NAM;Namibia;Other;Persons;2008;587,0174135;642,9064607;-4,657420598;-4,513084728;Annual;01/01/80
ZWE;Zimbabwe;NAM;Namibia;Other;Persons;2009;974,758392;971,3562228;0,283514096;0,539731627;Annual;01/01/80
ZWE;Zimbabwe;NAM;Namibia;Other;Persons;2010;607,3109833;665,4980384;-4,848921261;-3,837094211;Annual;01/01/80
ZWE;Zimbabwe;NAM;Namibia;Other;Persons;2011;669,310908;661,4724901;0,653201493;0,754970989;Annual;01/01/80
ZWE;Zimbabwe;NAM;Namibia;Other;Persons;2012;483,9589332;571,7825736;-7,318636699;-6,80038;Annual;01/01/80
ZWE;Zimbabwe;NAM;Namibia;Other;Persons;2013;600,7018684;674,9569949;-6,187927209;-4,547140798;Annual;01/01/80
ZWE;Zimbabwe;NAM;Namibia;Other;Persons;2014;751,9588678;812,0965592;-5,01147428;-3,862157165;Annual;01/01/80
ZWE;Zimbabwe;NAM;Namibia;Other;Persons;2015;753,5142887;741,0518667;1,038535171;0,726712084;Annual;01/01/80
ZWE;Zimbabwe;NAM;Namibia;Other;Persons;2016;580,3928382;656,2331524;-6,320026188;-5,762806856;Annual;01/01/80
ZWE;Zimbabwe;NAM;Namibia;Other;Persons;2017;685,2382986;774,7392991;-7,458416706;-6,451841845;Annual;01/01/80
ZWE;Zimbabwe;NAM;Namibia;Other;Persons;2018;847,8390615;973,485357;-10,47052462;-9,835614026;Annual;01/01/80
ZWE;Zimbabwe;NAM;Namibia;Other;Persons;2019;799,1481629;777,8069516;1,778434275;1,1317908;Annual;01/01/80
ZWE;Zimbabwe;NAM;Namibia;Other;Persons;2020;642,1902263;648,6347444;-0,537043181;-0,429060769;Annual;01/01/80
ZWE;Zimbabwe;NAM;Namibia;Other;Persons;2021;642,689274;685,9299042;-3,603385845;-3,19511173;Annual;01/01/80
ZWE;Zimbabwe;NAM;Namibia;Other;Persons;2022;903,5981961;953,2530754;-4,137906609;-4,485360538;Annual;01/01/80
ZWE;Zimbabwe;NAM;Namibia;Other;Persons;2023;652,3076255;756,7019549;-8,699527446;-7,288152439;Annual;01/01/80
ZWE;Zimbabwe;NAM;Namibia;Other;Persons;2024;840,5408557;927,0427425;-7,208490559;-6,369819415;Annual;01/01/80
ZWE;Zimbabwe;NAM;Namibia;Other;Persons;2025;706,0929493;724,4860411;-1,532757649;-0,901966708;Annual;01/01/80
ZWE;Zimbabwe;NAM;Namibia;Other;Persons;2026;447,5832454;493,5229928;-5,104416379;-4,240252886;Annual;01/01/80
ZWE;Zimbabwe;NAM;Namibia;Public Services;Persons;1980;687,08127;709,8777139;-1,899703651;-1,775075862;Annual;01/01/80
ZWE;Zimbabwe;NAM;Namibia;Public Services;Persons;1981;678,9082323;705,2991617;-2,199244119;-1,727231626;Annual;01/01/80
ZWE;Zimbabwe;NAM;Namibia;Public Services;Persons;1982;619,5750319;643,9505006;-2,031289062;-1,828041347;Annual;01/01/80
ZWE;Zimbabwe;NAM;Namibia;Public Services;Persons;1983;723,1136266;730,7110279;-0,633116779;-0,48235054;Annual;01/01/80
ZWE;Zimbabwe;NAM;Namibia;Public Services;Persons;1984;839,4761064;986,8110267;-12,27791003;-11,1723603;Annual;01/01/80
ZWE;Zimbabwe;NAM;Namibia;Public Services;Persons;1985;619,4647479;595,7422038;1,97687868;1,627272446;Annual;01/01/80
ZWE;Zimbabwe;NAM;Namibia;Public Services;Persons;1986;607,8260233;656,2522941;-4,035522566;-3,914404171;Annual;01/01/80
ZWE;Zimbabwe;NAM;Namibia;Public Services;Persons;1987;709,4079349;803,6217558;-7,851151742;-6,737523104;Annual;01/01/80
ZWE;Zimbabwe;NAM;Namibia;Public Services;Persons;1988;867,4347097;936,6548207;-5,768342576;-4,640689307;Annual;01/01/80
ZWE;Zimbabwe;NAM;Namibia;Public Services;Persons;1989;793,9808002;831,3091908;-3,110699218;-3,20138365;Annual;01/01/80
ZWE;Zimbabwe;NAM;Namibia;Public Services;Persons;1990;759,2749126;809,4854402;-4,184210636;-3,780904312;Annual;01/01/80
ZWE;Zimbabwe;NAM;Namibia;Public Services;Persons;1991;884,0326536;916,6572487;-2,71871626;-2,284231428;Annual;01/01/80
ZWE;Zimbabwe;NAM;Namibia;Public Services;Persons;1992;785,5812779;908,8525293;-10,27260428;-9,950822462;Annual;01/01/80
ZWE;Zimbabwe;NAM;Namibia;Public Services;Persons;1993;706,2929468;703,3027051;0,249186808;1,008758835;Annual;01/01/80
ZWE;Zimbabwe;NAM;Namibia;Public Services;Persons;1994;693,0530324;746,3243249;-4,439274375;-4,241663159;Annual;01/01/80
ZWE;Zimbabwe;NAM;Namibia;Public Services;Persons;1995;605,5104284;635,6218843;-2,509287989;-2,006501296;Annual;01/01/80
ZWE;Zimbabwe;NAM;Namibia;Public Services;Persons;1996;809,5478985;940,4582169;-10,9091932;-9,713876305;Annual;01/01/80
ZWE;Zimbabwe;NAM;Namibia;Public Services;Persons;1997;708,326236;748,9253949;-3,383263244;-2,609808139;Annual;01/01/80
ZWE;Zimbabwe;NAM;Namibia;Public Services;Persons;1998;586,9729106;615,5148167;-2,378492174;-1,858842192;Annual;01/01/80
ZWE;Zimbabwe;NAM;Namibia;Public Services;Persons;1999;750,4966223;888,1468222;-11,47084999;-10,47302131;Annual;01/01/80
ZWE;Zimbabwe;NAM;Namibia;Public Services;Persons;2000;746,6726158;800,2844166;-4,467650064;-3,846470905;Annual;01/01/80
ZWE;Zimbabwe;NAM;Namibia;Public Services;Persons;2001;768,21697;856,8883838;-7,389284487;-6,209235178;Annual;01/01/80
ZWE;Zimbabwe;NAM;Namibia;Public Services;Persons;2002;814,9613401;854,083053;-3,260142741;-2,904394395;Annual;01/01/80
ZWE;Zimbabwe;NAM;Namibia;Public Services;Persons;2003;706,5827899;746,0017126;-3,284910224;-2,408472637;Annual;01/01/80
ZWE;Zimbabwe;NAM;Namibia;Public Services;Persons;2004;656,5112345;651,3655059;0,428810716;0,37748613;Annual;01/01/80
ZWE;Zimbabwe;NAM;Namibia;Public Services;Persons;2005;769,2969084;818,5744234;-4,106459583;-3,881222311;Annual;01/01/80
ZWE;Zimbabwe;NAM;Namibia;Public Services;Persons;2006;641,4512894;700,531846;-4,923379716;-5,136472052;Annual;01/01/80
ZWE;Zimbabwe;NAM;Namibia;Public Services;Persons;2007;716,6570671;795,1768206;-6,543312792;-5,539286594;Annual;01/01/80
ZWE;Zimbabwe;NAM;Namibia;Public Services;Persons;2008;843,0851064;923,6505599;-6,713787796;-6,588334172;Annual;01/01/80
ZWE;Zimbabwe;NAM;Namibia;Public Services;Persons;2009;730,7784276;725,4407101;0,444809795;0,365383123;Annual;01/01/80
ZWE;Zimbabwe;NAM;Namibia;Public Services;Persons;2010;614,4279537;564,2167295;4,184268681;3,593448046;Annual;01/01/80
ZWE;Zimbabwe;NAM;Namibia;Public Services;Persons;2011;700,2279212;740,243143;-3,334601817;-3,261676865;Annual;01/01/80
ZWE;Zimbabwe;NAM;Namibia;Public Services;Persons;2012;973,7459369;1011,415107;-3,139097511;-2,96494838;Annual;01/01/80
ZWE;Zimbabwe;NAM;Namibia;Public Services;Persons;2013;578,1556346;610,8632053;-2,725630892;-2,375475615;Annual;01/01/80
ZWE;Zimbabwe;NAM;Namibia;Public Services;Persons;2014;713,3454585;812,7421377;-8,283056602;-7,088948211;Annual;01/01/80
ZWE;Zimbabwe;NAM;Namibia;Public Services;Persons;2015;775,8390207;871,8057264;-7,997225478;-6,712529902;Annual;01/01/80
ZWE;Zimbabwe;NAM;Namibia;Public Services;Persons;2016;775,5123526;899,4121846;-10,324986;-9,380887663;Annual;01/01/80
ZWE;Zimbabwe;NAM;Namibia;Public Services;Persons;2017;774,4987583;800,3137482;-2,151249158;-1,282379909;Annual;01/01/80
ZWE;Zimbabwe;NAM;Namibia;Public Services;Persons;2018;678,8484397;613,3573242;5,457592961;5,281920859;Annual;01/01/80
ZWE;Zimbabwe;NAM;Namibia;Public Services;Persons;2019;588,8883692;564,0706611;2,068142339;1,656827606;Annual;01/01/80
ZWE;Zimbabwe;NAM;Namibia;Public Services;Persons;2020;753,6971018;799,8652997;-3,847349822;-3,604958574;Annual;01/01/80
ZWE;Zimbabwe;NAM;Namibia;Public Services;Persons;2021;755,1970592;842,6469532;-7,287491161;-6,170830447;Annual;01/01/80
ZWE;Zimbabwe;NAM;Namibia;Public Services;Persons;2022;497,8550207;528,3228547;-2,538986163;-2,458505279;Annual;01/01/80
ZWE;Zimbabwe;NAM;Namibia;Public Services;Persons;2023;621,7684624;650,29931;-2,377570634;-2,092366799;Annual;01/01/80
ZWE;Zimbabwe;NAM;Namibia;Public Services;Persons;2024;727,6115539;878,9887264;-12,61476437;-10,88000058;Annual;01/01/80
ZWE;Zimbabwe;NAM;Namibia;Public Services;Persons;2025;625,4319633;625,226024;0,017161601;0,223852134;Annual;01/01/80
ZWE;Zimbabwe;NAM;Namibia;Public Services;Persons;2026;481,2541781;477,5424124;0,412418407;0,121908365;Annual;01/01/80
ZWE;Zimbabwe;NAM;Namibia;Tourism;Persons;1980;599,8606468;677,8133126;-6,496055488;-6,341839061;Annual;01/01/80
ZWE;Zimbabwe;NAM;Namibia;Tourism;Persons;1981;793,2359825;903,2811085;-9,170427165;-7,596983944;Annual;01/01/80
ZWE;Zimbabwe;NAM;Namibia;Tourism;Persons;1982;806,7876201;810,4692924;-0,306806018;0,211285025;Annual;01/01/80
ZWE;Zimbabwe;NAM;Namibia;Tourism;Persons;1983;757,4035126;862,9834295;-8,798326405;-7,969335331;Annual;01/01/80
ZWE;Zimbabwe;NAM;Namibia;Tourism;Persons;1984;893,9217044;885,9115428;0,667513463;0,281608939;Annual;01/01/80
ZWE;Zimbabwe;NAM;Namibia;Tourism;Persons;1985;622,1021054;644,4766344;-1,86454408;-1,04695668;Annual;01/01/80
ZWE;Zimbabwe;NAM;Namibia;Tourism;Persons;1986;733,8459296;847,0587575;-9,434402329;-8,605943881;Annual;01/01/80
ZWE;Zimbabwe;NAM;Namibia;Tourism;Persons;1987;774,7218793;891,7249481;-9,750255738;-7,980243128;Annual;01/01/80
ZWE;Zimbabwe;NAM;Namibia;Tourism;Persons;1988;627,1851988;702,4372355;-6,271003058;-5,718670148;Annual;01/01/80
ZWE;Zimbabwe;NAM;Namibia;Tourism;Persons;1989;733,0245931;800,9454564;-5,660071946;-5,034957009;Annual;01/01/80
ZWE;Zimbabwe;NAM;Namibia;Tourism;Persons;1990;842,268607;945,6761981;-8,617299258;-6,338384146;Annual;01/01/80
ZWE;Zimbabwe;NAM;Namibia;Tourism;Persons;1991;852,4108079;837,4646947;1,24550943;1,394161926;Annual;01/01/80
ZWE;Zimbabwe;NAM;Namibia;Tourism;Persons;1992;645,2817181;595,6709066;4,134234285;3,575809965;Annual;01/01/80
ZWE;Zimbabwe;NAM;Namibia;Tourism;Persons;1993;795,2926006;942,0290638;-12,2280386;-11,13731607;Annual;01/01/80
ZWE;Zimbabwe;NAM;Namibia;Tourism;Persons;1994;704,891637;709,0842755;-0,349386544;0,082595299;Annual;01/01/80
ZWE;Zimbabwe;NAM;Namibia;Tourism;Persons;1995;667,1299301;770,2128587;-8,590244048;-6,957133172;Annual;01/01/80
ZWE;Zimbabwe;NAM;Namibia;Tourism;Persons;1996;552,3931487;594,3601447;-3,497249666;-3,302762805;Annual;01/01/80
ZWE;Zimbabwe;NAM;Namibia;Tourism;Persons;1997;877,4740736;951,4069609;-6,161073942;-5,997334999;Annual;01/01/80
ZWE;Zimbabwe;NAM;Namibia;Tourism;Persons;1998;592,037547;598,6029612;-0,547117852;-0,506628436;Annual;01/01/80
ZWE;Zimbabwe;NAM;Namibia;Tourism;Persons;1999;940,1699532;911,7877894;2,365180316;2,534962128;Annual;01/01/80
ZWE;Zimbabwe;NAM;Namibia;Tourism;Persons;2000;731,6618978;882,1549386;-12,54108673;-11,16476003;Annual;01/01/80
ZWE;Zimbabwe;NAM;Namibia;Tourism;Persons;2001;684,1343573;794,3672694;-9,186076012;-7,85385671;Annual;01/01/80
ZWE;Zimbabwe;NAM;Namibia;Tourism;Persons;2002;822,5056028;900,8465696;-6,528413897;-5,703954702;Annual;01/01/80
ZWE;Zimbabwe;NAM;Namibia;Tourism;Persons;2003;795,1796159;857,1522068;-5,164382577;-4,439366129;Annual;01/01/80
ZWE;Zimbabwe;NAM;Namibia;Tourism;Persons;2004;687,0043195;774,3376062;-7,277773887;-5,632899568;Annual;01/01/80
ZWE;Zimbabwe;NAM;Namibia;Tourism;Persons;2005;717,8048864;790,0269222;-6,018502984;-5,702252277;Annual;01/01/80
ZWE;Zimbabwe;NAM;Namibia;Tourism;Persons;2006;639,9613871;688,9105311;-4,079095335;-3,644101891;Annual;01/01/80
ZWE;Zimbabwe;NAM;Namibia;Tourism;Persons;2007;810,7432402;918,3195183;-8,964689835;-8,521204231;Annual;01/01/80
ZWE;Zimbabwe;NAM;Namibia;Tourism;Persons;2008;794,5738744;833,7157892;-3,261826231;-3,211154766;Annual;01/01/80
ZWE;Zimbabwe;NAM;Namibia;Tourism;Persons;2009;805,1635474;876,1596436;-5,916341348;-5,422417609;Annual;01/01/80
ZWE;Zimbabwe;NAM;Namibia;Tourism;Persons;2010;671,4252369;687,1477989;-1,3102135;-1,471894858;Annual;01/01/80
ZWE;Zimbabwe;NAM;Namibia;Tourism;Persons;2011;767,7077448;738,3552672;2,446039802;1,931593133;Annual;01/01/80
ZWE;Zimbabwe;NAM;Namibia;Tourism;Persons;2012;636,2467165;703,0464844;-5,566647324;-4,237550223;Annual;01/01/80
ZWE;Zimbabwe;NAM;Namibia;Tourism;Persons;2013;648,1308759;713,1126752;-5,415149941;-4,494660112;Annual;01/01/80
ZWE;Zimbabwe;NAM;Namibia;Tourism;Persons;2014;745,3025578;844,6944094;-8,282654304;-7,134433782;Annual;01/01/80
ZWE;Zimbabwe;NAM;Namibia;Tourism;Persons;2015;644,8475646;656,3950511;-0,962290538;-0,824261421;Annual;01/01/80
ZWE;Zimbabwe;NAM;Namibia;Tourism;Persons;2016;855,488017;972,9488785;-9,788405128;-9,584512682;Annual;01/01/80
ZWE;Zimbabwe;NAM;Namibia;Tourism;Persons;2017;736,172106;734,3035919;0,155709513;0,155485943;Annual;01/01/80
ZWE;Zimbabwe;NAM;Namibia;Tourism;Persons;2018;770,4211321;822,1399741;-4,309903502;-3,814510722;Annual;01/01/80
ZWE;Zimbabwe;NAM;Namibia;Tourism;Persons;2019;653,2811884;753,3174759;-8,33635729;-7,381141301;Annual;01/01/80
ZWE;Zimbabwe;NAM;Namibia;Tourism;Persons;2020;776,2635509;863,6913035;-7,285646053;-7,478252196;Annual;01/01/80
ZWE;Zimbabwe;NAM;Namibia;Tourism;Persons;2021;839,2132926;884,075826;-3,738544451;-3,617751364;Annual;01/01/80
ZWE;Zimbabwe;NAM;Namibia;Tourism;Persons;2022;950,6424362;1026,636291;-6,332821253;-6,073192538;Annual;01/01/80
ZWE;Zimbabwe;NAM;Namibia;Tourism;Persons;2023;829,193133;885,0466575;-4,654460377;-3,835771868;Annual;01/01/80
ZWE;Zimbabwe;NAM;Namibia;Tourism;Persons;2024;789,5165191;774,4833883;1,252760897;1,484529652;Annual;01/01/80
ZWE;Zimbabwe;NAM;Namibia;Tourism;Persons;2025;751,959112;745,4069006;0,546017617;1,202507337;Annual;01/01/80
ZWE;Zimbabwe;NAM;Namibia;Tourism;Persons;2026;531,7763772;582,241768;-5,607265641;-4,629689579;Annual;01/01/80
ZWE;Zimbabwe;NAM;Namibia;Trade;Persons;1980;665,5288068;650,6405141;1,240691059;1,284800181;Annual;01/01/80
ZWE;Zimbabwe;NAM;Namibia;Trade;Persons;1981;816,4728998;837,7167326;-1,770319397;-1,58622605;Annual;01/01/80
ZWE;Zimbabwe;NAM;Namibia;Trade;Persons;1982;464,378085;451,5261909;1,070991181;0,802031554;Annual;01/01/80
ZWE;Zimbabwe;NAM;Namibia;Trade;Persons;1983;722,8334848;839,3298291;-9,708028686;-9,492551746;Annual;01/01/80
ZWE;Zimbabwe;NAM;Namibia;Trade;Persons;1984;723,5059172;774,2234194;-4,226458515;-3,538044673;Annual;01/01/80
ZWE;Zimbabwe;NAM;Namibia;Trade;Persons;1985;728,8646244;762,7806601;-2,826336315;-2,539219285;Annual;01/01/80
ZWE;Zimbabwe;NAM;Namibia;Trade;Persons;1986;579,831448;606,7732972;-2,245154103;-2,272660276;Annual;01/01/80
ZWE;Zimbabwe;NAM;Namibia;Trade;Persons;1987;801,3475118;907,1768226;-8,819109234;-8,788534279;Annual;01/01/80
ZWE;Zimbabwe;NAM;Namibia;Trade;Persons;1988;831,7395175;831,0967036;0,053567819;-0,301439705;Annual;01/01/80
ZWE;Zimbabwe;NAM;Namibia;Trade;Persons;1989;871,0098808;893,2523888;-1,853542336;-1,333399275;Annual;01/01/80
ZWE;Zimbabwe;NAM;Namibia;Trade;Persons;1990;666,0530635;711,0258032;-3,747728307;-3,612998677;Annual;01/01/80
ZWE;Zimbabwe;NAM;Namibia;Trade;Persons;1991;699,2506482;712,8378307;-1,132265209;-1,116909192;Annual;01/01/80
ZWE;Zimbabwe;NAM;Namibia;Trade;Persons;1992;567,8553579;658,662825;-7,567288923;-6,020068766;Annual;01/01/80
ZWE;Zimbabwe;NAM;Namibia;Trade;Persons;1993;678,719999;740,8789174;-5,179909867;-3,901003459;Annual;01/01/80
ZWE;Zimbabwe;NAM;Namibia;Trade;Persons;1994;705,3752833;646,3485094;4,918897824;3,582751937;Annual;01/01/80
ZWE;Zimbabwe;NAM;Namibia;Trade;Persons;1995;595,215198;602,8029169;-0,63230991;-0,577554902;Annual;01/01/80
ZWE;Zimbabwe;NAM;Namibia;Trade;Persons;1996;721,663326;774,8714007;-4,434006225;-3,787404767;Annual;01/01/80
ZWE;Zimbabwe;NAM;Namibia;Trade;Persons;1997;527,719435;603,9472982;-6,352321932;-5,72608713;Annual;01/01/80
ZWE;Zimbabwe;NAM;Namibia;Trade;Persons;1998;811,0926033;967,9946464;-13,07517026;-13,24213302;Annual;01/01/80
ZWE;Zimbabwe;NAM;Namibia;Trade;Persons;1999;792,2535712;831,5970002;-3,278619088;-2,914523718;Annual;01/01/80
ZWE;Zimbabwe;NAM;Namibia;Trade;Persons;2000;693,3842526;728,490663;-2,925534198;-2,614287077;Annual;01/01/80
ZWE;Zimbabwe;NAM;Namibia;Trade;Persons;2001;672,2302146;699,1086985;-2,239873659;-2,041853443;Annual;01/01/80
ZWE;Zimbabwe;NAM;Namibia;Trade;Persons;2002;842,9358248;961,2063977;-9,85588108;-9,354438966;Annual;01/01/80
ZWE;Zimbabwe;NAM;Namibia;Trade;Persons;2003;529,7222213;517,9914015;0,977568315;0,820496195;Annual;01/01/80
ZWE;Zimbabwe;NAM;Namibia;Trade;Persons;2004;699,3902057;773,4217726;-6,169297238;-5,844552203;Annual;01/01/80
ZWE;Zimbabwe;NAM;Namibia;Trade;Persons;2005;811,7223877;781,6339983;2,507365784;2,485057202;Annual;01/01/80
ZWE;Zimbabwe;NAM;Namibia;Trade;Persons;2006;670,9362825;643,3089537;2,302277401;2,137492004;Annual;01/01/80
ZWE;Zimbabwe;NAM;Namibia;Trade;Persons;2007;800,0962806;815,5541406;-1,288154997;-1,163183272;Annual;01/01/80
ZWE;Zimbabwe;NAM;Namibia;Trade;Persons;2008;771,7630507;790,3504714;-1,548951724;-1,427317622;Annual;01/01/80
ZWE;Zimbabwe;NAM;Namibia;Trade;Persons;2009;947,1404134;940,6855345;0,537906578;-0,077137052;Annual;01/01/80
ZWE;Zimbabwe;NAM;Namibia;Trade;Persons;2010;690,6809827;720,227445;-2,462205193;-2,268848343;Annual;01/01/80
ZWE;Zimbabwe;NAM;Namibia;Trade;Persons;2011;524,9584189;605,4657102;-6,708940945;-5,248972446;Annual;01/01/80
ZWE;Zimbabwe;NAM;Namibia;Trade;Persons;2012;798,7723265;799,8609584;-0,090719328;-0,048474283;Annual;01/01/80
ZWE;Zimbabwe;NAM;Namibia;Trade;Persons;2013;601,9233478;691,4551379;-7,460982513;-6,248434724;Annual;01/01/80
ZWE;Zimbabwe;NAM;Namibia;Trade;Persons;2014;790,8141601;861,8504036;-5,919686959;-5,497737756;Annual;01/01/80
ZWE;Zimbabwe;NAM;Namibia;Trade;Persons;2015;690,7325874;725,5541282;-2,901795066;-3,125348367;Annual;01/01/80
ZWE;Zimbabwe;NAM;Namibia;Trade;Persons;2016;789,6817055;848,9629732;-4,940105645;-4,410118011;Annual;01/01/80
ZWE;Zimbabwe;NAM;Namibia;Trade;Persons;2017;731,5935288;803,8168438;-6,018609589;-5,743503261;Annual;01/01/80
ZWE;Zimbabwe;NAM;Namibia;Trade;Persons;2018;610,0264625;571,1844118;3,236837559;2,835999984;Annual;01/01/80
ZWE;Zimbabwe;NAM;Namibia;Trade;Persons;2019;819,4668698;981,61612;-13,51243752;-12,66626884;Annual;01/01/80
ZWE;Zimbabwe;NAM;Namibia;Trade;Persons;2020;708,673505;707,5473137;0,093849278;-0,585798793;Annual;01/01/80
ZWE;Zimbabwe;NAM;Namibia;Trade;Persons;2021;671,7583757;732,3758541;-5,051456535;-4,171603138;Annual;01/01/80
ZWE;Zimbabwe;NAM;Namibia;Trade;Persons;2022;826,9934957;816,4191193;0,881198033;0,336029546;Annual;01/01/80
ZWE;Zimbabwe;NAM;Namibia;Trade;Persons;2023;655,5177598;738,0465359;-6,877398007;-5,376617559;Annual;01/01/80
ZWE;Zimbabwe;NAM;Namibia;Trade;Persons;2024;624,3606685;626,5636936;-0,183585429;0,173266431;Annual;01/01/80
ZWE;Zimbabwe;NAM;Namibia;Trade;Persons;2025;757,3967496;850,3952788;-7,749877429;-6,968964555;Annual;01/01/80
ZWE;Zimbabwe;NAM;Namibia;Trade;Persons;2026;507,2132716;497,4570464;1,084025028;0,58877288;Annual;01/01/80
ZWE;Zimbabwe;NAM;Namibia;Transport;Persons;1980;812,2153637;907,207006;-7,915970187;-6,946053947;Annual;01/01/80
ZWE;Zimbabwe;NAM;Namibia;Transport;Persons;1981;676,4626689;792,1080183;-9,637112448;-9,070505788;Annual;01/01/80
ZWE;Zimbabwe;NAM;Namibia;Transport;Persons;1982;723,8412873;833,3699961;-9,127392403;-8,504256231;Annual;01/01/80
ZWE;Zimbabwe;NAM;Namibia;Transport;Persons;1983;599,9190551;641,0445375;-3,427123532;-2,939576094;Annual;01/01/80
ZWE;Zimbabwe;NAM;Namibia;Transport;Persons;1984;570,0326017;544,826282;2,100526645;1,970644592;Annual;01/01/80
ZWE;Zimbabwe;NAM;Namibia;Transport;Persons;1985;890,980332;977,4155079;-7,202931326;-6,559486111;Annual;01/01/80
ZWE;Zimbabwe;NAM;Namibia;Transport;Persons;1986;749,9664661;774,4475219;-2,040087981;-1,886394517;Annual;01/01/80
ZWE;Zimbabwe;NAM;Namibia;Transport;Persons;1987;875,4408899;939,4259776;-5,332090641;-3,984851927;Annual;01/01/80
ZWE;Zimbabwe;NAM;Namibia;Transport;Persons;1988;597,8672118;595,3377378;0,210789496;0,388508235;Annual;01/01/80
ZWE;Zimbabwe;NAM;Namibia;Transport;Persons;1989;654,7681724;686,1456231;-2,614787561;-2,486635702;Annual;01/01/80
ZWE;Zimbabwe;NAM;Namibia;Transport;Persons;1990;675,933624;771,0860272;-7,929366933;-7,142214269;Annual;01/01/80
ZWE;Zimbabwe;NAM;Namibia;Transport;Persons;1991;755,9916858;876,4974347;-10,04214575;-9,112099936;Annual;01/01/80
ZWE;Zimbabwe;NAM;Namibia;Transport;Persons;1992;671,4673522;661,872717;0,799552929;0,305376064;Annual;01/01/80
ZWE;Zimbabwe;NAM;Namibia;Transport;Persons;1993;757,5363279;786,9679252;-2,452633108;-1,75585902;Annual;01/01/80
ZWE;Zimbabwe;NAM;Namibia;Transport;Persons;1994;813,0643372;737,3963463;6,305665908;5,251514035;Annual;01/01/80
ZWE;Zimbabwe;NAM;Namibia;Transport;Persons;1995;740,7349246;771,8604306;-2,593792161;-2,537850166;Annual;01/01/80
ZWE;Zimbabwe;NAM;Namibia;Transport;Persons;1996;542,2304266;634,3306679;-7,675020112;-6,74345549;Annual;01/01/80
ZWE;Zimbabwe;NAM;Namibia;Transport;Persons;1997;848,0496876;871,3750163;-1,943777391;-1,571708179;Annual;01/01/80
ZWE;Zimbabwe;NAM;Namibia;Transport;Persons;1998;503,0589196;582,4211005;-6,613515073;-6,258335619;Annual;01/01/80
ZWE;Zimbabwe;NAM;Namibia;Transport;Persons;1999;742,3278906;783,6121723;-3,440356809;-2,952951538;Annual;01/01/80
ZWE;Zimbabwe;NAM;Namibia;Transport;Persons;2000;755,9002452;780,1005178;-2,01668938;-2,012496942;Annual;01/01/80
ZWE;Zimbabwe;NAM;Namibia;Transport;Persons;2001;808,3846068;829,0785988;-1,724499329;-1,36110025;Annual;01/01/80
ZWE;Zimbabwe;NAM;Namibia;Transport;Persons;2002;575,2472793;612,9629623;-3,142973579;-2,771712515;Annual;01/01/80
ZWE;Zimbabwe;NAM;Namibia;Transport;Persons;2003;679,0436542;718,5423238;-3,2915558;-3,671291511;Annual;01/01/80
ZWE;Zimbabwe;NAM;Namibia;Transport;Persons;2004;703,7554233;770,2449608;-5,540794793;-5,528817624;Annual;01/01/80
ZWE;Zimbabwe;NAM;Namibia;Transport;Persons;2005;812,7578294;917,5681421;-8,734192723;-7,987796641;Annual;01/01/80
ZWE;Zimbabwe;NAM;Namibia;Transport;Persons;2006;618,6511533;600,4187582;1,519366262;1,462624195;Annual;01/01/80
ZWE;Zimbabwe;NAM;Namibia;Transport;Persons;2007;562,7947798;583,7827069;-1,748993922;-1,888251998;Annual;01/01/80
ZWE;Zimbabwe;NAM;Namibia;Transport;Persons;2008;864,4727824;915,126493;-4,221142546;-4,165346333;Annual;01/01/80
ZWE;Zimbabwe;NAM;Namibia;Transport;Persons;2009;506,1836038;546,8689134;-3,390442473;-3,211108594;Annual;01/01/80
ZWE;Zimbabwe;NAM;Namibia;Transport;Persons;2010;745,7194554;902,4539161;-13,06120505;-11,93377895;Annual;01/01/80
ZWE;Zimbabwe;NAM;Namibia;Transport;Persons;2011;646,8126026;675,9840979;-2,430957944;-1,987611005;Annual;01/01/80
ZWE;Zimbabwe;NAM;Namibia;Transport;Persons;2012;676,3160271;686,3292532;-0,834435508;-0,440080121;Annual;01/01/80
ZWE;Zimbabwe;NAM;Namibia;Transport;Persons;2013;561,2126828;607,9567427;-3,89533832;-3,251455681;Annual;01/01/80
ZWE;Zimbabwe;NAM;Namibia;Transport;Persons;2014;656,6454007;760,6392462;-8,666153796;-7,666396164;Annual;01/01/80
ZWE;Zimbabwe;NAM;Namibia;Transport;Persons;2015;513,8534978;523,5623955;-0,809074804;-0,931181227;Annual;01/01/80
ZWE;Zimbabwe;NAM;Namibia;Transport;Persons;2016;695,999427;812,5081638;-9,709061393;-8,864771943;Annual;01/01/80
ZWE;Zimbabwe;NAM;Namibia;Transport;Persons;2017;711,1619626;674,3494578;3,067708734;3,00970505;Annual;01/01/80
ZWE;Zimbabwe;NAM;Namibia;Transport;Persons;2018;749,0641913;812,542966;-5,289897896;-4,234176817;Annual;01/01/80
ZWE;Zimbabwe;NAM;Namibia;Transport;Persons;2019;652,5028709;723,1734157;-5,889212065;-5,383805309;Annual;01/01/80
ZWE;Zimbabwe;NAM;Namibia;Transport;Persons;2020;866,0144039;976,4370881;-9,201890343;-8,283152193;Annual;01/01/80
ZWE;Zimbabwe;NAM;Namibia;Transport;Persons;2021;638,1019682;683,5000518;-3,783173634;-3,181911244;Annual;01/01/80
ZWE;Zimbabwe;NAM;Namibia;Transport;Persons;2022;611,5803498;625,6573949;-1,173087092;-1,04034219;Annual;01/01/80
ZWE;Zimbabwe;NAM;Namibia;Transport;Persons;2023;540,1945161;594,2718487;-4,506444387;-3,741574869;Annual;01/01/80
ZWE;Zimbabwe;NAM;Namibia;Transport;Persons;2024;691,5192222;732,7419217;-3,435224964;-3,663007713;Annual;01/01/80
ZWE;Zimbabwe;NAM;Namibia;Transport;Persons;2025;590,0431515;593,0442251;-0,250089466;0,392984208;Annual;01/01/80
ZWE;Zimbabwe;NAM;Namibia;Transport;Persons;2026;466,240101;438,3894403;3,094517857;3,18246846;Annual;01/01/80
ZWE;Zimbabwe;USA;United States;Agriculture;Persons;1980;660,1663254;746,4749242;-7,192383239;-7,145747847;Annual;01/01/80
ZWE;Zimbabwe;USA;United States;Agriculture;Persons;1981;626,034623;660,9823464;-2,912310283;-2,84182533;Annual;01/01/80
ZWE;Zimbabwe;USA;United States;Agriculture;Persons;1982;706,7440659;744,0972328;-3,112763909;-3,179408384;Annual;01/01/80
ZWE;Zimbabwe;USA;United States;Agriculture;Persons;1983;537,9545855;623,938543;-7,165329795;-6,050463743;Annual;01/01/80
ZWE;Zimbabwe;USA;United States;Agriculture;Persons;1984;713,2966064;835,258655;-10,16350405;-8,381984028;Annual;01/01/80
ZWE;Zimbabwe;USA;United States;Agriculture;Persons;1985;570,1249799;639,9701116;-5,820427643;-5,591202782;Annual;01/01/80
ZWE;Zimbabwe;USA;United States;Agriculture;Persons;1986;628,1577236;706,5708705;-6,534428907;-6,297370241;Annual;01/01/80
ZWE;Zimbabwe;USA;United States;Agriculture;Persons;1987;591,3083361;650,4095571;-4,925101746;-4,837005241;Annual;01/01/80
ZWE;Zimbabwe;USA;United States;Agriculture;Persons;1988;778,8733511;769,190881;0,80687251;0,608789638;Annual;01/01/80
ZWE;Zimbabwe;USA;United States;Agriculture;Persons;1989;663,5109556;735,3147667;-5,983650926;-5,694914692;Annual;01/01/80
ZWE;Zimbabwe;USA;United States;Agriculture;Persons;1990;648,6163769;742,5482175;-7,827653388;-7,289258966;Annual;01/01/80
ZWE;Zimbabwe;USA;United States;Agriculture;Persons;1991;853,5425968;851,5583103;0,165357203;-0,04687073;Annual;01/01/80
ZWE;Zimbabwe;USA;United States;Agriculture;Persons;1992;616,0860042;640,9926207;-2,075551374;-2,91129333;Annual;01/01/80
ZWE;Zimbabwe;USA;United States;Agriculture;Persons;1993;664,2998449;741,207367;-6,408960178;-5,965344713;Annual;01/01/80
ZWE;Zimbabwe;USA;United States;Agriculture;Persons;1994;817,9628633;935,7516224;-9,815729925;-8,672152013;Annual;01/01/80
ZWE;Zimbabwe;USA;United States;Agriculture;Persons;1995;718,2775584;782,3902726;-5,342726182;-5,228153232;Annual;01/01/80
ZWE;Zimbabwe;USA;United States;Agriculture;Persons;1996;820,9834821;1055,179587;-19,51634204;-16,45934349;Annual;01/01/80
ZWE;Zimbabwe;USA;United States;Agriculture;Persons;1997;803,978114;885,7565633;-6,814870777;-6,166476754;Annual;01/01/80
ZWE;Zimbabwe;USA;United States;Agriculture;Persons;1998;797,0337048;882,0763847;-7,086889997;-6,36513455;Annual;01/01/80
ZWE;Zimbabwe;USA;United States;Agriculture;Persons;1999;853,5615387;938,1572776;-7,049644909;-6,785340142;Annual;01/01/80
ZWE;Zimbabwe;USA;United States;Agriculture;Persons;2000;798,5128216;842,1175378;-3,633726346;-2,998709784;Annual;01/01/80
ZWE;Zimbabwe;USA;United States;Agriculture;Persons;2001;676,3776805;727,1048746;-4,227266175;-3,710116942;Annual;01/01/80
ZWE;Zimbabwe;USA;United States;Agriculture;Persons;2002;767,3814764;796,5943442;-2,434405649;-2,515225614;Annual;01/01/80
ZWE;Zimbabwe;USA;United States;Agriculture;Persons;2003;503,7422537;588,281505;-7,04493761;-6,797809133;Annual;01/01/80
ZWE;Zimbabwe;USA;United States;Agriculture;Persons;2004;620,8675647;695,3895202;-6,210162955;-5,616360448;Annual;01/01/80
ZWE;Zimbabwe;USA;United States;Agriculture;Persons;2005;590,8671815;646,9545554;-4,673947828;-3,926060807;Annual;01/01/80
ZWE;Zimbabwe;USA;United States;Agriculture;Persons;2006;542,9759957;560,2529381;-1,439745199;-1,631028716;Annual;01/01/80
ZWE;Zimbabwe;USA;United States;Agriculture;Persons;2007;782,1158366;927,1752644;-12,08828565;-11,11723268;Annual;01/01/80
ZWE;Zimbabwe;USA;United States;Agriculture;Persons;2008;617,3123288;657,0528491;-3,311710026;-2,85483511;Annual;01/01/80
ZWE;Zimbabwe;USA;United States;Agriculture;Persons;2009;883,9853579;847,3484424;3,053076288;2,83236168;Annual;01/01/80
ZWE;Zimbabwe;USA;United States;Agriculture;Persons;2010;673,0714636;755,8160762;-6,895384388;-5,56947657;Annual;01/01/80
ZWE;Zimbabwe;USA;United States;Agriculture;Persons;2011;720,031543;796,57791;-6,378863915;-5,271194446;Annual;01/01/80
ZWE;Zimbabwe;USA;United States;Agriculture;Persons;2012;698,7878576;787,0372516;-7,354116171;-6,681086432;Annual;01/01/80
ZWE;Zimbabwe;USA;United States;Agriculture;Persons;2013;701,3478072;745,3776338;-3,669152215;-3,33748092;Annual;01/01/80
ZWE;Zimbabwe;USA;United States;Agriculture;Persons;2014;771,7310461;919,0507376;-12,27664096;-10,31453553;Annual;01/01/80
ZWE;Zimbabwe;USA;United States;Agriculture;Persons;2015;564,0133406;584,0952189;-1,673489858;-1,232935658;Annual;01/01/80
ZWE;Zimbabwe;USA;United States;Agriculture;Persons;2016;751,6401688;850,197743;-8,213131184;-7,390298563;Annual;01/01/80
ZWE;Zimbabwe;USA;United States;Agriculture;Persons;2017;623,1468599;675,1800506;-4,33609922;-4,461797406;Annual;01/01/80
ZWE;Zimbabwe;USA;United States;Agriculture;Persons;2018;637,6534231;739,9479719;-8,524545727;-7,35896077;Annual;01/01/80
ZWE;Zimbabwe;USA;United States;Agriculture;Persons;2019;660,7857259;728,6778023;-5,657673037;-5,521787842;Annual;01/01/80
ZWE;Zimbabwe;USA;United States;Agriculture;Persons;2020;660,9879874;719,5177213;-4,877477828;-4,399492888;Annual;01/01/80
ZWE;Zimbabwe;USA;United States;Agriculture;Persons;2021;531,7386402;621,1990107;-7,455030873;-7,24783303;Annual;01/01/80
ZWE;Zimbabwe;USA;United States;Agriculture;Persons;2022;713,4429627;707,5068263;0,494678028;0,536924625;Annual;01/01/80
ZWE;Zimbabwe;USA;United States;Agriculture;Persons;2023;991,1041107;1172,454893;-15,11256522;-13,10094622;Annual;01/01/80
ZWE;Zimbabwe;USA;United States;Agriculture;Persons;2024;844,8381762;999,4182915;-12,88167628;-11,39926751;Annual;01/01/80
ZWE;Zimbabwe;USA;United States;Agriculture;Persons;2025;750,3971585;799,8026377;-4,11712327;-4,002512807;Annual;01/01/80
ZWE;Zimbabwe;USA;United States;Agriculture;Persons;2026;435,4325095;449,53526;-1,566972278;-1,852596284;Annual;01/01/80
ZWE;Zimbabwe;USA;United States;Construction;Persons;1980;749,4142895;844,8321993;-7,951492477;-7,353721559;Annual;01/01/80
ZWE;Zimbabwe;USA;United States;Construction;Persons;1981;823,0213454;881,6598079;-4,886538545;-4,581134901;Annual;01/01/80
ZWE;Zimbabwe;USA;United States;Construction;Persons;1982;747,9588728;916,1894604;-14,01921563;-11,99042274;Annual;01/01/80
ZWE;Zimbabwe;USA;United States;Construction;Persons;1983;737,7274225;735,9963845;0,144253168;0,314380175;Annual;01/01/80
ZWE;Zimbabwe;USA;United States;Construction;Persons;1984;742,0665361;912,1073495;-14,17006778;-11,84854276;Annual;01/01/80
ZWE;Zimbabwe;USA;United States;Construction;Persons;1985;665,703425;753,1917521;-7,290693932;-6,116348137;Annual;01/01/80
ZWE;Zimbabwe;USA;United States;Construction;Persons;1986;745,1724294;863,0023351;-9,819158809;-9,277018801;Annual;01/01/80
ZWE;Zimbabwe;USA;United States;Construction;Persons;1987;779,1361147;923,1303997;-11,99952374;-10,35613462;Annual;01/01/80
ZWE;Zimbabwe;USA;United States;Construction;Persons;1988;780,4316721;694,9574324;7,122853307;5,886562565;Annual;01/01/80
ZWE;Zimbabwe;USA;United States;Construction;Persons;1989;818,2071644;996,4367553;-14,85246591;-13,90116037;Annual;01/01/80
ZWE;Zimbabwe;USA;United States;Construction;Persons;1990;744,4582174;867,297536;-10,23660988;-9,53606835;Annual;01/01/80
ZWE;Zimbabwe;USA;United States;Construction;Persons;1991;738,377037;740,7842021;-0,200597094;0,058974491;Annual;01/01/80
ZWE;Zimbabwe;USA;United States;Construction;Persons;1992;681,5320781;702,1285903;-1,716376017;-1,387908226;Annual;01/01/80
ZWE;Zimbabwe;USA;United States;Construction;Persons;1993;897,1581075;935,7897425;-3,219302917;-2,585965202;Annual;01/01/80
ZWE;Zimbabwe;USA;United States;Construction;Persons;1994;814,4501141;929,970918;-9,626733656;-8,41943954;Annual;01/01/80
ZWE;Zimbabwe;USA;United States;Construction;Persons;1995;496,7184085;473,7087821;1,917468862;1,627106087;Annual;01/01/80
ZWE;Zimbabwe;USA;United States;Construction;Persons;1996;722,0266284;663,6653742;4,86343785;4,823178369;Annual;01/01/80
ZWE;Zimbabwe;USA;United States;Construction;Persons;1997;679,6929813;660,7015935;1,582615655;1,801115015;Annual;01/01/80
ZWE;Zimbabwe;USA;United States;Construction;Persons;1998;636,2307528;685,0575011;-4,068895691;-3,157079855;Annual;01/01/80
ZWE;Zimbabwe;USA;United States;Construction;Persons;1999;804,3483262;935,7154309;-10,94725872;-9,962928637;Annual;01/01/80
ZWE;Zimbabwe;USA;United States;Construction;Persons;2000;518,9973598;513,2459156;0,479287013;0,42105029;Annual;01/01/80
ZWE;Zimbabwe;USA;United States;Construction;Persons;2001;660,7693708;633,9672519;2,23350991;1,732410174;Annual;01/01/80
ZWE;Zimbabwe;USA;United States;Construction;Persons;2002;690,3268777;707,7265679;-1,449974178;-0,349311866;Annual;01/01/80
ZWE;Zimbabwe;USA;United States;Construction;Persons;2003;800,5545125;850,5767571;-4,168520388;-3,814324812;Annual;01/01/80
ZWE;Zimbabwe;USA;United States;Construction;Persons;2004;681,9541745;832,5835975;-12,55245192;-11,00215677;Annual;01/01/80
ZWE;Zimbabwe;USA;United States;Construction;Persons;2005;814,3981795;870,7210636;-4,693573675;-4,424679507;Annual;01/01/80
ZWE;Zimbabwe;USA;United States;Construction;Persons;2006;965,5670631;1022,264501;-4,724786515;-3,447045727;Annual;01/01/80
ZWE;Zimbabwe;USA;United States;Construction;Persons;2007;827,3733935;854,1820201;-2,234052216;-1,194531086;Annual;01/01/80
ZWE;Zimbabwe;USA;United States;Construction;Persons;2008;639,3555558;767,6838148;-10,69402158;-8,919250848;Annual;01/01/80
ZWE;Zimbabwe;USA;United States;Construction;Persons;2009;836,6413007;934,5596642;-8,159863628;-7,100738332;Annual;01/01/80
ZWE;Zimbabwe;USA;United States;Construction;Persons;2010;795,8326314;860,2788536;-5,370518512;-5,867130184;Annual;01/01/80
ZWE;Zimbabwe;USA;United States;Construction;Persons;2011;661,7049529;687,1377399;-2,119398921;-2,029685468;Annual;01/01/80
ZWE;Zimbabwe;USA;United States;Construction;Persons;2012;769,5508928;846,4290402;-6,406512291;-5,555856675;Annual;01/01/80
ZWE;Zimbabwe;USA;United States;Construction;Persons;2013;695,194643;794,8307082;-8,303005433;-7,870649867;Annual;01/01/80
ZWE;Zimbabwe;USA;United States;Construction;Persons;2014;692,2024261;730,9481387;-3,228809379;-2,561230483;Annual;01/01/80
ZWE;Zimbabwe;USA;United States;Construction;Persons;2015;666,0586141;689,8594421;-1,983402333;-1,8813415;Annual;01/01/80
ZWE;Zimbabwe;USA;United States;Construction;Persons;2016;724,0878303;749,3341032;-2,103856075;-1,678392304;Annual;01/01/80
ZWE;Zimbabwe;USA;United States;Construction;Persons;2017;655,7597749;643,681499;1,006522992;0,967629392;Annual;01/01/80
ZWE;Zimbabwe;USA;United States;Construction;Persons;2018;737,8036304;639,1763828;8,2189373;7,439273214;Annual;01/01/80
ZWE;Zimbabwe;USA;United States;Construction;Persons;2019;871,4607507;958,3653612;-7,242050879;-6,543213249;Annual;01/01/80
ZWE;Zimbabwe;USA;United States;Construction;Persons;2020;856,3252794;895,5313306;-3,267170937;-2,927210646;Annual;01/01/80
ZWE;Zimbabwe;USA;United States;Construction;Persons;2021;857,7345506;924,5899726;-5,571285168;-5,895067272;Annual;01/01/80
ZWE;Zimbabwe;USA;United States;Construction;Persons;2022;830,9154313;898,9520621;-5,669719228;-5,807535188;Annual;01/01/80
ZWE;Zimbabwe;USA;United States;Construction;Persons;2023;649,3551224;625,5671326;1,982332484;1,870560184;Annual;01/01/80
ZWE;Zimbabwe;USA;United States;Construction;Persons;2024;722,2533499;895,3499223;-14,42471437;-13,36455459;Annual;01/01/80
ZWE;Zimbabwe;USA;United States;Construction;Persons;2025;610,6251048;665,1067025;-4,540133139;-4,042987226;Annual;01/01/80
ZWE;Zimbabwe;USA;United States;Construction;Persons;2026;461,4176216;492,2676197;-3,427777565;-3,460321533;Annual;01/01/80
ZWE;Zimbabwe;USA;United States;Education;Persons;1980;710,2654859;786,633346;-6,363988341;-6,11577986;Annual;01/01/80
ZWE;Zimbabwe;USA;United States;Education;Persons;1981;674,529559;750,6981748;-6,347384657;-5,704813027;Annual;01/01/80
ZWE;Zimbabwe;USA;United States;Education;Persons;1982;697,1981792;653,5066461;3,640961098;2,625963277;Annual;01/01/80
ZWE;Zimbabwe;USA;United States;Education;Persons;1983;680,4990632;685,933812;-0,452895734;0,092819887;Annual;01/01/80
ZWE;Zimbabwe;USA;United States;Education;Persons;1984;741,8848615;858,8131215;-9,74402167;-8,447617142;Annual;01/01/80
ZWE;Zimbabwe;USA;United States;Education;Persons;1985;655,9310336;687,2358107;-2,608731423;-2,441200182;Annual;01/01/80
ZWE;Zimbabwe;USA;United States;Education;Persons;1986;705,8395291;745,1282138;-3,274057057;-2,879324963;Annual;01/01/80
ZWE;Zimbabwe;USA;United States;Education;Persons;1987;597,4305161;602,6059431;-0,431285577;-0,31792197;Annual;01/01/80
ZWE;Zimbabwe;USA;United States;Education;Persons;1988;672,8893351;675,4251849;-0,211320821;0,089048097;Annual;01/01/80
ZWE;Zimbabwe;USA;United States;Education;Persons;1989;695,2923547;761,9675572;-5,55626687;-5,689291673;Annual;01/01/80
ZWE;Zimbabwe;USA;United States;Education;Persons;1990;583,6255196;648,4371663;-5,400970554;-5,149188355;Annual;01/01/80
ZWE;Zimbabwe;USA;United States;Education;Persons;1991;612,5098815;601,5465057;0,91361465;1,456832128;Annual;01/01/80
ZWE;Zimbabwe;USA;United States;Education;Persons;1992;868,780854;988,1151311;-9,944523086;-8,722542459;Annual;01/01/80
ZWE;Zimbabwe;USA;United States;Education;Persons;1993;757,8994691;903,1086486;-12,10076496;-10,13610354;Annual;01/01/80
ZWE;Zimbabwe;USA;United States;Education;Persons;1994;670,1425008;678,4626504;-0,6933458;-0,720224328;Annual;01/01/80
ZWE;Zimbabwe;USA;United States;Education;Persons;1995;758,8431442;811,3568255;-4,376140113;-3,418988874;Annual;01/01/80
ZWE;Zimbabwe;USA;United States;Education;Persons;1996;671,9249197;750,5193234;-6,549533642;-6,044687679;Annual;01/01/80
ZWE;Zimbabwe;USA;United States;Education;Persons;1997;853,8487633;985,976005;-11,01060347;-9,959987126;Annual;01/01/80
ZWE;Zimbabwe;USA;United States;Education;Persons;1998;564,7082793;673,857124;-9,095737055;-8,376323632;Annual;01/01/80
ZWE;Zimbabwe;USA;United States;Education;Persons;1999;572,7923573;666,5945319;-7,816847882;-7,439010728;Annual;01/01/80
ZWE;Zimbabwe;USA;United States;Education;Persons;2000;771,18904;822,2082489;-4,251600745;-3,405666315;Annual;01/01/80
ZWE;Zimbabwe;USA;United States;Education;Persons;2001;795,3151849;796,8462286;-0,12758697;-0,234519824;Annual;01/01/80
ZWE;Zimbabwe;USA;United States;Education;Persons;2002;764,3473435;819,8704276;-4,626923674;-4,377805226;Annual;01/01/80
ZWE;Zimbabwe;USA;United States;Education;Persons;2003;999,0942815;1117,714153;-9,884989283;-8,149719426;Annual;01/01/80
ZWE;Zimbabwe;USA;United States;Education;Persons;2004;527,3767871;559,2281357;-2,654279046;-2,812880918;Annual;01/01/80
ZWE;Zimbabwe;USA;United States;Education;Persons;2005;797,552046;807,0167842;-0,788728182;-0,842104339;Annual;01/01/80
ZWE;Zimbabwe;USA;United States;Education;Persons;2006;756,5033187;868,3191346;-9,317984658;-8,697503918;Annual;01/01/80
ZWE;Zimbabwe;USA;United States;Education;Persons;2007;720,5219184;842,9749362;-10,20441815;-9,122271066;Annual;01/01/80
ZWE;Zimbabwe;USA;United States;Education;Persons;2008;545,0974188;569,8000909;-2,058556006;-1,931334251;Annual;01/01/80
ZWE;Zimbabwe;USA;United States;Education;Persons;2009;824,5384189;959,5688444;-11,25253545;-9,513756151;Annual;01/01/80
ZWE;Zimbabwe;USA;United States;Education;Persons;2010;694,6297816;738,0817733;-3,620999313;-3,54469902;Annual;01/01/80
ZWE;Zimbabwe;USA;United States;Education;Persons;2011;744,3664612;769,2240555;-2,071466187;-1,916101722;Annual;01/01/80
ZWE;Zimbabwe;USA;United States;Education;Persons;2012;635,7399717;657,0277225;-1,77397923;-1,176748292;Annual;01/01/80
ZWE;Zimbabwe;USA;United States;Education;Persons;2013;715,3944306;799,7480405;-7,029467488;-5,866670764;Annual;01/01/80
ZWE;Zimbabwe;USA;United States;Education;Persons;2014;724,3281559;705,1448143;1,5986118;1,780286857;Annual;01/01/80
ZWE;Zimbabwe;USA;United States;Education;Persons;2015;657,629351;771,1757833;-9,462202687;-9,012377636;Annual;01/01/80
ZWE;Zimbabwe;USA;United States;Education;Persons;2016;869,4147651;918,8549655;-4,120016693;-4,432868492;Annual;01/01/80
ZWE;Zimbabwe;USA;United States;Education;Persons;2017;673,7513414;682,5762009;-0,735404961;-0,600254027;Annual;01/01/80
ZWE;Zimbabwe;USA;United States;Education;Persons;2018;584,0218984;620,5682254;-3,045527249;-3,189792205;Annual;01/01/80
ZWE;Zimbabwe;USA;United States;Education;Persons;2019;619,7141174;594,7732459;2,078405957;1,852126742;Annual;01/01/80
ZWE;Zimbabwe;USA;United States;Education;Persons;2020;636,0110413;625,9814603;0,835798422;0,485377908;Annual;01/01/80
ZWE;Zimbabwe;USA;United States;Education;Persons;2021;652,6128984;650,7060303;0,158905681;0,634591768;Annual;01/01/80
ZWE;Zimbabwe;USA;United States;Education;Persons;2022;695,5829271;749,2170365;-4,469509117;-3,582541187;Annual;01/01/80
ZWE;Zimbabwe;USA;United States;Education;Persons;2023;749,6129118;865,5183997;-9,658790661;-8,460321581;Annual;01/01/80
ZWE;Zimbabwe;USA;United States;Education;Persons;2024;833,4320868;993,5744154;-13,34519405;-11,32237174;Annual;01/01/80
ZWE;Zimbabwe;USA;United States;Education;Persons;2025;730,0493505;772,61852;-3,547430792;-3,061329298;Annual;01/01/80
ZWE;Zimbabwe;USA;United States;Education;Persons;2026;403,3803982;456,5571522;-5,90852822;-5,376914655;Annual;01/01/80
ZWE;Zimbabwe;USA;United States;Finance;Persons;1980;737,808627;958,7983724;-18,41581212;-16,03790259;Annual;01/01/80
ZWE;Zimbabwe;USA;United States;Finance;Persons;1981;727,5991673;733,2975945;-0,474868932;-0,717099902;Annual;01/01/80
ZWE;Zimbabwe;USA;United States;Finance;Persons;1982;909,380361;903,5579541;0,485200575;1,237553661;Annual;01/01/80
ZWE;Zimbabwe;USA;United States;Finance;Persons;1983;747,3416704;722,3226002;2,084922511;2,319627571;Annual;01/01/80
ZWE;Zimbabwe;USA;United States;Finance;Persons;1984;834,8916127;928,1521904;-7,7717148;-6,697367476;Annual;01/01/80
ZWE;Zimbabwe;USA;United States;Finance;Persons;1985;678,5196069;700,3426262;-1,818584937;-1,941212932;Annual;01/01/80
ZWE;Zimbabwe;USA;United States;Finance;Persons;1986;775,3034655;779,796474;-0,374417376;-0,259341404;Annual;01/01/80
ZWE;Zimbabwe;USA;United States;Finance;Persons;1987;895,6055025;923,6849114;-2,339950744;-1,537309394;Annual;01/01/80
ZWE;Zimbabwe;USA;United States;Finance;Persons;1988;993,8040387;1065,625938;-5,985158307;-5,936707482;Annual;01/01/80
ZWE;Zimbabwe;USA;United States;Finance;Persons;1989;738,1744632;675,4796581;5,22456709;4,570530935;Annual;01/01/80
ZWE;Zimbabwe;USA;United States;Finance;Persons;1990;894,2058257;1032,052555;-11,48722745;-9,722463172;Annual;01/01/80
ZWE;Zimbabwe;USA;United States;Finance;Persons;1991;727,5532576;781,8069162;-4,521138222;-3,808874926;Annual;01/01/80
ZWE;Zimbabwe;USA;United States;Finance;Persons;1992;639,0401237;635,7229702;0,276429456;-0,534021027;Annual;01/01/80
ZWE;Zimbabwe;USA;United States;Finance;Persons;1993;567,1021663;589,4265378;-1,86036429;-1,808911093;Annual;01/01/80
ZWE;Zimbabwe;USA;United States;Finance;Persons;1994;695,7954377;843,5282192;-12,31106512;-11,87378064;Annual;01/01/80
ZWE;Zimbabwe;USA;United States;Finance;Persons;1995;686,6042182;685,9226933;0,056793742;0,191649417;Annual;01/01/80
ZWE;Zimbabwe;USA;United States;Finance;Persons;1996;607,6553838;614,6220036;-0,580551655;-1,358727011;Annual;01/01/80
ZWE;Zimbabwe;USA;United States;Finance;Persons;1997;679,1018589;710,5314056;-2,619128891;-2,280091897;Annual;01/01/80
ZWE;Zimbabwe;USA;United States;Finance;Persons;1998;716,6821908;644,1732232;6,042413967;5,360795978;Annual;01/01/80
ZWE;Zimbabwe;USA;United States;Finance;Persons;1999;802,0161817;847,1763152;-3,763344461;-3,089679638;Annual;01/01/80
ZWE;Zimbabwe;USA;United States;Finance;Persons;2000;666,233468;722,7823031;-4,712402922;-4,180973602;Annual;01/01/80
ZWE;Zimbabwe;USA;United States;Finance;Persons;2001;477,4256958;549,9000959;-6,039533347;-5,725875753;Annual;01/01/80
ZWE;Zimbabwe;USA;United States;Finance;Persons;2002;913,5139041;985,1924155;-5,973209278;-6,204342288;Annual;01/01/80
ZWE;Zimbabwe;USA;United States;Finance;Persons;2003;554,7986778;589,3243178;-2,87713667;-1,792381132;Annual;01/01/80
ZWE;Zimbabwe;USA;United States;Finance;Persons;2004;802,1083296;850,7175414;-4,050767649;-3,481327915;Annual;01/01/80
ZWE;Zimbabwe;USA;United States;Finance;Persons;2005;757,5917058;850,0567901;-7,70542369;-6,951628461;Annual;01/01/80
ZWE;Zimbabwe;USA;United States;Finance;Persons;2006;603,3530765;623,5008183;-1,678978487;-1,538703871;Annual;01/01/80
ZWE;Zimbabwe;USA;United States;Finance;Persons;2007;810,0986081;833,2386404;-1,928336028;-2,147650701;Annual;01/01/80
ZWE;Zimbabwe;USA;United States;Finance;Persons;2008;741,9637397;794,7779393;-4,401183297;-3,541028637;Annual;01/01/80
ZWE;Zimbabwe;USA;United States;Finance;Persons;2009;738,4511919;783,7997147;-3,779043564;-3,528380535;Annual;01/01/80
ZWE;Zimbabwe;USA;United States;Finance;Persons;2010;695,5994536;791,0922824;-7,957735726;-6,813613752;Annual;01/01/80
ZWE;Zimbabwe;USA;United States;Finance;Persons;2011;698,2483612;793,8258851;-7,964793659;-7,112941241;Annual;01/01/80
ZWE;Zimbabwe;USA;United States;Finance;Persons;2012;660,52086;765,9101068;-8,782437232;-7,285042907;Annual;01/01/80
ZWE;Zimbabwe;USA;United States;Finance;Persons;2013;635,7863042;723,9873346;-7,350085869;-6,634386298;Annual;01/01/80
ZWE;Zimbabwe;USA;United States;Finance;Persons;2014;538,8307108;589,8116614;-4,248412546;-3,952936957;Annual;01/01/80
ZWE;Zimbabwe;USA;United States;Finance;Persons;2015;631,6593295;610,3404679;1,7765718;1,719622171;Annual;01/01/80
ZWE;Zimbabwe;USA;United States;Finance;Persons;2016;804,0660398;964,7907261;-13,39372386;-11,57982545;Annual;01/01/80
ZWE;Zimbabwe;USA;United States;Finance;Persons;2017;551,862135;547,7301424;0,344332716;0,105281331;Annual;01/01/80
ZWE;Zimbabwe;USA;United States;Finance;Persons;2018;811,604671;927,7128375;-9,675680535;-9,147394768;Annual;01/01/80
ZWE;Zimbabwe;USA;United States;Finance;Persons;2019;661,0546604;713,4210684;-4,363867329;-3,990276369;Annual;01/01/80
ZWE;Zimbabwe;USA;United States;Finance;Persons;2020;739,8719818;753,2999313;-1,118995797;-1,028654337;Annual;01/01/80
ZWE;Zimbabwe;USA;United States;Finance;Persons;2021;736,6542824;721,2241957;1,28584056;0,635922427;Annual;01/01/80
ZWE;Zimbabwe;USA;United States;Finance;Persons;2022;694,231606;710,6968024;-1,372099702;-1,202171644;Annual;01/01/80
ZWE;Zimbabwe;USA;United States;Finance;Persons;2023;718,6950737;772,6123583;-4,493107044;-3,764932292;Annual;01/01/80
ZWE;Zimbabwe;USA;United States;Finance;Persons;2024;656,2777794;672,4869495;-1,350764174;-1,329588985;Annual;01/01/80
ZWE;Zimbabwe;USA;United States;Finance;Persons;2025;614,5319854;648,3384518;-2,817205534;-2,671246351;Annual;01/01/80
ZWE;Zimbabwe;USA;United States;Finance;Persons;2026;375,7336184;415,1863574;-4,383637667;-3,932917066;Annual;01/01/80
ZWE;Zimbabwe;USA;United States;Health;Persons;1980;457,4281272;469,399898;-0,997647561;-1,040536708;Annual;01/01/80
ZWE;Zimbabwe;USA;United States;Health;Persons;1981;800,520453;874,4699818;-6,162460737;-5,084869825;Annual;01/01/80
ZWE;Zimbabwe;USA;United States;Health;Persons;1982;727,7013921;860,081512;-11,03167666;-9,538987178;Annual;01/01/80
ZWE;Zimbabwe;USA;United States;Health;Persons;1983;726,4152903;763,8324936;-3,118100277;-2,926982606;Annual;01/01/80
ZWE;Zimbabwe;USA;United States;Health;Persons;1984;770,6337057;856,962024;-7,19402653;-6,977075863;Annual;01/01/80
ZWE;Zimbabwe;USA;United States;Health;Persons;1985;676,9615757;773,9857619;-8,085348854;-7,29614525;Annual;01/01/80
ZWE;Zimbabwe;USA;United States;Health;Persons;1986;641,6483092;622,7120678;1,578020119;1,680853221;Annual;01/01/80
ZWE;Zimbabwe;USA;United States;Health;Persons;1987;985,1560486;1031,526422;-3,864197772;-2,724792659;Annual;01/01/80
ZWE;Zimbabwe;USA;United States;Health;Persons;1988;725,5993625;806,2755096;-6,723012258;-6,486838055;Annual;01/01/80
ZWE;Zimbabwe;USA;United States;Health;Persons;1989;656,7914423;716,6299465;-4,986542021;-4,159980512;Annual;01/01/80
ZWE;Zimbabwe;USA;United States;Health;Persons;1990;690,5466457;736,9221576;-3,864625992;-3,439485266;Annual;01/01/80
ZWE;Zimbabwe;USA;United States;Health;Persons;1991;701,1654247;712,2745849;-0,925763346;-0,574535647;Annual;01/01/80
ZWE;Zimbabwe;USA;United States;Health;Persons;1992;812,3500407;940,2115408;-10,65512501;-10,07114445;Annual;01/01/80
ZWE;Zimbabwe;USA;United States;Health;Persons;1993;492,989928;508,371576;-1,281804005;-1,300883138;Annual;01/01/80
ZWE;Zimbabwe;USA;United States;Health;Persons;1994;782,3625015;832,9545315;-4,216002501;-4,030215083;Annual;01/01/80
ZWE;Zimbabwe;USA;United States;Health;Persons;1995;577,3404827;610,7225458;-2,781838591;-2,425040021;Annual;01/01/80
ZWE;Zimbabwe;USA;United States;Health;Persons;1996;716,6865129;793,1644172;-6,373158693;-6,002266027;Annual;01/01/80
ZWE;Zimbabwe;USA;United States;Health;Persons;1997;596,3488271;659,2909547;-5,245177299;-5,466545604;Annual;01/01/80
ZWE;Zimbabwe;USA;United States;Health;Persons;1998;706,7508069;731,4918896;-2,061756891;-1,474553704;Annual;01/01/80
ZWE;Zimbabwe;USA;United States;Health;Persons;1999;651,7629737;739,0304369;-7,272288602;-6,626965721;Annual;01/01/80
ZWE;Zimbabwe;USA;United States;Health;Persons;2000;764,8212495;834,8673739;-5,837177039;-5,863806006;Annual;01/01/80
ZWE;Zimbabwe;USA;United States;Health;Persons;2001;574,5973835;647,3366222;-6,061603228;-5,110426755;Annual;01/01/80
ZWE;Zimbabwe;USA;United States;Health;Persons;2002;706,7873068;748,8518038;-3,505374754;-3,256813481;Annual;01/01/80
ZWE;Zimbabwe;USA;United States;Health;Persons;2003;757,6407933;842,335493;-7,057891642;-5,945461092;Annual;01/01/80
ZWE;Zimbabwe;USA;United States;Health;Persons;2004;683,0573829;720,3451306;-3,107312305;-2,850471608;Annual;01/01/80
ZWE;Zimbabwe;USA;United States;Health;Persons;2005;776,5037585;775,7121104;0,06597068;0,381510001;Annual;01/01/80
ZWE;Zimbabwe;USA;United States;Health;Persons;2006;511,5087452;555,9087198;-3,699997887;-3,432044971;Annual;01/01/80
ZWE;Zimbabwe;USA;United States;Health;Persons;2007;729,2621261;780,9225472;-4,305035095;-3,512170048;Annual;01/01/80
ZWE;Zimbabwe;USA;United States;Health;Persons;2008;438,086634;486,1815033;-4,007905779;-3,965650583;Annual;01/01/80
ZWE;Zimbabwe;USA;United States;Health;Persons;2009;897,5153364;986,8930618;-7,448143785;-7,410790519;Annual;01/01/80
ZWE;Zimbabwe;USA;United States;Health;Persons;2010;601,0082093;657,5727364;-4,713710595;-3,54191055;Annual;01/01/80
ZWE;Zimbabwe;USA;United States;Health;Persons;2011;694,87629;728,9296199;-2,837777488;-2,979257842;Annual;01/01/80
ZWE;Zimbabwe;USA;United States;Health;Persons;2012;639,0113488;651,6627416;-1,054282737;-1,342879969;Annual;01/01/80
ZWE;Zimbabwe;USA;United States;Health;Persons;2013;674,4053549;771,0511534;-8,05381654;-7,370502578;Annual;01/01/80
ZWE;Zimbabwe;USA;United States;Health;Persons;2014;567,5971463;593,6567726;-2,171635527;-1,557436136;Annual;01/01/80
ZWE;Zimbabwe;USA;United States;Health;Persons;2015;741,9223586;823,6853353;-6,813581394;-6,113888372;Annual;01/01/80
ZWE;Zimbabwe;USA;United States;Health;Persons;2016;851,9724291;963,5370362;-9,297050599;-7,047529641;Annual;01/01/80
ZWE;Zimbabwe;USA;United States;Health;Persons;2017;1040,466807;1066,508816;-2,170167462;-2,08627882;Annual;01/01/80
ZWE;Zimbabwe;USA;United States;Health;Persons;2018;796,141429;908,314884;-9,347787918;-8,570318182;Annual;01/01/80
ZWE;Zimbabwe;USA;United States;Health;Persons;2019;667,216541;720,5836025;-4,447255124;-3,705333193;Annual;01/01/80
ZWE;Zimbabwe;USA;United States;Health;Persons;2020;604,301073;655,5893574;-4,274023696;-3,793560331;Annual;01/01/80
ZWE;Zimbabwe;USA;United States;Health;Persons;2021;804,9328392;869,2663498;-5,361125884;-5,079529276;Annual;01/01/80
ZWE;Zimbabwe;USA;United States;Health;Persons;2022;563,7197452;536,6374855;2,256854978;1,734170832;Annual;01/01/80
ZWE;Zimbabwe;USA;United States;Health;Persons;2023;855,9919328;923,514852;-5,626909935;-4,459772952;Annual;01/01/80
ZWE;Zimbabwe;USA;United States;Health;Persons;2024;716,5312862;758,8969072;-3,53046842;-2,76263216;Annual;01/01/80
ZWE;Zimbabwe;USA;United States;Health;Persons;2025;868,6135583;1001,259333;-11,05381454;-9,271924607;Annual;01/01/80
ZWE;Zimbabwe;USA;United States;Health;Persons;2026;570,7363035;564,5248733;0,690158917;0,540703613;Annual;01/01/80
ZWE;Zimbabwe;USA;United States;ICT;Persons;1980;522,2314072;536,2371562;-1,167145753;-1,074239445;Annual;01/01/80
ZWE;Zimbabwe;USA;United States;ICT;Persons;1981;871,15726;912,8726125;-3,476279375;-3,213420492;Annual;01/01/80
ZWE;Zimbabwe;USA;United States;ICT;Persons;1982;629,336826;680,5249713;-4,265678777;-3,495688503;Annual;01/01/80
ZWE;Zimbabwe;USA;United States;ICT;Persons;1983;647,2233357;756,6550378;-9,119308514;-7,504331655;Annual;01/01/80
ZWE;Zimbabwe;USA;United States;ICT;Persons;1984;741,610582;816,3699985;-6,229951373;-5,901881747;Annual;01/01/80
ZWE;Zimbabwe;USA;United States;ICT;Persons;1985;549,7706971;641,5121968;-7,645124975;-7,474141656;Annual;01/01/80
ZWE;Zimbabwe;USA;United States;ICT;Persons;1986;635,208267;696,6611821;-5,121076253;-5,10670141;Annual;01/01/80
ZWE;Zimbabwe;USA;United States;ICT;Persons;1987;833,9059533;881,0377536;-3,927650032;-3,992376762;Annual;01/01/80
ZWE;Zimbabwe;USA;United States;ICT;Persons;1988;777,8310534;875,65048;-8,151618883;-7,395517691;Annual;01/01/80
ZWE;Zimbabwe;USA;United States;ICT;Persons;1989;749,9642446;774,2029096;-2,019888751;-1,15793694;Annual;01/01/80
ZWE;Zimbabwe;USA;United States;ICT;Persons;1990;780,1136588;858,5490267;-6,536280655;-5,760955328;Annual;01/01/80
ZWE;Zimbabwe;USA;United States;ICT;Persons;1991;715,3688682;710,6718207;0,391420626;0,825137662;Annual;01/01/80
ZWE;Zimbabwe;USA;United States;ICT;Persons;1992;662,5714964;801,3669983;-11,56629183;-11,40918658;Annual;01/01/80
ZWE;Zimbabwe;USA;United States;ICT;Persons;1993;690,0294678;731,0938221;-3,422029521;-2,991847974;Annual;01/01/80
ZWE;Zimbabwe;USA;United States;ICT;Persons;1994;794,4236731;922,1573695;-10,6444747;-9,746277323;Annual;01/01/80
ZWE;Zimbabwe;USA;United States;ICT;Persons;1995;643,3898573;699,8473454;-4,704790676;-3,630569901;Annual;01/01/80
ZWE;Zimbabwe;USA;United States;ICT;Persons;1996;791,5083588;813,9723392;-1,871998368;-2,397302871;Annual;01/01/80
ZWE;Zimbabwe;USA;United States;ICT;Persons;1997;662,8629392;693,8240687;-2,580094128;-2,20173941;Annual;01/01/80
ZWE;Zimbabwe;USA;United States;ICT;Persons;1998;832,8438575;793,144369;3,308290711;3,174406291;Annual;01/01/80
ZWE;Zimbabwe;USA;United States;ICT;Persons;1999;760,3739204;814,1372895;-4,480280766;-3,349375095;Annual;01/01/80
ZWE;Zimbabwe;USA;United States;ICT;Persons;2000;686,287554;744,6769055;-4,865779288;-4,974811302;Annual;01/01/80
ZWE;Zimbabwe;USA;United States;ICT;Persons;2001;570,2246077;621,9297561;-4,308762367;-3,599702845;Annual;01/01/80
ZWE;Zimbabwe;USA;United States;ICT;Persons;2002;784,4345681;791,9801503;-0,628798513;-0,536457619;Annual;01/01/80
ZWE;Zimbabwe;USA;United States;ICT;Persons;2003;716,7076342;841,8047183;-10,42475701;-8,612642047;Annual;01/01/80
ZWE;Zimbabwe;USA;United States;ICT;Persons;2004;704,8178805;777,9357911;-6,093159219;-6,436049799;Annual;01/01/80
ZWE;Zimbabwe;USA;United States;ICT;Persons;2005;599,6664085;637,4779174;-3,15095907;-2,860073191;Annual;01/01/80
ZWE;Zimbabwe;USA;United States;ICT;Persons;2006;731,1246506;848,9840131;-9,821613543;-9,10630528;Annual;01/01/80
ZWE;Zimbabwe;USA;United States;ICT;Persons;2007;668,6055784;751,5271054;-6,910127242;-6,314799444;Annual;01/01/80
ZWE;Zimbabwe;USA;United States;ICT;Persons;2008;761,98095;862,0758881;-8,341244839;-7,897664925;Annual;01/01/80
ZWE;Zimbabwe;USA;United States;ICT;Persons;2009;631,5139001;612,1516176;1,613523539;0,72408913;Annual;01/01/80
ZWE;Zimbabwe;USA;United States;ICT;Persons;2010;757,8360623;785,7040748;-2,322334374;-1,964699794;Annual;01/01/80
ZWE;Zimbabwe;USA;United States;ICT;Persons;2011;896,2615928;961,5880078;-5,443867913;-5,04509064;Annual;01/01/80
ZWE;Zimbabwe;USA;United States;ICT;Persons;2012;701,2605659;750,3370959;-4,089710835;-3,519473956;Annual;01/01/80
ZWE;Zimbabwe;USA;United States;ICT;Persons;2013;776,8128799;796,6266551;-1,651147929;-1,49729592;Annual;01/01/80
ZWE;Zimbabwe;USA;United States;ICT;Persons;2014;753,9236677;803,1972039;-4,106128015;-4,02642299;Annual;01/01/80
ZWE;Zimbabwe;USA;United States;ICT;Persons;2015;742,8779524;719,7363903;1,92846351;1,161533387;Annual;01/01/80
ZWE;Zimbabwe;USA;United States;ICT;Persons;2016;609,43376;658,4033642;-4,080800351;-3,385995403;Annual;01/01/80
ZWE;Zimbabwe;USA;United States;ICT;Persons;2017;846,2800125;903,1194678;-4,736621278;-4,27217062;Annual;01/01/80
ZWE;Zimbabwe;USA;United States;ICT;Persons;2018;766,3684724;769,794678;-0,285517139;0,506021258;Annual;01/01/80
ZWE;Zimbabwe;USA;United States;ICT;Persons;2019;717,8825254;771,1255505;-4,436918753;-4,36198834;Annual;01/01/80
ZWE;Zimbabwe;USA;United States;ICT;Persons;2020;754,4608357;781,5792286;-2,259866073;-1,818652934;Annual;01/01/80
ZWE;Zimbabwe;USA;United States;ICT;Persons;2021;503,3444569;532,5732531;-2,435733014;-1,617230683;Annual;01/01/80
ZWE;Zimbabwe;USA;United States;ICT;Persons;2022;574,8119878;542,7489776;2,67191752;2,415900431;Annual;01/01/80
ZWE;Zimbabwe;USA;United States;ICT;Persons;2023;628,1837015;620,892257;0,607620372;0,573190925;Annual;01/01/80
ZWE;Zimbabwe;USA;United States;ICT;Persons;2024;788,6740239;885,2940644;-8,051670036;-7,452608967;Annual;01/01/80
ZWE;Zimbabwe;USA;United States;ICT;Persons;2025;636,3155896;691,951967;-4,636364783;-4,893217353;Annual;01/01/80
ZWE;Zimbabwe;USA;United States;ICT;Persons;2026;635,4845293;674,3893325;-4,322755917;-4,178972307;Annual;01/01/80
ZWE;Zimbabwe;USA;United States;Manufacturing;Persons;1980;582,3418362;619,2296486;-3,073984366;-2,991624553;Annual;01/01/80
ZWE;Zimbabwe;USA;United States;Manufacturing;Persons;1981;548,3236987;591,0740259;-3,562527269;-2,816123773;Annual;01/01/80
ZWE;Zimbabwe;USA;United States;Manufacturing;Persons;1982;812,5450828;919,6122467;-8,922263663;-8,243452166;Annual;01/01/80
ZWE;Zimbabwe;USA;United States;Manufacturing;Persons;1983;601,3469168;608,4849459;-0,594835764;0,110167619;Annual;01/01/80
ZWE;Zimbabwe;USA;United States;Manufacturing;Persons;1984;657,8771867;684,6566233;-2,231619711;-1,910836669;Annual;01/01/80
ZWE;Zimbabwe;USA;United States;Manufacturing;Persons;1985;647,2761037;721,1164828;-6,153364924;-5,720556049;Annual;01/01/80
ZWE;Zimbabwe;USA;United States;Manufacturing;Persons;1986;633,2852637;602,3447998;2,578371989;2,046719373;Annual;01/01/80
ZWE;Zimbabwe;USA;United States;Manufacturing;Persons;1987;715,1658477;878,2236877;-13,58815333;-12,90879645;Annual;01/01/80
ZWE;Zimbabwe;USA;United States;Manufacturing;Persons;1988;693,4165056;738,8152376;-3,783227671;-3,378557426;Annual;01/01/80
ZWE;Zimbabwe;USA;United States;Manufacturing;Persons;1989;656,8068;716,1874808;-4,94839006;-4,112387659;Annual;01/01/80
ZWE;Zimbabwe;USA;United States;Manufacturing;Persons;1990;572,6034187;545,6279716;2,247953929;2,315521502;Annual;01/01/80
ZWE;Zimbabwe;USA;United States;Manufacturing;Persons;1991;707,1044649;877,6281901;-14,21031043;-13,06988951;Annual;01/01/80
ZWE;Zimbabwe;USA;United States;Manufacturing;Persons;1992;671,8367656;791,5931857;-9,979701673;-9,474370978;Annual;01/01/80
ZWE;Zimbabwe;USA;United States;Manufacturing;Persons;1993;679,5110623;657,7825684;1,810707825;1,573614348;Annual;01/01/80
ZWE;Zimbabwe;USA;United States;Manufacturing;Persons;1994;458,6585853;475,8007052;-1,428509992;-1,322064149;Annual;01/01/80
ZWE;Zimbabwe;USA;United States;Manufacturing;Persons;1995;615,2851851;628,338087;-1,087741819;-0,772307428;Annual;01/01/80
ZWE;Zimbabwe;USA;United States;Manufacturing;Persons;1996;515,9645524;525,3045876;-0,778336265;-0,909038635;Annual;01/01/80
ZWE;Zimbabwe;USA;United States;Manufacturing;Persons;1997;595,3885998;606,7435043;-0,946242045;-0,786218617;Annual;01/01/80
ZWE;Zimbabwe;USA;United States;Manufacturing;Persons;1998;643,0658727;686,6983849;-3,636042683;-2,789404386;Annual;01/01/80
ZWE;Zimbabwe;USA;United States;Manufacturing;Persons;1999;872,5539119;804,1184977;5,702951185;4,831597375;Annual;01/01/80
ZWE;Zimbabwe;USA;United States;Manufacturing;Persons;2000;589,0753492;634,1931081;-3,759813239;-3,476594223;Annual;01/01/80
ZWE;Zimbabwe;USA;United States;Manufacturing;Persons;2001;805,1384586;871,520074;-5,531801289;-5,480501681;Annual;01/01/80
ZWE;Zimbabwe;USA;United States;Manufacturing;Persons;2002;809,4002145;890,3330056;-6,744399256;-6,430246669;Annual;01/01/80
ZWE;Zimbabwe;USA;United States;Manufacturing;Persons;2003;653,6613501;671,1009322;-1,453298508;-1,49459929;Annual;01/01/80
ZWE;Zimbabwe;USA;United States;Manufacturing;Persons;2004;697,5758135;675,0786054;1,874767337;1,333628661;Annual;01/01/80
ZWE;Zimbabwe;USA;United States;Manufacturing;Persons;2005;579,8254037;579,9838535;-0,013204145;0,54230497;Annual;01/01/80
ZWE;Zimbabwe;USA;United States;Manufacturing;Persons;2006;577,2701495;573,6494544;0,301724587;0,669146191;Annual;01/01/80
ZWE;Zimbabwe;USA;United States;Manufacturing;Persons;2007;739,3111779;847,255628;-8,995370837;-7,816398804;Annual;01/01/80
ZWE;Zimbabwe;USA;United States;Manufacturing;Persons;2008;621,9947071;610,0400889;0,996218182;0,23451979;Annual;01/01/80
ZWE;Zimbabwe;USA;United States;Manufacturing;Persons;2009;502,56271;478,9301109;1,96938326;1,611029409;Annual;01/01/80
ZWE;Zimbabwe;USA;United States;Manufacturing;Persons;2010;624,1028151;683,1001707;-4,916446299;-4,45705636;Annual;01/01/80
ZWE;Zimbabwe;USA;United States;Manufacturing;Persons;2011;807,3263035;885,5817508;-6,52128727;-5,900142821;Annual;01/01/80
ZWE;Zimbabwe;USA;United States;Manufacturing;Persons;2012;664,5514711;653,1840612;0,947284157;1,322251515;Annual;01/01/80
ZWE;Zimbabwe;USA;United States;Manufacturing;Persons;2013;841,5268853;875,3196579;-2,816064386;-2,201852386;Annual;01/01/80
ZWE;Zimbabwe;USA;United States;Manufacturing;Persons;2014;643,5199955;710,5714345;-5,587619915;-5,16832275;Annual;01/01/80
ZWE;Zimbabwe;USA;United States;Manufacturing;Persons;2015;637,1977156;630,0184067;0,598275742;0,19567586;Annual;01/01/80
ZWE;Zimbabwe;USA;United States;Manufacturing;Persons;2016;600,0423044;673,512389;-6,122507053;-5,466248895;Annual;01/01/80
ZWE;Zimbabwe;USA;United States;Manufacturing;Persons;2017;829,1334689;821,4929347;0,636711182;0,717572334;Annual;01/01/80
ZWE;Zimbabwe;USA;United States;Manufacturing;Persons;2018;502,4986109;496,091485;0,53392716;0,7768778;Annual;01/01/80
ZWE;Zimbabwe;USA;United States;Manufacturing;Persons;2019;828,2031663;839,7374395;-0,961189436;-0,783408324;Annual;01/01/80
ZWE;Zimbabwe;USA;United States;Manufacturing;Persons;2020;727,3618656;681,2034522;3,84653445;3,304910171;Annual;01/01/80
ZWE;Zimbabwe;USA;United States;Manufacturing;Persons;2021;742,2883721;738,7292672;0,296592076;0,102805342;Annual;01/01/80
ZWE;Zimbabwe;USA;United States;Manufacturing;Persons;2022;667,2868929;689,5136647;-1,852230982;-1,969726847;Annual;01/01/80
ZWE;Zimbabwe;USA;United States;Manufacturing;Persons;2023;902,3569621;931,848107;-2,457595403;-1,561432059;Annual;01/01/80
ZWE;Zimbabwe;USA;United States;Manufacturing;Persons;2024;453,0518496;538,6852155;-7,136113824;-6,440527791;Annual;01/01/80
ZWE;Zimbabwe;USA;United States;Manufacturing;Persons;2025;1043,184409;1060,637399;-1,454415821;-1,357279522;Annual;01/01/80
ZWE;Zimbabwe;USA;United States;Manufacturing;Persons;2026;392,2949387;388,4068726;0,432007352;0,248110284;Annual;01/01/80
ZWE;Zimbabwe;USA;United States;Mining;Persons;1980;499,9998657;512,2421014;-1,020186308;-0,89731745;Annual;01/01/80
ZWE;Zimbabwe;USA;United States;Mining;Persons;1981;748,164937;835,9077821;-7,311903763;-6,24689338;Annual;01/01/80
ZWE;Zimbabwe;USA;United States;Mining;Persons;1982;857,9153871;998,0368072;-11,67678501;-10,54471444;Annual;01/01/80
ZWE;Zimbabwe;USA;United States;Mining;Persons;1983;632,7259769;686,514743;-4,482397177;-4,256330797;Annual;01/01/80
ZWE;Zimbabwe;USA;United States;Mining;Persons;1984;909,4249027;948,9819532;-3,296420876;-2,656640051;Annual;01/01/80
ZWE;Zimbabwe;USA;United States;Mining;Persons;1985;599,1431349;658,221389;-4,923187844;-4,238960058;Annual;01/01/80
ZWE;Zimbabwe;USA;United States;Mining;Persons;1986;716,9626723;767,3175425;-4,196239181;-3,754775123;Annual;01/01/80
ZWE;Zimbabwe;USA;United States;Mining;Persons;1987;840,8572768;919,5276775;-6,555866727;-5,570059263;Annual;01/01/80
ZWE;Zimbabwe;USA;United States;Mining;Persons;1988;552,7010824;608,038243;-4,61143005;-4,226647646;Annual;01/01/80
ZWE;Zimbabwe;USA;United States;Mining;Persons;1989;659,3130569;684,6068536;-2,107816396;-2,10271486;Annual;01/01/80
ZWE;Zimbabwe;USA;United States;Mining;Persons;1990;832,0412529;749,4978907;6,878613517;6,201053293;Annual;01/01/80
ZWE;Zimbabwe;USA;United States;Mining;Persons;1991;610,8801411;702,861216;-7,665089572;-7,536119987;Annual;01/01/80
ZWE;Zimbabwe;USA;United States;Mining;Persons;1992;709,9833414;730,6960873;-1,726062157;-1,664102271;Annual;01/01/80
ZWE;Zimbabwe;USA;United States;Mining;Persons;1993;609,2710688;729,8736081;-10,05021161;-9,351061565;Annual;01/01/80
ZWE;Zimbabwe;USA;United States;Mining;Persons;1994;647,0978602;650,2825763;-0,265393004;0,173528606;Annual;01/01/80
ZWE;Zimbabwe;USA;United States;Mining;Persons;1995;713,5788152;743,6309214;-2,504342187;-2,022152609;Annual;01/01/80
ZWE;Zimbabwe;USA;United States;Mining;Persons;1996;434,0535137;426,0782977;0,664601332;0,335846968;Annual;01/01/80
ZWE;Zimbabwe;USA;United States;Mining;Persons;1997;728,4402348;726,5326355;0,158966609;0,394382158;Annual;01/01/80
ZWE;Zimbabwe;USA;United States;Mining;Persons;1998;947,897855;1024,78675;-6,407407943;-5,505969571;Annual;01/01/80
ZWE;Zimbabwe;USA;United States;Mining;Persons;1999;707,6994057;793,0347548;-7,111279092;-6,507100115;Annual;01/01/80
ZWE;Zimbabwe;USA;United States;Mining;Persons;2000;903,3266772;990,7941737;-7,288958043;-5,583973284;Annual;01/01/80
ZWE;Zimbabwe;USA;United States;Mining;Persons;2001;543,1795552;557,7958329;-1,218023149;-0,790625722;Annual;01/01/80
ZWE;Zimbabwe;USA;United States;Mining;Persons;2002;742,6843737;842,2323175;-8,295661987;-7,853115024;Annual;01/01/80
ZWE;Zimbabwe;USA;United States;Mining;Persons;2003;647,8349926;722,4382452;-6,216937715;-5,934617023;Annual;01/01/80
ZWE;Zimbabwe;USA;United States;Mining;Persons;2004;763,4284511;784,2740934;-1,737136858;-1,431446765;Annual;01/01/80
ZWE;Zimbabwe;USA;United States;Mining;Persons;2005;763,9049433;792,4728063;-2,380655252;-2,19412645;Annual;01/01/80
ZWE;Zimbabwe;USA;United States;Mining;Persons;2006;741,0563942;826,3235158;-7,105593462;-6,621233851;Annual;01/01/80
ZWE;Zimbabwe;USA;United States;Mining;Persons;2007;651,9810064;721,0667808;-5,757147872;-4,818706575;Annual;01/01/80
ZWE;Zimbabwe;USA;United States;Mining;Persons;2008;758,4246265;850,1110838;-7,640538108;-6,672023292;Annual;01/01/80
ZWE;Zimbabwe;USA;United States;Mining;Persons;2009;756,1308557;899,0501989;-11,90994527;-11,06610815;Annual;01/01/80
ZWE;Zimbabwe;USA;United States;Mining;Persons;2010;603,4714805;724,3466025;-10,07292684;-9,083366405;Annual;01/01/80
ZWE;Zimbabwe;USA;United States;Mining;Persons;2011;522,4499279;464,1153034;4,861218712;4,299383552;Annual;01/01/80
ZWE;Zimbabwe;USA;United States;Mining;Persons;2012;739,5611585;763,3938539;-1,986057948;-1,456007975;Annual;01/01/80
ZWE;Zimbabwe;USA;United States;Mining;Persons;2013;767,50414;901,6047048;-11,17504707;-9,094522413;Annual;01/01/80
ZWE;Zimbabwe;USA;United States;Mining;Persons;2014;567,2173604;602,0034032;-2,898836896;-1,883984113;Annual;01/01/80
ZWE;Zimbabwe;USA;United States;Mining;Persons;2015;866,389783;939,759234;-6,114120913;-5,702563994;Annual;01/01/80
ZWE;Zimbabwe;USA;United States;Mining;Persons;2016;912,8975576;861,2970872;4,300039203;4,319276746;Annual;01/01/80
ZWE;Zimbabwe;USA;United States;Mining;Persons;2017;753,6015491;877,6100831;-10,3340445;-9,916816842;Annual;01/01/80
ZWE;Zimbabwe;USA;United States;Mining;Persons;2018;880,5635974;845,1968139;2,947231958;1,796654839;Annual;01/01/80
ZWE;Zimbabwe;USA;United States;Mining;Persons;2019;765,5356313;900,5090295;-11,24778319;-9,136136828;Annual;01/01/80
ZWE;Zimbabwe;USA;United States;Mining;Persons;2020;768,3892884;810,8980526;-3,542397013;-3,786225614;Annual;01/01/80
ZWE;Zimbabwe;USA;United States;Mining;Persons;2021;662,7762007;755,4069927;-7,719232662;-6,463583979;Annual;01/01/80
ZWE;Zimbabwe;USA;United States;Mining;Persons;2022;760,2616076;706,1060224;4,512965429;4,090560141;Annual;01/01/80
ZWE;Zimbabwe;USA;United States;Mining;Persons;2023;816,047563;879,4470849;-5,283293492;-4,000860759;Annual;01/01/80
ZWE;Zimbabwe;USA;United States;Mining;Persons;2024;668,7634357;779,1890578;-9,202135179;-8,104422808;Annual;01/01/80
ZWE;Zimbabwe;USA;United States;Mining;Persons;2025;918,37395;968,9837318;-4,217481815;-3,639435077;Annual;01/01/80
ZWE;Zimbabwe;USA;United States;Mining;Persons;2026;500,3611356;553,7832356;-5,935788889;-5,074577281;Annual;01/01/80
ZWE;Zimbabwe;USA;United States;Other;Persons;1980;599,8533311;653,9197406;-4,505534131;-4,509973016;Annual;01/01/80
ZWE;Zimbabwe;USA;United States;Other;Persons;1981;822,6279132;934,6267729;-9,333238305;-8,185240559;Annual;01/01/80
ZWE;Zimbabwe;USA;United States;Other;Persons;1982;545,6954942;582,6637813;-3,080690591;-2,254071089;Annual;01/01/80
ZWE;Zimbabwe;USA;United States;Other;Persons;1983;700,4241049;714,4355814;-1,167623044;-1,36163876;Annual;01/01/80
ZWE;Zimbabwe;USA;United States;Other;Persons;1984;721,1594918;795,3138834;-6,179532628;-6,518628724;Annual;01/01/80
ZWE;Zimbabwe;USA;United States;Other;Persons;1985;699,6704402;766,3486504;-5,556517521;-4,791075418;Annual;01/01/80
ZWE;Zimbabwe;USA;United States;Other;Persons;1986;607,599185;630,1203949;-1,87676749;-1,568335167;Annual;01/01/80
ZWE;Zimbabwe;USA;United States;Other;Persons;1987;819,7974682;838,4414996;-1,553669284;-2,461347571;Annual;01/01/80
ZWE;Zimbabwe;USA;United States;Other;Persons;1988;528,5322845;577,0203628;-4,04067319;-3,36064543;Annual;01/01/80
ZWE;Zimbabwe;USA;United States;Other;Persons;1989;637,8604235;721,5148007;-6,971198096;-6,380033125;Annual;01/01/80
ZWE;Zimbabwe;USA;United States;Other;Persons;1990;721,2566658;681,2360033;3,335055208;3,065696273;Annual;01/01/80
ZWE;Zimbabwe;USA;United States;Other;Persons;1991;738,9839554;835,7497113;-8,063812996;-7,439277553;Annual;01/01/80
ZWE;Zimbabwe;USA;United States;Other;Persons;1992;626,7651798;621,0567448;0,475702914;0,571710505;Annual;01/01/80
ZWE;Zimbabwe;USA;United States;Other;Persons;1993;828,0883998;898,4265824;-5,861515219;-5,076949767;Annual;01/01/80
ZWE;Zimbabwe;USA;United States;Other;Persons;1994;829,9757718;880,99589;-4,251676519;-3,602819929;Annual;01/01/80
ZWE;Zimbabwe;USA;United States;Other;Persons;1995;695,2856678;755,8124252;-5,043896449;-4,265417087;Annual;01/01/80
ZWE;Zimbabwe;USA;United States;Other;Persons;1996;907,8386107;1000,25535;-7,7013949;-6,346004433;Annual;01/01/80
ZWE;Zimbabwe;USA;United States;Other;Persons;1997;612,9561333;587,7267283;2,102450414;1,859505645;Annual;01/01/80
ZWE;Zimbabwe;USA;United States;Other;Persons;1998;684,0385318;716,6954788;-2,721412254;-2,452202491;Annual;01/01/80
ZWE;Zimbabwe;USA;United States;Other;Persons;1999;840,5224212;892,3568459;-4,31953539;-3,819114849;Annual;01/01/80
ZWE;Zimbabwe;USA;United States;Other;Persons;2000;551,8198772;687,4812096;-11,30511103;-10,61429037;Annual;01/01/80
ZWE;Zimbabwe;USA;United States;Other;Persons;2001;672,5689579;762,3972424;-7,485690376;-7,033334541;Annual;01/01/80
ZWE;Zimbabwe;USA;United States;Other;Persons;2002;629,8383566;649,7086627;-1,655858838;-2,202797023;Annual;01/01/80
ZWE;Zimbabwe;USA;United States;Other;Persons;2003;698,3075561;738,6145448;-3,358915722;-2,873308091;Annual;01/01/80
ZWE;Zimbabwe;USA;United States;Other;Persons;2004;809,7704613;908,6009137;-8,235871031;-8,233277151;Annual;01/01/80
ZWE;Zimbabwe;USA;United States;Other;Persons;2005;726,1472161;849,900904;-10,31280732;-9,354146668;Annual;01/01/80
ZWE;Zimbabwe;USA;United States;Other;Persons;2006;675,1409896;698,346428;-1,933786535;-1,543797063;Annual;01/01/80
ZWE;Zimbabwe;USA;United States;Other;Persons;2007;817,8657397;945,9763504;-10,67588422;-10,68070878;Annual;01/01/80
ZWE;Zimbabwe;USA;United States;Other;Persons;2008;627,6142426;692,1582282;-5,378665462;-4,636073857;Annual;01/01/80
ZWE;Zimbabwe;USA;United States;Other;Persons;2009;839,1345717;914,0669996;-6,244368996;-5,968639878;Annual;01/01/80
ZWE;Zimbabwe;USA;United States;Other;Persons;2010;730,8765099;758,5481327;-2,305968568;-2,661185398;Annual;01/01/80
ZWE;Zimbabwe;USA;United States;Other;Persons;2011;709,7750223;673,3736095;3,033451068;3,164653225;Annual;01/01/80
ZWE;Zimbabwe;USA;United States;Other;Persons;2012;845,1265263;882,4298114;-3,108607095;-3,396792406;Annual;01/01/80
ZWE;Zimbabwe;USA;United States;Other;Persons;2013;750,6534679;791,5721679;-3,40989167;-3,619443222;Annual;01/01/80
ZWE;Zimbabwe;USA;United States;Other;Persons;2014;604,1291915;669,3498957;-5,435058685;-4,149210269;Annual;01/01/80
ZWE;Zimbabwe;USA;United States;Other;Persons;2015;515,5155451;572,115815;-4,716689163;-4,520977371;Annual;01/01/80
ZWE;Zimbabwe;USA;United States;Other;Persons;2016;728,7349215;809,500471;-6,73046246;-5,472133368;Annual;01/01/80
ZWE;Zimbabwe;USA;United States;Other;Persons;2017;848,6532464;893,7327025;-3,756621342;-3,739815493;Annual;01/01/80
ZWE;Zimbabwe;USA;United States;Other;Persons;2018;745,3441746;726,7708593;1,547776282;1,47214433;Annual;01/01/80
ZWE;Zimbabwe;USA;United States;Other;Persons;2019;765,999709;860,3201402;-7,860035937;-7,031234792;Annual;01/01/80
ZWE;Zimbabwe;USA;United States;Other;Persons;2020;725,5048901;748,4936862;-1,915733013;-1,40791865;Annual;01/01/80
ZWE;Zimbabwe;USA;United States;Other;Persons;2021;812,5766313;855,8364509;-3,604984971;-3,185039303;Annual;01/01/80
ZWE;Zimbabwe;USA;United States;Other;Persons;2022;584,103997;655,2257877;-5,926815887;-5,794006824;Annual;01/01/80
ZWE;Zimbabwe;USA;United States;Other;Persons;2023;697,862186;747,0271238;-4,097078148;-3,029345257;Annual;01/01/80
ZWE;Zimbabwe;USA;United States;Other;Persons;2024;648,8692588;712,5064937;-5,303102911;-4,454212481;Annual;01/01/80
ZWE;Zimbabwe;USA;United States;Other;Persons;2025;734,0788104;733,8231696;0,021303404;0,405289127;Annual;01/01/80
ZWE;Zimbabwe;USA;United States;Other;Persons;2026;505,7980818;559,5819878;-5,975989557;-5,704946395;Annual;01/01/80
ZWE;Zimbabwe;USA;United States;Public Services;Persons;1980;768,6443067;785,3604055;-1,393008238;-1,148538028;Annual;01/01/80
ZWE;Zimbabwe;USA;United States;Public Services;Persons;1981;598,86957;622,3926261;-1,960254676;-2,119210054;Annual;01/01/80
ZWE;Zimbabwe;USA;United States;Public Services;Persons;1982;656,5542056;624,1214248;2,702731734;2,414981415;Annual;01/01/80
ZWE;Zimbabwe;USA;United States;Public Services;Persons;1983;695,5226902;795,794352;-8,355971818;-7,75794244;Annual;01/01/80
ZWE;Zimbabwe;USA;United States;Public Services;Persons;1984;624,4959633;729,1165647;-8,718383449;-7,504410525;Annual;01/01/80
ZWE;Zimbabwe;USA;United States;Public Services;Persons;1985;595,7944285;585,9005878;0,824486727;0,786570693;Annual;01/01/80
ZWE;Zimbabwe;USA;United States;Public Services;Persons;1986;600,5652016;588,3016201;1,021965128;1,107971796;Annual;01/01/80
ZWE;Zimbabwe;USA;United States;Public Services;Persons;1987;588,726825;662,8161194;-6,174107874;-5,172922009;Annual;01/01/80
ZWE;Zimbabwe;USA;United States;Public Services;Persons;1988;858,8568338;790,3086571;5,712348057;5,257513743;Annual;01/01/80
ZWE;Zimbabwe;USA;United States;Public Services;Persons;1989;879,8533001;1063,199653;-15,27886271;-13,67186348;Annual;01/01/80
ZWE;Zimbabwe;USA;United States;Public Services;Persons;1990;605,9546296;710,3723271;-8,701474791;-7,771600436;Annual;01/01/80
ZWE;Zimbabwe;USA;United States;Public Services;Persons;1991;746,8626161;893,3894039;-12,21056565;-10,95024549;Annual;01/01/80
ZWE;Zimbabwe;USA;United States;Public Services;Persons;1992;791,2866614;864,9682581;-6,140133061;-5,272875726;Annual;01/01/80
ZWE;Zimbabwe;USA;United States;Public Services;Persons;1993;649,3349987;711,0401546;-5,14209632;-4,288150853;Annual;01/01/80
ZWE;Zimbabwe;USA;United States;Public Services;Persons;1994;722,0876872;872,6990283;-12,55094509;-11,7231858;Annual;01/01/80
ZWE;Zimbabwe;USA;United States;Public Services;Persons;1995;814,6895185;888,3481963;-6,138223149;-5,713998795;Annual;01/01/80
ZWE;Zimbabwe;USA;United States;Public Services;Persons;1996;650,4070948;733,3910416;-6,915328902;-6,721876992;Annual;01/01/80
ZWE;Zimbabwe;USA;United States;Public Services;Persons;1997;621,2678457;679,2560504;-4,832350395;-4,43724244;Annual;01/01/80
ZWE;Zimbabwe;USA;United States;Public Services;Persons;1998;731,714711;755,29552;-1,965067414;-2,138546405;Annual;01/01/80
ZWE;Zimbabwe;USA;United States;Public Services;Persons;1999;581,0362404;611,1377709;-2,508460875;-2,435364268;Annual;01/01/80
ZWE;Zimbabwe;USA;United States;Public Services;Persons;2000;516,1136424;477,4376594;3,222998587;3,081728399;Annual;01/01/80
ZWE;Zimbabwe;USA;United States;Public Services;Persons;2001;706,1954792;814,5186338;-9,026929555;-8,102069839;Annual;01/01/80
ZWE;Zimbabwe;USA;United States;Public Services;Persons;2002;694,8448945;770,8815628;-6,336389029;-5,65950803;Annual;01/01/80
ZWE;Zimbabwe;USA;United States;Public Services;Persons;2003;542,9943437;637,4151351;-7,868399286;-7,481840958;Annual;01/01/80
ZWE;Zimbabwe;USA;United States;Public Services;Persons;2004;638,5683547;757,6387054;-9,922529229;-9,194583298;Annual;01/01/80
ZWE;Zimbabwe;USA;United States;Public Services;Persons;2005;739,8541213;858,7286649;-9,906211963;-9,386857018;Annual;01/01/80
ZWE;Zimbabwe;USA;United States;Public Services;Persons;2006;643,2232553;634,8671325;0,69634356;0,372068976;Annual;01/01/80
ZWE;Zimbabwe;USA;United States;Public Services;Persons;2007;653,5902756;727,440807;-6,154210954;-5,219052786;Annual;01/01/80
ZWE;Zimbabwe;USA;United States;Public Services;Persons;2008;650,6509228;703,1881887;-4,378105497;-4,147851121;Annual;01/01/80
ZWE;Zimbabwe;USA;United States;Public Services;Persons;2009;780,8750362;840,455525;-4,965040734;-4,334740177;Annual;01/01/80
ZWE;Zimbabwe;USA;United States;Public Services;Persons;2010;695,9363283;763,7016358;-5,647108963;-5,743312571;Annual;01/01/80
ZWE;Zimbabwe;USA;United States;Public Services;Persons;2011;772,8489275;740,6105954;2,686527677;2,485648914;Annual;01/01/80
ZWE;Zimbabwe;USA;United States;Public Services;Persons;2012;620,6301169;571,7018183;4,077358215;3,66628468;Annual;01/01/80
ZWE;Zimbabwe;USA;United States;Public Services;Persons;2013;769,5625257;836,5218715;-5,579945486;-5,673169926;Annual;01/01/80
ZWE;Zimbabwe;USA;United States;Public Services;Persons;2014;807,3640631;813,7560295;-0,532663862;-0,74894942;Annual;01/01/80
ZWE;Zimbabwe;USA;United States;Public Services;Persons;2015;641,3538158;705,7297087;-5,364657745;-5,170171629;Annual;01/01/80
ZWE;Zimbabwe;USA;United States;Public Services;Persons;2016;735,5968982;896,9526157;-13,44630979;-11,49167238;Annual;01/01/80
ZWE;Zimbabwe;USA;United States;Public Services;Persons;2017;657,8569926;681,4010727;-1,962006672;-2,00908058;Annual;01/01/80
ZWE;Zimbabwe;USA;United States;Public Services;Persons;2018;600,591059;657,4964351;-4,742114672;-4,44825531;Annual;01/01/80
ZWE;Zimbabwe;USA;United States;Public Services;Persons;2019;784,088088;787,6626517;-0,297880309;-0,661512854;Annual;01/01/80
ZWE;Zimbabwe;USA;United States;Public Services;Persons;2020;685,0986084;774,3322534;-7,436137086;-6,668019316;Annual;01/01/80
ZWE;Zimbabwe;USA;United States;Public Services;Persons;2021;1021,445058;1015,71765;0,477283996;0,527062354;Annual;01/01/80
ZWE;Zimbabwe;USA;United States;Public Services;Persons;2022;638,3627061;696,9631386;-4,883369374;-3,878151717;Annual;01/01/80
ZWE;Zimbabwe;USA;United States;Public Services;Persons;2023;495,4646274;609,7528913;-9,524021996;-8,372765433;Annual;01/01/80
ZWE;Zimbabwe;USA;United States;Public Services;Persons;2024;640,232616;688,620421;-4,032317083;-3,82644959;Annual;01/01/80
ZWE;Zimbabwe;USA;United States;Public Services;Persons;2025;656,3894476;697,9040299;-3,459548525;-3,182713825;Annual;01/01/80
ZWE;Zimbabwe;USA;United States;Public Services;Persons;2026;626,9660106;660,4497173;-3,720411852;-2,985930114;Annual;01/01/80
ZWE;Zimbabwe;USA;United States;Tourism;Persons;1980;725,2900104;760,9482084;-2,971516502;-2,039892821;Annual;01/01/80
ZWE;Zimbabwe;USA;United States;Tourism;Persons;1981;760,5400452;778,2616922;-1,476803915;-1,46319407;Annual;01/01/80
ZWE;Zimbabwe;USA;United States;Tourism;Persons;1982;534,0001729;636,5824822;-8,54852578;-7,458619929;Annual;01/01/80
ZWE;Zimbabwe;USA;United States;Tourism;Persons;1983;721,4921868;826,779426;-8,773936599;-8,088060993;Annual;01/01/80
ZWE;Zimbabwe;USA;United States;Tourism;Persons;1984;738,266409;781,0182339;-3,562652072;-2,815404089;Annual;01/01/80
ZWE;Zimbabwe;USA;United States;Tourism;Persons;1985;679,4494276;802,914618;-10,28876587;-9,476034787;Annual;01/01/80
ZWE;Zimbabwe;USA;United States;Tourism;Persons;1986;790,0563297;802,7104435;-1,054509481;-1,547775182;Annual;01/01/80
ZWE;Zimbabwe;USA;United States;Tourism;Persons;1987;717,1917756;734,4202927;-1,435709763;-1,390963589;Annual;01/01/80
ZWE;Zimbabwe;USA;United States;Tourism;Persons;1988;907,3747475;832,6853742;6,224114446;5,423359042;Annual;01/01/80
ZWE;Zimbabwe;USA;United States;Tourism;Persons;1989;530,8756059;565,5358701;-2,88835535;-2,651653213;Annual;01/01/80
ZWE;Zimbabwe;USA;United States;Tourism;Persons;1990;777,601644;786,8758022;-0,772846513;-0,329595911;Annual;01/01/80
ZWE;Zimbabwe;USA;United States;Tourism;Persons;1991;752,7226782;879,3721634;-10,55412377;-9,926247177;Annual;01/01/80
ZWE;Zimbabwe;USA;United States;Tourism;Persons;1992;581,6732026;652,2667392;-5,882794721;-5,315997737;Annual;01/01/80
ZWE;Zimbabwe;USA;United States;Tourism;Persons;1993;833,3055982;926,5028866;-7,766440703;-6,530605141;Annual;01/01/80
ZWE;Zimbabwe;USA;United States;Tourism;Persons;1994;804,3825992;867,9119242;-5,294110417;-5,042371813;Annual;01/01/80
ZWE;Zimbabwe;USA;United States;Tourism;Persons;1995;743,2041803;837,9708718;-7,897224298;-6,896456097;Annual;01/01/80
ZWE;Zimbabwe;USA;United States;Tourism;Persons;1996;729,153313;769,3862899;-3,352748081;-2,964535138;Annual;01/01/80
ZWE;Zimbabwe;USA;United States;Tourism;Persons;1997;643,3094916;677,851004;-2,878459365;-2,586934701;Annual;01/01/80
ZWE;Zimbabwe;USA;United States;Tourism;Persons;1998;714,9434934;667,7092964;3,936183083;3,331629032;Annual;01/01/80
ZWE;Zimbabwe;USA;United States;Tourism;Persons;1999;764,4973399;758,4520735;0,503772196;0,499473237;Annual;01/01/80
ZWE;Zimbabwe;USA;United States;Tourism;Persons;2000;713,9559886;817,5588114;-8,63356856;-8,304702223;Annual;01/01/80
ZWE;Zimbabwe;USA;United States;Tourism;Persons;2001;686,9556045;676,5166368;0,869913978;0,790780144;Annual;01/01/80
ZWE;Zimbabwe;USA;United States;Tourism;Persons;2002;687,7607901;857,28356;-14,12689749;-13,25468778;Annual;01/01/80
ZWE;Zimbabwe;USA;United States;Tourism;Persons;2003;664,043483;685,6215129;-1,798169159;-1,379452606;Annual;01/01/80
ZWE;Zimbabwe;USA;United States;Tourism;Persons;2004;706,197825;730,4542265;-2,021366793;-1,825599582;Annual;01/01/80
ZWE;Zimbabwe;USA;United States;Tourism;Persons;2005;691,858423;698,5838437;-0,560451726;-0,544746223;Annual;01/01/80
ZWE;Zimbabwe;USA;United States;Tourism;Persons;2006;653,2213358;677,9357841;-2,059537357;-2,04163074;Annual;01/01/80
ZWE;Zimbabwe;USA;United States;Tourism;Persons;2007;549,3682229;619,8530638;-5,873736745;-6,137114458;Annual;01/01/80
ZWE;Zimbabwe;USA;United States;Tourism;Persons;2008;693,2930581;686,1452001;0,595654829;1,098666026;Annual;01/01/80
ZWE;Zimbabwe;USA;United States;Tourism;Persons;2009;617,3684958;647,3881363;-2,501636701;-3,029997413;Annual;01/01/80
ZWE;Zimbabwe;USA;United States;Tourism;Persons;2010;652,592414;659,7677741;-0,597946673;-0,368806575;Annual;01/01/80
ZWE;Zimbabwe;USA;United States;Tourism;Persons;2011;688,0758393;715,8985583;-2,318559913;-1,71209594;Annual;01/01/80
ZWE;Zimbabwe;USA;United States;Tourism;Persons;2012;852,8964112;925,5078314;-6,050951684;-5,83957947;Annual;01/01/80
ZWE;Zimbabwe;USA;United States;Tourism;Persons;2013;685,3890426;810,0555844;-10,38887848;-9,668897649;Annual;01/01/80
ZWE;Zimbabwe;USA;United States;Tourism;Persons;2014;687,3782534;706,7141145;-1,611321764;-1,427642814;Annual;01/01/80
ZWE;Zimbabwe;USA;United States;Tourism;Persons;2015;868,3004168;914,567412;-3,855582931;-3,674360059;Annual;01/01/80
ZWE;Zimbabwe;USA;United States;Tourism;Persons;2016;685,4015358;777,5073747;-7,675486577;-7,571076421;Annual;01/01/80
ZWE;Zimbabwe;USA;United States;Tourism;Persons;2017;624,2682242;668,9450792;-3,723071248;-3,620554781;Annual;01/01/80
ZWE;Zimbabwe;USA;United States;Tourism;Persons;2018;754,8274495;859,0007416;-8,681107675;-8,012645808;Annual;01/01/80
ZWE;Zimbabwe;USA;United States;Tourism;Persons;2019;664,6311134;738,9262751;-6,191263477;-5,46487076;Annual;01/01/80
ZWE;Zimbabwe;USA;United States;Tourism;Persons;2020;670,0810008;765,9903772;-7,992448032;-7,247329807;Annual;01/01/80
ZWE;Zimbabwe;USA;United States;Tourism;Persons;2021;621,400197;633,5206884;-1,01004095;-0,603055968;Annual;01/01/80
ZWE;Zimbabwe;USA;United States;Tourism;Persons;2022;664,7066758;641,4173609;1,940776239;1,144255576;Annual;01/01/80
ZWE;Zimbabwe;USA;United States;Tourism;Persons;2023;713,5762214;730,940569;-1,447028969;-1,472999845;Annual;01/01/80
ZWE;Zimbabwe;USA;United States;Tourism;Persons;2024;793,0587723;792,388115;0,055888108;-0,378153309;Annual;01/01/80
ZWE;Zimbabwe;USA;United States;Tourism;Persons;2025;714,7184716;756,7816643;-3,505266058;-3,532509118;Annual;01/01/80
ZWE;Zimbabwe;USA;United States;Tourism;Persons;2026;448,5601319;538,1636656;-9,955948178;-8,586769767;Annual;01/01/80
ZWE;Zimbabwe;USA;United States;Trade;Persons;1980;920,9231461;989,2497353;-5,693882435;-4,917611582;Annual;01/01/80
ZWE;Zimbabwe;USA;United States;Trade;Persons;1981;783,770906;757,2891212;2,2068154;2,465580306;Annual;01/01/80
ZWE;Zimbabwe;USA;United States;Trade;Persons;1982;758,7850383;828,104516;-5,776623141;-5,026854687;Annual;01/01/80
ZWE;Zimbabwe;USA;United States;Trade;Persons;1983;760,0378163;825,1877907;-5,429164532;-5,432486317;Annual;01/01/80
ZWE;Zimbabwe;USA;United States;Trade;Persons;1984;689,5993328;708,1680532;-1,547393364;-1,894796963;Annual;01/01/80
ZWE;Zimbabwe;USA;United States;Trade;Persons;1985;626,2463177;721,7641474;-7,959819142;-7,098829099;Annual;01/01/80
ZWE;Zimbabwe;USA;United States;Trade;Persons;1986;697,1193844;737,8988729;-3,39829071;-3,307411118;Annual;01/01/80
ZWE;Zimbabwe;USA;United States;Trade;Persons;1987;708,2271075;773,9270682;-5,474996722;-4,702779567;Annual;01/01/80
ZWE;Zimbabwe;USA;United States;Trade;Persons;1988;727,2988835;767,7695579;-3,372556198;-3,264027516;Annual;01/01/80
ZWE;Zimbabwe;USA;United States;Trade;Persons;1989;745,353188;888,4444042;-11,92426802;-11,09790459;Annual;01/01/80
ZWE;Zimbabwe;USA;United States;Trade;Persons;1990;600,9552607;646,3925102;-3,786437459;-3,856728227;Annual;01/01/80
ZWE;Zimbabwe;USA;United States;Trade;Persons;1991;716,5278173;773,274216;-4,728866559;-4,310157741;Annual;01/01/80
ZWE;Zimbabwe;USA;United States;Trade;Persons;1992;725,7079401;794,7250816;-5,751428462;-5,332131105;Annual;01/01/80
ZWE;Zimbabwe;USA;United States;Trade;Persons;1993;806,9381505;807,1061915;-0,014003425;-0,111020146;Annual;01/01/80
ZWE;Zimbabwe;USA;United States;Trade;Persons;1994;642,1970392;695,2205344;-4,418624602;-3,543922241;Annual;01/01/80
ZWE;Zimbabwe;USA;United States;Trade;Persons;1995;595,4510479;702,3018731;-8,904235438;-8,002339111;Annual;01/01/80
ZWE;Zimbabwe;USA;United States;Trade;Persons;1996;709,8365229;779,3937768;-5,796437821;-4,992272437;Annual;01/01/80
ZWE;Zimbabwe;USA;United States;Trade;Persons;1997;673,1583983;734,3784928;-5,10167454;-4,192566335;Annual;01/01/80
ZWE;Zimbabwe;USA;United States;Trade;Persons;1998;942,6344826;1073,652437;-10,91816284;-10,19879274;Annual;01/01/80
ZWE;Zimbabwe;USA;United States;Trade;Persons;1999;690,3711398;712,8258335;-1,871224476;-1,502531246;Annual;01/01/80
ZWE;Zimbabwe;USA;United States;Trade;Persons;2000;687,9275689;673,0279667;1,241633513;1,205544183;Annual;01/01/80
ZWE;Zimbabwe;USA;United States;Trade;Persons;2001;936,0368194;946,4079459;-0,864260542;-0,956068511;Annual;01/01/80
ZWE;Zimbabwe;USA;United States;Trade;Persons;2002;574,3102823;585,2982034;-0,915660087;-1,350327676;Annual;01/01/80
ZWE;Zimbabwe;USA;United States;Trade;Persons;2003;885,919459;994,6433374;-9,060323202;-7,390669863;Annual;01/01/80
ZWE;Zimbabwe;USA;United States;Trade;Persons;2004;704,7224091;689,5604089;1,263500019;1,266933287;Annual;01/01/80
ZWE;Zimbabwe;USA;United States;Trade;Persons;2005;819,5386433;918,1091398;-8,214208041;-7,285761027;Annual;01/01/80
ZWE;Zimbabwe;USA;United States;Trade;Persons;2006;681,8144102;769,3183866;-7,291998036;-6,522855184;Annual;01/01/80
ZWE;Zimbabwe;USA;United States;Trade;Persons;2007;756,4556485;863,7958617;-8,945017765;-8,006198666;Annual;01/01/80
ZWE;Zimbabwe;USA;United States;Trade;Persons;2008;784,0844572;804,6376712;-1,712767835;-1,047946214;Annual;01/01/80
ZWE;Zimbabwe;USA;United States;Trade;Persons;2009;633,8216893;629,087913;0,394481357;0,081122415;Annual;01/01/80
ZWE;Zimbabwe;USA;United States;Trade;Persons;2010;658,8485908;707,3825632;-4,044497696;-3,389669723;Annual;01/01/80
ZWE;Zimbabwe;USA;United States;Trade;Persons;2011;813,448387;977,9853158;-13,71141073;-11,99795873;Annual;01/01/80
ZWE;Zimbabwe;USA;United States;Trade;Persons;2012;727,1019443;784,6460288;-4,795340375;-4,833655198;Annual;01/01/80
ZWE;Zimbabwe;USA;United States;Trade;Persons;2013;491,1454213;548,2958097;-4,762532372;-4,586559385;Annual;01/01/80
ZWE;Zimbabwe;USA;United States;Trade;Persons;2014;705,5525198;848,6045534;-11,9210028;-11,2706236;Annual;01/01/80
ZWE;Zimbabwe;USA;United States;Trade;Persons;2015;814,091972;895,7293123;-6,803111691;-5,602333026;Annual;01/01/80
ZWE;Zimbabwe;USA;United States;Trade;Persons;2016;725,9367099;762,5736832;-3,05308111;-2,499303381;Annual;01/01/80
ZWE;Zimbabwe;USA;United States;Trade;Persons;2017;705,4303746;691,1549703;1,189617024;0,936393785;Annual;01/01/80
ZWE;Zimbabwe;USA;United States;Trade;Persons;2018;687,6165789;712,1544731;-2,04482452;-1,880918067;Annual;01/01/80
ZWE;Zimbabwe;USA;United States;Trade;Persons;2019;849,9869781;918,5573971;-5,714201586;-5,58914245;Annual;01/01/80
ZWE;Zimbabwe;USA;United States;Trade;Persons;2020;869,1478098;1030,330999;-13,43193246;-12,01536142;Annual;01/01/80
ZWE;Zimbabwe;USA;United States;Trade;Persons;2021;573,9413461;565,5049431;0,703033584;0,570149685;Annual;01/01/80
ZWE;Zimbabwe;USA;United States;Trade;Persons;2022;640,7569325;686,046516;-3,774131958;-3,388221119;Annual;01/01/80
ZWE;Zimbabwe;USA;United States;Trade;Persons;2023;652,602872;703,5628461;-4,246664509;-3,693506699;Annual;01/01/80
ZWE;Zimbabwe;USA;United States;Trade;Persons;2024;631,9705546;686,4749893;-4,54203622;-4,062013205;Annual;01/01/80
ZWE;Zimbabwe;USA;United States;Trade;Persons;2025;841,7155774;811,2052428;2,542527885;2,908307644;Annual;01/01/80
ZWE;Zimbabwe;USA;United States;Trade;Persons;2026;403,8265247;381,8025001;2,447113851;2,04675436;Annual;01/01/80
ZWE;Zimbabwe;USA;United States;Transport;Persons;1980;783,6270938;832,0304662;-4,03361436;-3,826748425;Annual;01/01/80
ZWE;Zimbabwe;USA;United States;Transport;Persons;1981;672,3944105;651,8006414;1,716147423;1,840765725;Annual;01/01/80
ZWE;Zimbabwe;USA;United States;Transport;Persons;1982;590,2787287;673,2969391;-6,918184203;-6,163052615;Annual;01/01/80
ZWE;Zimbabwe;USA;United States;Transport;Persons;1983;724,5233897;750,7762738;-2,187740338;-1,82638946;Annual;01/01/80
ZWE;Zimbabwe;USA;United States;Transport;Persons;1984;618,1828476;671,8297867;-4,470578253;-4,034946621;Annual;01/01/80
ZWE;Zimbabwe;USA;United States;Transport;Persons;1985;725,9859478;702,1605775;1,985447518;1,925477889;Annual;01/01/80
ZWE;Zimbabwe;USA;United States;Transport;Persons;1986;570,8363774;592,0853109;-1,770744454;-2,502145478;Annual;01/01/80
ZWE;Zimbabwe;USA;United States;Transport;Persons;1987;629,8456384;676,4192199;-3,881131798;-3,821448004;Annual;01/01/80
ZWE;Zimbabwe;USA;United States;Transport;Persons;1988;601,7924094;727,5426502;-10,47918673;-9,167020444;Annual;01/01/80
ZWE;Zimbabwe;USA;United States;Transport;Persons;1989;780,1373568;861,4495506;-6,776016149;-6,592032325;Annual;01/01/80
ZWE;Zimbabwe;USA;United States;Transport;Persons;1990;727,1277275;739,212289;-1,007046793;-0,427241342;Annual;01/01/80
ZWE;Zimbabwe;USA;United States;Transport;Persons;1991;758,5946451;804,2070534;-3,80103402;-3,102958931;Annual;01/01/80
ZWE;Zimbabwe;USA;United States;Transport;Persons;1992;708,0105108;710,4460156;-0,20295873;-0,265717204;Annual;01/01/80
ZWE;Zimbabwe;USA;United States;Transport;Persons;1993;887,2601078;967,0292313;-6,647426958;-6,587028368;Annual;01/01/80
ZWE;Zimbabwe;USA;United States;Transport;Persons;1994;675,837811;687,6345751;-0,983063678;-1,435103216;Annual;01/01/80
ZWE;Zimbabwe;USA;United States;Transport;Persons;1995;654,8401185;688,7419645;-2,825153837;-2,561771748;Annual;01/01/80
ZWE;Zimbabwe;USA;United States;Transport;Persons;1996;621,0493537;715,8380801;-7,899060534;-6,972400609;Annual;01/01/80
ZWE;Zimbabwe;USA;United States;Transport;Persons;1997;769,3196442;759,9225867;0,783088126;0,574132422;Annual;01/01/80
ZWE;Zimbabwe;USA;United States;Transport;Persons;1998;744,9063372;871,5997949;-10,55778814;-9,729655306;Annual;01/01/80
ZWE;Zimbabwe;USA;United States;Transport;Persons;1999;639,7856452;670,2708545;-2,540434108;-1,852262481;Annual;01/01/80
ZWE;Zimbabwe;USA;United States;Transport;Persons;2000;580,4754941;705,5937718;-10,42652314;-9,665895451;Annual;01/01/80
ZWE;Zimbabwe;USA;United States;Transport;Persons;2001;753,2144921;784,5122581;-2,608147168;-1,740515877;Annual;01/01/80
ZWE;Zimbabwe;USA;United States;Transport;Persons;2002;680,730482;727,105048;-3,864547163;-3,615189587;Annual;01/01/80
ZWE;Zimbabwe;USA;United States;Transport;Persons;2003;776,4020336;840,3968599;-5,33290219;-4,455143262;Annual;01/01/80
ZWE;Zimbabwe;USA;United States;Transport;Persons;2004;518,2519858;460,9187742;4,777767633;4,192932853;Annual;01/01/80
ZWE;Zimbabwe;USA;United States;Transport;Persons;2005;761,348499;819,7768443;-4,869028775;-5,016776168;Annual;01/01/80
ZWE;Zimbabwe;USA;United States;Transport;Persons;2006;627,2691476;612,9748937;1,191187824;0,700001271;Annual;01/01/80
ZWE;Zimbabwe;USA;United States;Transport;Persons;2007;724,3386089;743,5938365;-1,604602301;-2,097978752;Annual;01/01/80
ZWE;Zimbabwe;USA;United States;Transport;Persons;2008;618,8121829;613,7122428;0,424995006;0,052093962;Annual;01/01/80
ZWE;Zimbabwe;USA;United States;Transport;Persons;2009;648,6812144;734,2874705;-7,133854677;-5,787399444;Annual;01/01/80
ZWE;Zimbabwe;USA;United States;Transport;Persons;2010;717,1096533;754,3273064;-3,101471088;-2,834237165;Annual;01/01/80
ZWE;Zimbabwe;USA;United States;Transport;Persons;2011;726,4674273;795,4928093;-5,752115167;-6,002061369;Annual;01/01/80
ZWE;Zimbabwe;USA;United States;Transport;Persons;2012;738,4994908;812,3930305;-6,157794977;-5,602322997;Annual;01/01/80
ZWE;Zimbabwe;USA;United States;Transport;Persons;2013;884,2782435;852,7175024;2,630061759;1,739662634;Annual;01/01/80
ZWE;Zimbabwe;USA;United States;Transport;Persons;2014;517,5114843;538,2780664;-1,730548511;-1,408879753;Annual;01/01/80
ZWE;Zimbabwe;USA;United States;Transport;Persons;2015;808,270996;876,6512378;-5,698353486;-4,784644352;Annual;01/01/80
ZWE;Zimbabwe;USA;United States;Transport;Persons;2016;775,7170103;775,5413625;0,014637315;-0,094838818;Annual;01/01/80
ZWE;Zimbabwe;USA;United States;Transport;Persons;2017;677,2155426;701,010367;-1,982902035;-1,585249568;Annual;01/01/80
ZWE;Zimbabwe;USA;United States;Transport;Persons;2018;650,9465387;765,6862101;-9,561639287;-8,330779372;Annual;01/01/80
ZWE;Zimbabwe;USA;United States;Transport;Persons;2019;710,7105182;728,6018586;-1,490945031;-1,434096564;Annual;01/01/80
ZWE;Zimbabwe;USA;United States;Transport;Persons;2020;654,9721826;667,788129;-1,06799553;-1,056177315;Annual;01/01/80
ZWE;Zimbabwe;USA;United States;Transport;Persons;2021;651,0659194;682,4583618;-2,616036869;-2,330102934;Annual;01/01/80
ZWE;Zimbabwe;USA;United States;Transport;Persons;2022;985,3742603;1021,61722;-3,020246683;-2,066069968;Annual;01/01/80
ZWE;Zimbabwe;USA;United States;Transport;Persons;2023;697,1719377;708,8278786;-0,971328405;-0,744373755;Annual;01/01/80
ZWE;Zimbabwe;USA;United States;Transport;Persons;2024;721,4875872;825,0506574;-8,630255852;-7,876315076;Annual;01/01/80
ZWE;Zimbabwe;USA;United States;Transport;Persons;2025;664,4168095;669,9310516;-0,459520172;-0,211328487;Annual;01/01/80
ZWE;Zimbabwe;USA;United States;Transport;Persons;2026;518,6663017;666,7666057;-16,45558933;-15,68579376;Annual;01/01/80
ZWE;Zimbabwe;ZAF;South Africa;Agriculture;Persons;1980;727,2897556;779,9985815;-4,392402152;-4,034237304;Annual;01/01/80
ZWE;Zimbabwe;ZAF;South Africa;Agriculture;Persons;1981;631,9931232;709,4755728;-6,456870801;-6,353728096;Annual;01/01/80
ZWE;Zimbabwe;ZAF;South Africa;Agriculture;Persons;1982;561,5848313;554,8330151;0,562651351;0,014581231;Annual;01/01/80
ZWE;Zimbabwe;ZAF;South Africa;Agriculture;Persons;1983;689,3078286;642,0838663;3,935330185;3,467752797;Annual;01/01/80
ZWE;Zimbabwe;ZAF;South Africa;Agriculture;Persons;1984;763,1128293;757,8276645;0,440430395;-0,101791713;Annual;01/01/80
ZWE;Zimbabwe;ZAF;South Africa;Agriculture;Persons;1985;825,2584071;799,9801698;2,106519778;1,946881285;Annual;01/01/80
ZWE;Zimbabwe;ZAF;South Africa;Agriculture;Persons;1986;749,7761364;793,8777788;-3,675136863;-3,532444872;Annual;01/01/80
ZWE;Zimbabwe;ZAF;South Africa;Agriculture;Persons;1987;671,2051977;546,5467899;10,38820065;8,975568602;Annual;01/01/80
ZWE;Zimbabwe;ZAF;South Africa;Agriculture;Persons;1988;622,7766127;674,615244;-4,319885937;-4,231121496;Annual;01/01/80
ZWE;Zimbabwe;ZAF;South Africa;Agriculture;Persons;1989;672,7936449;712,0394467;-3,270483485;-3,06719842;Annual;01/01/80
ZWE;Zimbabwe;ZAF;South Africa;Agriculture;Persons;1990;626,6096634;631,7033309;-0,424472288;0,073566505;Annual;01/01/80
ZWE;Zimbabwe;ZAF;South Africa;Agriculture;Persons;1991;660,5175211;707,7721091;-3,937882331;-3,330251211;Annual;01/01/80
ZWE;Zimbabwe;ZAF;South Africa;Agriculture;Persons;1992;798,6497954;899,6849316;-8,419594679;-7,261441188;Annual;01/01/80
ZWE;Zimbabwe;ZAF;South Africa;Agriculture;Persons;1993;495,5180885;549,1212311;-4,466928551;-3,722440898;Annual;01/01/80
ZWE;Zimbabwe;ZAF;South Africa;Agriculture;Persons;1994;698,4086052;662,311819;3,008065516;2,912831783;Annual;01/01/80
ZWE;Zimbabwe;ZAF;South Africa;Agriculture;Persons;1995;663,5443325;708,5589617;-3,7512191;-3,633258708;Annual;01/01/80
ZWE;Zimbabwe;ZAF;South Africa;Agriculture;Persons;1996;987,9118114;986,2431396;0,139055983;0,186230747;Annual;01/01/80
ZWE;Zimbabwe;ZAF;South Africa;Agriculture;Persons;1997;606,8591832;740,3115387;-11,12102963;-9,974584391;Annual;01/01/80
ZWE;Zimbabwe;ZAF;South Africa;Agriculture;Persons;1998;695,7859177;782,2153687;-7,202454253;-7,073960102;Annual;01/01/80
ZWE;Zimbabwe;ZAF;South Africa;Agriculture;Persons;1999;733,9610802;849,1536272;-9,599378918;-8,666754453;Annual;01/01/80
ZWE;Zimbabwe;ZAF;South Africa;Agriculture;Persons;2000;559,9092216;576,8081822;-1,408246723;-1,594408235;Annual;01/01/80
ZWE;Zimbabwe;ZAF;South Africa;Agriculture;Persons;2001;735,4175052;782,1350389;-3,893127807;-4,33715797;Annual;01/01/80
ZWE;Zimbabwe;ZAF;South Africa;Agriculture;Persons;2002;903,8442056;972,5375673;-5,724446807;-4,184717453;Annual;01/01/80
ZWE;Zimbabwe;ZAF;South Africa;Agriculture;Persons;2003;1056,835197;1164,738895;-8,991974858;-7,837441753;Annual;01/01/80
ZWE;Zimbabwe;ZAF;South Africa;Agriculture;Persons;2004;744,242788;815,6971717;-5,954531981;-4,513338004;Annual;01/01/80
ZWE;Zimbabwe;ZAF;South Africa;Agriculture;Persons;2005;510,0686255;630,4840402;-10,0346179;-8,951668998;Annual;01/01/80
ZWE;Zimbabwe;ZAF;South Africa;Agriculture;Persons;2006;949,5259844;941,2645613;0,688451925;0,563066872;Annual;01/01/80
ZWE;Zimbabwe;ZAF;South Africa;Agriculture;Persons;2007;711,0614894;775,6520509;-5,382546795;-5,300163173;Annual;01/01/80
ZWE;Zimbabwe;ZAF;South Africa;Agriculture;Persons;2008;588,7161412;525,3755779;5,278380272;4,596895601;Annual;01/01/80
ZWE;Zimbabwe;ZAF;South Africa;Agriculture;Persons;2009;668,468194;771,3546294;-8,573869614;-7,502472933;Annual;01/01/80
ZWE;Zimbabwe;ZAF;South Africa;Agriculture;Persons;2010;813,9712373;806,1548919;0,651362123;0,256807126;Annual;01/01/80
ZWE;Zimbabwe;ZAF;South Africa;Agriculture;Persons;2011;609,0807759;596,8975453;1,01526921;1,473301056;Annual;01/01/80
ZWE;Zimbabwe;ZAF;South Africa;Agriculture;Persons;2012;711,6114298;800,2251691;-7,38447827;-7,062565382;Annual;01/01/80
ZWE;Zimbabwe;ZAF;South Africa;Agriculture;Persons;2013;698,6292027;832,8526518;-11,18528743;-10,38059651;Annual;01/01/80
ZWE;Zimbabwe;ZAF;South Africa;Agriculture;Persons;2014;568,1186794;584,5316074;-1,367744002;-1,168209995;Annual;01/01/80
ZWE;Zimbabwe;ZAF;South Africa;Agriculture;Persons;2015;730,8002399;815,4305557;-7,052526311;-6,891757274;Annual;01/01/80
ZWE;Zimbabwe;ZAF;South Africa;Agriculture;Persons;2016;841,1745674;844,6677577;-0,291099193;-0,15106871;Annual;01/01/80
ZWE;Zimbabwe;ZAF;South Africa;Agriculture;Persons;2017;515,8799703;487,072709;2,400605114;2,334929049;Annual;01/01/80
ZWE;Zimbabwe;ZAF;South Africa;Agriculture;Persons;2018;740,9510832;809,3188588;-5,697314632;-5,181530223;Annual;01/01/80
ZWE;Zimbabwe;ZAF;South Africa;Agriculture;Persons;2019;904,2146778;905,0432315;-0,069046139;-0,78670636;Annual;01/01/80
ZWE;Zimbabwe;ZAF;South Africa;Agriculture;Persons;2020;664,7444749;724,635463;-4,990915675;-4,2156852;Annual;01/01/80
ZWE;Zimbabwe;ZAF;South Africa;Agriculture;Persons;2021;982,5580105;1140,974131;-13,20134335;-11,37553673;Annual;01/01/80
ZWE;Zimbabwe;ZAF;South Africa;Agriculture;Persons;2022;752,2383894;782,7270042;-2,540717902;-1,825719154;Annual;01/01/80
ZWE;Zimbabwe;ZAF;South Africa;Agriculture;Persons;2023;523,9205106;570,035214;-3,842891954;-3,793768865;Annual;01/01/80
ZWE;Zimbabwe;ZAF;South Africa;Agriculture;Persons;2024;1065,071959;1151,896863;-7,235408695;-5,817627907;Annual;01/01/80
ZWE;Zimbabwe;ZAF;South Africa;Agriculture;Persons;2025;847,8698581;952,1209628;-8,687592055;-8,057383956;Annual;01/01/80
ZWE;Zimbabwe;ZAF;South Africa;Agriculture;Persons;2026;461,1472718;573,2585254;-12,45680595;-11,66384694;Annual;01/01/80
ZWE;Zimbabwe;ZAF;South Africa;Construction;Persons;1980;641,4960273;696,2323734;-4,56136217;-4,041628615;Annual;01/01/80
ZWE;Zimbabwe;ZAF;South Africa;Construction;Persons;1981;616,2934562;698,9045706;-6,884259532;-5,943214863;Annual;01/01/80
ZWE;Zimbabwe;ZAF;South Africa;Construction;Persons;1982;466,4723336;486,0897801;-1,634787211;-1,492341921;Annual;01/01/80
ZWE;Zimbabwe;ZAF;South Africa;Construction;Persons;1983;877,193392;938,7286669;-5,127939571;-4,292537635;Annual;01/01/80
ZWE;Zimbabwe;ZAF;South Africa;Construction;Persons;1984;663,3983829;693,8322896;-2,536158896;-2,327298849;Annual;01/01/80
ZWE;Zimbabwe;ZAF;South Africa;Construction;Persons;1985;563,7939369;538,4745695;2,109947288;2,156094525;Annual;01/01/80
ZWE;Zimbabwe;ZAF;South Africa;Construction;Persons;1986;565,500886;623,7442893;-4,853616945;-4,468145597;Annual;01/01/80
ZWE;Zimbabwe;ZAF;South Africa;Construction;Persons;1987;513,0427423;537,2785225;-2,019648344;-1,755150368;Annual;01/01/80
ZWE;Zimbabwe;ZAF;South Africa;Construction;Persons;1988;680,250182;736,8475482;-4,716447184;-4,870107373;Annual;01/01/80
ZWE;Zimbabwe;ZAF;South Africa;Construction;Persons;1989;696,8053452;754,7958437;-4,832541539;-4,726763802;Annual;01/01/80
ZWE;Zimbabwe;ZAF;South Africa;Construction;Persons;1990;677,3220474;686,0257364;-0,725307416;-0,867140707;Annual;01/01/80
ZWE;Zimbabwe;ZAF;South Africa;Construction;Persons;1991;612,4877166;703,5302217;-7,586875428;-6,283707267;Annual;01/01/80
ZWE;Zimbabwe;ZAF;South Africa;Construction;Persons;1992;525,463558;614,3549909;-7,40761941;-6,863025844;Annual;01/01/80
ZWE;Zimbabwe;ZAF;South Africa;Construction;Persons;1993;652,9611062;633,0313752;1,66081092;1,483570356;Annual;01/01/80
ZWE;Zimbabwe;ZAF;South Africa;Construction;Persons;1994;745,2363837;804,6451762;-4,950732709;-4,82346329;Annual;01/01/80
ZWE;Zimbabwe;ZAF;South Africa;Construction;Persons;1995;744,2658075;877,8164519;-11,12922037;-9,402779585;Annual;01/01/80
ZWE;Zimbabwe;ZAF;South Africa;Construction;Persons;1996;850,5019403;869,2299734;-1,560669421;-2,142672621;Annual;01/01/80
ZWE;Zimbabwe;ZAF;South Africa;Construction;Persons;1997;643,9410194;685,7952059;-3,487848878;-2,814534536;Annual;01/01/80
ZWE;Zimbabwe;ZAF;South Africa;Construction;Persons;1998;810,9538427;980,2657379;-14,10932459;-13,81173851;Annual;01/01/80
ZWE;Zimbabwe;ZAF;South Africa;Construction;Persons;1999;801,9709879;825,7215225;-1,979211219;-1,967842466;Annual;01/01/80
ZWE;Zimbabwe;ZAF;South Africa;Construction;Persons;2000;888,9481619;981,1204672;-7,681025443;-6,599139296;Annual;01/01/80
ZWE;Zimbabwe;ZAF;South Africa;Construction;Persons;2001;703,5617435;663,9765188;3,298768721;2,698170943;Annual;01/01/80
ZWE;Zimbabwe;ZAF;South Africa;Construction;Persons;2002;722,4095041;778,6445729;-4,686255732;-3,909218119;Annual;01/01/80
ZWE;Zimbabwe;ZAF;South Africa;Construction;Persons;2003;616,8120159;574,592035;3,518331743;3,751118535;Annual;01/01/80
ZWE;Zimbabwe;ZAF;South Africa;Construction;Persons;2004;949,6192062;1138,608854;-15,74913729;-14,39511131;Annual;01/01/80
ZWE;Zimbabwe;ZAF;South Africa;Construction;Persons;2005;681,6843591;784,3706245;-8,557188784;-7,425756264;Annual;01/01/80
ZWE;Zimbabwe;ZAF;South Africa;Construction;Persons;2006;773,1782668;917,2297188;-12,00428767;-10,5257554;Annual;01/01/80
ZWE;Zimbabwe;ZAF;South Africa;Construction;Persons;2007;690,5139939;743,7249239;-4,434244171;-4,007186063;Annual;01/01/80
ZWE;Zimbabwe;ZAF;South Africa;Construction;Persons;2008;693,4994539;715,5869458;-1,840624329;-1,240749215;Annual;01/01/80
ZWE;Zimbabwe;ZAF;South Africa;Construction;Persons;2009;726,5305465;799,1247443;-6,049516481;-6,623580518;Annual;01/01/80
ZWE;Zimbabwe;ZAF;South Africa;Construction;Persons;2010;634,5716497;574,3916545;5,014999604;4,917492684;Annual;01/01/80
ZWE;Zimbabwe;ZAF;South Africa;Construction;Persons;2011;635,8948093;672,3913351;-3,041377145;-2,610913741;Annual;01/01/80
ZWE;Zimbabwe;ZAF;South Africa;Construction;Persons;2012;563,7283416;620,8845509;-4,763017441;-3,504068975;Annual;01/01/80
ZWE;Zimbabwe;ZAF;South Africa;Construction;Persons;2013;765,8773284;813,4996039;-3,968522963;-3,182208452;Annual;01/01/80
ZWE;Zimbabwe;ZAF;South Africa;Construction;Persons;2014;881,6900229;994,0766989;-9,36555634;-7,811235785;Annual;01/01/80
ZWE;Zimbabwe;ZAF;South Africa;Construction;Persons;2015;611,5246126;611,367148;0,013122052;-0,353721593;Annual;01/01/80
ZWE;Zimbabwe;ZAF;South Africa;Construction;Persons;2016;697,3080089;765,3626776;-5,67122239;-4,751174875;Annual;01/01/80
ZWE;Zimbabwe;ZAF;South Africa;Construction;Persons;2017;773,3501663;861,4298581;-7,339974313;-6,6541001;Annual;01/01/80
ZWE;Zimbabwe;ZAF;South Africa;Construction;Persons;2018;692,375831;719,9848714;-2,300753374;-2,751081477;Annual;01/01/80
ZWE;Zimbabwe;ZAF;South Africa;Construction;Persons;2019;548,7870735;554,8415893;-0,50454298;-0,324380792;Annual;01/01/80
ZWE;Zimbabwe;ZAF;South Africa;Construction;Persons;2020;582,0359698;603,3252566;-1,774107229;-1,742779505;Annual;01/01/80
ZWE;Zimbabwe;ZAF;South Africa;Construction;Persons;2021;704,6231164;727,1157915;-1,874389597;-2,009936347;Annual;01/01/80
ZWE;Zimbabwe;ZAF;South Africa;Construction;Persons;2022;855,300685;1024,887547;-14,13223847;-12,72272601;Annual;01/01/80
ZWE;Zimbabwe;ZAF;South Africa;Construction;Persons;2023;709,9583873;779,3284341;-5,78083723;-5,080824314;Annual;01/01/80
ZWE;Zimbabwe;ZAF;South Africa;Construction;Persons;2024;655,2695317;727,0525507;-5,981918247;-5,849633526;Annual;01/01/80
ZWE;Zimbabwe;ZAF;South Africa;Construction;Persons;2025;745,0085832;729,8050418;1,266961783;1,346079993;Annual;01/01/80
ZWE;Zimbabwe;ZAF;South Africa;Construction;Persons;2026;592,5221266;658,2588539;-7,304080816;-6,195657942;Annual;01/01/80
ZWE;Zimbabwe;ZAF;South Africa;Education;Persons;1980;710,4819366;722,2221977;-0,978355093;-0,761183403;Annual;01/01/80
ZWE;Zimbabwe;ZAF;South Africa;Education;Persons;1981;750,4715115;727,3057926;1,930476576;1,771141811;Annual;01/01/80
ZWE;Zimbabwe;ZAF;South Africa;Education;Persons;1982;536,2468826;586,3180283;-4,17259547;-4,10027913;Annual;01/01/80
ZWE;Zimbabwe;ZAF;South Africa;Education;Persons;1983;630,1320537;616,3892255;1,145235684;1,102302847;Annual;01/01/80
ZWE;Zimbabwe;ZAF;South Africa;Education;Persons;1984;820,7836681;837,1084531;-1,360398748;-1,159814474;Annual;01/01/80
ZWE;Zimbabwe;ZAF;South Africa;Education;Persons;1985;684,8524236;706,3357032;-1,7902733;-1,751024424;Annual;01/01/80
ZWE;Zimbabwe;ZAF;South Africa;Education;Persons;1986;689,8084132;751,1491935;-5,111731697;-4,551877044;Annual;01/01/80
ZWE;Zimbabwe;ZAF;South Africa;Education;Persons;1987;716,5603756;732,2858094;-1,310452818;-1,057518647;Annual;01/01/80
ZWE;Zimbabwe;ZAF;South Africa;Education;Persons;1988;591,2885791;682,8353487;-7,628897468;-6,97810034;Annual;01/01/80
ZWE;Zimbabwe;ZAF;South Africa;Education;Persons;1989;696,5200056;743,8959993;-3,947999474;-3,537572557;Annual;01/01/80
ZWE;Zimbabwe;ZAF;South Africa;Education;Persons;1990;879,9941597;877,0306664;0,246957771;-0,483820443;Annual;01/01/80
ZWE;Zimbabwe;ZAF;South Africa;Education;Persons;1991;624,0186587;654,0234611;-2,500400206;-2,100984959;Annual;01/01/80
ZWE;Zimbabwe;ZAF;South Africa;Education;Persons;1992;516,928956;590,4093634;-6,123367285;-4,988590147;Annual;01/01/80
ZWE;Zimbabwe;ZAF;South Africa;Education;Persons;1993;646,9638387;706,6726522;-4,975734456;-4,93157065;Annual;01/01/80
ZWE;Zimbabwe;ZAF;South Africa;Education;Persons;1994;861,8131122;968,6357142;-8,901883502;-7,95108916;Annual;01/01/80
ZWE;Zimbabwe;ZAF;South Africa;Education;Persons;1995;665,9962785;680,5597124;-1,213619487;-1,090163249;Annual;01/01/80
ZWE;Zimbabwe;ZAF;South Africa;Education;Persons;1996;725,6804781;795,0712458;-5,782563972;-5,013891316;Annual;01/01/80
ZWE;Zimbabwe;ZAF;South Africa;Education;Persons;1997;605,7195594;628,3480151;-1,885704641;-2,037630357;Annual;01/01/80
ZWE;Zimbabwe;ZAF;South Africa;Education;Persons;1998;856,4903328;994,1832652;-11,47441104;-10,61366469;Annual;01/01/80
ZWE;Zimbabwe;ZAF;South Africa;Education;Persons;1999;571,0141922;655,9698358;-7,079636969;-6,460609025;Annual;01/01/80
ZWE;Zimbabwe;ZAF;South Africa;Education;Persons;2000;766,0006188;843,1205981;-6,426664941;-5,598950296;Annual;01/01/80
ZWE;Zimbabwe;ZAF;South Africa;Education;Persons;2001;695,0697281;745,220856;-4,179260653;-3,362573791;Annual;01/01/80
ZWE;Zimbabwe;ZAF;South Africa;Education;Persons;2002;623,5580044;686,171337;-5,217777713;-4,81259509;Annual;01/01/80
ZWE;Zimbabwe;ZAF;South Africa;Education;Persons;2003;583,0903737;645,8133424;-5,22691406;-4,9549993;Annual;01/01/80
ZWE;Zimbabwe;ZAF;South Africa;Education;Persons;2004;732,0841698;731,5568804;0,043940781;-0,775946358;Annual;01/01/80
ZWE;Zimbabwe;ZAF;South Africa;Education;Persons;2005;819,5478042;862,0953923;-3,545632338;-2,842503606;Annual;01/01/80
ZWE;Zimbabwe;ZAF;South Africa;Education;Persons;2006;676,4036501;703,0234225;-2,218314367;-1,758021211;Annual;01/01/80
ZWE;Zimbabwe;ZAF;South Africa;Education;Persons;2007;810,2952485;897,9349278;-7,303306612;-6,692095726;Annual;01/01/80
ZWE;Zimbabwe;ZAF;South Africa;Education;Persons;2008;876,9677369;1020,395839;-11,95234182;-11,24792416;Annual;01/01/80
ZWE;Zimbabwe;ZAF;South Africa;Education;Persons;2009;630,1354345;736,6441672;-8,87572773;-8,082532762;Annual;01/01/80
ZWE;Zimbabwe;ZAF;South Africa;Education;Persons;2010;700,7626935;804,2404566;-8,623146923;-7,148293312;Annual;01/01/80
ZWE;Zimbabwe;ZAF;South Africa;Education;Persons;2011;744,4858032;761,2142243;-1,394035092;-1,095252184;Annual;01/01/80
ZWE;Zimbabwe;ZAF;South Africa;Education;Persons;2012;603,447441;715,8554438;-9,367333561;-8,775171711;Annual;01/01/80
ZWE;Zimbabwe;ZAF;South Africa;Education;Persons;2013;766,2426301;893,9450743;-10,64187035;-9,566540198;Annual;01/01/80
ZWE;Zimbabwe;ZAF;South Africa;Education;Persons;2014;891,9245074;954,083043;-5,179877959;-4,715050549;Annual;01/01/80
ZWE;Zimbabwe;ZAF;South Africa;Education;Persons;2015;577,9397254;596,7382851;-1,566546643;-1,560335564;Annual;01/01/80
ZWE;Zimbabwe;ZAF;South Africa;Education;Persons;2016;738,9856383;739,2443242;-0,021557155;-0,092212196;Annual;01/01/80
ZWE;Zimbabwe;ZAF;South Africa;Education;Persons;2017;670,057682;627,0711206;3,582213453;3,190997128;Annual;01/01/80
ZWE;Zimbabwe;ZAF;South Africa;Education;Persons;2018;766,1871501;765,704601;0,040212424;0,416288596;Annual;01/01/80
ZWE;Zimbabwe;ZAF;South Africa;Education;Persons;2019;657,8477658;676,1626403;-1,526239539;-1,318482673;Annual;01/01/80
ZWE;Zimbabwe;ZAF;South Africa;Education;Persons;2020;753,6310475;755,3645294;-0,144456824;-0,180986191;Annual;01/01/80
ZWE;Zimbabwe;ZAF;South Africa;Education;Persons;2021;691,743475;656,9428942;2,900048397;2,855566487;Annual;01/01/80
ZWE;Zimbabwe;ZAF;South Africa;Education;Persons;2022;559,6729715;584,3683748;-2,057950272;-2,106808308;Annual;01/01/80
ZWE;Zimbabwe;ZAF;South Africa;Education;Persons;2023;609,8103099;599,41329;0,866418328;0,797037871;Annual;01/01/80
ZWE;Zimbabwe;ZAF;South Africa;Education;Persons;2024;568,0653119;529,7847626;3,190045771;2,951202123;Annual;01/01/80
ZWE;Zimbabwe;ZAF;South Africa;Education;Persons;2025;746,0220213;828,8101029;-6,8990068;-5,295986384;Annual;01/01/80
ZWE;Zimbabwe;ZAF;South Africa;Education;Persons;2026;389,3566534;403,6201752;-1,58483576;-1,135136895;Annual;01/01/80
ZWE;Zimbabwe;ZAF;South Africa;Finance;Persons;1980;751,2634185;794,0842835;-3,568405412;-3,486534394;Annual;01/01/80
ZWE;Zimbabwe;ZAF;South Africa;Finance;Persons;1981;844,4599755;905,32056;-5,071715373;-4,692020534;Annual;01/01/80
ZWE;Zimbabwe;ZAF;South Africa;Finance;Persons;1982;641,7260871;694,9045821;-4,431541247;-3,977750149;Annual;01/01/80
ZWE;Zimbabwe;ZAF;South Africa;Finance;Persons;1983;888,5443672;1078,539802;-15,83295289;-14,90087988;Annual;01/01/80
ZWE;Zimbabwe;ZAF;South Africa;Finance;Persons;1984;833,3020481;979,870373;-12,21402708;-11,33524296;Annual;01/01/80
ZWE;Zimbabwe;ZAF;South Africa;Finance;Persons;1985;815,4755948;959,1114703;-11,96965629;-10,44949643;Annual;01/01/80
ZWE;Zimbabwe;ZAF;South Africa;Finance;Persons;1986;727,1012151;808,8665952;-6,813781674;-6,355285384;Annual;01/01/80
ZWE;Zimbabwe;ZAF;South Africa;Finance;Persons;1987;563,9707491;521,8804691;3,50752333;3,07248652;Annual;01/01/80
ZWE;Zimbabwe;ZAF;South Africa;Finance;Persons;1988;715,0974036;726,302865;-0,933788449;-0,803783494;Annual;01/01/80
ZWE;Zimbabwe;ZAF;South Africa;Finance;Persons;1989;782,5704034;811,1176759;-2,378939368;-1,984952964;Annual;01/01/80
ZWE;Zimbabwe;ZAF;South Africa;Finance;Persons;1990;638,103944;677,7254093;-3,301788771;-3,113212163;Annual;01/01/80
ZWE;Zimbabwe;ZAF;South Africa;Finance;Persons;1991;635,9711259;751,342676;-9,614295839;-9,115999341;Annual;01/01/80
ZWE;Zimbabwe;ZAF;South Africa;Finance;Persons;1992;753,6042157;861,6847434;-9,006710641;-7,993068141;Annual;01/01/80
ZWE;Zimbabwe;ZAF;South Africa;Finance;Persons;1993;592,4150935;596,5561926;-0,34509159;-0,318516369;Annual;01/01/80
ZWE;Zimbabwe;ZAF;South Africa;Finance;Persons;1994;645,6302538;655,8895033;-0,854937464;-0,731330281;Annual;01/01/80
ZWE;Zimbabwe;ZAF;South Africa;Finance;Persons;1995;824,3230043;953,6141241;-10,77425998;-9,163127741;Annual;01/01/80
ZWE;Zimbabwe;ZAF;South Africa;Finance;Persons;1996;646,7910041;668,2578736;-1,788905798;-1,359432711;Annual;01/01/80
ZWE;Zimbabwe;ZAF;South Africa;Finance;Persons;1997;703,4004521;792,7781795;-7,448143949;-6,624455409;Annual;01/01/80
ZWE;Zimbabwe;ZAF;South Africa;Finance;Persons;1998;816,8275978;774,6941778;3,511118334;3,302990474;Annual;01/01/80
ZWE;Zimbabwe;ZAF;South Africa;Finance;Persons;1999;483,462759;526,4569111;-3,582846008;-2,592307819;Annual;01/01/80
ZWE;Zimbabwe;ZAF;South Africa;Finance;Persons;2000;732,3701907;752,7829026;-1,701059326;-1,962268386;Annual;01/01/80
ZWE;Zimbabwe;ZAF;South Africa;Finance;Persons;2001;689,8749915;789,574881;-8,308324129;-7,912367909;Annual;01/01/80
ZWE;Zimbabwe;ZAF;South Africa;Finance;Persons;2002;593,379245;656,5012483;-5,260166941;-4,46497098;Annual;01/01/80
ZWE;Zimbabwe;ZAF;South Africa;Finance;Persons;2003;594,0053121;576,392907;1,467700431;1,181700874;Annual;01/01/80
ZWE;Zimbabwe;ZAF;South Africa;Finance;Persons;2004;705,8808654;759,5798991;-4,47491947;-3,998268456;Annual;01/01/80
ZWE;Zimbabwe;ZAF;South Africa;Finance;Persons;2005;695,0623268;785,9924882;-7,577513454;-6,878423458;Annual;01/01/80
ZWE;Zimbabwe;ZAF;South Africa;Finance;Persons;2006;890,7500074;999,1324196;-9,03186769;-7,550408367;Annual;01/01/80
ZWE;Zimbabwe;ZAF;South Africa;Finance;Persons;2007;796,2632741;755,4329099;3,402530358;3,36495588;Annual;01/01/80
ZWE;Zimbabwe;ZAF;South Africa;Finance;Persons;2008;876,0137979;1057,059002;-15,08710036;-13,48420719;Annual;01/01/80
ZWE;Zimbabwe;ZAF;South Africa;Finance;Persons;2009;559,3573868;676,4914364;-9,761170803;-9,1909573;Annual;01/01/80
ZWE;Zimbabwe;ZAF;South Africa;Finance;Persons;2010;780,8344896;959,2335062;-14,86658472;-13,36192886;Annual;01/01/80
ZWE;Zimbabwe;ZAF;South Africa;Finance;Persons;2011;819,7641769;823,5556067;-0,31595248;-0,043096167;Annual;01/01/80
ZWE;Zimbabwe;ZAF;South Africa;Finance;Persons;2012;596,0522;667,6124802;-5,96335668;-5,51945149;Annual;01/01/80
ZWE;Zimbabwe;ZAF;South Africa;Finance;Persons;2013;623,112787;812,6232296;-15,79253689;-14,65930205;Annual;01/01/80
ZWE;Zimbabwe;ZAF;South Africa;Finance;Persons;2014;630,0261204;656,6477256;-2,218467096;-1,708580158;Annual;01/01/80
ZWE;Zimbabwe;ZAF;South Africa;Finance;Persons;2015;858,3528493;1015,013287;-13,05503646;-10,86753891;Annual;01/01/80
ZWE;Zimbabwe;ZAF;South Africa;Finance;Persons;2016;844,7546565;785,0220223;4,977719515;4,247585552;Annual;01/01/80
ZWE;Zimbabwe;ZAF;South Africa;Finance;Persons;2017;686,3661123;774,2886977;-7,326882114;-6,865437698;Annual;01/01/80
ZWE;Zimbabwe;ZAF;South Africa;Finance;Persons;2018;771,2042716;858,6766077;-7,289361339;-6,779978128;Annual;01/01/80
ZWE;Zimbabwe;ZAF;South Africa;Finance;Persons;2019;612,1598268;604,0820079;0,67315157;0,690509923;Annual;01/01/80
ZWE;Zimbabwe;ZAF;South Africa;Finance;Persons;2020;919,7840601;852,4827025;5,608446461;5,523958342;Annual;01/01/80
ZWE;Zimbabwe;ZAF;South Africa;Finance;Persons;2021;786,9676817;843,7267442;-4,729921878;-4,694545197;Annual;01/01/80
ZWE;Zimbabwe;ZAF;South Africa;Finance;Persons;2022;615,5053356;658,7032807;-3,599828757;-3,398509119;Annual;01/01/80
ZWE;Zimbabwe;ZAF;South Africa;Finance;Persons;2023;721,3272175;765,5900066;-3,688565763;-3,860600323;Annual;01/01/80
ZWE;Zimbabwe;ZAF;South Africa;Finance;Persons;2024;537,1487676;568,2194488;-2,589223436;-1,796433282;Annual;01/01/80
ZWE;Zimbabwe;ZAF;South Africa;Finance;Persons;2025;631,7260723;629,0728184;0,221104494;0,27990139;Annual;01/01/80
ZWE;Zimbabwe;ZAF;South Africa;Finance;Persons;2026;589,4453633;662,8549371;-8,156619309;-7,371572987;Annual;01/01/80
ZWE;Zimbabwe;ZAF;South Africa;Health;Persons;1980;703,1462466;733,0591078;-2,492738433;-2,310566543;Annual;01/01/80
ZWE;Zimbabwe;ZAF;South Africa;Health;Persons;1981;616,2343118;693,4112051;-6,431407781;-5,127120973;Annual;01/01/80
ZWE;Zimbabwe;ZAF;South Africa;Health;Persons;1982;728,2233205;771,0116636;-3,565695261;-2,743821035;Annual;01/01/80
ZWE;Zimbabwe;ZAF;South Africa;Health;Persons;1983;700,2025467;809,5350237;-9,111039749;-8,781359109;Annual;01/01/80
ZWE;Zimbabwe;ZAF;South Africa;Health;Persons;1984;763,1557848;827,3650976;-5,350776074;-4,894512976;Annual;01/01/80
ZWE;Zimbabwe;ZAF;South Africa;Health;Persons;1985;806,7596206;837,8237619;-2,588678441;-1,978907748;Annual;01/01/80
ZWE;Zimbabwe;ZAF;South Africa;Health;Persons;1986;749,6055001;841,2216171;-7,634676415;-6,747048893;Annual;01/01/80
ZWE;Zimbabwe;ZAF;South Africa;Health;Persons;1987;571,1470397;600,4024651;-2,437952118;-2,633605594;Annual;01/01/80
ZWE;Zimbabwe;ZAF;South Africa;Health;Persons;1988;709,7668554;732,2632289;-1,874697784;-1,452828886;Annual;01/01/80
ZWE;Zimbabwe;ZAF;South Africa;Health;Persons;1989;772,313095;843,9992183;-5,973843608;-5,852378169;Annual;01/01/80
ZWE;Zimbabwe;ZAF;South Africa;Health;Persons;1990;717,6431309;712,5772429;0,422157334;0,892167356;Annual;01/01/80
ZWE;Zimbabwe;ZAF;South Africa;Health;Persons;1991;697,5240039;785,7874841;-7,355290011;-5,649394046;Annual;01/01/80
ZWE;Zimbabwe;ZAF;South Africa;Health;Persons;1992;699,3478053;684,6783905;1,222451232;0,495828989;Annual;01/01/80
ZWE;Zimbabwe;ZAF;South Africa;Health;Persons;1993;952,5521644;1116,626622;-13,67287146;-12,72879414;Annual;01/01/80
ZWE;Zimbabwe;ZAF;South Africa;Health;Persons;1994;845,3548018;932,7955363;-7,286727879;-6,867487746;Annual;01/01/80
ZWE;Zimbabwe;ZAF;South Africa;Health;Persons;1995;721,6016331;787,3878736;-5,482186708;-4,570031566;Annual;01/01/80
ZWE;Zimbabwe;ZAF;South Africa;Health;Persons;1996;643,4997829;691,7030499;-4,016938915;-3,714611889;Annual;01/01/80
ZWE;Zimbabwe;ZAF;South Africa;Health;Persons;1997;559,6145823;623,7725328;-5,346495873;-4,915213454;Annual;01/01/80
ZWE;Zimbabwe;ZAF;South Africa;Health;Persons;1998;735,0606583;778,8772771;-3,651384901;-3,176247279;Annual;01/01/80
ZWE;Zimbabwe;ZAF;South Africa;Health;Persons;1999;717,8100942;826,6510495;-9,070079609;-7,491391387;Annual;01/01/80
ZWE;Zimbabwe;ZAF;South Africa;Health;Persons;2000;788,1660632;834,475722;-3,85913823;-3,954089962;Annual;01/01/80
ZWE;Zimbabwe;ZAF;South Africa;Health;Persons;2001;838,5030026;930,0987485;-7,632978832;-6,941201965;Annual;01/01/80
ZWE;Zimbabwe;ZAF;South Africa;Health;Persons;2002;714,0355063;696,948306;1,42393336;1,264982863;Annual;01/01/80
ZWE;Zimbabwe;ZAF;South Africa;Health;Persons;2003;723,3084193;736,1205638;-1,067678707;-0,751798317;Annual;01/01/80
ZWE;Zimbabwe;ZAF;South Africa;Health;Persons;2004;712,7252793;838,0600416;-10,44456353;-9,596375239;Annual;01/01/80
ZWE;Zimbabwe;ZAF;South Africa;Health;Persons;2005;748,9974861;752,5599717;-0,296873799;0,083289927;Annual;01/01/80
ZWE;Zimbabwe;ZAF;South Africa;Health;Persons;2006;599,1334863;706,6649993;-8,960959415;-7,585507609;Annual;01/01/80
ZWE;Zimbabwe;ZAF;South Africa;Health;Persons;2007;668,0504005;716,5225569;-4,039346373;-3,163438469;Annual;01/01/80
ZWE;Zimbabwe;ZAF;South Africa;Health;Persons;2008;845,9206017;878,5486712;-2,719005796;-2,433027783;Annual;01/01/80
ZWE;Zimbabwe;ZAF;South Africa;Health;Persons;2009;773,211032;818,1498745;-3,744903542;-3,290174091;Annual;01/01/80
ZWE;Zimbabwe;ZAF;South Africa;Health;Persons;2010;754,4496103;849,9790649;-7,960787884;-7,345436814;Annual;01/01/80
ZWE;Zimbabwe;ZAF;South Africa;Health;Persons;2011;865,3327453;930,1015317;-5,39739887;-4,980137017;Annual;01/01/80
ZWE;Zimbabwe;ZAF;South Africa;Health;Persons;2012;671,5713324;629,8932026;3,473177483;3,027033313;Annual;01/01/80
ZWE;Zimbabwe;ZAF;South Africa;Health;Persons;2013;595,8337379;591,7129996;0,343394856;0,28685282;Annual;01/01/80
ZWE;Zimbabwe;ZAF;South Africa;Health;Persons;2014;714,3821791;765,4883759;-4,258849733;-3,913892743;Annual;01/01/80
ZWE;Zimbabwe;ZAF;South Africa;Health;Persons;2015;545,535831;522,142727;1,949425331;1,755442243;Annual;01/01/80
ZWE;Zimbabwe;ZAF;South Africa;Health;Persons;2016;923,7830024;870,2523823;4,46088501;3,671878575;Annual;01/01/80
ZWE;Zimbabwe;ZAF;South Africa;Health;Persons;2017;733,7605808;840,736001;-8,914618356;-7,538971842;Annual;01/01/80
ZWE;Zimbabwe;ZAF;South Africa;Health;Persons;2018;638,953645;646,1991968;-0,603795986;-0,509552559;Annual;01/01/80
ZWE;Zimbabwe;ZAF;South Africa;Health;Persons;2019;732,4439721;803,4836377;-5,919972133;-5,895084178;Annual;01/01/80
ZWE;Zimbabwe;ZAF;South Africa;Health;Persons;2020;882,3829941;896,9776427;-1,216220712;-0,300257916;Annual;01/01/80
ZWE;Zimbabwe;ZAF;South Africa;Health;Persons;2021;641,6260518;680,2771281;-3,22092303;-2,783812061;Annual;01/01/80
ZWE;Zimbabwe;ZAF;South Africa;Health;Persons;2022;615,8892344;712,8510104;-8,080148001;-6,849772516;Annual;01/01/80
ZWE;Zimbabwe;ZAF;South Africa;Health;Persons;2023;712,3957233;787,5325837;-6,261405035;-5,248465416;Annual;01/01/80
ZWE;Zimbabwe;ZAF;South Africa;Health;Persons;2024;768,9821498;774,6786559;-0,474708842;-0,198124307;Annual;01/01/80
ZWE;Zimbabwe;ZAF;South Africa;Health;Persons;2025;834,5956378;913,9741771;-6,614878273;-6,55691681;Annual;01/01/80
ZWE;Zimbabwe;ZAF;South Africa;Health;Persons;2026;472,8881778;507,0140262;-3,79176093;-3,11775551;Annual;01/01/80
ZWE;Zimbabwe;ZAF;South Africa;ICT;Persons;1980;832,116208;884,7778143;-4,388467199;-4,601188952;Annual;01/01/80
ZWE;Zimbabwe;ZAF;South Africa;ICT;Persons;1981;914,8189604;1108,122423;-16,10862187;-13,50906468;Annual;01/01/80
ZWE;Zimbabwe;ZAF;South Africa;ICT;Persons;1982;562,1258995;554,1627855;0,663592829;0,466217015;Annual;01/01/80
ZWE;Zimbabwe;ZAF;South Africa;ICT;Persons;1983;654,3594722;658,2671735;-0,325641773;0,005690781;Annual;01/01/80
ZWE;Zimbabwe;ZAF;South Africa;ICT;Persons;1984;565,2916534;558,0849543;0,600558262;0,797483583;Annual;01/01/80
ZWE;Zimbabwe;ZAF;South Africa;ICT;Persons;1985;857,0386229;832,0423229;2,083025;1,971841146;Annual;01/01/80
ZWE;Zimbabwe;ZAF;South Africa;ICT;Persons;1986;724,3183543;756,203548;-2,657099472;-2,681794152;Annual;01/01/80
ZWE;Zimbabwe;ZAF;South Africa;ICT;Persons;1987;529,9035905;541,795672;-0,991006788;-0,729961654;Annual;01/01/80
ZWE;Zimbabwe;ZAF;South Africa;ICT;Persons;1988;883,5300038;942,795212;-4,93876735;-4,791523603;Annual;01/01/80
ZWE;Zimbabwe;ZAF;South Africa;ICT;Persons;1989;560,3724773;507,8327228;4,378312867;4,243638542;Annual;01/01/80
ZWE;Zimbabwe;ZAF;South Africa;ICT;Persons;1990;592,8247583;699,9331981;-8,925703316;-7,397316825;Annual;01/01/80
ZWE;Zimbabwe;ZAF;South Africa;ICT;Persons;1991;761,5814792;902,8121634;-11,76922369;-10,56188077;Annual;01/01/80
ZWE;Zimbabwe;ZAF;South Africa;ICT;Persons;1992;712,9471426;721,8576866;-0,742545328;-0,512725246;Annual;01/01/80
ZWE;Zimbabwe;ZAF;South Africa;ICT;Persons;1993;683,8112626;791,7460232;-8,994563378;-7,380967871;Annual;01/01/80
ZWE;Zimbabwe;ZAF;South Africa;ICT;Persons;1994;859,1696764;1007,894278;-12,39371677;-10,91932881;Annual;01/01/80
ZWE;Zimbabwe;ZAF;South Africa;ICT;Persons;1995;765,9988066;806,5113927;-3,376048841;-3,094693957;Annual;01/01/80
ZWE;Zimbabwe;ZAF;South Africa;ICT;Persons;1996;743,9878787;779,7524987;-2,980385002;-1,936976126;Annual;01/01/80
ZWE;Zimbabwe;ZAF;South Africa;ICT;Persons;1997;779,1102272;833,1308871;-4,501721662;-3,757102699;Annual;01/01/80
ZWE;Zimbabwe;ZAF;South Africa;ICT;Persons;1998;797,1938362;950,8867995;-12,80774694;-12,44431003;Annual;01/01/80
ZWE;Zimbabwe;ZAF;South Africa;ICT;Persons;1999;723,0462711;813,3695436;-7,526939376;-6,750957234;Annual;01/01/80
ZWE;Zimbabwe;ZAF;South Africa;ICT;Persons;2000;606,4699489;659,2348227;-4,397072814;-4,254252316;Annual;01/01/80
ZWE;Zimbabwe;ZAF;South Africa;ICT;Persons;2001;776,6948923;871,6856956;-7,915900276;-7,199995336;Annual;01/01/80
ZWE;Zimbabwe;ZAF;South Africa;ICT;Persons;2002;532,4413503;666,3174632;-11,15634274;-10,83296461;Annual;01/01/80
ZWE;Zimbabwe;ZAF;South Africa;ICT;Persons;2003;592,581899;721,6349907;-10,75442431;-10,30834971;Annual;01/01/80
ZWE;Zimbabwe;ZAF;South Africa;ICT;Persons;2004;772,3699134;844,0865691;-5,976387973;-4,880783729;Annual;01/01/80
ZWE;Zimbabwe;ZAF;South Africa;ICT;Persons;2005;667,2315761;735,7131638;-5,706798972;-4,760532007;Annual;01/01/80
ZWE;Zimbabwe;ZAF;South Africa;ICT;Persons;2006;839,24556;924,2433836;-7,083151966;-6,907013418;Annual;01/01/80
ZWE;Zimbabwe;ZAF;South Africa;ICT;Persons;2007;798,8285945;879,3243738;-6,707981605;-5,825201986;Annual;01/01/80
ZWE;Zimbabwe;ZAF;South Africa;ICT;Persons;2008;615,8650451;666,721797;-4,238062658;-3,646427779;Annual;01/01/80
ZWE;Zimbabwe;ZAF;South Africa;ICT;Persons;2009;800,658804;803,0563087;-0,199792054;0,528011181;Annual;01/01/80
ZWE;Zimbabwe;ZAF;South Africa;ICT;Persons;2010;612,3170328;613,5537827;-0,103062493;0,048092099;Annual;01/01/80
ZWE;Zimbabwe;ZAF;South Africa;ICT;Persons;2011;700,2143584;725,94612;-2,144313472;-1,429814146;Annual;01/01/80
ZWE;Zimbabwe;ZAF;South Africa;ICT;Persons;2012;830,5740574;933,1958673;-8,551817492;-7,496455562;Annual;01/01/80
ZWE;Zimbabwe;ZAF;South Africa;ICT;Persons;2013;705,6134377;798,733634;-7,760016364;-7,094458304;Annual;01/01/80
ZWE;Zimbabwe;ZAF;South Africa;ICT;Persons;2014;775,6270312;864,2971073;-7,389173014;-6,726077373;Annual;01/01/80
ZWE;Zimbabwe;ZAF;South Africa;ICT;Persons;2015;772,6773677;865,5636586;-7,740524248;-6,670333282;Annual;01/01/80
ZWE;Zimbabwe;ZAF;South Africa;ICT;Persons;2016;668,4376091;731,469972;-5,252696911;-5,238894436;Annual;01/01/80
ZWE;Zimbabwe;ZAF;South Africa;ICT;Persons;2017;882,8136612;941,4422445;-4,885715277;-4,487092414;Annual;01/01/80
ZWE;Zimbabwe;ZAF;South Africa;ICT;Persons;2018;594,839317;650,009011;-4,597474503;-4,63859761;Annual;01/01/80
ZWE;Zimbabwe;ZAF;South Africa;ICT;Persons;2019;778,2834577;789,9497443;-0,972190546;-0,963755148;Annual;01/01/80
ZWE;Zimbabwe;ZAF;South Africa;ICT;Persons;2020;697,9103102;654,6167335;3,607798063;3,179237012;Annual;01/01/80
ZWE;Zimbabwe;ZAF;South Africa;ICT;Persons;2021;664,170229;778,2356113;-9,505448527;-8,127517115;Annual;01/01/80
ZWE;Zimbabwe;ZAF;South Africa;ICT;Persons;2022;706,8595541;724,266353;-1,450566578;-1,18933963;Annual;01/01/80
ZWE;Zimbabwe;ZAF;South Africa;ICT;Persons;2023;445,8575547;457,7600893;-0,991877888;-1,201724152;Annual;01/01/80
ZWE;Zimbabwe;ZAF;South Africa;ICT;Persons;2024;747,1514569;825,7921392;-6,553390195;-6,765904248;Annual;01/01/80
ZWE;Zimbabwe;ZAF;South Africa;ICT;Persons;2025;748,9826872;838,9898814;-7,500599512;-6,255200975;Annual;01/01/80
ZWE;Zimbabwe;ZAF;South Africa;ICT;Persons;2026;476,7666372;468,533918;0,914746578;1,077795291;Annual;01/01/80
ZWE;Zimbabwe;ZAF;South Africa;Manufacturing;Persons;1980;713,9394015;725,2812599;-0,945154865;-0,875605197;Annual;01/01/80
ZWE;Zimbabwe;ZAF;South Africa;Manufacturing;Persons;1981;761,3771788;890,5705606;-10,76611515;-8,421735252;Annual;01/01/80
ZWE;Zimbabwe;ZAF;South Africa;Manufacturing;Persons;1982;654,3943512;800,5171664;-12,17690127;-11,26381279;Annual;01/01/80
ZWE;Zimbabwe;ZAF;South Africa;Manufacturing;Persons;1983;544,8645965;609,2790391;-5,367870219;-4,98274348;Annual;01/01/80
ZWE;Zimbabwe;ZAF;South Africa;Manufacturing;Persons;1984;745,2003246;804,2067207;-4,917199678;-4,095614146;Annual;01/01/80
ZWE;Zimbabwe;ZAF;South Africa;Manufacturing;Persons;1985;696,7165336;708,6522164;-0,994640235;-0,84652177;Annual;01/01/80
ZWE;Zimbabwe;ZAF;South Africa;Manufacturing;Persons;1986;975,7221716;1091,161497;-9,619943822;-8,816621684;Annual;01/01/80
ZWE;Zimbabwe;ZAF;South Africa;Manufacturing;Persons;1987;787,1335385;956,7952051;-14,13847221;-13,19898067;Annual;01/01/80
ZWE;Zimbabwe;ZAF;South Africa;Manufacturing;Persons;1988;780,8938754;867,3377565;-7,203656761;-6,372563946;Annual;01/01/80
ZWE;Zimbabwe;ZAF;South Africa;Manufacturing;Persons;1989;718,9892863;809,9909764;-7,583474175;-6,332607417;Annual;01/01/80
ZWE;Zimbabwe;ZAF;South Africa;Manufacturing;Persons;1990;820,3386645;859,2358981;-3,241436131;-2,971476399;Annual;01/01/80
ZWE;Zimbabwe;ZAF;South Africa;Manufacturing;Persons;1991;520,4071946;576,1666918;-4,646624765;-3,918825303;Annual;01/01/80
ZWE;Zimbabwe;ZAF;South Africa;Manufacturing;Persons;1992;762,8376266;745,9820324;1,404632851;1,345149918;Annual;01/01/80
ZWE;Zimbabwe;ZAF;South Africa;Manufacturing;Persons;1993;736,9674582;825,170315;-7,350238067;-6,545370065;Annual;01/01/80
ZWE;Zimbabwe;ZAF;South Africa;Manufacturing;Persons;1994;593,3966104;658,8602342;-5,455301988;-4,931822608;Annual;01/01/80
ZWE;Zimbabwe;ZAF;South Africa;Manufacturing;Persons;1995;773,6252738;838,0758595;-5,370882138;-4,921298269;Annual;01/01/80
ZWE;Zimbabwe;ZAF;South Africa;Manufacturing;Persons;1996;530,8502923;555,9381961;-2,090658649;-1,950928937;Annual;01/01/80
ZWE;Zimbabwe;ZAF;South Africa;Manufacturing;Persons;1997;663,050576;722,8163342;-4,980479853;-4,955373291;Annual;01/01/80
ZWE;Zimbabwe;ZAF;South Africa;Manufacturing;Persons;1998;706,2809142;724,8311398;-1,545852133;-1,015566745;Annual;01/01/80
ZWE;Zimbabwe;ZAF;South Africa;Manufacturing;Persons;1999;568,7943408;681,8477006;-9,421113315;-9,063305461;Annual;01/01/80
ZWE;Zimbabwe;ZAF;South Africa;Manufacturing;Persons;2000;716,0052211;842,8384919;-10,56943924;-9,753604713;Annual;01/01/80
ZWE;Zimbabwe;ZAF;South Africa;Manufacturing;Persons;2001;618,7348705;706,1917783;-7,288075644;-6,204193094;Annual;01/01/80
ZWE;Zimbabwe;ZAF;South Africa;Manufacturing;Persons;2002;609,1648035;651,9754543;-3,567554231;-3,57589905;Annual;01/01/80
ZWE;Zimbabwe;ZAF;South Africa;Manufacturing;Persons;2003;642,2956425;624,4068237;1,490734893;1,159293712;Annual;01/01/80
ZWE;Zimbabwe;ZAF;South Africa;Manufacturing;Persons;2004;674,6179224;651,2334433;1,948706593;1,750320013;Annual;01/01/80
ZWE;Zimbabwe;ZAF;South Africa;Manufacturing;Persons;2005;730,875614;741,6270845;-0,895955875;-0,711997827;Annual;01/01/80
ZWE;Zimbabwe;ZAF;South Africa;Manufacturing;Persons;2006;752,4561926;864,4733066;-9,334759497;-8,300227933;Annual;01/01/80
ZWE;Zimbabwe;ZAF;South Africa;Manufacturing;Persons;2007;651,0261917;649,9636757;0,088543003;-0,32925245;Annual;01/01/80
ZWE;Zimbabwe;ZAF;South Africa;Manufacturing;Persons;2008;640,1285675;679,0270202;-3,24153772;-2,696845715;Annual;01/01/80
ZWE;Zimbabwe;ZAF;South Africa;Manufacturing;Persons;2009;721,1438411;743,7334814;-1,882470027;-2,071066178;Annual;01/01/80
ZWE;Zimbabwe;ZAF;South Africa;Manufacturing;Persons;2010;852,4755826;924,5724931;-6,008075873;-5,262166443;Annual;01/01/80
ZWE;Zimbabwe;ZAF;South Africa;Manufacturing;Persons;2011;764,8049292;800,1271905;-2,943521774;-3,10596813;Annual;01/01/80
ZWE;Zimbabwe;ZAF;South Africa;Manufacturing;Persons;2012;829,4759;815,5727001;1,158599997;1,271982042;Annual;01/01/80
ZWE;Zimbabwe;ZAF;South Africa;Manufacturing;Persons;2013;749,5617473;866,5012672;-9,744959989;-9,34398828;Annual;01/01/80
ZWE;Zimbabwe;ZAF;South Africa;Manufacturing;Persons;2014;644,0544292;649,6026266;-0,462349781;-0,328332335;Annual;01/01/80
ZWE;Zimbabwe;ZAF;South Africa;Manufacturing;Persons;2015;891,5585713;906,8908978;-1,277693873;-1,014657648;Annual;01/01/80
ZWE;Zimbabwe;ZAF;South Africa;Manufacturing;Persons;2016;659,4344208;740,9167811;-6,790196692;-6,737126296;Annual;01/01/80
ZWE;Zimbabwe;ZAF;South Africa;Manufacturing;Persons;2017;719,7254022;835,7860136;-9,671717614;-8,972513461;Annual;01/01/80
ZWE;Zimbabwe;ZAF;South Africa;Manufacturing;Persons;2018;803,4286855;827,9155138;-2,040569028;-2,02474325;Annual;01/01/80
ZWE;Zimbabwe;ZAF;South Africa;Manufacturing;Persons;2019;790,3061761;898,6382857;-9,027675796;-8,534780191;Annual;01/01/80
ZWE;Zimbabwe;ZAF;South Africa;Manufacturing;Persons;2020;867,1514263;952,2611234;-7,092474761;-6,009016613;Annual;01/01/80
ZWE;Zimbabwe;ZAF;South Africa;Manufacturing;Persons;2021;676,5049516;674,6452054;0,154978848;-0,846245947;Annual;01/01/80
ZWE;Zimbabwe;ZAF;South Africa;Manufacturing;Persons;2022;807,4321632;875,9807068;-5,712378636;-4,407878122;Annual;01/01/80
ZWE;Zimbabwe;ZAF;South Africa;Manufacturing;Persons;2023;801,0866088;893,2473171;-7,680059026;-7,438586565;Annual;01/01/80
ZWE;Zimbabwe;ZAF;South Africa;Manufacturing;Persons;2024;543,477347;566,4448917;-1,91396206;-1,119682615;Annual;01/01/80
ZWE;Zimbabwe;ZAF;South Africa;Manufacturing;Persons;2025;671,6521474;729,4110414;-4,813241163;-4,637882842;Annual;01/01/80
ZWE;Zimbabwe;ZAF;South Africa;Manufacturing;Persons;2026;528,6282788;494,9191988;3,745453339;3,378210906;Annual;01/01/80
ZWE;Zimbabwe;ZAF;South Africa;Mining;Persons;1980;823,44106;905,5091906;-6,83901088;-5,930158911;Annual;01/01/80
ZWE;Zimbabwe;ZAF;South Africa;Mining;Persons;1981;729,419955;824,269536;-7,904131745;-7,317621269;Annual;01/01/80
ZWE;Zimbabwe;ZAF;South Africa;Mining;Persons;1982;647,7956157;609,3758569;3,201646566;3,184940026;Annual;01/01/80
ZWE;Zimbabwe;ZAF;South Africa;Mining;Persons;1983;509,4701524;515,7310652;-0,521742737;-0,735241989;Annual;01/01/80
ZWE;Zimbabwe;ZAF;South Africa;Mining;Persons;1984;718,7767133;760,3223979;-3,462140379;-3,840396847;Annual;01/01/80
ZWE;Zimbabwe;ZAF;South Africa;Mining;Persons;1985;844,5666319;884,6229906;-3,338029889;-2,589257304;Annual;01/01/80
ZWE;Zimbabwe;ZAF;South Africa;Mining;Persons;1986;785,5705361;813,1636591;-2,299426915;-2,661802338;Annual;01/01/80
ZWE;Zimbabwe;ZAF;South Africa;Mining;Persons;1987;705,7976292;822,5756372;-9,731500666;-8,220490983;Annual;01/01/80
ZWE;Zimbabwe;ZAF;South Africa;Mining;Persons;1988;884,0045791;917,8784334;-2,822821192;-2,892043169;Annual;01/01/80
ZWE;Zimbabwe;ZAF;South Africa;Mining;Persons;1989;679,3095077;673,959271;0,445853063;0,897552527;Annual;01/01/80
ZWE;Zimbabwe;ZAF;South Africa;Mining;Persons;1990;621,1573608;631,1102564;-0,829407965;-0,526712422;Annual;01/01/80
ZWE;Zimbabwe;ZAF;South Africa;Mining;Persons;1991;885,1233383;995,3413051;-9,184830568;-8,0770049;Annual;01/01/80
ZWE;Zimbabwe;ZAF;South Africa;Mining;Persons;1992;681,2791445;685,0318658;-0,312726773;-0,501002967;Annual;01/01/80
ZWE;Zimbabwe;ZAF;South Africa;Mining;Persons;1993;653,6191349;645,3776161;0,68679324;0,270353491;Annual;01/01/80
ZWE;Zimbabwe;ZAF;South Africa;Mining;Persons;1994;548,536176;543,5503318;0,415487022;0,293762795;Annual;01/01/80
ZWE;Zimbabwe;ZAF;South Africa;Mining;Persons;1995;774,220812;858,9745929;-7,062815077;-6,222537196;Annual;01/01/80
ZWE;Zimbabwe;ZAF;South Africa;Mining;Persons;1996;749,7419559;839,0895012;-7,445628778;-6,315649135;Annual;01/01/80
ZWE;Zimbabwe;ZAF;South Africa;Mining;Persons;1997;635,097116;679,667273;-3,71417975;-3,6003855;Annual;01/01/80
ZWE;Zimbabwe;ZAF;South Africa;Mining;Persons;1998;676,8719891;785,7821418;-9,075846059;-8,347492589;Annual;01/01/80
ZWE;Zimbabwe;ZAF;South Africa;Mining;Persons;1999;651,8790252;756,0110861;-8,677671743;-8,039130095;Annual;01/01/80
ZWE;Zimbabwe;ZAF;South Africa;Mining;Persons;2000;725,6771053;683,8946246;3,481873389;3,634345891;Annual;01/01/80
ZWE;Zimbabwe;ZAF;South Africa;Mining;Persons;2001;659,5156795;717,5821529;-4,838872784;-4,240813836;Annual;01/01/80
ZWE;Zimbabwe;ZAF;South Africa;Mining;Persons;2002;773,6145124;787,2359233;-1,135117569;-1,169537657;Annual;01/01/80
ZWE;Zimbabwe;ZAF;South Africa;Mining;Persons;2003;651,8212245;730,9265073;-6,592106901;-5,723802841;Annual;01/01/80
ZWE;Zimbabwe;ZAF;South Africa;Mining;Persons;2004;707,2655418;708,7598374;-0,124524636;0,315019313;Annual;01/01/80
ZWE;Zimbabwe;ZAF;South Africa;Mining;Persons;2005;785,1694433;909,6025196;-10,36942302;-8,930888378;Annual;01/01/80
ZWE;Zimbabwe;ZAF;South Africa;Mining;Persons;2006;769,5113515;899,8413162;-10,8608304;-10,22144478;Annual;01/01/80
ZWE;Zimbabwe;ZAF;South Africa;Mining;Persons;2007;656,3658066;655,6296609;0,061345477;-0,124785614;Annual;01/01/80
ZWE;Zimbabwe;ZAF;South Africa;Mining;Persons;2008;603,8586722;602,9072573;0,079284576;0,409267034;Annual;01/01/80
ZWE;Zimbabwe;ZAF;South Africa;Mining;Persons;2009;719,6426397;814,3808836;-7,894853658;-6,924779318;Annual;01/01/80
ZWE;Zimbabwe;ZAF;South Africa;Mining;Persons;2010;595,1494096;583,6038717;0,962128155;0,419166483;Annual;01/01/80
ZWE;Zimbabwe;ZAF;South Africa;Mining;Persons;2011;612,6185929;618,4236784;-0,483757127;-0,653111809;Annual;01/01/80
ZWE;Zimbabwe;ZAF;South Africa;Mining;Persons;2012;778,616629;938,9737249;-13,36309133;-10,64073234;Annual;01/01/80
ZWE;Zimbabwe;ZAF;South Africa;Mining;Persons;2013;572,0465669;588,6293093;-1,381895197;-1,366353885;Annual;01/01/80
ZWE;Zimbabwe;ZAF;South Africa;Mining;Persons;2014;681,6922782;802,5683753;-10,07300809;-9,355112376;Annual;01/01/80
ZWE;Zimbabwe;ZAF;South Africa;Mining;Persons;2015;618,5911384;686,7285137;-5,678114609;-5,10827851;Annual;01/01/80
ZWE;Zimbabwe;ZAF;South Africa;Mining;Persons;2016;660,2491289;693,2766396;-2,752292559;-2,50730667;Annual;01/01/80
ZWE;Zimbabwe;ZAF;South Africa;Mining;Persons;2017;568,9951948;682,7754138;-9,481684922;-8,613439235;Annual;01/01/80
ZWE;Zimbabwe;ZAF;South Africa;Mining;Persons;2018;831,6526837;949,0339815;-9,781774817;-8,675215505;Annual;01/01/80
ZWE;Zimbabwe;ZAF;South Africa;Mining;Persons;2019;817,8881754;878,5228673;-5,052890991;-4,307147658;Annual;01/01/80
ZWE;Zimbabwe;ZAF;South Africa;Mining;Persons;2020;850,2317415;876,194694;-2,163579374;-2,378087238;Annual;01/01/80
ZWE;Zimbabwe;ZAF;South Africa;Mining;Persons;2021;700,0092871;696,3132203;0,308005569;0,571910427;Annual;01/01/80
ZWE;Zimbabwe;ZAF;South Africa;Mining;Persons;2022;832,3280279;915,311545;-6,915293099;-5,659128942;Annual;01/01/80
ZWE;Zimbabwe;ZAF;South Africa;Mining;Persons;2023;931,9930402;1088,481942;-13,04074181;-12,51659041;Annual;01/01/80
ZWE;Zimbabwe;ZAF;South Africa;Mining;Persons;2024;619,0471379;614,2034271;0,403642566;0,331663544;Annual;01/01/80
ZWE;Zimbabwe;ZAF;South Africa;Mining;Persons;2025;551,7268307;594,8197215;-3,59107423;-3,319493858;Annual;01/01/80
ZWE;Zimbabwe;ZAF;South Africa;Mining;Persons;2026;595,3792159;733,2298097;-15,31673265;-13,63486076;Annual;01/01/80
ZWE;Zimbabwe;ZAF;South Africa;Other;Persons;1980;501,7689909;601,0939075;-8,277076385;-7,372709215;Annual;01/01/80
ZWE;Zimbabwe;ZAF;South Africa;Other;Persons;1981;813,4573115;821,6050705;-0,678979915;-0,691427639;Annual;01/01/80
ZWE;Zimbabwe;ZAF;South Africa;Other;Persons;1982;512,3335017;611,3617036;-8,252350157;-7,129921773;Annual;01/01/80
ZWE;Zimbabwe;ZAF;South Africa;Other;Persons;1983;948,4018865;996,3506729;-3,995732203;-4,320725161;Annual;01/01/80
ZWE;Zimbabwe;ZAF;South Africa;Other;Persons;1984;613,8401929;654,9291473;-3,424079536;-2,249336242;Annual;01/01/80
ZWE;Zimbabwe;ZAF;South Africa;Other;Persons;1985;633,9596085;699,9267779;-5,497264123;-4,948090571;Annual;01/01/80
ZWE;Zimbabwe;ZAF;South Africa;Other;Persons;1986;680,4764335;839,1513425;-13,22290908;-11,05034599;Annual;01/01/80
ZWE;Zimbabwe;ZAF;South Africa;Other;Persons;1987;711,3798369;866,7297738;-12,94582807;-10,44864045;Annual;01/01/80
ZWE;Zimbabwe;ZAF;South Africa;Other;Persons;1988;671,364073;709,5803109;-3,184686493;-2,848955783;Annual;01/01/80
ZWE;Zimbabwe;ZAF;South Africa;Other;Persons;1989;672,8118721;693,1220326;-1,692513375;-0,88123622;Annual;01/01/80
ZWE;Zimbabwe;ZAF;South Africa;Other;Persons;1990;755,2255335;791,7654623;-3,044994066;-3,157242429;Annual;01/01/80
ZWE;Zimbabwe;ZAF;South Africa;Other;Persons;1991;880,1177069;1059,188618;-14,92257594;-12,63314312;Annual;01/01/80
ZWE;Zimbabwe;ZAF;South Africa;Other;Persons;1992;615,5337983;648,216371;-2,723547729;-2,677945977;Annual;01/01/80
ZWE;Zimbabwe;ZAF;South Africa;Other;Persons;1993;688,8955046;766,3930698;-6,458130434;-6,677739534;Annual;01/01/80
ZWE;Zimbabwe;ZAF;South Africa;Other;Persons;1994;687,599184;713,8457096;-2,187210466;-1,094591683;Annual;01/01/80
ZWE;Zimbabwe;ZAF;South Africa;Other;Persons;1995;756,8202444;896,4512799;-11,63591962;-10,04653768;Annual;01/01/80
ZWE;Zimbabwe;ZAF;South Africa;Other;Persons;1996;806,9265509;838,727807;-2,650104669;-2,666001429;Annual;01/01/80
ZWE;Zimbabwe;ZAF;South Africa;Other;Persons;1997;728,916615;733,9390968;-0,418540148;-0,560439076;Annual;01/01/80
ZWE;Zimbabwe;ZAF;South Africa;Other;Persons;1998;736,1146665;839,2261862;-8,59262664;-8,337556214;Annual;01/01/80
ZWE;Zimbabwe;ZAF;South Africa;Other;Persons;1999;718,7203921;727,4530734;-0,727723448;-0,457103997;Annual;01/01/80
ZWE;Zimbabwe;ZAF;South Africa;Other;Persons;2000;822,2994712;914,4998827;-7,683367622;-7,138858873;Annual;01/01/80
ZWE;Zimbabwe;ZAF;South Africa;Other;Persons;2001;742,9060063;817,8745315;-6,247377094;-5,901547469;Annual;01/01/80
ZWE;Zimbabwe;ZAF;South Africa;Other;Persons;2002;506,2739011;473,5334256;2,728372966;2,039638842;Annual;01/01/80
ZWE;Zimbabwe;ZAF;South Africa;Other;Persons;2003;562,6327597;662,4141928;-8,315119424;-7,606224208;Annual;01/01/80
ZWE;Zimbabwe;ZAF;South Africa;Other;Persons;2004;645,4728699;670,6658819;-2,099417669;-2,008172731;Annual;01/01/80
ZWE;Zimbabwe;ZAF;South Africa;Other;Persons;2005;824,4343744;914,615701;-7,515110548;-6,583267755;Annual;01/01/80
ZWE;Zimbabwe;ZAF;South Africa;Other;Persons;2006;722,1452754;692,6107438;2,46121096;2,079881902;Annual;01/01/80
ZWE;Zimbabwe;ZAF;South Africa;Other;Persons;2007;803,8443921;867,6480301;-5,316969832;-4,231158105;Annual;01/01/80
ZWE;Zimbabwe;ZAF;South Africa;Other;Persons;2008;551,737677;580,0565976;-2,359910052;-2,189828245;Annual;01/01/80
ZWE;Zimbabwe;ZAF;South Africa;Other;Persons;2009;588,8163296;618,6445165;-2,485682241;-2,11512293;Annual;01/01/80
ZWE;Zimbabwe;ZAF;South Africa;Other;Persons;2010;755,9524177;838,0981402;-6,845476875;-5,996384133;Annual;01/01/80
ZWE;Zimbabwe;ZAF;South Africa;Other;Persons;2011;757,4472959;919,2688436;-13,48512898;-11,81258624;Annual;01/01/80
ZWE;Zimbabwe;ZAF;South Africa;Other;Persons;2012;546,4186221;600,3092192;-4,490883087;-4,006063089;Annual;01/01/80
ZWE;Zimbabwe;ZAF;South Africa;Other;Persons;2013;575,1115387;641,2861783;-5,514553302;-4,759863925;Annual;01/01/80
ZWE;Zimbabwe;ZAF;South Africa;Other;Persons;2014;852,3521592;911,3183566;-4,91384978;-3,37382539;Annual;01/01/80
ZWE;Zimbabwe;ZAF;South Africa;Other;Persons;2015;772,1598791;853,2027048;-6,75356881;-5,332473495;Annual;01/01/80
ZWE;Zimbabwe;ZAF;South Africa;Other;Persons;2016;657,3999177;706,845271;-4,120446112;-3,422233544;Annual;01/01/80
ZWE;Zimbabwe;ZAF;South Africa;Other;Persons;2017;877,0267706;929,143247;-4,343039703;-3,8245197;Annual;01/01/80
ZWE;Zimbabwe;ZAF;South Africa;Other;Persons;2018;819,6393182;952,854698;-11,10128165;-9,352126464;Annual;01/01/80
ZWE;Zimbabwe;ZAF;South Africa;Other;Persons;2019;678,0934115;705,9691238;-2,322976021;-2,434685517;Annual;01/01/80
ZWE;Zimbabwe;ZAF;South Africa;Other;Persons;2020;703,7828357;748,7171606;-3,744527073;-3,663174354;Annual;01/01/80
ZWE;Zimbabwe;ZAF;South Africa;Other;Persons;2021;790,1174263;862,501744;-6,032026475;-5,444514348;Annual;01/01/80
ZWE;Zimbabwe;ZAF;South Africa;Other;Persons;2022;679,4463259;699,1323378;-1,640500995;-1,435654092;Annual;01/01/80
ZWE;Zimbabwe;ZAF;South Africa;Other;Persons;2023;816,6429501;878,4482439;-5,150441147;-4,707270462;Annual;01/01/80
ZWE;Zimbabwe;ZAF;South Africa;Other;Persons;2024;805,8143252;805,4413739;0,031079278;0,285925043;Annual;01/01/80
ZWE;Zimbabwe;ZAF;South Africa;Other;Persons;2025;694,4296428;754,5691716;-5,011627401;-4,724027531;Annual;01/01/80
ZWE;Zimbabwe;ZAF;South Africa;Other;Persons;2026;625,7924503;735,6709719;-12,20872462;-11,20642165;Annual;01/01/80
ZWE;Zimbabwe;ZAF;South Africa;Public Services;Persons;1980;675,8438777;725,4253527;-4,131789585;-4,357690577;Annual;01/01/80
ZWE;Zimbabwe;ZAF;South Africa;Public Services;Persons;1981;815,278169;839,3221838;-2,003667905;-1,827541112;Annual;01/01/80
ZWE;Zimbabwe;ZAF;South Africa;Public Services;Persons;1982;672,8232931;807,4447797;-11,21845722;-9,255432934;Annual;01/01/80
ZWE;Zimbabwe;ZAF;South Africa;Public Services;Persons;1983;571,0727076;625,3870137;-4,526192171;-3,643038934;Annual;01/01/80
ZWE;Zimbabwe;ZAF;South Africa;Public Services;Persons;1984;658,3955138;676,46443;-1,505743021;-1,144327924;Annual;01/01/80
ZWE;Zimbabwe;ZAF;South Africa;Public Services;Persons;1985;921,5374393;982,0008329;-5,038616137;-4,937144595;Annual;01/01/80
ZWE;Zimbabwe;ZAF;South Africa;Public Services;Persons;1986;798,9002942;932,0539436;-11,09613745;-8,798257785;Annual;01/01/80
ZWE;Zimbabwe;ZAF;South Africa;Public Services;Persons;1987;554,6383893;553,3338766;0,108709393;-0,102117523;Annual;01/01/80
ZWE;Zimbabwe;ZAF;South Africa;Public Services;Persons;1988;713,0275115;753,4492042;-3,368474391;-3,810271998;Annual;01/01/80
ZWE;Zimbabwe;ZAF;South Africa;Public Services;Persons;1989;646,9563648;739,4523252;-7,7079967;-6,905903277;Annual;01/01/80
ZWE;Zimbabwe;ZAF;South Africa;Public Services;Persons;1990;711,1019002;821,3239669;-9,185172229;-7,733633062;Annual;01/01/80
ZWE;Zimbabwe;ZAF;South Africa;Public Services;Persons;1991;660,7893144;651,7179032;0,755950932;0,092597534;Annual;01/01/80
ZWE;Zimbabwe;ZAF;South Africa;Public Services;Persons;1992;680,792463;779,430878;-8,219867917;-6,908797959;Annual;01/01/80
ZWE;Zimbabwe;ZAF;South Africa;Public Services;Persons;1993;681,8950092;847,1941587;-13,77492913;-11,78037411;Annual;01/01/80
ZWE;Zimbabwe;ZAF;South Africa;Public Services;Persons;1994;649,0511116;773,9797874;-10,41072298;-9,688830619;Annual;01/01/80
ZWE;Zimbabwe;ZAF;South Africa;Public Services;Persons;1995;567,8895619;657,2316641;-7,445175184;-6,900147599;Annual;01/01/80
ZWE;Zimbabwe;ZAF;South Africa;Public Services;Persons;1996;769,3558529;845,7953055;-6,369954389;-5,701100405;Annual;01/01/80
ZWE;Zimbabwe;ZAF;South Africa;Public Services;Persons;1997;568,3181063;601,5078763;-2,765814164;-2,571033507;Annual;01/01/80
ZWE;Zimbabwe;ZAF;South Africa;Public Services;Persons;1998;623,5445894;660,4660254;-3,076786332;-2,74196448;Annual;01/01/80
ZWE;Zimbabwe;ZAF;South Africa;Public Services;Persons;1999;888,0164276;918,4097495;-2,532776823;-2,442032902;Annual;01/01/80
ZWE;Zimbabwe;ZAF;South Africa;Public Services;Persons;2000;695,3399448;780,2531951;-7,076104187;-6,577642634;Annual;01/01/80
ZWE;Zimbabwe;ZAF;South Africa;Public Services;Persons;2001;642,4415693;641,2072511;0,102859847;0,01286339;Annual;01/01/80
ZWE;Zimbabwe;ZAF;South Africa;Public Services;Persons;2002;753,7253364;869,7598337;-9,669541445;-8,707316889;Annual;01/01/80
ZWE;Zimbabwe;ZAF;South Africa;Public Services;Persons;2003;681,2279555;651,3035705;2,493698751;2,262524043;Annual;01/01/80
ZWE;Zimbabwe;ZAF;South Africa;Public Services;Persons;2004;684,9335635;753,4809132;-5,71227914;-5,683327034;Annual;01/01/80
ZWE;Zimbabwe;ZAF;South Africa;Public Services;Persons;2005;795,5313348;1004,901109;-17,44748121;-15,92074476;Annual;01/01/80
ZWE;Zimbabwe;ZAF;South Africa;Public Services;Persons;2006;549,9376941;614,9386547;-5,416746714;-4,662409359;Annual;01/01/80
ZWE;Zimbabwe;ZAF;South Africa;Public Services;Persons;2007;862,9641857;900,4372712;-3,122757131;-3,551895412;Annual;01/01/80
ZWE;Zimbabwe;ZAF;South Africa;Public Services;Persons;2008;698,3632792;701,6775751;-0,276191321;-0,127986307;Annual;01/01/80
ZWE;Zimbabwe;ZAF;South Africa;Public Services;Persons;2009;737,3878676;798,2934785;-5,07546758;-4,530028261;Annual;01/01/80
ZWE;Zimbabwe;ZAF;South Africa;Public Services;Persons;2010;861,0274131;844,8462693;1,348428649;1,19765339;Annual;01/01/80
ZWE;Zimbabwe;ZAF;South Africa;Public Services;Persons;2011;702,5581794;783,7644138;-6,767186205;-6,071188458;Annual;01/01/80
ZWE;Zimbabwe;ZAF;South Africa;Public Services;Persons;2012;732,7215707;736,5508876;-0,319109741;-0,36327171;Annual;01/01/80
ZWE;Zimbabwe;ZAF;South Africa;Public Services;Persons;2013;765,4985925;854,6327947;-7,42785018;-7,065282405;Annual;01/01/80
ZWE;Zimbabwe;ZAF;South Africa;Public Services;Persons;2014;899,261333;937,3866325;-3,17710829;-2,271151542;Annual;01/01/80
ZWE;Zimbabwe;ZAF;South Africa;Public Services;Persons;2015;862,4258726;876,1243667;-1,141541176;-0,417539791;Annual;01/01/80
ZWE;Zimbabwe;ZAF;South Africa;Public Services;Persons;2016;585,5445072;614,621098;-2,423049227;-1,873153569;Annual;01/01/80
ZWE;Zimbabwe;ZAF;South Africa;Public Services;Persons;2017;687,1649092;790,8272516;-8,638528536;-8,112060006;Annual;01/01/80
ZWE;Zimbabwe;ZAF;South Africa;Public Services;Persons;2018;520,8087467;593,4143448;-6,050466511;-5,304263528;Annual;01/01/80
ZWE;Zimbabwe;ZAF;South Africa;Public Services;Persons;2019;733,9191047;826,6501079;-7,727583603;-6,056773588;Annual;01/01/80
ZWE;Zimbabwe;ZAF;South Africa;Public Services;Persons;2020;736,1490111;722,7723507;1,1147217;0,499150257;Annual;01/01/80
ZWE;Zimbabwe;ZAF;South Africa;Public Services;Persons;2021;720,6640525;910,5965075;-15,82770459;-14,72255927;Annual;01/01/80
ZWE;Zimbabwe;ZAF;South Africa;Public Services;Persons;2022;774,7797474;830,0361363;-4,604699075;-3,985042085;Annual;01/01/80
ZWE;Zimbabwe;ZAF;South Africa;Public Services;Persons;2023;782,7967406;955,3661517;-14,38078426;-13,05609417;Annual;01/01/80
ZWE;Zimbabwe;ZAF;South Africa;Public Services;Persons;2024;631,3264232;617,0334576;1,191080471;0,845358433;Annual;01/01/80
ZWE;Zimbabwe;ZAF;South Africa;Public Services;Persons;2025;728,6531221;828,6052346;-8,32934271;-7,969452703;Annual;01/01/80
ZWE;Zimbabwe;ZAF;South Africa;Public Services;Persons;2026;680,6274395;816,5221934;-15,0994171;-13,64070074;Annual;01/01/80
ZWE;Zimbabwe;ZAF;South Africa;Tourism;Persons;1980;488,6969461;525,6102913;-3,076112103;-2,678227599;Annual;01/01/80
ZWE;Zimbabwe;ZAF;South Africa;Tourism;Persons;1981;646,4092264;792,6110897;-12,18348861;-10,82701047;Annual;01/01/80
ZWE;Zimbabwe;ZAF;South Africa;Tourism;Persons;1982;802,2569634;860,5096397;-4,854389695;-4,008361385;Annual;01/01/80
ZWE;Zimbabwe;ZAF;South Africa;Tourism;Persons;1983;633,0721768;718,5242219;-7,121003758;-6,178544569;Annual;01/01/80
ZWE;Zimbabwe;ZAF;South Africa;Tourism;Persons;1984;701,3291515;737,3425151;-3,001113637;-3,32583768;Annual;01/01/80
ZWE;Zimbabwe;ZAF;South Africa;Tourism;Persons;1985;776,87787;842,3539802;-5,456342522;-4,765741755;Annual;01/01/80
ZWE;Zimbabwe;ZAF;South Africa;Tourism;Persons;1986;692,5394932;727,7038373;-2,93036201;-2,278230185;Annual;01/01/80
ZWE;Zimbabwe;ZAF;South Africa;Tourism;Persons;1987;444,8000113;472,2680606;-2,289004111;-1,962269525;Annual;01/01/80
ZWE;Zimbabwe;ZAF;South Africa;Tourism;Persons;1988;719,840693;827,2902165;-8,954126959;-8,592899458;Annual;01/01/80
ZWE;Zimbabwe;ZAF;South Africa;Tourism;Persons;1989;744,9126715;787,3509963;-3,536527066;-3,289502884;Annual;01/01/80
ZWE;Zimbabwe;ZAF;South Africa;Tourism;Persons;1990;720,4002638;754,0046878;-2,800368663;-1,721328555;Annual;01/01/80
ZWE;Zimbabwe;ZAF;South Africa;Tourism;Persons;1991;824,4775294;913,8791678;-7,450136534;-6,083955111;Annual;01/01/80
ZWE;Zimbabwe;ZAF;South Africa;Tourism;Persons;1992;610,7450198;624,0103603;-1,105445045;-0,55319589;Annual;01/01/80
ZWE;Zimbabwe;ZAF;South Africa;Tourism;Persons;1993;778,351291;925,7285104;-12,28143496;-10,67199307;Annual;01/01/80
ZWE;Zimbabwe;ZAF;South Africa;Tourism;Persons;1994;681,6311541;748,5625236;-5,577614133;-4,926067429;Annual;01/01/80
ZWE;Zimbabwe;ZAF;South Africa;Tourism;Persons;1995;677,8777396;709,886403;-2,667388616;-2,341320559;Annual;01/01/80
ZWE;Zimbabwe;ZAF;South Africa;Tourism;Persons;1996;814,1471761;892,3484403;-6,516772018;-5,400186619;Annual;01/01/80
ZWE;Zimbabwe;ZAF;South Africa;Tourism;Persons;1997;607,9919133;639,7247628;-2,644404128;-2,601770217;Annual;01/01/80
ZWE;Zimbabwe;ZAF;South Africa;Tourism;Persons;1998;598,2272296;592,0638351;0,513616204;0,276264492;Annual;01/01/80
ZWE;Zimbabwe;ZAF;South Africa;Tourism;Persons;1999;751,3173627;826,413196;-6,257986111;-5,762709343;Annual;01/01/80
ZWE;Zimbabwe;ZAF;South Africa;Tourism;Persons;2000;582,3361513;547,2595726;2,923048224;2,41192228;Annual;01/01/80
ZWE;Zimbabwe;ZAF;South Africa;Tourism;Persons;2001;629,6651767;628,488145;0,09808598;0,453112844;Annual;01/01/80
ZWE;Zimbabwe;ZAF;South Africa;Tourism;Persons;2002;858,8474732;844,1183797;1,22742446;2,13873308;Annual;01/01/80
ZWE;Zimbabwe;ZAF;South Africa;Tourism;Persons;2003;730,7518612;813,9738746;-6,935167786;-6,474501316;Annual;01/01/80
ZWE;Zimbabwe;ZAF;South Africa;Tourism;Persons;2004;867,9811175;881,5047917;-1,126972853;-0,759443396;Annual;01/01/80
ZWE;Zimbabwe;ZAF;South Africa;Tourism;Persons;2005;656,1681672;765,8489351;-9,140063991;-7,757255338;Annual;01/01/80
ZWE;Zimbabwe;ZAF;South Africa;Tourism;Persons;2006;690,3413692;746,006591;-4,638768488;-4,133952145;Annual;01/01/80
ZWE;Zimbabwe;ZAF;South Africa;Tourism;Persons;2007;696,5290458;692,5074439;0,335133494;0,464467955;Annual;01/01/80
ZWE;Zimbabwe;ZAF;South Africa;Tourism;Persons;2008;751,3105806;846,2645537;-7,912831092;-7,018118049;Annual;01/01/80
ZWE;Zimbabwe;ZAF;South Africa;Tourism;Persons;2009;708,3764221;734,6991945;-2,193564361;-2,091607655;Annual;01/01/80
ZWE;Zimbabwe;ZAF;South Africa;Tourism;Persons;2010;761,8356965;915,1630286;-12,77727768;-11,49506616;Annual;01/01/80
ZWE;Zimbabwe;ZAF;South Africa;Tourism;Persons;2011;677,2488441;774,871214;-8,13519749;-8,271763573;Annual;01/01/80
ZWE;Zimbabwe;ZAF;South Africa;Tourism;Persons;2012;853,6461883;865,1559186;-0,95914419;-1,322165786;Annual;01/01/80
ZWE;Zimbabwe;ZAF;South Africa;Tourism;Persons;2013;635,7609497;598,6994899;3,088454987;3,012406718;Annual;01/01/80
ZWE;Zimbabwe;ZAF;South Africa;Tourism;Persons;2014;582,7144722;658,6585044;-6,328669351;-6,060135412;Annual;01/01/80
ZWE;Zimbabwe;ZAF;South Africa;Tourism;Persons;2015;815,3366704;862,444967;-3,92569138;-3,144703424;Annual;01/01/80
ZWE;Zimbabwe;ZAF;South Africa;Tourism;Persons;2016;553,0135852;531,5425572;1,789252341;1,414530393;Annual;01/01/80
ZWE;Zimbabwe;ZAF;South Africa;Tourism;Persons;2017;774,7424688;832,2724346;-4,794163818;-4,467896579;Annual;01/01/80
ZWE;Zimbabwe;ZAF;South Africa;Tourism;Persons;2018;777,3965275;829,3333782;-4,3280709;-3,860049176;Annual;01/01/80
ZWE;Zimbabwe;ZAF;South Africa;Tourism;Persons;2019;909,9265632;937,5563898;-2,302485549;-1,746223127;Annual;01/01/80
ZWE;Zimbabwe;ZAF;South Africa;Tourism;Persons;2020;860,9532629;886,462967;-2,125808671;-2,426316926;Annual;01/01/80
ZWE;Zimbabwe;ZAF;South Africa;Tourism;Persons;2021;766,3459491;820,7844097;-4,536538378;-3,432741813;Annual;01/01/80
ZWE;Zimbabwe;ZAF;South Africa;Tourism;Persons;2022;658,8585198;700,1501293;-3,440967466;-3,369705271;Annual;01/01/80
ZWE;Zimbabwe;ZAF;South Africa;Tourism;Persons;2023;709,2640922;775,6090729;-5,528748392;-4,395293389;Annual;01/01/80
ZWE;Zimbabwe;ZAF;South Africa;Tourism;Persons;2024;730,6480626;757,819314;-2,264270946;-2,008111593;Annual;01/01/80
ZWE;Zimbabwe;ZAF;South Africa;Tourism;Persons;2025;740,7162188;801,7933151;-5,089758032;-4,265649616;Annual;01/01/80
ZWE;Zimbabwe;ZAF;South Africa;Tourism;Persons;2026;623,2337057;697,2973214;-8,22929063;-7,971746469;Annual;01/01/80
ZWE;Zimbabwe;ZAF;South Africa;Trade;Persons;1980;593,8670792;669,1506983;-6,273634922;-5,421435667;Annual;01/01/80
ZWE;Zimbabwe;ZAF;South Africa;Trade;Persons;1981;870,3754859;836,7344471;2,8034199;3,061690463;Annual;01/01/80
ZWE;Zimbabwe;ZAF;South Africa;Trade;Persons;1982;696,737168;687,1099422;0,802268814;0,769407654;Annual;01/01/80
ZWE;Zimbabwe;ZAF;South Africa;Trade;Persons;1983;843,3030463;1050,453061;-17,26250119;-14,24852884;Annual;01/01/80
ZWE;Zimbabwe;ZAF;South Africa;Trade;Persons;1984;878,8361574;1007,202763;-10,69721712;-9,779428937;Annual;01/01/80
ZWE;Zimbabwe;ZAF;South Africa;Trade;Persons;1985;659,3758413;627,6541678;2,643472789;2,375351016;Annual;01/01/80
ZWE;Zimbabwe;ZAF;South Africa;Trade;Persons;1986;705,7740506;851,9926745;-12,18488533;-10,95479054;Annual;01/01/80
ZWE;Zimbabwe;ZAF;South Africa;Trade;Persons;1987;532,2987987;596,9782396;-5,389953408;-5,030921922;Annual;01/01/80
ZWE;Zimbabwe;ZAF;South Africa;Trade;Persons;1988;779,8112599;788,1780309;-0,697230914;-0,339127552;Annual;01/01/80
ZWE;Zimbabwe;ZAF;South Africa;Trade;Persons;1989;592,2135865;647,2666547;-4,587755684;-3,928253425;Annual;01/01/80
ZWE;Zimbabwe;ZAF;South Africa;Trade;Persons;1990;707,1717631;727,1044196;-1,66105471;-1,995529919;Annual;01/01/80
ZWE;Zimbabwe;ZAF;South Africa;Trade;Persons;1991;821,9488548;803,697429;1,520952155;0,96639406;Annual;01/01/80
ZWE;Zimbabwe;ZAF;South Africa;Trade;Persons;1992;669,3084105;750,3319582;-6,751962309;-6,267476074;Annual;01/01/80
ZWE;Zimbabwe;ZAF;South Africa;Trade;Persons;1993;722,4025801;672,656531;4,145504091;4,136182355;Annual;01/01/80
ZWE;Zimbabwe;ZAF;South Africa;Trade;Persons;1994;762,8464334;787,3544812;-2,042337319;-1,903196114;Annual;01/01/80
ZWE;Zimbabwe;ZAF;South Africa;Trade;Persons;1995;888,1522502;982,8902295;-7,894831605;-7,784498532;Annual;01/01/80
ZWE;Zimbabwe;ZAF;South Africa;Trade;Persons;1996;634,1930243;744,9515502;-9,229877154;-8,35256188;Annual;01/01/80
ZWE;Zimbabwe;ZAF;South Africa;Trade;Persons;1997;715,5498262;817,4532358;-8,491950796;-7,136206164;Annual;01/01/80
ZWE;Zimbabwe;ZAF;South Africa;Trade;Persons;1998;624,6948102;612,6598311;1,002914925;1,197641742;Annual;01/01/80
ZWE;Zimbabwe;ZAF;South Africa;Trade;Persons;1999;730,6515726;808,1629713;-6,459283226;-6,199814918;Annual;01/01/80
ZWE;Zimbabwe;ZAF;South Africa;Trade;Persons;2000;948,3789637;1123,083426;-14,55870521;-11,70948413;Annual;01/01/80
ZWE;Zimbabwe;ZAF;South Africa;Trade;Persons;2001;667,4554253;697,7501257;-2,524558365;-1,740203308;Annual;01/01/80
ZWE;Zimbabwe;ZAF;South Africa;Trade;Persons;2002;758,4766251;778,3572498;-1,656718724;-1,954848289;Annual;01/01/80
ZWE;Zimbabwe;ZAF;South Africa;Trade;Persons;2003;659,9288912;771,685665;-9,313064486;-8,571628851;Annual;01/01/80
ZWE;Zimbabwe;ZAF;South Africa;Trade;Persons;2004;728,7800936;782,0770849;-4,441415935;-4,510009483;Annual;01/01/80
ZWE;Zimbabwe;ZAF;South Africa;Trade;Persons;2005;669,0065357;689,8897944;-1,740271561;-1,820463272;Annual;01/01/80
ZWE;Zimbabwe;ZAF;South Africa;Trade;Persons;2006;627,289114;655,103067;-2,317829421;-1,884321128;Annual;01/01/80
ZWE;Zimbabwe;ZAF;South Africa;Trade;Persons;2007;600,5522101;658,491787;-4,828298075;-4,119384774;Annual;01/01/80
ZWE;Zimbabwe;ZAF;South Africa;Trade;Persons;2008;703,4142247;714,467366;-0,921095113;-1,308462739;Annual;01/01/80
ZWE;Zimbabwe;ZAF;South Africa;Trade;Persons;2009;666,6258153;748,7856972;-6,846656828;-6,076572841;Annual;01/01/80
ZWE;Zimbabwe;ZAF;South Africa;Trade;Persons;2010;800,4668761;860,7893563;-5,026873353;-4,28503384;Annual;01/01/80
ZWE;Zimbabwe;ZAF;South Africa;Trade;Persons;2011;527,051496;552,5589593;-2,125621941;-1,49622733;Annual;01/01/80
ZWE;Zimbabwe;ZAF;South Africa;Trade;Persons;2012;722,479793;700,664092;1,817975082;2,029181165;Annual;01/01/80
ZWE;Zimbabwe;ZAF;South Africa;Trade;Persons;2013;578,5683382;669,9173684;-7,612419178;-6,904597378;Annual;01/01/80
ZWE;Zimbabwe;ZAF;South Africa;Trade;Persons;2014;614,4394716;617,8042277;-0,280396345;0,295935886;Annual;01/01/80
ZWE;Zimbabwe;ZAF;South Africa;Trade;Persons;2015;702,3809414;734,3279204;-2,662248248;-2,028958899;Annual;01/01/80
ZWE;Zimbabwe;ZAF;South Africa;Trade;Persons;2016;630,5249676;750,0515462;-9,960548213;-9,567099361;Annual;01/01/80
ZWE;Zimbabwe;ZAF;South Africa;Trade;Persons;2017;723,1239021;721,19441;0,160791008;-0,023533868;Annual;01/01/80
ZWE;Zimbabwe;ZAF;South Africa;Trade;Persons;2018;667,1415525;714,499037;-3,946457043;-3,80228566;Annual;01/01/80
ZWE;Zimbabwe;ZAF;South Africa;Trade;Persons;2019;616,3294474;746,1166534;-10,8156005;-10,22510541;Annual;01/01/80
ZWE;Zimbabwe;ZAF;South Africa;Trade;Persons;2020;840,0126613;871,4919295;-2,623272348;-1,957206588;Annual;01/01/80
ZWE;Zimbabwe;ZAF;South Africa;Trade;Persons;2021;787,4926143;978,5264969;-15,91949022;-15,1528054;Annual;01/01/80
ZWE;Zimbabwe;ZAF;South Africa;Trade;Persons;2022;599,4685395;641,3241301;-3,487965884;-3,213836649;Annual;01/01/80
ZWE;Zimbabwe;ZAF;South Africa;Trade;Persons;2023;833,4663019;861,0777532;-2,300954277;-1,940764685;Annual;01/01/80
ZWE;Zimbabwe;ZAF;South Africa;Trade;Persons;2024;727,8472135;716,5920627;0,937929241;1,143720904;Annual;01/01/80
ZWE;Zimbabwe;ZAF;South Africa;Trade;Persons;2025;745,2221147;760,3957125;-1,264466488;-0,790838723;Annual;01/01/80
ZWE;Zimbabwe;ZAF;South Africa;Trade;Persons;2026;709,8999404;712,262469;-0,262503173;0,285184798;Annual;01/01/80
ZWE;Zimbabwe;ZAF;South Africa;Transport;Persons;1980;728,4015076;764,3132158;-2,992642357;-2,757727121;Annual;01/01/80
ZWE;Zimbabwe;ZAF;South Africa;Transport;Persons;1981;439,4011587;443,5134987;-0,342695;-0,479737145;Annual;01/01/80
ZWE;Zimbabwe;ZAF;South Africa;Transport;Persons;1982;616,9637948;705,4958074;-7,377667717;-6,953398176;Annual;01/01/80
ZWE;Zimbabwe;ZAF;South Africa;Transport;Persons;1983;821,4718653;758,8676288;5,217019709;4,264603448;Annual;01/01/80
ZWE;Zimbabwe;ZAF;South Africa;Transport;Persons;1984;810,8919764;924,9055287;-9,501129365;-7,733857541;Annual;01/01/80
ZWE;Zimbabwe;ZAF;South Africa;Transport;Persons;1985;705,7780008;862,5610076;-13,06525056;-11,90161396;Annual;01/01/80
ZWE;Zimbabwe;ZAF;South Africa;Transport;Persons;1986;625,5454888;733,7492583;-9,01698079;-7,360346396;Annual;01/01/80
ZWE;Zimbabwe;ZAF;South Africa;Transport;Persons;1987;771,4961038;809,0887101;-3,132717191;-2,501359909;Annual;01/01/80
ZWE;Zimbabwe;ZAF;South Africa;Transport;Persons;1988;777,8395332;891,9140576;-9,506210366;-9,194163783;Annual;01/01/80
ZWE;Zimbabwe;ZAF;South Africa;Transport;Persons;1989;626,7013063;671,9207569;-3,768287552;-3,623087006;Annual;01/01/80
ZWE;Zimbabwe;ZAF;South Africa;Transport;Persons;1990;678,4272146;706,0289576;-2,30014525;-1,556235637;Annual;01/01/80
ZWE;Zimbabwe;ZAF;South Africa;Transport;Persons;1991;680,5714125;671,4006707;0,764228483;-0,047433945;Annual;01/01/80
ZWE;Zimbabwe;ZAF;South Africa;Transport;Persons;1992;676,4297784;764,1101929;-7,306701208;-6,662657059;Annual;01/01/80
ZWE;Zimbabwe;ZAF;South Africa;Transport;Persons;1993;821,458966;765,7294999;4,644122174;4,458979893;Annual;01/01/80
ZWE;Zimbabwe;ZAF;South Africa;Transport;Persons;1994;655,5099159;695,2525121;-3,311883018;-3,553553148;Annual;01/01/80
ZWE;Zimbabwe;ZAF;South Africa;Transport;Persons;1995;651,4597003;709,1682781;-4,809048147;-4,22162351;Annual;01/01/80
ZWE;Zimbabwe;ZAF;South Africa;Transport;Persons;1996;725,0513871;772,4465479;-3,949596737;-4,289735255;Annual;01/01/80
ZWE;Zimbabwe;ZAF;South Africa;Transport;Persons;1997;648,6648717;666,9205862;-1,521309546;-1,038531932;Annual;01/01/80
ZWE;Zimbabwe;ZAF;South Africa;Transport;Persons;1998;711,7490098;740,8098948;-2,42174042;-1,990675169;Annual;01/01/80
ZWE;Zimbabwe;ZAF;South Africa;Transport;Persons;1999;559,1973783;596,6932225;-3,124653681;-2,804434711;Annual;01/01/80
ZWE;Zimbabwe;ZAF;South Africa;Transport;Persons;2000;610,3149827;669,8002295;-4,9571039;-4,131630736;Annual;01/01/80
ZWE;Zimbabwe;ZAF;South Africa;Transport;Persons;2001;734,7233383;805,8893197;-5,930498451;-4,751335412;Annual;01/01/80
ZWE;Zimbabwe;ZAF;South Africa;Transport;Persons;2002;661,8679385;671,4067193;-0,794898399;-0,948116975;Annual;01/01/80
ZWE;Zimbabwe;ZAF;South Africa;Transport;Persons;2003;739,7317396;818,6915501;-6,579984211;-6,172819396;Annual;01/01/80
ZWE;Zimbabwe;ZAF;South Africa;Transport;Persons;2004;643,2119178;707,3947227;-5,348567075;-5,19926397;Annual;01/01/80
ZWE;Zimbabwe;ZAF;South Africa;Transport;Persons;2005;745,3329421;751,2779854;-0,495420272;-0,291829239;Annual;01/01/80
ZWE;Zimbabwe;ZAF;South Africa;Transport;Persons;2006;671,1049806;744,1198909;-6,08457586;-4,629147008;Annual;01/01/80
ZWE;Zimbabwe;ZAF;South Africa;Transport;Persons;2007;428,5531706;439,9680219;-0,951237604;-0,999741772;Annual;01/01/80
ZWE;Zimbabwe;ZAF;South Africa;Transport;Persons;2008;692,1559892;761,7833772;-5,802282337;-5,399865299;Annual;01/01/80
ZWE;Zimbabwe;ZAF;South Africa;Transport;Persons;2009;587,571902;681,0100869;-7,786515406;-6,680078604;Annual;01/01/80
ZWE;Zimbabwe;ZAF;South Africa;Transport;Persons;2010;642,8319389;685,0069878;-3,514587409;-3,714123682;Annual;01/01/80
ZWE;Zimbabwe;ZAF;South Africa;Transport;Persons;2011;690,2661283;673,857006;1,367426865;1,386656202;Annual;01/01/80
ZWE;Zimbabwe;ZAF;South Africa;Transport;Persons;2012;640,0671116;682,4383657;-3,530937843;-3,501270599;Annual;01/01/80
ZWE;Zimbabwe;ZAF;South Africa;Transport;Persons;2013;858,0517938;941,6419426;-6,965845732;-6,133355537;Annual;01/01/80
ZWE;Zimbabwe;ZAF;South Africa;Transport;Persons;2014;732,1409196;832,8935033;-8,396048645;-7,674005672;Annual;01/01/80
ZWE;Zimbabwe;ZAF;South Africa;Transport;Persons;2015;634,8924056;685,3622132;-4,2058173;-3,438555204;Annual;01/01/80
ZWE;Zimbabwe;ZAF;South Africa;Transport;Persons;2016;668,4101391;735,7761752;-5,61383634;-4,690136457;Annual;01/01/80
ZWE;Zimbabwe;ZAF;South Africa;Transport;Persons;2017;698,7252569;887,9180503;-15,76606612;-14,68532557;Annual;01/01/80
ZWE;Zimbabwe;ZAF;South Africa;Transport;Persons;2018;682,5535151;749,3227783;-5,56410527;-4,836551175;Annual;01/01/80
ZWE;Zimbabwe;ZAF;South Africa;Transport;Persons;2019;688,9912003;729,4467514;-3,371295927;-2,886047589;Annual;01/01/80
ZWE;Zimbabwe;ZAF;South Africa;Transport;Persons;2020;704,9994797;763,5799202;-4,881703373;-3,840558471;Annual;01/01/80
ZWE;Zimbabwe;ZAF;South Africa;Transport;Persons;2021;854,3882497;949,065804;-7,889796185;-7,301207879;Annual;01/01/80
ZWE;Zimbabwe;ZAF;South Africa;Transport;Persons;2022;814,4661973;975,9133569;-13,45392997;-11,43930768;Annual;01/01/80
ZWE;Zimbabwe;ZAF;South Africa;Transport;Persons;2023;783,6546956;864,7295195;-6,756235319;-6,071865461;Annual;01/01/80
ZWE;Zimbabwe;ZAF;South Africa;Transport;Persons;2024;678,132162;752,4751468;-6,195248738;-5,700148548;Annual;01/01/80
ZWE;Zimbabwe;ZAF;South Africa;Transport;Persons;2025;702,5650236;780,3714668;-6,483870274;-5,966487757;Annual;01/01/80
ZWE;Zimbabwe;ZAF;South Africa;Transport;Persons;2026;563,0690587;618,5197089;-6,161183356;-5,892860926;Annual;01/01/80
ZWE;Zimbabwe;ZMB;Zambia;Agriculture;Persons;1980;752,8737733;844,3710746;-7,624775106;-6,530689119;Annual;01/01/80
ZWE;Zimbabwe;ZMB;Zambia;Agriculture;Persons;1981;562,0615105;566,4970942;-0,369631979;-0,410609965;Annual;01/01/80
ZWE;Zimbabwe;ZMB;Zambia;Agriculture;Persons;1982;729,3992715;795,5628603;-5,513632401;-5,115244845;Annual;01/01/80
ZWE;Zimbabwe;ZMB;Zambia;Agriculture;Persons;1983;804,5937692;954,7602339;-12,51387206;-10,89507091;Annual;01/01/80
ZWE;Zimbabwe;ZMB;Zambia;Agriculture;Persons;1984;710,8619212;750,6665265;-3,317050436;-2,719568778;Annual;01/01/80
ZWE;Zimbabwe;ZMB;Zambia;Agriculture;Persons;1985;677,039362;739,0148033;-5,16462011;-4,922633524;Annual;01/01/80
ZWE;Zimbabwe;ZMB;Zambia;Agriculture;Persons;1986;730,6773786;779,750707;-4,089444035;-2,970124673;Annual;01/01/80
ZWE;Zimbabwe;ZMB;Zambia;Agriculture;Persons;1987;692,7205352;776,3315043;-6,967580756;-6,222799052;Annual;01/01/80
ZWE;Zimbabwe;ZMB;Zambia;Agriculture;Persons;1988;857,3646896;967,7428587;-9,198180757;-7,720480083;Annual;01/01/80
ZWE;Zimbabwe;ZMB;Zambia;Agriculture;Persons;1989;720,9777477;899,8529063;-14,90626322;-12,77268796;Annual;01/01/80
ZWE;Zimbabwe;ZMB;Zambia;Agriculture;Persons;1990;587,85461;646,0768644;-4,851854528;-4,412514315;Annual;01/01/80
ZWE;Zimbabwe;ZMB;Zambia;Agriculture;Persons;1991;703,2119616;717,8933535;-1,223449333;-1,20212739;Annual;01/01/80
ZWE;Zimbabwe;ZMB;Zambia;Agriculture;Persons;1992;773,4909096;820,4697379;-3,914902359;-3,151018356;Annual;01/01/80
ZWE;Zimbabwe;ZMB;Zambia;Agriculture;Persons;1993;693,0117105;744,3359757;-4,277022098;-4,145922194;Annual;01/01/80
ZWE;Zimbabwe;ZMB;Zambia;Agriculture;Persons;1994;772,9553568;775,2416762;-0,190526617;-0,154803542;Annual;01/01/80
ZWE;Zimbabwe;ZMB;Zambia;Agriculture;Persons;1995;714,8336967;804,520474;-7,473898109;-7,627612258;Annual;01/01/80
ZWE;Zimbabwe;ZMB;Zambia;Agriculture;Persons;1996;536,6979994;570,4334384;-2,81128658;-2,530324309;Annual;01/01/80
ZWE;Zimbabwe;ZMB;Zambia;Agriculture;Persons;1997;866,9151399;892,3881414;-2,122750122;-1,810850149;Annual;01/01/80
ZWE;Zimbabwe;ZMB;Zambia;Agriculture;Persons;1998;788,5000654;813,9475923;-2,120627239;-2,06037092;Annual;01/01/80
ZWE;Zimbabwe;ZMB;Zambia;Agriculture;Persons;1999;671,169827;741,4582697;-5,857370226;-5,427754192;Annual;01/01/80
ZWE;Zimbabwe;ZMB;Zambia;Agriculture;Persons;2000;745,8111523;855,0325465;-9,10178285;-8,386719972;Annual;01/01/80
ZWE;Zimbabwe;ZMB;Zambia;Agriculture;Persons;2001;865,039984;1115,542789;-20,87523376;-18,82374005;Annual;01/01/80
ZWE;Zimbabwe;ZMB;Zambia;Agriculture;Persons;2002;880,5495859;1086,246921;-17,14144461;-15,37673095;Annual;01/01/80
ZWE;Zimbabwe;ZMB;Zambia;Agriculture;Persons;2003;611,7615307;690,7083107;-6,578898338;-5,953164731;Annual;01/01/80
ZWE;Zimbabwe;ZMB;Zambia;Agriculture;Persons;2004;797,8365066;890,0225633;-7,68217139;-6,824101432;Annual;01/01/80
ZWE;Zimbabwe;ZMB;Zambia;Agriculture;Persons;2005;647,5582433;651,388583;-0,319194978;0,189768035;Annual;01/01/80
ZWE;Zimbabwe;ZMB;Zambia;Agriculture;Persons;2006;662,5856375;769,8259371;-8,936691634;-8,475189755;Annual;01/01/80
ZWE;Zimbabwe;ZMB;Zambia;Agriculture;Persons;2007;711,6937812;763,5262903;-4,319375758;-4,351995901;Annual;01/01/80
ZWE;Zimbabwe;ZMB;Zambia;Agriculture;Persons;2008;706,6288805;830,0548496;-10,28549743;-8,915554181;Annual;01/01/80
ZWE;Zimbabwe;ZMB;Zambia;Agriculture;Persons;2009;550,8452586;633,8011267;-6,912989013;-6,503098405;Annual;01/01/80
ZWE;Zimbabwe;ZMB;Zambia;Agriculture;Persons;2010;671,812369;757,4835603;-7,139265943;-6,279730902;Annual;01/01/80
ZWE;Zimbabwe;ZMB;Zambia;Agriculture;Persons;2011;723,6915595;686,0849444;3,133884597;2,762272426;Annual;01/01/80
ZWE;Zimbabwe;ZMB;Zambia;Agriculture;Persons;2012;623,3378283;770,2256022;-12,24064782;-10,77848388;Annual;01/01/80
ZWE;Zimbabwe;ZMB;Zambia;Agriculture;Persons;2013;639,8235614;690,1184591;-4,191241482;-3,676832912;Annual;01/01/80
ZWE;Zimbabwe;ZMB;Zambia;Agriculture;Persons;2014;627,5716023;708,9795821;-6,783998315;-6,604114984;Annual;01/01/80
ZWE;Zimbabwe;ZMB;Zambia;Agriculture;Persons;2015;780,8695875;789,8446897;-0,747925184;-0,636909668;Annual;01/01/80
ZWE;Zimbabwe;ZMB;Zambia;Agriculture;Persons;2016;616,3814914;652,0127032;-2,969267652;-2,539384617;Annual;01/01/80
ZWE;Zimbabwe;ZMB;Zambia;Agriculture;Persons;2017;726,3915967;761,9894027;-2,96648383;-2,458215507;Annual;01/01/80
ZWE;Zimbabwe;ZMB;Zambia;Agriculture;Persons;2018;922,5471833;1015,036416;-7,707436038;-6,350875931;Annual;01/01/80
ZWE;Zimbabwe;ZMB;Zambia;Agriculture;Persons;2019;917,5390419;984,7010284;-5,596832204;-4,941045863;Annual;01/01/80
ZWE;Zimbabwe;ZMB;Zambia;Agriculture;Persons;2020;790,9375131;872,5977015;-6,805015693;-5,719383318;Annual;01/01/80
ZWE;Zimbabwe;ZMB;Zambia;Agriculture;Persons;2021;834,0543037;949,2981533;-9,60365413;-8,053546697;Annual;01/01/80
ZWE;Zimbabwe;ZMB;Zambia;Agriculture;Persons;2022;849,5534177;854,9657034;-0,451023806;-0,059279455;Annual;01/01/80
ZWE;Zimbabwe;ZMB;Zambia;Agriculture;Persons;2023;524,6301597;589,9345737;-5,442034501;-4,749639488;Annual;01/01/80
ZWE;Zimbabwe;ZMB;Zambia;Agriculture;Persons;2024;648,820744;769,4919272;-10,05593193;-9,052130212;Annual;01/01/80
ZWE;Zimbabwe;ZMB;Zambia;Agriculture;Persons;2025;632,5589258;676,6048606;-3,670494568;-3,446714446;Annual;01/01/80
ZWE;Zimbabwe;ZMB;Zambia;Agriculture;Persons;2026;617,0393415;722,3679163;-11,70317497;-10,38059204;Annual;01/01/80
ZWE;Zimbabwe;ZMB;Zambia;Construction;Persons;1980;756,7134564;795,9687316;-3,27127294;-3,257465281;Annual;01/01/80
ZWE;Zimbabwe;ZMB;Zambia;Construction;Persons;1981;811,2509532;946,6196965;-11,28072861;-8,875792979;Annual;01/01/80
ZWE;Zimbabwe;ZMB;Zambia;Construction;Persons;1982;537,3448158;573,8976273;-3,046067622;-2,865055367;Annual;01/01/80
ZWE;Zimbabwe;ZMB;Zambia;Construction;Persons;1983;822,5585362;885,2076939;-5,220763146;-4,526717098;Annual;01/01/80
ZWE;Zimbabwe;ZMB;Zambia;Construction;Persons;1984;813,2253817;934,2516275;-10,08552048;-8,996564124;Annual;01/01/80
ZWE;Zimbabwe;ZMB;Zambia;Construction;Persons;1985;686,5876906;752,6059057;-5,501517929;-4,640273528;Annual;01/01/80
ZWE;Zimbabwe;ZMB;Zambia;Construction;Persons;1986;701,1936313;730,6069782;-2,451112241;-2,377950263;Annual;01/01/80
ZWE;Zimbabwe;ZMB;Zambia;Construction;Persons;1987;636,1055782;726,8979949;-7,56603473;-7,444959605;Annual;01/01/80
ZWE;Zimbabwe;ZMB;Zambia;Construction;Persons;1988;741,9863008;773,5368395;-2,629211563;-2,609916054;Annual;01/01/80
ZWE;Zimbabwe;ZMB;Zambia;Construction;Persons;1989;690,1760286;805,3495262;-9,597791462;-8,480178274;Annual;01/01/80
ZWE;Zimbabwe;ZMB;Zambia;Construction;Persons;1990;762,0902589;769,5428443;-0,621048785;0,097435781;Annual;01/01/80
ZWE;Zimbabwe;ZMB;Zambia;Construction;Persons;1991;625,0306374;637,6160299;-1,048782712;-0,967310902;Annual;01/01/80
ZWE;Zimbabwe;ZMB;Zambia;Construction;Persons;1992;852,6333806;905,4159869;-4,398550528;-4,136327583;Annual;01/01/80
ZWE;Zimbabwe;ZMB;Zambia;Construction;Persons;1993;565,7882083;517,5858289;4,016864949;3,696568171;Annual;01/01/80
ZWE;Zimbabwe;ZMB;Zambia;Construction;Persons;1994;892,32679;973,2496934;-6,743575283;-6,844562389;Annual;01/01/80
ZWE;Zimbabwe;ZMB;Zambia;Construction;Persons;1995;680,5485256;706,8731727;-2,193720595;-1,81540766;Annual;01/01/80
ZWE;Zimbabwe;ZMB;Zambia;Construction;Persons;1996;780,5456143;850,0717534;-5,793844925;-5,743893221;Annual;01/01/80
ZWE;Zimbabwe;ZMB;Zambia;Construction;Persons;1997;772,3756094;820,4783282;-4,008559904;-3,747498327;Annual;01/01/80
ZWE;Zimbabwe;ZMB;Zambia;Construction;Persons;1998;764,9850235;844,1586867;-6,59780527;-6,350415388;Annual;01/01/80
ZWE;Zimbabwe;ZMB;Zambia;Construction;Persons;1999;640,1626536;712,6316477;-6,039082842;-4,94417725;Annual;01/01/80
ZWE;Zimbabwe;ZMB;Zambia;Construction;Persons;2000;569,9354888;612,2567912;-3,526775196;-3,082311247;Annual;01/01/80
ZWE;Zimbabwe;ZMB;Zambia;Construction;Persons;2001;749,1268924;727,1219431;1,83374578;1,511081637;Annual;01/01/80
ZWE;Zimbabwe;ZMB;Zambia;Construction;Persons;2002;512,9912665;517,3993976;-0,367344256;-0,345073302;Annual;01/01/80
ZWE;Zimbabwe;ZMB;Zambia;Construction;Persons;2003;683,4172133;638,7028606;3,726196059;3,416153252;Annual;01/01/80
ZWE;Zimbabwe;ZMB;Zambia;Construction;Persons;2004;684,8935479;706,3261848;-1,786053079;-1,077413749;Annual;01/01/80
ZWE;Zimbabwe;ZMB;Zambia;Construction;Persons;2005;550,2266936;605,4080491;-4,598446293;-4,303755212;Annual;01/01/80
ZWE;Zimbabwe;ZMB;Zambia;Construction;Persons;2006;873,0096505;899,6298238;-2,218347781;-1,78836401;Annual;01/01/80
ZWE;Zimbabwe;ZMB;Zambia;Construction;Persons;2007;687,0547269;844,9235309;-13,15573367;-12,27366901;Annual;01/01/80
ZWE;Zimbabwe;ZMB;Zambia;Construction;Persons;2008;750,4675459;804,8357205;-4,530681221;-3,231399559;Annual;01/01/80
ZWE;Zimbabwe;ZMB;Zambia;Construction;Persons;2009;795,8739038;917,0487681;-10,09790536;-8,413108232;Annual;01/01/80
ZWE;Zimbabwe;ZMB;Zambia;Construction;Persons;2010;684,5126572;746,6797437;-5,180590538;-3,550397359;Annual;01/01/80
ZWE;Zimbabwe;ZMB;Zambia;Construction;Persons;2011;778,2837153;831,0903749;-4,400554967;-3,900491584;Annual;01/01/80
ZWE;Zimbabwe;ZMB;Zambia;Construction;Persons;2012;776,8225316;705,7211319;5,925116647;5,453734689;Annual;01/01/80
ZWE;Zimbabwe;ZMB;Zambia;Construction;Persons;2013;633,6454574;689,6721827;-4,668893774;-5,045993407;Annual;01/01/80
ZWE;Zimbabwe;ZMB;Zambia;Construction;Persons;2014;595,5398681;645,510512;-4,164220321;-3,576007474;Annual;01/01/80
ZWE;Zimbabwe;ZMB;Zambia;Construction;Persons;2015;985,4331019;995,5676521;-0,844545852;-1,254500076;Annual;01/01/80
ZWE;Zimbabwe;ZMB;Zambia;Construction;Persons;2016;752,0898083;820,7836933;-5,724490418;-5,073099993;Annual;01/01/80
ZWE;Zimbabwe;ZMB;Zambia;Construction;Persons;2017;779,1791247;735,4914455;3,640639926;3,262074456;Annual;01/01/80
ZWE;Zimbabwe;ZMB;Zambia;Construction;Persons;2018;746,4955965;825,7295547;-6,602829853;-4,949953654;Annual;01/01/80
ZWE;Zimbabwe;ZMB;Zambia;Construction;Persons;2019;630,7956535;695,9936298;-5,433164694;-5,437367712;Annual;01/01/80
ZWE;Zimbabwe;ZMB;Zambia;Construction;Persons;2020;777,3576123;807,3650121;-2,500616651;-2,239839795;Annual;01/01/80
ZWE;Zimbabwe;ZMB;Zambia;Construction;Persons;2021;662,8579197;774,9374534;-9,339961139;-8,335660579;Annual;01/01/80
ZWE;Zimbabwe;ZMB;Zambia;Construction;Persons;2022;708,5411474;771,1553329;-5,217848791;-4,004886096;Annual;01/01/80
ZWE;Zimbabwe;ZMB;Zambia;Construction;Persons;2023;685,7602949;762,9271281;-6,430569435;-5,927380691;Annual;01/01/80
ZWE;Zimbabwe;ZMB;Zambia;Construction;Persons;2024;692,805584;722,3548142;-2,462435845;-1,949021852;Annual;01/01/80
ZWE;Zimbabwe;ZMB;Zambia;Construction;Persons;2025;564,614505;514,8737598;4,145062099;3,879819117;Annual;01/01/80
ZWE;Zimbabwe;ZMB;Zambia;Construction;Persons;2026;429,0781607;402,5684217;2,94552655;2,793899334;Annual;01/01/80
ZWE;Zimbabwe;ZMB;Zambia;Education;Persons;1980;718,8327367;800,7253492;-6,824384372;-5,738274115;Annual;01/01/80
ZWE;Zimbabwe;ZMB;Zambia;Education;Persons;1981;761,3198826;782,1465167;-1,735552848;-1,180908162;Annual;01/01/80
ZWE;Zimbabwe;ZMB;Zambia;Education;Persons;1982;780,1356085;710,0762238;5,838282058;4,120783304;Annual;01/01/80
ZWE;Zimbabwe;ZMB;Zambia;Education;Persons;1983;723,0489156;782,7376235;-4,974058995;-4,03398618;Annual;01/01/80
ZWE;Zimbabwe;ZMB;Zambia;Education;Persons;1984;882,0182676;1023,604255;-11,79883228;-10,95724767;Annual;01/01/80
ZWE;Zimbabwe;ZMB;Zambia;Education;Persons;1985;574,1114539;611,6359755;-3,127043467;-2,41024975;Annual;01/01/80
ZWE;Zimbabwe;ZMB;Zambia;Education;Persons;1986;789,1151145;842,7950778;-4,473330271;-4,150274515;Annual;01/01/80
ZWE;Zimbabwe;ZMB;Zambia;Education;Persons;1987;539,8640574;677,4788974;-11,46790333;-10,10207276;Annual;01/01/80
ZWE;Zimbabwe;ZMB;Zambia;Education;Persons;1988;674,7324013;705,6240473;-2,574303829;-2,8896889;Annual;01/01/80
ZWE;Zimbabwe;ZMB;Zambia;Education;Persons;1989;692,6320592;759,8088221;-5,598063574;-5,541146592;Annual;01/01/80
ZWE;Zimbabwe;ZMB;Zambia;Education;Persons;1990;993,8807833;1041,215843;-3,944588333;-3,897941272;Annual;01/01/80
ZWE;Zimbabwe;ZMB;Zambia;Education;Persons;1991;477,8015739;449,7230564;2,339876456;1,628142483;Annual;01/01/80
ZWE;Zimbabwe;ZMB;Zambia;Education;Persons;1992;537,353634;615,4372004;-6,506963871;-5,434826711;Annual;01/01/80
ZWE;Zimbabwe;ZMB;Zambia;Education;Persons;1993;723,2283199;820,6417228;-8,117783572;-7,42381103;Annual;01/01/80
ZWE;Zimbabwe;ZMB;Zambia;Education;Persons;1994;750,5631271;726,2203275;2,02856663;1,34244182;Annual;01/01/80
ZWE;Zimbabwe;ZMB;Zambia;Education;Persons;1995;775,3006412;875,4765553;-8,347992847;-6,926271008;Annual;01/01/80
ZWE;Zimbabwe;ZMB;Zambia;Education;Persons;1996;700,4423854;694,2262072;0,518014852;0,417161314;Annual;01/01/80
ZWE;Zimbabwe;ZMB;Zambia;Education;Persons;1997;730,7366564;891,4416037;-13,39207894;-12,24369694;Annual;01/01/80
ZWE;Zimbabwe;ZMB;Zambia;Education;Persons;1998;702,3786325;777,6670659;-6,274036119;-5,535763552;Annual;01/01/80
ZWE;Zimbabwe;ZMB;Zambia;Education;Persons;1999;870,872542;1057,591574;-15,55991931;-14,79996012;Annual;01/01/80
ZWE;Zimbabwe;ZMB;Zambia;Education;Persons;2000;647,9473351;707,0135667;-4,922185971;-4,910390873;Annual;01/01/80
ZWE;Zimbabwe;ZMB;Zambia;Education;Persons;2001;692,096838;783,2468865;-7,595837375;-7,347004411;Annual;01/01/80
ZWE;Zimbabwe;ZMB;Zambia;Education;Persons;2002;674,9629514;751,0374502;-6,339541561;-5,661032584;Annual;01/01/80
ZWE;Zimbabwe;ZMB;Zambia;Education;Persons;2003;680,2938512;693,9012047;-1,133946124;-1,348126163;Annual;01/01/80
ZWE;Zimbabwe;ZMB;Zambia;Education;Persons;2004;829,6975698;893,467458;-5,314157347;-4,927844712;Annual;01/01/80
ZWE;Zimbabwe;ZMB;Zambia;Education;Persons;2005;814,6181531;870,043012;-4,618738245;-3,630485346;Annual;01/01/80
ZWE;Zimbabwe;ZMB;Zambia;Education;Persons;2006;667,5710078;701,1133499;-2,79519518;-2,58210849;Annual;01/01/80
ZWE;Zimbabwe;ZMB;Zambia;Education;Persons;2007;575,5349337;628,550441;-4,417958948;-3,871536027;Annual;01/01/80
ZWE;Zimbabwe;ZMB;Zambia;Education;Persons;2008;829,7424352;765,0009925;5,395120222;4,815496881;Annual;01/01/80
ZWE;Zimbabwe;ZMB;Zambia;Education;Persons;2009;535,7418469;665,3025128;-10,79672216;-10,20179958;Annual;01/01/80
ZWE;Zimbabwe;ZMB;Zambia;Education;Persons;2010;809,6063085;807,198201;0,200675622;0,421707982;Annual;01/01/80
ZWE;Zimbabwe;ZMB;Zambia;Education;Persons;2011;830,7524778;937,4550072;-8,891877456;-8,33426296;Annual;01/01/80
ZWE;Zimbabwe;ZMB;Zambia;Education;Persons;2012;778,8397742;857,6447873;-6,567084423;-6,225649554;Annual;01/01/80
ZWE;Zimbabwe;ZMB;Zambia;Education;Persons;2013;607,5347961;681,5301431;-6,166278914;-5,920156856;Annual;01/01/80
ZWE;Zimbabwe;ZMB;Zambia;Education;Persons;2014;729,5632762;869,8773266;-11,69283754;-11,31117123;Annual;01/01/80
ZWE;Zimbabwe;ZMB;Zambia;Education;Persons;2015;657,5071325;750,4725749;-7,747120203;-6,91834508;Annual;01/01/80
ZWE;Zimbabwe;ZMB;Zambia;Education;Persons;2016;657,7716714;700,2135102;-3,536819895;-3,576961876;Annual;01/01/80
ZWE;Zimbabwe;ZMB;Zambia;Education;Persons;2017;804,7576755;854,3984603;-4,136732068;-4,443944028;Annual;01/01/80
ZWE;Zimbabwe;ZMB;Zambia;Education;Persons;2018;999,8976526;1157,807883;-13,15918584;-11,69870583;Annual;01/01/80
ZWE;Zimbabwe;ZMB;Zambia;Education;Persons;2019;464,9863455;547,5673106;-6,881747098;-5,830698734;Annual;01/01/80
ZWE;Zimbabwe;ZMB;Zambia;Education;Persons;2020;784,2163126;841,8265185;-4,800850488;-4,739367661;Annual;01/01/80
ZWE;Zimbabwe;ZMB;Zambia;Education;Persons;2021;866,2265694;951,3000975;-7,089460678;-5,72451611;Annual;01/01/80
ZWE;Zimbabwe;ZMB;Zambia;Education;Persons;2022;726,5705329;766,7031232;-3,344382533;-2,633958033;Annual;01/01/80
ZWE;Zimbabwe;ZMB;Zambia;Education;Persons;2023;792,4166627;788,0352718;0,36511591;0,01847007;Annual;01/01/80
ZWE;Zimbabwe;ZMB;Zambia;Education;Persons;2024;657,7692235;667,2864096;-0,793098846;-0,978728257;Annual;01/01/80
ZWE;Zimbabwe;ZMB;Zambia;Education;Persons;2025;647,2421153;779,1460376;-10,99199352;-9,633436055;Annual;01/01/80
ZWE;Zimbabwe;ZMB;Zambia;Education;Persons;2026;462,3222133;441,4309162;2,321255235;2,182802925;Annual;01/01/80
ZWE;Zimbabwe;ZMB;Zambia;Finance;Persons;1980;781,6780906;885,3705815;-8,641040905;-7,093522946;Annual;01/01/80
ZWE;Zimbabwe;ZMB;Zambia;Finance;Persons;1981;762,1486166;858,8827173;-8,061175054;-7,148347027;Annual;01/01/80
ZWE;Zimbabwe;ZMB;Zambia;Finance;Persons;1982;741,6376028;799,1975197;-4,796659741;-3,714090355;Annual;01/01/80
ZWE;Zimbabwe;ZMB;Zambia;Finance;Persons;1983;668,2204441;703,4990338;-2,939882475;-2,408310057;Annual;01/01/80
ZWE;Zimbabwe;ZMB;Zambia;Finance;Persons;1984;668,6047582;703,9635486;-2,946565866;-2,570082923;Annual;01/01/80
ZWE;Zimbabwe;ZMB;Zambia;Finance;Persons;1985;656,8158653;721,4357337;-5,384989035;-4,684449511;Annual;01/01/80
ZWE;Zimbabwe;ZMB;Zambia;Finance;Persons;1986;699,4365035;715,5197285;-1,340268746;-1,460065744;Annual;01/01/80
ZWE;Zimbabwe;ZMB;Zambia;Finance;Persons;1987;630,3016888;675,8245553;-3,793572209;-2,733222109;Annual;01/01/80
ZWE;Zimbabwe;ZMB;Zambia;Finance;Persons;1988;730,1718811;772,1977464;-3,502155448;-3,619021613;Annual;01/01/80
ZWE;Zimbabwe;ZMB;Zambia;Finance;Persons;1989;843,1184774;848,1385389;-0,418338458;-0,450476114;Annual;01/01/80
ZWE;Zimbabwe;ZMB;Zambia;Finance;Persons;1990;691,959104;725,8380166;-2,823242717;-1,769327525;Annual;01/01/80
ZWE;Zimbabwe;ZMB;Zambia;Finance;Persons;1991;682,2638381;705,2281011;-1,913688584;-1,534679917;Annual;01/01/80
ZWE;Zimbabwe;ZMB;Zambia;Finance;Persons;1992;578,301125;608,3282637;-2,502261557;-2,108168374;Annual;01/01/80
ZWE;Zimbabwe;ZMB;Zambia;Finance;Persons;1993;755,2782784;832,9511123;-6,472736162;-6,267901026;Annual;01/01/80
ZWE;Zimbabwe;ZMB;Zambia;Finance;Persons;1994;792,5433944;801,8102872;-0,772241064;-0,769639621;Annual;01/01/80
ZWE;Zimbabwe;ZMB;Zambia;Finance;Persons;1995;814,9966649;953,8504497;-11,57114873;-10,068927;Annual;01/01/80
ZWE;Zimbabwe;ZMB;Zambia;Finance;Persons;1996;662,3506996;687,692068;-2,111780696;-1,791235278;Annual;01/01/80
ZWE;Zimbabwe;ZMB;Zambia;Finance;Persons;1997;896,4583098;939,5701539;-3,592653673;-3,221626984;Annual;01/01/80
ZWE;Zimbabwe;ZMB;Zambia;Finance;Persons;1998;692,5717821;702,4243442;-0,821046848;-0,269172156;Annual;01/01/80
ZWE;Zimbabwe;ZMB;Zambia;Finance;Persons;1999;829,8387557;895,983153;-5,512033103;-4,583998517;Annual;01/01/80
ZWE;Zimbabwe;ZMB;Zambia;Finance;Persons;2000;589,4281842;624,1500913;-2,893492261;-3,08892004;Annual;01/01/80
ZWE;Zimbabwe;ZMB;Zambia;Finance;Persons;2001;669,2621636;694,475003;-2,101069946;-2,004266082;Annual;01/01/80
ZWE;Zimbabwe;ZMB;Zambia;Finance;Persons;2002;733,5190129;820,4914997;-7,247707233;-6,45448613;Annual;01/01/80
ZWE;Zimbabwe;ZMB;Zambia;Finance;Persons;2003;685,0974372;678,8786653;0,518230994;0,496301549;Annual;01/01/80
ZWE;Zimbabwe;ZMB;Zambia;Finance;Persons;2004;548,9977842;568,0195598;-1,585147967;-1,19960707;Annual;01/01/80
ZWE;Zimbabwe;ZMB;Zambia;Finance;Persons;2005;643,7897206;689,4471062;-3,804782127;-3,281127769;Annual;01/01/80
ZWE;Zimbabwe;ZMB;Zambia;Finance;Persons;2006;686,5737685;699,0073229;-1,036129536;-1,252034272;Annual;01/01/80
ZWE;Zimbabwe;ZMB;Zambia;Finance;Persons;2007;754,6312923;838,0860205;-6,954560679;-6,677769732;Annual;01/01/80
ZWE;Zimbabwe;ZMB;Zambia;Finance;Persons;2008;724,199182;767,6669222;-3,622311685;-3,17576875;Annual;01/01/80
ZWE;Zimbabwe;ZMB;Zambia;Finance;Persons;2009;795,9104118;849,9198309;-4,500784923;-4,574038213;Annual;01/01/80
ZWE;Zimbabwe;ZMB;Zambia;Finance;Persons;2010;586,1504325;688,5088038;-8,529864276;-7,555815726;Annual;01/01/80
ZWE;Zimbabwe;ZMB;Zambia;Finance;Persons;2011;752,8647446;726,4957964;2,197412348;1,530641875;Annual;01/01/80
ZWE;Zimbabwe;ZMB;Zambia;Finance;Persons;2012;750,2057888;809,2459233;-4,920011205;-4,153070714;Annual;01/01/80
ZWE;Zimbabwe;ZMB;Zambia;Finance;Persons;2013;575,7302429;625,3043861;-4,1311786;-3,852180386;Annual;01/01/80
ZWE;Zimbabwe;ZMB;Zambia;Finance;Persons;2014;704,6072849;831,2751089;-10,555652;-9,105717204;Annual;01/01/80
ZWE;Zimbabwe;ZMB;Zambia;Finance;Persons;2015;656,0227626;727,9856768;-5,996909515;-5,291782626;Annual;01/01/80
ZWE;Zimbabwe;ZMB;Zambia;Finance;Persons;2016;753,2676994;787,6263434;-2,863220331;-2,302928414;Annual;01/01/80
ZWE;Zimbabwe;ZMB;Zambia;Finance;Persons;2017;830,4302786;844,7447756;-1,192874753;-1,177159111;Annual;01/01/80
ZWE;Zimbabwe;ZMB;Zambia;Finance;Persons;2018;690,1151227;705,1850747;-1,255829325;-1,23525382;Annual;01/01/80
ZWE;Zimbabwe;ZMB;Zambia;Finance;Persons;2019;935,0049419;1000,28991;-5,440414005;-4,492412175;Annual;01/01/80
ZWE;Zimbabwe;ZMB;Zambia;Finance;Persons;2020;586,1382233;650,459174;-5,360079228;-5,103905138;Annual;01/01/80
ZWE;Zimbabwe;ZMB;Zambia;Finance;Persons;2021;660,8341914;756,4829403;-7,970729075;-7,739556908;Annual;01/01/80
ZWE;Zimbabwe;ZMB;Zambia;Finance;Persons;2022;734,4359213;778,8706869;-3,702897137;-3,797395861;Annual;01/01/80
ZWE;Zimbabwe;ZMB;Zambia;Finance;Persons;2023;705,2043391;731,1842906;-2,164995957;-2,088006048;Annual;01/01/80
ZWE;Zimbabwe;ZMB;Zambia;Finance;Persons;2024;852,0489578;919,0368396;-5,582323486;-5,096205395;Annual;01/01/80
ZWE;Zimbabwe;ZMB;Zambia;Finance;Persons;2025;727,5808297;772,3294515;-3,729051816;-3,167702432;Annual;01/01/80
ZWE;Zimbabwe;ZMB;Zambia;Finance;Persons;2026;521,2648416;626,5966428;-11,70353346;-11,27684975;Annual;01/01/80
ZWE;Zimbabwe;ZMB;Zambia;Health;Persons;1980;746,0798208;843,7422944;-8,138539465;-6,929961574;Annual;01/01/80
ZWE;Zimbabwe;ZMB;Zambia;Health;Persons;1981;591,0674255;605,2866146;-1,184932427;-1,266765161;Annual;01/01/80
ZWE;Zimbabwe;ZMB;Zambia;Health;Persons;1982;570,4058563;640,1114998;-5,808803627;-5,600486047;Annual;01/01/80
ZWE;Zimbabwe;ZMB;Zambia;Health;Persons;1983;835,1312156;929,885906;-7,896224198;-7,749541863;Annual;01/01/80
ZWE;Zimbabwe;ZMB;Zambia;Health;Persons;1984;696,1813039;693,4603789;0,226743747;-0,131759029;Annual;01/01/80
ZWE;Zimbabwe;ZMB;Zambia;Health;Persons;1985;903,3542588;901,5150103;0,153270712;0,358105458;Annual;01/01/80
ZWE;Zimbabwe;ZMB;Zambia;Health;Persons;1986;741,2716234;798,0690433;-4,733118324;-3,885027823;Annual;01/01/80
ZWE;Zimbabwe;ZMB;Zambia;Health;Persons;1987;697,8279554;773,2484164;-6,285038418;-5,615887476;Annual;01/01/80
ZWE;Zimbabwe;ZMB;Zambia;Health;Persons;1988;650,3905619;687,2950127;-3,075370899;-2,310465776;Annual;01/01/80
ZWE;Zimbabwe;ZMB;Zambia;Health;Persons;1989;942,0299178;1045,439306;-8,617448985;-8,088750298;Annual;01/01/80
ZWE;Zimbabwe;ZMB;Zambia;Health;Persons;1990;573,370496;558,0811038;1,274116023;1,252052975;Annual;01/01/80
ZWE;Zimbabwe;ZMB;Zambia;Health;Persons;1991;648,1205414;633,8176818;1,191904975;0,776652895;Annual;01/01/80
ZWE;Zimbabwe;ZMB;Zambia;Health;Persons;1992;716,3207067;840,7587532;-10,36983721;-8,233034314;Annual;01/01/80
ZWE;Zimbabwe;ZMB;Zambia;Health;Persons;1993;596,4992242;662,5182876;-5,501588622;-4,930391765;Annual;01/01/80
ZWE;Zimbabwe;ZMB;Zambia;Health;Persons;1994;869,5145956;909,3831284;-3,32237774;-3,240487299;Annual;01/01/80
ZWE;Zimbabwe;ZMB;Zambia;Health;Persons;1995;499,9253862;506,5024029;-0,548084723;-0,359628816;Annual;01/01/80
ZWE;Zimbabwe;ZMB;Zambia;Health;Persons;1996;747,3552639;781,0362837;-2,806751648;-2,29269168;Annual;01/01/80
ZWE;Zimbabwe;ZMB;Zambia;Health;Persons;1997;627,426737;644,0048016;-1,381505382;-0,866938314;Annual;01/01/80
ZWE;Zimbabwe;ZMB;Zambia;Health;Persons;1998;573,86352;636,8597118;-5,24968265;-4,373187149;Annual;01/01/80
ZWE;Zimbabwe;ZMB;Zambia;Health;Persons;1999;760,9836884;774,1735117;-1,099151941;-0,823767111;Annual;01/01/80
ZWE;Zimbabwe;ZMB;Zambia;Health;Persons;2000;814,3424881;814,6912482;-0,029063342;0,30967688;Annual;01/01/80
ZWE;Zimbabwe;ZMB;Zambia;Health;Persons;2001;572,5253895;594,2463691;-1,81008164;-2,022267863;Annual;01/01/80
ZWE;Zimbabwe;ZMB;Zambia;Health;Persons;2002;755,0171761;810,7852939;-4,64734315;-4,263390916;Annual;01/01/80
ZWE;Zimbabwe;ZMB;Zambia;Health;Persons;2003;691,8419884;722,6425688;-2,566715028;-2,265046049;Annual;01/01/80
ZWE;Zimbabwe;ZMB;Zambia;Health;Persons;2004;764,1060526;866,6780461;-8,547666128;-8,119810085;Annual;01/01/80
ZWE;Zimbabwe;ZMB;Zambia;Health;Persons;2005;663,6035185;654,6577122;0,745483859;0,476560202;Annual;01/01/80
ZWE;Zimbabwe;ZMB;Zambia;Health;Persons;2006;553,5091074;553,4000163;0,009090924;-0,111916584;Annual;01/01/80
ZWE;Zimbabwe;ZMB;Zambia;Health;Persons;2007;637,8143876;723,8774081;-7,171918369;-6,753870136;Annual;01/01/80
ZWE;Zimbabwe;ZMB;Zambia;Health;Persons;2008;666,251199;784,7729525;-9,876812798;-9,125112251;Annual;01/01/80
ZWE;Zimbabwe;ZMB;Zambia;Health;Persons;2009;609,9345748;676,7421792;-5,567300374;-5,761384246;Annual;01/01/80
ZWE;Zimbabwe;ZMB;Zambia;Health;Persons;2010;632,2729147;640,1475027;-0,656215664;-0,213811112;Annual;01/01/80
ZWE;Zimbabwe;ZMB;Zambia;Health;Persons;2011;783,4904682;889,6054538;-8,842915462;-7,526393478;Annual;01/01/80
ZWE;Zimbabwe;ZMB;Zambia;Health;Persons;2012;477,5122644;467,9860053;0,793854923;1,046898978;Annual;01/01/80
ZWE;Zimbabwe;ZMB;Zambia;Health;Persons;2013;669,9858501;745,1365588;-6,262559059;-5,567844317;Annual;01/01/80
ZWE;Zimbabwe;ZMB;Zambia;Health;Persons;2014;593,7638125;598,363079;-0,383272204;-0,445137218;Annual;01/01/80
ZWE;Zimbabwe;ZMB;Zambia;Health;Persons;2015;643,8852325;700,1515441;-4,688859296;-4,14187829;Annual;01/01/80
ZWE;Zimbabwe;ZMB;Zambia;Health;Persons;2016;783,290076;834,87983;-4,299146174;-4,094507035;Annual;01/01/80
ZWE;Zimbabwe;ZMB;Zambia;Health;Persons;2017;633,1288186;743,7070957;-9,214856425;-8,454011278;Annual;01/01/80
ZWE;Zimbabwe;ZMB;Zambia;Health;Persons;2018;734,3528987;857,5162357;-10,26361141;-8,91979493;Annual;01/01/80
ZWE;Zimbabwe;ZMB;Zambia;Health;Persons;2019;640,2230754;734,2592067;-7,836344275;-6,111534431;Annual;01/01/80
ZWE;Zimbabwe;ZMB;Zambia;Health;Persons;2020;587,941397;619,4073996;-2,622166883;-2,379424196;Annual;01/01/80
ZWE;Zimbabwe;ZMB;Zambia;Health;Persons;2021;761,8021596;799,8405895;-3,169869152;-2,78412937;Annual;01/01/80
ZWE;Zimbabwe;ZMB;Zambia;Health;Persons;2022;507,7067879;584,1871235;-6,373361292;-5,465932173;Annual;01/01/80
ZWE;Zimbabwe;ZMB;Zambia;Health;Persons;2023;682,4912877;821,0709556;-11,54830566;-10,18649296;Annual;01/01/80
ZWE;Zimbabwe;ZMB;Zambia;Health;Persons;2024;684,0798298;670,831847;1,103998564;1,76078684;Annual;01/01/80
ZWE;Zimbabwe;ZMB;Zambia;Health;Persons;2025;570,3763981;625,7709087;-4,616209221;-3,774778453;Annual;01/01/80
ZWE;Zimbabwe;ZMB;Zambia;Health;Persons;2026;567,8323276;629,6832045;-6,872319661;-6,008251417;Annual;01/01/80
ZWE;Zimbabwe;ZMB;Zambia;ICT;Persons;1980;722,7351338;745,5676673;-1,902711129;-1,970348089;Annual;01/01/80
ZWE;Zimbabwe;ZMB;Zambia;ICT;Persons;1981;713,5960317;813,2905242;-8,307874375;-7,359019565;Annual;01/01/80
ZWE;Zimbabwe;ZMB;Zambia;ICT;Persons;1982;731,7476884;760,6581502;-2,409205148;-1,895915881;Annual;01/01/80
ZWE;Zimbabwe;ZMB;Zambia;ICT;Persons;1983;629,2829023;730,2736148;-8,415892713;-7,500441219;Annual;01/01/80
ZWE;Zimbabwe;ZMB;Zambia;ICT;Persons;1984;704,8234783;819,5896245;-9,563845521;-8,893480858;Annual;01/01/80
ZWE;Zimbabwe;ZMB;Zambia;ICT;Persons;1985;643,1236591;691,6088173;-4,040429847;-3,493059298;Annual;01/01/80
ZWE;Zimbabwe;ZMB;Zambia;ICT;Persons;1986;862,8399124;1024,620018;-13,48167542;-12,36609395;Annual;01/01/80
ZWE;Zimbabwe;ZMB;Zambia;ICT;Persons;1987;746,2132003;818,7221108;-6,042409213;-4,436044889;Annual;01/01/80
ZWE;Zimbabwe;ZMB;Zambia;ICT;Persons;1988;551,3998447;627,7064576;-6,358884406;-5,364565041;Annual;01/01/80
ZWE;Zimbabwe;ZMB;Zambia;ICT;Persons;1989;662,4122526;750,0603745;-7,304010157;-6,056561724;Annual;01/01/80
ZWE;Zimbabwe;ZMB;Zambia;ICT;Persons;1990;713,0489867;824,1496922;-9,258392121;-8,935261277;Annual;01/01/80
ZWE;Zimbabwe;ZMB;Zambia;ICT;Persons;1991;643,7912106;721,2105703;-6,45161331;-5,093727014;Annual;01/01/80
ZWE;Zimbabwe;ZMB;Zambia;ICT;Persons;1992;745,4501437;808,7828368;-5,277724425;-5,294305568;Annual;01/01/80
ZWE;Zimbabwe;ZMB;Zambia;ICT;Persons;1993;713,7916933;859,447795;-12,13800847;-11,22672876;Annual;01/01/80
ZWE;Zimbabwe;ZMB;Zambia;ICT;Persons;1994;688,6547505;772,4143777;-6,979968936;-5,709005546;Annual;01/01/80
ZWE;Zimbabwe;ZMB;Zambia;ICT;Persons;1995;568,4848415;581,4903288;-1,083790608;-0,601314912;Annual;01/01/80
ZWE;Zimbabwe;ZMB;Zambia;ICT;Persons;1996;717,9572969;817,2540626;-8,274730474;-7,602708965;Annual;01/01/80
ZWE;Zimbabwe;ZMB;Zambia;ICT;Persons;1997;725,2540929;756,9133677;-2,638272904;-2,07713092;Annual;01/01/80
ZWE;Zimbabwe;ZMB;Zambia;ICT;Persons;1998;562,9079023;629,7541747;-5,570522703;-5,533605737;Annual;01/01/80
ZWE;Zimbabwe;ZMB;Zambia;ICT;Persons;1999;770,7652633;868,4258389;-8,138381303;-6,863917122;Annual;01/01/80
ZWE;Zimbabwe;ZMB;Zambia;ICT;Persons;2000;768,5414946;802,1356329;-2,79951152;-3,043962721;Annual;01/01/80
ZWE;Zimbabwe;ZMB;Zambia;ICT;Persons;2001;740,3317489;848,7402675;-9,034043215;-7,750715248;Annual;01/01/80
ZWE;Zimbabwe;ZMB;Zambia;ICT;Persons;2002;580,542327;599,6232308;-1,590075324;-1,149761733;Annual;01/01/80
ZWE;Zimbabwe;ZMB;Zambia;ICT;Persons;2003;660,9016916;768,3787384;-8,95642057;-8,221940728;Annual;01/01/80
ZWE;Zimbabwe;ZMB;Zambia;ICT;Persons;2004;750,3527702;785,2322019;-2,906619305;-3,062895771;Annual;01/01/80
ZWE;Zimbabwe;ZMB;Zambia;ICT;Persons;2005;583,0755863;672,131501;-7,421326219;-6,210598657;Annual;01/01/80
ZWE;Zimbabwe;ZMB;Zambia;ICT;Persons;2006;711,2565459;666,9652806;3,690938776;3,922043596;Annual;01/01/80
ZWE;Zimbabwe;ZMB;Zambia;ICT;Persons;2007;517,2485396;524,7240704;-0,622960901;-0,719962922;Annual;01/01/80
ZWE;Zimbabwe;ZMB;Zambia;ICT;Persons;2008;887,1427077;927,2943176;-3,34596749;-3,377189226;Annual;01/01/80
ZWE;Zimbabwe;ZMB;Zambia;ICT;Persons;2009;812,9572298;845,8598662;-2,741886368;-2,786229116;Annual;01/01/80
ZWE;Zimbabwe;ZMB;Zambia;ICT;Persons;2010;685,4587268;689,5985893;-0,344988543;-0,492477398;Annual;01/01/80
ZWE;Zimbabwe;ZMB;Zambia;ICT;Persons;2011;851,560847;824,6576987;2,24192902;1,202722782;Annual;01/01/80
ZWE;Zimbabwe;ZMB;Zambia;ICT;Persons;2012;564,9480746;589,3519415;-2,033655575;-1,885562491;Annual;01/01/80
ZWE;Zimbabwe;ZMB;Zambia;ICT;Persons;2013;637,3315416;716,3661064;-6,58621374;-5,512553636;Annual;01/01/80
ZWE;Zimbabwe;ZMB;Zambia;ICT;Persons;2014;722,5625963;694,5420309;2,335047123;2,056134794;Annual;01/01/80
ZWE;Zimbabwe;ZMB;Zambia;ICT;Persons;2015;856,4551649;961,3100447;-8,737906648;-7,34323919;Annual;01/01/80
ZWE;Zimbabwe;ZMB;Zambia;ICT;Persons;2016;723,8492447;667,9479161;4,658444055;4,272078717;Annual;01/01/80
ZWE;Zimbabwe;ZMB;Zambia;ICT;Persons;2017;583,4665209;564,9430213;1,543624965;1,24676621;Annual;01/01/80
ZWE;Zimbabwe;ZMB;Zambia;ICT;Persons;2018;659,8080907;688,7099281;-2,40848645;-1,577392972;Annual;01/01/80
ZWE;Zimbabwe;ZMB;Zambia;ICT;Persons;2019;821,3088724;795,977403;2,110955785;1,581007991;Annual;01/01/80
ZWE;Zimbabwe;ZMB;Zambia;ICT;Persons;2020;671,8669374;735,4641103;-5,299764411;-4,158734999;Annual;01/01/80
ZWE;Zimbabwe;ZMB;Zambia;ICT;Persons;2021;715,4673073;800,8537087;-7,11553345;-6,203407149;Annual;01/01/80
ZWE;Zimbabwe;ZMB;Zambia;ICT;Persons;2022;803,0975177;833,1174863;-2,501664054;-2,193775324;Annual;01/01/80
ZWE;Zimbabwe;ZMB;Zambia;ICT;Persons;2023;756,7108784;840,9794427;-7,022380363;-5,912569272;Annual;01/01/80
ZWE;Zimbabwe;ZMB;Zambia;ICT;Persons;2024;652,7278932;676,863604;-2,01130924;-1,6422241;Annual;01/01/80
ZWE;Zimbabwe;ZMB;Zambia;ICT;Persons;2025;714,1957193;740,3310243;-2,177942075;-1,575330549;Annual;01/01/80
ZWE;Zimbabwe;ZMB;Zambia;ICT;Persons;2026;532,6001895;656,1390851;-13,72654396;-11,98366099;Annual;01/01/80
ZWE;Zimbabwe;ZMB;Zambia;Manufacturing;Persons;1980;673,8016961;638,3733705;2,952360468;2,373104383;Annual;01/01/80
ZWE;Zimbabwe;ZMB;Zambia;Manufacturing;Persons;1981;746,5255818;846,6157797;-8,340849825;-7,758569308;Annual;01/01/80
ZWE;Zimbabwe;ZMB;Zambia;Manufacturing;Persons;1982;627,8698785;690,5955209;-5,227136867;-4,411673762;Annual;01/01/80
ZWE;Zimbabwe;ZMB;Zambia;Manufacturing;Persons;1983;651,9799902;729,7072184;-6,477269018;-5,65613582;Annual;01/01/80
ZWE;Zimbabwe;ZMB;Zambia;Manufacturing;Persons;1984;585,7957628;599,1924593;-1,116391373;-1,061571812;Annual;01/01/80
ZWE;Zimbabwe;ZMB;Zambia;Manufacturing;Persons;1985;705,6193964;689,2147629;1,367052795;1,220776118;Annual;01/01/80
ZWE;Zimbabwe;ZMB;Zambia;Manufacturing;Persons;1986;664,3461079;743,9726683;-6,635546701;-6,173650594;Annual;01/01/80
ZWE;Zimbabwe;ZMB;Zambia;Manufacturing;Persons;1987;772,5340104;734,2754629;3,188212297;3,119192726;Annual;01/01/80
ZWE;Zimbabwe;ZMB;Zambia;Manufacturing;Persons;1988;818,4613393;808,0950057;0,863861133;0,750696451;Annual;01/01/80
ZWE;Zimbabwe;ZMB;Zambia;Manufacturing;Persons;1989;667,3197034;748,8738336;-6,796177516;-6,283282965;Annual;01/01/80
ZWE;Zimbabwe;ZMB;Zambia;Manufacturing;Persons;1990;724,6167725;830,3376445;-8,810072664;-7,66624514;Annual;01/01/80
ZWE;Zimbabwe;ZMB;Zambia;Manufacturing;Persons;1991;784,3251351;862,0496723;-6,477044766;-5,536957311;Annual;01/01/80
ZWE;Zimbabwe;ZMB;Zambia;Manufacturing;Persons;1992;758,8166567;846,6872359;-7,322548264;-6,731347861;Annual;01/01/80
ZWE;Zimbabwe;ZMB;Zambia;Manufacturing;Persons;1993;753,8811863;906,4885057;-12,71727662;-11,50064853;Annual;01/01/80
ZWE;Zimbabwe;ZMB;Zambia;Manufacturing;Persons;1994;836,1919173;917,2902728;-6,758196291;-6,14870928;Annual;01/01/80
ZWE;Zimbabwe;ZMB;Zambia;Manufacturing;Persons;1995;671,3744058;809,8243999;-11,53749951;-10,3667758;Annual;01/01/80
ZWE;Zimbabwe;ZMB;Zambia;Manufacturing;Persons;1996;526,4847012;565,6315622;-3,262238416;-2,571918002;Annual;01/01/80
ZWE;Zimbabwe;ZMB;Zambia;Manufacturing;Persons;1997;645,3701414;682,9635675;-3,132785503;-2,999120966;Annual;01/01/80
ZWE;Zimbabwe;ZMB;Zambia;Manufacturing;Persons;1998;698,9483081;802,5975901;-8,637440166;-7,40599739;Annual;01/01/80
ZWE;Zimbabwe;ZMB;Zambia;Manufacturing;Persons;1999;754,2667644;782,5600714;-2,357775578;-2,572943709;Annual;01/01/80
ZWE;Zimbabwe;ZMB;Zambia;Manufacturing;Persons;2000;761,4388295;774,6761858;-1,103113027;-0,644756341;Annual;01/01/80
ZWE;Zimbabwe;ZMB;Zambia;Manufacturing;Persons;2001;606,6324298;554,4134289;4,351583408;4,739160667;Annual;01/01/80
ZWE;Zimbabwe;ZMB;Zambia;Manufacturing;Persons;2002;625,065959;683,4353678;-4,864117394;-3,79268096;Annual;01/01/80
ZWE;Zimbabwe;ZMB;Zambia;Manufacturing;Persons;2003;746,3825738;758,6323385;-1,020813719;-0,626629858;Annual;01/01/80
ZWE;Zimbabwe;ZMB;Zambia;Manufacturing;Persons;2004;577,4905065;581,8630692;-0,364380219;-0,023164823;Annual;01/01/80
ZWE;Zimbabwe;ZMB;Zambia;Manufacturing;Persons;2005;729,7182933;852,688133;-10,24748664;-9,238809602;Annual;01/01/80
ZWE;Zimbabwe;ZMB;Zambia;Manufacturing;Persons;2006;628,9973529;721,1630197;-7,680472231;-7,426630961;Annual;01/01/80
ZWE;Zimbabwe;ZMB;Zambia;Manufacturing;Persons;2007;695,3815537;776,4997738;-6,759851673;-6,54888005;Annual;01/01/80
ZWE;Zimbabwe;ZMB;Zambia;Manufacturing;Persons;2008;677,0462013;659,1978304;1,487364237;1,103027316;Annual;01/01/80
ZWE;Zimbabwe;ZMB;Zambia;Manufacturing;Persons;2009;551,9927542;568,4013535;-1,367383271;-0,959027627;Annual;01/01/80
ZWE;Zimbabwe;ZMB;Zambia;Manufacturing;Persons;2010;589,9505124;625,7972444;-2,98722767;-3,057120173;Annual;01/01/80
ZWE;Zimbabwe;ZMB;Zambia;Manufacturing;Persons;2011;762,056449;831,2674794;-5,767585867;-4,769244502;Annual;01/01/80
ZWE;Zimbabwe;ZMB;Zambia;Manufacturing;Persons;2012;559,2005639;549,7538212;0,787228555;0,913685246;Annual;01/01/80
ZWE;Zimbabwe;ZMB;Zambia;Manufacturing;Persons;2013;504,9104366;503,5683529;0,111840304;0,274743695;Annual;01/01/80
ZWE;Zimbabwe;ZMB;Zambia;Manufacturing;Persons;2014;702,8998029;715,9613457;-1,088461898;-1,049806229;Annual;01/01/80
ZWE;Zimbabwe;ZMB;Zambia;Manufacturing;Persons;2015;678,7022508;783,0749993;-8,697729046;-8,236703012;Annual;01/01/80
ZWE;Zimbabwe;ZMB;Zambia;Manufacturing;Persons;2016;542,1317619;533,6722206;0,704961771;0,701360326;Annual;01/01/80
ZWE;Zimbabwe;ZMB;Zambia;Manufacturing;Persons;2017;900,9402735;933,4784754;-2,711516822;-2,393207744;Annual;01/01/80
ZWE;Zimbabwe;ZMB;Zambia;Manufacturing;Persons;2018;820,2130363;970,5815906;-12,53071287;-11,43173848;Annual;01/01/80
ZWE;Zimbabwe;ZMB;Zambia;Manufacturing;Persons;2019;502,5286465;562,4567325;-4,994007167;-3,920593621;Annual;01/01/80
ZWE;Zimbabwe;ZMB;Zambia;Manufacturing;Persons;2020;689,7441102;773,1780582;-6,952829;-6,597494881;Annual;01/01/80
ZWE;Zimbabwe;ZMB;Zambia;Manufacturing;Persons;2021;582,849388;672,0011303;-7,429311861;-6,616548177;Annual;01/01/80
ZWE;Zimbabwe;ZMB;Zambia;Manufacturing;Persons;2022;680,4912633;737,2998888;-4,734052122;-4,594660007;Annual;01/01/80
ZWE;Zimbabwe;ZMB;Zambia;Manufacturing;Persons;2023;818,5457214;898,2236954;-6,639831166;-6,22488057;Annual;01/01/80
ZWE;Zimbabwe;ZMB;Zambia;Manufacturing;Persons;2024;644,9760019;630,7251459;1,187571329;1,361741324;Annual;01/01/80
ZWE;Zimbabwe;ZMB;Zambia;Manufacturing;Persons;2025;663,2062199;737,5012099;-6,191249171;-5,435496069;Annual;01/01/80
ZWE;Zimbabwe;ZMB;Zambia;Manufacturing;Persons;2026;378,2523939;343,4252489;3,869682773;4,207933165;Annual;01/01/80
ZWE;Zimbabwe;ZMB;Zambia;Mining;Persons;1980;551,0536376;591,9997176;-3,412173328;-3,815054279;Annual;01/01/80
ZWE;Zimbabwe;ZMB;Zambia;Mining;Persons;1981;557,1678004;494,4209433;5,228904758;4,893676864;Annual;01/01/80
ZWE;Zimbabwe;ZMB;Zambia;Mining;Persons;1982;665,8367785;693,706779;-2,32250004;-2,27644628;Annual;01/01/80
ZWE;Zimbabwe;ZMB;Zambia;Mining;Persons;1983;632,3653409;637,3417018;-0,414696736;-0,292740655;Annual;01/01/80
ZWE;Zimbabwe;ZMB;Zambia;Mining;Persons;1984;833,7766942;895,4539324;-5,139769855;-4,34969516;Annual;01/01/80
ZWE;Zimbabwe;ZMB;Zambia;Mining;Persons;1985;773,9946044;803,5935773;-2,466581073;-2,197413792;Annual;01/01/80
ZWE;Zimbabwe;ZMB;Zambia;Mining;Persons;1986;574,2561293;599,24307;-2,082245055;-1,120596211;Annual;01/01/80
ZWE;Zimbabwe;ZMB;Zambia;Mining;Persons;1987;634,0682812;698,9510819;-5,406900062;-4,812258852;Annual;01/01/80
ZWE;Zimbabwe;ZMB;Zambia;Mining;Persons;1988;744,4704475;772,8791774;-2,367394153;-1,395882427;Annual;01/01/80
ZWE;Zimbabwe;ZMB;Zambia;Mining;Persons;1989;652,5338823;735,627586;-6,924475302;-5,316377085;Annual;01/01/80
ZWE;Zimbabwe;ZMB;Zambia;Mining;Persons;1990;603,7967447;591,164956;1,05264906;0,908322778;Annual;01/01/80
ZWE;Zimbabwe;ZMB;Zambia;Mining;Persons;1991;608,2683666;668,742012;-5,039470452;-4,359336666;Annual;01/01/80
ZWE;Zimbabwe;ZMB;Zambia;Mining;Persons;1992;880,9755066;872,5851099;0,699199723;0,553883487;Annual;01/01/80
ZWE;Zimbabwe;ZMB;Zambia;Mining;Persons;1993;809,4452272;843,1658319;-2,810050389;-2,10351753;Annual;01/01/80
ZWE;Zimbabwe;ZMB;Zambia;Mining;Persons;1994;711,9829047;727,9926152;-1,334142539;-0,849512114;Annual;01/01/80
ZWE;Zimbabwe;ZMB;Zambia;Mining;Persons;1995;714,2910523;764,47934;-4,182357304;-3,720795028;Annual;01/01/80
ZWE;Zimbabwe;ZMB;Zambia;Mining;Persons;1996;797,7613946;859,6357165;-5,156193491;-4,325417353;Annual;01/01/80
ZWE;Zimbabwe;ZMB;Zambia;Mining;Persons;1997;838,6679304;944,4757882;-8,817321486;-7,531902771;Annual;01/01/80
ZWE;Zimbabwe;ZMB;Zambia;Mining;Persons;1998;590,8226024;591,6745332;-0,070994229;-0,010283904;Annual;01/01/80
ZWE;Zimbabwe;ZMB;Zambia;Mining;Persons;1999;676,9345812;612,9526922;5,33182408;4,223960224;Annual;01/01/80
ZWE;Zimbabwe;ZMB;Zambia;Mining;Persons;2000;733,8481326;790,8482348;-4,750008515;-4,392082248;Annual;01/01/80
ZWE;Zimbabwe;ZMB;Zambia;Mining;Persons;2001;898,7281093;1056,208615;-13,12337545;-11,59011121;Annual;01/01/80
ZWE;Zimbabwe;ZMB;Zambia;Mining;Persons;2002;694,8434078;800,4408973;-8,799790789;-7,485204336;Annual;01/01/80
ZWE;Zimbabwe;ZMB;Zambia;Mining;Persons;2003;766,1984289;853,0354584;-7,23641912;-5,535815079;Annual;01/01/80
ZWE;Zimbabwe;ZMB;Zambia;Mining;Persons;2004;888,5736672;964,2564014;-6,306894516;-5,623982946;Annual;01/01/80
ZWE;Zimbabwe;ZMB;Zambia;Mining;Persons;2005;783,9529167;855,8719851;-5,993255701;-5,236354391;Annual;01/01/80
ZWE;Zimbabwe;ZMB;Zambia;Mining;Persons;2006;676,9587798;775,6854538;-8,227222831;-7,434405497;Annual;01/01/80
ZWE;Zimbabwe;ZMB;Zambia;Mining;Persons;2007;824,7964355;858,3381617;-2,795143854;-1,884110648;Annual;01/01/80
ZWE;Zimbabwe;ZMB;Zambia;Mining;Persons;2008;710,791095;822,3615859;-9,297540906;-8,225462412;Annual;01/01/80
ZWE;Zimbabwe;ZMB;Zambia;Mining;Persons;2009;562,8611182;699,4940109;-11,3860744;-11,13679191;Annual;01/01/80
ZWE;Zimbabwe;ZMB;Zambia;Mining;Persons;2010;730,8728783;785,138428;-4,522129141;-3,552036964;Annual;01/01/80
ZWE;Zimbabwe;ZMB;Zambia;Mining;Persons;2011;688,9469137;706,1662051;-1,434940957;-0,83024826;Annual;01/01/80
ZWE;Zimbabwe;ZMB;Zambia;Mining;Persons;2012;787,0523275;887,7850258;-8,394391526;-7,475964648;Annual;01/01/80
ZWE;Zimbabwe;ZMB;Zambia;Mining;Persons;2013;830,498043;977,3998106;-12,24181396;-11,75345527;Annual;01/01/80
ZWE;Zimbabwe;ZMB;Zambia;Mining;Persons;2014;541,9510696;625,406332;-6,954605208;-6,523802212;Annual;01/01/80
ZWE;Zimbabwe;ZMB;Zambia;Mining;Persons;2015;499,0430684;564,4540449;-5,450914706;-4,521168613;Annual;01/01/80
ZWE;Zimbabwe;ZMB;Zambia;Mining;Persons;2016;814,4911661;817,4625789;-0,247617738;-0,513743119;Annual;01/01/80
ZWE;Zimbabwe;ZMB;Zambia;Mining;Persons;2017;767,9244753;767,7454407;0,014919542;-0,175814879;Annual;01/01/80
ZWE;Zimbabwe;ZMB;Zambia;Mining;Persons;2018;607,4577918;673,1006547;-5,470238571;-5,302583308;Annual;01/01/80
ZWE;Zimbabwe;ZMB;Zambia;Mining;Persons;2019;703,1234216;809,8877626;-8,897028422;-7,209776538;Annual;01/01/80
ZWE;Zimbabwe;ZMB;Zambia;Mining;Persons;2020;754,2855158;860,5080307;-8,851876238;-8,169733119;Annual;01/01/80
ZWE;Zimbabwe;ZMB;Zambia;Mining;Persons;2021;685,8536775;706,5751323;-1,726787902;-1,699371414;Annual;01/01/80
ZWE;Zimbabwe;ZMB;Zambia;Mining;Persons;2022;713,0277938;857,9189248;-12,07426092;-10,88524353;Annual;01/01/80
ZWE;Zimbabwe;ZMB;Zambia;Mining;Persons;2023;835,1877735;911,6307841;-6,370250888;-6,13947563;Annual;01/01/80
ZWE;Zimbabwe;ZMB;Zambia;Mining;Persons;2024;696,77512;739,024457;-3,520778088;-2,571962931;Annual;01/01/80
ZWE;Zimbabwe;ZMB;Zambia;Mining;Persons;2025;698,4979172;764,310915;-5,484416477;-5,502554703;Annual;01/01/80
ZWE;Zimbabwe;ZMB;Zambia;Mining;Persons;2026;598,4590721;701,3386146;-11,43106028;-10,4755182;Annual;01/01/80
ZWE;Zimbabwe;ZMB;Zambia;Other;Persons;1980;817,954128;953,1744258;-11,26835816;-10,04596501;Annual;01/01/80
ZWE;Zimbabwe;ZMB;Zambia;Other;Persons;1981;663,9340164;699,1457793;-2,934313575;-2,139019361;Annual;01/01/80
ZWE;Zimbabwe;ZMB;Zambia;Other;Persons;1982;755,0198823;821,1984136;-5,514877603;-4,91098738;Annual;01/01/80
ZWE;Zimbabwe;ZMB;Zambia;Other;Persons;1983;788,6463613;943,8986058;-12,93768704;-11,48332786;Annual;01/01/80
ZWE;Zimbabwe;ZMB;Zambia;Other;Persons;1984;929,1229442;1070,657295;-11,79452925;-10,12865505;Annual;01/01/80
ZWE;Zimbabwe;ZMB;Zambia;Other;Persons;1985;774,2517631;924,8536617;-12,55015822;-11,0400473;Annual;01/01/80
ZWE;Zimbabwe;ZMB;Zambia;Other;Persons;1986;779,884591;799,7061947;-1,65180031;-1,650181779;Annual;01/01/80
ZWE;Zimbabwe;ZMB;Zambia;Other;Persons;1987;726,2149689;908,6440539;-15,20242375;-12,93093887;Annual;01/01/80
ZWE;Zimbabwe;ZMB;Zambia;Other;Persons;1988;1019,095928;1024,471784;-0,447987998;-0,324090034;Annual;01/01/80
ZWE;Zimbabwe;ZMB;Zambia;Other;Persons;1989;766,7397334;797,9662713;-2,602211497;-2,573556923;Annual;01/01/80
ZWE;Zimbabwe;ZMB;Zambia;Other;Persons;1990;537,1367196;583,9773802;-3,903388376;-3,13345743;Annual;01/01/80
ZWE;Zimbabwe;ZMB;Zambia;Other;Persons;1991;757,8029363;857,2872818;-8,29036213;-7,152659931;Annual;01/01/80
ZWE;Zimbabwe;ZMB;Zambia;Other;Persons;1992;588,6970127;738,3786992;-12,47347388;-11,33249917;Annual;01/01/80
ZWE;Zimbabwe;ZMB;Zambia;Other;Persons;1993;749,6248327;736,1719704;1,121071865;1,45023479;Annual;01/01/80
ZWE;Zimbabwe;ZMB;Zambia;Other;Persons;1994;700,4827234;709,2965661;-0,734486888;-0,953742714;Annual;01/01/80
ZWE;Zimbabwe;ZMB;Zambia;Other;Persons;1995;703,1825587;834,9265973;-10,97866988;-10,34411364;Annual;01/01/80
ZWE;Zimbabwe;ZMB;Zambia;Other;Persons;1996;493,6897026;493,0011105;0,057382671;-0,078552172;Annual;01/01/80
ZWE;Zimbabwe;ZMB;Zambia;Other;Persons;1997;733,6315499;713,039107;1,716036914;1,233407987;Annual;01/01/80
ZWE;Zimbabwe;ZMB;Zambia;Other;Persons;1998;584,0964329;595,0432787;-0,912237144;-1,152879934;Annual;01/01/80
ZWE;Zimbabwe;ZMB;Zambia;Other;Persons;1999;816,9783445;989,9659723;-14,41563565;-12,75627703;Annual;01/01/80
ZWE;Zimbabwe;ZMB;Zambia;Other;Persons;2000;712,3428352;836,1208689;-10,31483614;-9,638749362;Annual;01/01/80
ZWE;Zimbabwe;ZMB;Zambia;Other;Persons;2001;741,3828592;897,6993961;-13,02637808;-12,09277999;Annual;01/01/80
ZWE;Zimbabwe;ZMB;Zambia;Other;Persons;2002;955,1896911;1000,386909;-3,766434857;-4,16717286;Annual;01/01/80
ZWE;Zimbabwe;ZMB;Zambia;Other;Persons;2003;704,0111232;750,4024066;-3,865940283;-3,325264601;Annual;01/01/80
ZWE;Zimbabwe;ZMB;Zambia;Other;Persons;2004;687,6060589;764,4751266;-6,405755641;-6,148419304;Annual;01/01/80
ZWE;Zimbabwe;ZMB;Zambia;Other;Persons;2005;633,0432027;699,1868673;-5,511972052;-4,91919632;Annual;01/01/80
ZWE;Zimbabwe;ZMB;Zambia;Other;Persons;2006;816,1263979;857,1698012;-3,420283602;-3,457048196;Annual;01/01/80
ZWE;Zimbabwe;ZMB;Zambia;Other;Persons;2007;849,5537467;914,6974761;-5,428644118;-5,589601013;Annual;01/01/80
ZWE;Zimbabwe;ZMB;Zambia;Other;Persons;2008;638,5885207;727,9502461;-7,446810454;-7,421077088;Annual;01/01/80
ZWE;Zimbabwe;ZMB;Zambia;Other;Persons;2009;726,0172724;719,4536034;0,546972415;0,409913007;Annual;01/01/80
ZWE;Zimbabwe;ZMB;Zambia;Other;Persons;2010;655,2195406;699,0486374;-3,652424737;-3,944035819;Annual;01/01/80
ZWE;Zimbabwe;ZMB;Zambia;Other;Persons;2011;723,1993392;693,3500599;2,487439938;2,367681177;Annual;01/01/80
ZWE;Zimbabwe;ZMB;Zambia;Other;Persons;2012;698,713778;689,8540119;0,738313849;-0,024042056;Annual;01/01/80
ZWE;Zimbabwe;ZMB;Zambia;Other;Persons;2013;955,0877891;1001,148756;-3,838413889;-2,793584933;Annual;01/01/80
ZWE;Zimbabwe;ZMB;Zambia;Other;Persons;2014;772,8456569;748,5827907;2,021905521;1,730180742;Annual;01/01/80
ZWE;Zimbabwe;ZMB;Zambia;Other;Persons;2015;735,4534459;774,7901083;-3,278055204;-2,563121803;Annual;01/01/80
ZWE;Zimbabwe;ZMB;Zambia;Other;Persons;2016;789,7757797;846,353774;-4,714832856;-3,941744211;Annual;01/01/80
ZWE;Zimbabwe;ZMB;Zambia;Other;Persons;2017;790,377395;1008,706145;-18,19406253;-17,62935327;Annual;01/01/80
ZWE;Zimbabwe;ZMB;Zambia;Other;Persons;2018;552,562909;505,2224682;3,945036733;3,415036228;Annual;01/01/80
ZWE;Zimbabwe;ZMB;Zambia;Other;Persons;2019;612,6974772;723,1624455;-9,205414028;-8,317052691;Annual;01/01/80
ZWE;Zimbabwe;ZMB;Zambia;Other;Persons;2020;693,4120126;823,7981379;-10,86551044;-9,937857425;Annual;01/01/80
ZWE;Zimbabwe;ZMB;Zambia;Other;Persons;2021;704,0734211;779,7064489;-6,302752318;-5,532154592;Annual;01/01/80
ZWE;Zimbabwe;ZMB;Zambia;Other;Persons;2022;784,7920356;775,6482281;0,761983957;0,845259682;Annual;01/01/80
ZWE;Zimbabwe;ZMB;Zambia;Other;Persons;2023;746,2770167;748,204692;-0,160639613;0,089033583;Annual;01/01/80
ZWE;Zimbabwe;ZMB;Zambia;Other;Persons;2024;803,2488263;809,1458486;-0,491418526;-0,545253446;Annual;01/01/80
ZWE;Zimbabwe;ZMB;Zambia;Other;Persons;2025;515,8014959;516,3303227;-0,044068901;-0,01998303;Annual;01/01/80
ZWE;Zimbabwe;ZMB;Zambia;Other;Persons;2026;354,2830849;440,0057834;-9,52474427;-8,958263805;Annual;01/01/80
ZWE;Zimbabwe;ZMB;Zambia;Public Services;Persons;1980;745,0049419;839,2189061;-7,851163682;-7,680338188;Annual;01/01/80
ZWE;Zimbabwe;ZMB;Zambia;Public Services;Persons;1981;572,9658156;723,9354776;-12,58080517;-10,96691997;Annual;01/01/80
ZWE;Zimbabwe;ZMB;Zambia;Public Services;Persons;1982;788,3648648;818,4368746;-2,50600081;-2,436147087;Annual;01/01/80
ZWE;Zimbabwe;ZMB;Zambia;Public Services;Persons;1983;721,7606166;748,649171;-2,240712868;-1,756372842;Annual;01/01/80
ZWE;Zimbabwe;ZMB;Zambia;Public Services;Persons;1984;651,9624015;609,3053325;3,554755757;3,305313818;Annual;01/01/80
ZWE;Zimbabwe;ZMB;Zambia;Public Services;Persons;1985;859,3591619;839,5722859;1,648906335;1,211164624;Annual;01/01/80
ZWE;Zimbabwe;ZMB;Zambia;Public Services;Persons;1986;564,9776639;559,0862073;0,490954721;0,044503882;Annual;01/01/80
ZWE;Zimbabwe;ZMB;Zambia;Public Services;Persons;1987;760,9033903;740,2986232;1,717063926;1,484549724;Annual;01/01/80
ZWE;Zimbabwe;ZMB;Zambia;Public Services;Persons;1988;571,533664;625,4328191;-4,491596258;-3,932671148;Annual;01/01/80
ZWE;Zimbabwe;ZMB;Zambia;Public Services;Persons;1989;502,6547053;573,6797135;-5,918750683;-4,717348454;Annual;01/01/80
ZWE;Zimbabwe;ZMB;Zambia;Public Services;Persons;1990;797,4124721;854,0680369;-4,721297062;-4,593806157;Annual;01/01/80
ZWE;Zimbabwe;ZMB;Zambia;Public Services;Persons;1991;563,5248787;629,1426842;-5,468150454;-5,465331042;Annual;01/01/80
ZWE;Zimbabwe;ZMB;Zambia;Public Services;Persons;1992;601,7678172;701,5647277;-8,316409209;-7,311954092;Annual;01/01/80
ZWE;Zimbabwe;ZMB;Zambia;Public Services;Persons;1993;801,0446249;966,6892774;-13,80372104;-12,39022908;Annual;01/01/80
ZWE;Zimbabwe;ZMB;Zambia;Public Services;Persons;1994;719,5031529;836,4952381;-9,749340436;-9,347603808;Annual;01/01/80
ZWE;Zimbabwe;ZMB;Zambia;Public Services;Persons;1995;734,8299189;832,0285324;-8,099884464;-7,030059028;Annual;01/01/80
ZWE;Zimbabwe;ZMB;Zambia;Public Services;Persons;1996;716,4470438;784,6568043;-5,684146706;-4,89615329;Annual;01/01/80
ZWE;Zimbabwe;ZMB;Zambia;Public Services;Persons;1997;608,7148748;693,3582717;-7,053616408;-6,430346024;Annual;01/01/80
ZWE;Zimbabwe;ZMB;Zambia;Public Services;Persons;1998;693,7604593;817,1159334;-10,27962285;-9,301533105;Annual;01/01/80
ZWE;Zimbabwe;ZMB;Zambia;Public Services;Persons;1999;731,4271586;777,390616;-3,830288114;-3,395525065;Annual;01/01/80
ZWE;Zimbabwe;ZMB;Zambia;Public Services;Persons;2000;710,7555479;813,8579657;-8,591868155;-8,424398459;Annual;01/01/80
ZWE;Zimbabwe;ZMB;Zambia;Public Services;Persons;2001;739,6188168;769,5506962;-2,494323291;-2,388831197;Annual;01/01/80
ZWE;Zimbabwe;ZMB;Zambia;Public Services;Persons;2002;806,8279777;937,3065684;-10,87321589;-9,633268134;Annual;01/01/80
ZWE;Zimbabwe;ZMB;Zambia;Public Services;Persons;2003;551,0421295;477,9212855;6,093403666;5,241282726;Annual;01/01/80
ZWE;Zimbabwe;ZMB;Zambia;Public Services;Persons;2004;821,3494461;811,1024925;0,853912799;0,70333234;Annual;01/01/80
ZWE;Zimbabwe;ZMB;Zambia;Public Services;Persons;2005;727,7862862;726,8216987;0,080382296;-0,249460885;Annual;01/01/80
ZWE;Zimbabwe;ZMB;Zambia;Public Services;Persons;2006;689,9040833;688,4918036;0,117689979;0,221772547;Annual;01/01/80
ZWE;Zimbabwe;ZMB;Zambia;Public Services;Persons;2007;870,9833435;919,728338;-4,062082874;-3,498992587;Annual;01/01/80
ZWE;Zimbabwe;ZMB;Zambia;Public Services;Persons;2008;984,3110497;1019,515536;-2,933707208;-2,689389988;Annual;01/01/80
ZWE;Zimbabwe;ZMB;Zambia;Public Services;Persons;2009;802,5532019;776,5217294;2,169289382;1,537172583;Annual;01/01/80
ZWE;Zimbabwe;ZMB;Zambia;Public Services;Persons;2010;596,5141906;654,6130731;-4,841573541;-4,377082045;Annual;01/01/80
ZWE;Zimbabwe;ZMB;Zambia;Public Services;Persons;2011;545,1291622;571,7898899;-2,221727305;-1,976033057;Annual;01/01/80
ZWE;Zimbabwe;ZMB;Zambia;Public Services;Persons;2012;719,5194915;791,9941984;-6,039558911;-5,531778694;Annual;01/01/80
ZWE;Zimbabwe;ZMB;Zambia;Public Services;Persons;2013;802,9393512;877,8116807;-6,239360791;-5,78228441;Annual;01/01/80
ZWE;Zimbabwe;ZMB;Zambia;Public Services;Persons;2014;773,9850971;824,2805294;-4,191286023;-4,108309801;Annual;01/01/80
ZWE;Zimbabwe;ZMB;Zambia;Public Services;Persons;2015;510,6950781;501,3767114;0,776530561;1,05838328;Annual;01/01/80
ZWE;Zimbabwe;ZMB;Zambia;Public Services;Persons;2016;767,6672568;878,867134;-9,266656434;-8,858922691;Annual;01/01/80
ZWE;Zimbabwe;ZMB;Zambia;Public Services;Persons;2017;795,0664383;778,9780695;1,340697403;1,017271932;Annual;01/01/80
ZWE;Zimbabwe;ZMB;Zambia;Public Services;Persons;2018;794,3649009;874,6483548;-6,690287828;-6,110131445;Annual;01/01/80
ZWE;Zimbabwe;ZMB;Zambia;Public Services;Persons;2019;577,5239291;624,0129202;-3,874082588;-3,850206943;Annual;01/01/80
ZWE;Zimbabwe;ZMB;Zambia;Public Services;Persons;2020;837,658284;1039,830691;-16,84770057;-14,58517654;Annual;01/01/80
ZWE;Zimbabwe;ZMB;Zambia;Public Services;Persons;2021;682,4459648;681,5840174;0,071828949;0,64536425;Annual;01/01/80
ZWE;Zimbabwe;ZMB;Zambia;Public Services;Persons;2022;905,6011712;1189,169149;-23,63066481;-21,33106107;Annual;01/01/80
ZWE;Zimbabwe;ZMB;Zambia;Public Services;Persons;2023;778,6342867;853,6375076;-6,250268413;-5,692403085;Annual;01/01/80
ZWE;Zimbabwe;ZMB;Zambia;Public Services;Persons;2024;915,9008908;1047,577385;-10,97304122;-9,854946724;Annual;01/01/80
ZWE;Zimbabwe;ZMB;Zambia;Public Services;Persons;2025;668,4842199;781,966132;-9,456826007;-8,825024386;Annual;01/01/80
ZWE;Zimbabwe;ZMB;Zambia;Public Services;Persons;2026;630,5489458;732,7826049;-11,35929545;-10,07316544;Annual;01/01/80
ZWE;Zimbabwe;ZMB;Zambia;Tourism;Persons;1980;705,8746898;758,8891215;-4,417869306;-4,56558027;Annual;01/01/80
ZWE;Zimbabwe;ZMB;Zambia;Tourism;Persons;1981;735,1594082;862,1675294;-10,5840101;-8,964528939;Annual;01/01/80
ZWE;Zimbabwe;ZMB;Zambia;Tourism;Persons;1982;783,2718915;823,3751287;-3,341936433;-2,696134583;Annual;01/01/80
ZWE;Zimbabwe;ZMB;Zambia;Tourism;Persons;1983;771,3476419;771,5026784;-0,012919705;-0,463139197;Annual;01/01/80
ZWE;Zimbabwe;ZMB;Zambia;Tourism;Persons;1984;868,9473742;910,3030145;-3,446303356;-2,422963091;Annual;01/01/80
ZWE;Zimbabwe;ZMB;Zambia;Tourism;Persons;1985;692,2850126;749,6791713;-4,782846557;-4,327992587;Annual;01/01/80
ZWE;Zimbabwe;ZMB;Zambia;Tourism;Persons;1986;715,8532184;715,9224872;-0,005772399;0,905384713;Annual;01/01/80
ZWE;Zimbabwe;ZMB;Zambia;Tourism;Persons;1987;793,8351683;744,9533482;4,073485006;4,321716044;Annual;01/01/80
ZWE;Zimbabwe;ZMB;Zambia;Tourism;Persons;1988;592,9680075;669,4563328;-6,374027106;-5,732662476;Annual;01/01/80
ZWE;Zimbabwe;ZMB;Zambia;Tourism;Persons;1989;607,8360595;670,4046153;-5,214046315;-4,856761867;Annual;01/01/80
ZWE;Zimbabwe;ZMB;Zambia;Tourism;Persons;1990;784,3230198;864,3185741;-6,666296188;-6,199927882;Annual;01/01/80
ZWE;Zimbabwe;ZMB;Zambia;Tourism;Persons;1991;537,1006622;600,8595392;-5,313239746;-4,708094138;Annual;01/01/80
ZWE;Zimbabwe;ZMB;Zambia;Tourism;Persons;1992;608,8508945;721,0099244;-9,346585819;-8,819899732;Annual;01/01/80
ZWE;Zimbabwe;ZMB;Zambia;Tourism;Persons;1993;798,6594668;905,5360836;-8,906384732;-8,081477956;Annual;01/01/80
ZWE;Zimbabwe;ZMB;Zambia;Tourism;Persons;1994;671,6716498;744,1783007;-6,042220909;-4,734247814;Annual;01/01/80
ZWE;Zimbabwe;ZMB;Zambia;Tourism;Persons;1995;748,6248899;801,2005947;-4,38130873;-3,471673831;Annual;01/01/80
ZWE;Zimbabwe;ZMB;Zambia;Tourism;Persons;1996;669,7191094;668,3452808;0,114485715;0,481797669;Annual;01/01/80
ZWE;Zimbabwe;ZMB;Zambia;Tourism;Persons;1997;651,1890615;710,4323685;-4,936942253;-5,134313127;Annual;01/01/80
ZWE;Zimbabwe;ZMB;Zambia;Tourism;Persons;1998;684,3075431;659,4536562;2,071157247;1,538024991;Annual;01/01/80
ZWE;Zimbabwe;ZMB;Zambia;Tourism;Persons;1999;782,3516956;832,4219803;-4,172523723;-3,850369455;Annual;01/01/80
ZWE;Zimbabwe;ZMB;Zambia;Tourism;Persons;2000;743,9761182;890,682478;-12,22552999;-11,34765225;Annual;01/01/80
ZWE;Zimbabwe;ZMB;Zambia;Tourism;Persons;2001;767,5067634;906,0900079;-11,54860371;-10,20938874;Annual;01/01/80
ZWE;Zimbabwe;ZMB;Zambia;Tourism;Persons;2002;645,8288689;687,6519018;-3,485252742;-2,995512346;Annual;01/01/80
ZWE;Zimbabwe;ZMB;Zambia;Tourism;Persons;2003;968,1387122;1074,985722;-8,903917502;-8,093399278;Annual;01/01/80
ZWE;Zimbabwe;ZMB;Zambia;Tourism;Persons;2004;659,2442114;716,8261346;-4,7984936;-4,192063781;Annual;01/01/80
ZWE;Zimbabwe;ZMB;Zambia;Tourism;Persons;2005;670,5246783;724,7956035;-4,522577099;-3,634525901;Annual;01/01/80
ZWE;Zimbabwe;ZMB;Zambia;Tourism;Persons;2006;922,3599745;987,8682365;-5,459021829;-4,6866471;Annual;01/01/80
ZWE;Zimbabwe;ZMB;Zambia;Tourism;Persons;2007;892,8509612;998,188077;-8,778092986;-7,536930529;Annual;01/01/80
ZWE;Zimbabwe;ZMB;Zambia;Tourism;Persons;2008;726,4781153;754,2803632;-2,316853998;-2,681811359;Annual;01/01/80
ZWE;Zimbabwe;ZMB;Zambia;Tourism;Persons;2009;589,0102309;654,0266868;-5,418037995;-4,861602226;Annual;01/01/80
ZWE;Zimbabwe;ZMB;Zambia;Tourism;Persons;2010;625,9153449;675,0210755;-4,092144224;-3,674900389;Annual;01/01/80
ZWE;Zimbabwe;ZMB;Zambia;Tourism;Persons;2011;717,3414528;757,1845709;-3,320259838;-3,197432535;Annual;01/01/80
ZWE;Zimbabwe;ZMB;Zambia;Tourism;Persons;2012;574,8637845;657,4770433;-6,884438234;-6,063390105;Annual;01/01/80
ZWE;Zimbabwe;ZMB;Zambia;Tourism;Persons;2013;567,2783043;566,1154407;0,096905304;0,499702447;Annual;01/01/80
ZWE;Zimbabwe;ZMB;Zambia;Tourism;Persons;2014;884,6428423;1102,387528;-18,14539048;-15,91577631;Annual;01/01/80
ZWE;Zimbabwe;ZMB;Zambia;Tourism;Persons;2015;724,2693732;815,5726857;-7,608609376;-7,980558159;Annual;01/01/80
ZWE;Zimbabwe;ZMB;Zambia;Tourism;Persons;2016;754,9152763;814,9610832;-5,003817243;-4,752839691;Annual;01/01/80
ZWE;Zimbabwe;ZMB;Zambia;Tourism;Persons;2017;819,1248262;895,1800362;-6,337934161;-5,651155864;Annual;01/01/80
ZWE;Zimbabwe;ZMB;Zambia;Tourism;Persons;2018;773,1177984;849,1352937;-6,334791274;-5,835228187;Annual;01/01/80
ZWE;Zimbabwe;ZMB;Zambia;Tourism;Persons;2019;688,1419227;768,0211013;-6,656598214;-5,455564512;Annual;01/01/80
ZWE;Zimbabwe;ZMB;Zambia;Tourism;Persons;2020;645,7285332;703,7417606;-4,834435614;-4,092120381;Annual;01/01/80
ZWE;Zimbabwe;ZMB;Zambia;Tourism;Persons;2021;613,8876278;577,4182451;3,039115229;3,059722528;Annual;01/01/80
ZWE;Zimbabwe;ZMB;Zambia;Tourism;Persons;2022;716,0172499;826,6928858;-9,222969659;-8,537920517;Annual;01/01/80
ZWE;Zimbabwe;ZMB;Zambia;Tourism;Persons;2023;718,8440381;768,7926553;-4,162384766;-4,09659288;Annual;01/01/80
ZWE;Zimbabwe;ZMB;Zambia;Tourism;Persons;2024;768,1752746;768,0011352;0,014511617;0,679229483;Annual;01/01/80
ZWE;Zimbabwe;ZMB;Zambia;Tourism;Persons;2025;670,4229115;610,9437123;4,956599932;4,457022248;Annual;01/01/80
ZWE;Zimbabwe;ZMB;Zambia;Tourism;Persons;2026;597,9171711;611,6129581;-1,521754102;-1,027249442;Annual;01/01/80
ZWE;Zimbabwe;ZMB;Zambia;Trade;Persons;1980;801,7204727;853,5106784;-4,315850475;-4,009129132;Annual;01/01/80
ZWE;Zimbabwe;ZMB;Zambia;Trade;Persons;1981;744,2385239;792,898501;-4,054998085;-4,01364038;Annual;01/01/80
ZWE;Zimbabwe;ZMB;Zambia;Trade;Persons;1982;697,7303784;752,1879746;-4,538133018;-3,626518393;Annual;01/01/80
ZWE;Zimbabwe;ZMB;Zambia;Trade;Persons;1983;647,2453314;724,3527902;-6,425621567;-4,872734727;Annual;01/01/80
ZWE;Zimbabwe;ZMB;Zambia;Trade;Persons;1984;590,2518039;615,4777393;-2,102161288;-2,236009238;Annual;01/01/80
ZWE;Zimbabwe;ZMB;Zambia;Trade;Persons;1985;598,3239627;628,2531262;-2,494096957;-1,977045942;Annual;01/01/80
ZWE;Zimbabwe;ZMB;Zambia;Trade;Persons;1986;675,2305695;715,7895417;-3,379914354;-2,279023436;Annual;01/01/80
ZWE;Zimbabwe;ZMB;Zambia;Trade;Persons;1987;609,229072;629,259752;-1,669223337;-1,531529851;Annual;01/01/80
ZWE;Zimbabwe;ZMB;Zambia;Trade;Persons;1988;723,1307491;805,2251787;-6,841202474;-6,656222545;Annual;01/01/80
ZWE;Zimbabwe;ZMB;Zambia;Trade;Persons;1989;649,6954517;700,3648581;-4,22245053;-3,884072564;Annual;01/01/80
ZWE;Zimbabwe;ZMB;Zambia;Trade;Persons;1990;548,2813749;591,7281475;-3,620564378;-3,482732844;Annual;01/01/80
ZWE;Zimbabwe;ZMB;Zambia;Trade;Persons;1991;863,5460546;884,1870639;-1,720084111;-1,107175024;Annual;01/01/80
ZWE;Zimbabwe;ZMB;Zambia;Trade;Persons;1992;706,7484778;784,0070077;-6,43821082;-5,332963979;Annual;01/01/80
ZWE;Zimbabwe;ZMB;Zambia;Trade;Persons;1993;918,2669828;1025,127115;-8,905011025;-8,538769018;Annual;01/01/80
ZWE;Zimbabwe;ZMB;Zambia;Trade;Persons;1994;775,2321411;830,7078769;-4,622977987;-4,530570774;Annual;01/01/80
ZWE;Zimbabwe;ZMB;Zambia;Trade;Persons;1995;652,5925222;653,2556345;-0,055259364;0,011472536;Annual;01/01/80
ZWE;Zimbabwe;ZMB;Zambia;Trade;Persons;1996;716,0610357;834,6228129;-9,8801481;-8,338160285;Annual;01/01/80
ZWE;Zimbabwe;ZMB;Zambia;Trade;Persons;1997;660,7051337;649,9643321;0,8950668;0,990079736;Annual;01/01/80
ZWE;Zimbabwe;ZMB;Zambia;Trade;Persons;1998;731,9620697;742,3269266;-0,863738076;-0,675655643;Annual;01/01/80
ZWE;Zimbabwe;ZMB;Zambia;Trade;Persons;1999;856,8965617;953,2622635;-8,030475155;-6,656129629;Annual;01/01/80
ZWE;Zimbabwe;ZMB;Zambia;Trade;Persons;2000;581,3191582;643,0065194;-5,140613433;-4,657679404;Annual;01/01/80
ZWE;Zimbabwe;ZMB;Zambia;Trade;Persons;2001;743,4512744;822,3683901;-6,576426311;-5,320559702;Annual;01/01/80
ZWE;Zimbabwe;ZMB;Zambia;Trade;Persons;2002;688,3815479;706,2478413;-1,48885778;-0,918797194;Annual;01/01/80
ZWE;Zimbabwe;ZMB;Zambia;Trade;Persons;2003;576,6055607;621,3663436;-3,730065238;-3,208647601;Annual;01/01/80
ZWE;Zimbabwe;ZMB;Zambia;Trade;Persons;2004;865,671551;874,3589065;-0,723946291;-0,394916953;Annual;01/01/80
ZWE;Zimbabwe;ZMB;Zambia;Trade;Persons;2005;923,9555942;1063,171442;-11,60132067;-10,37795379;Annual;01/01/80
ZWE;Zimbabwe;ZMB;Zambia;Trade;Persons;2006;591,3246218;614,5233569;-1,933227924;-1,842153206;Annual;01/01/80
ZWE;Zimbabwe;ZMB;Zambia;Trade;Persons;2007;866,4717822;893,0000571;-2,210689572;-2,496591183;Annual;01/01/80
ZWE;Zimbabwe;ZMB;Zambia;Trade;Persons;2008;759,3713174;846,433334;-7,25516805;-6,711829609;Annual;01/01/80
ZWE;Zimbabwe;ZMB;Zambia;Trade;Persons;2009;754,1238239;791,8031511;-3,139943937;-2,808724333;Annual;01/01/80
ZWE;Zimbabwe;ZMB;Zambia;Trade;Persons;2010;806,4987375;831,5696401;-2,089241887;-1,657437172;Annual;01/01/80
ZWE;Zimbabwe;ZMB;Zambia;Trade;Persons;2011;802,3392467;975,8200514;-14,45673373;-13,99460028;Annual;01/01/80
ZWE;Zimbabwe;ZMB;Zambia;Trade;Persons;2012;827,7910055;919,8930511;-7,675170463;-7,288143877;Annual;01/01/80
ZWE;Zimbabwe;ZMB;Zambia;Trade;Persons;2013;822,1195621;920,9150595;-8,232958118;-7,958599455;Annual;01/01/80
ZWE;Zimbabwe;ZMB;Zambia;Trade;Persons;2014;605,8034191;670,2095611;-5,367178502;-5,033460678;Annual;01/01/80
ZWE;Zimbabwe;ZMB;Zambia;Trade;Persons;2015;698,582219;812,019052;-9,453069424;-8,304519512;Annual;01/01/80
ZWE;Zimbabwe;ZMB;Zambia;Trade;Persons;2016;753,5228834;772,0769385;-1,546171252;-2,011731606;Annual;01/01/80
ZWE;Zimbabwe;ZMB;Zambia;Trade;Persons;2017;715,2838922;719,493361;-0,350789068;-0,028861144;Annual;01/01/80
ZWE;Zimbabwe;ZMB;Zambia;Trade;Persons;2018;732,0929587;875,6228009;-11,96082019;-11,30486119;Annual;01/01/80
ZWE;Zimbabwe;ZMB;Zambia;Trade;Persons;2019;666,2457038;703,145919;-3,075017932;-2,567537899;Annual;01/01/80
ZWE;Zimbabwe;ZMB;Zambia;Trade;Persons;2020;565,6926416;563,1336772;0,213247035;0,140466303;Annual;01/01/80
ZWE;Zimbabwe;ZMB;Zambia;Trade;Persons;2021;917,9819679;983,9563392;-5,497864272;-4,34046821;Annual;01/01/80
ZWE;Zimbabwe;ZMB;Zambia;Trade;Persons;2022;678,3513327;773,5037869;-7,929371185;-7,422432087;Annual;01/01/80
ZWE;Zimbabwe;ZMB;Zambia;Trade;Persons;2023;607,4771061;618,886617;-0,950792578;-0,536845549;Annual;01/01/80
ZWE;Zimbabwe;ZMB;Zambia;Trade;Persons;2024;570,7838882;641,9799845;-5,933008028;-5,242528941;Annual;01/01/80
ZWE;Zimbabwe;ZMB;Zambia;Trade;Persons;2025;821,3106509;933,4863338;-9,347973571;-8,05919091;Annual;01/01/80
ZWE;Zimbabwe;ZMB;Zambia;Trade;Persons;2026;411,6480676;470,5297418;-6,542408248;-5,598483223;Annual;01/01/80
ZWE;Zimbabwe;ZMB;Zambia;Transport;Persons;1980;637,8374141;629,763967;0,672787255;0,291306017;Annual;01/01/80
ZWE;Zimbabwe;ZMB;Zambia;Transport;Persons;1981;564,501973;553,512836;0,915761423;1,259030041;Annual;01/01/80
ZWE;Zimbabwe;ZMB;Zambia;Transport;Persons;1982;736,7505405;802,3696529;-5,468259367;-5,337705665;Annual;01/01/80
ZWE;Zimbabwe;ZMB;Zambia;Transport;Persons;1983;744,924737;837,057339;-7,677716831;-7,05489142;Annual;01/01/80
ZWE;Zimbabwe;ZMB;Zambia;Transport;Persons;1984;535,3168194;624,8154496;-7,458219178;-6,403785619;Annual;01/01/80
ZWE;Zimbabwe;ZMB;Zambia;Transport;Persons;1985;718,4792472;752,5849601;-2,842142741;-1,885421213;Annual;01/01/80
ZWE;Zimbabwe;ZMB;Zambia;Transport;Persons;1986;772,2670913;870,0987794;-8,15264067;-7,580986269;Annual;01/01/80
ZWE;Zimbabwe;ZMB;Zambia;Transport;Persons;1987;713,0146028;781,8736539;-5,738254259;-5,564371914;Annual;01/01/80
ZWE;Zimbabwe;ZMB;Zambia;Transport;Persons;1988;581,5189581;679,0466721;-8,127309501;-6,414669867;Annual;01/01/80
ZWE;Zimbabwe;ZMB;Zambia;Transport;Persons;1989;677,8724089;680,0559413;-0,181961032;0,244176993;Annual;01/01/80
ZWE;Zimbabwe;ZMB;Zambia;Transport;Persons;1990;711,8226151;823,6712501;-9,320719586;-9,626190073;Annual;01/01/80
ZWE;Zimbabwe;ZMB;Zambia;Transport;Persons;1991;792,9915897;904,1246837;-9,261091161;-7,74316962;Annual;01/01/80
ZWE;Zimbabwe;ZMB;Zambia;Transport;Persons;1992;807,1246622;867,4177685;-5,024425525;-4,789932295;Annual;01/01/80
ZWE;Zimbabwe;ZMB;Zambia;Transport;Persons;1993;627,3880984;694,8923941;-5,625357971;-4,992056072;Annual;01/01/80
ZWE;Zimbabwe;ZMB;Zambia;Transport;Persons;1994;785,457992;828,0737721;-3,551315011;-2,393694754;Annual;01/01/80
ZWE;Zimbabwe;ZMB;Zambia;Transport;Persons;1995;555,5996666;617,8412866;-5,186801673;-4,167466987;Annual;01/01/80
ZWE;Zimbabwe;ZMB;Zambia;Transport;Persons;1996;867,3252668;1031,22227;-13,65808359;-12,4298166;Annual;01/01/80
ZWE;Zimbabwe;ZMB;Zambia;Transport;Persons;1997;685,8558411;776,5087433;-7,554408517;-6,599111112;Annual;01/01/80
ZWE;Zimbabwe;ZMB;Zambia;Transport;Persons;1998;687,9743817;772,8972635;-7,076906823;-6,236545945;Annual;01/01/80
ZWE;Zimbabwe;ZMB;Zambia;Transport;Persons;1999;752,9035847;866,5849114;-9,473443894;-8,027696208;Annual;01/01/80
ZWE;Zimbabwe;ZMB;Zambia;Transport;Persons;2000;555,7851769;612,8248247;-4,753303984;-4,187558758;Annual;01/01/80
ZWE;Zimbabwe;ZMB;Zambia;Transport;Persons;2001;619,7172808;627,8036537;-0,673864412;-0,416175275;Annual;01/01/80
ZWE;Zimbabwe;ZMB;Zambia;Transport;Persons;2002;634,4324284;607,1608169;2,27263429;2,461907035;Annual;01/01/80
ZWE;Zimbabwe;ZMB;Zambia;Transport;Persons;2003;721,2451823;823,8960241;-8,554236822;-8,091600878;Annual;01/01/80
ZWE;Zimbabwe;ZMB;Zambia;Transport;Persons;2004;645,6448904;719,9373153;-6,191035408;-5,050366192;Annual;01/01/80
ZWE;Zimbabwe;ZMB;Zambia;Transport;Persons;2005;896,0209569;909,4229537;-1,116833061;-0,194011696;Annual;01/01/80
ZWE;Zimbabwe;ZMB;Zambia;Transport;Persons;2006;740,1996889;794,9283302;-4,56072011;-3,781210315;Annual;01/01/80
ZWE;Zimbabwe;ZMB;Zambia;Transport;Persons;2007;637,829013;708,0703326;-5,853443304;-4,9871163;Annual;01/01/80
ZWE;Zimbabwe;ZMB;Zambia;Transport;Persons;2008;874,2619997;922,0286243;-3,980552045;-3,698461947;Annual;01/01/80
ZWE;Zimbabwe;ZMB;Zambia;Transport;Persons;2009;760,1241563;748,1708257;0,996110888;0,60954534;Annual;01/01/80
ZWE;Zimbabwe;ZMB;Zambia;Transport;Persons;2010;625,7183971;701,0268398;-6,275703557;-5,339831395;Annual;01/01/80
ZWE;Zimbabwe;ZMB;Zambia;Transport;Persons;2011;853,49963;968,4684955;-9,580738793;-9,014776155;Annual;01/01/80
ZWE;Zimbabwe;ZMB;Zambia;Transport;Persons;2012;716,9893316;679,9609335;3,085699842;2,823442948;Annual;01/01/80
ZWE;Zimbabwe;ZMB;Zambia;Transport;Persons;2013;740,7706188;761,7246916;-1,74617274;-1,28707507;Annual;01/01/80
ZWE;Zimbabwe;ZMB;Zambia;Transport;Persons;2014;757,6006764;886,7647805;-10,76367535;-9,788011773;Annual;01/01/80
ZWE;Zimbabwe;ZMB;Zambia;Transport;Persons;2015;682,3497386;652,8989031;2,454236291;1,389682838;Annual;01/01/80
ZWE;Zimbabwe;ZMB;Zambia;Transport;Persons;2016;731,0249789;799,8207868;-5,732983998;-5,163543163;Annual;01/01/80
ZWE;Zimbabwe;ZMB;Zambia;Transport;Persons;2017;789,5924363;813,5629792;-1,997545238;-1,62055889;Annual;01/01/80
ZWE;Zimbabwe;ZMB;Zambia;Transport;Persons;2018;640,0934919;669,4681372;-2,447887106;-2,012110694;Annual;01/01/80
ZWE;Zimbabwe;ZMB;Zambia;Transport;Persons;2019;692,7602579;841,9295318;-12,43077282;-10,57019512;Annual;01/01/80
ZWE;Zimbabwe;ZMB;Zambia;Transport;Persons;2020;549,709045;639,3801892;-7,472595346;-6,846516659;Annual;01/01/80
ZWE;Zimbabwe;ZMB;Zambia;Transport;Persons;2021;799,3288252;854,0306135;-4,558482361;-4,739566409;Annual;01/01/80
ZWE;Zimbabwe;ZMB;Zambia;Transport;Persons;2022;570,576987;750,2064649;-14,96912316;-13,00364952;Annual;01/01/80
ZWE;Zimbabwe;ZMB;Zambia;Transport;Persons;2023;691,0320665;766,3898227;-6,279813014;-5,097188918;Annual;01/01/80
ZWE;Zimbabwe;ZMB;Zambia;Transport;Persons;2024;710,6182166;707,6036107;0,251217158;0,616691536;Annual;01/01/80
ZWE;Zimbabwe;ZMB;Zambia;Transport;Persons;2025;900,9036554;1056,226497;-12,94357017;-11,94631601;Annual;01/01/80
ZWE;Zimbabwe;ZMB;Zambia;Transport;Persons;2026;461,5546278;477,7153559;-1,79563645;-1,257277313;Annual;01/01/80