recipient_iso3;recipient_country;source_iso3;source_country;unit;period;net_migration;remittance_value;frequency;date
ZWE;Zimbabwe;ARE;United Arab Emirates;USD million;1980-Q1;-126,0647209;2,858348122;Quarterly;01/01/80
ZWE;Zimbabwe;ARE;United Arab Emirates;USD million;1980-Q2;-89,48538571;1,953688015;Quarterly;01/01/80
ZWE;Zimbabwe;ARE;United Arab Emirates;USD million;1980-Q3;-74,79731677;1,970480529;Quarterly;01/01/80
ZWE;Zimbabwe;ARE;United Arab Emirates;USD million;1980-Q4;-25,71006868;2,110261385;Quarterly;01/01/80
ZWE;Zimbabwe;ARE;United Arab Emirates;USD million;1981-Q1;-75,74156745;2,104738322;Quarterly;01/01/80
ZWE;Zimbabwe;ARE;United Arab Emirates;USD million;1981-Q2;-107,9189717;2,420691857;Quarterly;01/01/80
ZWE;Zimbabwe;ARE;United Arab Emirates;USD million;1981-Q3;-65,17125739;2,316084712;Quarterly;01/01/80
ZWE;Zimbabwe;ARE;United Arab Emirates;USD million;1981-Q4;-73,7817861;2,153302452;Quarterly;01/01/80
ZWE;Zimbabwe;ARE;United Arab Emirates;USD million;1982-Q1;-108,3652252;2,105730232;Quarterly;01/01/80
ZWE;Zimbabwe;ARE;United Arab Emirates;USD million;1982-Q2;-15,11817867;2,227257834;Quarterly;01/01/80
ZWE;Zimbabwe;ARE;United Arab Emirates;USD million;1982-Q3;-29,80553681;2,431157634;Quarterly;01/01/80
ZWE;Zimbabwe;ARE;United Arab Emirates;USD million;1982-Q4;-89,08225996;2,315249929;Quarterly;01/01/80
ZWE;Zimbabwe;ARE;United Arab Emirates;USD million;1983-Q1;-30,05548242;2,56512887;Quarterly;01/01/80
ZWE;Zimbabwe;ARE;United Arab Emirates;USD million;1983-Q2;-80,58238919;2,257914719;Quarterly;01/01/80
ZWE;Zimbabwe;ARE;United Arab Emirates;USD million;1983-Q3;-65,7431517;2,007512327;Quarterly;01/01/80
ZWE;Zimbabwe;ARE;United Arab Emirates;USD million;1983-Q4;-63,0880557;2,167938204;Quarterly;01/01/80
ZWE;Zimbabwe;ARE;United Arab Emirates;USD million;1984-Q1;-47,70117889;2,26617842;Quarterly;01/01/80
ZWE;Zimbabwe;ARE;United Arab Emirates;USD million;1984-Q2;0,278853561;1,877935987;Quarterly;01/01/80
ZWE;Zimbabwe;ARE;United Arab Emirates;USD million;1984-Q3;-95,52226568;2,004195402;Quarterly;01/01/80
ZWE;Zimbabwe;ARE;United Arab Emirates;USD million;1984-Q4;0,084449556;2,562372195;Quarterly;01/01/80
ZWE;Zimbabwe;ARE;United Arab Emirates;USD million;1985-Q1;-58,00944371;2,617305865;Quarterly;01/01/80
ZWE;Zimbabwe;ARE;United Arab Emirates;USD million;1985-Q2;-99,24930209;2,572203082;Quarterly;01/01/80
ZWE;Zimbabwe;ARE;United Arab Emirates;USD million;1985-Q3;-98,90465294;2,249124793;Quarterly;01/01/80
ZWE;Zimbabwe;ARE;United Arab Emirates;USD million;1985-Q4;-12,61972085;2,439629833;Quarterly;01/01/80
ZWE;Zimbabwe;ARE;United Arab Emirates;USD million;1986-Q1;-10,53732591;2,729497181;Quarterly;01/01/80
ZWE;Zimbabwe;ARE;United Arab Emirates;USD million;1986-Q2;-61,18750606;2,216439276;Quarterly;01/01/80
ZWE;Zimbabwe;ARE;United Arab Emirates;USD million;1986-Q3;-29,86736449;2,402607608;Quarterly;01/01/80
ZWE;Zimbabwe;ARE;United Arab Emirates;USD million;1986-Q4;-44,53545986;2,293112609;Quarterly;01/01/80
ZWE;Zimbabwe;ARE;United Arab Emirates;USD million;1987-Q1;-24,1201216;2,374391662;Quarterly;01/01/80
ZWE;Zimbabwe;ARE;United Arab Emirates;USD million;1987-Q2;-24,00562187;2,924233307;Quarterly;01/01/80
ZWE;Zimbabwe;ARE;United Arab Emirates;USD million;1987-Q3;-63,12134457;2,518511376;Quarterly;01/01/80
ZWE;Zimbabwe;ARE;United Arab Emirates;USD million;1987-Q4;-64,68233999;2,949744482;Quarterly;01/01/80
ZWE;Zimbabwe;ARE;United Arab Emirates;USD million;1988-Q1;-40,07861277;2,376728443;Quarterly;01/01/80
ZWE;Zimbabwe;ARE;United Arab Emirates;USD million;1988-Q2;-67,96222982;2,344377883;Quarterly;01/01/80
ZWE;Zimbabwe;ARE;United Arab Emirates;USD million;1988-Q3;-64,94509296;2,35400811;Quarterly;01/01/80
ZWE;Zimbabwe;ARE;United Arab Emirates;USD million;1988-Q4;-72,83921289;2,753152419;Quarterly;01/01/80
ZWE;Zimbabwe;ARE;United Arab Emirates;USD million;1989-Q1;-9,941862749;2,409011622;Quarterly;01/01/80
ZWE;Zimbabwe;ARE;United Arab Emirates;USD million;1989-Q2;-81,29264553;2,457308771;Quarterly;01/01/80
ZWE;Zimbabwe;ARE;United Arab Emirates;USD million;1989-Q3;-34,3848202;1,994220938;Quarterly;01/01/80
ZWE;Zimbabwe;ARE;United Arab Emirates;USD million;1989-Q4;-20,62323703;2,996358907;Quarterly;01/01/80
ZWE;Zimbabwe;ARE;United Arab Emirates;USD million;1990-Q1;-55,68299786;2,882062502;Quarterly;01/01/80
ZWE;Zimbabwe;ARE;United Arab Emirates;USD million;1990-Q2;-64,74924976;2,594593142;Quarterly;01/01/80
ZWE;Zimbabwe;ARE;United Arab Emirates;USD million;1990-Q3;-86,16241072;2,731373968;Quarterly;01/01/80
ZWE;Zimbabwe;ARE;United Arab Emirates;USD million;1990-Q4;-39,62010443;2,770037081;Quarterly;01/01/80
ZWE;Zimbabwe;ARE;United Arab Emirates;USD million;1991-Q1;-20,4773188;2,921607025;Quarterly;01/01/80
ZWE;Zimbabwe;ARE;United Arab Emirates;USD million;1991-Q2;-164,6857587;2,715506676;Quarterly;01/01/80
ZWE;Zimbabwe;ARE;United Arab Emirates;USD million;1991-Q3;-103,2696748;3,315350004;Quarterly;01/01/80
ZWE;Zimbabwe;ARE;United Arab Emirates;USD million;1991-Q4;-45,66864731;2,654981624;Quarterly;01/01/80
ZWE;Zimbabwe;ARE;United Arab Emirates;USD million;1992-Q1;-41,70881785;3,000843177;Quarterly;01/01/80
ZWE;Zimbabwe;ARE;United Arab Emirates;USD million;1992-Q2;-88,88488813;2,895094219;Quarterly;01/01/80
ZWE;Zimbabwe;ARE;United Arab Emirates;USD million;1992-Q3;-52,11165059;2,703779258;Quarterly;01/01/80
ZWE;Zimbabwe;ARE;United Arab Emirates;USD million;1992-Q4;-35,30060948;2,281303931;Quarterly;01/01/80
ZWE;Zimbabwe;ARE;United Arab Emirates;USD million;1993-Q1;-59,88177185;2,551333522;Quarterly;01/01/80
ZWE;Zimbabwe;ARE;United Arab Emirates;USD million;1993-Q2;-77,86190081;2,426163477;Quarterly;01/01/80
ZWE;Zimbabwe;ARE;United Arab Emirates;USD million;1993-Q3;-62,67543083;2,498904618;Quarterly;01/01/80
ZWE;Zimbabwe;ARE;United Arab Emirates;USD million;1993-Q4;-84,39089982;2,364042992;Quarterly;01/01/80
ZWE;Zimbabwe;ARE;United Arab Emirates;USD million;1994-Q1;-68,5586126;2,432647001;Quarterly;01/01/80
ZWE;Zimbabwe;ARE;United Arab Emirates;USD million;1994-Q2;-67,09036935;2,892379753;Quarterly;01/01/80
ZWE;Zimbabwe;ARE;United Arab Emirates;USD million;1994-Q3;-75,81557112;2,164748914;Quarterly;01/01/80
ZWE;Zimbabwe;ARE;United Arab Emirates;USD million;1994-Q4;-43,26287375;2,464390241;Quarterly;01/01/80
ZWE;Zimbabwe;ARE;United Arab Emirates;USD million;1995-Q1;-75,67818798;2,227760403;Quarterly;01/01/80
ZWE;Zimbabwe;ARE;United Arab Emirates;USD million;1995-Q2;-105,9796198;3,196888489;Quarterly;01/01/80
ZWE;Zimbabwe;ARE;United Arab Emirates;USD million;1995-Q3;-77,82993179;2,530379721;Quarterly;01/01/80
ZWE;Zimbabwe;ARE;United Arab Emirates;USD million;1995-Q4;-110,0391602;2,51091326;Quarterly;01/01/80
ZWE;Zimbabwe;ARE;United Arab Emirates;USD million;1996-Q1;-84,57323901;3,121968853;Quarterly;01/01/80
ZWE;Zimbabwe;ARE;United Arab Emirates;USD million;1996-Q2;-101,7100401;2,981598261;Quarterly;01/01/80
ZWE;Zimbabwe;ARE;United Arab Emirates;USD million;1996-Q3;-19,20967701;2,909468406;Quarterly;01/01/80
ZWE;Zimbabwe;ARE;United Arab Emirates;USD million;1996-Q4;-49,27353423;3,07452006;Quarterly;01/01/80
ZWE;Zimbabwe;ARE;United Arab Emirates;USD million;1997-Q1;-76,82863846;2,514626351;Quarterly;01/01/80
ZWE;Zimbabwe;ARE;United Arab Emirates;USD million;1997-Q2;-123,3158908;2,844008175;Quarterly;01/01/80
ZWE;Zimbabwe;ARE;United Arab Emirates;USD million;1997-Q3;25,57667147;2,863784895;Quarterly;01/01/80
ZWE;Zimbabwe;ARE;United Arab Emirates;USD million;1997-Q4;-39,93893474;2,715051745;Quarterly;01/01/80
ZWE;Zimbabwe;ARE;United Arab Emirates;USD million;1998-Q1;-53,21858243;2,928307241;Quarterly;01/01/80
ZWE;Zimbabwe;ARE;United Arab Emirates;USD million;1998-Q2;-49,43893379;2,788057783;Quarterly;01/01/80
ZWE;Zimbabwe;ARE;United Arab Emirates;USD million;1998-Q3;-54,61946212;2,706285301;Quarterly;01/01/80
ZWE;Zimbabwe;ARE;United Arab Emirates;USD million;1998-Q4;-39,67589293;3,004530703;Quarterly;01/01/80
ZWE;Zimbabwe;ARE;United Arab Emirates;USD million;1999-Q1;-21,61202419;2,528382288;Quarterly;01/01/80
ZWE;Zimbabwe;ARE;United Arab Emirates;USD million;1999-Q2;-51,23488109;2,465994473;Quarterly;01/01/80
ZWE;Zimbabwe;ARE;United Arab Emirates;USD million;1999-Q3;-14,59924672;2,276011074;Quarterly;01/01/80
ZWE;Zimbabwe;ARE;United Arab Emirates;USD million;1999-Q4;-86,76623441;2,578042916;Quarterly;01/01/80
ZWE;Zimbabwe;ARE;United Arab Emirates;USD million;2000-Q1;-60,30508693;2,34262562;Quarterly;01/01/80
ZWE;Zimbabwe;ARE;United Arab Emirates;USD million;2000-Q2;-14,58398537;3,165997721;Quarterly;01/01/80
ZWE;Zimbabwe;ARE;United Arab Emirates;USD million;2000-Q3;-99,72735398;2,822461607;Quarterly;01/01/80
ZWE;Zimbabwe;ARE;United Arab Emirates;USD million;2000-Q4;-15,60365968;3,026599241;Quarterly;01/01/80
ZWE;Zimbabwe;ARE;United Arab Emirates;USD million;2001-Q1;-60,44198109;2,357872818;Quarterly;01/01/80
ZWE;Zimbabwe;ARE;United Arab Emirates;USD million;2001-Q2;-6,798701237;2,71788531;Quarterly;01/01/80
ZWE;Zimbabwe;ARE;United Arab Emirates;USD million;2001-Q3;-62,75854577;2,412861858;Quarterly;01/01/80
ZWE;Zimbabwe;ARE;United Arab Emirates;USD million;2001-Q4;-51,40111242;2,836640728;Quarterly;01/01/80
ZWE;Zimbabwe;ARE;United Arab Emirates;USD million;2002-Q1;-71,95226076;2,670695361;Quarterly;01/01/80
ZWE;Zimbabwe;ARE;United Arab Emirates;USD million;2002-Q2;-78,04669948;3,035098089;Quarterly;01/01/80
ZWE;Zimbabwe;ARE;United Arab Emirates;USD million;2002-Q3;-63,12265753;3,15680061;Quarterly;01/01/80
ZWE;Zimbabwe;ARE;United Arab Emirates;USD million;2002-Q4;-82,64774013;3,075937927;Quarterly;01/01/80
ZWE;Zimbabwe;ARE;United Arab Emirates;USD million;2003-Q1;-92,34005479;3,136647473;Quarterly;01/01/80
ZWE;Zimbabwe;ARE;United Arab Emirates;USD million;2003-Q2;-87,13881692;3,53905814;Quarterly;01/01/80
ZWE;Zimbabwe;ARE;United Arab Emirates;USD million;2003-Q3;-130,9243412;3,446878562;Quarterly;01/01/80
ZWE;Zimbabwe;ARE;United Arab Emirates;USD million;2003-Q4;-55,10135713;2,73613208;Quarterly;01/01/80
ZWE;Zimbabwe;ARE;United Arab Emirates;USD million;2004-Q1;-53,4790795;2,910263594;Quarterly;01/01/80
ZWE;Zimbabwe;ARE;United Arab Emirates;USD million;2004-Q2;-53,7090474;2,724496846;Quarterly;01/01/80
ZWE;Zimbabwe;ARE;United Arab Emirates;USD million;2004-Q3;7,643424766;3,749980057;Quarterly;01/01/80
ZWE;Zimbabwe;ARE;United Arab Emirates;USD million;2004-Q4;-19,55110425;3,4367451;Quarterly;01/01/80
ZWE;Zimbabwe;ARE;United Arab Emirates;USD million;2005-Q1;-48,51133392;2,229885151;Quarterly;01/01/80
ZWE;Zimbabwe;ARE;United Arab Emirates;USD million;2005-Q2;-60,1251142;3,418340955;Quarterly;01/01/80
ZWE;Zimbabwe;ARE;United Arab Emirates;USD million;2005-Q3;-72,39496437;2,914940118;Quarterly;01/01/80
ZWE;Zimbabwe;ARE;United Arab Emirates;USD million;2005-Q4;-96,64251404;2,931997868;Quarterly;01/01/80
ZWE;Zimbabwe;ARE;United Arab Emirates;USD million;2006-Q1;-67,4253455;3,164131857;Quarterly;01/01/80
ZWE;Zimbabwe;ARE;United Arab Emirates;USD million;2006-Q2;-22,19363406;3,495255448;Quarterly;01/01/80
ZWE;Zimbabwe;ARE;United Arab Emirates;USD million;2006-Q3;-65,69308858;2,389702929;Quarterly;01/01/80
ZWE;Zimbabwe;ARE;United Arab Emirates;USD million;2006-Q4;-36,59533025;2,727479048;Quarterly;01/01/80
ZWE;Zimbabwe;ARE;United Arab Emirates;USD million;2007-Q1;-72,55873358;3,05022078;Quarterly;01/01/80
ZWE;Zimbabwe;ARE;United Arab Emirates;USD million;2007-Q2;-72,5939984;3,065058946;Quarterly;01/01/80
ZWE;Zimbabwe;ARE;United Arab Emirates;USD million;2007-Q3;-56,63225237;2,665862448;Quarterly;01/01/80
ZWE;Zimbabwe;ARE;United Arab Emirates;USD million;2007-Q4;-46,04169085;3,350313212;Quarterly;01/01/80
ZWE;Zimbabwe;ARE;United Arab Emirates;USD million;2008-Q1;-127,5838388;3,019132703;Quarterly;01/01/80
ZWE;Zimbabwe;ARE;United Arab Emirates;USD million;2008-Q2;-25,9590016;2,831963855;Quarterly;01/01/80
ZWE;Zimbabwe;ARE;United Arab Emirates;USD million;2008-Q3;-94,77001666;2,352695063;Quarterly;01/01/80
ZWE;Zimbabwe;ARE;United Arab Emirates;USD million;2008-Q4;25,58984711;2,786507795;Quarterly;01/01/80
ZWE;Zimbabwe;ARE;United Arab Emirates;USD million;2009-Q1;-9,132663694;3,314913701;Quarterly;01/01/80
ZWE;Zimbabwe;ARE;United Arab Emirates;USD million;2009-Q2;-8,366202332;3,044038129;Quarterly;01/01/80
ZWE;Zimbabwe;ARE;United Arab Emirates;USD million;2009-Q3;-51,75510513;3,316199944;Quarterly;01/01/80
ZWE;Zimbabwe;ARE;United Arab Emirates;USD million;2009-Q4;-102,6009021;3,057533709;Quarterly;01/01/80
ZWE;Zimbabwe;ARE;United Arab Emirates;USD million;2010-Q1;-61,53609686;2,976783252;Quarterly;01/01/80
ZWE;Zimbabwe;ARE;United Arab Emirates;USD million;2010-Q2;-64,48623086;2,899789474;Quarterly;01/01/80
ZWE;Zimbabwe;ARE;United Arab Emirates;USD million;2010-Q3;-99,74999551;3,507633244;Quarterly;01/01/80
ZWE;Zimbabwe;ARE;United Arab Emirates;USD million;2010-Q4;-25,37489045;3,626141588;Quarterly;01/01/80
ZWE;Zimbabwe;ARE;United Arab Emirates;USD million;2011-Q1;-83,69945883;4,420420982;Quarterly;01/01/80
ZWE;Zimbabwe;ARE;United Arab Emirates;USD million;2011-Q2;-1,931012424;3,43425573;Quarterly;01/01/80
ZWE;Zimbabwe;ARE;United Arab Emirates;USD million;2011-Q3;-75,96381611;3,184202237;Quarterly;01/01/80
ZWE;Zimbabwe;ARE;United Arab Emirates;USD million;2011-Q4;-30,37228865;2,748148273;Quarterly;01/01/80
ZWE;Zimbabwe;ARE;United Arab Emirates;USD million;2012-Q1;-29,25943143;3,830110417;Quarterly;01/01/80
ZWE;Zimbabwe;ARE;United Arab Emirates;USD million;2012-Q2;-16,60293159;4,320429963;Quarterly;01/01/80
ZWE;Zimbabwe;ARE;United Arab Emirates;USD million;2012-Q3;-29,61050007;3,637113815;Quarterly;01/01/80
ZWE;Zimbabwe;ARE;United Arab Emirates;USD million;2012-Q4;-80,79670334;4,208725549;Quarterly;01/01/80
ZWE;Zimbabwe;ARE;United Arab Emirates;USD million;2013-Q1;-87,2779857;4,18245687;Quarterly;01/01/80
ZWE;Zimbabwe;ARE;United Arab Emirates;USD million;2013-Q2;-34,59062532;3,515566482;Quarterly;01/01/80
ZWE;Zimbabwe;ARE;United Arab Emirates;USD million;2013-Q3;-49,74761542;2,657407291;Quarterly;01/01/80
ZWE;Zimbabwe;ARE;United Arab Emirates;USD million;2013-Q4;-67,23003198;2,874877855;Quarterly;01/01/80
ZWE;Zimbabwe;ARE;United Arab Emirates;USD million;2014-Q1;-84,66769028;3,669850521;Quarterly;01/01/80
ZWE;Zimbabwe;ARE;United Arab Emirates;USD million;2014-Q2;-33,39935765;2,995986533;Quarterly;01/01/80
ZWE;Zimbabwe;ARE;United Arab Emirates;USD million;2014-Q3;-56,88315415;3,387905667;Quarterly;01/01/80
ZWE;Zimbabwe;ARE;United Arab Emirates;USD million;2014-Q4;-37,15939036;3,567291156;Quarterly;01/01/80
ZWE;Zimbabwe;ARE;United Arab Emirates;USD million;2015-Q1;-70,97887213;3,270873526;Quarterly;01/01/80
ZWE;Zimbabwe;ARE;United Arab Emirates;USD million;2015-Q2;-88,25167626;3,060636546;Quarterly;01/01/80
ZWE;Zimbabwe;ARE;United Arab Emirates;USD million;2015-Q3;-58,94787555;3,471564807;Quarterly;01/01/80
ZWE;Zimbabwe;ARE;United Arab Emirates;USD million;2015-Q4;-35,57994788;4,391089275;Quarterly;01/01/80
ZWE;Zimbabwe;ARE;United Arab Emirates;USD million;2016-Q1;-19,12981517;3,648354426;Quarterly;01/01/80
ZWE;Zimbabwe;ARE;United Arab Emirates;USD million;2016-Q2;-30,98681933;3,395514825;Quarterly;01/01/80
ZWE;Zimbabwe;ARE;United Arab Emirates;USD million;2016-Q3;-62,14989108;3,65817927;Quarterly;01/01/80
ZWE;Zimbabwe;ARE;United Arab Emirates;USD million;2016-Q4;-45,59962637;3,991180459;Quarterly;01/01/80
ZWE;Zimbabwe;ARE;United Arab Emirates;USD million;2017-Q1;-29,10416369;3,636486346;Quarterly;01/01/80
ZWE;Zimbabwe;ARE;United Arab Emirates;USD million;2017-Q2;-34,27050988;3,836474207;Quarterly;01/01/80
ZWE;Zimbabwe;ARE;United Arab Emirates;USD million;2017-Q3;-2,569242983;4,548899665;Quarterly;01/01/80
ZWE;Zimbabwe;ARE;United Arab Emirates;USD million;2017-Q4;-66,02596182;3,737958486;Quarterly;01/01/80
ZWE;Zimbabwe;ARE;United Arab Emirates;USD million;2018-Q1;-33,12844377;3,53586954;Quarterly;01/01/80
ZWE;Zimbabwe;ARE;United Arab Emirates;USD million;2018-Q2;-49,84760565;4,141113659;Quarterly;01/01/80
ZWE;Zimbabwe;ARE;United Arab Emirates;USD million;2018-Q3;-16,19508675;3,714861133;Quarterly;01/01/80
ZWE;Zimbabwe;ARE;United Arab Emirates;USD million;2018-Q4;-36,04819912;3,742520031;Quarterly;01/01/80
ZWE;Zimbabwe;ARE;United Arab Emirates;USD million;2019-Q1;-47,95686442;3,40237501;Quarterly;01/01/80
ZWE;Zimbabwe;ARE;United Arab Emirates;USD million;2019-Q2;-47,10590888;3,200670123;Quarterly;01/01/80
ZWE;Zimbabwe;ARE;United Arab Emirates;USD million;2019-Q3;-73,52413101;4,324325083;Quarterly;01/01/80
ZWE;Zimbabwe;ARE;United Arab Emirates;USD million;2019-Q4;-61,32658128;3,943794489;Quarterly;01/01/80
ZWE;Zimbabwe;ARE;United Arab Emirates;USD million;2020-Q1;-77,87880096;3,490478904;Quarterly;01/01/80
ZWE;Zimbabwe;ARE;United Arab Emirates;USD million;2020-Q2;-56,1337331;4,561832562;Quarterly;01/01/80
ZWE;Zimbabwe;ARE;United Arab Emirates;USD million;2020-Q3;-54,23574477;3,910438466;Quarterly;01/01/80
ZWE;Zimbabwe;ARE;United Arab Emirates;USD million;2020-Q4;-68,93690188;3,278583286;Quarterly;01/01/80
ZWE;Zimbabwe;ARE;United Arab Emirates;USD million;2021-Q1;-47,30729913;4,003786211;Quarterly;01/01/80
ZWE;Zimbabwe;ARE;United Arab Emirates;USD million;2021-Q2;-52,28905171;2,984647842;Quarterly;01/01/80
ZWE;Zimbabwe;ARE;United Arab Emirates;USD million;2021-Q3;-59,72129698;3,783334912;Quarterly;01/01/80
ZWE;Zimbabwe;ARE;United Arab Emirates;USD million;2021-Q4;-30,89118847;4,010229034;Quarterly;01/01/80
ZWE;Zimbabwe;ARE;United Arab Emirates;USD million;2022-Q1;-14,02497379;4,081166241;Quarterly;01/01/80
ZWE;Zimbabwe;ARE;United Arab Emirates;USD million;2022-Q2;-81,17178657;4,121345806;Quarterly;01/01/80
ZWE;Zimbabwe;ARE;United Arab Emirates;USD million;2022-Q3;3,69286144;4,183961585;Quarterly;01/01/80
ZWE;Zimbabwe;ARE;United Arab Emirates;USD million;2022-Q4;-10,6581971;4,062373906;Quarterly;01/01/80
ZWE;Zimbabwe;ARE;United Arab Emirates;USD million;2023-Q1;-69,29778859;4,13337233;Quarterly;01/01/80
ZWE;Zimbabwe;ARE;United Arab Emirates;USD million;2023-Q2;-78,47922944;3,449492449;Quarterly;01/01/80
ZWE;Zimbabwe;ARE;United Arab Emirates;USD million;2023-Q3;-74,28221673;4,237957554;Quarterly;01/01/80
ZWE;Zimbabwe;ARE;United Arab Emirates;USD million;2023-Q4;-53,32383241;3,778720705;Quarterly;01/01/80
ZWE;Zimbabwe;ARE;United Arab Emirates;USD million;2024-Q1;-55,45704188;3,615165475;Quarterly;01/01/80
ZWE;Zimbabwe;ARE;United Arab Emirates;USD million;2024-Q2;-85,55535042;3,975998122;Quarterly;01/01/80
ZWE;Zimbabwe;ARE;United Arab Emirates;USD million;2024-Q3;-85,05549177;3,940657173;Quarterly;01/01/80
ZWE;Zimbabwe;ARE;United Arab Emirates;USD million;2024-Q4;-23,56049249;3,954528151;Quarterly;01/01/80
ZWE;Zimbabwe;ARE;United Arab Emirates;USD million;2025-Q1;-55,37400844;4,356648585;Quarterly;01/01/80
ZWE;Zimbabwe;ARE;United Arab Emirates;USD million;2025-Q2;-9,98984711;3,359439447;Quarterly;01/01/80
ZWE;Zimbabwe;ARE;United Arab Emirates;USD million;2025-Q3;-66,88603073;4,669099637;Quarterly;01/01/80
ZWE;Zimbabwe;ARE;United Arab Emirates;USD million;2025-Q4;-63,16441317;4,122641523;Quarterly;01/01/80
ZWE;Zimbabwe;ARE;United Arab Emirates;USD million;2026-Q1;-57,34043903;3,924828131;Quarterly;01/01/80
ZWE;Zimbabwe;ARE;United Arab Emirates;USD million;2026-Q2;-22,77625143;4,629809322;Quarterly;01/01/80
ZWE;Zimbabwe;ARE;United Arab Emirates;USD million;2026-Q3;-32,59338928;4,554742274;Quarterly;01/01/80
ZWE;Zimbabwe;AUS;Australia;USD million;1980-Q1;-35,90663524;3,393359778;Quarterly;01/01/80
ZWE;Zimbabwe;AUS;Australia;USD million;1980-Q2;-43,93276655;2,469066707;Quarterly;01/01/80
ZWE;Zimbabwe;AUS;Australia;USD million;1980-Q3;-95,11174623;2,665680706;Quarterly;01/01/80
ZWE;Zimbabwe;AUS;Australia;USD million;1980-Q4;-33,73802904;3,215315302;Quarterly;01/01/80
ZWE;Zimbabwe;AUS;Australia;USD million;1981-Q1;-64,24462152;2,917237728;Quarterly;01/01/80
ZWE;Zimbabwe;AUS;Australia;USD million;1981-Q2;-58,92607041;2,882269037;Quarterly;01/01/80
ZWE;Zimbabwe;AUS;Australia;USD million;1981-Q3;-94,6538595;2,801743446;Quarterly;01/01/80
ZWE;Zimbabwe;AUS;Australia;USD million;1981-Q4;-66,43995299;3,139063965;Quarterly;01/01/80
ZWE;Zimbabwe;AUS;Australia;USD million;1982-Q1;-73,45190013;2,789039076;Quarterly;01/01/80
ZWE;Zimbabwe;AUS;Australia;USD million;1982-Q2;-31,03427597;3,049972066;Quarterly;01/01/80
ZWE;Zimbabwe;AUS;Australia;USD million;1982-Q3;-51,57214647;2,67482782;Quarterly;01/01/80
ZWE;Zimbabwe;AUS;Australia;USD million;1982-Q4;-50,79214042;3,044025724;Quarterly;01/01/80
ZWE;Zimbabwe;AUS;Australia;USD million;1983-Q1;-9,948648826;2,969166097;Quarterly;01/01/80
ZWE;Zimbabwe;AUS;Australia;USD million;1983-Q2;-30,70327939;2,878232859;Quarterly;01/01/80
ZWE;Zimbabwe;AUS;Australia;USD million;1983-Q3;-75,3269518;3,382717135;Quarterly;01/01/80
ZWE;Zimbabwe;AUS;Australia;USD million;1983-Q4;-62,16333786;3,509052532;Quarterly;01/01/80
ZWE;Zimbabwe;AUS;Australia;USD million;1984-Q1;-63,39233404;2,700091953;Quarterly;01/01/80
ZWE;Zimbabwe;AUS;Australia;USD million;1984-Q2;-47,83426598;2,697859639;Quarterly;01/01/80
ZWE;Zimbabwe;AUS;Australia;USD million;1984-Q3;-75,87881133;2,931770885;Quarterly;01/01/80
ZWE;Zimbabwe;AUS;Australia;USD million;1984-Q4;-63,60703974;2,917481275;Quarterly;01/01/80
ZWE;Zimbabwe;AUS;Australia;USD million;1985-Q1;-73,48949725;3,305804672;Quarterly;01/01/80
ZWE;Zimbabwe;AUS;Australia;USD million;1985-Q2;4,892015135;3,405313871;Quarterly;01/01/80
ZWE;Zimbabwe;AUS;Australia;USD million;1985-Q3;-98,06244427;3,292092441;Quarterly;01/01/80
ZWE;Zimbabwe;AUS;Australia;USD million;1985-Q4;-96,6634013;3,061304838;Quarterly;01/01/80
ZWE;Zimbabwe;AUS;Australia;USD million;1986-Q1;-45,43673967;3,364747028;Quarterly;01/01/80
ZWE;Zimbabwe;AUS;Australia;USD million;1986-Q2;-61,66384903;3,084894645;Quarterly;01/01/80
ZWE;Zimbabwe;AUS;Australia;USD million;1986-Q3;-34,78683658;3,972629621;Quarterly;01/01/80
ZWE;Zimbabwe;AUS;Australia;USD million;1986-Q4;-96,24463142;3,169655688;Quarterly;01/01/80
ZWE;Zimbabwe;AUS;Australia;USD million;1987-Q1;-50,8683916;2,966942714;Quarterly;01/01/80
ZWE;Zimbabwe;AUS;Australia;USD million;1987-Q2;-94,02646556;4,377039711;Quarterly;01/01/80
ZWE;Zimbabwe;AUS;Australia;USD million;1987-Q3;-52,56081286;3,048099026;Quarterly;01/01/80
ZWE;Zimbabwe;AUS;Australia;USD million;1987-Q4;-72,6540071;3,498772233;Quarterly;01/01/80
ZWE;Zimbabwe;AUS;Australia;USD million;1988-Q1;-106,9486259;3,14634016;Quarterly;01/01/80
ZWE;Zimbabwe;AUS;Australia;USD million;1988-Q2;-115,3420553;2,683793541;Quarterly;01/01/80
ZWE;Zimbabwe;AUS;Australia;USD million;1988-Q3;-92,07985744;3,244417284;Quarterly;01/01/80
ZWE;Zimbabwe;AUS;Australia;USD million;1988-Q4;-72,22812083;3,733850976;Quarterly;01/01/80
ZWE;Zimbabwe;AUS;Australia;USD million;1989-Q1;-33,94540705;2,972876089;Quarterly;01/01/80
ZWE;Zimbabwe;AUS;Australia;USD million;1989-Q2;9,628387523;3,230072762;Quarterly;01/01/80
ZWE;Zimbabwe;AUS;Australia;USD million;1989-Q3;-37,95511555;3,040153859;Quarterly;01/01/80
ZWE;Zimbabwe;AUS;Australia;USD million;1989-Q4;-83,09772326;4,096796682;Quarterly;01/01/80
ZWE;Zimbabwe;AUS;Australia;USD million;1990-Q1;-83,20861859;3,612101329;Quarterly;01/01/80
ZWE;Zimbabwe;AUS;Australia;USD million;1990-Q2;-53,80804885;3,435330363;Quarterly;01/01/80
ZWE;Zimbabwe;AUS;Australia;USD million;1990-Q3;-16,2693975;3,363861134;Quarterly;01/01/80
ZWE;Zimbabwe;AUS;Australia;USD million;1990-Q4;-25,08119233;3,799055137;Quarterly;01/01/80
ZWE;Zimbabwe;AUS;Australia;USD million;1991-Q1;-65,65164025;4,012352298;Quarterly;01/01/80
ZWE;Zimbabwe;AUS;Australia;USD million;1991-Q2;-37,69666631;3,993358384;Quarterly;01/01/80
ZWE;Zimbabwe;AUS;Australia;USD million;1991-Q3;-37,04927721;3,941132064;Quarterly;01/01/80
ZWE;Zimbabwe;AUS;Australia;USD million;1991-Q4;-46,14046605;3,668589809;Quarterly;01/01/80
ZWE;Zimbabwe;AUS;Australia;USD million;1992-Q1;-52,91226304;3,517827133;Quarterly;01/01/80
ZWE;Zimbabwe;AUS;Australia;USD million;1992-Q2;-52,62794945;3,987614416;Quarterly;01/01/80
ZWE;Zimbabwe;AUS;Australia;USD million;1992-Q3;-96,50067467;2,949546933;Quarterly;01/01/80
ZWE;Zimbabwe;AUS;Australia;USD million;1992-Q4;-41,30493912;3,357786497;Quarterly;01/01/80
ZWE;Zimbabwe;AUS;Australia;USD million;1993-Q1;-78,75612098;3,245333346;Quarterly;01/01/80
ZWE;Zimbabwe;AUS;Australia;USD million;1993-Q2;-33,4565958;3,404311811;Quarterly;01/01/80
ZWE;Zimbabwe;AUS;Australia;USD million;1993-Q3;-71,35036972;3,085933799;Quarterly;01/01/80
ZWE;Zimbabwe;AUS;Australia;USD million;1993-Q4;-46,20089011;2,897276714;Quarterly;01/01/80
ZWE;Zimbabwe;AUS;Australia;USD million;1994-Q1;-109,7985238;3,140621954;Quarterly;01/01/80
ZWE;Zimbabwe;AUS;Australia;USD million;1994-Q2;-84,51732083;3,301469271;Quarterly;01/01/80
ZWE;Zimbabwe;AUS;Australia;USD million;1994-Q3;-51,52593938;3,154360303;Quarterly;01/01/80
ZWE;Zimbabwe;AUS;Australia;USD million;1994-Q4;-64,08291678;3,151596207;Quarterly;01/01/80
ZWE;Zimbabwe;AUS;Australia;USD million;1995-Q1;-83,80049201;3,717051538;Quarterly;01/01/80
ZWE;Zimbabwe;AUS;Australia;USD million;1995-Q2;-47,78302308;4,431851367;Quarterly;01/01/80
ZWE;Zimbabwe;AUS;Australia;USD million;1995-Q3;-58,23493303;4,273396579;Quarterly;01/01/80
ZWE;Zimbabwe;AUS;Australia;USD million;1995-Q4;-67,05245988;3,024595425;Quarterly;01/01/80
ZWE;Zimbabwe;AUS;Australia;USD million;1996-Q1;-67,71900047;3,730850647;Quarterly;01/01/80
ZWE;Zimbabwe;AUS;Australia;USD million;1996-Q2;-54,10979716;3,694235236;Quarterly;01/01/80
ZWE;Zimbabwe;AUS;Australia;USD million;1996-Q3;-74,589551;3,484093904;Quarterly;01/01/80
ZWE;Zimbabwe;AUS;Australia;USD million;1996-Q4;-11,73726459;3,849168895;Quarterly;01/01/80
ZWE;Zimbabwe;AUS;Australia;USD million;1997-Q1;-100,9540077;3,261314872;Quarterly;01/01/80
ZWE;Zimbabwe;AUS;Australia;USD million;1997-Q2;-62,70546543;4,114218443;Quarterly;01/01/80
ZWE;Zimbabwe;AUS;Australia;USD million;1997-Q3;-68,98303784;3,298373561;Quarterly;01/01/80
ZWE;Zimbabwe;AUS;Australia;USD million;1997-Q4;-20,73863041;3,518759993;Quarterly;01/01/80
ZWE;Zimbabwe;AUS;Australia;USD million;1998-Q1;-69,74166101;3,526884098;Quarterly;01/01/80
ZWE;Zimbabwe;AUS;Australia;USD million;1998-Q2;-70,99426603;3,36310567;Quarterly;01/01/80
ZWE;Zimbabwe;AUS;Australia;USD million;1998-Q3;-85,11730749;3,141644341;Quarterly;01/01/80
ZWE;Zimbabwe;AUS;Australia;USD million;1998-Q4;-45,20828912;4,254846725;Quarterly;01/01/80
ZWE;Zimbabwe;AUS;Australia;USD million;1999-Q1;-75,08378263;3,265509646;Quarterly;01/01/80
ZWE;Zimbabwe;AUS;Australia;USD million;1999-Q2;-99,00523019;3,028330784;Quarterly;01/01/80
ZWE;Zimbabwe;AUS;Australia;USD million;1999-Q3;-38,12304657;3,217691298;Quarterly;01/01/80
ZWE;Zimbabwe;AUS;Australia;USD million;1999-Q4;-52,27223444;3,458169466;Quarterly;01/01/80
ZWE;Zimbabwe;AUS;Australia;USD million;2000-Q1;-19,06449843;3,181809677;Quarterly;01/01/80
ZWE;Zimbabwe;AUS;Australia;USD million;2000-Q2;-48,29439886;4,300208145;Quarterly;01/01/80
ZWE;Zimbabwe;AUS;Australia;USD million;2000-Q3;-52,52854111;3,405557011;Quarterly;01/01/80
ZWE;Zimbabwe;AUS;Australia;USD million;2000-Q4;-23,56545808;3,757425503;Quarterly;01/01/80
ZWE;Zimbabwe;AUS;Australia;USD million;2001-Q1;-74,65276373;3,227508736;Quarterly;01/01/80
ZWE;Zimbabwe;AUS;Australia;USD million;2001-Q2;-56,0288007;3,884360633;Quarterly;01/01/80
ZWE;Zimbabwe;AUS;Australia;USD million;2001-Q3;-35,36023879;3,578619623;Quarterly;01/01/80
ZWE;Zimbabwe;AUS;Australia;USD million;2001-Q4;-84,23700819;3,970834533;Quarterly;01/01/80
ZWE;Zimbabwe;AUS;Australia;USD million;2002-Q1;-65,88748614;3,692663575;Quarterly;01/01/80
ZWE;Zimbabwe;AUS;Australia;USD million;2002-Q2;-15,16309301;4,008794845;Quarterly;01/01/80
ZWE;Zimbabwe;AUS;Australia;USD million;2002-Q3;-83,77610138;4,229301562;Quarterly;01/01/80
ZWE;Zimbabwe;AUS;Australia;USD million;2002-Q4;-70,16389485;4,007762521;Quarterly;01/01/80
ZWE;Zimbabwe;AUS;Australia;USD million;2003-Q1;-58,66337612;4,573764285;Quarterly;01/01/80
ZWE;Zimbabwe;AUS;Australia;USD million;2003-Q2;-44,33685562;4,128211002;Quarterly;01/01/80
ZWE;Zimbabwe;AUS;Australia;USD million;2003-Q3;-104,7479799;4,183431373;Quarterly;01/01/80
ZWE;Zimbabwe;AUS;Australia;USD million;2003-Q4;-30,75077823;3,792557228;Quarterly;01/01/80
ZWE;Zimbabwe;AUS;Australia;USD million;2004-Q1;7,69273515;3,794162225;Quarterly;01/01/80
ZWE;Zimbabwe;AUS;Australia;USD million;2004-Q2;-68,81791985;4,543501124;Quarterly;01/01/80
ZWE;Zimbabwe;AUS;Australia;USD million;2004-Q3;-83,19052552;4,216481804;Quarterly;01/01/80
ZWE;Zimbabwe;AUS;Australia;USD million;2004-Q4;-81,65777182;4,303108458;Quarterly;01/01/80
ZWE;Zimbabwe;AUS;Australia;USD million;2005-Q1;-122,1766469;2,57520059;Quarterly;01/01/80
ZWE;Zimbabwe;AUS;Australia;USD million;2005-Q2;-66,76603902;3,694008878;Quarterly;01/01/80
ZWE;Zimbabwe;AUS;Australia;USD million;2005-Q3;-47,30715714;3,798596948;Quarterly;01/01/80
ZWE;Zimbabwe;AUS;Australia;USD million;2005-Q4;-61,24174405;3,744219516;Quarterly;01/01/80
ZWE;Zimbabwe;AUS;Australia;USD million;2006-Q1;-57,3042146;4,805430778;Quarterly;01/01/80
ZWE;Zimbabwe;AUS;Australia;USD million;2006-Q2;-55,74129387;3,971809646;Quarterly;01/01/80
ZWE;Zimbabwe;AUS;Australia;USD million;2006-Q3;-11,4014493;3,260483283;Quarterly;01/01/80
ZWE;Zimbabwe;AUS;Australia;USD million;2006-Q4;-87,64092228;4,385156657;Quarterly;01/01/80
ZWE;Zimbabwe;AUS;Australia;USD million;2007-Q1;-37,73890295;3,963104848;Quarterly;01/01/80
ZWE;Zimbabwe;AUS;Australia;USD million;2007-Q2;-52,59303059;3,688895384;Quarterly;01/01/80
ZWE;Zimbabwe;AUS;Australia;USD million;2007-Q3;-69,94933592;3,459927411;Quarterly;01/01/80
ZWE;Zimbabwe;AUS;Australia;USD million;2007-Q4;-32,75142998;4,462453557;Quarterly;01/01/80
ZWE;Zimbabwe;AUS;Australia;USD million;2008-Q1;-50,66476617;3,872419302;Quarterly;01/01/80
ZWE;Zimbabwe;AUS;Australia;USD million;2008-Q2;-117,7469267;3,643093029;Quarterly;01/01/80
ZWE;Zimbabwe;AUS;Australia;USD million;2008-Q3;-95,7021798;3,751392689;Quarterly;01/01/80
ZWE;Zimbabwe;AUS;Australia;USD million;2008-Q4;-50,429062;3,472414452;Quarterly;01/01/80
ZWE;Zimbabwe;AUS;Australia;USD million;2009-Q1;-49,48809266;4,23533493;Quarterly;01/01/80
ZWE;Zimbabwe;AUS;Australia;USD million;2009-Q2;-62,97754152;3,73951489;Quarterly;01/01/80
ZWE;Zimbabwe;AUS;Australia;USD million;2009-Q3;-95,3158776;3,456548622;Quarterly;01/01/80
ZWE;Zimbabwe;AUS;Australia;USD million;2009-Q4;14,27250586;3,789270807;Quarterly;01/01/80
ZWE;Zimbabwe;AUS;Australia;USD million;2010-Q1;-30,52026399;4,367125197;Quarterly;01/01/80
ZWE;Zimbabwe;AUS;Australia;USD million;2010-Q2;-56,60999386;3,814290818;Quarterly;01/01/80
ZWE;Zimbabwe;AUS;Australia;USD million;2010-Q3;-55,17339991;3,553137774;Quarterly;01/01/80
ZWE;Zimbabwe;AUS;Australia;USD million;2010-Q4;-72,94343132;4,587881435;Quarterly;01/01/80
ZWE;Zimbabwe;AUS;Australia;USD million;2011-Q1;7,565892352;5,390765987;Quarterly;01/01/80
ZWE;Zimbabwe;AUS;Australia;USD million;2011-Q2;-82,77503897;3,893970922;Quarterly;01/01/80
ZWE;Zimbabwe;AUS;Australia;USD million;2011-Q3;-130,9352291;5,477519092;Quarterly;01/01/80
ZWE;Zimbabwe;AUS;Australia;USD million;2011-Q4;-90,61229066;3,481186992;Quarterly;01/01/80
ZWE;Zimbabwe;AUS;Australia;USD million;2012-Q1;-90,49087191;4,082076642;Quarterly;01/01/80
ZWE;Zimbabwe;AUS;Australia;USD million;2012-Q2;-46,19275877;6,030244039;Quarterly;01/01/80
ZWE;Zimbabwe;AUS;Australia;USD million;2012-Q3;-75,7881695;5,035114849;Quarterly;01/01/80
ZWE;Zimbabwe;AUS;Australia;USD million;2012-Q4;-94,1048603;4,925721116;Quarterly;01/01/80
ZWE;Zimbabwe;AUS;Australia;USD million;2013-Q1;-74,9989409;5,53055832;Quarterly;01/01/80
ZWE;Zimbabwe;AUS;Australia;USD million;2013-Q2;-53,74007741;4,693398635;Quarterly;01/01/80
ZWE;Zimbabwe;AUS;Australia;USD million;2013-Q3;-85,17898726;3,619916806;Quarterly;01/01/80
ZWE;Zimbabwe;AUS;Australia;USD million;2013-Q4;4,991320228;4,77068236;Quarterly;01/01/80
ZWE;Zimbabwe;AUS;Australia;USD million;2014-Q1;-33,55631858;5,634891337;Quarterly;01/01/80
ZWE;Zimbabwe;AUS;Australia;USD million;2014-Q2;6,313368644;3,876665441;Quarterly;01/01/80
ZWE;Zimbabwe;AUS;Australia;USD million;2014-Q3;-53,64447822;4,350484249;Quarterly;01/01/80
ZWE;Zimbabwe;AUS;Australia;USD million;2014-Q4;-54,12642099;4,629548539;Quarterly;01/01/80
ZWE;Zimbabwe;AUS;Australia;USD million;2015-Q1;-53,17463177;4,206576259;Quarterly;01/01/80
ZWE;Zimbabwe;AUS;Australia;USD million;2015-Q2;-73,03823839;4,158419994;Quarterly;01/01/80
ZWE;Zimbabwe;AUS;Australia;USD million;2015-Q3;-111,6689846;4,659808067;Quarterly;01/01/80
ZWE;Zimbabwe;AUS;Australia;USD million;2015-Q4;-76,98515199;5,371492651;Quarterly;01/01/80
ZWE;Zimbabwe;AUS;Australia;USD million;2016-Q1;-68,03178356;5,261536415;Quarterly;01/01/80
ZWE;Zimbabwe;AUS;Australia;USD million;2016-Q2;-42,08966836;5,481927588;Quarterly;01/01/80
ZWE;Zimbabwe;AUS;Australia;USD million;2016-Q3;-121,4656786;3,79511814;Quarterly;01/01/80
ZWE;Zimbabwe;AUS;Australia;USD million;2016-Q4;-64,36724673;5,928113981;Quarterly;01/01/80
ZWE;Zimbabwe;AUS;Australia;USD million;2017-Q1;-79,26391328;4,545978935;Quarterly;01/01/80
ZWE;Zimbabwe;AUS;Australia;USD million;2017-Q2;-88,10826242;5,467518699;Quarterly;01/01/80
ZWE;Zimbabwe;AUS;Australia;USD million;2017-Q3;-121,4977272;4,593824904;Quarterly;01/01/80
ZWE;Zimbabwe;AUS;Australia;USD million;2017-Q4;-78,79602769;4,902531374;Quarterly;01/01/80
ZWE;Zimbabwe;AUS;Australia;USD million;2018-Q1;-0,754725381;4,619989911;Quarterly;01/01/80
ZWE;Zimbabwe;AUS;Australia;USD million;2018-Q2;-109,9780536;5,274327849;Quarterly;01/01/80
ZWE;Zimbabwe;AUS;Australia;USD million;2018-Q3;-108,9944197;4,786572119;Quarterly;01/01/80
ZWE;Zimbabwe;AUS;Australia;USD million;2018-Q4;-67,0511464;4,557773691;Quarterly;01/01/80
ZWE;Zimbabwe;AUS;Australia;USD million;2019-Q1;-50,76056548;4,732250538;Quarterly;01/01/80
ZWE;Zimbabwe;AUS;Australia;USD million;2019-Q2;-47,9901284;4,828360933;Quarterly;01/01/80
ZWE;Zimbabwe;AUS;Australia;USD million;2019-Q3;-45,00180369;6,099191726;Quarterly;01/01/80
ZWE;Zimbabwe;AUS;Australia;USD million;2019-Q4;-81,49097883;5,30221507;Quarterly;01/01/80
ZWE;Zimbabwe;AUS;Australia;USD million;2020-Q1;-18,59371079;4,322423992;Quarterly;01/01/80
ZWE;Zimbabwe;AUS;Australia;USD million;2020-Q2;-43,07742126;5,916852647;Quarterly;01/01/80
ZWE;Zimbabwe;AUS;Australia;USD million;2020-Q3;-68,48215368;5,310162835;Quarterly;01/01/80
ZWE;Zimbabwe;AUS;Australia;USD million;2020-Q4;-100,2408479;4,773037547;Quarterly;01/01/80
ZWE;Zimbabwe;AUS;Australia;USD million;2021-Q1;-60,27884041;4,245765749;Quarterly;01/01/80
ZWE;Zimbabwe;AUS;Australia;USD million;2021-Q2;3,705573177;4,015460907;Quarterly;01/01/80
ZWE;Zimbabwe;AUS;Australia;USD million;2021-Q3;-78,61381839;5,624874016;Quarterly;01/01/80
ZWE;Zimbabwe;AUS;Australia;USD million;2021-Q4;-92,19073365;5,080851767;Quarterly;01/01/80
ZWE;Zimbabwe;AUS;Australia;USD million;2022-Q1;-50,30770213;4,571220315;Quarterly;01/01/80
ZWE;Zimbabwe;AUS;Australia;USD million;2022-Q2;-32,15740105;5,853656117;Quarterly;01/01/80
ZWE;Zimbabwe;AUS;Australia;USD million;2022-Q3;-74,83108668;5,535775244;Quarterly;01/01/80
ZWE;Zimbabwe;AUS;Australia;USD million;2022-Q4;-60,08913393;5,127361101;Quarterly;01/01/80
ZWE;Zimbabwe;AUS;Australia;USD million;2023-Q1;-67,78090911;5,257194481;Quarterly;01/01/80
ZWE;Zimbabwe;AUS;Australia;USD million;2023-Q2;20,92234185;4,62342343;Quarterly;01/01/80
ZWE;Zimbabwe;AUS;Australia;USD million;2023-Q3;-10,10504542;5,038998834;Quarterly;01/01/80
ZWE;Zimbabwe;AUS;Australia;USD million;2023-Q4;-51,61801497;5,460512054;Quarterly;01/01/80
ZWE;Zimbabwe;AUS;Australia;USD million;2024-Q1;2,104693322;5,312693952;Quarterly;01/01/80
ZWE;Zimbabwe;AUS;Australia;USD million;2024-Q2;-83,38947115;4,960277078;Quarterly;01/01/80
ZWE;Zimbabwe;AUS;Australia;USD million;2024-Q3;-41,98123585;4,562638515;Quarterly;01/01/80
ZWE;Zimbabwe;AUS;Australia;USD million;2024-Q4;-103,9387093;4,596183619;Quarterly;01/01/80
ZWE;Zimbabwe;AUS;Australia;USD million;2025-Q1;-45,94569758;4,97275315;Quarterly;01/01/80
ZWE;Zimbabwe;AUS;Australia;USD million;2025-Q2;-43,04014271;4,609227081;Quarterly;01/01/80
ZWE;Zimbabwe;AUS;Australia;USD million;2025-Q3;-132,7470112;6,942364979;Quarterly;01/01/80
ZWE;Zimbabwe;AUS;Australia;USD million;2025-Q4;-94,69370217;5,294192868;Quarterly;01/01/80
ZWE;Zimbabwe;AUS;Australia;USD million;2026-Q1;-48,81724242;5,640601527;Quarterly;01/01/80
ZWE;Zimbabwe;AUS;Australia;USD million;2026-Q2;-98,80125027;5,880161104;Quarterly;01/01/80
ZWE;Zimbabwe;AUS;Australia;USD million;2026-Q3;-35,90448368;5,264566345;Quarterly;01/01/80
ZWE;Zimbabwe;BWA;Botswana;USD million;1980-Q1;-35,25889558;15,70861431;Quarterly;01/01/80
ZWE;Zimbabwe;BWA;Botswana;USD million;1980-Q2;-27,34661005;12,81396819;Quarterly;01/01/80
ZWE;Zimbabwe;BWA;Botswana;USD million;1980-Q3;-41,48333317;11,61668653;Quarterly;01/01/80
ZWE;Zimbabwe;BWA;Botswana;USD million;1980-Q4;-118,5491058;14,14540287;Quarterly;01/01/80
ZWE;Zimbabwe;BWA;Botswana;USD million;1981-Q1;-12,2966128;12,01479512;Quarterly;01/01/80
ZWE;Zimbabwe;BWA;Botswana;USD million;1981-Q2;-29,86901389;12,65044657;Quarterly;01/01/80
ZWE;Zimbabwe;BWA;Botswana;USD million;1981-Q3;-59,93244342;15,95812592;Quarterly;01/01/80
ZWE;Zimbabwe;BWA;Botswana;USD million;1981-Q4;-58,27922433;17,00751923;Quarterly;01/01/80
ZWE;Zimbabwe;BWA;Botswana;USD million;1982-Q1;-17,0817829;13,71894293;Quarterly;01/01/80
ZWE;Zimbabwe;BWA;Botswana;USD million;1982-Q2;-34,40268366;13,15401553;Quarterly;01/01/80
ZWE;Zimbabwe;BWA;Botswana;USD million;1982-Q3;-35,7029862;12,92210275;Quarterly;01/01/80
ZWE;Zimbabwe;BWA;Botswana;USD million;1982-Q4;-24,7540451;14,43612072;Quarterly;01/01/80
ZWE;Zimbabwe;BWA;Botswana;USD million;1983-Q1;-17,69548979;15,0615474;Quarterly;01/01/80
ZWE;Zimbabwe;BWA;Botswana;USD million;1983-Q2;-97,82590057;12,41973306;Quarterly;01/01/80
ZWE;Zimbabwe;BWA;Botswana;USD million;1983-Q3;-68,69788843;14,68315854;Quarterly;01/01/80
ZWE;Zimbabwe;BWA;Botswana;USD million;1983-Q4;-63,41857352;12,93236009;Quarterly;01/01/80
ZWE;Zimbabwe;BWA;Botswana;USD million;1984-Q1;-71,5520709;13,48626969;Quarterly;01/01/80
ZWE;Zimbabwe;BWA;Botswana;USD million;1984-Q2;-27,89508219;11,85494515;Quarterly;01/01/80
ZWE;Zimbabwe;BWA;Botswana;USD million;1984-Q3;-64,15590078;12,5244727;Quarterly;01/01/80
ZWE;Zimbabwe;BWA;Botswana;USD million;1984-Q4;-80,92361942;12,93837598;Quarterly;01/01/80
ZWE;Zimbabwe;BWA;Botswana;USD million;1985-Q1;-69,55584031;17,07231031;Quarterly;01/01/80
ZWE;Zimbabwe;BWA;Botswana;USD million;1985-Q2;-33,48332951;13,63704129;Quarterly;01/01/80
ZWE;Zimbabwe;BWA;Botswana;USD million;1985-Q3;-75,42395777;14,59227735;Quarterly;01/01/80
ZWE;Zimbabwe;BWA;Botswana;USD million;1985-Q4;-24,13012475;14,75841762;Quarterly;01/01/80
ZWE;Zimbabwe;BWA;Botswana;USD million;1986-Q1;-50,795616;17,00894298;Quarterly;01/01/80
ZWE;Zimbabwe;BWA;Botswana;USD million;1986-Q2;-53,49327941;14,50170428;Quarterly;01/01/80
ZWE;Zimbabwe;BWA;Botswana;USD million;1986-Q3;-42,10241585;15,54596934;Quarterly;01/01/80
ZWE;Zimbabwe;BWA;Botswana;USD million;1986-Q4;-95,84443871;15,21539267;Quarterly;01/01/80
ZWE;Zimbabwe;BWA;Botswana;USD million;1987-Q1;-22,28409142;14,45298664;Quarterly;01/01/80
ZWE;Zimbabwe;BWA;Botswana;USD million;1987-Q2;-53,52033761;17,77663279;Quarterly;01/01/80
ZWE;Zimbabwe;BWA;Botswana;USD million;1987-Q3;-54,14055303;13,38000476;Quarterly;01/01/80
ZWE;Zimbabwe;BWA;Botswana;USD million;1987-Q4;-28,97831949;17,58252355;Quarterly;01/01/80
ZWE;Zimbabwe;BWA;Botswana;USD million;1988-Q1;-11,5720182;14,59791515;Quarterly;01/01/80
ZWE;Zimbabwe;BWA;Botswana;USD million;1988-Q2;-61,15684802;13,30639834;Quarterly;01/01/80
ZWE;Zimbabwe;BWA;Botswana;USD million;1988-Q3;-66,73406199;14,29236595;Quarterly;01/01/80
ZWE;Zimbabwe;BWA;Botswana;USD million;1988-Q4;-62,60684927;16,04076392;Quarterly;01/01/80
ZWE;Zimbabwe;BWA;Botswana;USD million;1989-Q1;-71,28680374;14,19826591;Quarterly;01/01/80
ZWE;Zimbabwe;BWA;Botswana;USD million;1989-Q2;-38,54138349;14,60292473;Quarterly;01/01/80
ZWE;Zimbabwe;BWA;Botswana;USD million;1989-Q3;-18,29066475;12,81693491;Quarterly;01/01/80
ZWE;Zimbabwe;BWA;Botswana;USD million;1989-Q4;-89,52121992;18,9977964;Quarterly;01/01/80
ZWE;Zimbabwe;BWA;Botswana;USD million;1990-Q1;-40,67021768;16,86232522;Quarterly;01/01/80
ZWE;Zimbabwe;BWA;Botswana;USD million;1990-Q2;-40,32938628;16,38905374;Quarterly;01/01/80
ZWE;Zimbabwe;BWA;Botswana;USD million;1990-Q3;-69,16087657;14,55403134;Quarterly;01/01/80
ZWE;Zimbabwe;BWA;Botswana;USD million;1990-Q4;-38,65005368;16,56459168;Quarterly;01/01/80
ZWE;Zimbabwe;BWA;Botswana;USD million;1991-Q1;-21,26712442;16,39279045;Quarterly;01/01/80
ZWE;Zimbabwe;BWA;Botswana;USD million;1991-Q2;-63,08986874;16,87373608;Quarterly;01/01/80
ZWE;Zimbabwe;BWA;Botswana;USD million;1991-Q3;-42,6288163;19,19429284;Quarterly;01/01/80
ZWE;Zimbabwe;BWA;Botswana;USD million;1991-Q4;-70,01560874;18,03750184;Quarterly;01/01/80
ZWE;Zimbabwe;BWA;Botswana;USD million;1992-Q1;-20,75938538;16,97644899;Quarterly;01/01/80
ZWE;Zimbabwe;BWA;Botswana;USD million;1992-Q2;-84,32234784;19,76075587;Quarterly;01/01/80
ZWE;Zimbabwe;BWA;Botswana;USD million;1992-Q3;-29,61721303;15,31791626;Quarterly;01/01/80
ZWE;Zimbabwe;BWA;Botswana;USD million;1992-Q4;-89,28304191;14,06149888;Quarterly;01/01/80
ZWE;Zimbabwe;BWA;Botswana;USD million;1993-Q1;-86,22264848;16,06851569;Quarterly;01/01/80
ZWE;Zimbabwe;BWA;Botswana;USD million;1993-Q2;-44,07260425;17,82946673;Quarterly;01/01/80
ZWE;Zimbabwe;BWA;Botswana;USD million;1993-Q3;-65,32554286;13,68394613;Quarterly;01/01/80
ZWE;Zimbabwe;BWA;Botswana;USD million;1993-Q4;-41,96759003;13,09369097;Quarterly;01/01/80
ZWE;Zimbabwe;BWA;Botswana;USD million;1994-Q1;-21,55563431;16,90568705;Quarterly;01/01/80
ZWE;Zimbabwe;BWA;Botswana;USD million;1994-Q2;-37,69142379;13,96088594;Quarterly;01/01/80
ZWE;Zimbabwe;BWA;Botswana;USD million;1994-Q3;-111,0223962;13,65855233;Quarterly;01/01/80
ZWE;Zimbabwe;BWA;Botswana;USD million;1994-Q4;-16,23800762;14,16056885;Quarterly;01/01/80
ZWE;Zimbabwe;BWA;Botswana;USD million;1995-Q1;-72,75048245;16,47983692;Quarterly;01/01/80
ZWE;Zimbabwe;BWA;Botswana;USD million;1995-Q2;-82,64128416;21,51321815;Quarterly;01/01/80
ZWE;Zimbabwe;BWA;Botswana;USD million;1995-Q3;-48,56615059;16,15546332;Quarterly;01/01/80
ZWE;Zimbabwe;BWA;Botswana;USD million;1995-Q4;-50,7680755;14,36405562;Quarterly;01/01/80
ZWE;Zimbabwe;BWA;Botswana;USD million;1996-Q1;-54,93242398;19,1792571;Quarterly;01/01/80
ZWE;Zimbabwe;BWA;Botswana;USD million;1996-Q2;-41,05470329;20,57487557;Quarterly;01/01/80
ZWE;Zimbabwe;BWA;Botswana;USD million;1996-Q3;-33,7086677;16,50137129;Quarterly;01/01/80
ZWE;Zimbabwe;BWA;Botswana;USD million;1996-Q4;-16,73726978;17,64610618;Quarterly;01/01/80
ZWE;Zimbabwe;BWA;Botswana;USD million;1997-Q1;-39,02696371;16,82545571;Quarterly;01/01/80
ZWE;Zimbabwe;BWA;Botswana;USD million;1997-Q2;-93,21137887;17,00195985;Quarterly;01/01/80
ZWE;Zimbabwe;BWA;Botswana;USD million;1997-Q3;-37,89677983;14,04994755;Quarterly;01/01/80
ZWE;Zimbabwe;BWA;Botswana;USD million;1997-Q4;-50,25686882;15,00956172;Quarterly;01/01/80
ZWE;Zimbabwe;BWA;Botswana;USD million;1998-Q1;-59,06153315;17,16363216;Quarterly;01/01/80
ZWE;Zimbabwe;BWA;Botswana;USD million;1998-Q2;-72,64624129;16,44359311;Quarterly;01/01/80
ZWE;Zimbabwe;BWA;Botswana;USD million;1998-Q3;-70,00238038;17,02365919;Quarterly;01/01/80
ZWE;Zimbabwe;BWA;Botswana;USD million;1998-Q4;-25,94525617;17,00767025;Quarterly;01/01/80
ZWE;Zimbabwe;BWA;Botswana;USD million;1999-Q1;-80,45676286;13,99829301;Quarterly;01/01/80
ZWE;Zimbabwe;BWA;Botswana;USD million;1999-Q2;-5,016872766;15,03650678;Quarterly;01/01/80
ZWE;Zimbabwe;BWA;Botswana;USD million;1999-Q3;-31,19559538;16,64303353;Quarterly;01/01/80
ZWE;Zimbabwe;BWA;Botswana;USD million;1999-Q4;-27,06099094;16,28177794;Quarterly;01/01/80
ZWE;Zimbabwe;BWA;Botswana;USD million;2000-Q1;-50,17475323;13,43333316;Quarterly;01/01/80
ZWE;Zimbabwe;BWA;Botswana;USD million;2000-Q2;-76,9534503;19,84723209;Quarterly;01/01/80
ZWE;Zimbabwe;BWA;Botswana;USD million;2000-Q3;-37,57600782;15,88418152;Quarterly;01/01/80
ZWE;Zimbabwe;BWA;Botswana;USD million;2000-Q4;-85,4365275;15,39692453;Quarterly;01/01/80
ZWE;Zimbabwe;BWA;Botswana;USD million;2001-Q1;-88,84738182;15,90066209;Quarterly;01/01/80
ZWE;Zimbabwe;BWA;Botswana;USD million;2001-Q2;-34,41881492;17,36567077;Quarterly;01/01/80
ZWE;Zimbabwe;BWA;Botswana;USD million;2001-Q3;-57,33276027;13,88121208;Quarterly;01/01/80
ZWE;Zimbabwe;BWA;Botswana;USD million;2001-Q4;-38,64300115;15,15022646;Quarterly;01/01/80
ZWE;Zimbabwe;BWA;Botswana;USD million;2002-Q1;-78,42331209;13,76838379;Quarterly;01/01/80
ZWE;Zimbabwe;BWA;Botswana;USD million;2002-Q2;-13,00653539;18,25286713;Quarterly;01/01/80
ZWE;Zimbabwe;BWA;Botswana;USD million;2002-Q3;-58,80227885;20,77360946;Quarterly;01/01/80
ZWE;Zimbabwe;BWA;Botswana;USD million;2002-Q4;-15,69422449;20,68685133;Quarterly;01/01/80
ZWE;Zimbabwe;BWA;Botswana;USD million;2003-Q1;-77,27302016;19,83603434;Quarterly;01/01/80
ZWE;Zimbabwe;BWA;Botswana;USD million;2003-Q2;-40,3141178;18,84777525;Quarterly;01/01/80
ZWE;Zimbabwe;BWA;Botswana;USD million;2003-Q3;-36,55740241;19,15549594;Quarterly;01/01/80
ZWE;Zimbabwe;BWA;Botswana;USD million;2003-Q4;-78,77912733;19,9552191;Quarterly;01/01/80
ZWE;Zimbabwe;BWA;Botswana;USD million;2004-Q1;-29,23814012;18,55299455;Quarterly;01/01/80
ZWE;Zimbabwe;BWA;Botswana;USD million;2004-Q2;-52,73153031;16,69787335;Quarterly;01/01/80
ZWE;Zimbabwe;BWA;Botswana;USD million;2004-Q3;-93,16789787;23,25576639;Quarterly;01/01/80
ZWE;Zimbabwe;BWA;Botswana;USD million;2004-Q4;-38,41202978;19,79760488;Quarterly;01/01/80
ZWE;Zimbabwe;BWA;Botswana;USD million;2005-Q1;-37,30888724;12,00216242;Quarterly;01/01/80
ZWE;Zimbabwe;BWA;Botswana;USD million;2005-Q2;-6,936331058;18,82034145;Quarterly;01/01/80
ZWE;Zimbabwe;BWA;Botswana;USD million;2005-Q3;-97,89790364;17,75152697;Quarterly;01/01/80
ZWE;Zimbabwe;BWA;Botswana;USD million;2005-Q4;-32,6096409;16,07406064;Quarterly;01/01/80
ZWE;Zimbabwe;BWA;Botswana;USD million;2006-Q1;-32,5090655;23,08174952;Quarterly;01/01/80
ZWE;Zimbabwe;BWA;Botswana;USD million;2006-Q2;-30,27348601;18,83856078;Quarterly;01/01/80
ZWE;Zimbabwe;BWA;Botswana;USD million;2006-Q3;-65,02011071;14,583336;Quarterly;01/01/80
ZWE;Zimbabwe;BWA;Botswana;USD million;2006-Q4;-28,50376954;17,58622172;Quarterly;01/01/80
ZWE;Zimbabwe;BWA;Botswana;USD million;2007-Q1;-33,14463938;17,688463;Quarterly;01/01/80
ZWE;Zimbabwe;BWA;Botswana;USD million;2007-Q2;-52,20180757;19,29114577;Quarterly;01/01/80
ZWE;Zimbabwe;BWA;Botswana;USD million;2007-Q3;-24,17177299;16,14814895;Quarterly;01/01/80
ZWE;Zimbabwe;BWA;Botswana;USD million;2007-Q4;-39,13730765;17,33154237;Quarterly;01/01/80
ZWE;Zimbabwe;BWA;Botswana;USD million;2008-Q1;-128,3715116;16,86156517;Quarterly;01/01/80
ZWE;Zimbabwe;BWA;Botswana;USD million;2008-Q2;-24,05198995;16,90054883;Quarterly;01/01/80
ZWE;Zimbabwe;BWA;Botswana;USD million;2008-Q3;-14,67269897;17,88928577;Quarterly;01/01/80
ZWE;Zimbabwe;BWA;Botswana;USD million;2008-Q4;-70,7735072;16,1680441;Quarterly;01/01/80
ZWE;Zimbabwe;BWA;Botswana;USD million;2009-Q1;-35,27544676;20,19236356;Quarterly;01/01/80
ZWE;Zimbabwe;BWA;Botswana;USD million;2009-Q2;-25,70635461;17,18480098;Quarterly;01/01/80
ZWE;Zimbabwe;BWA;Botswana;USD million;2009-Q3;-64,90695124;17,77665955;Quarterly;01/01/80
ZWE;Zimbabwe;BWA;Botswana;USD million;2009-Q4;-67,01265862;16,69021671;Quarterly;01/01/80
ZWE;Zimbabwe;BWA;Botswana;USD million;2010-Q1;-59,15088207;17,44285989;Quarterly;01/01/80
ZWE;Zimbabwe;BWA;Botswana;USD million;2010-Q2;-25,96649717;14,38300045;Quarterly;01/01/80
ZWE;Zimbabwe;BWA;Botswana;USD million;2010-Q3;-36,0630796;19,40704874;Quarterly;01/01/80
ZWE;Zimbabwe;BWA;Botswana;USD million;2010-Q4;-35,56988458;19,55856824;Quarterly;01/01/80
ZWE;Zimbabwe;BWA;Botswana;USD million;2011-Q1;-61,55770609;22,22603017;Quarterly;01/01/80
ZWE;Zimbabwe;BWA;Botswana;USD million;2011-Q2;-67,42122544;17,86702447;Quarterly;01/01/80
ZWE;Zimbabwe;BWA;Botswana;USD million;2011-Q3;-70,0500409;19,14483458;Quarterly;01/01/80
ZWE;Zimbabwe;BWA;Botswana;USD million;2011-Q4;-9,605352035;15,89254938;Quarterly;01/01/80
ZWE;Zimbabwe;BWA;Botswana;USD million;2012-Q1;-2,935604217;20,24817639;Quarterly;01/01/80
ZWE;Zimbabwe;BWA;Botswana;USD million;2012-Q2;-79,20512503;23,73977526;Quarterly;01/01/80
ZWE;Zimbabwe;BWA;Botswana;USD million;2012-Q3;-103,0879976;22,11818863;Quarterly;01/01/80
ZWE;Zimbabwe;BWA;Botswana;USD million;2012-Q4;-81,55547669;23,49675893;Quarterly;01/01/80
ZWE;Zimbabwe;BWA;Botswana;USD million;2013-Q1;-89,36992578;26,00099266;Quarterly;01/01/80
ZWE;Zimbabwe;BWA;Botswana;USD million;2013-Q2;-63,73252801;20,4299294;Quarterly;01/01/80
ZWE;Zimbabwe;BWA;Botswana;USD million;2013-Q3;-41,08192617;15,95121952;Quarterly;01/01/80
ZWE;Zimbabwe;BWA;Botswana;USD million;2013-Q4;-32,8403286;21,15197174;Quarterly;01/01/80
ZWE;Zimbabwe;BWA;Botswana;USD million;2014-Q1;-56,44988202;21,71052199;Quarterly;01/01/80
ZWE;Zimbabwe;BWA;Botswana;USD million;2014-Q2;-56,45812706;19,96216496;Quarterly;01/01/80
ZWE;Zimbabwe;BWA;Botswana;USD million;2014-Q3;-60,15709583;18,72224389;Quarterly;01/01/80
ZWE;Zimbabwe;BWA;Botswana;USD million;2014-Q4;-63,26528838;20,47643224;Quarterly;01/01/80
ZWE;Zimbabwe;BWA;Botswana;USD million;2015-Q1;-107,8431079;21,97241919;Quarterly;01/01/80
ZWE;Zimbabwe;BWA;Botswana;USD million;2015-Q2;-106,3821268;19,77497384;Quarterly;01/01/80
ZWE;Zimbabwe;BWA;Botswana;USD million;2015-Q3;5,014998553;23,37739784;Quarterly;01/01/80
ZWE;Zimbabwe;BWA;Botswana;USD million;2015-Q4;-141,9259937;22,12317081;Quarterly;01/01/80
ZWE;Zimbabwe;BWA;Botswana;USD million;2016-Q1;-29,65065659;22,6485518;Quarterly;01/01/80
ZWE;Zimbabwe;BWA;Botswana;USD million;2016-Q2;-57,36592573;23,65771792;Quarterly;01/01/80
ZWE;Zimbabwe;BWA;Botswana;USD million;2016-Q3;-51,62879052;19,11152887;Quarterly;01/01/80
ZWE;Zimbabwe;BWA;Botswana;USD million;2016-Q4;-83,2634344;20,82101525;Quarterly;01/01/80
ZWE;Zimbabwe;BWA;Botswana;USD million;2017-Q1;-83,32450137;24,73423336;Quarterly;01/01/80
ZWE;Zimbabwe;BWA;Botswana;USD million;2017-Q2;-75,78329761;24,15263726;Quarterly;01/01/80
ZWE;Zimbabwe;BWA;Botswana;USD million;2017-Q3;-99,24821015;24,59378591;Quarterly;01/01/80
ZWE;Zimbabwe;BWA;Botswana;USD million;2017-Q4;-6,42449202;23,11837505;Quarterly;01/01/80
ZWE;Zimbabwe;BWA;Botswana;USD million;2018-Q1;-51,5801247;21,15717298;Quarterly;01/01/80
ZWE;Zimbabwe;BWA;Botswana;USD million;2018-Q2;-57,46589407;25,02583373;Quarterly;01/01/80
ZWE;Zimbabwe;BWA;Botswana;USD million;2018-Q3;-71,01820969;22,12639013;Quarterly;01/01/80
ZWE;Zimbabwe;BWA;Botswana;USD million;2018-Q4;0,686792935;20,34026298;Quarterly;01/01/80
ZWE;Zimbabwe;BWA;Botswana;USD million;2019-Q1;-50,11157749;22,62900427;Quarterly;01/01/80
ZWE;Zimbabwe;BWA;Botswana;USD million;2019-Q2;-90,51775323;20,47069625;Quarterly;01/01/80
ZWE;Zimbabwe;BWA;Botswana;USD million;2019-Q3;-27,64170397;27,69019506;Quarterly;01/01/80
ZWE;Zimbabwe;BWA;Botswana;USD million;2019-Q4;-94,71300292;21,97239549;Quarterly;01/01/80
ZWE;Zimbabwe;BWA;Botswana;USD million;2020-Q1;-89,23860681;22,10419521;Quarterly;01/01/80
ZWE;Zimbabwe;BWA;Botswana;USD million;2020-Q2;-84,48893238;27,06031394;Quarterly;01/01/80
ZWE;Zimbabwe;BWA;Botswana;USD million;2020-Q3;-81,49850256;20,55787626;Quarterly;01/01/80
ZWE;Zimbabwe;BWA;Botswana;USD million;2020-Q4;-61,04942257;22,35030632;Quarterly;01/01/80
ZWE;Zimbabwe;BWA;Botswana;USD million;2021-Q1;7,929519204;24,39601824;Quarterly;01/01/80
ZWE;Zimbabwe;BWA;Botswana;USD million;2021-Q2;-96,00672522;17,51546788;Quarterly;01/01/80
ZWE;Zimbabwe;BWA;Botswana;USD million;2021-Q3;-61,47667334;24,10619863;Quarterly;01/01/80
ZWE;Zimbabwe;BWA;Botswana;USD million;2021-Q4;-80,40878518;25,32620308;Quarterly;01/01/80
ZWE;Zimbabwe;BWA;Botswana;USD million;2022-Q1;-49,81714357;22,86836718;Quarterly;01/01/80
ZWE;Zimbabwe;BWA;Botswana;USD million;2022-Q2;-25,43680913;21,514532;Quarterly;01/01/80
ZWE;Zimbabwe;BWA;Botswana;USD million;2022-Q3;-86,72585413;22,47579001;Quarterly;01/01/80
ZWE;Zimbabwe;BWA;Botswana;USD million;2022-Q4;-97,9448728;21,93712527;Quarterly;01/01/80
ZWE;Zimbabwe;BWA;Botswana;USD million;2023-Q1;-76,92103676;25,23236863;Quarterly;01/01/80
ZWE;Zimbabwe;BWA;Botswana;USD million;2023-Q2;-105,805082;21,86378969;Quarterly;01/01/80
ZWE;Zimbabwe;BWA;Botswana;USD million;2023-Q3;-90,75804241;23,09361768;Quarterly;01/01/80
ZWE;Zimbabwe;BWA;Botswana;USD million;2023-Q4;-25,78671288;23,8558168;Quarterly;01/01/80
ZWE;Zimbabwe;BWA;Botswana;USD million;2024-Q1;-106,7562594;23,19684444;Quarterly;01/01/80
ZWE;Zimbabwe;BWA;Botswana;USD million;2024-Q2;-60,98859361;23,30741223;Quarterly;01/01/80
ZWE;Zimbabwe;BWA;Botswana;USD million;2024-Q3;-45,76828716;23,06674265;Quarterly;01/01/80
ZWE;Zimbabwe;BWA;Botswana;USD million;2024-Q4;-103,1750482;20,85056382;Quarterly;01/01/80
ZWE;Zimbabwe;BWA;Botswana;USD million;2025-Q1;-47,6803259;25,54971462;Quarterly;01/01/80
ZWE;Zimbabwe;BWA;Botswana;USD million;2025-Q2;-40,05571284;20,48840187;Quarterly;01/01/80
ZWE;Zimbabwe;BWA;Botswana;USD million;2025-Q3;-109,2017587;28,65129957;Quarterly;01/01/80
ZWE;Zimbabwe;BWA;Botswana;USD million;2025-Q4;-60,15873899;25,51581072;Quarterly;01/01/80
ZWE;Zimbabwe;BWA;Botswana;USD million;2026-Q1;5,594462241;29,6637559;Quarterly;01/01/80
ZWE;Zimbabwe;BWA;Botswana;USD million;2026-Q2;-43,14905215;23,91698109;Quarterly;01/01/80
ZWE;Zimbabwe;BWA;Botswana;USD million;2026-Q3;-97,9326729;23,47209359;Quarterly;01/01/80
ZWE;Zimbabwe;CAN;Canada;USD million;1980-Q1;-37,71794669;6,826626141;Quarterly;01/01/80
ZWE;Zimbabwe;CAN;Canada;USD million;1980-Q2;-83,61049799;5,688455063;Quarterly;01/01/80
ZWE;Zimbabwe;CAN;Canada;USD million;1980-Q3;-57,85449675;4,841446479;Quarterly;01/01/80
ZWE;Zimbabwe;CAN;Canada;USD million;1980-Q4;-16,33010599;5,472083288;Quarterly;01/01/80
ZWE;Zimbabwe;CAN;Canada;USD million;1981-Q1;-47,66044966;5,327781328;Quarterly;01/01/80
ZWE;Zimbabwe;CAN;Canada;USD million;1981-Q2;-31,99618901;5,56299348;Quarterly;01/01/80
ZWE;Zimbabwe;CAN;Canada;USD million;1981-Q3;-53,76000393;5,785736033;Quarterly;01/01/80
ZWE;Zimbabwe;CAN;Canada;USD million;1981-Q4;-23,29824243;6,088719464;Quarterly;01/01/80
ZWE;Zimbabwe;CAN;Canada;USD million;1982-Q1;-93,50986274;6,195463992;Quarterly;01/01/80
ZWE;Zimbabwe;CAN;Canada;USD million;1982-Q2;-27,50069125;5,395454803;Quarterly;01/01/80
ZWE;Zimbabwe;CAN;Canada;USD million;1982-Q3;-77,3307593;5,037830599;Quarterly;01/01/80
ZWE;Zimbabwe;CAN;Canada;USD million;1982-Q4;-93,14272498;5,236788082;Quarterly;01/01/80
ZWE;Zimbabwe;CAN;Canada;USD million;1983-Q1;-107,6514739;5,848394506;Quarterly;01/01/80
ZWE;Zimbabwe;CAN;Canada;USD million;1983-Q2;-79,00708704;5,616083606;Quarterly;01/01/80
ZWE;Zimbabwe;CAN;Canada;USD million;1983-Q3;-58,2641846;5,744974376;Quarterly;01/01/80
ZWE;Zimbabwe;CAN;Canada;USD million;1983-Q4;-63,89928758;5,419818867;Quarterly;01/01/80
ZWE;Zimbabwe;CAN;Canada;USD million;1984-Q1;-85,75004436;5,65114464;Quarterly;01/01/80
ZWE;Zimbabwe;CAN;Canada;USD million;1984-Q2;-67,95935958;4,686251426;Quarterly;01/01/80
ZWE;Zimbabwe;CAN;Canada;USD million;1984-Q3;-72,62160642;5,391444161;Quarterly;01/01/80
ZWE;Zimbabwe;CAN;Canada;USD million;1984-Q4;-50,04893794;5,167087328;Quarterly;01/01/80
ZWE;Zimbabwe;CAN;Canada;USD million;1985-Q1;-78,55518098;6,554136451;Quarterly;01/01/80
ZWE;Zimbabwe;CAN;Canada;USD million;1985-Q2;-40,53397237;6,405008172;Quarterly;01/01/80
ZWE;Zimbabwe;CAN;Canada;USD million;1985-Q3;-50,67965689;6,087650039;Quarterly;01/01/80
ZWE;Zimbabwe;CAN;Canada;USD million;1985-Q4;-91,08960216;5,417853916;Quarterly;01/01/80
ZWE;Zimbabwe;CAN;Canada;USD million;1986-Q1;22,67420392;6,243716572;Quarterly;01/01/80
ZWE;Zimbabwe;CAN;Canada;USD million;1986-Q2;-41,52653435;5,48123014;Quarterly;01/01/80
ZWE;Zimbabwe;CAN;Canada;USD million;1986-Q3;-27,29425346;6,901084372;Quarterly;01/01/80
ZWE;Zimbabwe;CAN;Canada;USD million;1986-Q4;-32,81126918;6,051101518;Quarterly;01/01/80
ZWE;Zimbabwe;CAN;Canada;USD million;1987-Q1;-67,41740646;5,725683274;Quarterly;01/01/80
ZWE;Zimbabwe;CAN;Canada;USD million;1987-Q2;-96,68343808;7,56812128;Quarterly;01/01/80
ZWE;Zimbabwe;CAN;Canada;USD million;1987-Q3;-55,14599561;5,962763149;Quarterly;01/01/80
ZWE;Zimbabwe;CAN;Canada;USD million;1987-Q4;-95,09724955;6,187124503;Quarterly;01/01/80
ZWE;Zimbabwe;CAN;Canada;USD million;1988-Q1;-33,97766969;5,252126427;Quarterly;01/01/80
ZWE;Zimbabwe;CAN;Canada;USD million;1988-Q2;-27,33090776;5,516649738;Quarterly;01/01/80
ZWE;Zimbabwe;CAN;Canada;USD million;1988-Q3;-98,94427521;6,103467323;Quarterly;01/01/80
ZWE;Zimbabwe;CAN;Canada;USD million;1988-Q4;-17,25806058;6,66785139;Quarterly;01/01/80
ZWE;Zimbabwe;CAN;Canada;USD million;1989-Q1;-96,98540488;6,37045691;Quarterly;01/01/80
ZWE;Zimbabwe;CAN;Canada;USD million;1989-Q2;-73,76633172;5,155457319;Quarterly;01/01/80
ZWE;Zimbabwe;CAN;Canada;USD million;1989-Q3;-15,11252057;5,956822949;Quarterly;01/01/80
ZWE;Zimbabwe;CAN;Canada;USD million;1989-Q4;-30,64295507;7,706753704;Quarterly;01/01/80
ZWE;Zimbabwe;CAN;Canada;USD million;1990-Q1;-67,31667017;8,270528254;Quarterly;01/01/80
ZWE;Zimbabwe;CAN;Canada;USD million;1990-Q2;-108,4218702;6,26670336;Quarterly;01/01/80
ZWE;Zimbabwe;CAN;Canada;USD million;1990-Q3;-90,85592841;6,040039937;Quarterly;01/01/80
ZWE;Zimbabwe;CAN;Canada;USD million;1990-Q4;-80,49290979;6,953083492;Quarterly;01/01/80
ZWE;Zimbabwe;CAN;Canada;USD million;1991-Q1;-41,53438143;6,682486641;Quarterly;01/01/80
ZWE;Zimbabwe;CAN;Canada;USD million;1991-Q2;-55,17732959;7,036648753;Quarterly;01/01/80
ZWE;Zimbabwe;CAN;Canada;USD million;1991-Q3;-112,8250269;7,657096838;Quarterly;01/01/80
ZWE;Zimbabwe;CAN;Canada;USD million;1991-Q4;8,799121036;6,281821721;Quarterly;01/01/80
ZWE;Zimbabwe;CAN;Canada;USD million;1992-Q1;-27,97306291;7,098892255;Quarterly;01/01/80
ZWE;Zimbabwe;CAN;Canada;USD million;1992-Q2;-116,0081176;7,502882883;Quarterly;01/01/80
ZWE;Zimbabwe;CAN;Canada;USD million;1992-Q3;-102,3711985;6,100421842;Quarterly;01/01/80
ZWE;Zimbabwe;CAN;Canada;USD million;1992-Q4;-30,82129561;6,428537105;Quarterly;01/01/80
ZWE;Zimbabwe;CAN;Canada;USD million;1993-Q1;-75,27925244;6,255509387;Quarterly;01/01/80
ZWE;Zimbabwe;CAN;Canada;USD million;1993-Q2;-25,15038041;6,080544874;Quarterly;01/01/80
ZWE;Zimbabwe;CAN;Canada;USD million;1993-Q3;-55,14602122;5,889538927;Quarterly;01/01/80
ZWE;Zimbabwe;CAN;Canada;USD million;1993-Q4;-89,44083783;6,448252843;Quarterly;01/01/80
ZWE;Zimbabwe;CAN;Canada;USD million;1994-Q1;-22,77202109;5,975689923;Quarterly;01/01/80
ZWE;Zimbabwe;CAN;Canada;USD million;1994-Q2;-20,51856879;6,233770136;Quarterly;01/01/80
ZWE;Zimbabwe;CAN;Canada;USD million;1994-Q3;-124,1267907;5,241561008;Quarterly;01/01/80
ZWE;Zimbabwe;CAN;Canada;USD million;1994-Q4;-108,1666327;5,445482483;Quarterly;01/01/80
ZWE;Zimbabwe;CAN;Canada;USD million;1995-Q1;-111,617304;5,714311896;Quarterly;01/01/80
ZWE;Zimbabwe;CAN;Canada;USD million;1995-Q2;-64,36426327;7,329778822;Quarterly;01/01/80
ZWE;Zimbabwe;CAN;Canada;USD million;1995-Q3;-106,2179683;6,713334458;Quarterly;01/01/80
ZWE;Zimbabwe;CAN;Canada;USD million;1995-Q4;-90,82341373;5,729364787;Quarterly;01/01/80
ZWE;Zimbabwe;CAN;Canada;USD million;1996-Q1;-77,35507871;6,175279629;Quarterly;01/01/80
ZWE;Zimbabwe;CAN;Canada;USD million;1996-Q2;-29,46587423;8,378078974;Quarterly;01/01/80
ZWE;Zimbabwe;CAN;Canada;USD million;1996-Q3;-111,3365879;6,499308377;Quarterly;01/01/80
ZWE;Zimbabwe;CAN;Canada;USD million;1996-Q4;-118,2354957;6,36657486;Quarterly;01/01/80
ZWE;Zimbabwe;CAN;Canada;USD million;1997-Q1;-68,65191767;6,779506564;Quarterly;01/01/80
ZWE;Zimbabwe;CAN;Canada;USD million;1997-Q2;-30,72369324;8,077793891;Quarterly;01/01/80
ZWE;Zimbabwe;CAN;Canada;USD million;1997-Q3;-57,26134103;6,756233216;Quarterly;01/01/80
ZWE;Zimbabwe;CAN;Canada;USD million;1997-Q4;-21,48806788;7,131046676;Quarterly;01/01/80
ZWE;Zimbabwe;CAN;Canada;USD million;1998-Q1;-54,06101921;6,965090354;Quarterly;01/01/80
ZWE;Zimbabwe;CAN;Canada;USD million;1998-Q2;-76,45153393;6,059443625;Quarterly;01/01/80
ZWE;Zimbabwe;CAN;Canada;USD million;1998-Q3;-39,46502484;7,187031177;Quarterly;01/01/80
ZWE;Zimbabwe;CAN;Canada;USD million;1998-Q4;-94,82115319;6,500720341;Quarterly;01/01/80
ZWE;Zimbabwe;CAN;Canada;USD million;1999-Q1;-125,1175991;6,399832363;Quarterly;01/01/80
ZWE;Zimbabwe;CAN;Canada;USD million;1999-Q2;-58,81629654;5,80253923;Quarterly;01/01/80
ZWE;Zimbabwe;CAN;Canada;USD million;1999-Q3;-94,93519403;6,228082727;Quarterly;01/01/80
ZWE;Zimbabwe;CAN;Canada;USD million;1999-Q4;-110,556845;7,132654546;Quarterly;01/01/80
ZWE;Zimbabwe;CAN;Canada;USD million;2000-Q1;-103,601741;5,833769332;Quarterly;01/01/80
ZWE;Zimbabwe;CAN;Canada;USD million;2000-Q2;-30,45488498;8,281036981;Quarterly;01/01/80
ZWE;Zimbabwe;CAN;Canada;USD million;2000-Q3;-5,161182967;6,633432126;Quarterly;01/01/80
ZWE;Zimbabwe;CAN;Canada;USD million;2000-Q4;-80,91423824;7,454288632;Quarterly;01/01/80
ZWE;Zimbabwe;CAN;Canada;USD million;2001-Q1;-36,78894517;6,088364547;Quarterly;01/01/80
ZWE;Zimbabwe;CAN;Canada;USD million;2001-Q2;-43,72166989;7,10094526;Quarterly;01/01/80
ZWE;Zimbabwe;CAN;Canada;USD million;2001-Q3;-39,25695389;5,664122723;Quarterly;01/01/80
ZWE;Zimbabwe;CAN;Canada;USD million;2001-Q4;-82,01150087;7,232161875;Quarterly;01/01/80
ZWE;Zimbabwe;CAN;Canada;USD million;2002-Q1;-103,6627415;7,209657324;Quarterly;01/01/80
ZWE;Zimbabwe;CAN;Canada;USD million;2002-Q2;-37,30656001;7,864482213;Quarterly;01/01/80
ZWE;Zimbabwe;CAN;Canada;USD million;2002-Q3;-66,60867027;8,037365441;Quarterly;01/01/80
ZWE;Zimbabwe;CAN;Canada;USD million;2002-Q4;-101,9568248;7,574385076;Quarterly;01/01/80
ZWE;Zimbabwe;CAN;Canada;USD million;2003-Q1;-64,38636026;7,50246759;Quarterly;01/01/80
ZWE;Zimbabwe;CAN;Canada;USD million;2003-Q2;-54,93919403;7,313758547;Quarterly;01/01/80
ZWE;Zimbabwe;CAN;Canada;USD million;2003-Q3;-87,95742821;7,001863811;Quarterly;01/01/80
ZWE;Zimbabwe;CAN;Canada;USD million;2003-Q4;-24,56669416;6,448469047;Quarterly;01/01/80
ZWE;Zimbabwe;CAN;Canada;USD million;2004-Q1;-68,6202125;7,075626417;Quarterly;01/01/80
ZWE;Zimbabwe;CAN;Canada;USD million;2004-Q2;-24,81390795;7,433742541;Quarterly;01/01/80
ZWE;Zimbabwe;CAN;Canada;USD million;2004-Q3;-125,3743537;8,197890413;Quarterly;01/01/80
ZWE;Zimbabwe;CAN;Canada;USD million;2004-Q4;-59,40690655;7,937111495;Quarterly;01/01/80
ZWE;Zimbabwe;CAN;Canada;USD million;2005-Q1;-38,43823926;5,116557205;Quarterly;01/01/80
ZWE;Zimbabwe;CAN;Canada;USD million;2005-Q2;-31,34046289;7,413142301;Quarterly;01/01/80
ZWE;Zimbabwe;CAN;Canada;USD million;2005-Q3;-108,7351757;8,015662961;Quarterly;01/01/80
ZWE;Zimbabwe;CAN;Canada;USD million;2005-Q4;-48,79718592;7,375428696;Quarterly;01/01/80
ZWE;Zimbabwe;CAN;Canada;USD million;2006-Q1;-73,29803184;7,641498543;Quarterly;01/01/80
ZWE;Zimbabwe;CAN;Canada;USD million;2006-Q2;-9,893957507;7,509639261;Quarterly;01/01/80
ZWE;Zimbabwe;CAN;Canada;USD million;2006-Q3;-35,18548693;6,048988475;Quarterly;01/01/80
ZWE;Zimbabwe;CAN;Canada;USD million;2006-Q4;-22,22382253;7,389493823;Quarterly;01/01/80
ZWE;Zimbabwe;CAN;Canada;USD million;2007-Q1;-47,93038084;6,967954683;Quarterly;01/01/80
ZWE;Zimbabwe;CAN;Canada;USD million;2007-Q2;-68,49370216;6,722727353;Quarterly;01/01/80
ZWE;Zimbabwe;CAN;Canada;USD million;2007-Q3;-91,71400431;6,539158836;Quarterly;01/01/80
ZWE;Zimbabwe;CAN;Canada;USD million;2007-Q4;-45,35065455;7,747772177;Quarterly;01/01/80
ZWE;Zimbabwe;CAN;Canada;USD million;2008-Q1;-71,77539774;7,559192284;Quarterly;01/01/80
ZWE;Zimbabwe;CAN;Canada;USD million;2008-Q2;-79,52089679;6,607489116;Quarterly;01/01/80
ZWE;Zimbabwe;CAN;Canada;USD million;2008-Q3;-46,13055152;7,340884079;Quarterly;01/01/80
ZWE;Zimbabwe;CAN;Canada;USD million;2008-Q4;-54,09066122;6,864387932;Quarterly;01/01/80
ZWE;Zimbabwe;CAN;Canada;USD million;2009-Q1;-45,52240776;8,70428302;Quarterly;01/01/80
ZWE;Zimbabwe;CAN;Canada;USD million;2009-Q2;-49,49615158;6,963447807;Quarterly;01/01/80
ZWE;Zimbabwe;CAN;Canada;USD million;2009-Q3;-4,824058473;8,121727686;Quarterly;01/01/80
ZWE;Zimbabwe;CAN;Canada;USD million;2009-Q4;-13,29053971;7,014397513;Quarterly;01/01/80
ZWE;Zimbabwe;CAN;Canada;USD million;2010-Q1;-46,821708;7,101057393;Quarterly;01/01/80
ZWE;Zimbabwe;CAN;Canada;USD million;2010-Q2;-45,81317361;6,876703091;Quarterly;01/01/80
ZWE;Zimbabwe;CAN;Canada;USD million;2010-Q3;-152,6680621;7,691982635;Quarterly;01/01/80
ZWE;Zimbabwe;CAN;Canada;USD million;2010-Q4;-105,4128112;6,708837893;Quarterly;01/01/80
ZWE;Zimbabwe;CAN;Canada;USD million;2011-Q1;-59,29797684;10,3185122;Quarterly;01/01/80
ZWE;Zimbabwe;CAN;Canada;USD million;2011-Q2;-49,91849507;7,229989254;Quarterly;01/01/80
ZWE;Zimbabwe;CAN;Canada;USD million;2011-Q3;-78,9943576;7,676814477;Quarterly;01/01/80
ZWE;Zimbabwe;CAN;Canada;USD million;2011-Q4;-22,53045811;6,648932803;Quarterly;01/01/80
ZWE;Zimbabwe;CAN;Canada;USD million;2012-Q1;-24,64100546;8,422299465;Quarterly;01/01/80
ZWE;Zimbabwe;CAN;Canada;USD million;2012-Q2;-68,37615209;8,925454844;Quarterly;01/01/80
ZWE;Zimbabwe;CAN;Canada;USD million;2012-Q3;-70,71294901;8,884140272;Quarterly;01/01/80
ZWE;Zimbabwe;CAN;Canada;USD million;2012-Q4;-60,14420061;9,45001431;Quarterly;01/01/80
ZWE;Zimbabwe;CAN;Canada;USD million;2013-Q1;10,78982058;9,616861121;Quarterly;01/01/80
ZWE;Zimbabwe;CAN;Canada;USD million;2013-Q2;-97,37689571;8,543770381;Quarterly;01/01/80
ZWE;Zimbabwe;CAN;Canada;USD million;2013-Q3;-68,34717243;6,312798243;Quarterly;01/01/80
ZWE;Zimbabwe;CAN;Canada;USD million;2013-Q4;-23,623513;7,482290756;Quarterly;01/01/80
ZWE;Zimbabwe;CAN;Canada;USD million;2014-Q1;-57,9419332;9,498394326;Quarterly;01/01/80
ZWE;Zimbabwe;CAN;Canada;USD million;2014-Q2;-69,17271883;7,04719535;Quarterly;01/01/80
ZWE;Zimbabwe;CAN;Canada;USD million;2014-Q3;-30,68926958;7,431772957;Quarterly;01/01/80
ZWE;Zimbabwe;CAN;Canada;USD million;2014-Q4;-60,70635125;9,833654634;Quarterly;01/01/80
ZWE;Zimbabwe;CAN;Canada;USD million;2015-Q1;-48,01647756;8,290684057;Quarterly;01/01/80
ZWE;Zimbabwe;CAN;Canada;USD million;2015-Q2;-80,03532965;8,141589075;Quarterly;01/01/80
ZWE;Zimbabwe;CAN;Canada;USD million;2015-Q3;-65,66617026;9,01027333;Quarterly;01/01/80
ZWE;Zimbabwe;CAN;Canada;USD million;2015-Q4;-83,4833968;9,737970759;Quarterly;01/01/80
ZWE;Zimbabwe;CAN;Canada;USD million;2016-Q1;-97,66201762;8,991101176;Quarterly;01/01/80
ZWE;Zimbabwe;CAN;Canada;USD million;2016-Q2;-104,8380272;9,331946347;Quarterly;01/01/80
ZWE;Zimbabwe;CAN;Canada;USD million;2016-Q3;-58,61474723;8,768067042;Quarterly;01/01/80
ZWE;Zimbabwe;CAN;Canada;USD million;2016-Q4;-62,48989961;9,779633955;Quarterly;01/01/80
ZWE;Zimbabwe;CAN;Canada;USD million;2017-Q1;-45,1356574;9,698041137;Quarterly;01/01/80
ZWE;Zimbabwe;CAN;Canada;USD million;2017-Q2;-67,03653625;11,5390698;Quarterly;01/01/80
ZWE;Zimbabwe;CAN;Canada;USD million;2017-Q3;-5,744104715;9,195028964;Quarterly;01/01/80
ZWE;Zimbabwe;CAN;Canada;USD million;2017-Q4;-34,25274605;8,668533143;Quarterly;01/01/80
ZWE;Zimbabwe;CAN;Canada;USD million;2018-Q1;-78,25810188;8,730015032;Quarterly;01/01/80
ZWE;Zimbabwe;CAN;Canada;USD million;2018-Q2;-113,4358981;8,819732069;Quarterly;01/01/80
ZWE;Zimbabwe;CAN;Canada;USD million;2018-Q3;-55,02544378;8,48323923;Quarterly;01/01/80
ZWE;Zimbabwe;CAN;Canada;USD million;2018-Q4;-41,5251306;8,502706627;Quarterly;01/01/80
ZWE;Zimbabwe;CAN;Canada;USD million;2019-Q1;-73,33490583;8,427732536;Quarterly;01/01/80
ZWE;Zimbabwe;CAN;Canada;USD million;2019-Q2;-36,8785726;8,776318144;Quarterly;01/01/80
ZWE;Zimbabwe;CAN;Canada;USD million;2019-Q3;-57,23609474;10,05911934;Quarterly;01/01/80
ZWE;Zimbabwe;CAN;Canada;USD million;2019-Q4;-52,36939082;9,634878042;Quarterly;01/01/80
ZWE;Zimbabwe;CAN;Canada;USD million;2020-Q1;-16,00095834;8,051361098;Quarterly;01/01/80
ZWE;Zimbabwe;CAN;Canada;USD million;2020-Q2;-61,49373182;10,57511099;Quarterly;01/01/80
ZWE;Zimbabwe;CAN;Canada;USD million;2020-Q3;-180,6801527;8,55802457;Quarterly;01/01/80
ZWE;Zimbabwe;CAN;Canada;USD million;2020-Q4;-70,95397688;8,046878142;Quarterly;01/01/80
ZWE;Zimbabwe;CAN;Canada;USD million;2021-Q1;-89,20923873;8,05044653;Quarterly;01/01/80
ZWE;Zimbabwe;CAN;Canada;USD million;2021-Q2;-77,99604946;7,526714251;Quarterly;01/01/80
ZWE;Zimbabwe;CAN;Canada;USD million;2021-Q3;-33,88139986;9,920881805;Quarterly;01/01/80
ZWE;Zimbabwe;CAN;Canada;USD million;2021-Q4;-13,54153333;9,767499432;Quarterly;01/01/80
ZWE;Zimbabwe;CAN;Canada;USD million;2022-Q1;-69,50265663;9,17333771;Quarterly;01/01/80
ZWE;Zimbabwe;CAN;Canada;USD million;2022-Q2;-50,64223381;10,40140512;Quarterly;01/01/80
ZWE;Zimbabwe;CAN;Canada;USD million;2022-Q3;-45,76574359;9,864198967;Quarterly;01/01/80
ZWE;Zimbabwe;CAN;Canada;USD million;2022-Q4;-56,76993594;10,35604691;Quarterly;01/01/80
ZWE;Zimbabwe;CAN;Canada;USD million;2023-Q1;-69,70032049;9,971425248;Quarterly;01/01/80
ZWE;Zimbabwe;CAN;Canada;USD million;2023-Q2;-47,11571937;8,315767062;Quarterly;01/01/80
ZWE;Zimbabwe;CAN;Canada;USD million;2023-Q3;-55,4677206;9,791431498;Quarterly;01/01/80
ZWE;Zimbabwe;CAN;Canada;USD million;2023-Q4;-59,73097763;10,02564712;Quarterly;01/01/80
ZWE;Zimbabwe;CAN;Canada;USD million;2024-Q1;-1,065979421;10,21932716;Quarterly;01/01/80
ZWE;Zimbabwe;CAN;Canada;USD million;2024-Q2;-26,68232998;9,321940743;Quarterly;01/01/80
ZWE;Zimbabwe;CAN;Canada;USD million;2024-Q3;-8,97624595;9,371248541;Quarterly;01/01/80
ZWE;Zimbabwe;CAN;Canada;USD million;2024-Q4;-63,60810206;8,563937176;Quarterly;01/01/80
ZWE;Zimbabwe;CAN;Canada;USD million;2025-Q1;-90,20371515;8,907233056;Quarterly;01/01/80
ZWE;Zimbabwe;CAN;Canada;USD million;2025-Q2;-79,48220275;8,731606914;Quarterly;01/01/80
ZWE;Zimbabwe;CAN;Canada;USD million;2025-Q3;-75,01805003;10,78558846;Quarterly;01/01/80
ZWE;Zimbabwe;CAN;Canada;USD million;2025-Q4;-78,55685048;9,765877991;Quarterly;01/01/80
ZWE;Zimbabwe;CAN;Canada;USD million;2026-Q1;-49,94440275;11,39590221;Quarterly;01/01/80
ZWE;Zimbabwe;CAN;Canada;USD million;2026-Q2;-84,48040005;10,51813837;Quarterly;01/01/80
ZWE;Zimbabwe;CAN;Canada;USD million;2026-Q3;-79,83640435;10,61910723;Quarterly;01/01/80
ZWE;Zimbabwe;CHN;China;USD million;1980-Q1;6,261714315;11,74149329;Quarterly;01/01/80
ZWE;Zimbabwe;CHN;China;USD million;1980-Q2;-46,63430029;8,310484604;Quarterly;01/01/80
ZWE;Zimbabwe;CHN;China;USD million;1980-Q3;-42,69439133;9,899126788;Quarterly;01/01/80
ZWE;Zimbabwe;CHN;China;USD million;1980-Q4;-66,45438888;9,360924651;Quarterly;01/01/80
ZWE;Zimbabwe;CHN;China;USD million;1981-Q1;-83,29498123;9,630411952;Quarterly;01/01/80
ZWE;Zimbabwe;CHN;China;USD million;1981-Q2;-27,81674956;10,04487529;Quarterly;01/01/80
ZWE;Zimbabwe;CHN;China;USD million;1981-Q3;-101,2700411;10,17048493;Quarterly;01/01/80
ZWE;Zimbabwe;CHN;China;USD million;1981-Q4;-45,48658014;9,550949937;Quarterly;01/01/80
ZWE;Zimbabwe;CHN;China;USD million;1982-Q1;-42,39686143;10,95692338;Quarterly;01/01/80
ZWE;Zimbabwe;CHN;China;USD million;1982-Q2;-45,53448516;10,94694397;Quarterly;01/01/80
ZWE;Zimbabwe;CHN;China;USD million;1982-Q3;-56,76711011;9,325869244;Quarterly;01/01/80
ZWE;Zimbabwe;CHN;China;USD million;1982-Q4;-103,4958591;10,36293765;Quarterly;01/01/80
ZWE;Zimbabwe;CHN;China;USD million;1983-Q1;-45,80661823;12,91015445;Quarterly;01/01/80
ZWE;Zimbabwe;CHN;China;USD million;1983-Q2;-41,79164821;9,203479794;Quarterly;01/01/80
ZWE;Zimbabwe;CHN;China;USD million;1983-Q3;16,01251715;10,798137;Quarterly;01/01/80
ZWE;Zimbabwe;CHN;China;USD million;1983-Q4;-79,11311355;9,227783074;Quarterly;01/01/80
ZWE;Zimbabwe;CHN;China;USD million;1984-Q1;-78,91440321;11,12645435;Quarterly;01/01/80
ZWE;Zimbabwe;CHN;China;USD million;1984-Q2;-68,23755673;11,45135712;Quarterly;01/01/80
ZWE;Zimbabwe;CHN;China;USD million;1984-Q3;-67,24053084;9,527824099;Quarterly;01/01/80
ZWE;Zimbabwe;CHN;China;USD million;1984-Q4;-81,65679164;10,95466297;Quarterly;01/01/80
ZWE;Zimbabwe;CHN;China;USD million;1985-Q1;-23,14881965;12,12256852;Quarterly;01/01/80
ZWE;Zimbabwe;CHN;China;USD million;1985-Q2;-54,14714341;11,01002974;Quarterly;01/01/80
ZWE;Zimbabwe;CHN;China;USD million;1985-Q3;-35,13225702;10,85428135;Quarterly;01/01/80
ZWE;Zimbabwe;CHN;China;USD million;1985-Q4;-107,8490529;9,615292537;Quarterly;01/01/80
ZWE;Zimbabwe;CHN;China;USD million;1986-Q1;-59,29161674;11,59252037;Quarterly;01/01/80
ZWE;Zimbabwe;CHN;China;USD million;1986-Q2;-42,50766262;12,69585512;Quarterly;01/01/80
ZWE;Zimbabwe;CHN;China;USD million;1986-Q3;-11,22201637;11,37573911;Quarterly;01/01/80
ZWE;Zimbabwe;CHN;China;USD million;1986-Q4;-20,18909227;10,62181581;Quarterly;01/01/80
ZWE;Zimbabwe;CHN;China;USD million;1987-Q1;-56,20832594;9,572727846;Quarterly;01/01/80
ZWE;Zimbabwe;CHN;China;USD million;1987-Q2;-105,3288464;12,72997486;Quarterly;01/01/80
ZWE;Zimbabwe;CHN;China;USD million;1987-Q3;-9,838560122;11,26225072;Quarterly;01/01/80
ZWE;Zimbabwe;CHN;China;USD million;1987-Q4;3,329992318;11,95447233;Quarterly;01/01/80
ZWE;Zimbabwe;CHN;China;USD million;1988-Q1;-119,5475977;11,57716087;Quarterly;01/01/80
ZWE;Zimbabwe;CHN;China;USD million;1988-Q2;-58,0465342;10,58609184;Quarterly;01/01/80
ZWE;Zimbabwe;CHN;China;USD million;1988-Q3;-56,92924726;10,48387778;Quarterly;01/01/80
ZWE;Zimbabwe;CHN;China;USD million;1988-Q4;-66,91102433;11,37671644;Quarterly;01/01/80
ZWE;Zimbabwe;CHN;China;USD million;1989-Q1;-33,94098347;10,7580329;Quarterly;01/01/80
ZWE;Zimbabwe;CHN;China;USD million;1989-Q2;-38,52131942;10,49479117;Quarterly;01/01/80
ZWE;Zimbabwe;CHN;China;USD million;1989-Q3;-109,6344173;11,17610307;Quarterly;01/01/80
ZWE;Zimbabwe;CHN;China;USD million;1989-Q4;-0,672271134;14,90866913;Quarterly;01/01/80
ZWE;Zimbabwe;CHN;China;USD million;1990-Q1;-51,47235157;11,67652462;Quarterly;01/01/80
ZWE;Zimbabwe;CHN;China;USD million;1990-Q2;-9,984343458;12,44129085;Quarterly;01/01/80
ZWE;Zimbabwe;CHN;China;USD million;1990-Q3;-46,67348128;11,5573826;Quarterly;01/01/80
ZWE;Zimbabwe;CHN;China;USD million;1990-Q4;-36,13987338;14,27354086;Quarterly;01/01/80
ZWE;Zimbabwe;CHN;China;USD million;1991-Q1;-55,52933155;13,55691161;Quarterly;01/01/80
ZWE;Zimbabwe;CHN;China;USD million;1991-Q2;-62,84944477;13,17436278;Quarterly;01/01/80
ZWE;Zimbabwe;CHN;China;USD million;1991-Q3;-31,61083338;15,8415481;Quarterly;01/01/80
ZWE;Zimbabwe;CHN;China;USD million;1991-Q4;-79,58160722;12,98816442;Quarterly;01/01/80
ZWE;Zimbabwe;CHN;China;USD million;1992-Q1;-46,75225014;13,54996004;Quarterly;01/01/80
ZWE;Zimbabwe;CHN;China;USD million;1992-Q2;-65,46811685;14,38687639;Quarterly;01/01/80
ZWE;Zimbabwe;CHN;China;USD million;1992-Q3;-45,28038438;11,51486696;Quarterly;01/01/80
ZWE;Zimbabwe;CHN;China;USD million;1992-Q4;-11,683623;10,94193085;Quarterly;01/01/80
ZWE;Zimbabwe;CHN;China;USD million;1993-Q1;-39,85967703;11,88097782;Quarterly;01/01/80
ZWE;Zimbabwe;CHN;China;USD million;1993-Q2;-67,65823002;11,55248141;Quarterly;01/01/80
ZWE;Zimbabwe;CHN;China;USD million;1993-Q3;-68,77744806;10,04459101;Quarterly;01/01/80
ZWE;Zimbabwe;CHN;China;USD million;1993-Q4;-22,19899666;11,11406765;Quarterly;01/01/80
ZWE;Zimbabwe;CHN;China;USD million;1994-Q1;-67,5562712;10,20453314;Quarterly;01/01/80
ZWE;Zimbabwe;CHN;China;USD million;1994-Q2;-72,14214831;12,75485657;Quarterly;01/01/80
ZWE;Zimbabwe;CHN;China;USD million;1994-Q3;-42,41692111;10,407346;Quarterly;01/01/80
ZWE;Zimbabwe;CHN;China;USD million;1994-Q4;-18,79115646;10,78684458;Quarterly;01/01/80
ZWE;Zimbabwe;CHN;China;USD million;1995-Q1;-47,31213103;10,88828627;Quarterly;01/01/80
ZWE;Zimbabwe;CHN;China;USD million;1995-Q2;-89,61194476;14,62072701;Quarterly;01/01/80
ZWE;Zimbabwe;CHN;China;USD million;1995-Q3;-43,49198759;11,70003079;Quarterly;01/01/80
ZWE;Zimbabwe;CHN;China;USD million;1995-Q4;-59,23765104;11,11978392;Quarterly;01/01/80
ZWE;Zimbabwe;CHN;China;USD million;1996-Q1;-49,24813015;12,62702991;Quarterly;01/01/80
ZWE;Zimbabwe;CHN;China;USD million;1996-Q2;-21,59342889;13,27494186;Quarterly;01/01/80
ZWE;Zimbabwe;CHN;China;USD million;1996-Q3;-43,6804625;13,20592079;Quarterly;01/01/80
ZWE;Zimbabwe;CHN;China;USD million;1996-Q4;-52,84417401;12,84847921;Quarterly;01/01/80
ZWE;Zimbabwe;CHN;China;USD million;1997-Q1;-76,26499419;10,91472885;Quarterly;01/01/80
ZWE;Zimbabwe;CHN;China;USD million;1997-Q2;-14,58436386;13,76384885;Quarterly;01/01/80
ZWE;Zimbabwe;CHN;China;USD million;1997-Q3;-92,89288142;10,93169201;Quarterly;01/01/80
ZWE;Zimbabwe;CHN;China;USD million;1997-Q4;-49,23130049;11,70063761;Quarterly;01/01/80
ZWE;Zimbabwe;CHN;China;USD million;1998-Q1;-59,85008881;11,23665393;Quarterly;01/01/80
ZWE;Zimbabwe;CHN;China;USD million;1998-Q2;-77,65204085;12,23652154;Quarterly;01/01/80
ZWE;Zimbabwe;CHN;China;USD million;1998-Q3;-23,3486369;10,9909247;Quarterly;01/01/80
ZWE;Zimbabwe;CHN;China;USD million;1998-Q4;-52,17103284;12,78268827;Quarterly;01/01/80
ZWE;Zimbabwe;CHN;China;USD million;1999-Q1;-38,8621125;11,08843204;Quarterly;01/01/80
ZWE;Zimbabwe;CHN;China;USD million;1999-Q2;-16,62058382;10,45945329;Quarterly;01/01/80
ZWE;Zimbabwe;CHN;China;USD million;1999-Q3;-19,16828615;13,08016133;Quarterly;01/01/80
ZWE;Zimbabwe;CHN;China;USD million;1999-Q4;-64,11363488;11,15543656;Quarterly;01/01/80
ZWE;Zimbabwe;CHN;China;USD million;2000-Q1;-73,89292994;12,87236697;Quarterly;01/01/80
ZWE;Zimbabwe;CHN;China;USD million;2000-Q2;-86,84686504;14,47605799;Quarterly;01/01/80
ZWE;Zimbabwe;CHN;China;USD million;2000-Q3;-32,20289169;12,92279183;Quarterly;01/01/80
ZWE;Zimbabwe;CHN;China;USD million;2000-Q4;-63,64732011;12,50797523;Quarterly;01/01/80
ZWE;Zimbabwe;CHN;China;USD million;2001-Q1;-49,37545734;10,74538804;Quarterly;01/01/80
ZWE;Zimbabwe;CHN;China;USD million;2001-Q2;-12,29520447;15,15686571;Quarterly;01/01/80
ZWE;Zimbabwe;CHN;China;USD million;2001-Q3;-58,61635851;11,28104136;Quarterly;01/01/80
ZWE;Zimbabwe;CHN;China;USD million;2001-Q4;-90,22819849;13,00828398;Quarterly;01/01/80
ZWE;Zimbabwe;CHN;China;USD million;2002-Q1;-12,99075871;14,27275678;Quarterly;01/01/80
ZWE;Zimbabwe;CHN;China;USD million;2002-Q2;1,576234084;13,17667809;Quarterly;01/01/80
ZWE;Zimbabwe;CHN;China;USD million;2002-Q3;-47,32671777;15,18824619;Quarterly;01/01/80
ZWE;Zimbabwe;CHN;China;USD million;2002-Q4;-34,6909805;15,38547299;Quarterly;01/01/80
ZWE;Zimbabwe;CHN;China;USD million;2003-Q1;-60,43886692;16,4049006;Quarterly;01/01/80
ZWE;Zimbabwe;CHN;China;USD million;2003-Q2;-37,39704531;12,63531444;Quarterly;01/01/80
ZWE;Zimbabwe;CHN;China;USD million;2003-Q3;-52,71558018;14,91306673;Quarterly;01/01/80
ZWE;Zimbabwe;CHN;China;USD million;2003-Q4;-59,44008773;11,11374439;Quarterly;01/01/80
ZWE;Zimbabwe;CHN;China;USD million;2004-Q1;-75,08276975;12,66566292;Quarterly;01/01/80
ZWE;Zimbabwe;CHN;China;USD million;2004-Q2;-44,83601905;13,23216852;Quarterly;01/01/80
ZWE;Zimbabwe;CHN;China;USD million;2004-Q3;-66,38786749;17,41970364;Quarterly;01/01/80
ZWE;Zimbabwe;CHN;China;USD million;2004-Q4;-10,11809936;14,56315684;Quarterly;01/01/80
ZWE;Zimbabwe;CHN;China;USD million;2005-Q1;-54,29571511;9,53889261;Quarterly;01/01/80
ZWE;Zimbabwe;CHN;China;USD million;2005-Q2;-23,97915326;14,37130572;Quarterly;01/01/80
ZWE;Zimbabwe;CHN;China;USD million;2005-Q3;-30,64014977;12,57555388;Quarterly;01/01/80
ZWE;Zimbabwe;CHN;China;USD million;2005-Q4;-59,64578961;12,83151558;Quarterly;01/01/80
ZWE;Zimbabwe;CHN;China;USD million;2006-Q1;24,3988738;15,35475054;Quarterly;01/01/80
ZWE;Zimbabwe;CHN;China;USD million;2006-Q2;-5,917859518;13,68503144;Quarterly;01/01/80
ZWE;Zimbabwe;CHN;China;USD million;2006-Q3;-58,75629855;11,98159629;Quarterly;01/01/80
ZWE;Zimbabwe;CHN;China;USD million;2006-Q4;-31,60734423;12,58693416;Quarterly;01/01/80
ZWE;Zimbabwe;CHN;China;USD million;2007-Q1;-36,06993148;12,66622419;Quarterly;01/01/80
ZWE;Zimbabwe;CHN;China;USD million;2007-Q2;-17,94645625;14,48262834;Quarterly;01/01/80
ZWE;Zimbabwe;CHN;China;USD million;2007-Q3;-40,90004622;13,55585272;Quarterly;01/01/80
ZWE;Zimbabwe;CHN;China;USD million;2007-Q4;-53,58119422;12,06461683;Quarterly;01/01/80
ZWE;Zimbabwe;CHN;China;USD million;2008-Q1;-98,16674647;11,26944329;Quarterly;01/01/80
ZWE;Zimbabwe;CHN;China;USD million;2008-Q2;-8,081009936;12,69654807;Quarterly;01/01/80
ZWE;Zimbabwe;CHN;China;USD million;2008-Q3;-77,17613459;12,94167487;Quarterly;01/01/80
ZWE;Zimbabwe;CHN;China;USD million;2008-Q4;-33,16611721;11,53914029;Quarterly;01/01/80
ZWE;Zimbabwe;CHN;China;USD million;2009-Q1;-92,05213608;13,90535627;Quarterly;01/01/80
ZWE;Zimbabwe;CHN;China;USD million;2009-Q2;-28,59428091;12,90696686;Quarterly;01/01/80
ZWE;Zimbabwe;CHN;China;USD million;2009-Q3;-3,168386117;16,34310747;Quarterly;01/01/80
ZWE;Zimbabwe;CHN;China;USD million;2009-Q4;-30,86454501;13,3352566;Quarterly;01/01/80
ZWE;Zimbabwe;CHN;China;USD million;2010-Q1;-132,2373782;13,35661368;Quarterly;01/01/80
ZWE;Zimbabwe;CHN;China;USD million;2010-Q2;-24,89038838;11,02012657;Quarterly;01/01/80
ZWE;Zimbabwe;CHN;China;USD million;2010-Q3;-80,94566545;13,64520324;Quarterly;01/01/80
ZWE;Zimbabwe;CHN;China;USD million;2010-Q4;-65,46194358;15,64616017;Quarterly;01/01/80
ZWE;Zimbabwe;CHN;China;USD million;2011-Q1;-10,71284846;17,78024029;Quarterly;01/01/80
ZWE;Zimbabwe;CHN;China;USD million;2011-Q2;-26,41954451;13,98297017;Quarterly;01/01/80
ZWE;Zimbabwe;CHN;China;USD million;2011-Q3;-61,17476878;13,83752539;Quarterly;01/01/80
ZWE;Zimbabwe;CHN;China;USD million;2011-Q4;-41,73148734;13,25602837;Quarterly;01/01/80
ZWE;Zimbabwe;CHN;China;USD million;2012-Q1;-64,55465297;14,45725484;Quarterly;01/01/80
ZWE;Zimbabwe;CHN;China;USD million;2012-Q2;-40,63500886;20,50723836;Quarterly;01/01/80
ZWE;Zimbabwe;CHN;China;USD million;2012-Q3;-82,30637496;14,73097653;Quarterly;01/01/80
ZWE;Zimbabwe;CHN;China;USD million;2012-Q4;-36,4745476;17,75035948;Quarterly;01/01/80
ZWE;Zimbabwe;CHN;China;USD million;2013-Q1;-74,85508905;19,64597242;Quarterly;01/01/80
ZWE;Zimbabwe;CHN;China;USD million;2013-Q2;-27,67276373;15,49748675;Quarterly;01/01/80
ZWE;Zimbabwe;CHN;China;USD million;2013-Q3;-45,42052055;13,25969036;Quarterly;01/01/80
ZWE;Zimbabwe;CHN;China;USD million;2013-Q4;-96,7741342;14,66405387;Quarterly;01/01/80
ZWE;Zimbabwe;CHN;China;USD million;2014-Q1;-70,88689388;17,3519386;Quarterly;01/01/80
ZWE;Zimbabwe;CHN;China;USD million;2014-Q2;-33,39173114;13,28191691;Quarterly;01/01/80
ZWE;Zimbabwe;CHN;China;USD million;2014-Q3;-77,01953006;15,31434565;Quarterly;01/01/80
ZWE;Zimbabwe;CHN;China;USD million;2014-Q4;-19,03505472;13,84889721;Quarterly;01/01/80
ZWE;Zimbabwe;CHN;China;USD million;2015-Q1;-88,90347111;14,59117418;Quarterly;01/01/80
ZWE;Zimbabwe;CHN;China;USD million;2015-Q2;-101,0440266;16,12566512;Quarterly;01/01/80
ZWE;Zimbabwe;CHN;China;USD million;2015-Q3;-73,30138729;14,63555891;Quarterly;01/01/80
ZWE;Zimbabwe;CHN;China;USD million;2015-Q4;-61,28275083;19,86119431;Quarterly;01/01/80
ZWE;Zimbabwe;CHN;China;USD million;2016-Q1;-117,1832565;17,04814678;Quarterly;01/01/80
ZWE;Zimbabwe;CHN;China;USD million;2016-Q2;-29,67632138;16,44433234;Quarterly;01/01/80
ZWE;Zimbabwe;CHN;China;USD million;2016-Q3;-41,76308913;12,80066688;Quarterly;01/01/80
ZWE;Zimbabwe;CHN;China;USD million;2016-Q4;-36,60764111;16,03873019;Quarterly;01/01/80
ZWE;Zimbabwe;CHN;China;USD million;2017-Q1;-97,38501168;16,93771157;Quarterly;01/01/80
ZWE;Zimbabwe;CHN;China;USD million;2017-Q2;-22,94421717;18,0746569;Quarterly;01/01/80
ZWE;Zimbabwe;CHN;China;USD million;2017-Q3;-73,94226439;16,23134634;Quarterly;01/01/80
ZWE;Zimbabwe;CHN;China;USD million;2017-Q4;-19,71227672;16,92203917;Quarterly;01/01/80
ZWE;Zimbabwe;CHN;China;USD million;2018-Q1;-53,77596226;14,85122299;Quarterly;01/01/80
ZWE;Zimbabwe;CHN;China;USD million;2018-Q2;-94,10172747;16,86501185;Quarterly;01/01/80
ZWE;Zimbabwe;CHN;China;USD million;2018-Q3;-79,14268868;15,70950995;Quarterly;01/01/80
ZWE;Zimbabwe;CHN;China;USD million;2018-Q4;-42,02867093;15,48146348;Quarterly;01/01/80
ZWE;Zimbabwe;CHN;China;USD million;2019-Q1;-44,60499304;16,74593381;Quarterly;01/01/80
ZWE;Zimbabwe;CHN;China;USD million;2019-Q2;-22,25638489;17,16013235;Quarterly;01/01/80
ZWE;Zimbabwe;CHN;China;USD million;2019-Q3;-69,6463782;20,58284903;Quarterly;01/01/80
ZWE;Zimbabwe;CHN;China;USD million;2019-Q4;-26,75516549;18,46305404;Quarterly;01/01/80
ZWE;Zimbabwe;CHN;China;USD million;2020-Q1;-100,6488436;15,42064623;Quarterly;01/01/80
ZWE;Zimbabwe;CHN;China;USD million;2020-Q2;-112,1313111;21,47406978;Quarterly;01/01/80
ZWE;Zimbabwe;CHN;China;USD million;2020-Q3;-75,15876382;16,31549236;Quarterly;01/01/80
ZWE;Zimbabwe;CHN;China;USD million;2020-Q4;-22,09299958;15,43116382;Quarterly;01/01/80
ZWE;Zimbabwe;CHN;China;USD million;2021-Q1;-70,76857142;16,70267597;Quarterly;01/01/80
ZWE;Zimbabwe;CHN;China;USD million;2021-Q2;-46,22559946;15,28042198;Quarterly;01/01/80
ZWE;Zimbabwe;CHN;China;USD million;2021-Q3;-68,25240239;18,10305442;Quarterly;01/01/80
ZWE;Zimbabwe;CHN;China;USD million;2021-Q4;-47,30027663;17,87577046;Quarterly;01/01/80
ZWE;Zimbabwe;CHN;China;USD million;2022-Q1;-95,77289003;18,8155371;Quarterly;01/01/80
ZWE;Zimbabwe;CHN;China;USD million;2022-Q2;-52,54614063;16,70443293;Quarterly;01/01/80
ZWE;Zimbabwe;CHN;China;USD million;2022-Q3;-84,78425469;16,59165645;Quarterly;01/01/80
ZWE;Zimbabwe;CHN;China;USD million;2022-Q4;-73,96750929;18,33046936;Quarterly;01/01/80
ZWE;Zimbabwe;CHN;China;USD million;2023-Q1;-21,61424715;18,05581659;Quarterly;01/01/80
ZWE;Zimbabwe;CHN;China;USD million;2023-Q2;-49,26404364;16,84910821;Quarterly;01/01/80
ZWE;Zimbabwe;CHN;China;USD million;2023-Q3;-106,3342968;17,30184589;Quarterly;01/01/80
ZWE;Zimbabwe;CHN;China;USD million;2023-Q4;-46,76613128;17,04093289;Quarterly;01/01/80
ZWE;Zimbabwe;CHN;China;USD million;2024-Q1;-30,95874444;15,45844625;Quarterly;01/01/80
ZWE;Zimbabwe;CHN;China;USD million;2024-Q2;-0,364820759;18,52057227;Quarterly;01/01/80
ZWE;Zimbabwe;CHN;China;USD million;2024-Q3;0,962666646;16,7853687;Quarterly;01/01/80
ZWE;Zimbabwe;CHN;China;USD million;2024-Q4;-61,35968093;15,89296861;Quarterly;01/01/80
ZWE;Zimbabwe;CHN;China;USD million;2025-Q1;-59,3387149;18,10341158;Quarterly;01/01/80
ZWE;Zimbabwe;CHN;China;USD million;2025-Q2;-58,30205043;14,78797372;Quarterly;01/01/80
ZWE;Zimbabwe;CHN;China;USD million;2025-Q3;-103,3205457;21,84420336;Quarterly;01/01/80
ZWE;Zimbabwe;CHN;China;USD million;2025-Q4;-50,58702045;19,61862381;Quarterly;01/01/80
ZWE;Zimbabwe;CHN;China;USD million;2026-Q1;-56,04226698;17,6409076;Quarterly;01/01/80
ZWE;Zimbabwe;CHN;China;USD million;2026-Q2;-58,82580266;19,33767043;Quarterly;01/01/80
ZWE;Zimbabwe;CHN;China;USD million;2026-Q3;-32,44031272;18,68600972;Quarterly;01/01/80
ZWE;Zimbabwe;GBR;United Kingdom;USD million;1980-Q1;-21,91128146;15,91729397;Quarterly;01/01/80
ZWE;Zimbabwe;GBR;United Kingdom;USD million;1980-Q2;-23,57128525;11,13783526;Quarterly;01/01/80
ZWE;Zimbabwe;GBR;United Kingdom;USD million;1980-Q3;-11,53789668;11,62960292;Quarterly;01/01/80
ZWE;Zimbabwe;GBR;United Kingdom;USD million;1980-Q4;-23,23036658;13,25889992;Quarterly;01/01/80
ZWE;Zimbabwe;GBR;United Kingdom;USD million;1981-Q1;-85,4736178;11,30928263;Quarterly;01/01/80
ZWE;Zimbabwe;GBR;United Kingdom;USD million;1981-Q2;-19,42517407;13,15206077;Quarterly;01/01/80
ZWE;Zimbabwe;GBR;United Kingdom;USD million;1981-Q3;-44,83166428;12,96614266;Quarterly;01/01/80
ZWE;Zimbabwe;GBR;United Kingdom;USD million;1981-Q4;-66,70362683;13,32328166;Quarterly;01/01/80
ZWE;Zimbabwe;GBR;United Kingdom;USD million;1982-Q1;-74,83127211;12,08761588;Quarterly;01/01/80
ZWE;Zimbabwe;GBR;United Kingdom;USD million;1982-Q2;-48,94848904;12,51842408;Quarterly;01/01/80
ZWE;Zimbabwe;GBR;United Kingdom;USD million;1982-Q3;23,69273847;12,46021246;Quarterly;01/01/80
ZWE;Zimbabwe;GBR;United Kingdom;USD million;1982-Q4;-73,99733945;13,88010923;Quarterly;01/01/80
ZWE;Zimbabwe;GBR;United Kingdom;USD million;1983-Q1;-58,35279821;12,6732923;Quarterly;01/01/80
ZWE;Zimbabwe;GBR;United Kingdom;USD million;1983-Q2;-80,03761795;11,95260834;Quarterly;01/01/80
ZWE;Zimbabwe;GBR;United Kingdom;USD million;1983-Q3;-26,13737624;13,13423273;Quarterly;01/01/80
ZWE;Zimbabwe;GBR;United Kingdom;USD million;1983-Q4;-25,86852183;13,38224136;Quarterly;01/01/80
ZWE;Zimbabwe;GBR;United Kingdom;USD million;1984-Q1;-40,50964105;11,20911338;Quarterly;01/01/80
ZWE;Zimbabwe;GBR;United Kingdom;USD million;1984-Q2;-43,38395404;11,47588643;Quarterly;01/01/80
ZWE;Zimbabwe;GBR;United Kingdom;USD million;1984-Q3;-83,37716885;12,36925296;Quarterly;01/01/80
ZWE;Zimbabwe;GBR;United Kingdom;USD million;1984-Q4;-16,73727518;14,42488517;Quarterly;01/01/80
ZWE;Zimbabwe;GBR;United Kingdom;USD million;1985-Q1;-18,92984874;13,24335835;Quarterly;01/01/80
ZWE;Zimbabwe;GBR;United Kingdom;USD million;1985-Q2;-45,84363032;12,2690658;Quarterly;01/01/80
ZWE;Zimbabwe;GBR;United Kingdom;USD million;1985-Q3;-11,5020576;12,19739462;Quarterly;01/01/80
ZWE;Zimbabwe;GBR;United Kingdom;USD million;1985-Q4;-89,65981388;11,99849075;Quarterly;01/01/80
ZWE;Zimbabwe;GBR;United Kingdom;USD million;1986-Q1;-26,12068887;14,77880886;Quarterly;01/01/80
ZWE;Zimbabwe;GBR;United Kingdom;USD million;1986-Q2;-72,63107519;13,73782939;Quarterly;01/01/80
ZWE;Zimbabwe;GBR;United Kingdom;USD million;1986-Q3;-116,8438235;14,03884876;Quarterly;01/01/80
ZWE;Zimbabwe;GBR;United Kingdom;USD million;1986-Q4;28,06098259;14,2838765;Quarterly;01/01/80
ZWE;Zimbabwe;GBR;United Kingdom;USD million;1987-Q1;-63,02494757;12,87885145;Quarterly;01/01/80
ZWE;Zimbabwe;GBR;United Kingdom;USD million;1987-Q2;-68,973604;16,73612037;Quarterly;01/01/80
ZWE;Zimbabwe;GBR;United Kingdom;USD million;1987-Q3;-4,997555981;13,3341976;Quarterly;01/01/80
ZWE;Zimbabwe;GBR;United Kingdom;USD million;1987-Q4;-14,73704734;15,41307139;Quarterly;01/01/80
ZWE;Zimbabwe;GBR;United Kingdom;USD million;1988-Q1;-106,0051273;12,54340071;Quarterly;01/01/80
ZWE;Zimbabwe;GBR;United Kingdom;USD million;1988-Q2;-52,83687813;12,3504535;Quarterly;01/01/80
ZWE;Zimbabwe;GBR;United Kingdom;USD million;1988-Q3;-24,29557216;14,7430804;Quarterly;01/01/80
ZWE;Zimbabwe;GBR;United Kingdom;USD million;1988-Q4;-38,05262939;15,17482374;Quarterly;01/01/80
ZWE;Zimbabwe;GBR;United Kingdom;USD million;1989-Q1;-90,34207722;14,8145488;Quarterly;01/01/80
ZWE;Zimbabwe;GBR;United Kingdom;USD million;1989-Q2;-49,66525941;14,05355391;Quarterly;01/01/80
ZWE;Zimbabwe;GBR;United Kingdom;USD million;1989-Q3;-58,63558744;12,17021068;Quarterly;01/01/80
ZWE;Zimbabwe;GBR;United Kingdom;USD million;1989-Q4;-55,16020155;18,07069707;Quarterly;01/01/80
ZWE;Zimbabwe;GBR;United Kingdom;USD million;1990-Q1;-73,85134565;15,09075088;Quarterly;01/01/80
ZWE;Zimbabwe;GBR;United Kingdom;USD million;1990-Q2;-85,60179325;13,62475612;Quarterly;01/01/80
ZWE;Zimbabwe;GBR;United Kingdom;USD million;1990-Q3;-107,8784216;14,35817834;Quarterly;01/01/80
ZWE;Zimbabwe;GBR;United Kingdom;USD million;1990-Q4;-44,22796614;14,87273479;Quarterly;01/01/80
ZWE;Zimbabwe;GBR;United Kingdom;USD million;1991-Q1;-42,1754378;16,52623476;Quarterly;01/01/80
ZWE;Zimbabwe;GBR;United Kingdom;USD million;1991-Q2;-62,63746167;17,49443156;Quarterly;01/01/80
ZWE;Zimbabwe;GBR;United Kingdom;USD million;1991-Q3;-37,13268544;16,41578055;Quarterly;01/01/80
ZWE;Zimbabwe;GBR;United Kingdom;USD million;1991-Q4;-38,23751694;16,41034833;Quarterly;01/01/80
ZWE;Zimbabwe;GBR;United Kingdom;USD million;1992-Q1;-34,14251806;14,97763551;Quarterly;01/01/80
ZWE;Zimbabwe;GBR;United Kingdom;USD million;1992-Q2;-54,30828543;17,41962691;Quarterly;01/01/80
ZWE;Zimbabwe;GBR;United Kingdom;USD million;1992-Q3;-54,22989406;14,21498533;Quarterly;01/01/80
ZWE;Zimbabwe;GBR;United Kingdom;USD million;1992-Q4;-49,62738542;14,06097335;Quarterly;01/01/80
ZWE;Zimbabwe;GBR;United Kingdom;USD million;1993-Q1;-87,86368208;14,30551728;Quarterly;01/01/80
ZWE;Zimbabwe;GBR;United Kingdom;USD million;1993-Q2;-51,88647916;14,01834724;Quarterly;01/01/80
ZWE;Zimbabwe;GBR;United Kingdom;USD million;1993-Q3;-76,24471138;13,31513944;Quarterly;01/01/80
ZWE;Zimbabwe;GBR;United Kingdom;USD million;1993-Q4;-17,27108299;12,98042499;Quarterly;01/01/80
ZWE;Zimbabwe;GBR;United Kingdom;USD million;1994-Q1;-48,73995658;13,78431579;Quarterly;01/01/80
ZWE;Zimbabwe;GBR;United Kingdom;USD million;1994-Q2;-79,02123561;13,71841885;Quarterly;01/01/80
ZWE;Zimbabwe;GBR;United Kingdom;USD million;1994-Q3;-63,15975445;11,84127125;Quarterly;01/01/80
ZWE;Zimbabwe;GBR;United Kingdom;USD million;1994-Q4;-59,00340534;12,85520651;Quarterly;01/01/80
ZWE;Zimbabwe;GBR;United Kingdom;USD million;1995-Q1;-82,63346881;14,29512019;Quarterly;01/01/80
ZWE;Zimbabwe;GBR;United Kingdom;USD million;1995-Q2;-91,37435428;14,23233049;Quarterly;01/01/80
ZWE;Zimbabwe;GBR;United Kingdom;USD million;1995-Q3;-43,30059262;16,69652397;Quarterly;01/01/80
ZWE;Zimbabwe;GBR;United Kingdom;USD million;1995-Q4;-69,18508812;12,29603187;Quarterly;01/01/80
ZWE;Zimbabwe;GBR;United Kingdom;USD million;1996-Q1;-66,35110283;15,30050228;Quarterly;01/01/80
ZWE;Zimbabwe;GBR;United Kingdom;USD million;1996-Q2;-51,09687007;17,57472852;Quarterly;01/01/80
ZWE;Zimbabwe;GBR;United Kingdom;USD million;1996-Q3;-118,1371382;15,4886902;Quarterly;01/01/80
ZWE;Zimbabwe;GBR;United Kingdom;USD million;1996-Q4;-63,87655812;16,51148756;Quarterly;01/01/80
ZWE;Zimbabwe;GBR;United Kingdom;USD million;1997-Q1;-59,21431096;14,18372204;Quarterly;01/01/80
ZWE;Zimbabwe;GBR;United Kingdom;USD million;1997-Q2;34,73383045;15,4240401;Quarterly;01/01/80
ZWE;Zimbabwe;GBR;United Kingdom;USD million;1997-Q3;-153,2398852;13,33491014;Quarterly;01/01/80
ZWE;Zimbabwe;GBR;United Kingdom;USD million;1997-Q4;-87,87783255;15,33752425;Quarterly;01/01/80
ZWE;Zimbabwe;GBR;United Kingdom;USD million;1998-Q1;-53,02496767;15,02508316;Quarterly;01/01/80
ZWE;Zimbabwe;GBR;United Kingdom;USD million;1998-Q2;-33,4835361;14,21687773;Quarterly;01/01/80
ZWE;Zimbabwe;GBR;United Kingdom;USD million;1998-Q3;-44,10851677;14,91162384;Quarterly;01/01/80
ZWE;Zimbabwe;GBR;United Kingdom;USD million;1998-Q4;-34,2825546;15,68382746;Quarterly;01/01/80
ZWE;Zimbabwe;GBR;United Kingdom;USD million;1999-Q1;-55,80658884;13,20793221;Quarterly;01/01/80
ZWE;Zimbabwe;GBR;United Kingdom;USD million;1999-Q2;-81,63884965;12,1922789;Quarterly;01/01/80
ZWE;Zimbabwe;GBR;United Kingdom;USD million;1999-Q3;-63,31843472;14,26772468;Quarterly;01/01/80
ZWE;Zimbabwe;GBR;United Kingdom;USD million;1999-Q4;-54,75348319;16,22545218;Quarterly;01/01/80
ZWE;Zimbabwe;GBR;United Kingdom;USD million;2000-Q1;-70,01752447;12,84403013;Quarterly;01/01/80
ZWE;Zimbabwe;GBR;United Kingdom;USD million;2000-Q2;-71,61014319;16,99136385;Quarterly;01/01/80
ZWE;Zimbabwe;GBR;United Kingdom;USD million;2000-Q3;-39,74518257;17,58854016;Quarterly;01/01/80
ZWE;Zimbabwe;GBR;United Kingdom;USD million;2000-Q4;-8,744789837;16,71132352;Quarterly;01/01/80
ZWE;Zimbabwe;GBR;United Kingdom;USD million;2001-Q1;-115,3590549;15,21554736;Quarterly;01/01/80
ZWE;Zimbabwe;GBR;United Kingdom;USD million;2001-Q2;-5,699893636;17,77095345;Quarterly;01/01/80
ZWE;Zimbabwe;GBR;United Kingdom;USD million;2001-Q3;-35,14812301;13,45256097;Quarterly;01/01/80
ZWE;Zimbabwe;GBR;United Kingdom;USD million;2001-Q4;-76,7414911;15,97041551;Quarterly;01/01/80
ZWE;Zimbabwe;GBR;United Kingdom;USD million;2002-Q1;-17,08303582;13,69074342;Quarterly;01/01/80
ZWE;Zimbabwe;GBR;United Kingdom;USD million;2002-Q2;-87,55626565;17,31124136;Quarterly;01/01/80
ZWE;Zimbabwe;GBR;United Kingdom;USD million;2002-Q3;-53,30607796;18,36314957;Quarterly;01/01/80
ZWE;Zimbabwe;GBR;United Kingdom;USD million;2002-Q4;-86,77562719;18,02013163;Quarterly;01/01/80
ZWE;Zimbabwe;GBR;United Kingdom;USD million;2003-Q1;-73,16002392;17,35004986;Quarterly;01/01/80
ZWE;Zimbabwe;GBR;United Kingdom;USD million;2003-Q2;-51,111745;13,97561261;Quarterly;01/01/80
ZWE;Zimbabwe;GBR;United Kingdom;USD million;2003-Q3;-66,07553141;17,53889663;Quarterly;01/01/80
ZWE;Zimbabwe;GBR;United Kingdom;USD million;2003-Q4;-51,49481364;15,01758508;Quarterly;01/01/80
ZWE;Zimbabwe;GBR;United Kingdom;USD million;2004-Q1;-50,15082426;15,47055206;Quarterly;01/01/80
ZWE;Zimbabwe;GBR;United Kingdom;USD million;2004-Q2;-24,17123718;16,26837795;Quarterly;01/01/80
ZWE;Zimbabwe;GBR;United Kingdom;USD million;2004-Q3;-52,29403692;17,55433662;Quarterly;01/01/80
ZWE;Zimbabwe;GBR;United Kingdom;USD million;2004-Q4;-85,84973781;19,59865507;Quarterly;01/01/80
ZWE;Zimbabwe;GBR;United Kingdom;USD million;2005-Q1;-52,93880108;12,01305365;Quarterly;01/01/80
ZWE;Zimbabwe;GBR;United Kingdom;USD million;2005-Q2;-73,27908393;18,32977705;Quarterly;01/01/80
ZWE;Zimbabwe;GBR;United Kingdom;USD million;2005-Q3;29,69321235;16,25578455;Quarterly;01/01/80
ZWE;Zimbabwe;GBR;United Kingdom;USD million;2005-Q4;-17,50110924;15,67018674;Quarterly;01/01/80
ZWE;Zimbabwe;GBR;United Kingdom;USD million;2006-Q1;-110,2491498;17,82923097;Quarterly;01/01/80
ZWE;Zimbabwe;GBR;United Kingdom;USD million;2006-Q2;-67,03052074;17,04590063;Quarterly;01/01/80
ZWE;Zimbabwe;GBR;United Kingdom;USD million;2006-Q3;-61,24628458;13,34679677;Quarterly;01/01/80
ZWE;Zimbabwe;GBR;United Kingdom;USD million;2006-Q4;-66,69138318;16,89141289;Quarterly;01/01/80
ZWE;Zimbabwe;GBR;United Kingdom;USD million;2007-Q1;-65,59328121;15,97449191;Quarterly;01/01/80
ZWE;Zimbabwe;GBR;United Kingdom;USD million;2007-Q2;-44,56245641;15,26837647;Quarterly;01/01/80
ZWE;Zimbabwe;GBR;United Kingdom;USD million;2007-Q3;-56,15818891;14,48057961;Quarterly;01/01/80
ZWE;Zimbabwe;GBR;United Kingdom;USD million;2007-Q4;-107,8669325;16,63782632;Quarterly;01/01/80
ZWE;Zimbabwe;GBR;United Kingdom;USD million;2008-Q1;-61,16116489;17,04221263;Quarterly;01/01/80
ZWE;Zimbabwe;GBR;United Kingdom;USD million;2008-Q2;44,97098998;13,89906369;Quarterly;01/01/80
ZWE;Zimbabwe;GBR;United Kingdom;USD million;2008-Q3;-81,14081341;17,70000362;Quarterly;01/01/80
ZWE;Zimbabwe;GBR;United Kingdom;USD million;2008-Q4;-49,04560197;14,07573583;Quarterly;01/01/80
ZWE;Zimbabwe;GBR;United Kingdom;USD million;2009-Q1;-108,8725466;17,71829319;Quarterly;01/01/80
ZWE;Zimbabwe;GBR;United Kingdom;USD million;2009-Q2;-76,47955498;15,9506696;Quarterly;01/01/80
ZWE;Zimbabwe;GBR;United Kingdom;USD million;2009-Q3;-8,065873563;17,08281692;Quarterly;01/01/80
ZWE;Zimbabwe;GBR;United Kingdom;USD million;2009-Q4;-108,6901798;13,93156237;Quarterly;01/01/80
ZWE;Zimbabwe;GBR;United Kingdom;USD million;2010-Q1;-29,45435838;15,89760378;Quarterly;01/01/80
ZWE;Zimbabwe;GBR;United Kingdom;USD million;2010-Q2;-43,77313761;14,67523264;Quarterly;01/01/80
ZWE;Zimbabwe;GBR;United Kingdom;USD million;2010-Q3;-109,3692384;19,37066941;Quarterly;01/01/80
ZWE;Zimbabwe;GBR;United Kingdom;USD million;2010-Q4;-87,3760523;16,89887647;Quarterly;01/01/80
ZWE;Zimbabwe;GBR;United Kingdom;USD million;2011-Q1;-42,96388929;22,43059734;Quarterly;01/01/80
ZWE;Zimbabwe;GBR;United Kingdom;USD million;2011-Q2;-82,09311257;19,41092479;Quarterly;01/01/80
ZWE;Zimbabwe;GBR;United Kingdom;USD million;2011-Q3;-67,53687879;17,98856494;Quarterly;01/01/80
ZWE;Zimbabwe;GBR;United Kingdom;USD million;2011-Q4;-41,06508352;15,95335469;Quarterly;01/01/80
ZWE;Zimbabwe;GBR;United Kingdom;USD million;2012-Q1;-96,22451513;17,90218057;Quarterly;01/01/80
ZWE;Zimbabwe;GBR;United Kingdom;USD million;2012-Q2;-22,61433532;27,92988313;Quarterly;01/01/80
ZWE;Zimbabwe;GBR;United Kingdom;USD million;2012-Q3;-18,54209894;19,24270083;Quarterly;01/01/80
ZWE;Zimbabwe;GBR;United Kingdom;USD million;2012-Q4;-90,84102369;22,50973078;Quarterly;01/01/80
ZWE;Zimbabwe;GBR;United Kingdom;USD million;2013-Q1;-30,10660716;24,50592543;Quarterly;01/01/80
ZWE;Zimbabwe;GBR;United Kingdom;USD million;2013-Q2;-56,26472896;18,16047571;Quarterly;01/01/80
ZWE;Zimbabwe;GBR;United Kingdom;USD million;2013-Q3;-24,54919997;16,76156236;Quarterly;01/01/80
ZWE;Zimbabwe;GBR;United Kingdom;USD million;2013-Q4;-73,33707071;18,56694799;Quarterly;01/01/80
ZWE;Zimbabwe;GBR;United Kingdom;USD million;2014-Q1;-101,5990502;22,68021236;Quarterly;01/01/80
ZWE;Zimbabwe;GBR;United Kingdom;USD million;2014-Q2;-42,02021535;16,00293533;Quarterly;01/01/80
ZWE;Zimbabwe;GBR;United Kingdom;USD million;2014-Q3;-74,24839895;16,78490234;Quarterly;01/01/80
ZWE;Zimbabwe;GBR;United Kingdom;USD million;2014-Q4;-105,2426263;19,52893908;Quarterly;01/01/80
ZWE;Zimbabwe;GBR;United Kingdom;USD million;2015-Q1;-49,48466725;19,62345371;Quarterly;01/01/80
ZWE;Zimbabwe;GBR;United Kingdom;USD million;2015-Q2;-9,439287645;18,95858887;Quarterly;01/01/80
ZWE;Zimbabwe;GBR;United Kingdom;USD million;2015-Q3;-84,37552127;20,24331764;Quarterly;01/01/80
ZWE;Zimbabwe;GBR;United Kingdom;USD million;2015-Q4;-94,74288027;22,85311989;Quarterly;01/01/80
ZWE;Zimbabwe;GBR;United Kingdom;USD million;2016-Q1;-72,83648366;22,43062437;Quarterly;01/01/80
ZWE;Zimbabwe;GBR;United Kingdom;USD million;2016-Q2;-65,32080994;22,15118386;Quarterly;01/01/80
ZWE;Zimbabwe;GBR;United Kingdom;USD million;2016-Q3;-69,31971224;18,40779866;Quarterly;01/01/80
ZWE;Zimbabwe;GBR;United Kingdom;USD million;2016-Q4;-59,39986144;20,09950287;Quarterly;01/01/80
ZWE;Zimbabwe;GBR;United Kingdom;USD million;2017-Q1;-23,30858976;22,84669457;Quarterly;01/01/80
ZWE;Zimbabwe;GBR;United Kingdom;USD million;2017-Q2;-43,77853683;21,46241846;Quarterly;01/01/80
ZWE;Zimbabwe;GBR;United Kingdom;USD million;2017-Q3;-22,65699755;19,22126261;Quarterly;01/01/80
ZWE;Zimbabwe;GBR;United Kingdom;USD million;2017-Q4;-50,0911871;21,83426311;Quarterly;01/01/80
ZWE;Zimbabwe;GBR;United Kingdom;USD million;2018-Q1;-97,34706859;19,26196756;Quarterly;01/01/80
ZWE;Zimbabwe;GBR;United Kingdom;USD million;2018-Q2;-33,17820846;19,88321577;Quarterly;01/01/80
ZWE;Zimbabwe;GBR;United Kingdom;USD million;2018-Q3;-85,54299455;19,54862602;Quarterly;01/01/80
ZWE;Zimbabwe;GBR;United Kingdom;USD million;2018-Q4;-106,5368667;18,73896113;Quarterly;01/01/80
ZWE;Zimbabwe;GBR;United Kingdom;USD million;2019-Q1;-55,75843597;20,43038537;Quarterly;01/01/80
ZWE;Zimbabwe;GBR;United Kingdom;USD million;2019-Q2;-76,09223489;18,14061229;Quarterly;01/01/80
ZWE;Zimbabwe;GBR;United Kingdom;USD million;2019-Q3;-18,96272762;25,7162609;Quarterly;01/01/80
ZWE;Zimbabwe;GBR;United Kingdom;USD million;2019-Q4;-99,35023586;21,24886462;Quarterly;01/01/80
ZWE;Zimbabwe;GBR;United Kingdom;USD million;2020-Q1;-50,86970122;22,77528258;Quarterly;01/01/80
ZWE;Zimbabwe;GBR;United Kingdom;USD million;2020-Q2;-16,32062561;25,32666828;Quarterly;01/01/80
ZWE;Zimbabwe;GBR;United Kingdom;USD million;2020-Q3;-77,86546567;21,12379143;Quarterly;01/01/80
ZWE;Zimbabwe;GBR;United Kingdom;USD million;2020-Q4;-111,7130329;20,56252029;Quarterly;01/01/80
ZWE;Zimbabwe;GBR;United Kingdom;USD million;2021-Q1;-33,93134187;18,95508021;Quarterly;01/01/80
ZWE;Zimbabwe;GBR;United Kingdom;USD million;2021-Q2;-65,75246896;18,04207571;Quarterly;01/01/80
ZWE;Zimbabwe;GBR;United Kingdom;USD million;2021-Q3;-55,68509809;20,29495375;Quarterly;01/01/80
ZWE;Zimbabwe;GBR;United Kingdom;USD million;2021-Q4;-132,1082049;20,11379829;Quarterly;01/01/80
ZWE;Zimbabwe;GBR;United Kingdom;USD million;2022-Q1;-74,56589823;23,12061699;Quarterly;01/01/80
ZWE;Zimbabwe;GBR;United Kingdom;USD million;2022-Q2;-85,17447962;24,81384595;Quarterly;01/01/80
ZWE;Zimbabwe;GBR;United Kingdom;USD million;2022-Q3;6,240343448;23,13292507;Quarterly;01/01/80
ZWE;Zimbabwe;GBR;United Kingdom;USD million;2022-Q4;-23,94719103;22,37232262;Quarterly;01/01/80
ZWE;Zimbabwe;GBR;United Kingdom;USD million;2023-Q1;-34,9751799;22,83025222;Quarterly;01/01/80
ZWE;Zimbabwe;GBR;United Kingdom;USD million;2023-Q2;-97,30176818;20,8773847;Quarterly;01/01/80
ZWE;Zimbabwe;GBR;United Kingdom;USD million;2023-Q3;-9,345531719;22,00147;Quarterly;01/01/80
ZWE;Zimbabwe;GBR;United Kingdom;USD million;2023-Q4;-115,2024327;20,89292472;Quarterly;01/01/80
ZWE;Zimbabwe;GBR;United Kingdom;USD million;2024-Q1;-75,17708068;20,2572047;Quarterly;01/01/80
ZWE;Zimbabwe;GBR;United Kingdom;USD million;2024-Q2;-74,68195667;21,78143002;Quarterly;01/01/80
ZWE;Zimbabwe;GBR;United Kingdom;USD million;2024-Q3;-60,95226426;22,54811239;Quarterly;01/01/80
ZWE;Zimbabwe;GBR;United Kingdom;USD million;2024-Q4;-55,92259885;19,07775739;Quarterly;01/01/80
ZWE;Zimbabwe;GBR;United Kingdom;USD million;2025-Q1;-89,22029893;19,90950576;Quarterly;01/01/80
ZWE;Zimbabwe;GBR;United Kingdom;USD million;2025-Q2;-7,218335851;18,56746147;Quarterly;01/01/80
ZWE;Zimbabwe;GBR;United Kingdom;USD million;2025-Q3;-100,9302053;26,94703068;Quarterly;01/01/80
ZWE;Zimbabwe;GBR;United Kingdom;USD million;2025-Q4;-51,72635467;22,68664813;Quarterly;01/01/80
ZWE;Zimbabwe;GBR;United Kingdom;USD million;2026-Q1;-26,29114676;24,76376437;Quarterly;01/01/80
ZWE;Zimbabwe;GBR;United Kingdom;USD million;2026-Q2;-88,26429876;21,07924152;Quarterly;01/01/80
ZWE;Zimbabwe;GBR;United Kingdom;USD million;2026-Q3;-63,88376568;21,97229792;Quarterly;01/01/80
ZWE;Zimbabwe;MOZ;Mozambique;USD million;1980-Q1;-32,09649323;15,00402651;Quarterly;01/01/80
ZWE;Zimbabwe;MOZ;Mozambique;USD million;1980-Q2;-38,32723001;10,76104358;Quarterly;01/01/80
ZWE;Zimbabwe;MOZ;Mozambique;USD million;1980-Q3;-81,03994683;10,48392694;Quarterly;01/01/80
ZWE;Zimbabwe;MOZ;Mozambique;USD million;1980-Q4;-67,8608579;12,5510568;Quarterly;01/01/80
ZWE;Zimbabwe;MOZ;Mozambique;USD million;1981-Q1;-75,27994629;9,930534099;Quarterly;01/01/80
ZWE;Zimbabwe;MOZ;Mozambique;USD million;1981-Q2;-37,24519534;13,99256121;Quarterly;01/01/80
ZWE;Zimbabwe;MOZ;Mozambique;USD million;1981-Q3;-66,83424277;12,41168124;Quarterly;01/01/80
ZWE;Zimbabwe;MOZ;Mozambique;USD million;1981-Q4;-62,07112056;11,71362431;Quarterly;01/01/80
ZWE;Zimbabwe;MOZ;Mozambique;USD million;1982-Q1;7,820452886;10,67258318;Quarterly;01/01/80
ZWE;Zimbabwe;MOZ;Mozambique;USD million;1982-Q2;-98,3433752;12,19502553;Quarterly;01/01/80
ZWE;Zimbabwe;MOZ;Mozambique;USD million;1982-Q3;-96,89967711;10,05156259;Quarterly;01/01/80
ZWE;Zimbabwe;MOZ;Mozambique;USD million;1982-Q4;-45,30755985;11,08968432;Quarterly;01/01/80
ZWE;Zimbabwe;MOZ;Mozambique;USD million;1983-Q1;-52,79998414;12,69634635;Quarterly;01/01/80
ZWE;Zimbabwe;MOZ;Mozambique;USD million;1983-Q2;-37,88445904;11,55913014;Quarterly;01/01/80
ZWE;Zimbabwe;MOZ;Mozambique;USD million;1983-Q3;27,04147721;14,24492227;Quarterly;01/01/80
ZWE;Zimbabwe;MOZ;Mozambique;USD million;1983-Q4;-123,9643372;11,94455542;Quarterly;01/01/80
ZWE;Zimbabwe;MOZ;Mozambique;USD million;1984-Q1;-39,60614459;11,90107482;Quarterly;01/01/80
ZWE;Zimbabwe;MOZ;Mozambique;USD million;1984-Q2;-43,41547938;10,56114333;Quarterly;01/01/80
ZWE;Zimbabwe;MOZ;Mozambique;USD million;1984-Q3;-45,64675693;11,41470625;Quarterly;01/01/80
ZWE;Zimbabwe;MOZ;Mozambique;USD million;1984-Q4;-28,24646861;13,54004059;Quarterly;01/01/80
ZWE;Zimbabwe;MOZ;Mozambique;USD million;1985-Q1;-118,7164691;13,17737512;Quarterly;01/01/80
ZWE;Zimbabwe;MOZ;Mozambique;USD million;1985-Q2;-52,45175982;12,1744198;Quarterly;01/01/80
ZWE;Zimbabwe;MOZ;Mozambique;USD million;1985-Q3;-27,4927288;13,42415856;Quarterly;01/01/80
ZWE;Zimbabwe;MOZ;Mozambique;USD million;1985-Q4;-91,23237684;11,78175951;Quarterly;01/01/80
ZWE;Zimbabwe;MOZ;Mozambique;USD million;1986-Q1;-113,8089291;14,40876558;Quarterly;01/01/80
ZWE;Zimbabwe;MOZ;Mozambique;USD million;1986-Q2;-99,16435601;11,52651483;Quarterly;01/01/80
ZWE;Zimbabwe;MOZ;Mozambique;USD million;1986-Q3;-71,09317896;13,46279814;Quarterly;01/01/80
ZWE;Zimbabwe;MOZ;Mozambique;USD million;1986-Q4;-69,05963104;13,43255915;Quarterly;01/01/80
ZWE;Zimbabwe;MOZ;Mozambique;USD million;1987-Q1;-59,44762211;13,81103916;Quarterly;01/01/80
ZWE;Zimbabwe;MOZ;Mozambique;USD million;1987-Q2;-105,6981426;16,62293274;Quarterly;01/01/80
ZWE;Zimbabwe;MOZ;Mozambique;USD million;1987-Q3;12,25253802;11,17901855;Quarterly;01/01/80
ZWE;Zimbabwe;MOZ;Mozambique;USD million;1987-Q4;-58,25292927;14,20882053;Quarterly;01/01/80
ZWE;Zimbabwe;MOZ;Mozambique;USD million;1988-Q1;-30,5075104;12,16362239;Quarterly;01/01/80
ZWE;Zimbabwe;MOZ;Mozambique;USD million;1988-Q2;-59,40808192;11,40566869;Quarterly;01/01/80
ZWE;Zimbabwe;MOZ;Mozambique;USD million;1988-Q3;-18,9649884;13,26161342;Quarterly;01/01/80
ZWE;Zimbabwe;MOZ;Mozambique;USD million;1988-Q4;-42,69942937;14,31026702;Quarterly;01/01/80
ZWE;Zimbabwe;MOZ;Mozambique;USD million;1989-Q1;-70,26508722;12,49925341;Quarterly;01/01/80
ZWE;Zimbabwe;MOZ;Mozambique;USD million;1989-Q2;-81,50269183;14,34271406;Quarterly;01/01/80
ZWE;Zimbabwe;MOZ;Mozambique;USD million;1989-Q3;-70,85995772;11,2508087;Quarterly;01/01/80
ZWE;Zimbabwe;MOZ;Mozambique;USD million;1989-Q4;-62,33538155;15,58027938;Quarterly;01/01/80
ZWE;Zimbabwe;MOZ;Mozambique;USD million;1990-Q1;-14,96439953;17,77105341;Quarterly;01/01/80
ZWE;Zimbabwe;MOZ;Mozambique;USD million;1990-Q2;-116,7972709;13,74599296;Quarterly;01/01/80
ZWE;Zimbabwe;MOZ;Mozambique;USD million;1990-Q3;-102,3387889;13,23089248;Quarterly;01/01/80
ZWE;Zimbabwe;MOZ;Mozambique;USD million;1990-Q4;-26,97199092;15,74923557;Quarterly;01/01/80
ZWE;Zimbabwe;MOZ;Mozambique;USD million;1991-Q1;-58,96638846;15,93571112;Quarterly;01/01/80
ZWE;Zimbabwe;MOZ;Mozambique;USD million;1991-Q2;-47,57886207;15,91270048;Quarterly;01/01/80
ZWE;Zimbabwe;MOZ;Mozambique;USD million;1991-Q3;-50,19860814;14,53552321;Quarterly;01/01/80
ZWE;Zimbabwe;MOZ;Mozambique;USD million;1991-Q4;-62,90752742;15,67376746;Quarterly;01/01/80
ZWE;Zimbabwe;MOZ;Mozambique;USD million;1992-Q1;-44,67671301;13,66840506;Quarterly;01/01/80
ZWE;Zimbabwe;MOZ;Mozambique;USD million;1992-Q2;-59,51422727;17,03107379;Quarterly;01/01/80
ZWE;Zimbabwe;MOZ;Mozambique;USD million;1992-Q3;-38,60730998;14,86831611;Quarterly;01/01/80
ZWE;Zimbabwe;MOZ;Mozambique;USD million;1992-Q4;-92,00815197;12,72176767;Quarterly;01/01/80
ZWE;Zimbabwe;MOZ;Mozambique;USD million;1993-Q1;-95,53206246;12,35575163;Quarterly;01/01/80
ZWE;Zimbabwe;MOZ;Mozambique;USD million;1993-Q2;-35,94724692;13,93788253;Quarterly;01/01/80
ZWE;Zimbabwe;MOZ;Mozambique;USD million;1993-Q3;-66,20563977;10,79865826;Quarterly;01/01/80
ZWE;Zimbabwe;MOZ;Mozambique;USD million;1993-Q4;-10,94741866;13,6361613;Quarterly;01/01/80
ZWE;Zimbabwe;MOZ;Mozambique;USD million;1994-Q1;-47,02113952;12,44511879;Quarterly;01/01/80
ZWE;Zimbabwe;MOZ;Mozambique;USD million;1994-Q2;-22,67247071;13,68447237;Quarterly;01/01/80
ZWE;Zimbabwe;MOZ;Mozambique;USD million;1994-Q3;-48,59940082;11,3929056;Quarterly;01/01/80
ZWE;Zimbabwe;MOZ;Mozambique;USD million;1994-Q4;-105,1852438;13,20072377;Quarterly;01/01/80
ZWE;Zimbabwe;MOZ;Mozambique;USD million;1995-Q1;-67,00073423;14,29954204;Quarterly;01/01/80
ZWE;Zimbabwe;MOZ;Mozambique;USD million;1995-Q2;-21,25109465;15,91325338;Quarterly;01/01/80
ZWE;Zimbabwe;MOZ;Mozambique;USD million;1995-Q3;-11,3627534;13,3943761;Quarterly;01/01/80
ZWE;Zimbabwe;MOZ;Mozambique;USD million;1995-Q4;-80,61701899;13,03574261;Quarterly;01/01/80
ZWE;Zimbabwe;MOZ;Mozambique;USD million;1996-Q1;-78,44129382;12,45041067;Quarterly;01/01/80
ZWE;Zimbabwe;MOZ;Mozambique;USD million;1996-Q2;-71,19270096;16,80704124;Quarterly;01/01/80
ZWE;Zimbabwe;MOZ;Mozambique;USD million;1996-Q3;-57,43126395;13,90525608;Quarterly;01/01/80
ZWE;Zimbabwe;MOZ;Mozambique;USD million;1996-Q4;-45,66816905;14,4302838;Quarterly;01/01/80
ZWE;Zimbabwe;MOZ;Mozambique;USD million;1997-Q1;-25,08436967;12,90244694;Quarterly;01/01/80
ZWE;Zimbabwe;MOZ;Mozambique;USD million;1997-Q2;-68,67255792;14,76518323;Quarterly;01/01/80
ZWE;Zimbabwe;MOZ;Mozambique;USD million;1997-Q3;-37,97638554;12,0956156;Quarterly;01/01/80
ZWE;Zimbabwe;MOZ;Mozambique;USD million;1997-Q4;-26,35144277;13,41117558;Quarterly;01/01/80
ZWE;Zimbabwe;MOZ;Mozambique;USD million;1998-Q1;-46,93547414;14,99424096;Quarterly;01/01/80
ZWE;Zimbabwe;MOZ;Mozambique;USD million;1998-Q2;-87,17751346;14,09838505;Quarterly;01/01/80
ZWE;Zimbabwe;MOZ;Mozambique;USD million;1998-Q3;-11,90749493;14,28618912;Quarterly;01/01/80
ZWE;Zimbabwe;MOZ;Mozambique;USD million;1998-Q4;-70,58742508;17,15949338;Quarterly;01/01/80
ZWE;Zimbabwe;MOZ;Mozambique;USD million;1999-Q1;-83,01684293;12,12480153;Quarterly;01/01/80
ZWE;Zimbabwe;MOZ;Mozambique;USD million;1999-Q2;-120,0019108;11,73942297;Quarterly;01/01/80
ZWE;Zimbabwe;MOZ;Mozambique;USD million;1999-Q3;-35,75841216;13,26670032;Quarterly;01/01/80
ZWE;Zimbabwe;MOZ;Mozambique;USD million;1999-Q4;-105,9144638;13,75826007;Quarterly;01/01/80
ZWE;Zimbabwe;MOZ;Mozambique;USD million;2000-Q1;-41,98139872;11,77479129;Quarterly;01/01/80
ZWE;Zimbabwe;MOZ;Mozambique;USD million;2000-Q2;-82,39838678;14,55799654;Quarterly;01/01/80
ZWE;Zimbabwe;MOZ;Mozambique;USD million;2000-Q3;-37,84135821;15,91170414;Quarterly;01/01/80
ZWE;Zimbabwe;MOZ;Mozambique;USD million;2000-Q4;-70,55145755;14,64470455;Quarterly;01/01/80
ZWE;Zimbabwe;MOZ;Mozambique;USD million;2001-Q1;-23,92784187;11,88576876;Quarterly;01/01/80
ZWE;Zimbabwe;MOZ;Mozambique;USD million;2001-Q2;-76,41864324;15,21133635;Quarterly;01/01/80
ZWE;Zimbabwe;MOZ;Mozambique;USD million;2001-Q3;15,48731881;13,82867169;Quarterly;01/01/80
ZWE;Zimbabwe;MOZ;Mozambique;USD million;2001-Q4;-64,41173552;14,92067015;Quarterly;01/01/80
ZWE;Zimbabwe;MOZ;Mozambique;USD million;2002-Q1;-67,11307052;13,57153625;Quarterly;01/01/80
ZWE;Zimbabwe;MOZ;Mozambique;USD million;2002-Q2;-87,6614539;15,1574167;Quarterly;01/01/80
ZWE;Zimbabwe;MOZ;Mozambique;USD million;2002-Q3;21,47487883;16,32815183;Quarterly;01/01/80
ZWE;Zimbabwe;MOZ;Mozambique;USD million;2002-Q4;-131,3802288;16,91341807;Quarterly;01/01/80
ZWE;Zimbabwe;MOZ;Mozambique;USD million;2003-Q1;-159,399573;16,23889752;Quarterly;01/01/80
ZWE;Zimbabwe;MOZ;Mozambique;USD million;2003-Q2;-43,70111231;14,41726763;Quarterly;01/01/80
ZWE;Zimbabwe;MOZ;Mozambique;USD million;2003-Q3;-25,72308776;16,31521046;Quarterly;01/01/80
ZWE;Zimbabwe;MOZ;Mozambique;USD million;2003-Q4;9,462225357;15,45390037;Quarterly;01/01/80
ZWE;Zimbabwe;MOZ;Mozambique;USD million;2004-Q1;-72,38815829;13,70121995;Quarterly;01/01/80
ZWE;Zimbabwe;MOZ;Mozambique;USD million;2004-Q2;-49,78898986;15,90342967;Quarterly;01/01/80
ZWE;Zimbabwe;MOZ;Mozambique;USD million;2004-Q3;-45,44982099;17,73538007;Quarterly;01/01/80
ZWE;Zimbabwe;MOZ;Mozambique;USD million;2004-Q4;-16,393767;16,61787857;Quarterly;01/01/80
ZWE;Zimbabwe;MOZ;Mozambique;USD million;2005-Q1;-105,7293548;10,45005484;Quarterly;01/01/80
ZWE;Zimbabwe;MOZ;Mozambique;USD million;2005-Q2;-38,92322501;15,70151931;Quarterly;01/01/80
ZWE;Zimbabwe;MOZ;Mozambique;USD million;2005-Q3;-74,96627821;14,5541544;Quarterly;01/01/80
ZWE;Zimbabwe;MOZ;Mozambique;USD million;2005-Q4;-78,68972404;15,53820488;Quarterly;01/01/80
ZWE;Zimbabwe;MOZ;Mozambique;USD million;2006-Q1;-64,51499041;18,29141881;Quarterly;01/01/80
ZWE;Zimbabwe;MOZ;Mozambique;USD million;2006-Q2;-47,46899406;15,89141875;Quarterly;01/01/80
ZWE;Zimbabwe;MOZ;Mozambique;USD million;2006-Q3;-39,17504156;11,9327931;Quarterly;01/01/80
ZWE;Zimbabwe;MOZ;Mozambique;USD million;2006-Q4;-57,20306748;14,65593797;Quarterly;01/01/80
ZWE;Zimbabwe;MOZ;Mozambique;USD million;2007-Q1;-6,8688539;15,38946157;Quarterly;01/01/80
ZWE;Zimbabwe;MOZ;Mozambique;USD million;2007-Q2;-61,87099364;15,09163743;Quarterly;01/01/80
ZWE;Zimbabwe;MOZ;Mozambique;USD million;2007-Q3;-70,09771167;17,37357755;Quarterly;01/01/80
ZWE;Zimbabwe;MOZ;Mozambique;USD million;2007-Q4;-42,20590882;16,28615789;Quarterly;01/01/80
ZWE;Zimbabwe;MOZ;Mozambique;USD million;2008-Q1;-17,4717989;16,15853374;Quarterly;01/01/80
ZWE;Zimbabwe;MOZ;Mozambique;USD million;2008-Q2;-130,0557718;15,34989279;Quarterly;01/01/80
ZWE;Zimbabwe;MOZ;Mozambique;USD million;2008-Q3;-33,88677227;14,44786834;Quarterly;01/01/80
ZWE;Zimbabwe;MOZ;Mozambique;USD million;2008-Q4;-30,41423371;15,00002883;Quarterly;01/01/80
ZWE;Zimbabwe;MOZ;Mozambique;USD million;2009-Q1;-116,7606907;17,15598148;Quarterly;01/01/80
ZWE;Zimbabwe;MOZ;Mozambique;USD million;2009-Q2;-109,3965908;15,76677025;Quarterly;01/01/80
ZWE;Zimbabwe;MOZ;Mozambique;USD million;2009-Q3;-67,92604767;16,62287232;Quarterly;01/01/80
ZWE;Zimbabwe;MOZ;Mozambique;USD million;2009-Q4;-93,84162375;15,99871112;Quarterly;01/01/80
ZWE;Zimbabwe;MOZ;Mozambique;USD million;2010-Q1;-10,2839294;14,98989036;Quarterly;01/01/80
ZWE;Zimbabwe;MOZ;Mozambique;USD million;2010-Q2;-49,49757129;14,02453115;Quarterly;01/01/80
ZWE;Zimbabwe;MOZ;Mozambique;USD million;2010-Q3;-11,56795063;17,89205385;Quarterly;01/01/80
ZWE;Zimbabwe;MOZ;Mozambique;USD million;2010-Q4;-116,5602598;15,55970151;Quarterly;01/01/80
ZWE;Zimbabwe;MOZ;Mozambique;USD million;2011-Q1;-106,1078686;21,12078213;Quarterly;01/01/80
ZWE;Zimbabwe;MOZ;Mozambique;USD million;2011-Q2;-55,74021675;17,11710722;Quarterly;01/01/80
ZWE;Zimbabwe;MOZ;Mozambique;USD million;2011-Q3;-39,41337668;17,40248277;Quarterly;01/01/80
ZWE;Zimbabwe;MOZ;Mozambique;USD million;2011-Q4;-23,82020013;15,16737709;Quarterly;01/01/80
ZWE;Zimbabwe;MOZ;Mozambique;USD million;2012-Q1;-84,89197589;16,18033111;Quarterly;01/01/80
ZWE;Zimbabwe;MOZ;Mozambique;USD million;2012-Q2;-81,02262378;23,54192769;Quarterly;01/01/80
ZWE;Zimbabwe;MOZ;Mozambique;USD million;2012-Q3;-60,08296313;19,30197362;Quarterly;01/01/80
ZWE;Zimbabwe;MOZ;Mozambique;USD million;2012-Q4;-49,95888935;20,05114238;Quarterly;01/01/80
ZWE;Zimbabwe;MOZ;Mozambique;USD million;2013-Q1;-42,71377646;19,58110301;Quarterly;01/01/80
ZWE;Zimbabwe;MOZ;Mozambique;USD million;2013-Q2;-112,0950636;20,56048131;Quarterly;01/01/80
ZWE;Zimbabwe;MOZ;Mozambique;USD million;2013-Q3;-21,33924019;14,76828855;Quarterly;01/01/80
ZWE;Zimbabwe;MOZ;Mozambique;USD million;2013-Q4;-24,87265642;16,62683607;Quarterly;01/01/80
ZWE;Zimbabwe;MOZ;Mozambique;USD million;2014-Q1;-56,58717835;19,25692902;Quarterly;01/01/80
ZWE;Zimbabwe;MOZ;Mozambique;USD million;2014-Q2;-81,22737381;13,87788455;Quarterly;01/01/80
ZWE;Zimbabwe;MOZ;Mozambique;USD million;2014-Q3;-39,64199283;16,93754755;Quarterly;01/01/80
ZWE;Zimbabwe;MOZ;Mozambique;USD million;2014-Q4;-30,31867925;18,70391092;Quarterly;01/01/80
ZWE;Zimbabwe;MOZ;Mozambique;USD million;2015-Q1;-49,48210726;17,87570788;Quarterly;01/01/80
ZWE;Zimbabwe;MOZ;Mozambique;USD million;2015-Q2;-105,9324708;16,27832221;Quarterly;01/01/80
ZWE;Zimbabwe;MOZ;Mozambique;USD million;2015-Q3;-31,9855179;17,91456629;Quarterly;01/01/80
ZWE;Zimbabwe;MOZ;Mozambique;USD million;2015-Q4;-63,70877773;22,60830581;Quarterly;01/01/80
ZWE;Zimbabwe;MOZ;Mozambique;USD million;2016-Q1;-46,47792759;21,61708931;Quarterly;01/01/80
ZWE;Zimbabwe;MOZ;Mozambique;USD million;2016-Q2;-71,33724948;18,836942;Quarterly;01/01/80
ZWE;Zimbabwe;MOZ;Mozambique;USD million;2016-Q3;-61,33987901;14,90262288;Quarterly;01/01/80
ZWE;Zimbabwe;MOZ;Mozambique;USD million;2016-Q4;-121,3017248;20,44021229;Quarterly;01/01/80
ZWE;Zimbabwe;MOZ;Mozambique;USD million;2017-Q1;-75,82491565;21,99090454;Quarterly;01/01/80
ZWE;Zimbabwe;MOZ;Mozambique;USD million;2017-Q2;-59,56845951;22,93151046;Quarterly;01/01/80
ZWE;Zimbabwe;MOZ;Mozambique;USD million;2017-Q3;-36,58448439;17,01393334;Quarterly;01/01/80
ZWE;Zimbabwe;MOZ;Mozambique;USD million;2017-Q4;-33,191656;18,80928977;Quarterly;01/01/80
ZWE;Zimbabwe;MOZ;Mozambique;USD million;2018-Q1;-52,2187232;16,62092759;Quarterly;01/01/80
ZWE;Zimbabwe;MOZ;Mozambique;USD million;2018-Q2;-61,52634852;19,0799655;Quarterly;01/01/80
ZWE;Zimbabwe;MOZ;Mozambique;USD million;2018-Q3;-93,12709928;16,00270178;Quarterly;01/01/80
ZWE;Zimbabwe;MOZ;Mozambique;USD million;2018-Q4;-104,3593751;17,70678653;Quarterly;01/01/80
ZWE;Zimbabwe;MOZ;Mozambique;USD million;2019-Q1;-81,93982457;18,67558551;Quarterly;01/01/80
ZWE;Zimbabwe;MOZ;Mozambique;USD million;2019-Q2;-61,4858369;19,45130188;Quarterly;01/01/80
ZWE;Zimbabwe;MOZ;Mozambique;USD million;2019-Q3;3,152475003;24,89975523;Quarterly;01/01/80
ZWE;Zimbabwe;MOZ;Mozambique;USD million;2019-Q4;-106,0809911;21,6261993;Quarterly;01/01/80
ZWE;Zimbabwe;MOZ;Mozambique;USD million;2020-Q1;-85,94997163;17,80477732;Quarterly;01/01/80
ZWE;Zimbabwe;MOZ;Mozambique;USD million;2020-Q2;-84,16871198;24,51196456;Quarterly;01/01/80
ZWE;Zimbabwe;MOZ;Mozambique;USD million;2020-Q3;-129,4711565;18,09952174;Quarterly;01/01/80
ZWE;Zimbabwe;MOZ;Mozambique;USD million;2020-Q4;-99,86142516;19,84563642;Quarterly;01/01/80
ZWE;Zimbabwe;MOZ;Mozambique;USD million;2021-Q1;-126,8110721;17,65102979;Quarterly;01/01/80
ZWE;Zimbabwe;MOZ;Mozambique;USD million;2021-Q2;-90,99201919;15,40459639;Quarterly;01/01/80
ZWE;Zimbabwe;MOZ;Mozambique;USD million;2021-Q3;-46,57796733;22,82981501;Quarterly;01/01/80
ZWE;Zimbabwe;MOZ;Mozambique;USD million;2021-Q4;-58,17231465;21,19004242;Quarterly;01/01/80
ZWE;Zimbabwe;MOZ;Mozambique;USD million;2022-Q1;-36,68095008;21,14500484;Quarterly;01/01/80
ZWE;Zimbabwe;MOZ;Mozambique;USD million;2022-Q2;-91,58067732;17,97965038;Quarterly;01/01/80
ZWE;Zimbabwe;MOZ;Mozambique;USD million;2022-Q3;-62,52548564;22,41225317;Quarterly;01/01/80
ZWE;Zimbabwe;MOZ;Mozambique;USD million;2022-Q4;-28,6011052;25,45908555;Quarterly;01/01/80
ZWE;Zimbabwe;MOZ;Mozambique;USD million;2023-Q1;-51,26938615;21,79979187;Quarterly;01/01/80
ZWE;Zimbabwe;MOZ;Mozambique;USD million;2023-Q2;-64,55007721;17,22954633;Quarterly;01/01/80
ZWE;Zimbabwe;MOZ;Mozambique;USD million;2023-Q3;-41,72620427;21,68028956;Quarterly;01/01/80
ZWE;Zimbabwe;MOZ;Mozambique;USD million;2023-Q4;-71,06371117;23,23496327;Quarterly;01/01/80
ZWE;Zimbabwe;MOZ;Mozambique;USD million;2024-Q1;-21,65291914;21,51793143;Quarterly;01/01/80
ZWE;Zimbabwe;MOZ;Mozambique;USD million;2024-Q2;-53,37446752;21,11359719;Quarterly;01/01/80
ZWE;Zimbabwe;MOZ;Mozambique;USD million;2024-Q3;-49,91413842;22,01689583;Quarterly;01/01/80
ZWE;Zimbabwe;MOZ;Mozambique;USD million;2024-Q4;-61,06820763;18,97182777;Quarterly;01/01/80
ZWE;Zimbabwe;MOZ;Mozambique;USD million;2025-Q1;-23,59169318;20,33911824;Quarterly;01/01/80
ZWE;Zimbabwe;MOZ;Mozambique;USD million;2025-Q2;-73,60653344;17,13117981;Quarterly;01/01/80
ZWE;Zimbabwe;MOZ;Mozambique;USD million;2025-Q3;-89,52890393;21,96378135;Quarterly;01/01/80
ZWE;Zimbabwe;MOZ;Mozambique;USD million;2025-Q4;-8,905916059;20,76039378;Quarterly;01/01/80
ZWE;Zimbabwe;MOZ;Mozambique;USD million;2026-Q1;-89,71409766;23,64913798;Quarterly;01/01/80
ZWE;Zimbabwe;MOZ;Mozambique;USD million;2026-Q2;-101,0195932;23,11698327;Quarterly;01/01/80
ZWE;Zimbabwe;MOZ;Mozambique;USD million;2026-Q3;-47,10734882;20,03769745;Quarterly;01/01/80
ZWE;Zimbabwe;MWI;Malawi;USD million;1980-Q1;-95,31472718;5,544147467;Quarterly;01/01/80
ZWE;Zimbabwe;MWI;Malawi;USD million;1980-Q2;-73,42119868;4,092314269;Quarterly;01/01/80
ZWE;Zimbabwe;MWI;Malawi;USD million;1980-Q3;-109,2996147;4,816693863;Quarterly;01/01/80
ZWE;Zimbabwe;MWI;Malawi;USD million;1980-Q4;-46,3243854;4,410696011;Quarterly;01/01/80
ZWE;Zimbabwe;MWI;Malawi;USD million;1981-Q1;-65,33007655;4,04871832;Quarterly;01/01/80
ZWE;Zimbabwe;MWI;Malawi;USD million;1981-Q2;-49,9135512;4,997292276;Quarterly;01/01/80
ZWE;Zimbabwe;MWI;Malawi;USD million;1981-Q3;-80,77066929;5,069164966;Quarterly;01/01/80
ZWE;Zimbabwe;MWI;Malawi;USD million;1981-Q4;19,26763315;5,272410394;Quarterly;01/01/80
ZWE;Zimbabwe;MWI;Malawi;USD million;1982-Q1;-62,25862285;4,247538561;Quarterly;01/01/80
ZWE;Zimbabwe;MWI;Malawi;USD million;1982-Q2;-77,01161254;4,746558543;Quarterly;01/01/80
ZWE;Zimbabwe;MWI;Malawi;USD million;1982-Q3;-65,5972162;4,046818192;Quarterly;01/01/80
ZWE;Zimbabwe;MWI;Malawi;USD million;1982-Q4;-23,49000316;4,256298967;Quarterly;01/01/80
ZWE;Zimbabwe;MWI;Malawi;USD million;1983-Q1;-50,28259821;4,939319001;Quarterly;01/01/80
ZWE;Zimbabwe;MWI;Malawi;USD million;1983-Q2;-78,86371946;5,032182689;Quarterly;01/01/80
ZWE;Zimbabwe;MWI;Malawi;USD million;1983-Q3;4,46654394;5,845109254;Quarterly;01/01/80
ZWE;Zimbabwe;MWI;Malawi;USD million;1983-Q4;-52,37677912;4,362284344;Quarterly;01/01/80
ZWE;Zimbabwe;MWI;Malawi;USD million;1984-Q1;-63,84809199;4,658051492;Quarterly;01/01/80
ZWE;Zimbabwe;MWI;Malawi;USD million;1984-Q2;-23,71752952;4,302629133;Quarterly;01/01/80
ZWE;Zimbabwe;MWI;Malawi;USD million;1984-Q3;-14,81576578;4,993401068;Quarterly;01/01/80
ZWE;Zimbabwe;MWI;Malawi;USD million;1984-Q4;-45,8329794;4,405609342;Quarterly;01/01/80
ZWE;Zimbabwe;MWI;Malawi;USD million;1985-Q1;-50,62381705;5,294776867;Quarterly;01/01/80
ZWE;Zimbabwe;MWI;Malawi;USD million;1985-Q2;-93,56932573;4,840767723;Quarterly;01/01/80
ZWE;Zimbabwe;MWI;Malawi;USD million;1985-Q3;-79,07421972;4,99666416;Quarterly;01/01/80
ZWE;Zimbabwe;MWI;Malawi;USD million;1985-Q4;-34,31830931;4,681542392;Quarterly;01/01/80
ZWE;Zimbabwe;MWI;Malawi;USD million;1986-Q1;-32,40381024;4,532839363;Quarterly;01/01/80
ZWE;Zimbabwe;MWI;Malawi;USD million;1986-Q2;-50,93827991;4,336737884;Quarterly;01/01/80
ZWE;Zimbabwe;MWI;Malawi;USD million;1986-Q3;-52,67534465;5,26097356;Quarterly;01/01/80
ZWE;Zimbabwe;MWI;Malawi;USD million;1986-Q4;-73,9290909;5,05401346;Quarterly;01/01/80
ZWE;Zimbabwe;MWI;Malawi;USD million;1987-Q1;-130,7718182;4,895471623;Quarterly;01/01/80
ZWE;Zimbabwe;MWI;Malawi;USD million;1987-Q2;-40,62964521;6,258995096;Quarterly;01/01/80
ZWE;Zimbabwe;MWI;Malawi;USD million;1987-Q3;-149,143218;4,58020824;Quarterly;01/01/80
ZWE;Zimbabwe;MWI;Malawi;USD million;1987-Q4;-4,687132003;4,720483134;Quarterly;01/01/80
ZWE;Zimbabwe;MWI;Malawi;USD million;1988-Q1;-23,98264689;4,413828806;Quarterly;01/01/80
ZWE;Zimbabwe;MWI;Malawi;USD million;1988-Q2;-29,73331147;4,751460352;Quarterly;01/01/80
ZWE;Zimbabwe;MWI;Malawi;USD million;1988-Q3;-10,97647875;4,618964866;Quarterly;01/01/80
ZWE;Zimbabwe;MWI;Malawi;USD million;1988-Q4;-58,92849134;5,834888162;Quarterly;01/01/80
ZWE;Zimbabwe;MWI;Malawi;USD million;1989-Q1;-73,59572828;4,823229113;Quarterly;01/01/80
ZWE;Zimbabwe;MWI;Malawi;USD million;1989-Q2;-73,9968628;5,367058387;Quarterly;01/01/80
ZWE;Zimbabwe;MWI;Malawi;USD million;1989-Q3;-68,82882201;4,509003382;Quarterly;01/01/80
ZWE;Zimbabwe;MWI;Malawi;USD million;1989-Q4;-43,20223992;6,421303751;Quarterly;01/01/80
ZWE;Zimbabwe;MWI;Malawi;USD million;1990-Q1;-78,93486241;6,655526705;Quarterly;01/01/80
ZWE;Zimbabwe;MWI;Malawi;USD million;1990-Q2;-65,15003535;4,742234399;Quarterly;01/01/80
ZWE;Zimbabwe;MWI;Malawi;USD million;1990-Q3;-42,57851837;5,126858513;Quarterly;01/01/80
ZWE;Zimbabwe;MWI;Malawi;USD million;1990-Q4;-47,60135838;5,828223371;Quarterly;01/01/80
ZWE;Zimbabwe;MWI;Malawi;USD million;1991-Q1;-94,3007748;5,785876897;Quarterly;01/01/80
ZWE;Zimbabwe;MWI;Malawi;USD million;1991-Q2;1,550351673;5,943044287;Quarterly;01/01/80
ZWE;Zimbabwe;MWI;Malawi;USD million;1991-Q3;-91,44716146;5,77384472;Quarterly;01/01/80
ZWE;Zimbabwe;MWI;Malawi;USD million;1991-Q4;-108,1562263;5,206357061;Quarterly;01/01/80
ZWE;Zimbabwe;MWI;Malawi;USD million;1992-Q1;-51,56146131;5,56347897;Quarterly;01/01/80
ZWE;Zimbabwe;MWI;Malawi;USD million;1992-Q2;-11,91086275;5,950803031;Quarterly;01/01/80
ZWE;Zimbabwe;MWI;Malawi;USD million;1992-Q3;-63,59017765;4,950768906;Quarterly;01/01/80
ZWE;Zimbabwe;MWI;Malawi;USD million;1992-Q4;-78,87258825;5,186255499;Quarterly;01/01/80
ZWE;Zimbabwe;MWI;Malawi;USD million;1993-Q1;-122,5512413;5,35821055;Quarterly;01/01/80
ZWE;Zimbabwe;MWI;Malawi;USD million;1993-Q2;-31,39833266;5,846769797;Quarterly;01/01/80
ZWE;Zimbabwe;MWI;Malawi;USD million;1993-Q3;-22,68877345;4,361825992;Quarterly;01/01/80
ZWE;Zimbabwe;MWI;Malawi;USD million;1993-Q4;-66,01370414;4,425399262;Quarterly;01/01/80
ZWE;Zimbabwe;MWI;Malawi;USD million;1994-Q1;-123,6159273;4,393276831;Quarterly;01/01/80
ZWE;Zimbabwe;MWI;Malawi;USD million;1994-Q2;-5,405199918;6,071491564;Quarterly;01/01/80
ZWE;Zimbabwe;MWI;Malawi;USD million;1994-Q3;1,134771694;5,094838827;Quarterly;01/01/80
ZWE;Zimbabwe;MWI;Malawi;USD million;1994-Q4;-97,9900031;5,282350154;Quarterly;01/01/80
ZWE;Zimbabwe;MWI;Malawi;USD million;1995-Q1;-22,76491888;5,40207939;Quarterly;01/01/80
ZWE;Zimbabwe;MWI;Malawi;USD million;1995-Q2;-77,27167514;5,924004831;Quarterly;01/01/80
ZWE;Zimbabwe;MWI;Malawi;USD million;1995-Q3;-62,61867457;5,114644132;Quarterly;01/01/80
ZWE;Zimbabwe;MWI;Malawi;USD million;1995-Q4;13,84451398;5,161733465;Quarterly;01/01/80
ZWE;Zimbabwe;MWI;Malawi;USD million;1996-Q1;-70,03209843;5,899324706;Quarterly;01/01/80
ZWE;Zimbabwe;MWI;Malawi;USD million;1996-Q2;-65,68757083;6,591209006;Quarterly;01/01/80
ZWE;Zimbabwe;MWI;Malawi;USD million;1996-Q3;-23,68984417;6,082377841;Quarterly;01/01/80
ZWE;Zimbabwe;MWI;Malawi;USD million;1996-Q4;-48,7307965;6,214311247;Quarterly;01/01/80
ZWE;Zimbabwe;MWI;Malawi;USD million;1997-Q1;-9,20170999;5,772945414;Quarterly;01/01/80
ZWE;Zimbabwe;MWI;Malawi;USD million;1997-Q2;-54,37962069;5,899603683;Quarterly;01/01/80
ZWE;Zimbabwe;MWI;Malawi;USD million;1997-Q3;-135,4540677;5,837164231;Quarterly;01/01/80
ZWE;Zimbabwe;MWI;Malawi;USD million;1997-Q4;0,551101332;5,227778588;Quarterly;01/01/80
ZWE;Zimbabwe;MWI;Malawi;USD million;1998-Q1;-55,32445822;5,571347876;Quarterly;01/01/80
ZWE;Zimbabwe;MWI;Malawi;USD million;1998-Q2;-27,55295324;5,601190122;Quarterly;01/01/80
ZWE;Zimbabwe;MWI;Malawi;USD million;1998-Q3;-43,48448081;5,549187207;Quarterly;01/01/80
ZWE;Zimbabwe;MWI;Malawi;USD million;1998-Q4;-53,71828636;5,627880733;Quarterly;01/01/80
ZWE;Zimbabwe;MWI;Malawi;USD million;1999-Q1;-26,5626707;5,274328603;Quarterly;01/01/80
ZWE;Zimbabwe;MWI;Malawi;USD million;1999-Q2;-47,15501261;4,756726724;Quarterly;01/01/80
ZWE;Zimbabwe;MWI;Malawi;USD million;1999-Q3;-51,0789514;5,692360194;Quarterly;01/01/80
ZWE;Zimbabwe;MWI;Malawi;USD million;1999-Q4;-30,52520885;5,378124911;Quarterly;01/01/80
ZWE;Zimbabwe;MWI;Malawi;USD million;2000-Q1;-46,22342525;5,097322053;Quarterly;01/01/80
ZWE;Zimbabwe;MWI;Malawi;USD million;2000-Q2;-20,86759649;5,96867849;Quarterly;01/01/80
ZWE;Zimbabwe;MWI;Malawi;USD million;2000-Q3;-62,84887193;6,37852419;Quarterly;01/01/80
ZWE;Zimbabwe;MWI;Malawi;USD million;2000-Q4;-44,81195303;5,340658267;Quarterly;01/01/80
ZWE;Zimbabwe;MWI;Malawi;USD million;2001-Q1;-57,52828713;4,623263553;Quarterly;01/01/80
ZWE;Zimbabwe;MWI;Malawi;USD million;2001-Q2;-7,85653054;5,675314774;Quarterly;01/01/80
ZWE;Zimbabwe;MWI;Malawi;USD million;2001-Q3;-60,33995968;5,222824113;Quarterly;01/01/80
ZWE;Zimbabwe;MWI;Malawi;USD million;2001-Q4;-63,22329196;5,579827902;Quarterly;01/01/80
ZWE;Zimbabwe;MWI;Malawi;USD million;2002-Q1;-51,61472847;5,747258062;Quarterly;01/01/80
ZWE;Zimbabwe;MWI;Malawi;USD million;2002-Q2;-39,35087776;5,587923157;Quarterly;01/01/80
ZWE;Zimbabwe;MWI;Malawi;USD million;2002-Q3;-57,09174199;5,988139213;Quarterly;01/01/80
ZWE;Zimbabwe;MWI;Malawi;USD million;2002-Q4;-61,98472418;6,675013598;Quarterly;01/01/80
ZWE;Zimbabwe;MWI;Malawi;USD million;2003-Q1;-13,10447339;6,221108839;Quarterly;01/01/80
ZWE;Zimbabwe;MWI;Malawi;USD million;2003-Q2;-75,7813537;6,123070627;Quarterly;01/01/80
ZWE;Zimbabwe;MWI;Malawi;USD million;2003-Q3;-27,74082763;6,532771866;Quarterly;01/01/80
ZWE;Zimbabwe;MWI;Malawi;USD million;2003-Q4;-26,24122014;4,947054646;Quarterly;01/01/80
ZWE;Zimbabwe;MWI;Malawi;USD million;2004-Q1;25,26873543;5,472004079;Quarterly;01/01/80
ZWE;Zimbabwe;MWI;Malawi;USD million;2004-Q2;-57,19003182;5,8893445;Quarterly;01/01/80
ZWE;Zimbabwe;MWI;Malawi;USD million;2004-Q3;-70,90779865;7,435104956;Quarterly;01/01/80
ZWE;Zimbabwe;MWI;Malawi;USD million;2004-Q4;-56,35745822;6,245309164;Quarterly;01/01/80
ZWE;Zimbabwe;MWI;Malawi;USD million;2005-Q1;-83,62476785;4,457070676;Quarterly;01/01/80
ZWE;Zimbabwe;MWI;Malawi;USD million;2005-Q2;-72,40998924;5,536143411;Quarterly;01/01/80
ZWE;Zimbabwe;MWI;Malawi;USD million;2005-Q3;-101,4487173;6,181989467;Quarterly;01/01/80
ZWE;Zimbabwe;MWI;Malawi;USD million;2005-Q4;-36,23925595;6,854364615;Quarterly;01/01/80
ZWE;Zimbabwe;MWI;Malawi;USD million;2006-Q1;-68,11779067;7,070047713;Quarterly;01/01/80
ZWE;Zimbabwe;MWI;Malawi;USD million;2006-Q2;-52,25442468;5,902777097;Quarterly;01/01/80
ZWE;Zimbabwe;MWI;Malawi;USD million;2006-Q3;-38,94650547;5,283841036;Quarterly;01/01/80
ZWE;Zimbabwe;MWI;Malawi;USD million;2006-Q4;-72,15784323;5,947861182;Quarterly;01/01/80
ZWE;Zimbabwe;MWI;Malawi;USD million;2007-Q1;-12,92920259;6,598993945;Quarterly;01/01/80
ZWE;Zimbabwe;MWI;Malawi;USD million;2007-Q2;-63,16069829;6,225518877;Quarterly;01/01/80
ZWE;Zimbabwe;MWI;Malawi;USD million;2007-Q3;-11,1969037;6,413337828;Quarterly;01/01/80
ZWE;Zimbabwe;MWI;Malawi;USD million;2007-Q4;-26,09861874;6,741141668;Quarterly;01/01/80
ZWE;Zimbabwe;MWI;Malawi;USD million;2008-Q1;-99,75804345;5,991234719;Quarterly;01/01/80
ZWE;Zimbabwe;MWI;Malawi;USD million;2008-Q2;-95,81502326;5,251591327;Quarterly;01/01/80
ZWE;Zimbabwe;MWI;Malawi;USD million;2008-Q3;-91,86718454;6,204139509;Quarterly;01/01/80
ZWE;Zimbabwe;MWI;Malawi;USD million;2008-Q4;-7,344064027;5,898975914;Quarterly;01/01/80
ZWE;Zimbabwe;MWI;Malawi;USD million;2009-Q1;-45,6904477;6,680589336;Quarterly;01/01/80
ZWE;Zimbabwe;MWI;Malawi;USD million;2009-Q2;-78,53972724;5,491831615;Quarterly;01/01/80
ZWE;Zimbabwe;MWI;Malawi;USD million;2009-Q3;-78,44943622;6,280383089;Quarterly;01/01/80
ZWE;Zimbabwe;MWI;Malawi;USD million;2009-Q4;-75,79006861;6,287133516;Quarterly;01/01/80
ZWE;Zimbabwe;MWI;Malawi;USD million;2010-Q1;-94,20602831;6,116020996;Quarterly;01/01/80
ZWE;Zimbabwe;MWI;Malawi;USD million;2010-Q2;-82,05539576;5,895844573;Quarterly;01/01/80
ZWE;Zimbabwe;MWI;Malawi;USD million;2010-Q3;-23,18461957;6,676085338;Quarterly;01/01/80
ZWE;Zimbabwe;MWI;Malawi;USD million;2010-Q4;-27,65846537;6,333247266;Quarterly;01/01/80
ZWE;Zimbabwe;MWI;Malawi;USD million;2011-Q1;-76,46765598;8,124992573;Quarterly;01/01/80
ZWE;Zimbabwe;MWI;Malawi;USD million;2011-Q2;-65,30166517;6,438796412;Quarterly;01/01/80
ZWE;Zimbabwe;MWI;Malawi;USD million;2011-Q3;-77,85115068;6,626663399;Quarterly;01/01/80
ZWE;Zimbabwe;MWI;Malawi;USD million;2011-Q4;-21,52060897;5,749708013;Quarterly;01/01/80
ZWE;Zimbabwe;MWI;Malawi;USD million;2012-Q1;-123,4742421;7,140424913;Quarterly;01/01/80
ZWE;Zimbabwe;MWI;Malawi;USD million;2012-Q2;-45,1526991;8,782288399;Quarterly;01/01/80
ZWE;Zimbabwe;MWI;Malawi;USD million;2012-Q3;-34,25760169;6,916521286;Quarterly;01/01/80
ZWE;Zimbabwe;MWI;Malawi;USD million;2012-Q4;-60,185885;7,90757183;Quarterly;01/01/80
ZWE;Zimbabwe;MWI;Malawi;USD million;2013-Q1;-66,66920523;8,095523845;Quarterly;01/01/80
ZWE;Zimbabwe;MWI;Malawi;USD million;2013-Q2;-45,54086243;7,30101629;Quarterly;01/01/80
ZWE;Zimbabwe;MWI;Malawi;USD million;2013-Q3;-51,41661388;5,874699667;Quarterly;01/01/80
ZWE;Zimbabwe;MWI;Malawi;USD million;2013-Q4;-65,30629835;6,928737045;Quarterly;01/01/80
ZWE;Zimbabwe;MWI;Malawi;USD million;2014-Q1;-65,64627116;7,643519321;Quarterly;01/01/80
ZWE;Zimbabwe;MWI;Malawi;USD million;2014-Q2;-27,48672622;5,712737787;Quarterly;01/01/80
ZWE;Zimbabwe;MWI;Malawi;USD million;2014-Q3;-47,84967;7,177923347;Quarterly;01/01/80
ZWE;Zimbabwe;MWI;Malawi;USD million;2014-Q4;-50,0688416;6,338624476;Quarterly;01/01/80
ZWE;Zimbabwe;MWI;Malawi;USD million;2015-Q1;-41,68641389;6,979170653;Quarterly;01/01/80
ZWE;Zimbabwe;MWI;Malawi;USD million;2015-Q2;-61,98738048;6,983748404;Quarterly;01/01/80
ZWE;Zimbabwe;MWI;Malawi;USD million;2015-Q3;-15,76687847;7,694549101;Quarterly;01/01/80
ZWE;Zimbabwe;MWI;Malawi;USD million;2015-Q4;-57,69504608;7,745536655;Quarterly;01/01/80
ZWE;Zimbabwe;MWI;Malawi;USD million;2016-Q1;-85,12740534;7,198245738;Quarterly;01/01/80
ZWE;Zimbabwe;MWI;Malawi;USD million;2016-Q2;-24,97694374;8,38270634;Quarterly;01/01/80
ZWE;Zimbabwe;MWI;Malawi;USD million;2016-Q3;-69,61196632;6,677916256;Quarterly;01/01/80
ZWE;Zimbabwe;MWI;Malawi;USD million;2016-Q4;-77,8741473;7,522818934;Quarterly;01/01/80
ZWE;Zimbabwe;MWI;Malawi;USD million;2017-Q1;-47,19518948;8,298414792;Quarterly;01/01/80
ZWE;Zimbabwe;MWI;Malawi;USD million;2017-Q2;-50,64329199;7,624032648;Quarterly;01/01/80
ZWE;Zimbabwe;MWI;Malawi;USD million;2017-Q3;-60,82407998;7,336630487;Quarterly;01/01/80
ZWE;Zimbabwe;MWI;Malawi;USD million;2017-Q4;-52,09689055;7,280817437;Quarterly;01/01/80
ZWE;Zimbabwe;MWI;Malawi;USD million;2018-Q1;-14,13880488;6,619134886;Quarterly;01/01/80
ZWE;Zimbabwe;MWI;Malawi;USD million;2018-Q2;-49,46468482;7,874109898;Quarterly;01/01/80
ZWE;Zimbabwe;MWI;Malawi;USD million;2018-Q3;-13,90256235;6,630644762;Quarterly;01/01/80
ZWE;Zimbabwe;MWI;Malawi;USD million;2018-Q4;-69,83693654;8,450724602;Quarterly;01/01/80
ZWE;Zimbabwe;MWI;Malawi;USD million;2019-Q1;-21,12922999;7,756560081;Quarterly;01/01/80
ZWE;Zimbabwe;MWI;Malawi;USD million;2019-Q2;-109,6002473;6,830930659;Quarterly;01/01/80
ZWE;Zimbabwe;MWI;Malawi;USD million;2019-Q3;-78,08673509;8,884190828;Quarterly;01/01/80
ZWE;Zimbabwe;MWI;Malawi;USD million;2019-Q4;-66,89323046;6,680526215;Quarterly;01/01/80
ZWE;Zimbabwe;MWI;Malawi;USD million;2020-Q1;-71,75078288;7,069892702;Quarterly;01/01/80
ZWE;Zimbabwe;MWI;Malawi;USD million;2020-Q2;9,347206506;8,784369099;Quarterly;01/01/80
ZWE;Zimbabwe;MWI;Malawi;USD million;2020-Q3;-26,67976429;7,051610634;Quarterly;01/01/80
ZWE;Zimbabwe;MWI;Malawi;USD million;2020-Q4;-68,62134457;7,762833425;Quarterly;01/01/80
ZWE;Zimbabwe;MWI;Malawi;USD million;2021-Q1;-115,2369534;7,15673072;Quarterly;01/01/80
ZWE;Zimbabwe;MWI;Malawi;USD million;2021-Q2;-18,33802057;5,971202083;Quarterly;01/01/80
ZWE;Zimbabwe;MWI;Malawi;USD million;2021-Q3;0,309170079;7,35022232;Quarterly;01/01/80
ZWE;Zimbabwe;MWI;Malawi;USD million;2021-Q4;-33,23530991;8,301930184;Quarterly;01/01/80
ZWE;Zimbabwe;MWI;Malawi;USD million;2022-Q1;-83,75735046;6,938340012;Quarterly;01/01/80
ZWE;Zimbabwe;MWI;Malawi;USD million;2022-Q2;-64,2611635;8,079947596;Quarterly;01/01/80
ZWE;Zimbabwe;MWI;Malawi;USD million;2022-Q3;-53,46207577;8,80091214;Quarterly;01/01/80
ZWE;Zimbabwe;MWI;Malawi;USD million;2022-Q4;-45,67412368;8,512292768;Quarterly;01/01/80
ZWE;Zimbabwe;MWI;Malawi;USD million;2023-Q1;-53,88825872;9,016202267;Quarterly;01/01/80
ZWE;Zimbabwe;MWI;Malawi;USD million;2023-Q2;-93,01343777;8,006858112;Quarterly;01/01/80
ZWE;Zimbabwe;MWI;Malawi;USD million;2023-Q3;-43,22706907;7,755982287;Quarterly;01/01/80
ZWE;Zimbabwe;MWI;Malawi;USD million;2023-Q4;-86,3641349;7,473779783;Quarterly;01/01/80
ZWE;Zimbabwe;MWI;Malawi;USD million;2024-Q1;-130,3566746;7,705853668;Quarterly;01/01/80
ZWE;Zimbabwe;MWI;Malawi;USD million;2024-Q2;-43,55770472;7,230928505;Quarterly;01/01/80
ZWE;Zimbabwe;MWI;Malawi;USD million;2024-Q3;-65,34218541;7,478680679;Quarterly;01/01/80
ZWE;Zimbabwe;MWI;Malawi;USD million;2024-Q4;35,412784;7,631093718;Quarterly;01/01/80
ZWE;Zimbabwe;MWI;Malawi;USD million;2025-Q1;-36,89925559;8,933454567;Quarterly;01/01/80
ZWE;Zimbabwe;MWI;Malawi;USD million;2025-Q2;-44,84382742;7,340549667;Quarterly;01/01/80
ZWE;Zimbabwe;MWI;Malawi;USD million;2025-Q3;-69,86656285;9,584051426;Quarterly;01/01/80
ZWE;Zimbabwe;MWI;Malawi;USD million;2025-Q4;-55,87050407;7,818255402;Quarterly;01/01/80
ZWE;Zimbabwe;MWI;Malawi;USD million;2026-Q1;-48,62167978;9,39584749;Quarterly;01/01/80
ZWE;Zimbabwe;MWI;Malawi;USD million;2026-Q2;-10,79990852;9,000435862;Quarterly;01/01/80
ZWE;Zimbabwe;MWI;Malawi;USD million;2026-Q3;7,609095641;7,919143245;Quarterly;01/01/80
ZWE;Zimbabwe;NAM;Namibia;USD million;1980-Q1;-91,98131512;5,148005013;Quarterly;01/01/80
ZWE;Zimbabwe;NAM;Namibia;USD million;1980-Q2;-28,20138401;4,076299485;Quarterly;01/01/80
ZWE;Zimbabwe;NAM;Namibia;USD million;1980-Q3;-75,21929456;3,88519196;Quarterly;01/01/80
ZWE;Zimbabwe;NAM;Namibia;USD million;1980-Q4;-50,72170834;4,518218435;Quarterly;01/01/80
ZWE;Zimbabwe;NAM;Namibia;USD million;1981-Q1;-96,56072163;4,345839704;Quarterly;01/01/80
ZWE;Zimbabwe;NAM;Namibia;USD million;1981-Q2;-28,39564025;4,412184317;Quarterly;01/01/80
ZWE;Zimbabwe;NAM;Namibia;USD million;1981-Q3;-28,09677546;4,426999507;Quarterly;01/01/80
ZWE;Zimbabwe;NAM;Namibia;USD million;1981-Q4;-70,15263734;5,668936228;Quarterly;01/01/80
ZWE;Zimbabwe;NAM;Namibia;USD million;1982-Q1;-32,8291636;4,949052384;Quarterly;01/01/80
ZWE;Zimbabwe;NAM;Namibia;USD million;1982-Q2;-46,05214947;4,634650421;Quarterly;01/01/80
ZWE;Zimbabwe;NAM;Namibia;USD million;1982-Q3;-8,517657387;4,372821689;Quarterly;01/01/80
ZWE;Zimbabwe;NAM;Namibia;USD million;1982-Q4;-37,28992603;4,969043151;Quarterly;01/01/80
ZWE;Zimbabwe;NAM;Namibia;USD million;1983-Q1;3,031853344;5,23456132;Quarterly;01/01/80
ZWE;Zimbabwe;NAM;Namibia;USD million;1983-Q2;-20,04078423;4,918775673;Quarterly;01/01/80
ZWE;Zimbabwe;NAM;Namibia;USD million;1983-Q3;-66,8152536;4,855374836;Quarterly;01/01/80
ZWE;Zimbabwe;NAM;Namibia;USD million;1983-Q4;-102,449305;4,770476538;Quarterly;01/01/80
ZWE;Zimbabwe;NAM;Namibia;USD million;1984-Q1;-84,90412525;4,666328417;Quarterly;01/01/80
ZWE;Zimbabwe;NAM;Namibia;USD million;1984-Q2;-83,93911573;4,425323605;Quarterly;01/01/80
ZWE;Zimbabwe;NAM;Namibia;USD million;1984-Q3;-30,1089905;4,611199217;Quarterly;01/01/80
ZWE;Zimbabwe;NAM;Namibia;USD million;1984-Q4;-32,2741131;4,475952723;Quarterly;01/01/80
ZWE;Zimbabwe;NAM;Namibia;USD million;1985-Q1;-97,28440186;5,840121207;Quarterly;01/01/80
ZWE;Zimbabwe;NAM;Namibia;USD million;1985-Q2;-47,95458999;4,983066215;Quarterly;01/01/80
ZWE;Zimbabwe;NAM;Namibia;USD million;1985-Q3;-24,95739266;4,838153651;Quarterly;01/01/80
ZWE;Zimbabwe;NAM;Namibia;USD million;1985-Q4;-77,36395505;5,067870608;Quarterly;01/01/80
ZWE;Zimbabwe;NAM;Namibia;USD million;1986-Q1;-101,0080221;5,83029296;Quarterly;01/01/80
ZWE;Zimbabwe;NAM;Namibia;USD million;1986-Q2;-46,5455905;4,484100669;Quarterly;01/01/80
ZWE;Zimbabwe;NAM;Namibia;USD million;1986-Q3;-60,56404916;5,71132698;Quarterly;01/01/80
ZWE;Zimbabwe;NAM;Namibia;USD million;1986-Q4;-60,07455835;4,789941747;Quarterly;01/01/80
ZWE;Zimbabwe;NAM;Namibia;USD million;1987-Q1;-84,89980667;5,291359414;Quarterly;01/01/80
ZWE;Zimbabwe;NAM;Namibia;USD million;1987-Q2;-87,4059638;6,200174893;Quarterly;01/01/80
ZWE;Zimbabwe;NAM;Namibia;USD million;1987-Q3;-58,48267879;4,894792574;Quarterly;01/01/80
ZWE;Zimbabwe;NAM;Namibia;USD million;1987-Q4;-47,01067396;5,492111975;Quarterly;01/01/80
ZWE;Zimbabwe;NAM;Namibia;USD million;1988-Q1;-4,875508683;5,278624054;Quarterly;01/01/80
ZWE;Zimbabwe;NAM;Namibia;USD million;1988-Q2;-66,2792271;4,627893558;Quarterly;01/01/80
ZWE;Zimbabwe;NAM;Namibia;USD million;1988-Q3;-28,69906894;5,033468627;Quarterly;01/01/80
ZWE;Zimbabwe;NAM;Namibia;USD million;1988-Q4;30,24426033;4,957938969;Quarterly;01/01/80
ZWE;Zimbabwe;NAM;Namibia;USD million;1989-Q1;-76,97661199;4,437721166;Quarterly;01/01/80
ZWE;Zimbabwe;NAM;Namibia;USD million;1989-Q2;-41,89409133;5,504545739;Quarterly;01/01/80
ZWE;Zimbabwe;NAM;Namibia;USD million;1989-Q3;-100,9830724;4,549533267;Quarterly;01/01/80
ZWE;Zimbabwe;NAM;Namibia;USD million;1989-Q4;-99,01671247;5,806003236;Quarterly;01/01/80
ZWE;Zimbabwe;NAM;Namibia;USD million;1990-Q1;-62,41386506;5,615879119;Quarterly;01/01/80
ZWE;Zimbabwe;NAM;Namibia;USD million;1990-Q2;-14,07835579;4,876929259;Quarterly;01/01/80
ZWE;Zimbabwe;NAM;Namibia;USD million;1990-Q3;-69,55380755;5,305237719;Quarterly;01/01/80
ZWE;Zimbabwe;NAM;Namibia;USD million;1990-Q4;-44,32552062;5,465401362;Quarterly;01/01/80
ZWE;Zimbabwe;NAM;Namibia;USD million;1991-Q1;-54,75892889;5,204275435;Quarterly;01/01/80
ZWE;Zimbabwe;NAM;Namibia;USD million;1991-Q2;-83,13675465;5,641872222;Quarterly;01/01/80
ZWE;Zimbabwe;NAM;Namibia;USD million;1991-Q3;-9,630159123;6,317902283;Quarterly;01/01/80
ZWE;Zimbabwe;NAM;Namibia;USD million;1991-Q4;-34,75133906;5,83835389;Quarterly;01/01/80
ZWE;Zimbabwe;NAM;Namibia;USD million;1992-Q1;-39,00765379;5,715171636;Quarterly;01/01/80
ZWE;Zimbabwe;NAM;Namibia;USD million;1992-Q2;-64,28679319;6,772603453;Quarterly;01/01/80
ZWE;Zimbabwe;NAM;Namibia;USD million;1992-Q3;-106,9271812;5,20449247;Quarterly;01/01/80
ZWE;Zimbabwe;NAM;Namibia;USD million;1992-Q4;-16,64319391;4,789303171;Quarterly;01/01/80
ZWE;Zimbabwe;NAM;Namibia;USD million;1993-Q1;-97,99491918;5,613226817;Quarterly;01/01/80
ZWE;Zimbabwe;NAM;Namibia;USD million;1993-Q2;-77,16084588;5,305078997;Quarterly;01/01/80
ZWE;Zimbabwe;NAM;Namibia;USD million;1993-Q3;-82,49679837;5,028127958;Quarterly;01/01/80
ZWE;Zimbabwe;NAM;Namibia;USD million;1993-Q4;-75,78547562;4,692022487;Quarterly;01/01/80
ZWE;Zimbabwe;NAM;Namibia;USD million;1994-Q1;-16,74735634;5,431036489;Quarterly;01/01/80
ZWE;Zimbabwe;NAM;Namibia;USD million;1994-Q2;-26,85299039;5,326444093;Quarterly;01/01/80
ZWE;Zimbabwe;NAM;Namibia;USD million;1994-Q3;-46,01377654;4,759974286;Quarterly;01/01/80
ZWE;Zimbabwe;NAM;Namibia;USD million;1994-Q4;-91,29981116;4,464857204;Quarterly;01/01/80
ZWE;Zimbabwe;NAM;Namibia;USD million;1995-Q1;-43,78253072;5,450465609;Quarterly;01/01/80
ZWE;Zimbabwe;NAM;Namibia;USD million;1995-Q2;-63,12602049;6,998877029;Quarterly;01/01/80
ZWE;Zimbabwe;NAM;Namibia;USD million;1995-Q3;-40,66435561;6,053578934;Quarterly;01/01/80
ZWE;Zimbabwe;NAM;Namibia;USD million;1995-Q4;-21,09612897;4,872440636;Quarterly;01/01/80
ZWE;Zimbabwe;NAM;Namibia;USD million;1996-Q1;-114,0321175;6,553906046;Quarterly;01/01/80
ZWE;Zimbabwe;NAM;Namibia;USD million;1996-Q2;-65,8076316;6,146571672;Quarterly;01/01/80
ZWE;Zimbabwe;NAM;Namibia;USD million;1996-Q3;-35,80808263;5,944246398;Quarterly;01/01/80
ZWE;Zimbabwe;NAM;Namibia;USD million;1996-Q4;-15,93413236;5,938416513;Quarterly;01/01/80
ZWE;Zimbabwe;NAM;Namibia;USD million;1997-Q1;-61,39910065;5,737333519;Quarterly;01/01/80
ZWE;Zimbabwe;NAM;Namibia;USD million;1997-Q2;-23,39393129;6,327252614;Quarterly;01/01/80
ZWE;Zimbabwe;NAM;Namibia;USD million;1997-Q3;-61,78056575;5,606426275;Quarterly;01/01/80
ZWE;Zimbabwe;NAM;Namibia;USD million;1997-Q4;-69,94850644;4,752793259;Quarterly;01/01/80
ZWE;Zimbabwe;NAM;Namibia;USD million;1998-Q1;-65,67059029;6,494939253;Quarterly;01/01/80
ZWE;Zimbabwe;NAM;Namibia;USD million;1998-Q2;-106,1263542;5,583517113;Quarterly;01/01/80
ZWE;Zimbabwe;NAM;Namibia;USD million;1998-Q3;-62,59163127;5,921173941;Quarterly;01/01/80
ZWE;Zimbabwe;NAM;Namibia;USD million;1998-Q4;-29,5032825;6,543110116;Quarterly;01/01/80
ZWE;Zimbabwe;NAM;Namibia;USD million;1999-Q1;-60,30414716;4,722824521;Quarterly;01/01/80
ZWE;Zimbabwe;NAM;Namibia;USD million;1999-Q2;-122,5258051;5,764862892;Quarterly;01/01/80
ZWE;Zimbabwe;NAM;Namibia;USD million;1999-Q3;-40,09431438;5,644694992;Quarterly;01/01/80
ZWE;Zimbabwe;NAM;Namibia;USD million;1999-Q4;-27,54398555;5,321534575;Quarterly;01/01/80
ZWE;Zimbabwe;NAM;Namibia;USD million;2000-Q1;-67,05608346;4,712093189;Quarterly;01/01/80
ZWE;Zimbabwe;NAM;Namibia;USD million;2000-Q2;-65,69539459;5,966028479;Quarterly;01/01/80
ZWE;Zimbabwe;NAM;Namibia;USD million;2000-Q3;-15,06249003;5,766986829;Quarterly;01/01/80
ZWE;Zimbabwe;NAM;Namibia;USD million;2000-Q4;-98,40880283;5,883389365;Quarterly;01/01/80
ZWE;Zimbabwe;NAM;Namibia;USD million;2001-Q1;-54,35836237;5,9698873;Quarterly;01/01/80
ZWE;Zimbabwe;NAM;Namibia;USD million;2001-Q2;-125,7539321;5,794532002;Quarterly;01/01/80
ZWE;Zimbabwe;NAM;Namibia;USD million;2001-Q3;-51,12327409;5,304531898;Quarterly;01/01/80
ZWE;Zimbabwe;NAM;Namibia;USD million;2001-Q4;-13,11642589;5,740336772;Quarterly;01/01/80
ZWE;Zimbabwe;NAM;Namibia;USD million;2002-Q1;-90,44315269;5,669144309;Quarterly;01/01/80
ZWE;Zimbabwe;NAM;Namibia;USD million;2002-Q2;-86,29503232;5,965303205;Quarterly;01/01/80
ZWE;Zimbabwe;NAM;Namibia;USD million;2002-Q3;-27,83780264;6,831761871;Quarterly;01/01/80
ZWE;Zimbabwe;NAM;Namibia;USD million;2002-Q4;-61,88041403;6,385095366;Quarterly;01/01/80
ZWE;Zimbabwe;NAM;Namibia;USD million;2003-Q1;-26,42479134;7,208602768;Quarterly;01/01/80
ZWE;Zimbabwe;NAM;Namibia;USD million;2003-Q2;-63,27163002;6,167126733;Quarterly;01/01/80
ZWE;Zimbabwe;NAM;Namibia;USD million;2003-Q3;-61,93423847;6,449293825;Quarterly;01/01/80
ZWE;Zimbabwe;NAM;Namibia;USD million;2003-Q4;-54,85285915;6,100540931;Quarterly;01/01/80
ZWE;Zimbabwe;NAM;Namibia;USD million;2004-Q1;-43,78889135;6,488869161;Quarterly;01/01/80
ZWE;Zimbabwe;NAM;Namibia;USD million;2004-Q2;-24,49654877;6,255310457;Quarterly;01/01/80
ZWE;Zimbabwe;NAM;Namibia;USD million;2004-Q3;-24,36838594;6,9855808;Quarterly;01/01/80
ZWE;Zimbabwe;NAM;Namibia;USD million;2004-Q4;28,0423961;6,865324178;Quarterly;01/01/80
ZWE;Zimbabwe;NAM;Namibia;USD million;2005-Q1;-48,35067933;5,0672463;Quarterly;01/01/80
ZWE;Zimbabwe;NAM;Namibia;USD million;2005-Q2;7,367438806;5,900974723;Quarterly;01/01/80
ZWE;Zimbabwe;NAM;Namibia;USD million;2005-Q3;-80,29795086;5,712864008;Quarterly;01/01/80
ZWE;Zimbabwe;NAM;Namibia;USD million;2005-Q4;-103,0886267;6,802812393;Quarterly;01/01/80
ZWE;Zimbabwe;NAM;Namibia;USD million;2006-Q1;-15,67670914;7,689218614;Quarterly;01/01/80
ZWE;Zimbabwe;NAM;Namibia;USD million;2006-Q2;-61,67770918;6,355281506;Quarterly;01/01/80
ZWE;Zimbabwe;NAM;Namibia;USD million;2006-Q3;-81,27838341;5,307260566;Quarterly;01/01/80
ZWE;Zimbabwe;NAM;Namibia;USD million;2006-Q4;-45,56286342;5,978675222;Quarterly;01/01/80
ZWE;Zimbabwe;NAM;Namibia;USD million;2007-Q1;-23,74618725;6,122059266;Quarterly;01/01/80
ZWE;Zimbabwe;NAM;Namibia;USD million;2007-Q2;-19,98696436;5,311332955;Quarterly;01/01/80
ZWE;Zimbabwe;NAM;Namibia;USD million;2007-Q3;-32,50851751;6,026569312;Quarterly;01/01/80
ZWE;Zimbabwe;NAM;Namibia;USD million;2007-Q4;-96,61418441;6,054384857;Quarterly;01/01/80
ZWE;Zimbabwe;NAM;Namibia;USD million;2008-Q1;-27,11671269;5,8446289;Quarterly;01/01/80
ZWE;Zimbabwe;NAM;Namibia;USD million;2008-Q2;-43,00572215;6,247176136;Quarterly;01/01/80
ZWE;Zimbabwe;NAM;Namibia;USD million;2008-Q3;-54,80262826;5,921066592;Quarterly;01/01/80
ZWE;Zimbabwe;NAM;Namibia;USD million;2008-Q4;-60,46172005;5,086805287;Quarterly;01/01/80
ZWE;Zimbabwe;NAM;Namibia;USD million;2009-Q1;-40,73227154;6,952532864;Quarterly;01/01/80
ZWE;Zimbabwe;NAM;Namibia;USD million;2009-Q2;-115,5716827;6,022920574;Quarterly;01/01/80
ZWE;Zimbabwe;NAM;Namibia;USD million;2009-Q3;8,324555184;6,272894347;Quarterly;01/01/80
ZWE;Zimbabwe;NAM;Namibia;USD million;2009-Q4;-21,96338035;5,542602883;Quarterly;01/01/80
ZWE;Zimbabwe;NAM;Namibia;USD million;2010-Q1;-7,902916946;5,853157087;Quarterly;01/01/80
ZWE;Zimbabwe;NAM;Namibia;USD million;2010-Q2;-52,75897916;4,872393876;Quarterly;01/01/80
ZWE;Zimbabwe;NAM;Namibia;USD million;2010-Q3;-61,26631351;5,937018504;Quarterly;01/01/80
ZWE;Zimbabwe;NAM;Namibia;USD million;2010-Q4;-71,02511981;6,245280762;Quarterly;01/01/80
ZWE;Zimbabwe;NAM;Namibia;USD million;2011-Q1;-6,167362842;8,745809539;Quarterly;01/01/80
ZWE;Zimbabwe;NAM;Namibia;USD million;2011-Q2;-39,62556881;6,031510771;Quarterly;01/01/80
ZWE;Zimbabwe;NAM;Namibia;USD million;2011-Q3;-62,26539197;6,980631053;Quarterly;01/01/80
ZWE;Zimbabwe;NAM;Namibia;USD million;2011-Q4;-26,4809931;5,930431491;Quarterly;01/01/80
ZWE;Zimbabwe;NAM;Namibia;USD million;2012-Q1;-43,94964945;7,101610948;Quarterly;01/01/80
ZWE;Zimbabwe;NAM;Namibia;USD million;2012-Q2;-11,00446586;8,807119072;Quarterly;01/01/80
ZWE;Zimbabwe;NAM;Namibia;USD million;2012-Q3;-59,85515795;7,544540656;Quarterly;01/01/80
ZWE;Zimbabwe;NAM;Namibia;USD million;2012-Q4;-88,3660978;9,067821364;Quarterly;01/01/80
ZWE;Zimbabwe;NAM;Namibia;USD million;2013-Q1;-63,80901931;8,59552693;Quarterly;01/01/80
ZWE;Zimbabwe;NAM;Namibia;USD million;2013-Q2;-69,96234227;8,162562041;Quarterly;01/01/80
ZWE;Zimbabwe;NAM;Namibia;USD million;2013-Q3;-62,97432106;6,244822333;Quarterly;01/01/80
ZWE;Zimbabwe;NAM;Namibia;USD million;2013-Q4;-50,87029933;7,332803425;Quarterly;01/01/80
ZWE;Zimbabwe;NAM;Namibia;USD million;2014-Q1;-61,50025461;7,146451501;Quarterly;01/01/80
ZWE;Zimbabwe;NAM;Namibia;USD million;2014-Q2;-69,87133712;6,115303137;Quarterly;01/01/80
ZWE;Zimbabwe;NAM;Namibia;USD million;2014-Q3;-73,25205893;6,036498737;Quarterly;01/01/80
ZWE;Zimbabwe;NAM;Namibia;USD million;2014-Q4;-93,2318187;7,28565683;Quarterly;01/01/80
ZWE;Zimbabwe;NAM;Namibia;USD million;2015-Q1;-114,7988123;7,569901341;Quarterly;01/01/80
ZWE;Zimbabwe;NAM;Namibia;USD million;2015-Q2;-14,07617991;6,951631768;Quarterly;01/01/80
ZWE;Zimbabwe;NAM;Namibia;USD million;2015-Q3;-22,02079885;8,699530095;Quarterly;01/01/80
ZWE;Zimbabwe;NAM;Namibia;USD million;2015-Q4;0,583176469;8,308065087;Quarterly;01/01/80
ZWE;Zimbabwe;NAM;Namibia;USD million;2016-Q1;-117,9436898;8,312824744;Quarterly;01/01/80
ZWE;Zimbabwe;NAM;Namibia;USD million;2016-Q2;-35,78972221;7,291506855;Quarterly;01/01/80
ZWE;Zimbabwe;NAM;Namibia;USD million;2016-Q3;-18,1161574;6,826528896;Quarterly;01/01/80
ZWE;Zimbabwe;NAM;Namibia;USD million;2016-Q4;-69,13016623;8,614044914;Quarterly;01/01/80
ZWE;Zimbabwe;NAM;Namibia;USD million;2017-Q1;-78,71048654;7,862168655;Quarterly;01/01/80
ZWE;Zimbabwe;NAM;Namibia;USD million;2017-Q2;-3,620190683;8,761757943;Quarterly;01/01/80
ZWE;Zimbabwe;NAM;Namibia;USD million;2017-Q3;-84,07526641;7,791498738;Quarterly;01/01/80
ZWE;Zimbabwe;NAM;Namibia;USD million;2017-Q4;-43,58708868;7,944140977;Quarterly;01/01/80
ZWE;Zimbabwe;NAM;Namibia;USD million;2018-Q1;-56,60545823;7,254685857;Quarterly;01/01/80
ZWE;Zimbabwe;NAM;Namibia;USD million;2018-Q2;-48,80823203;8,702837937;Quarterly;01/01/80
ZWE;Zimbabwe;NAM;Namibia;USD million;2018-Q3;-40,52970516;6,591710216;Quarterly;01/01/80
ZWE;Zimbabwe;NAM;Namibia;USD million;2018-Q4;-16,01210514;8,161535034;Quarterly;01/01/80
ZWE;Zimbabwe;NAM;Namibia;USD million;2019-Q1;-40,92349034;8,329913678;Quarterly;01/01/80
ZWE;Zimbabwe;NAM;Namibia;USD million;2019-Q2;-138,0593519;8,838545292;Quarterly;01/01/80
ZWE;Zimbabwe;NAM;Namibia;USD million;2019-Q3;12,10518392;7,766903448;Quarterly;01/01/80
ZWE;Zimbabwe;NAM;Namibia;USD million;2019-Q4;-76,56134034;8,118967811;Quarterly;01/01/80
ZWE;Zimbabwe;NAM;Namibia;USD million;2020-Q1;-1,445903296;7,766349001;Quarterly;01/01/80
ZWE;Zimbabwe;NAM;Namibia;USD million;2020-Q2;-99,32028609;8,816142421;Quarterly;01/01/80
ZWE;Zimbabwe;NAM;Namibia;USD million;2020-Q3;-81,15150211;7,611982786;Quarterly;01/01/80
ZWE;Zimbabwe;NAM;Namibia;USD million;2020-Q4;-14,23015685;7,563731948;Quarterly;01/01/80
ZWE;Zimbabwe;NAM;Namibia;USD million;2021-Q1;-58,65094085;8,292787765;Quarterly;01/01/80
ZWE;Zimbabwe;NAM;Namibia;USD million;2021-Q2;-63,99430726;6,090300555;Quarterly;01/01/80
ZWE;Zimbabwe;NAM;Namibia;USD million;2021-Q3;-32,46696991;9,030505588;Quarterly;01/01/80
ZWE;Zimbabwe;NAM;Namibia;USD million;2021-Q4;-61,12772215;8,735291189;Quarterly;01/01/80
ZWE;Zimbabwe;NAM;Namibia;USD million;2022-Q1;-85,76895092;6,796806168;Quarterly;01/01/80
ZWE;Zimbabwe;NAM;Namibia;USD million;2022-Q2;-67,34604597;8,109842978;Quarterly;01/01/80
ZWE;Zimbabwe;NAM;Namibia;USD million;2022-Q3;-27,56034881;8,816200682;Quarterly;01/01/80
ZWE;Zimbabwe;NAM;Namibia;USD million;2022-Q4;-17,977012;7,806581984;Quarterly;01/01/80
ZWE;Zimbabwe;NAM;Namibia;USD million;2023-Q1;-31,32080316;9,685734658;Quarterly;01/01/80
ZWE;Zimbabwe;NAM;Namibia;USD million;2023-Q2;-6,00279013;7,108940021;Quarterly;01/01/80
ZWE;Zimbabwe;NAM;Namibia;USD million;2023-Q3;-68,25897201;8,078880677;Quarterly;01/01/80
ZWE;Zimbabwe;NAM;Namibia;USD million;2023-Q4;-78,2329539;8,600353376;Quarterly;01/01/80
ZWE;Zimbabwe;NAM;Namibia;USD million;2024-Q1;-55,54798387;7,903564229;Quarterly;01/01/80
ZWE;Zimbabwe;NAM;Namibia;USD million;2024-Q2;-32,43796874;8,072838728;Quarterly;01/01/80
ZWE;Zimbabwe;NAM;Namibia;USD million;2024-Q3;-10,35289808;8,439536331;Quarterly;01/01/80
ZWE;Zimbabwe;NAM;Namibia;USD million;2024-Q4;-43,82505786;7,421752861;Quarterly;01/01/80
ZWE;Zimbabwe;NAM;Namibia;USD million;2025-Q1;-85,49304813;7,882158015;Quarterly;01/01/80
ZWE;Zimbabwe;NAM;Namibia;USD million;2025-Q2;-54,19617247;7,164346514;Quarterly;01/01/80
ZWE;Zimbabwe;NAM;Namibia;USD million;2025-Q3;-82,43786345;10,05936715;Quarterly;01/01/80
ZWE;Zimbabwe;NAM;Namibia;USD million;2025-Q4;-92,40626795;8,881086643;Quarterly;01/01/80
ZWE;Zimbabwe;NAM;Namibia;USD million;2026-Q1;8,50364905;10,65627564;Quarterly;01/01/80
ZWE;Zimbabwe;NAM;Namibia;USD million;2026-Q2;-2,495614092;7,958032792;Quarterly;01/01/80
ZWE;Zimbabwe;NAM;Namibia;USD million;2026-Q3;-36,06042982;7,866481766;Quarterly;01/01/80
ZWE;Zimbabwe;USA;United States;USD million;1980-Q1;-71,77035626;11,68943071;Quarterly;01/01/80
ZWE;Zimbabwe;USA;United States;USD million;1980-Q2;-50,47905102;10,15969602;Quarterly;01/01/80
ZWE;Zimbabwe;USA;United States;USD million;1980-Q3;-65,38561392;9,526966234;Quarterly;01/01/80
ZWE;Zimbabwe;USA;United States;USD million;1980-Q4;-71,48576214;9,465078159;Quarterly;01/01/80
ZWE;Zimbabwe;USA;United States;USD million;1981-Q1;-42,17523376;9,93877016;Quarterly;01/01/80
ZWE;Zimbabwe;USA;United States;USD million;1981-Q2;-37,89545673;11,36778122;Quarterly;01/01/80
ZWE;Zimbabwe;USA;United States;USD million;1981-Q3;-69,05952141;11,32910316;Quarterly;01/01/80
ZWE;Zimbabwe;USA;United States;USD million;1981-Q4;-26,79621864;11,61803814;Quarterly;01/01/80
ZWE;Zimbabwe;USA;United States;USD million;1982-Q1;-3,130013353;11,08961438;Quarterly;01/01/80
ZWE;Zimbabwe;USA;United States;USD million;1982-Q2;-117,3556256;10,41686749;Quarterly;01/01/80
ZWE;Zimbabwe;USA;United States;USD million;1982-Q3;-79,98293856;10,07250529;Quarterly;01/01/80
ZWE;Zimbabwe;USA;United States;USD million;1982-Q4;-81,6254783;10,5736019;Quarterly;01/01/80
ZWE;Zimbabwe;USA;United States;USD million;1983-Q1;-32,4373817;11,33435958;Quarterly;01/01/80
ZWE;Zimbabwe;USA;United States;USD million;1983-Q2;-65,8231543;9,928405017;Quarterly;01/01/80
ZWE;Zimbabwe;USA;United States;USD million;1983-Q3;-30,29194837;11,3733438;Quarterly;01/01/80
ZWE;Zimbabwe;USA;United States;USD million;1983-Q4;-65,92002728;10,14249833;Quarterly;01/01/80
ZWE;Zimbabwe;USA;United States;USD million;1984-Q1;-113,0371305;10,31593615;Quarterly;01/01/80
ZWE;Zimbabwe;USA;United States;USD million;1984-Q2;-47,42813627;9,209706152;Quarterly;01/01/80
ZWE;Zimbabwe;USA;United States;USD million;1984-Q3;-142,5186901;10,53516355;Quarterly;01/01/80
ZWE;Zimbabwe;USA;United States;USD million;1984-Q4;-38,13550933;9,707258722;Quarterly;01/01/80
ZWE;Zimbabwe;USA;United States;USD million;1985-Q1;-68,91853719;11,71983866;Quarterly;01/01/80
ZWE;Zimbabwe;USA;United States;USD million;1985-Q2;-67,5000715;10,86590398;Quarterly;01/01/80
ZWE;Zimbabwe;USA;United States;USD million;1985-Q3;-91,83700998;11,41192839;Quarterly;01/01/80
ZWE;Zimbabwe;USA;United States;USD million;1985-Q4;-33,1069126;11,48547851;Quarterly;01/01/80
ZWE;Zimbabwe;USA;United States;USD million;1986-Q1;-66,43774119;12,40563826;Quarterly;01/01/80
ZWE;Zimbabwe;USA;United States;USD million;1986-Q2;-14,34551709;11,3171622;Quarterly;01/01/80
ZWE;Zimbabwe;USA;United States;USD million;1986-Q3;40,81763443;11,91578197;Quarterly;01/01/80
ZWE;Zimbabwe;USA;United States;USD million;1986-Q4;-88,99970609;10,67691388;Quarterly;01/01/80
ZWE;Zimbabwe;USA;United States;USD million;1987-Q1;-91,11337622;12,32205246;Quarterly;01/01/80
ZWE;Zimbabwe;USA;United States;USD million;1987-Q2;-63,59318749;13,16337586;Quarterly;01/01/80
ZWE;Zimbabwe;USA;United States;USD million;1987-Q3;-82,63870093;11,42338859;Quarterly;01/01/80
ZWE;Zimbabwe;USA;United States;USD million;1987-Q4;-27,26011583;10,51506261;Quarterly;01/01/80
ZWE;Zimbabwe;USA;United States;USD million;1988-Q1;-17,18887299;9,69480936;Quarterly;01/01/80
ZWE;Zimbabwe;USA;United States;USD million;1988-Q2;-25,9681805;9,93620971;Quarterly;01/01/80
ZWE;Zimbabwe;USA;United States;USD million;1988-Q3;-26,09562477;12,69004481;Quarterly;01/01/80
ZWE;Zimbabwe;USA;United States;USD million;1988-Q4;-40,7153049;13,13662468;Quarterly;01/01/80
ZWE;Zimbabwe;USA;United States;USD million;1989-Q1;-81,20306208;11,91271042;Quarterly;01/01/80
ZWE;Zimbabwe;USA;United States;USD million;1989-Q2;-73,69160894;11,34662114;Quarterly;01/01/80
ZWE;Zimbabwe;USA;United States;USD million;1989-Q3;-112,684631;9,178167788;Quarterly;01/01/80
ZWE;Zimbabwe;USA;United States;USD million;1989-Q4;-48,69731465;15,91230521;Quarterly;01/01/80
ZWE;Zimbabwe;USA;United States;USD million;1990-Q1;-51,30364712;13,14622681;Quarterly;01/01/80
ZWE;Zimbabwe;USA;United States;USD million;1990-Q2;-59,04114083;11,77862273;Quarterly;01/01/80
ZWE;Zimbabwe;USA;United States;USD million;1990-Q3;-60,19600788;11,14588572;Quarterly;01/01/80
ZWE;Zimbabwe;USA;United States;USD million;1990-Q4;-18,09740747;13,68662586;Quarterly;01/01/80
ZWE;Zimbabwe;USA;United States;USD million;1991-Q1;-28,71076548;11,94405122;Quarterly;01/01/80
ZWE;Zimbabwe;USA;United States;USD million;1991-Q2;-36,70826998;12,47239042;Quarterly;01/01/80
ZWE;Zimbabwe;USA;United States;USD million;1991-Q3;-101,1057968;15,79307524;Quarterly;01/01/80
ZWE;Zimbabwe;USA;United States;USD million;1991-Q4;-95,11880444;13,413471;Quarterly;01/01/80
ZWE;Zimbabwe;USA;United States;USD million;1992-Q1;-111,2523602;13,68944464;Quarterly;01/01/80
ZWE;Zimbabwe;USA;United States;USD million;1992-Q2;-75,54060029;14,47653705;Quarterly;01/01/80
ZWE;Zimbabwe;USA;United States;USD million;1992-Q3;-39,4470991;11,08189687;Quarterly;01/01/80
ZWE;Zimbabwe;USA;United States;USD million;1992-Q4;-33,31519539;12,25228455;Quarterly;01/01/80
ZWE;Zimbabwe;USA;United States;USD million;1993-Q1;-80,56247898;12,76396659;Quarterly;01/01/80
ZWE;Zimbabwe;USA;United States;USD million;1993-Q2;-40,74932727;12,36189238;Quarterly;01/01/80
ZWE;Zimbabwe;USA;United States;USD million;1993-Q3;-75,45961837;10,91163413;Quarterly;01/01/80
ZWE;Zimbabwe;USA;United States;USD million;1993-Q4;-51,08542446;9,932984932;Quarterly;01/01/80
ZWE;Zimbabwe;USA;United States;USD million;1994-Q1;-38,23499347;11,41219425;Quarterly;01/01/80
ZWE;Zimbabwe;USA;United States;USD million;1994-Q2;-83,4216113;10,48455934;Quarterly;01/01/80
ZWE;Zimbabwe;USA;United States;USD million;1994-Q3;-71,21599828;12,20595334;Quarterly;01/01/80
ZWE;Zimbabwe;USA;United States;USD million;1994-Q4;-113,1260969;11,72191143;Quarterly;01/01/80
ZWE;Zimbabwe;USA;United States;USD million;1995-Q1;-71,93043797;11,30395995;Quarterly;01/01/80
ZWE;Zimbabwe;USA;United States;USD million;1995-Q2;-87,48985035;14,67556501;Quarterly;01/01/80
ZWE;Zimbabwe;USA;United States;USD million;1995-Q3;-5,187314194;13,20443479;Quarterly;01/01/80
ZWE;Zimbabwe;USA;United States;USD million;1995-Q4;-33,92059802;10,62687452;Quarterly;01/01/80
ZWE;Zimbabwe;USA;United States;USD million;1996-Q1;-91,15340708;13,75678829;Quarterly;01/01/80
ZWE;Zimbabwe;USA;United States;USD million;1996-Q2;-59,47909637;17,44995577;Quarterly;01/01/80
ZWE;Zimbabwe;USA;United States;USD million;1996-Q3;-39,07839124;14,2800258;Quarterly;01/01/80
ZWE;Zimbabwe;USA;United States;USD million;1996-Q4;-57,5165122;14,7077922;Quarterly;01/01/80
ZWE;Zimbabwe;USA;United States;USD million;1997-Q1;-44,37752675;13,21687671;Quarterly;01/01/80
ZWE;Zimbabwe;USA;United States;USD million;1997-Q2;-78,98927731;13,64692443;Quarterly;01/01/80
ZWE;Zimbabwe;USA;United States;USD million;1997-Q3;-11,88357597;12,69140542;Quarterly;01/01/80
ZWE;Zimbabwe;USA;United States;USD million;1997-Q4;-14,3555404;13,30378665;Quarterly;01/01/80
ZWE;Zimbabwe;USA;United States;USD million;1998-Q1;-70,27429289;11,55836987;Quarterly;01/01/80
ZWE;Zimbabwe;USA;United States;USD million;1998-Q2;-70,97091543;10,98023328;Quarterly;01/01/80
ZWE;Zimbabwe;USA;United States;USD million;1998-Q3;-8,171194614;11,06829995;Quarterly;01/01/80
ZWE;Zimbabwe;USA;United States;USD million;1998-Q4;-31,51268965;14,03252563;Quarterly;01/01/80
ZWE;Zimbabwe;USA;United States;USD million;1999-Q1;-42,51945124;12,01729441;Quarterly;01/01/80
ZWE;Zimbabwe;USA;United States;USD million;1999-Q2;-44,91458116;10,37406401;Quarterly;01/01/80
ZWE;Zimbabwe;USA;United States;USD million;1999-Q3;-85,86362372;12,29125721;Quarterly;01/01/80
ZWE;Zimbabwe;USA;United States;USD million;1999-Q4;-40,59784749;13,44984196;Quarterly;01/01/80
ZWE;Zimbabwe;USA;United States;USD million;2000-Q1;-27,38211671;10,95896606;Quarterly;01/01/80
ZWE;Zimbabwe;USA;United States;USD million;2000-Q2;-80,85842232;14,08742434;Quarterly;01/01/80
ZWE;Zimbabwe;USA;United States;USD million;2000-Q3;-89,21589336;12,36863079;Quarterly;01/01/80
ZWE;Zimbabwe;USA;United States;USD million;2000-Q4;-41,62653258;13,43630554;Quarterly;01/01/80
ZWE;Zimbabwe;USA;United States;USD million;2001-Q1;-9,648377709;12,85631559;Quarterly;01/01/80
ZWE;Zimbabwe;USA;United States;USD million;2001-Q2;7,084911869;13,82382453;Quarterly;01/01/80
ZWE;Zimbabwe;USA;United States;USD million;2001-Q3;-84,53035557;11,08127166;Quarterly;01/01/80
ZWE;Zimbabwe;USA;United States;USD million;2001-Q4;-90,4908997;11,39316508;Quarterly;01/01/80
ZWE;Zimbabwe;USA;United States;USD million;2002-Q1;-33,19881996;10,57900389;Quarterly;01/01/80
ZWE;Zimbabwe;USA;United States;USD million;2002-Q2;-94,46280333;13,50633738;Quarterly;01/01/80
ZWE;Zimbabwe;USA;United States;USD million;2002-Q3;-81,47194896;15,0627866;Quarterly;01/01/80
ZWE;Zimbabwe;USA;United States;USD million;2002-Q4;-33,09882733;14,72330535;Quarterly;01/01/80
ZWE;Zimbabwe;USA;United States;USD million;2003-Q1;-63,99364542;14,47774972;Quarterly;01/01/80
ZWE;Zimbabwe;USA;United States;USD million;2003-Q2;-107,6246569;13,82939221;Quarterly;01/01/80
ZWE;Zimbabwe;USA;United States;USD million;2003-Q3;-107,2460381;12,5792116;Quarterly;01/01/80
ZWE;Zimbabwe;USA;United States;USD million;2003-Q4;-27,32437315;11,62542732;Quarterly;01/01/80
ZWE;Zimbabwe;USA;United States;USD million;2004-Q1;-46,19925973;12,92150758;Quarterly;01/01/80
ZWE;Zimbabwe;USA;United States;USD million;2004-Q2;-44,20754903;13,66513762;Quarterly;01/01/80
ZWE;Zimbabwe;USA;United States;USD million;2004-Q3;-28,35440463;15,51254645;Quarterly;01/01/80
ZWE;Zimbabwe;USA;United States;USD million;2004-Q4;-75,91479464;15,89666265;Quarterly;01/01/80
ZWE;Zimbabwe;USA;United States;USD million;2005-Q1;-58,55766654;10,89395106;Quarterly;01/01/80
ZWE;Zimbabwe;USA;United States;USD million;2005-Q2;-34,74136531;14,22291059;Quarterly;01/01/80
ZWE;Zimbabwe;USA;United States;USD million;2005-Q3;-87,43595769;13,39862709;Quarterly;01/01/80
ZWE;Zimbabwe;USA;United States;USD million;2005-Q4;-48,07792641;15,1925297;Quarterly;01/01/80
ZWE;Zimbabwe;USA;United States;USD million;2006-Q1;-73,99731053;16,64944136;Quarterly;01/01/80
ZWE;Zimbabwe;USA;United States;USD million;2006-Q2;-59,83745242;14,33883992;Quarterly;01/01/80
ZWE;Zimbabwe;USA;United States;USD million;2006-Q3;-1,820622919;11,71243097;Quarterly;01/01/80
ZWE;Zimbabwe;USA;United States;USD million;2006-Q4;-51,88367697;12,25070086;Quarterly;01/01/80
ZWE;Zimbabwe;USA;United States;USD million;2007-Q1;-42,14263493;13,70371402;Quarterly;01/01/80
ZWE;Zimbabwe;USA;United States;USD million;2007-Q2;-110,8714366;12,76938708;Quarterly;01/01/80
ZWE;Zimbabwe;USA;United States;USD million;2007-Q3;-57,38139501;14,28413035;Quarterly;01/01/80
ZWE;Zimbabwe;USA;United States;USD million;2007-Q4;-132,3094338;14,78613166;Quarterly;01/01/80
ZWE;Zimbabwe;USA;United States;USD million;2008-Q1;-54,64886356;12,54681605;Quarterly;01/01/80
ZWE;Zimbabwe;USA;United States;USD million;2008-Q2;-35,88825514;12,69478912;Quarterly;01/01/80
ZWE;Zimbabwe;USA;United States;USD million;2008-Q3;-2,774633844;13,44020423;Quarterly;01/01/80
ZWE;Zimbabwe;USA;United States;USD million;2008-Q4;-106,3195691;13,97459171;Quarterly;01/01/80
ZWE;Zimbabwe;USA;United States;USD million;2009-Q1;-57,89207404;15,9821949;Quarterly;01/01/80
ZWE;Zimbabwe;USA;United States;USD million;2009-Q2;-50,09855626;14,57241703;Quarterly;01/01/80
ZWE;Zimbabwe;USA;United States;USD million;2009-Q3;-91,10995684;15,25378738;Quarterly;01/01/80
ZWE;Zimbabwe;USA;United States;USD million;2009-Q4;-26,35528632;11,48879924;Quarterly;01/01/80
ZWE;Zimbabwe;USA;United States;USD million;2010-Q1;-68,45236973;14,7329418;Quarterly;01/01/80
ZWE;Zimbabwe;USA;United States;USD million;2010-Q2;-72,90514434;10,93412969;Quarterly;01/01/80
ZWE;Zimbabwe;USA;United States;USD million;2010-Q3;-68,13233753;12,83561725;Quarterly;01/01/80
ZWE;Zimbabwe;USA;United States;USD million;2010-Q4;-36,77834455;12,31620858;Quarterly;01/01/80
ZWE;Zimbabwe;USA;United States;USD million;2011-Q1;-101,1001456;17,2191871;Quarterly;01/01/80
ZWE;Zimbabwe;USA;United States;USD million;2011-Q2;-33,90092102;14,24105259;Quarterly;01/01/80
ZWE;Zimbabwe;USA;United States;USD million;2011-Q3;-48,29133196;15,48724592;Quarterly;01/01/80
ZWE;Zimbabwe;USA;United States;USD million;2011-Q4;5,139023797;14,90251127;Quarterly;01/01/80
ZWE;Zimbabwe;USA;United States;USD million;2012-Q1;-58,74684182;15,57875319;Quarterly;01/01/80
ZWE;Zimbabwe;USA;United States;USD million;2012-Q2;-55,88072368;20,47859227;Quarterly;01/01/80
ZWE;Zimbabwe;USA;United States;USD million;2012-Q3;-30,61252551;15,39000196;Quarterly;01/01/80
ZWE;Zimbabwe;USA;United States;USD million;2012-Q4;-40,9005018;19,96698854;Quarterly;01/01/80
ZWE;Zimbabwe;USA;United States;USD million;2013-Q1;-62,37512217;16,07975357;Quarterly;01/01/80
ZWE;Zimbabwe;USA;United States;USD million;2013-Q2;-38,01664524;17,28420062;Quarterly;01/01/80
ZWE;Zimbabwe;USA;United States;USD million;2013-Q3;-84,1564819;12,56347238;Quarterly;01/01/80
ZWE;Zimbabwe;USA;United States;USD million;2013-Q4;-101,6876434;15,24819757;Quarterly;01/01/80
ZWE;Zimbabwe;USA;United States;USD million;2014-Q1;-41,51370415;16,54032411;Quarterly;01/01/80
ZWE;Zimbabwe;USA;United States;USD million;2014-Q2;-21,14639379;15,45581968;Quarterly;01/01/80
ZWE;Zimbabwe;USA;United States;USD million;2014-Q3;-90,96930642;15,49363839;Quarterly;01/01/80
ZWE;Zimbabwe;USA;United States;USD million;2014-Q4;-62,97086386;17,72132153;Quarterly;01/01/80
ZWE;Zimbabwe;USA;United States;USD million;2015-Q1;-143,7425082;14,10967747;Quarterly;01/01/80
ZWE;Zimbabwe;USA;United States;USD million;2015-Q2;-7,369902582;13,85066345;Quarterly;01/01/80
ZWE;Zimbabwe;USA;United States;USD million;2015-Q3;-45,53934418;15,16579305;Quarterly;01/01/80
ZWE;Zimbabwe;USA;United States;USD million;2015-Q4;3,924230374;18,63869327;Quarterly;01/01/80
ZWE;Zimbabwe;USA;United States;USD million;2016-Q1;-99,76067957;19,93450665;Quarterly;01/01/80
ZWE;Zimbabwe;USA;United States;USD million;2016-Q2;-94,95190094;14,9483192;Quarterly;01/01/80
ZWE;Zimbabwe;USA;United States;USD million;2016-Q3;-56,34682938;16,82579835;Quarterly;01/01/80
ZWE;Zimbabwe;USA;United States;USD million;2016-Q4;-44,62758708;18,88584499;Quarterly;01/01/80
ZWE;Zimbabwe;USA;United States;USD million;2017-Q1;-20,52042094;16,92495186;Quarterly;01/01/80
ZWE;Zimbabwe;USA;United States;USD million;2017-Q2;-45,23328633;17,5205074;Quarterly;01/01/80
ZWE;Zimbabwe;USA;United States;USD million;2017-Q3;-52,92485696;16,74318357;Quarterly;01/01/80
ZWE;Zimbabwe;USA;United States;USD million;2017-Q4;-3,560454973;16,50747122;Quarterly;01/01/80
ZWE;Zimbabwe;USA;United States;USD million;2018-Q1;-93,69855733;14,24094352;Quarterly;01/01/80
ZWE;Zimbabwe;USA;United States;USD million;2018-Q2;-54,43618373;16,74578549;Quarterly;01/01/80
ZWE;Zimbabwe;USA;United States;USD million;2018-Q3;21,35267898;17,32858917;Quarterly;01/01/80
ZWE;Zimbabwe;USA;United States;USD million;2018-Q4;-43,86142601;17,14638096;Quarterly;01/01/80
ZWE;Zimbabwe;USA;United States;USD million;2019-Q1;-51,3548143;18,06232567;Quarterly;01/01/80
ZWE;Zimbabwe;USA;United States;USD million;2019-Q2;-55,68223118;17,28999138;Quarterly;01/01/80
ZWE;Zimbabwe;USA;United States;USD million;2019-Q3;-28,90195803;18,90310836;Quarterly;01/01/80
ZWE;Zimbabwe;USA;United States;USD million;2019-Q4;-95,391629;21,1132824;Quarterly;01/01/80
ZWE;Zimbabwe;USA;United States;USD million;2020-Q1;-55,94995216;14,82495282;Quarterly;01/01/80
ZWE;Zimbabwe;USA;United States;USD million;2020-Q2;-50,29326999;20,77161223;Quarterly;01/01/80
ZWE;Zimbabwe;USA;United States;USD million;2020-Q3;-30,69928059;16,20516939;Quarterly;01/01/80
ZWE;Zimbabwe;USA;United States;USD million;2020-Q4;-49,06487566;17,39644272;Quarterly;01/01/80
ZWE;Zimbabwe;USA;United States;USD million;2021-Q1;-95,91521014;18,10013788;Quarterly;01/01/80
ZWE;Zimbabwe;USA;United States;USD million;2021-Q2;-31,67804181;15,05153404;Quarterly;01/01/80
ZWE;Zimbabwe;USA;United States;USD million;2021-Q3;-1,649276675;16,39404726;Quarterly;01/01/80
ZWE;Zimbabwe;USA;United States;USD million;2021-Q4;-2,164729353;18,32225888;Quarterly;01/01/80
ZWE;Zimbabwe;USA;United States;USD million;2022-Q1;-27,4161396;17,35359095;Quarterly;01/01/80
ZWE;Zimbabwe;USA;United States;USD million;2022-Q2;-26,16229699;17,94374933;Quarterly;01/01/80
ZWE;Zimbabwe;USA;United States;USD million;2022-Q3;-7,178529817;18,57549354;Quarterly;01/01/80
ZWE;Zimbabwe;USA;United States;USD million;2022-Q4;-15,60675653;20,87452454;Quarterly;01/01/80
ZWE;Zimbabwe;USA;United States;USD million;2023-Q1;-114,1520471;20,47630156;Quarterly;01/01/80
ZWE;Zimbabwe;USA;United States;USD million;2023-Q2;-88,21932719;17,00898925;Quarterly;01/01/80
ZWE;Zimbabwe;USA;United States;USD million;2023-Q3;-31,07286031;19,14392633;Quarterly;01/01/80
ZWE;Zimbabwe;USA;United States;USD million;2023-Q4;-7,869489156;19,40039328;Quarterly;01/01/80
ZWE;Zimbabwe;USA;United States;USD million;2024-Q1;-55,72311439;17,99785001;Quarterly;01/01/80
ZWE;Zimbabwe;USA;United States;USD million;2024-Q2;-123,8247875;16,9007199;Quarterly;01/01/80
ZWE;Zimbabwe;USA;United States;USD million;2024-Q3;-130,4113973;19,23404108;Quarterly;01/01/80
ZWE;Zimbabwe;USA;United States;USD million;2024-Q4;-59,53894203;17,24075672;Quarterly;01/01/80
ZWE;Zimbabwe;USA;United States;USD million;2025-Q1;-6,639142549;17,53785342;Quarterly;01/01/80
ZWE;Zimbabwe;USA;United States;USD million;2025-Q2;-66,53218673;16,69680398;Quarterly;01/01/80
ZWE;Zimbabwe;USA;United States;USD million;2025-Q3;-54,50516857;20,73595495;Quarterly;01/01/80
ZWE;Zimbabwe;USA;United States;USD million;2025-Q4;-37,3013948;19,27924837;Quarterly;01/01/80
ZWE;Zimbabwe;USA;United States;USD million;2026-Q1;-55,86383956;19,41435625;Quarterly;01/01/80
ZWE;Zimbabwe;USA;United States;USD million;2026-Q2;-36,16676732;18,3273904;Quarterly;01/01/80
ZWE;Zimbabwe;USA;United States;USD million;2026-Q3;-82,22175112;18,6678657;Quarterly;01/01/80
ZWE;Zimbabwe;ZAF;South Africa;USD million;1980-Q1;-46,10914256;14,24687576;Quarterly;01/01/80
ZWE;Zimbabwe;ZAF;South Africa;USD million;1980-Q2;-39,43764577;9,710986377;Quarterly;01/01/80
ZWE;Zimbabwe;ZAF;South Africa;USD million;1980-Q3;-81,82777519;9,774323366;Quarterly;01/01/80
ZWE;Zimbabwe;ZAF;South Africa;USD million;1980-Q4;-44,2940427;11,92815783;Quarterly;01/01/80
ZWE;Zimbabwe;ZAF;South Africa;USD million;1981-Q1;-95,5911543;9,606788777;Quarterly;01/01/80
ZWE;Zimbabwe;ZAF;South Africa;USD million;1981-Q2;-75,655363;12,61170968;Quarterly;01/01/80
ZWE;Zimbabwe;ZAF;South Africa;USD million;1981-Q3;-46,4513562;12,02203398;Quarterly;01/01/80
ZWE;Zimbabwe;ZAF;South Africa;USD million;1981-Q4;-62,69435531;12,33606373;Quarterly;01/01/80
ZWE;Zimbabwe;ZAF;South Africa;USD million;1982-Q1;-77,68778913;12,89759553;Quarterly;01/01/80
ZWE;Zimbabwe;ZAF;South Africa;USD million;1982-Q2;-54,04246314;10,62795807;Quarterly;01/01/80
ZWE;Zimbabwe;ZAF;South Africa;USD million;1982-Q3;-35,78488938;9,734580691;Quarterly;01/01/80
ZWE;Zimbabwe;ZAF;South Africa;USD million;1982-Q4;-42,30176109;12,26235148;Quarterly;01/01/80
ZWE;Zimbabwe;ZAF;South Africa;USD million;1983-Q1;-78,706062;12,61084106;Quarterly;01/01/80
ZWE;Zimbabwe;ZAF;South Africa;USD million;1983-Q2;-23,25214316;10,78110138;Quarterly;01/01/80
ZWE;Zimbabwe;ZAF;South Africa;USD million;1983-Q3;-75,26933327;12,26712913;Quarterly;01/01/80
ZWE;Zimbabwe;ZAF;South Africa;USD million;1983-Q4;-58,35258434;13,66953467;Quarterly;01/01/80
ZWE;Zimbabwe;ZAF;South Africa;USD million;1984-Q1;-63,1961399;13,39956283;Quarterly;01/01/80
ZWE;Zimbabwe;ZAF;South Africa;USD million;1984-Q2;-55,13335584;11,88037059;Quarterly;01/01/80
ZWE;Zimbabwe;ZAF;South Africa;USD million;1984-Q3;-74,03246257;11,94983544;Quarterly;01/01/80
ZWE;Zimbabwe;ZAF;South Africa;USD million;1984-Q4;-35,3540212;14,16245944;Quarterly;01/01/80
ZWE;Zimbabwe;ZAF;South Africa;USD million;1985-Q1;-69,5135248;14,73597943;Quarterly;01/01/80
ZWE;Zimbabwe;ZAF;South Africa;USD million;1985-Q2;-24,43455821;13,61743045;Quarterly;01/01/80
ZWE;Zimbabwe;ZAF;South Africa;USD million;1985-Q3;-84,00912848;12,96650956;Quarterly;01/01/80
ZWE;Zimbabwe;ZAF;South Africa;USD million;1985-Q4;14,77406492;12,71237867;Quarterly;01/01/80
ZWE;Zimbabwe;ZAF;South Africa;USD million;1986-Q1;-103,7192441;14,26231445;Quarterly;01/01/80
ZWE;Zimbabwe;ZAF;South Africa;USD million;1986-Q2;-98,1868692;11,1801143;Quarterly;01/01/80
ZWE;Zimbabwe;ZAF;South Africa;USD million;1986-Q3;-64,91302205;14,63378178;Quarterly;01/01/80
ZWE;Zimbabwe;ZAF;South Africa;USD million;1986-Q4;-97,64761851;12,89880562;Quarterly;01/01/80
ZWE;Zimbabwe;ZAF;South Africa;USD million;1987-Q1;-23,91237304;11,07723589;Quarterly;01/01/80
ZWE;Zimbabwe;ZAF;South Africa;USD million;1987-Q2;-87,83656114;16,04886045;Quarterly;01/01/80
ZWE;Zimbabwe;ZAF;South Africa;USD million;1987-Q3;-23,19759099;11,63118404;Quarterly;01/01/80
ZWE;Zimbabwe;ZAF;South Africa;USD million;1987-Q4;-26,58188427;13,34021672;Quarterly;01/01/80
ZWE;Zimbabwe;ZAF;South Africa;USD million;1988-Q1;-81,70874594;12,32692632;Quarterly;01/01/80
ZWE;Zimbabwe;ZAF;South Africa;USD million;1988-Q2;-42,72020501;11,4554888;Quarterly;01/01/80
ZWE;Zimbabwe;ZAF;South Africa;USD million;1988-Q3;-33,86617441;14,30631711;Quarterly;01/01/80
ZWE;Zimbabwe;ZAF;South Africa;USD million;1988-Q4;-82,30363963;12,73342151;Quarterly;01/01/80
ZWE;Zimbabwe;ZAF;South Africa;USD million;1989-Q1;-54,24483442;12,07527927;Quarterly;01/01/80
ZWE;Zimbabwe;ZAF;South Africa;USD million;1989-Q2;-11,89781251;11,47613207;Quarterly;01/01/80
ZWE;Zimbabwe;ZAF;South Africa;USD million;1989-Q3;-85,13858315;11,20668384;Quarterly;01/01/80
ZWE;Zimbabwe;ZAF;South Africa;USD million;1989-Q4;-26,5435543;16,8173671;Quarterly;01/01/80
ZWE;Zimbabwe;ZAF;South Africa;USD million;1990-Q1;-61,20180943;17,08814727;Quarterly;01/01/80
ZWE;Zimbabwe;ZAF;South Africa;USD million;1990-Q2;7,744513437;14,56723018;Quarterly;01/01/80
ZWE;Zimbabwe;ZAF;South Africa;USD million;1990-Q3;-1,49715642;12,63415794;Quarterly;01/01/80
ZWE;Zimbabwe;ZAF;South Africa;USD million;1990-Q4;-88,12849038;14,32071191;Quarterly;01/01/80
ZWE;Zimbabwe;ZAF;South Africa;USD million;1991-Q1;-106,7125951;15,03271463;Quarterly;01/01/80
ZWE;Zimbabwe;ZAF;South Africa;USD million;1991-Q2;-61,77675234;15,5086691;Quarterly;01/01/80
ZWE;Zimbabwe;ZAF;South Africa;USD million;1991-Q3;-67,40237328;17,39464764;Quarterly;01/01/80
ZWE;Zimbabwe;ZAF;South Africa;USD million;1991-Q4;-67,81629428;15,47581701;Quarterly;01/01/80
ZWE;Zimbabwe;ZAF;South Africa;USD million;1992-Q1;-85,12666521;13,08197025;Quarterly;01/01/80
ZWE;Zimbabwe;ZAF;South Africa;USD million;1992-Q2;-57,64910196;13,75621906;Quarterly;01/01/80
ZWE;Zimbabwe;ZAF;South Africa;USD million;1992-Q3;-24,54236431;10,86948379;Quarterly;01/01/80
ZWE;Zimbabwe;ZAF;South Africa;USD million;1992-Q4;-54,65388549;11,46988131;Quarterly;01/01/80
ZWE;Zimbabwe;ZAF;South Africa;USD million;1993-Q1;-69,99501467;14,68594449;Quarterly;01/01/80
ZWE;Zimbabwe;ZAF;South Africa;USD million;1993-Q2;-29,30310003;14,70103708;Quarterly;01/01/80
ZWE;Zimbabwe;ZAF;South Africa;USD million;1993-Q3;-83,81134409;12,09295728;Quarterly;01/01/80
ZWE;Zimbabwe;ZAF;South Africa;USD million;1993-Q4;-61,62130759;13,65673724;Quarterly;01/01/80
ZWE;Zimbabwe;ZAF;South Africa;USD million;1994-Q1;-29,48235769;12,53878066;Quarterly;01/01/80
ZWE;Zimbabwe;ZAF;South Africa;USD million;1994-Q2;-50,89443709;13,41481075;Quarterly;01/01/80
ZWE;Zimbabwe;ZAF;South Africa;USD million;1994-Q3;-81,56425707;11,00202605;Quarterly;01/01/80
ZWE;Zimbabwe;ZAF;South Africa;USD million;1994-Q4;-77,8570109;12,25907944;Quarterly;01/01/80
ZWE;Zimbabwe;ZAF;South Africa;USD million;1995-Q1;-71,69052203;13,41241818;Quarterly;01/01/80
ZWE;Zimbabwe;ZAF;South Africa;USD million;1995-Q2;-114,5567824;16,90717018;Quarterly;01/01/80
ZWE;Zimbabwe;ZAF;South Africa;USD million;1995-Q3;-38,35877584;14,99975931;Quarterly;01/01/80
ZWE;Zimbabwe;ZAF;South Africa;USD million;1995-Q4;-105,8443792;12,12585985;Quarterly;01/01/80
ZWE;Zimbabwe;ZAF;South Africa;USD million;1996-Q1;-66,955356;14,83894989;Quarterly;01/01/80
ZWE;Zimbabwe;ZAF;South Africa;USD million;1996-Q2;-53,7068881;18,0811399;Quarterly;01/01/80
ZWE;Zimbabwe;ZAF;South Africa;USD million;1996-Q3;-18,70653595;15,22883098;Quarterly;01/01/80
ZWE;Zimbabwe;ZAF;South Africa;USD million;1996-Q4;-77,60321802;14,46898914;Quarterly;01/01/80
ZWE;Zimbabwe;ZAF;South Africa;USD million;1997-Q1;-60,17469927;13,3878832;Quarterly;01/01/80
ZWE;Zimbabwe;ZAF;South Africa;USD million;1997-Q2;-116,2657724;14,84381672;Quarterly;01/01/80
ZWE;Zimbabwe;ZAF;South Africa;USD million;1997-Q3;-21,16220287;13,62626323;Quarterly;01/01/80
ZWE;Zimbabwe;ZAF;South Africa;USD million;1997-Q4;-35,70781748;12,52164793;Quarterly;01/01/80
ZWE;Zimbabwe;ZAF;South Africa;USD million;1998-Q1;-46,91459685;14,47701478;Quarterly;01/01/80
ZWE;Zimbabwe;ZAF;South Africa;USD million;1998-Q2;-66,01577849;13,64764382;Quarterly;01/01/80
ZWE;Zimbabwe;ZAF;South Africa;USD million;1998-Q3;-103,0953384;14,76790781;Quarterly;01/01/80
ZWE;Zimbabwe;ZAF;South Africa;USD million;1998-Q4;-59,6963816;16,24552063;Quarterly;01/01/80
ZWE;Zimbabwe;ZAF;South Africa;USD million;1999-Q1;-72,09948265;11,16536015;Quarterly;01/01/80
ZWE;Zimbabwe;ZAF;South Africa;USD million;1999-Q2;-82,36103404;13,83849025;Quarterly;01/01/80
ZWE;Zimbabwe;ZAF;South Africa;USD million;1999-Q3;-76,73813741;14,67044914;Quarterly;01/01/80
ZWE;Zimbabwe;ZAF;South Africa;USD million;1999-Q4;-72,95854768;14,57128114;Quarterly;01/01/80
ZWE;Zimbabwe;ZAF;South Africa;USD million;2000-Q1;-57,40166683;12,33426225;Quarterly;01/01/80
ZWE;Zimbabwe;ZAF;South Africa;USD million;2000-Q2;-61,90707801;16,77302536;Quarterly;01/01/80
ZWE;Zimbabwe;ZAF;South Africa;USD million;2000-Q3;-62,89614178;14,15833257;Quarterly;01/01/80
ZWE;Zimbabwe;ZAF;South Africa;USD million;2000-Q4;-73,44713747;14,3198193;Quarterly;01/01/80
ZWE;Zimbabwe;ZAF;South Africa;USD million;2001-Q1;-64,86365702;11,09623247;Quarterly;01/01/80
ZWE;Zimbabwe;ZAF;South Africa;USD million;2001-Q2;-66,76902715;13,71720256;Quarterly;01/01/80
ZWE;Zimbabwe;ZAF;South Africa;USD million;2001-Q3;-33,1065076;12,87925042;Quarterly;01/01/80
ZWE;Zimbabwe;ZAF;South Africa;USD million;2001-Q4;-56,29784617;18,36956091;Quarterly;01/01/80
ZWE;Zimbabwe;ZAF;South Africa;USD million;2002-Q1;-45,32155756;13,24309951;Quarterly;01/01/80
ZWE;Zimbabwe;ZAF;South Africa;USD million;2002-Q2;-95,66582206;14,16457726;Quarterly;01/01/80
ZWE;Zimbabwe;ZAF;South Africa;USD million;2002-Q3;-49,35018508;15,46836304;Quarterly;01/01/80
ZWE;Zimbabwe;ZAF;South Africa;USD million;2002-Q4;16,38120664;17,91386844;Quarterly;01/01/80
ZWE;Zimbabwe;ZAF;South Africa;USD million;2003-Q1;-13,70435493;16,21875553;Quarterly;01/01/80
ZWE;Zimbabwe;ZAF;South Africa;USD million;2003-Q2;-64,42749442;16,08071893;Quarterly;01/01/80
ZWE;Zimbabwe;ZAF;South Africa;USD million;2003-Q3;-54,85667222;18,60005073;Quarterly;01/01/80
ZWE;Zimbabwe;ZAF;South Africa;USD million;2003-Q4;-86,23535416;16,30300752;Quarterly;01/01/80
ZWE;Zimbabwe;ZAF;South Africa;USD million;2004-Q1;-51,54059857;13,1015761;Quarterly;01/01/80
ZWE;Zimbabwe;ZAF;South Africa;USD million;2004-Q2;-65,1624307;17,42616394;Quarterly;01/01/80
ZWE;Zimbabwe;ZAF;South Africa;USD million;2004-Q3;-60,0767858;21,60729753;Quarterly;01/01/80
ZWE;Zimbabwe;ZAF;South Africa;USD million;2004-Q4;-61,06046566;16,32805352;Quarterly;01/01/80
ZWE;Zimbabwe;ZAF;South Africa;USD million;2005-Q1;-103,1540212;11,88449004;Quarterly;01/01/80
ZWE;Zimbabwe;ZAF;South Africa;USD million;2005-Q2;-59,33456706;16,49539758;Quarterly;01/01/80
ZWE;Zimbabwe;ZAF;South Africa;USD million;2005-Q3;-82,6497483;15,35544593;Quarterly;01/01/80
ZWE;Zimbabwe;ZAF;South Africa;USD million;2005-Q4;-88,15107036;16,72747183;Quarterly;01/01/80
ZWE;Zimbabwe;ZAF;South Africa;USD million;2006-Q1;-25,03665103;17,93829995;Quarterly;01/01/80
ZWE;Zimbabwe;ZAF;South Africa;USD million;2006-Q2;-81,37847776;16,03725532;Quarterly;01/01/80
ZWE;Zimbabwe;ZAF;South Africa;USD million;2006-Q3;-89,36993899;13,84145645;Quarterly;01/01/80
ZWE;Zimbabwe;ZAF;South Africa;USD million;2006-Q4;-103,4246466;14,0597882;Quarterly;01/01/80
ZWE;Zimbabwe;ZAF;South Africa;USD million;2007-Q1;-59,67579346;16,05534313;Quarterly;01/01/80
ZWE;Zimbabwe;ZAF;South Africa;USD million;2007-Q2;-18,49730382;13,36540352;Quarterly;01/01/80
ZWE;Zimbabwe;ZAF;South Africa;USD million;2007-Q3;21,40052778;17,40436014;Quarterly;01/01/80
ZWE;Zimbabwe;ZAF;South Africa;USD million;2007-Q4;-96,02397395;15,51260309;Quarterly;01/01/80
ZWE;Zimbabwe;ZAF;South Africa;USD million;2008-Q1;-33,82115828;13,84091401;Quarterly;01/01/80
ZWE;Zimbabwe;ZAF;South Africa;USD million;2008-Q2;-96,10172784;17,29911257;Quarterly;01/01/80
ZWE;Zimbabwe;ZAF;South Africa;USD million;2008-Q3;-26,53720497;14,39219731;Quarterly;01/01/80
ZWE;Zimbabwe;ZAF;South Africa;USD million;2008-Q4;-47,5131799;16,63472778;Quarterly;01/01/80
ZWE;Zimbabwe;ZAF;South Africa;USD million;2009-Q1;-92,07206181;18,45407971;Quarterly;01/01/80
ZWE;Zimbabwe;ZAF;South Africa;USD million;2009-Q2;-78,59724389;14,70882657;Quarterly;01/01/80
ZWE;Zimbabwe;ZAF;South Africa;USD million;2009-Q3;-67,16535803;17,54210714;Quarterly;01/01/80
ZWE;Zimbabwe;ZAF;South Africa;USD million;2009-Q4;-47,64609757;16,56510197;Quarterly;01/01/80
ZWE;Zimbabwe;ZAF;South Africa;USD million;2010-Q1;-55,85769946;15,79491148;Quarterly;01/01/80
ZWE;Zimbabwe;ZAF;South Africa;USD million;2010-Q2;-65,14164737;13,45058137;Quarterly;01/01/80
ZWE;Zimbabwe;ZAF;South Africa;USD million;2010-Q3;-63,3807916;14,58476717;Quarterly;01/01/80
ZWE;Zimbabwe;ZAF;South Africa;USD million;2010-Q4;-46,61568027;15,66317111;Quarterly;01/01/80
ZWE;Zimbabwe;ZAF;South Africa;USD million;2011-Q1;-74,2884005;21,13311701;Quarterly;01/01/80
ZWE;Zimbabwe;ZAF;South Africa;USD million;2011-Q2;-73,87477293;15,85641132;Quarterly;01/01/80
ZWE;Zimbabwe;ZAF;South Africa;USD million;2011-Q3;-2,972081312;16,88691711;Quarterly;01/01/80
ZWE;Zimbabwe;ZAF;South Africa;USD million;2011-Q4;-24,26792325;14,21566847;Quarterly;01/01/80
ZWE;Zimbabwe;ZAF;South Africa;USD million;2012-Q1;-66,94541771;18,19180491;Quarterly;01/01/80
ZWE;Zimbabwe;ZAF;South Africa;USD million;2012-Q2;-35,64367885;23,10204245;Quarterly;01/01/80
ZWE;Zimbabwe;ZAF;South Africa;USD million;2012-Q3;4,113918683;19,1958334;Quarterly;01/01/80
ZWE;Zimbabwe;ZAF;South Africa;USD million;2012-Q4;-110,4984904;21,91384486;Quarterly;01/01/80
ZWE;Zimbabwe;ZAF;South Africa;USD million;2013-Q1;-114,0493798;21,94766019;Quarterly;01/01/80
ZWE;Zimbabwe;ZAF;South Africa;USD million;2013-Q2;-88,62222597;18,13373835;Quarterly;01/01/80
ZWE;Zimbabwe;ZAF;South Africa;USD million;2013-Q3;-97,34044021;15,54822459;Quarterly;01/01/80
ZWE;Zimbabwe;ZAF;South Africa;USD million;2013-Q4;-38,24358492;19,04867771;Quarterly;01/01/80
ZWE;Zimbabwe;ZAF;South Africa;USD million;2014-Q1;-23,41984821;18,65928277;Quarterly;01/01/80
ZWE;Zimbabwe;ZAF;South Africa;USD million;2014-Q2;-101,9680519;16,6036701;Quarterly;01/01/80
ZWE;Zimbabwe;ZAF;South Africa;USD million;2014-Q3;-28,40884531;17,10723763;Quarterly;01/01/80
ZWE;Zimbabwe;ZAF;South Africa;USD million;2014-Q4;-99,84764832;18,62197181;Quarterly;01/01/80
ZWE;Zimbabwe;ZAF;South Africa;USD million;2015-Q1;-38,74109803;18,00649587;Quarterly;01/01/80
ZWE;Zimbabwe;ZAF;South Africa;USD million;2015-Q2;-82,09193923;15,42552569;Quarterly;01/01/80
ZWE;Zimbabwe;ZAF;South Africa;USD million;2015-Q3;-64,34332849;20,20267669;Quarterly;01/01/80
ZWE;Zimbabwe;ZAF;South Africa;USD million;2015-Q4;-27,21068094;17,87662819;Quarterly;01/01/80
ZWE;Zimbabwe;ZAF;South Africa;USD million;2016-Q1;-56,61689658;22,20909235;Quarterly;01/01/80
ZWE;Zimbabwe;ZAF;South Africa;USD million;2016-Q2;-37,00421241;22,40011328;Quarterly;01/01/80
ZWE;Zimbabwe;ZAF;South Africa;USD million;2016-Q3;-24,66328991;17,4269565;Quarterly;01/01/80
ZWE;Zimbabwe;ZAF;South Africa;USD million;2016-Q4;-8,391952811;19,27258375;Quarterly;01/01/80
ZWE;Zimbabwe;ZAF;South Africa;USD million;2017-Q1;-132,9833446;20,90664595;Quarterly;01/01/80
ZWE;Zimbabwe;ZAF;South Africa;USD million;2017-Q2;-63,36677215;21,37265635;Quarterly;01/01/80
ZWE;Zimbabwe;ZAF;South Africa;USD million;2017-Q3;-78,8064198;19,67593039;Quarterly;01/01/80
ZWE;Zimbabwe;ZAF;South Africa;USD million;2017-Q4;-24,91858828;19,79230885;Quarterly;01/01/80
ZWE;Zimbabwe;ZAF;South Africa;USD million;2018-Q1;-24,38420712;16,536519;Quarterly;01/01/80
ZWE;Zimbabwe;ZAF;South Africa;USD million;2018-Q2;-104,4534354;18,87340421;Quarterly;01/01/80
ZWE;Zimbabwe;ZAF;South Africa;USD million;2018-Q3;-78,30969393;16,88815689;Quarterly;01/01/80
ZWE;Zimbabwe;ZAF;South Africa;USD million;2018-Q4;-45,89751405;19,22503342;Quarterly;01/01/80
ZWE;Zimbabwe;ZAF;South Africa;USD million;2019-Q1;-63,24921902;22,11269808;Quarterly;01/01/80
ZWE;Zimbabwe;ZAF;South Africa;USD million;2019-Q2;-38,86293282;19,05032535;Quarterly;01/01/80
ZWE;Zimbabwe;ZAF;South Africa;USD million;2019-Q3;-37,83312325;20,67335908;Quarterly;01/01/80
ZWE;Zimbabwe;ZAF;South Africa;USD million;2019-Q4;-55,81211752;21,88450613;Quarterly;01/01/80
ZWE;Zimbabwe;ZAF;South Africa;USD million;2020-Q1;-14,83388743;19,51851061;Quarterly;01/01/80
ZWE;Zimbabwe;ZAF;South Africa;USD million;2020-Q2;-47,39265972;25,22439544;Quarterly;01/01/80
ZWE;Zimbabwe;ZAF;South Africa;USD million;2020-Q3;6,644637188;20,15905746;Quarterly;01/01/80
ZWE;Zimbabwe;ZAF;South Africa;USD million;2020-Q4;-26,1224893;17,03319092;Quarterly;01/01/80
ZWE;Zimbabwe;ZAF;South Africa;USD million;2021-Q1;-67,60590485;19,92202122;Quarterly;01/01/80
ZWE;Zimbabwe;ZAF;South Africa;USD million;2021-Q2;-83,12520328;14,90648319;Quarterly;01/01/80
ZWE;Zimbabwe;ZAF;South Africa;USD million;2021-Q3;-43,07901599;18,35264806;Quarterly;01/01/80
ZWE;Zimbabwe;ZAF;South Africa;USD million;2021-Q4;-123,6880735;20,01041414;Quarterly;01/01/80
ZWE;Zimbabwe;ZAF;South Africa;USD million;2022-Q1;-85,78637228;20,81154228;Quarterly;01/01/80
ZWE;Zimbabwe;ZAF;South Africa;USD million;2022-Q2;-38,38818697;19,02594167;Quarterly;01/01/80
ZWE;Zimbabwe;ZAF;South Africa;USD million;2022-Q3;-106,4535105;19,15249301;Quarterly;01/01/80
ZWE;Zimbabwe;ZAF;South Africa;USD million;2022-Q4;-53,84067066;23,01510934;Quarterly;01/01/80
ZWE;Zimbabwe;ZAF;South Africa;USD million;2023-Q1;-48,30281023;20,83177882;Quarterly;01/01/80
ZWE;Zimbabwe;ZAF;South Africa;USD million;2023-Q2;-52,09907427;18,61218572;Quarterly;01/01/80
ZWE;Zimbabwe;ZAF;South Africa;USD million;2023-Q3;-87,23588894;20,61875913;Quarterly;01/01/80
ZWE;Zimbabwe;ZAF;South Africa;USD million;2023-Q4;-110,5107216;19,61127477;Quarterly;01/01/80
ZWE;Zimbabwe;ZAF;South Africa;USD million;2024-Q1;-40,10741527;21,21285309;Quarterly;01/01/80
ZWE;Zimbabwe;ZAF;South Africa;USD million;2024-Q2;-10,90033941;17,78298617;Quarterly;01/01/80
ZWE;Zimbabwe;ZAF;South Africa;USD million;2024-Q3;-2,491194462;18,88891089;Quarterly;01/01/80
ZWE;Zimbabwe;ZAF;South Africa;USD million;2024-Q4;-56,31846618;16,61358718;Quarterly;01/01/80
ZWE;Zimbabwe;ZAF;South Africa;USD million;2025-Q1;-69,19916138;19,05561382;Quarterly;01/01/80
ZWE;Zimbabwe;ZAF;South Africa;USD million;2025-Q2;-53,33144456;16,91282415;Quarterly;01/01/80
ZWE;Zimbabwe;ZAF;South Africa;USD million;2025-Q3;-71,39103515;26,15539791;Quarterly;01/01/80
ZWE;Zimbabwe;ZAF;South Africa;USD million;2025-Q4;-57,26792155;24,26584644;Quarterly;01/01/80
ZWE;Zimbabwe;ZAF;South Africa;USD million;2026-Q1;-68,87438499;21,83138429;Quarterly;01/01/80
ZWE;Zimbabwe;ZAF;South Africa;USD million;2026-Q2;-109,6379773;22,43016196;Quarterly;01/01/80
ZWE;Zimbabwe;ZAF;South Africa;USD million;2026-Q3;-79,22290084;20,06508084;Quarterly;01/01/80
ZWE;Zimbabwe;ZMB;Zambia;USD million;1980-Q1;-95,72993731;13,85400753;Quarterly;01/01/80
ZWE;Zimbabwe;ZMB;Zambia;USD million;1980-Q2;-60,07339057;8,680864269;Quarterly;01/01/80
ZWE;Zimbabwe;ZMB;Zambia;USD million;1980-Q3;-2,197621339;9,79996725;Quarterly;01/01/80
ZWE;Zimbabwe;ZMB;Zambia;USD million;1980-Q4;-98,17101534;10,9444601;Quarterly;01/01/80
ZWE;Zimbabwe;ZMB;Zambia;USD million;1981-Q1;-97,68052059;11,23834532;Quarterly;01/01/80
ZWE;Zimbabwe;ZMB;Zambia;USD million;1981-Q2;-76,0325175;12,18571477;Quarterly;01/01/80
ZWE;Zimbabwe;ZMB;Zambia;USD million;1981-Q3;-48,96537899;11,4912764;Quarterly;01/01/80
ZWE;Zimbabwe;ZMB;Zambia;USD million;1981-Q4;-30,48240637;10,66402245;Quarterly;01/01/80
ZWE;Zimbabwe;ZMB;Zambia;USD million;1982-Q1;4,35522667;10,70161837;Quarterly;01/01/80
ZWE;Zimbabwe;ZMB;Zambia;USD million;1982-Q2;-114,708658;11,65217511;Quarterly;01/01/80
ZWE;Zimbabwe;ZMB;Zambia;USD million;1982-Q3;-16,22166043;9,794019564;Quarterly;01/01/80
ZWE;Zimbabwe;ZMB;Zambia;USD million;1982-Q4;-52,04463067;11,52560037;Quarterly;01/01/80
ZWE;Zimbabwe;ZMB;Zambia;USD million;1983-Q1;-42,59439689;13,06303079;Quarterly;01/01/80
ZWE;Zimbabwe;ZMB;Zambia;USD million;1983-Q2;-64,03423716;11,67695319;Quarterly;01/01/80
ZWE;Zimbabwe;ZMB;Zambia;USD million;1983-Q3;-103,1053044;11,67315792;Quarterly;01/01/80
ZWE;Zimbabwe;ZMB;Zambia;USD million;1983-Q4;-102,8553309;11,09511951;Quarterly;01/01/80
ZWE;Zimbabwe;ZMB;Zambia;USD million;1984-Q1;-53,4691745;10,40794102;Quarterly;01/01/80
ZWE;Zimbabwe;ZMB;Zambia;USD million;1984-Q2;-76,39797448;10,3352207;Quarterly;01/01/80
ZWE;Zimbabwe;ZMB;Zambia;USD million;1984-Q3;-37,3227098;10,49270709;Quarterly;01/01/80
ZWE;Zimbabwe;ZMB;Zambia;USD million;1984-Q4;-92,76089873;11,85721077;Quarterly;01/01/80
ZWE;Zimbabwe;ZMB;Zambia;USD million;1985-Q1;-90,07361049;13,7096384;Quarterly;01/01/80
ZWE;Zimbabwe;ZMB;Zambia;USD million;1985-Q2;-7,474264183;12,73155083;Quarterly;01/01/80
ZWE;Zimbabwe;ZMB;Zambia;USD million;1985-Q3;-49,70641958;10,55210821;Quarterly;01/01/80
ZWE;Zimbabwe;ZMB;Zambia;USD million;1985-Q4;-33,48649011;11,66621643;Quarterly;01/01/80
ZWE;Zimbabwe;ZMB;Zambia;USD million;1986-Q1;-56,34130034;12,83614515;Quarterly;01/01/80
ZWE;Zimbabwe;ZMB;Zambia;USD million;1986-Q2;-54,65871972;10,87774127;Quarterly;01/01/80
ZWE;Zimbabwe;ZMB;Zambia;USD million;1986-Q3;-15,51336174;13,05039913;Quarterly;01/01/80
ZWE;Zimbabwe;ZMB;Zambia;USD million;1986-Q4;-81,43027345;10,56009097;Quarterly;01/01/80
ZWE;Zimbabwe;ZMB;Zambia;USD million;1987-Q1;-89,82848007;11,55571798;Quarterly;01/01/80
ZWE;Zimbabwe;ZMB;Zambia;USD million;1987-Q2;-27,05154906;13,84820722;Quarterly;01/01/80
ZWE;Zimbabwe;ZMB;Zambia;USD million;1987-Q3;-58,72739848;11,99056434;Quarterly;01/01/80
ZWE;Zimbabwe;ZMB;Zambia;USD million;1987-Q4;-69,03488772;11,39634755;Quarterly;01/01/80
ZWE;Zimbabwe;ZMB;Zambia;USD million;1988-Q1;-62,53909781;11,50728411;Quarterly;01/01/80
ZWE;Zimbabwe;ZMB;Zambia;USD million;1988-Q2;-106,0873757;10,26109043;Quarterly;01/01/80
ZWE;Zimbabwe;ZMB;Zambia;USD million;1988-Q3;-32,20919573;10,87121283;Quarterly;01/01/80
ZWE;Zimbabwe;ZMB;Zambia;USD million;1988-Q4;-19,65938381;13,31364269;Quarterly;01/01/80
ZWE;Zimbabwe;ZMB;Zambia;USD million;1989-Q1;-76,13096092;12,44697664;Quarterly;01/01/80
ZWE;Zimbabwe;ZMB;Zambia;USD million;1989-Q2;-99,78936006;13,05736374;Quarterly;01/01/80
ZWE;Zimbabwe;ZMB;Zambia;USD million;1989-Q3;-109,8381545;12,84570962;Quarterly;01/01/80
ZWE;Zimbabwe;ZMB;Zambia;USD million;1989-Q4;-27,44947945;14,12565123;Quarterly;01/01/80
ZWE;Zimbabwe;ZMB;Zambia;USD million;1990-Q1;-79,80663608;15,26377999;Quarterly;01/01/80
ZWE;Zimbabwe;ZMB;Zambia;USD million;1990-Q2;-58,67610822;12,23127298;Quarterly;01/01/80
ZWE;Zimbabwe;ZMB;Zambia;USD million;1990-Q3;-54,01716394;12,38557462;Quarterly;01/01/80
ZWE;Zimbabwe;ZMB;Zambia;USD million;1990-Q4;-32,35889039;13,85900497;Quarterly;01/01/80
ZWE;Zimbabwe;ZMB;Zambia;USD million;1991-Q1;-10,3580863;15,37690071;Quarterly;01/01/80
ZWE;Zimbabwe;ZMB;Zambia;USD million;1991-Q2;-28,77856363;14,43271084;Quarterly;01/01/80
ZWE;Zimbabwe;ZMB;Zambia;USD million;1991-Q3;-78,90641845;14,57230136;Quarterly;01/01/80
ZWE;Zimbabwe;ZMB;Zambia;USD million;1991-Q4;-76,65771293;13,14255156;Quarterly;01/01/80
ZWE;Zimbabwe;ZMB;Zambia;USD million;1992-Q1;-123,5157317;13,58549731;Quarterly;01/01/80
ZWE;Zimbabwe;ZMB;Zambia;USD million;1992-Q2;-54,15020359;14,68275749;Quarterly;01/01/80
ZWE;Zimbabwe;ZMB;Zambia;USD million;1992-Q3;-58,17671488;12,30177372;Quarterly;01/01/80
ZWE;Zimbabwe;ZMB;Zambia;USD million;1992-Q4;-88,92812481;12,21004115;Quarterly;01/01/80
ZWE;Zimbabwe;ZMB;Zambia;USD million;1993-Q1;-72,56383217;13,44371943;Quarterly;01/01/80
ZWE;Zimbabwe;ZMB;Zambia;USD million;1993-Q2;-95,79875723;12,16287715;Quarterly;01/01/80
ZWE;Zimbabwe;ZMB;Zambia;USD million;1993-Q3;-49,95217263;11,88883682;Quarterly;01/01/80
ZWE;Zimbabwe;ZMB;Zambia;USD million;1993-Q4;-118,2332535;12,06417284;Quarterly;01/01/80
ZWE;Zimbabwe;ZMB;Zambia;USD million;1994-Q1;-96,05978171;11,58248826;Quarterly;01/01/80
ZWE;Zimbabwe;ZMB;Zambia;USD million;1994-Q2;-32,9679475;12,47640955;Quarterly;01/01/80
ZWE;Zimbabwe;ZMB;Zambia;USD million;1994-Q3;-29,42177593;12,17998345;Quarterly;01/01/80
ZWE;Zimbabwe;ZMB;Zambia;USD million;1994-Q4;-36,64170715;12,33292638;Quarterly;01/01/80
ZWE;Zimbabwe;ZMB;Zambia;USD million;1995-Q1;-82,72617991;11,65016432;Quarterly;01/01/80
ZWE;Zimbabwe;ZMB;Zambia;USD million;1995-Q2;-95,23302917;14,4142138;Quarterly;01/01/80
ZWE;Zimbabwe;ZMB;Zambia;USD million;1995-Q3;-60,77717072;12,22334064;Quarterly;01/01/80
ZWE;Zimbabwe;ZMB;Zambia;USD million;1995-Q4;-63,82528638;12,32609787;Quarterly;01/01/80
ZWE;Zimbabwe;ZMB;Zambia;USD million;1996-Q1;-90,60579192;13,41385944;Quarterly;01/01/80
ZWE;Zimbabwe;ZMB;Zambia;USD million;1996-Q2;-22,61528135;16,93808692;Quarterly;01/01/80
ZWE;Zimbabwe;ZMB;Zambia;USD million;1996-Q3;-26,54544864;16,12839717;Quarterly;01/01/80
ZWE;Zimbabwe;ZMB;Zambia;USD million;1996-Q4;-95,23076364;14,28107804;Quarterly;01/01/80
ZWE;Zimbabwe;ZMB;Zambia;USD million;1997-Q1;-83,14859454;12,61707931;Quarterly;01/01/80
ZWE;Zimbabwe;ZMB;Zambia;USD million;1997-Q2;-105,1351443;16,04942014;Quarterly;01/01/80
ZWE;Zimbabwe;ZMB;Zambia;USD million;1997-Q3;-19,3720823;13,12589793;Quarterly;01/01/80
ZWE;Zimbabwe;ZMB;Zambia;USD million;1997-Q4;-16,42334438;11,75379901;Quarterly;01/01/80
ZWE;Zimbabwe;ZMB;Zambia;USD million;1998-Q1;-33,78352326;13,33156931;Quarterly;01/01/80
ZWE;Zimbabwe;ZMB;Zambia;USD million;1998-Q2;-80,59551376;13,38929732;Quarterly;01/01/80
ZWE;Zimbabwe;ZMB;Zambia;USD million;1998-Q3;-59,64098718;12,3291195;Quarterly;01/01/80
ZWE;Zimbabwe;ZMB;Zambia;USD million;1998-Q4;-35,59398727;14,61219797;Quarterly;01/01/80
ZWE;Zimbabwe;ZMB;Zambia;USD million;1999-Q1;-86,9138986;13,39117793;Quarterly;01/01/80
ZWE;Zimbabwe;ZMB;Zambia;USD million;1999-Q2;-76,97634236;11,76615614;Quarterly;01/01/80
ZWE;Zimbabwe;ZMB;Zambia;USD million;1999-Q3;-34,76354272;13,05940201;Quarterly;01/01/80
ZWE;Zimbabwe;ZMB;Zambia;USD million;1999-Q4;-117,9632434;11,91747864;Quarterly;01/01/80
ZWE;Zimbabwe;ZMB;Zambia;USD million;2000-Q1;-45,75913113;12,02907857;Quarterly;01/01/80
ZWE;Zimbabwe;ZMB;Zambia;USD million;2000-Q2;-131,1019032;13,7598199;Quarterly;01/01/80
ZWE;Zimbabwe;ZMB;Zambia;USD million;2000-Q3;-36,49243716;12,86030407;Quarterly;01/01/80
ZWE;Zimbabwe;ZMB;Zambia;USD million;2000-Q4;-67,25486603;14,59172325;Quarterly;01/01/80
ZWE;Zimbabwe;ZMB;Zambia;USD million;2001-Q1;-53,97136289;11,66127729;Quarterly;01/01/80
ZWE;Zimbabwe;ZMB;Zambia;USD million;2001-Q2;-103,204077;12,85959851;Quarterly;01/01/80
ZWE;Zimbabwe;ZMB;Zambia;USD million;2001-Q3;-49,83562221;13,22109038;Quarterly;01/01/80
ZWE;Zimbabwe;ZMB;Zambia;USD million;2001-Q4;-123,6845699;14,76237847;Quarterly;01/01/80
ZWE;Zimbabwe;ZMB;Zambia;USD million;2002-Q1;-45,24186447;12,61434467;Quarterly;01/01/80
ZWE;Zimbabwe;ZMB;Zambia;USD million;2002-Q2;-108,3623633;14,38819091;Quarterly;01/01/80
ZWE;Zimbabwe;ZMB;Zambia;USD million;2002-Q3;-83,99151147;14,52630314;Quarterly;01/01/80
ZWE;Zimbabwe;ZMB;Zambia;USD million;2002-Q4;-35,75822592;13,41640502;Quarterly;01/01/80
ZWE;Zimbabwe;ZMB;Zambia;USD million;2003-Q1;-43,63292478;16,68170345;Quarterly;01/01/80
ZWE;Zimbabwe;ZMB;Zambia;USD million;2003-Q2;-26,54584981;14,73019196;Quarterly;01/01/80
ZWE;Zimbabwe;ZMB;Zambia;USD million;2003-Q3;-74,49622124;15,93927828;Quarterly;01/01/80
ZWE;Zimbabwe;ZMB;Zambia;USD million;2003-Q4;-24,16317227;12,70241049;Quarterly;01/01/80
ZWE;Zimbabwe;ZMB;Zambia;USD million;2004-Q1;-58,37460466;12,99976628;Quarterly;01/01/80
ZWE;Zimbabwe;ZMB;Zambia;USD million;2004-Q2;-36,56470124;14,25124017;Quarterly;01/01/80
ZWE;Zimbabwe;ZMB;Zambia;USD million;2004-Q3;-43,59434384;16,55609025;Quarterly;01/01/80
ZWE;Zimbabwe;ZMB;Zambia;USD million;2004-Q4;-68,49998263;15,49719302;Quarterly;01/01/80
ZWE;Zimbabwe;ZMB;Zambia;USD million;2005-Q1;-73,73267386;9,777671378;Quarterly;01/01/80
ZWE;Zimbabwe;ZMB;Zambia;USD million;2005-Q2;-65,28738586;15,96744207;Quarterly;01/01/80
ZWE;Zimbabwe;ZMB;Zambia;USD million;2005-Q3;10,82465144;14,06886758;Quarterly;01/01/80
ZWE;Zimbabwe;ZMB;Zambia;USD million;2005-Q4;-107,5248594;15,14362169;Quarterly;01/01/80
ZWE;Zimbabwe;ZMB;Zambia;USD million;2006-Q1;-34,33497421;18,71436256;Quarterly;01/01/80
ZWE;Zimbabwe;ZMB;Zambia;USD million;2006-Q2;-10,51949303;15,65744111;Quarterly;01/01/80
ZWE;Zimbabwe;ZMB;Zambia;USD million;2006-Q3;-93,12856372;14,55666498;Quarterly;01/01/80
ZWE;Zimbabwe;ZMB;Zambia;USD million;2006-Q4;-31,81534096;14,60744543;Quarterly;01/01/80
ZWE;Zimbabwe;ZMB;Zambia;USD million;2007-Q1;-57,64968684;14,98436246;Quarterly;01/01/80
ZWE;Zimbabwe;ZMB;Zambia;USD million;2007-Q2;-105,0667671;14,61330276;Quarterly;01/01/80
ZWE;Zimbabwe;ZMB;Zambia;USD million;2007-Q3;-48,30482988;12,29862841;Quarterly;01/01/80
ZWE;Zimbabwe;ZMB;Zambia;USD million;2007-Q4;-79,10054304;14,69529727;Quarterly;01/01/80
ZWE;Zimbabwe;ZMB;Zambia;USD million;2008-Q1;-69,81149342;13,76329939;Quarterly;01/01/80
ZWE;Zimbabwe;ZMB;Zambia;USD million;2008-Q2;-19,66967547;13,43591194;Quarterly;01/01/80
ZWE;Zimbabwe;ZMB;Zambia;USD million;2008-Q3;-69,73477816;15,74471917;Quarterly;01/01/80
ZWE;Zimbabwe;ZMB;Zambia;USD million;2008-Q4;-72,82172824;12,36496371;Quarterly;01/01/80
ZWE;Zimbabwe;ZMB;Zambia;USD million;2009-Q1;-62,66377812;16,2765254;Quarterly;01/01/80
ZWE;Zimbabwe;ZMB;Zambia;USD million;2009-Q2;-82,71574914;14,8560962;Quarterly;01/01/80
ZWE;Zimbabwe;ZMB;Zambia;USD million;2009-Q3;-28,59599304;15,39835747;Quarterly;01/01/80
ZWE;Zimbabwe;ZMB;Zambia;USD million;2009-Q4;-58,89110013;13,69869256;Quarterly;01/01/80
ZWE;Zimbabwe;ZMB;Zambia;USD million;2010-Q1;-43,51506097;13,5718246;Quarterly;01/01/80
ZWE;Zimbabwe;ZMB;Zambia;USD million;2010-Q2;-61,94790458;13,05982517;Quarterly;01/01/80
ZWE;Zimbabwe;ZMB;Zambia;USD million;2010-Q3;-47,11603076;15,88885865;Quarterly;01/01/80
ZWE;Zimbabwe;ZMB;Zambia;USD million;2010-Q4;-47,86378008;15,03240754;Quarterly;01/01/80
ZWE;Zimbabwe;ZMB;Zambia;USD million;2011-Q1;-28,66847257;19,00999573;Quarterly;01/01/80
ZWE;Zimbabwe;ZMB;Zambia;USD million;2011-Q2;-90,57985463;16,21227332;Quarterly;01/01/80
ZWE;Zimbabwe;ZMB;Zambia;USD million;2011-Q3;-38,39740564;16,17401946;Quarterly;01/01/80
ZWE;Zimbabwe;ZMB;Zambia;USD million;2011-Q4;-37,78094105;15,27200682;Quarterly;01/01/80
ZWE;Zimbabwe;ZMB;Zambia;USD million;2012-Q1;-54,36203913;16,66150848;Quarterly;01/01/80
ZWE;Zimbabwe;ZMB;Zambia;USD million;2012-Q2;-28,30741829;20,27383588;Quarterly;01/01/80
ZWE;Zimbabwe;ZMB;Zambia;USD million;2012-Q3;-60,15764293;18,16220329;Quarterly;01/01/80
ZWE;Zimbabwe;ZMB;Zambia;USD million;2012-Q4;-30,87187702;23,25681381;Quarterly;01/01/80
ZWE;Zimbabwe;ZMB;Zambia;USD million;2013-Q1;-64,66170559;19,73704695;Quarterly;01/01/80
ZWE;Zimbabwe;ZMB;Zambia;USD million;2013-Q2;-62,72046039;20,02464087;Quarterly;01/01/80
ZWE;Zimbabwe;ZMB;Zambia;USD million;2013-Q3;-37,70305464;12,7774584;Quarterly;01/01/80
ZWE;Zimbabwe;ZMB;Zambia;USD million;2013-Q4;-91,30013724;14,28088512;Quarterly;01/01/80
ZWE;Zimbabwe;ZMB;Zambia;USD million;2014-Q1;-77,3126554;17,00258433;Quarterly;01/01/80
ZWE;Zimbabwe;ZMB;Zambia;USD million;2014-Q2;-78,29097175;14,19745898;Quarterly;01/01/80
ZWE;Zimbabwe;ZMB;Zambia;USD million;2014-Q3;-88,83700708;15,85082376;Quarterly;01/01/80
ZWE;Zimbabwe;ZMB;Zambia;USD million;2014-Q4;-58,49386654;17,46593201;Quarterly;01/01/80
ZWE;Zimbabwe;ZMB;Zambia;USD million;2015-Q1;-17,34672711;17,83100559;Quarterly;01/01/80
ZWE;Zimbabwe;ZMB;Zambia;USD million;2015-Q2;-108,2450372;15,63623849;Quarterly;01/01/80
ZWE;Zimbabwe;ZMB;Zambia;USD million;2015-Q3;-50,07330596;18,55156822;Quarterly;01/01/80
ZWE;Zimbabwe;ZMB;Zambia;USD million;2015-Q4;-64,41844008;20,89222765;Quarterly;01/01/80
ZWE;Zimbabwe;ZMB;Zambia;USD million;2016-Q1;-13,73589731;19,8527342;Quarterly;01/01/80
ZWE;Zimbabwe;ZMB;Zambia;USD million;2016-Q2;-21,07178151;19,18430217;Quarterly;01/01/80
ZWE;Zimbabwe;ZMB;Zambia;USD million;2016-Q3;-83,62107747;14,47019658;Quarterly;01/01/80
ZWE;Zimbabwe;ZMB;Zambia;USD million;2016-Q4;-43,73771637;20,14765315;Quarterly;01/01/80
ZWE;Zimbabwe;ZMB;Zambia;USD million;2017-Q1;10,45615946;20,52451613;Quarterly;01/01/80
ZWE;Zimbabwe;ZMB;Zambia;USD million;2017-Q2;-38,3758224;19,28802919;Quarterly;01/01/80
ZWE;Zimbabwe;ZMB;Zambia;USD million;2017-Q3;-99,74700371;16,55853878;Quarterly;01/01/80
ZWE;Zimbabwe;ZMB;Zambia;USD million;2017-Q4;-34,58498558;19,33942732;Quarterly;01/01/80
ZWE;Zimbabwe;ZMB;Zambia;USD million;2018-Q1;-92,42916426;14,99267869;Quarterly;01/01/80
ZWE;Zimbabwe;ZMB;Zambia;USD million;2018-Q2;-67,5261443;20,75744229;Quarterly;01/01/80
ZWE;Zimbabwe;ZMB;Zambia;USD million;2018-Q3;-49,32706713;16,47094086;Quarterly;01/01/80
ZWE;Zimbabwe;ZMB;Zambia;USD million;2018-Q4;-122,2659444;19,5380244;Quarterly;01/01/80
ZWE;Zimbabwe;ZMB;Zambia;USD million;2019-Q1;-40,66058679;18,17713815;Quarterly;01/01/80
ZWE;Zimbabwe;ZMB;Zambia;USD million;2019-Q2;-89,07700748;17,06061635;Quarterly;01/01/80
ZWE;Zimbabwe;ZMB;Zambia;USD million;2019-Q3;-121,1421187;20,564678;Quarterly;01/01/80
ZWE;Zimbabwe;ZMB;Zambia;USD million;2019-Q4;-61,96215767;19,07534364;Quarterly;01/01/80
ZWE;Zimbabwe;ZMB;Zambia;USD million;2020-Q1;-72,06370527;19,82694951;Quarterly;01/01/80
ZWE;Zimbabwe;ZMB;Zambia;USD million;2020-Q2;-71,41898185;23,17709381;Quarterly;01/01/80
ZWE;Zimbabwe;ZMB;Zambia;USD million;2020-Q3;-96,37055848;16,69684032;Quarterly;01/01/80
ZWE;Zimbabwe;ZMB;Zambia;USD million;2020-Q4;-92,14752851;17,48829365;Quarterly;01/01/80
ZWE;Zimbabwe;ZMB;Zambia;USD million;2021-Q1;-49,57236515;16,80468664;Quarterly;01/01/80
ZWE;Zimbabwe;ZMB;Zambia;USD million;2021-Q2;-73,89014565;14,65075068;Quarterly;01/01/80
ZWE;Zimbabwe;ZMB;Zambia;USD million;2021-Q3;-56,25473233;16,59862822;Quarterly;01/01/80
ZWE;Zimbabwe;ZMB;Zambia;USD million;2021-Q4;-87,05660551;20,55697642;Quarterly;01/01/80
ZWE;Zimbabwe;ZMB;Zambia;USD million;2022-Q1;-138,2128484;18,01450196;Quarterly;01/01/80
ZWE;Zimbabwe;ZMB;Zambia;USD million;2022-Q2;-81,42737181;22,24462793;Quarterly;01/01/80
ZWE;Zimbabwe;ZMB;Zambia;USD million;2022-Q3;-102,3037942;19,19613256;Quarterly;01/01/80
ZWE;Zimbabwe;ZMB;Zambia;USD million;2022-Q4;-51,6145277;21,38022747;Quarterly;01/01/80
ZWE;Zimbabwe;ZMB;Zambia;USD million;2023-Q1;-105,5201558;21,28768242;Quarterly;01/01/80
ZWE;Zimbabwe;ZMB;Zambia;USD million;2023-Q2;-15,48091071;18,23889196;Quarterly;01/01/80
ZWE;Zimbabwe;ZMB;Zambia;USD million;2023-Q3;-24,32722328;19,44388495;Quarterly;01/01/80
ZWE;Zimbabwe;ZMB;Zambia;USD million;2023-Q4;-106,9003121;20,85473547;Quarterly;01/01/80
ZWE;Zimbabwe;ZMB;Zambia;USD million;2024-Q1;-57,09304919;18,57802502;Quarterly;01/01/80
ZWE;Zimbabwe;ZMB;Zambia;USD million;2024-Q2;-50,35172334;20,6927501;Quarterly;01/01/80
ZWE;Zimbabwe;ZMB;Zambia;USD million;2024-Q3;-57,89176614;19,60517882;Quarterly;01/01/80
ZWE;Zimbabwe;ZMB;Zambia;USD million;2024-Q4;8,272352484;16,42971992;Quarterly;01/01/80
ZWE;Zimbabwe;ZMB;Zambia;USD million;2025-Q1;-85,45473504;18,65632193;Quarterly;01/01/80
ZWE;Zimbabwe;ZMB;Zambia;USD million;2025-Q2;-38,55330191;15,09092471;Quarterly;01/01/80
ZWE;Zimbabwe;ZMB;Zambia;USD million;2025-Q3;-58,6414013;23,28451244;Quarterly;01/01/80
ZWE;Zimbabwe;ZMB;Zambia;USD million;2025-Q4;-55,55909563;21,78866953;Quarterly;01/01/80
ZWE;Zimbabwe;ZMB;Zambia;USD million;2026-Q1;-31,85051587;20,87001688;Quarterly;01/01/80
ZWE;Zimbabwe;ZMB;Zambia;USD million;2026-Q2;-126,614912;21,05952015;Quarterly;01/01/80
ZWE;Zimbabwe;ZMB;Zambia;USD million;2026-Q3;-72,666591;20,68909869;Quarterly;01/01/80