iso3;country;service;unit;period;exports;imports;net;frequency;date
ZWE;Zimbabwe;Business Services;USD million;1980-Q1;19,5083546;27,08376118;-7,50632016;Quarterly;01/01/80
ZWE;Zimbabwe;Business Services;USD million;1980-Q2;20,78127424;23,83405988;-3,313885411;Quarterly;01/01/80
ZWE;Zimbabwe;Business Services;USD million;1980-Q3;19,95087861;25,26269753;-4,408783698;Quarterly;01/01/80
ZWE;Zimbabwe;Business Services;USD million;1980-Q4;16,67031603;22,84057725;-6,79554276;Quarterly;01/01/80
ZWE;Zimbabwe;Business Services;USD million;1981-Q1;20,27265069;21,32797979;-4,640904349;Quarterly;01/01/80
ZWE;Zimbabwe;Business Services;USD million;1981-Q2;20,4142647;25,95426914;-5,097469917;Quarterly;01/01/80
ZWE;Zimbabwe;Business Services;USD million;1981-Q3;20,87278796;24,69072911;-3,858330781;Quarterly;01/01/80
ZWE;Zimbabwe;Business Services;USD million;1981-Q4;23,00531474;23,54055465;-4,259696538;Quarterly;01/01/80
ZWE;Zimbabwe;Business Services;USD million;1982-Q1;21,08451093;29,89984213;-8,128542433;Quarterly;01/01/80
ZWE;Zimbabwe;Business Services;USD million;1982-Q2;19,87881697;24,76948364;-4,644407439;Quarterly;01/01/80
ZWE;Zimbabwe;Business Services;USD million;1982-Q3;19,46292935;27,75245874;-7,850223693;Quarterly;01/01/80
ZWE;Zimbabwe;Business Services;USD million;1982-Q4;17,96595289;22,74965746;-5,519302189;Quarterly;01/01/80
ZWE;Zimbabwe;Business Services;USD million;1983-Q1;16,24266951;26,93001282;-9,665087378;Quarterly;01/01/80
ZWE;Zimbabwe;Business Services;USD million;1983-Q2;19,89497263;25,67508963;-5,094490474;Quarterly;01/01/80
ZWE;Zimbabwe;Business Services;USD million;1983-Q3;18,50945175;25,13835142;-6,939048689;Quarterly;01/01/80
ZWE;Zimbabwe;Business Services;USD million;1983-Q4;18,50596095;28,20308812;-8,060621254;Quarterly;01/01/80
ZWE;Zimbabwe;Business Services;USD million;1984-Q1;19,21276446;26,21086121;-9,696504727;Quarterly;01/01/80
ZWE;Zimbabwe;Business Services;USD million;1984-Q2;21,6424353;25,64595603;-5,678361274;Quarterly;01/01/80
ZWE;Zimbabwe;Business Services;USD million;1984-Q3;17,96478364;28,12512757;-9,492300778;Quarterly;01/01/80
ZWE;Zimbabwe;Business Services;USD million;1984-Q4;18,57699522;25,82504371;-6,253722746;Quarterly;01/01/80
ZWE;Zimbabwe;Business Services;USD million;1985-Q1;19,49972747;26,93903988;-6,181622743;Quarterly;01/01/80
ZWE;Zimbabwe;Business Services;USD million;1985-Q2;20,80126363;25,0183682;-5,814245781;Quarterly;01/01/80
ZWE;Zimbabwe;Business Services;USD million;1985-Q3;20,8645316;23,14328872;-5,295279213;Quarterly;01/01/80
ZWE;Zimbabwe;Business Services;USD million;1985-Q4;17,92098874;26,76838896;-7,322106583;Quarterly;01/01/80
ZWE;Zimbabwe;Business Services;USD million;1986-Q1;16,81238721;29,5348895;-10,92756019;Quarterly;01/01/80
ZWE;Zimbabwe;Business Services;USD million;1986-Q2;20,49528857;27,06313952;-8,150693766;Quarterly;01/01/80
ZWE;Zimbabwe;Business Services;USD million;1986-Q3;20,88044852;27,08609839;-5,826254877;Quarterly;01/01/80
ZWE;Zimbabwe;Business Services;USD million;1986-Q4;20,81794263;26,28286051;-4,169668691;Quarterly;01/01/80
ZWE;Zimbabwe;Business Services;USD million;1987-Q1;19,21751688;25,50346848;-4,769226413;Quarterly;01/01/80
ZWE;Zimbabwe;Business Services;USD million;1987-Q2;19,27201541;31,07965878;-9,688861288;Quarterly;01/01/80
ZWE;Zimbabwe;Business Services;USD million;1987-Q3;19,61387971;25,37825417;-6,978697297;Quarterly;01/01/80
ZWE;Zimbabwe;Business Services;USD million;1987-Q4;25,10311437;26,4269364;-3,728238513;Quarterly;01/01/80
ZWE;Zimbabwe;Business Services;USD million;1988-Q1;18,19597058;25,20278035;-7,462352478;Quarterly;01/01/80
ZWE;Zimbabwe;Business Services;USD million;1988-Q2;21,98030549;25,99941071;-5,375688348;Quarterly;01/01/80
ZWE;Zimbabwe;Business Services;USD million;1988-Q3;20,90911384;26,86689517;-4,550540081;Quarterly;01/01/80
ZWE;Zimbabwe;Business Services;USD million;1988-Q4;22,05090602;27,73614862;-4,884397707;Quarterly;01/01/80
ZWE;Zimbabwe;Business Services;USD million;1989-Q1;19,62147764;30,25816884;-7,666158065;Quarterly;01/01/80
ZWE;Zimbabwe;Business Services;USD million;1989-Q2;20,57401747;22,92703568;-4,51427014;Quarterly;01/01/80
ZWE;Zimbabwe;Business Services;USD million;1989-Q3;21,21582313;25,00750128;-5,814932265;Quarterly;01/01/80
ZWE;Zimbabwe;Business Services;USD million;1989-Q4;22,39456635;25,99908027;-4,581487479;Quarterly;01/01/80
ZWE;Zimbabwe;Business Services;USD million;1990-Q1;21,83565958;30,50230626;-9,944726717;Quarterly;01/01/80
ZWE;Zimbabwe;Business Services;USD million;1990-Q2;22,4267949;30,1324976;-6,531085762;Quarterly;01/01/80
ZWE;Zimbabwe;Business Services;USD million;1990-Q3;21,03263578;29,6012357;-7,917406398;Quarterly;01/01/80
ZWE;Zimbabwe;Business Services;USD million;1990-Q4;22,04873927;26,78596748;-5,199273597;Quarterly;01/01/80
ZWE;Zimbabwe;Business Services;USD million;1991-Q1;19,68762506;25,89518388;-4,235362761;Quarterly;01/01/80
ZWE;Zimbabwe;Business Services;USD million;1991-Q2;20,89879847;26,46974055;-4,339468187;Quarterly;01/01/80
ZWE;Zimbabwe;Business Services;USD million;1991-Q3;19,30510323;26,22798487;-3,878404665;Quarterly;01/01/80
ZWE;Zimbabwe;Business Services;USD million;1991-Q4;21,6574141;25,74204556;-5,38745888;Quarterly;01/01/80
ZWE;Zimbabwe;Business Services;USD million;1992-Q1;24,63657631;30,52519675;-4,512158458;Quarterly;01/01/80
ZWE;Zimbabwe;Business Services;USD million;1992-Q2;19,24383447;27,36641749;-8,023076295;Quarterly;01/01/80
ZWE;Zimbabwe;Business Services;USD million;1992-Q3;21,64806819;32,29966349;-7,162534876;Quarterly;01/01/80
ZWE;Zimbabwe;Business Services;USD million;1992-Q4;21,00818154;26,51520211;-4,287563198;Quarterly;01/01/80
ZWE;Zimbabwe;Business Services;USD million;1993-Q1;19,29260994;25,68436093;-5,964152188;Quarterly;01/01/80
ZWE;Zimbabwe;Business Services;USD million;1993-Q2;24,55235122;29,29749377;-3,057014812;Quarterly;01/01/80
ZWE;Zimbabwe;Business Services;USD million;1993-Q3;23,92149039;28,72897799;-4,597222403;Quarterly;01/01/80
ZWE;Zimbabwe;Business Services;USD million;1993-Q4;22,21085937;27,31537965;-5,721281387;Quarterly;01/01/80
ZWE;Zimbabwe;Business Services;USD million;1994-Q1;23,60583329;27,50671136;-5,228277695;Quarterly;01/01/80
ZWE;Zimbabwe;Business Services;USD million;1994-Q2;18,48870681;31,53810329;-11,22999883;Quarterly;01/01/80
ZWE;Zimbabwe;Business Services;USD million;1994-Q3;21,28626052;24,96283907;-5,027220491;Quarterly;01/01/80
ZWE;Zimbabwe;Business Services;USD million;1994-Q4;18,00111289;28,91306195;-9,258172308;Quarterly;01/01/80
ZWE;Zimbabwe;Business Services;USD million;1995-Q1;23,25101201;28,88525708;-5,65740903;Quarterly;01/01/80
ZWE;Zimbabwe;Business Services;USD million;1995-Q2;22,17923443;27,12274912;-5,490272292;Quarterly;01/01/80
ZWE;Zimbabwe;Business Services;USD million;1995-Q3;25,89121903;29,22164066;-2,971785334;Quarterly;01/01/80
ZWE;Zimbabwe;Business Services;USD million;1995-Q4;21,14559253;28,87095547;-7,38297687;Quarterly;01/01/80
ZWE;Zimbabwe;Business Services;USD million;1996-Q1;22,10079148;33,72365389;-8,164202581;Quarterly;01/01/80
ZWE;Zimbabwe;Business Services;USD million;1996-Q2;21,29379488;30,7222771;-9,096636324;Quarterly;01/01/80
ZWE;Zimbabwe;Business Services;USD million;1996-Q3;22,20620407;30,98955636;-4,838049477;Quarterly;01/01/80
ZWE;Zimbabwe;Business Services;USD million;1996-Q4;23,65344658;28,67359942;-7,517908433;Quarterly;01/01/80
ZWE;Zimbabwe;Business Services;USD million;1997-Q1;19,02352316;27,3512145;-7,640928075;Quarterly;01/01/80
ZWE;Zimbabwe;Business Services;USD million;1997-Q2;21,92828955;28,19727437;-5,047806102;Quarterly;01/01/80
ZWE;Zimbabwe;Business Services;USD million;1997-Q3;23,01179406;28,69255632;-5,162734202;Quarterly;01/01/80
ZWE;Zimbabwe;Business Services;USD million;1997-Q4;23,58514103;31,88488516;-7,463436595;Quarterly;01/01/80
ZWE;Zimbabwe;Business Services;USD million;1998-Q1;23,61958178;31,85698664;-6,450138485;Quarterly;01/01/80
ZWE;Zimbabwe;Business Services;USD million;1998-Q2;24,18716839;27,37860866;-5,254271895;Quarterly;01/01/80
ZWE;Zimbabwe;Business Services;USD million;1998-Q3;23,42977581;24,5308956;-2,872345488;Quarterly;01/01/80
ZWE;Zimbabwe;Business Services;USD million;1998-Q4;27,24248312;23,79587036;-0,567389634;Quarterly;01/01/80
ZWE;Zimbabwe;Business Services;USD million;1999-Q1;22,8279844;30,75079361;-7,523957738;Quarterly;01/01/80
ZWE;Zimbabwe;Business Services;USD million;1999-Q2;25,93871844;28,11928729;-1,09144286;Quarterly;01/01/80
ZWE;Zimbabwe;Business Services;USD million;1999-Q3;25,59475226;28,50609254;-2,656410817;Quarterly;01/01/80
ZWE;Zimbabwe;Business Services;USD million;1999-Q4;23,39683872;30,20405678;-6,11753626;Quarterly;01/01/80
ZWE;Zimbabwe;Business Services;USD million;2000-Q1;27,49379196;27,13510842;-1,453160015;Quarterly;01/01/80
ZWE;Zimbabwe;Business Services;USD million;2000-Q2;25,41323642;32,72835337;-8,194217618;Quarterly;01/01/80
ZWE;Zimbabwe;Business Services;USD million;2000-Q3;24,52574979;28,14510785;-4,555715451;Quarterly;01/01/80
ZWE;Zimbabwe;Business Services;USD million;2000-Q4;25,4906841;30,03153348;-4,597078269;Quarterly;01/01/80
ZWE;Zimbabwe;Business Services;USD million;2001-Q1;26,23490543;32,05053411;-7,688031858;Quarterly;01/01/80
ZWE;Zimbabwe;Business Services;USD million;2001-Q2;25,99188054;28,78435174;-3,817536324;Quarterly;01/01/80
ZWE;Zimbabwe;Business Services;USD million;2001-Q3;21,50007084;29,87959627;-7,184678893;Quarterly;01/01/80
ZWE;Zimbabwe;Business Services;USD million;2001-Q4;20,4367435;31,14241714;-7,890323965;Quarterly;01/01/80
ZWE;Zimbabwe;Business Services;USD million;2002-Q1;27,93438557;36,03629201;-5,190492692;Quarterly;01/01/80
ZWE;Zimbabwe;Business Services;USD million;2002-Q2;24,83222148;30,19091884;-7,293926697;Quarterly;01/01/80
ZWE;Zimbabwe;Business Services;USD million;2002-Q3;23,71329301;28,41099537;-4,934111853;Quarterly;01/01/80
ZWE;Zimbabwe;Business Services;USD million;2002-Q4;26,33741707;31,3396008;-4,019918512;Quarterly;01/01/80
ZWE;Zimbabwe;Business Services;USD million;2003-Q1;24,85181258;34,15930423;-9,201603991;Quarterly;01/01/80
ZWE;Zimbabwe;Business Services;USD million;2003-Q2;24,11561569;30,94724196;-9,739240805;Quarterly;01/01/80
ZWE;Zimbabwe;Business Services;USD million;2003-Q3;24,80856148;31,56679312;-5,956275271;Quarterly;01/01/80
ZWE;Zimbabwe;Business Services;USD million;2003-Q4;26,13247344;30,97934993;-5,195320794;Quarterly;01/01/80
ZWE;Zimbabwe;Business Services;USD million;2004-Q1;24,91672055;32,17461644;-8,526053474;Quarterly;01/01/80
ZWE;Zimbabwe;Business Services;USD million;2004-Q2;21,99114204;33,08814171;-10,67112369;Quarterly;01/01/80
ZWE;Zimbabwe;Business Services;USD million;2004-Q3;24,20516948;31,59763927;-3,951548888;Quarterly;01/01/80
ZWE;Zimbabwe;Business Services;USD million;2004-Q4;24,90466018;34,63987112;-6,69300911;Quarterly;01/01/80
ZWE;Zimbabwe;Business Services;USD million;2005-Q1;30,47429155;31,34000363;-3,0978468;Quarterly;01/01/80
ZWE;Zimbabwe;Business Services;USD million;2005-Q2;24,70240461;32,33042143;-5,584646329;Quarterly;01/01/80
ZWE;Zimbabwe;Business Services;USD million;2005-Q3;25,20401515;33,30241211;-5,133371712;Quarterly;01/01/80
ZWE;Zimbabwe;Business Services;USD million;2005-Q4;27,69259968;32,58691939;-3,717278297;Quarterly;01/01/80
ZWE;Zimbabwe;Business Services;USD million;2006-Q1;27,26291494;28,39817622;-3,060972069;Quarterly;01/01/80
ZWE;Zimbabwe;Business Services;USD million;2006-Q2;30,56373794;38,35627727;-7,592954351;Quarterly;01/01/80
ZWE;Zimbabwe;Business Services;USD million;2006-Q3;30,43980805;31,89586697;-1,354264043;Quarterly;01/01/80
ZWE;Zimbabwe;Business Services;USD million;2006-Q4;28,23026117;34,33277613;-3,438325314;Quarterly;01/01/80
ZWE;Zimbabwe;Business Services;USD million;2007-Q1;25,4731003;32,13868395;-6,816957397;Quarterly;01/01/80
ZWE;Zimbabwe;Business Services;USD million;2007-Q2;28,14003424;34,79918063;-3,401295833;Quarterly;01/01/80
ZWE;Zimbabwe;Business Services;USD million;2007-Q3;29,25744448;29,70985092;0,869115995;Quarterly;01/01/80
ZWE;Zimbabwe;Business Services;USD million;2007-Q4;27,30593544;30,68178735;-2,740152071;Quarterly;01/01/80
ZWE;Zimbabwe;Business Services;USD million;2008-Q1;27,01951721;33,57094707;-6,70946503;Quarterly;01/01/80
ZWE;Zimbabwe;Business Services;USD million;2008-Q2;26,33697528;29,33657239;-0,935739321;Quarterly;01/01/80
ZWE;Zimbabwe;Business Services;USD million;2008-Q3;31,75873344;33,62550633;-0,843454377;Quarterly;01/01/80
ZWE;Zimbabwe;Business Services;USD million;2008-Q4;28,23414188;34,36727916;-9,08689009;Quarterly;01/01/80
ZWE;Zimbabwe;Business Services;USD million;2009-Q1;27,48182937;29,26066685;-3,050721818;Quarterly;01/01/80
ZWE;Zimbabwe;Business Services;USD million;2009-Q2;26,0679909;31,42102324;-5,519183088;Quarterly;01/01/80
ZWE;Zimbabwe;Business Services;USD million;2009-Q3;28,11863769;34,11756788;-7,682856185;Quarterly;01/01/80
ZWE;Zimbabwe;Business Services;USD million;2009-Q4;28,94448973;34,03883682;-5,783343018;Quarterly;01/01/80
ZWE;Zimbabwe;Business Services;USD million;2010-Q1;27,24957674;31,14699982;-2,220201555;Quarterly;01/01/80
ZWE;Zimbabwe;Business Services;USD million;2010-Q2;28,45196866;32,20210849;-4,367122023;Quarterly;01/01/80
ZWE;Zimbabwe;Business Services;USD million;2010-Q3;26,18707346;36,6440589;-9,360918381;Quarterly;01/01/80
ZWE;Zimbabwe;Business Services;USD million;2010-Q4;29,02680082;30,58375003;-0,05603684;Quarterly;01/01/80
ZWE;Zimbabwe;Business Services;USD million;2011-Q1;37,02131171;34,25101683;0,073324757;Quarterly;01/01/80
ZWE;Zimbabwe;Business Services;USD million;2011-Q2;29,83021488;32,2522574;-4,317517874;Quarterly;01/01/80
ZWE;Zimbabwe;Business Services;USD million;2011-Q3;27,96867742;32,06006755;-5,264154262;Quarterly;01/01/80
ZWE;Zimbabwe;Business Services;USD million;2011-Q4;26,54850678;42,50045275;-14,16502663;Quarterly;01/01/80
ZWE;Zimbabwe;Business Services;USD million;2012-Q1;26,29785772;34,54193853;-7,791421118;Quarterly;01/01/80
ZWE;Zimbabwe;Business Services;USD million;2012-Q2;29,90265308;38,68475828;-7,199656102;Quarterly;01/01/80
ZWE;Zimbabwe;Business Services;USD million;2012-Q3;29,91484926;35,05511951;-2,627670091;Quarterly;01/01/80
ZWE;Zimbabwe;Business Services;USD million;2012-Q4;26,91452155;36,75927257;-5,428201081;Quarterly;01/01/80
ZWE;Zimbabwe;Business Services;USD million;2013-Q1;32,70749208;39,6266492;-7,243785445;Quarterly;01/01/80
ZWE;Zimbabwe;Business Services;USD million;2013-Q2;31,71768052;37,67670187;-7,078834415;Quarterly;01/01/80
ZWE;Zimbabwe;Business Services;USD million;2013-Q3;31,11884529;41,10203167;-9,415642861;Quarterly;01/01/80
ZWE;Zimbabwe;Business Services;USD million;2013-Q4;31,48525348;37,49861944;-7,552954444;Quarterly;01/01/80
ZWE;Zimbabwe;Business Services;USD million;2014-Q1;30,45713914;35,10014342;-8,04784157;Quarterly;01/01/80
ZWE;Zimbabwe;Business Services;USD million;2014-Q2;31,45207533;36,42606626;-7,196902666;Quarterly;01/01/80
ZWE;Zimbabwe;Business Services;USD million;2014-Q3;26,63503657;38,1917333;-10,7413359;Quarterly;01/01/80
ZWE;Zimbabwe;Business Services;USD million;2014-Q4;27,05586668;34,04221391;-9,674547049;Quarterly;01/01/80
ZWE;Zimbabwe;Business Services;USD million;2015-Q1;33,14765613;38,18335838;-6,111838505;Quarterly;01/01/80
ZWE;Zimbabwe;Business Services;USD million;2015-Q2;30,24321975;43,76989759;-11,60995211;Quarterly;01/01/80
ZWE;Zimbabwe;Business Services;USD million;2015-Q3;26,77726365;33,39027125;-6,178508248;Quarterly;01/01/80
ZWE;Zimbabwe;Business Services;USD million;2015-Q4;28,01889543;38,14032457;-7,899920048;Quarterly;01/01/80
ZWE;Zimbabwe;Business Services;USD million;2016-Q1;27,32460916;38,64659695;-9,174957543;Quarterly;01/01/80
ZWE;Zimbabwe;Business Services;USD million;2016-Q2;32,95539233;36,70346528;-8,6047308;Quarterly;01/01/80
ZWE;Zimbabwe;Business Services;USD million;2016-Q3;27,48371369;44,41572886;-12,2453518;Quarterly;01/01/80
ZWE;Zimbabwe;Business Services;USD million;2016-Q4;27,54951056;40,56239807;-9,651441544;Quarterly;01/01/80
ZWE;Zimbabwe;Business Services;USD million;2017-Q1;29,41164231;33,91468671;-4,619235381;Quarterly;01/01/80
ZWE;Zimbabwe;Business Services;USD million;2017-Q2;30,14681518;35,43551974;-6,337628494;Quarterly;01/01/80
ZWE;Zimbabwe;Business Services;USD million;2017-Q3;26,9886323;37,57208364;-8,085567427;Quarterly;01/01/80
ZWE;Zimbabwe;Business Services;USD million;2017-Q4;26,13443358;32,61451541;-5,737155131;Quarterly;01/01/80
ZWE;Zimbabwe;Business Services;USD million;2018-Q1;29,17250119;44,19926319;-12,89624333;Quarterly;01/01/80
ZWE;Zimbabwe;Business Services;USD million;2018-Q2;30,27190358;40,23089774;-9,625781343;Quarterly;01/01/80
ZWE;Zimbabwe;Business Services;USD million;2018-Q3;26,08423998;37,06816962;-10,61801438;Quarterly;01/01/80
ZWE;Zimbabwe;Business Services;USD million;2018-Q4;27,82198184;37,28841429;-9,741801666;Quarterly;01/01/80
ZWE;Zimbabwe;Business Services;USD million;2019-Q1;30,1025019;41,14201912;-8,088788809;Quarterly;01/01/80
ZWE;Zimbabwe;Business Services;USD million;2019-Q2;28,40899039;38,98101318;-8,530847132;Quarterly;01/01/80
ZWE;Zimbabwe;Business Services;USD million;2019-Q3;27,9709775;36,062213;-5,848494828;Quarterly;01/01/80
ZWE;Zimbabwe;Business Services;USD million;2019-Q4;26,65877755;42,37330103;-12,35944982;Quarterly;01/01/80
ZWE;Zimbabwe;Business Services;USD million;2020-Q1;28,29385979;37,9729955;-11,692768;Quarterly;01/01/80
ZWE;Zimbabwe;Business Services;USD million;2020-Q2;29,9560667;34,26693134;-5,096937578;Quarterly;01/01/80
ZWE;Zimbabwe;Business Services;USD million;2020-Q3;27,74324053;40,67019597;-9,361860247;Quarterly;01/01/80
ZWE;Zimbabwe;Business Services;USD million;2020-Q4;30,08769306;37,9855091;-12,47598977;Quarterly;01/01/80
ZWE;Zimbabwe;Business Services;USD million;2021-Q1;32,24606302;42,71998933;-8,599015983;Quarterly;01/01/80
ZWE;Zimbabwe;Business Services;USD million;2021-Q2;28,73746328;38,28694518;-8,658628424;Quarterly;01/01/80
ZWE;Zimbabwe;Business Services;USD million;2021-Q3;32,88126482;36,98645865;-5,325389795;Quarterly;01/01/80
ZWE;Zimbabwe;Business Services;USD million;2021-Q4;30,9221908;41,82016428;-10,21169898;Quarterly;01/01/80
ZWE;Zimbabwe;Business Services;USD million;2022-Q1;35,7104556;41,18131456;-9,263665221;Quarterly;01/01/80
ZWE;Zimbabwe;Business Services;USD million;2022-Q2;33,74457605;37,16311846;-5,487397285;Quarterly;01/01/80
ZWE;Zimbabwe;Business Services;USD million;2022-Q3;31,72952261;42,84208777;-8,022032331;Quarterly;01/01/80
ZWE;Zimbabwe;Business Services;USD million;2022-Q4;31,25752971;37,90746095;-8,278794525;Quarterly;01/01/80
ZWE;Zimbabwe;Business Services;USD million;2023-Q1;35,12393438;38,35069021;-5,874849512;Quarterly;01/01/80
ZWE;Zimbabwe;Business Services;USD million;2023-Q2;28,17283308;41,86323627;-10,7106365;Quarterly;01/01/80
ZWE;Zimbabwe;Business Services;USD million;2023-Q3;31,10051491;40,70377551;-7,428607866;Quarterly;01/01/80
ZWE;Zimbabwe;Business Services;USD million;2023-Q4;28,43715941;39,46530671;-12,3113353;Quarterly;01/01/80
ZWE;Zimbabwe;Business Services;USD million;2024-Q1;29,42739254;41,7904243;-11,86503034;Quarterly;01/01/80
ZWE;Zimbabwe;Business Services;USD million;2024-Q2;31,61349032;42,84992328;-8,599850567;Quarterly;01/01/80
ZWE;Zimbabwe;Business Services;USD million;2024-Q3;30,67067073;44,51997514;-14,87063826;Quarterly;01/01/80
ZWE;Zimbabwe;Business Services;USD million;2024-Q4;34,92700661;40,03587534;-10,27403356;Quarterly;01/01/80
ZWE;Zimbabwe;Business Services;USD million;2025-Q1;28,78360315;48,36259082;-12,73873067;Quarterly;01/01/80
ZWE;Zimbabwe;Business Services;USD million;2025-Q2;27,68653587;46,27466413;-14,79980761;Quarterly;01/01/80
ZWE;Zimbabwe;Business Services;USD million;2025-Q3;28,55346427;42,01254495;-13,93107682;Quarterly;01/01/80
ZWE;Zimbabwe;Business Services;USD million;2025-Q4;36,62918052;42,19943181;-6,75705089;Quarterly;01/01/80
ZWE;Zimbabwe;Business Services;USD million;2026-Q1;28,43425843;38,6014247;-9,803467053;Quarterly;01/01/80
ZWE;Zimbabwe;Business Services;USD million;2026-Q2;29,04786694;39,70607837;-12,50409944;Quarterly;01/01/80
ZWE;Zimbabwe;Business Services;USD million;2026-Q3;33,3404105;40,86618193;-8,389105351;Quarterly;01/01/80
ZWE;Zimbabwe;Construction;USD million;1980-Q1;18,35045506;24,58469875;-7,336961723;Quarterly;01/01/80
ZWE;Zimbabwe;Construction;USD million;1980-Q2;18,40095609;25,65233934;-3,763971207;Quarterly;01/01/80
ZWE;Zimbabwe;Construction;USD million;1980-Q3;19,11300113;24,95772154;-4,258836666;Quarterly;01/01/80
ZWE;Zimbabwe;Construction;USD million;1980-Q4;15,89236738;23,03021278;-6,598738755;Quarterly;01/01/80
ZWE;Zimbabwe;Construction;USD million;1981-Q1;19,39182863;22,71137099;-4,36564686;Quarterly;01/01/80
ZWE;Zimbabwe;Construction;USD million;1981-Q2;18,56308202;25,14691196;-4,527675479;Quarterly;01/01/80
ZWE;Zimbabwe;Construction;USD million;1981-Q3;19,75745687;23,88206076;-3,68189968;Quarterly;01/01/80
ZWE;Zimbabwe;Construction;USD million;1981-Q4;20,5328387;24,80828011;-4,487990482;Quarterly;01/01/80
ZWE;Zimbabwe;Construction;USD million;1982-Q1;21,46736437;27,71822433;-8,331076727;Quarterly;01/01/80
ZWE;Zimbabwe;Construction;USD million;1982-Q2;19,35426222;24,74819366;-4,926607881;Quarterly;01/01/80
ZWE;Zimbabwe;Construction;USD million;1982-Q3;17,94735232;27,5127824;-7,789711991;Quarterly;01/01/80
ZWE;Zimbabwe;Construction;USD million;1982-Q4;18,24420865;23,7364216;-5,61163934;Quarterly;01/01/80
ZWE;Zimbabwe;Construction;USD million;1983-Q1;18,39558563;26,66916481;-9,619902492;Quarterly;01/01/80
ZWE;Zimbabwe;Construction;USD million;1983-Q2;21,43870527;24,12871269;-5,235870493;Quarterly;01/01/80
ZWE;Zimbabwe;Construction;USD million;1983-Q3;17,85011126;26,88465099;-6,73187021;Quarterly;01/01/80
ZWE;Zimbabwe;Construction;USD million;1983-Q4;18,2874873;28,13923574;-8,017062663;Quarterly;01/01/80
ZWE;Zimbabwe;Construction;USD million;1984-Q1;17,39569207;25,86008678;-9,404445457;Quarterly;01/01/80
ZWE;Zimbabwe;Construction;USD million;1984-Q2;19,49093561;26,31118023;-5,522366251;Quarterly;01/01/80
ZWE;Zimbabwe;Construction;USD million;1984-Q3;18,18144518;28,62332037;-9,42213314;Quarterly;01/01/80
ZWE;Zimbabwe;Construction;USD million;1984-Q4;17,63063908;23,61418611;-5,877536977;Quarterly;01/01/80
ZWE;Zimbabwe;Construction;USD million;1985-Q1;21,08432152;26,05645972;-6,492091683;Quarterly;01/01/80
ZWE;Zimbabwe;Construction;USD million;1985-Q2;20,12690598;26,62377295;-5,498676721;Quarterly;01/01/80
ZWE;Zimbabwe;Construction;USD million;1985-Q3;19,99390118;24,14650597;-5,063336402;Quarterly;01/01/80
ZWE;Zimbabwe;Construction;USD million;1985-Q4;17,30502101;27,64251619;-7,381753169;Quarterly;01/01/80
ZWE;Zimbabwe;Construction;USD million;1986-Q1;17,69387163;30,11530353;-10,9726059;Quarterly;01/01/80
ZWE;Zimbabwe;Construction;USD million;1986-Q2;21,38900111;27,87334561;-7,326302176;Quarterly;01/01/80
ZWE;Zimbabwe;Construction;USD million;1986-Q3;23,22394655;26,76005338;-5,607070743;Quarterly;01/01/80
ZWE;Zimbabwe;Construction;USD million;1986-Q4;20,9485526;23,9020052;-4,387073946;Quarterly;01/01/80
ZWE;Zimbabwe;Construction;USD million;1987-Q1;19,40790371;26,99213965;-4,987229383;Quarterly;01/01/80
ZWE;Zimbabwe;Construction;USD million;1987-Q2;18,00079054;28,01033183;-10,0613735;Quarterly;01/01/80
ZWE;Zimbabwe;Construction;USD million;1987-Q3;19,38683748;25,84139904;-6,642058415;Quarterly;01/01/80
ZWE;Zimbabwe;Construction;USD million;1987-Q4;23,65006181;23,96519936;-3,64725502;Quarterly;01/01/80
ZWE;Zimbabwe;Construction;USD million;1988-Q1;19,36539178;26,83842922;-6,822098792;Quarterly;01/01/80
ZWE;Zimbabwe;Construction;USD million;1988-Q2;19,18861904;24,73146097;-5,274730929;Quarterly;01/01/80
ZWE;Zimbabwe;Construction;USD million;1988-Q3;20,10017391;24,32351129;-4,868850858;Quarterly;01/01/80
ZWE;Zimbabwe;Construction;USD million;1988-Q4;22,4030902;26,62664427;-5,10311676;Quarterly;01/01/80
ZWE;Zimbabwe;Construction;USD million;1989-Q1;20,38541367;29,40350335;-8,067331332;Quarterly;01/01/80
ZWE;Zimbabwe;Construction;USD million;1989-Q2;18,12187191;25,80171188;-4,613946783;Quarterly;01/01/80
ZWE;Zimbabwe;Construction;USD million;1989-Q3;19,95949063;26,23786711;-5,790800925;Quarterly;01/01/80
ZWE;Zimbabwe;Construction;USD million;1989-Q4;23,92003314;25,63716967;-4,837302789;Quarterly;01/01/80
ZWE;Zimbabwe;Construction;USD million;1990-Q1;21,0809915;32,01892898;-9,739186038;Quarterly;01/01/80
ZWE;Zimbabwe;Construction;USD million;1990-Q2;21,54004824;28,75020123;-6,518017341;Quarterly;01/01/80
ZWE;Zimbabwe;Construction;USD million;1990-Q3;21,28622215;27,08053786;-7,8758648;Quarterly;01/01/80
ZWE;Zimbabwe;Construction;USD million;1990-Q4;22,69482171;27,84397986;-5,228340279;Quarterly;01/01/80
ZWE;Zimbabwe;Construction;USD million;1991-Q1;22,00339865;25,13527263;-4,469703114;Quarterly;01/01/80
ZWE;Zimbabwe;Construction;USD million;1991-Q2;20,94611277;29,197309;-4,378371833;Quarterly;01/01/80
ZWE;Zimbabwe;Construction;USD million;1991-Q3;20,75977067;25,9318285;-3,924761091;Quarterly;01/01/80
ZWE;Zimbabwe;Construction;USD million;1991-Q4;21,2984625;24,83193399;-5,190791005;Quarterly;01/01/80
ZWE;Zimbabwe;Construction;USD million;1992-Q1;22,29927461;28,06315023;-4,20599413;Quarterly;01/01/80
ZWE;Zimbabwe;Construction;USD million;1992-Q2;18,74490691;28,89894401;-8,101472469;Quarterly;01/01/80
ZWE;Zimbabwe;Construction;USD million;1992-Q3;23,4059004;33,11259224;-7,179384569;Quarterly;01/01/80
ZWE;Zimbabwe;Construction;USD million;1992-Q4;23,64169227;29,1139044;-4,069415947;Quarterly;01/01/80
ZWE;Zimbabwe;Construction;USD million;1993-Q1;20,33691089;23,9332673;-5,629779358;Quarterly;01/01/80
ZWE;Zimbabwe;Construction;USD million;1993-Q2;25,19238596;27,5459635;-3,23711428;Quarterly;01/01/80
ZWE;Zimbabwe;Construction;USD million;1993-Q3;24,17563554;27,59745442;-4,918872901;Quarterly;01/01/80
ZWE;Zimbabwe;Construction;USD million;1993-Q4;21,68681563;27,53522311;-5,615510348;Quarterly;01/01/80
ZWE;Zimbabwe;Construction;USD million;1994-Q1;21,57859842;27,35207165;-5,084913926;Quarterly;01/01/80
ZWE;Zimbabwe;Construction;USD million;1994-Q2;18,59688717;29,40772093;-11,13075418;Quarterly;01/01/80
ZWE;Zimbabwe;Construction;USD million;1994-Q3;21,47385921;27,54921208;-4,956495768;Quarterly;01/01/80
ZWE;Zimbabwe;Construction;USD million;1994-Q4;18,60090673;30,4507868;-8,732717601;Quarterly;01/01/80
ZWE;Zimbabwe;Construction;USD million;1995-Q1;23,12693455;27,84839029;-5,969705778;Quarterly;01/01/80
ZWE;Zimbabwe;Construction;USD million;1995-Q2;24,7916155;28,08565587;-5,20719437;Quarterly;01/01/80
ZWE;Zimbabwe;Construction;USD million;1995-Q3;22,08663696;26,98515021;-3,033546131;Quarterly;01/01/80
ZWE;Zimbabwe;Construction;USD million;1995-Q4;22,47579905;29,8185578;-7,254914648;Quarterly;01/01/80
ZWE;Zimbabwe;Construction;USD million;1996-Q1;21,83922851;29,34833569;-9,54698667;Quarterly;01/01/80
ZWE;Zimbabwe;Construction;USD million;1996-Q2;23,61292231;28,51137874;-8,713400736;Quarterly;01/01/80
ZWE;Zimbabwe;Construction;USD million;1996-Q3;22,55822135;26,70700223;-4,470577197;Quarterly;01/01/80
ZWE;Zimbabwe;Construction;USD million;1996-Q4;23,23804523;30,03266994;-7,815220056;Quarterly;01/01/80
ZWE;Zimbabwe;Construction;USD million;1997-Q1;19,02949633;28,34716331;-7,606766056;Quarterly;01/01/80
ZWE;Zimbabwe;Construction;USD million;1997-Q2;22,82774035;27,58754626;-5,016299095;Quarterly;01/01/80
ZWE;Zimbabwe;Construction;USD million;1997-Q3;23,61913716;29,65544472;-5,106710144;Quarterly;01/01/80
ZWE;Zimbabwe;Construction;USD million;1997-Q4;24,43918585;31,87661745;-7,695100555;Quarterly;01/01/80
ZWE;Zimbabwe;Construction;USD million;1998-Q1;24,47213473;33,27328229;-6,408084299;Quarterly;01/01/80
ZWE;Zimbabwe;Construction;USD million;1998-Q2;22,59017471;30,84538029;-5,075140593;Quarterly;01/01/80
ZWE;Zimbabwe;Construction;USD million;1998-Q3;24,90329576;27,6003084;-2,818755558;Quarterly;01/01/80
ZWE;Zimbabwe;Construction;USD million;1998-Q4;25,2009739;25,70565279;-0,496522476;Quarterly;01/01/80
ZWE;Zimbabwe;Construction;USD million;1999-Q1;20,90147999;28,48092112;-7,779215366;Quarterly;01/01/80
ZWE;Zimbabwe;Construction;USD million;1999-Q2;26,27083381;27,12328541;-1,148305902;Quarterly;01/01/80
ZWE;Zimbabwe;Construction;USD million;1999-Q3;25,4018979;26,89897195;-2,572883122;Quarterly;01/01/80
ZWE;Zimbabwe;Construction;USD million;1999-Q4;23,59576231;32,97806258;-6,0755482;Quarterly;01/01/80
ZWE;Zimbabwe;Construction;USD million;2000-Q1;24,61580951;26,35790277;-1,541042641;Quarterly;01/01/80
ZWE;Zimbabwe;Construction;USD million;2000-Q2;23,08928881;29,63325752;-8,217714539;Quarterly;01/01/80
ZWE;Zimbabwe;Construction;USD million;2000-Q3;25,45243889;30,64268998;-4,555570043;Quarterly;01/01/80
ZWE;Zimbabwe;Construction;USD million;2000-Q4;23,98903885;31,78502008;-4,634718613;Quarterly;01/01/80
ZWE;Zimbabwe;Construction;USD million;2001-Q1;24,35565228;33,39812378;-8,134116857;Quarterly;01/01/80
ZWE;Zimbabwe;Construction;USD million;2001-Q2;28,22271685;35,57544119;-3,912886613;Quarterly;01/01/80
ZWE;Zimbabwe;Construction;USD million;2001-Q3;21,92098235;29,8037191;-7,427115895;Quarterly;01/01/80
ZWE;Zimbabwe;Construction;USD million;2001-Q4;24,68309926;32,82038286;-8,310396896;Quarterly;01/01/80
ZWE;Zimbabwe;Construction;USD million;2002-Q1;26,92366571;31,68718313;-5,360673451;Quarterly;01/01/80
ZWE;Zimbabwe;Construction;USD million;2002-Q2;23,86269387;31,38641348;-7,344308181;Quarterly;01/01/80
ZWE;Zimbabwe;Construction;USD million;2002-Q3;24,12011473;29,99108911;-5,103849257;Quarterly;01/01/80
ZWE;Zimbabwe;Construction;USD million;2002-Q4;25,5757034;30,24211786;-3,932572125;Quarterly;01/01/80
ZWE;Zimbabwe;Construction;USD million;2003-Q1;28,07622342;33,82894241;-9,185394825;Quarterly;01/01/80
ZWE;Zimbabwe;Construction;USD million;2003-Q2;21,56539496;30,13687593;-8,927714702;Quarterly;01/01/80
ZWE;Zimbabwe;Construction;USD million;2003-Q3;26,46030384;33,34717526;-5,602643498;Quarterly;01/01/80
ZWE;Zimbabwe;Construction;USD million;2003-Q4;27,49605049;32,68614331;-5,133157145;Quarterly;01/01/80
ZWE;Zimbabwe;Construction;USD million;2004-Q1;23,80137946;34,58658414;-8,74656067;Quarterly;01/01/80
ZWE;Zimbabwe;Construction;USD million;2004-Q2;24,2788325;36,33981365;-10,16347877;Quarterly;01/01/80
ZWE;Zimbabwe;Construction;USD million;2004-Q3;25,60549417;29,39012279;-3,931749559;Quarterly;01/01/80
ZWE;Zimbabwe;Construction;USD million;2004-Q4;24,51502742;31,17667003;-6,983693581;Quarterly;01/01/80
ZWE;Zimbabwe;Construction;USD million;2005-Q1;32,38867518;33,26486562;-3,135938653;Quarterly;01/01/80
ZWE;Zimbabwe;Construction;USD million;2005-Q2;25,15718763;29,98129797;-5,701258775;Quarterly;01/01/80
ZWE;Zimbabwe;Construction;USD million;2005-Q3;27,92012342;33,9639669;-4,924067837;Quarterly;01/01/80
ZWE;Zimbabwe;Construction;USD million;2005-Q4;28,47963451;32,65028744;-3,707065918;Quarterly;01/01/80
ZWE;Zimbabwe;Construction;USD million;2006-Q1;23,60848353;32,93330361;-2,872439837;Quarterly;01/01/80
ZWE;Zimbabwe;Construction;USD million;2006-Q2;29,10431918;38,97890881;-7,439207455;Quarterly;01/01/80
ZWE;Zimbabwe;Construction;USD million;2006-Q3;31,75804905;32,02362319;-1,324977138;Quarterly;01/01/80
ZWE;Zimbabwe;Construction;USD million;2006-Q4;26,97951095;32,63358053;-3,513320352;Quarterly;01/01/80
ZWE;Zimbabwe;Construction;USD million;2007-Q1;27,31700198;34,22396514;-6,868762384;Quarterly;01/01/80
ZWE;Zimbabwe;Construction;USD million;2007-Q2;28,52530284;31,66379224;-3,201036893;Quarterly;01/01/80
ZWE;Zimbabwe;Construction;USD million;2007-Q3;27,85838043;30,14120236;0,858161341;Quarterly;01/01/80
ZWE;Zimbabwe;Construction;USD million;2007-Q4;27,23880302;29,11323363;-2,712837347;Quarterly;01/01/80
ZWE;Zimbabwe;Construction;USD million;2008-Q1;28,40379735;32,86892596;-6,413597154;Quarterly;01/01/80
ZWE;Zimbabwe;Construction;USD million;2008-Q2;29,32425566;29,21316945;-0,942688523;Quarterly;01/01/80
ZWE;Zimbabwe;Construction;USD million;2008-Q3;30,530748;33,49016603;-0,945305398;Quarterly;01/01/80
ZWE;Zimbabwe;Construction;USD million;2008-Q4;28,57288002;34,85893639;-8,841037857;Quarterly;01/01/80
ZWE;Zimbabwe;Construction;USD million;2009-Q1;30,74783411;31,84796151;-3,106328163;Quarterly;01/01/80
ZWE;Zimbabwe;Construction;USD million;2009-Q2;24,82868707;33,92742338;-5,566474898;Quarterly;01/01/80
ZWE;Zimbabwe;Construction;USD million;2009-Q3;26,12026584;35,25212186;-7,631778569;Quarterly;01/01/80
ZWE;Zimbabwe;Construction;USD million;2009-Q4;27,23532805;34,07582515;-5,617554027;Quarterly;01/01/80
ZWE;Zimbabwe;Construction;USD million;2010-Q1;29,15176944;31,48872377;-2,207268838;Quarterly;01/01/80
ZWE;Zimbabwe;Construction;USD million;2010-Q2;29,83594808;34,02813624;-3,680213261;Quarterly;01/01/80
ZWE;Zimbabwe;Construction;USD million;2010-Q3;26,6296419;34,66892208;-8,71940616;Quarterly;01/01/80
ZWE;Zimbabwe;Construction;USD million;2010-Q4;28,67231256;27,35261217;0,058592471;Quarterly;01/01/80
ZWE;Zimbabwe;Construction;USD million;2011-Q1;31,32744909;33,58385797;0,047799984;Quarterly;01/01/80
ZWE;Zimbabwe;Construction;USD million;2011-Q2;28,33679858;34,69937075;-4,446274243;Quarterly;01/01/80
ZWE;Zimbabwe;Construction;USD million;2011-Q3;27,15593405;31,29099371;-5,032738743;Quarterly;01/01/80
ZWE;Zimbabwe;Construction;USD million;2011-Q4;27,06125834;44,97636331;-14,60839875;Quarterly;01/01/80
ZWE;Zimbabwe;Construction;USD million;2012-Q1;26,16931585;34,4043488;-7,79318196;Quarterly;01/01/80
ZWE;Zimbabwe;Construction;USD million;2012-Q2;28,74788857;35,06360794;-7,799818555;Quarterly;01/01/80
ZWE;Zimbabwe;Construction;USD million;2012-Q3;31,41285932;30,79625366;-2,782641462;Quarterly;01/01/80
ZWE;Zimbabwe;Construction;USD million;2012-Q4;30,12182828;34,19724356;-5,146523819;Quarterly;01/01/80
ZWE;Zimbabwe;Construction;USD million;2013-Q1;31,68280373;38,23004431;-7,28164945;Quarterly;01/01/80
ZWE;Zimbabwe;Construction;USD million;2013-Q2;28,4455089;35,17905276;-7,198666885;Quarterly;01/01/80
ZWE;Zimbabwe;Construction;USD million;2013-Q3;29,26504659;39,99394947;-9,318328839;Quarterly;01/01/80
ZWE;Zimbabwe;Construction;USD million;2013-Q4;29,74544469;35,57730567;-7,049780316;Quarterly;01/01/80
ZWE;Zimbabwe;Construction;USD million;2014-Q1;32,81728194;39,61934999;-8,246618583;Quarterly;01/01/80
ZWE;Zimbabwe;Construction;USD million;2014-Q2;27,65086649;40,90942594;-7,537872337;Quarterly;01/01/80
ZWE;Zimbabwe;Construction;USD million;2014-Q3;27,60764944;42,41819935;-10,86356271;Quarterly;01/01/80
ZWE;Zimbabwe;Construction;USD million;2014-Q4;24,62529002;32,82436978;-9,840085472;Quarterly;01/01/80
ZWE;Zimbabwe;Construction;USD million;2015-Q1;33,34206784;38,762856;-6,485637492;Quarterly;01/01/80
ZWE;Zimbabwe;Construction;USD million;2015-Q2;30,03117499;41,4788939;-12,1311552;Quarterly;01/01/80
ZWE;Zimbabwe;Construction;USD million;2015-Q3;29,57226917;35,78986168;-5,911671643;Quarterly;01/01/80
ZWE;Zimbabwe;Construction;USD million;2015-Q4;30,82738213;37,86973949;-7,851393538;Quarterly;01/01/80
ZWE;Zimbabwe;Construction;USD million;2016-Q1;30,17260667;36,97729956;-9,824150581;Quarterly;01/01/80
ZWE;Zimbabwe;Construction;USD million;2016-Q2;30,17085728;37,68471371;-8,596645494;Quarterly;01/01/80
ZWE;Zimbabwe;Construction;USD million;2016-Q3;27,62887786;42,44313865;-12,45122171;Quarterly;01/01/80
ZWE;Zimbabwe;Construction;USD million;2016-Q4;26,4784849;36,87158476;-9,182236122;Quarterly;01/01/80
ZWE;Zimbabwe;Construction;USD million;2017-Q1;29,2070347;31,80591717;-4,692621632;Quarterly;01/01/80
ZWE;Zimbabwe;Construction;USD million;2017-Q2;30,28548357;35,69780878;-6,075093697;Quarterly;01/01/80
ZWE;Zimbabwe;Construction;USD million;2017-Q3;27,87327127;37,38922064;-8,029615905;Quarterly;01/01/80
ZWE;Zimbabwe;Construction;USD million;2017-Q4;25,42422338;33,60916955;-5,572640491;Quarterly;01/01/80
ZWE;Zimbabwe;Construction;USD million;2018-Q1;28,91019968;42,82070896;-13,02297166;Quarterly;01/01/80
ZWE;Zimbabwe;Construction;USD million;2018-Q2;28,05816517;39,65028148;-9,543992712;Quarterly;01/01/80
ZWE;Zimbabwe;Construction;USD million;2018-Q3;29,70221215;35,91980886;-10,19751462;Quarterly;01/01/80
ZWE;Zimbabwe;Construction;USD million;2018-Q4;29,71937869;41,59937229;-10,46272726;Quarterly;01/01/80
ZWE;Zimbabwe;Construction;USD million;2019-Q1;30,5530872;36,97654636;-7,968029309;Quarterly;01/01/80
ZWE;Zimbabwe;Construction;USD million;2019-Q2;32,18792614;37,27146054;-7,930777921;Quarterly;01/01/80
ZWE;Zimbabwe;Construction;USD million;2019-Q3;31,18758844;35,38475835;-6,12397455;Quarterly;01/01/80
ZWE;Zimbabwe;Construction;USD million;2019-Q4;29,22471397;40,82594509;-12,65612603;Quarterly;01/01/80
ZWE;Zimbabwe;Construction;USD million;2020-Q1;28,89623061;39,21081941;-11,4140965;Quarterly;01/01/80
ZWE;Zimbabwe;Construction;USD million;2020-Q2;29,48404629;32,99162274;-5,530394616;Quarterly;01/01/80
ZWE;Zimbabwe;Construction;USD million;2020-Q3;28,76137484;36,27295512;-8,811706353;Quarterly;01/01/80
ZWE;Zimbabwe;Construction;USD million;2020-Q4;30,49257404;38,70102438;-12,18948864;Quarterly;01/01/80
ZWE;Zimbabwe;Construction;USD million;2021-Q1;30,74712412;35,71653122;-9,132078136;Quarterly;01/01/80
ZWE;Zimbabwe;Construction;USD million;2021-Q2;29,41713067;37,5360627;-8,850919995;Quarterly;01/01/80
ZWE;Zimbabwe;Construction;USD million;2021-Q3;31,9983744;34,20510286;-5,401013116;Quarterly;01/01/80
ZWE;Zimbabwe;Construction;USD million;2021-Q4;30,21857743;41,73956598;-10,2487624;Quarterly;01/01/80
ZWE;Zimbabwe;Construction;USD million;2022-Q1;32,78010595;38,87385547;-9,598000641;Quarterly;01/01/80
ZWE;Zimbabwe;Construction;USD million;2022-Q2;30,20339203;38,59701499;-5,787443193;Quarterly;01/01/80
ZWE;Zimbabwe;Construction;USD million;2022-Q3;32,42768153;37,58892427;-7,716849926;Quarterly;01/01/80
ZWE;Zimbabwe;Construction;USD million;2022-Q4;30,83742755;34,83882349;-7,997754663;Quarterly;01/01/80
ZWE;Zimbabwe;Construction;USD million;2023-Q1;30,72361527;39,78039979;-6,201792646;Quarterly;01/01/80
ZWE;Zimbabwe;Construction;USD million;2023-Q2;30,50296242;39,4122869;-11,35262948;Quarterly;01/01/80
ZWE;Zimbabwe;Construction;USD million;2023-Q3;32,75469024;39,13585414;-6,857801558;Quarterly;01/01/80
ZWE;Zimbabwe;Construction;USD million;2023-Q4;26,05750812;40,44867836;-11,82798284;Quarterly;01/01/80
ZWE;Zimbabwe;Construction;USD million;2024-Q1;31,98712776;45,79654638;-12,61445239;Quarterly;01/01/80
ZWE;Zimbabwe;Construction;USD million;2024-Q2;29,97894585;41,90733781;-8,761373783;Quarterly;01/01/80
ZWE;Zimbabwe;Construction;USD million;2024-Q3;29,15096602;42,3741015;-14,82422905;Quarterly;01/01/80
ZWE;Zimbabwe;Construction;USD million;2024-Q4;33,031758;41,47270676;-10,21176544;Quarterly;01/01/80
ZWE;Zimbabwe;Construction;USD million;2025-Q1;29,40925013;41,97249059;-13,57833486;Quarterly;01/01/80
ZWE;Zimbabwe;Construction;USD million;2025-Q2;30,32367304;45,13349281;-14,87030406;Quarterly;01/01/80
ZWE;Zimbabwe;Construction;USD million;2025-Q3;31,60061043;41,73324977;-13,77256313;Quarterly;01/01/80
ZWE;Zimbabwe;Construction;USD million;2025-Q4;37,45392047;40,59853361;-6,666337793;Quarterly;01/01/80
ZWE;Zimbabwe;Construction;USD million;2026-Q1;29,77998979;39,32869514;-11,27864342;Quarterly;01/01/80
ZWE;Zimbabwe;Construction;USD million;2026-Q2;26,38181407;40,2266455;-12,47576039;Quarterly;01/01/80
ZWE;Zimbabwe;Construction;USD million;2026-Q3;32,92521411;41,36359303;-8,850103999;Quarterly;01/01/80
ZWE;Zimbabwe;Financial Services;USD million;1980-Q1;16,8792979;25,23653338;-7,265625059;Quarterly;01/01/80
ZWE;Zimbabwe;Financial Services;USD million;1980-Q2;21,72217295;21,64411075;-3,541519861;Quarterly;01/01/80
ZWE;Zimbabwe;Financial Services;USD million;1980-Q3;20,75752675;22,639074;-4,108095413;Quarterly;01/01/80
ZWE;Zimbabwe;Financial Services;USD million;1980-Q4;16,93657735;22,7326345;-6,63874211;Quarterly;01/01/80
ZWE;Zimbabwe;Financial Services;USD million;1981-Q1;18,32236581;22,70438575;-4,311153123;Quarterly;01/01/80
ZWE;Zimbabwe;Financial Services;USD million;1981-Q2;20,85615896;25,90725824;-4,119108068;Quarterly;01/01/80
ZWE;Zimbabwe;Financial Services;USD million;1981-Q3;20,13145486;25,69188013;-3,980480291;Quarterly;01/01/80
ZWE;Zimbabwe;Financial Services;USD million;1981-Q4;21,69030989;23,98284861;-4,075831824;Quarterly;01/01/80
ZWE;Zimbabwe;Financial Services;USD million;1982-Q1;21,07256686;30,73265653;-8,582430422;Quarterly;01/01/80
ZWE;Zimbabwe;Financial Services;USD million;1982-Q2;18,44641674;22,92178501;-4,716338202;Quarterly;01/01/80
ZWE;Zimbabwe;Financial Services;USD million;1982-Q3;18,35022943;25,88417074;-7,702508603;Quarterly;01/01/80
ZWE;Zimbabwe;Financial Services;USD million;1982-Q4;19,51245318;23,07945984;-5,524548258;Quarterly;01/01/80
ZWE;Zimbabwe;Financial Services;USD million;1983-Q1;16,91881308;27,06159815;-9,07169605;Quarterly;01/01/80
ZWE;Zimbabwe;Financial Services;USD million;1983-Q2;20,51631906;24,52631703;-4,659403922;Quarterly;01/01/80
ZWE;Zimbabwe;Financial Services;USD million;1983-Q3;18,90640421;25,73567489;-7,346211984;Quarterly;01/01/80
ZWE;Zimbabwe;Financial Services;USD million;1983-Q4;20,13200152;27,01978896;-7,679245405;Quarterly;01/01/80
ZWE;Zimbabwe;Financial Services;USD million;1984-Q1;17,9176628;28,69190109;-9,613506415;Quarterly;01/01/80
ZWE;Zimbabwe;Financial Services;USD million;1984-Q2;22,0147466;25,93876032;-5,300137617;Quarterly;01/01/80
ZWE;Zimbabwe;Financial Services;USD million;1984-Q3;17,54362355;26,837286;-9,611826412;Quarterly;01/01/80
ZWE;Zimbabwe;Financial Services;USD million;1984-Q4;18,08737375;23,89500344;-6,532305115;Quarterly;01/01/80
ZWE;Zimbabwe;Financial Services;USD million;1985-Q1;19,97012154;26,56554671;-6,643716075;Quarterly;01/01/80
ZWE;Zimbabwe;Financial Services;USD million;1985-Q2;18,95772856;26,34378876;-5,549488232;Quarterly;01/01/80
ZWE;Zimbabwe;Financial Services;USD million;1985-Q3;20,84129127;23,51343848;-5,202838513;Quarterly;01/01/80
ZWE;Zimbabwe;Financial Services;USD million;1985-Q4;17,62727814;25,95299017;-7,463265208;Quarterly;01/01/80
ZWE;Zimbabwe;Financial Services;USD million;1986-Q1;16,01350912;29,91371944;-10,9041869;Quarterly;01/01/80
ZWE;Zimbabwe;Financial Services;USD million;1986-Q2;21,18193636;28,70008127;-7,812231938;Quarterly;01/01/80
ZWE;Zimbabwe;Financial Services;USD million;1986-Q3;22,65882906;27,3536138;-5,954323728;Quarterly;01/01/80
ZWE;Zimbabwe;Financial Services;USD million;1986-Q4;20,61826245;24,99851397;-4,272320843;Quarterly;01/01/80
ZWE;Zimbabwe;Financial Services;USD million;1987-Q1;18,70708607;25,88010641;-4,810688236;Quarterly;01/01/80
ZWE;Zimbabwe;Financial Services;USD million;1987-Q2;18,61378286;29,58085798;-9,595192914;Quarterly;01/01/80
ZWE;Zimbabwe;Financial Services;USD million;1987-Q3;19,79102209;26,12315159;-6,984483965;Quarterly;01/01/80
ZWE;Zimbabwe;Financial Services;USD million;1987-Q4;23,03047414;26,32723729;-3,483782674;Quarterly;01/01/80
ZWE;Zimbabwe;Financial Services;USD million;1988-Q1;19,56732259;25,60469072;-6,687316197;Quarterly;01/01/80
ZWE;Zimbabwe;Financial Services;USD million;1988-Q2;21,42045646;26,78740643;-5,176799393;Quarterly;01/01/80
ZWE;Zimbabwe;Financial Services;USD million;1988-Q3;21,08687293;24,62339231;-4,600312429;Quarterly;01/01/80
ZWE;Zimbabwe;Financial Services;USD million;1988-Q4;21,2924424;29,20185772;-5,155268485;Quarterly;01/01/80
ZWE;Zimbabwe;Financial Services;USD million;1989-Q1;20,17675422;30,15284441;-8,338930361;Quarterly;01/01/80
ZWE;Zimbabwe;Financial Services;USD million;1989-Q2;18,75138033;24,58388452;-4,69173094;Quarterly;01/01/80
ZWE;Zimbabwe;Financial Services;USD million;1989-Q3;22,24625046;24,99594726;-6,215239278;Quarterly;01/01/80
ZWE;Zimbabwe;Financial Services;USD million;1989-Q4;22,08579579;27,86596963;-4,511002295;Quarterly;01/01/80
ZWE;Zimbabwe;Financial Services;USD million;1990-Q1;19,54513992;31,74703059;-10,0041986;Quarterly;01/01/80
ZWE;Zimbabwe;Financial Services;USD million;1990-Q2;21,17104676;27,25012447;-6,9666561;Quarterly;01/01/80
ZWE;Zimbabwe;Financial Services;USD million;1990-Q3;21,06573799;25,85164424;-7,433179539;Quarterly;01/01/80
ZWE;Zimbabwe;Financial Services;USD million;1990-Q4;21,65636112;28,05223762;-5,767871784;Quarterly;01/01/80
ZWE;Zimbabwe;Financial Services;USD million;1991-Q1;19,99312274;25,95898804;-4,4757561;Quarterly;01/01/80
ZWE;Zimbabwe;Financial Services;USD million;1991-Q2;21,64605167;26,45081827;-4,394532724;Quarterly;01/01/80
ZWE;Zimbabwe;Financial Services;USD million;1991-Q3;19,89363522;25,81086826;-3,942523086;Quarterly;01/01/80
ZWE;Zimbabwe;Financial Services;USD million;1991-Q4;20,76369142;28,25461581;-5,145049463;Quarterly;01/01/80
ZWE;Zimbabwe;Financial Services;USD million;1992-Q1;23,23346065;29,03354264;-4,216255298;Quarterly;01/01/80
ZWE;Zimbabwe;Financial Services;USD million;1992-Q2;19,91290368;29,68753773;-8,648484922;Quarterly;01/01/80
ZWE;Zimbabwe;Financial Services;USD million;1992-Q3;23,20899341;29,05143351;-6,79928185;Quarterly;01/01/80
ZWE;Zimbabwe;Financial Services;USD million;1992-Q4;21,99278883;28,33280615;-4,243509201;Quarterly;01/01/80
ZWE;Zimbabwe;Financial Services;USD million;1993-Q1;21,04621229;27,56549733;-5,633511565;Quarterly;01/01/80
ZWE;Zimbabwe;Financial Services;USD million;1993-Q2;24,32025075;28,66897375;-3,011789854;Quarterly;01/01/80
ZWE;Zimbabwe;Financial Services;USD million;1993-Q3;26,46220849;29,78069716;-4,785138008;Quarterly;01/01/80
ZWE;Zimbabwe;Financial Services;USD million;1993-Q4;23,72934099;27,50222864;-5,324460679;Quarterly;01/01/80
ZWE;Zimbabwe;Financial Services;USD million;1994-Q1;22,18657281;27,26685519;-5,458784844;Quarterly;01/01/80
ZWE;Zimbabwe;Financial Services;USD million;1994-Q2;19,8490459;27,49023167;-10,89164473;Quarterly;01/01/80
ZWE;Zimbabwe;Financial Services;USD million;1994-Q3;22,34030916;25,34309082;-5,0933101;Quarterly;01/01/80
ZWE;Zimbabwe;Financial Services;USD million;1994-Q4;21,82804375;29,31344433;-8,877832112;Quarterly;01/01/80
ZWE;Zimbabwe;Financial Services;USD million;1995-Q1;20,9707449;28,26633483;-6,012446275;Quarterly;01/01/80
ZWE;Zimbabwe;Financial Services;USD million;1995-Q2;21,89650859;29,54704869;-5,477941532;Quarterly;01/01/80
ZWE;Zimbabwe;Financial Services;USD million;1995-Q3;24,90385212;27,99327254;-2,868021765;Quarterly;01/01/80
ZWE;Zimbabwe;Financial Services;USD million;1995-Q4;22,2436387;26,78395037;-6,953783663;Quarterly;01/01/80
ZWE;Zimbabwe;Financial Services;USD million;1996-Q1;22,8448199;31,29084061;-8,709457727;Quarterly;01/01/80
ZWE;Zimbabwe;Financial Services;USD million;1996-Q2;21,03889095;28,19547331;-8,083954269;Quarterly;01/01/80
ZWE;Zimbabwe;Financial Services;USD million;1996-Q3;24,70904649;26,90281321;-5,028256387;Quarterly;01/01/80
ZWE;Zimbabwe;Financial Services;USD million;1996-Q4;20,31737312;30,82156331;-7,369118227;Quarterly;01/01/80
ZWE;Zimbabwe;Financial Services;USD million;1997-Q1;20,96763601;27,41273185;-7,853960077;Quarterly;01/01/80
ZWE;Zimbabwe;Financial Services;USD million;1997-Q2;23,89330445;28,28412821;-5,257068417;Quarterly;01/01/80
ZWE;Zimbabwe;Financial Services;USD million;1997-Q3;22,20394937;32,1154847;-5,35597717;Quarterly;01/01/80
ZWE;Zimbabwe;Financial Services;USD million;1997-Q4;23,26272651;30,395316;-7,168545856;Quarterly;01/01/80
ZWE;Zimbabwe;Financial Services;USD million;1998-Q1;22,57653065;32,52714008;-6,719606678;Quarterly;01/01/80
ZWE;Zimbabwe;Financial Services;USD million;1998-Q2;24,53816733;27,73960299;-4,81624194;Quarterly;01/01/80
ZWE;Zimbabwe;Financial Services;USD million;1998-Q3;25,52688439;24,08300199;-2,974872038;Quarterly;01/01/80
ZWE;Zimbabwe;Financial Services;USD million;1998-Q4;24,44646282;26,17929223;-0,507519132;Quarterly;01/01/80
ZWE;Zimbabwe;Financial Services;USD million;1999-Q1;22,17546895;30,83714554;-8,027744062;Quarterly;01/01/80
ZWE;Zimbabwe;Financial Services;USD million;1999-Q2;25,85563922;26,78585387;-1,033885321;Quarterly;01/01/80
ZWE;Zimbabwe;Financial Services;USD million;1999-Q3;26,94404004;26,75833656;-2,610816085;Quarterly;01/01/80
ZWE;Zimbabwe;Financial Services;USD million;1999-Q4;26,08102618;28,9556839;-5,835234397;Quarterly;01/01/80
ZWE;Zimbabwe;Financial Services;USD million;2000-Q1;25,34031535;27,48157741;-1,677983985;Quarterly;01/01/80
ZWE;Zimbabwe;Financial Services;USD million;2000-Q2;22,99306758;32,03319676;-7,996216013;Quarterly;01/01/80
ZWE;Zimbabwe;Financial Services;USD million;2000-Q3;26,00245418;28,08164076;-4,444664407;Quarterly;01/01/80
ZWE;Zimbabwe;Financial Services;USD million;2000-Q4;25,70540652;30,38820664;-4,562313722;Quarterly;01/01/80
ZWE;Zimbabwe;Financial Services;USD million;2001-Q1;25,51729421;32,81393342;-7,550618335;Quarterly;01/01/80
ZWE;Zimbabwe;Financial Services;USD million;2001-Q2;24,68017504;32,07080207;-3,899207162;Quarterly;01/01/80
ZWE;Zimbabwe;Financial Services;USD million;2001-Q3;22,43912293;28,04738204;-6,708922203;Quarterly;01/01/80
ZWE;Zimbabwe;Financial Services;USD million;2001-Q4;24,13884224;31,44616121;-8,683961954;Quarterly;01/01/80
ZWE;Zimbabwe;Financial Services;USD million;2002-Q1;26,77212011;32,50233688;-4,938757643;Quarterly;01/01/80
ZWE;Zimbabwe;Financial Services;USD million;2002-Q2;24,25365833;32,22053367;-7,384358922;Quarterly;01/01/80
ZWE;Zimbabwe;Financial Services;USD million;2002-Q3;22,57687706;29,8562652;-5,088041408;Quarterly;01/01/80
ZWE;Zimbabwe;Financial Services;USD million;2002-Q4;26,64863046;29,28110919;-4,167595177;Quarterly;01/01/80
ZWE;Zimbabwe;Financial Services;USD million;2003-Q1;26,50311774;35,07410165;-9,865305074;Quarterly;01/01/80
ZWE;Zimbabwe;Financial Services;USD million;2003-Q2;22,24494578;31,36461222;-9,673374051;Quarterly;01/01/80
ZWE;Zimbabwe;Financial Services;USD million;2003-Q3;25,34005865;31,36586344;-5,539879596;Quarterly;01/01/80
ZWE;Zimbabwe;Financial Services;USD million;2003-Q4;25,84051905;31,65120477;-5,089790397;Quarterly;01/01/80
ZWE;Zimbabwe;Financial Services;USD million;2004-Q1;23,95389983;34,41976365;-8,617193198;Quarterly;01/01/80
ZWE;Zimbabwe;Financial Services;USD million;2004-Q2;24,92664284;34,35315129;-10,31890342;Quarterly;01/01/80
ZWE;Zimbabwe;Financial Services;USD million;2004-Q3;28,58957414;30,20934838;-3,83817292;Quarterly;01/01/80
ZWE;Zimbabwe;Financial Services;USD million;2004-Q4;26,16431266;30,69588693;-6,791588909;Quarterly;01/01/80
ZWE;Zimbabwe;Financial Services;USD million;2005-Q1;29,65838322;34,84025375;-3,127240162;Quarterly;01/01/80
ZWE;Zimbabwe;Financial Services;USD million;2005-Q2;24,35712756;30,08259756;-5,478871587;Quarterly;01/01/80
ZWE;Zimbabwe;Financial Services;USD million;2005-Q3;26,89147062;31,59943385;-4,858519149;Quarterly;01/01/80
ZWE;Zimbabwe;Financial Services;USD million;2005-Q4;26,07655981;28,34646129;-3,57709066;Quarterly;01/01/80
ZWE;Zimbabwe;Financial Services;USD million;2006-Q1;27,60757559;29,05654902;-2,845070596;Quarterly;01/01/80
ZWE;Zimbabwe;Financial Services;USD million;2006-Q2;30,75515291;38,66344787;-7,657108099;Quarterly;01/01/80
ZWE;Zimbabwe;Financial Services;USD million;2006-Q3;31,31989835;33,4290149;-1,419489213;Quarterly;01/01/80
ZWE;Zimbabwe;Financial Services;USD million;2006-Q4;27,81381148;32,66042124;-3,470274858;Quarterly;01/01/80
ZWE;Zimbabwe;Financial Services;USD million;2007-Q1;24,89591694;31,99872989;-6,757395652;Quarterly;01/01/80
ZWE;Zimbabwe;Financial Services;USD million;2007-Q2;29,42710639;31,13021854;-3,511678397;Quarterly;01/01/80
ZWE;Zimbabwe;Financial Services;USD million;2007-Q3;32,62657444;29,74245033;0,788638042;Quarterly;01/01/80
ZWE;Zimbabwe;Financial Services;USD million;2007-Q4;27,77804924;31,14372196;-3,175211459;Quarterly;01/01/80
ZWE;Zimbabwe;Financial Services;USD million;2008-Q1;27,95281313;33,65851189;-6,266674888;Quarterly;01/01/80
ZWE;Zimbabwe;Financial Services;USD million;2008-Q2;27,81365936;31,28265894;-1,022872033;Quarterly;01/01/80
ZWE;Zimbabwe;Financial Services;USD million;2008-Q3;30,81682172;32,30665101;-0,907358741;Quarterly;01/01/80
ZWE;Zimbabwe;Financial Services;USD million;2008-Q4;25,78474166;36,02679133;-8,936356555;Quarterly;01/01/80
ZWE;Zimbabwe;Financial Services;USD million;2009-Q1;28,14487661;32,84802689;-2,922751762;Quarterly;01/01/80
ZWE;Zimbabwe;Financial Services;USD million;2009-Q2;25,46773058;32,78638295;-5,480563841;Quarterly;01/01/80
ZWE;Zimbabwe;Financial Services;USD million;2009-Q3;25,56605438;33,22014704;-7,444698731;Quarterly;01/01/80
ZWE;Zimbabwe;Financial Services;USD million;2009-Q4;27,56908479;34,35486022;-6,266902766;Quarterly;01/01/80
ZWE;Zimbabwe;Financial Services;USD million;2010-Q1;31,10502084;33,05079691;-2,360021024;Quarterly;01/01/80
ZWE;Zimbabwe;Financial Services;USD million;2010-Q2;30,79021125;33,47597747;-4,028198859;Quarterly;01/01/80
ZWE;Zimbabwe;Financial Services;USD million;2010-Q3;25,25752397;35,54139286;-9,186136697;Quarterly;01/01/80
ZWE;Zimbabwe;Financial Services;USD million;2010-Q4;27,56520037;28,81994372;0,05048462;Quarterly;01/01/80
ZWE;Zimbabwe;Financial Services;USD million;2011-Q1;34,84214193;36,21464126;0,002059186;Quarterly;01/01/80
ZWE;Zimbabwe;Financial Services;USD million;2011-Q2;32,20529605;34,16909806;-4,230609707;Quarterly;01/01/80
ZWE;Zimbabwe;Financial Services;USD million;2011-Q3;27,92194727;28,6857255;-4,994196855;Quarterly;01/01/80
ZWE;Zimbabwe;Financial Services;USD million;2011-Q4;26,68899948;42,43682256;-14,08818247;Quarterly;01/01/80
ZWE;Zimbabwe;Financial Services;USD million;2012-Q1;25,60315854;35,03755771;-7,932912928;Quarterly;01/01/80
ZWE;Zimbabwe;Financial Services;USD million;2012-Q2;28,31695684;33,83850855;-7,056987826;Quarterly;01/01/80
ZWE;Zimbabwe;Financial Services;USD million;2012-Q3;31,38089561;33,57425592;-2,917464209;Quarterly;01/01/80
ZWE;Zimbabwe;Financial Services;USD million;2012-Q4;30,14334119;35,02209983;-5,094465878;Quarterly;01/01/80
ZWE;Zimbabwe;Financial Services;USD million;2013-Q1;32,42556624;37,11655957;-7,166410402;Quarterly;01/01/80
ZWE;Zimbabwe;Financial Services;USD million;2013-Q2;30,64358729;38,74151829;-7,030993108;Quarterly;01/01/80
ZWE;Zimbabwe;Financial Services;USD million;2013-Q3;32,25229472;37,18601214;-9,650893854;Quarterly;01/01/80
ZWE;Zimbabwe;Financial Services;USD million;2013-Q4;30,44287587;33,73140871;-7,315053011;Quarterly;01/01/80
ZWE;Zimbabwe;Financial Services;USD million;2014-Q1;31,02952372;37,38568358;-8,088147229;Quarterly;01/01/80
ZWE;Zimbabwe;Financial Services;USD million;2014-Q2;29,72120758;38,0625179;-7,46337614;Quarterly;01/01/80
ZWE;Zimbabwe;Financial Services;USD million;2014-Q3;27,11432264;41,41604633;-10,69756952;Quarterly;01/01/80
ZWE;Zimbabwe;Financial Services;USD million;2014-Q4;24,66888495;33,11513934;-9,39653706;Quarterly;01/01/80
ZWE;Zimbabwe;Financial Services;USD million;2015-Q1;34,85299749;39,03042803;-6,27234045;Quarterly;01/01/80
ZWE;Zimbabwe;Financial Services;USD million;2015-Q2;30,17652769;38,96104903;-10,73213436;Quarterly;01/01/80
ZWE;Zimbabwe;Financial Services;USD million;2015-Q3;26,6064594;33,48551368;-6,047775608;Quarterly;01/01/80
ZWE;Zimbabwe;Financial Services;USD million;2015-Q4;31,65097001;38,12102839;-7,360404243;Quarterly;01/01/80
ZWE;Zimbabwe;Financial Services;USD million;2016-Q1;26,82941585;36,32847114;-9,437370384;Quarterly;01/01/80
ZWE;Zimbabwe;Financial Services;USD million;2016-Q2;32,19979533;41,69856825;-8,69199746;Quarterly;01/01/80
ZWE;Zimbabwe;Financial Services;USD million;2016-Q3;28,74284594;38,7636736;-12,44524939;Quarterly;01/01/80
ZWE;Zimbabwe;Financial Services;USD million;2016-Q4;27,05123545;34,57949755;-9,815458683;Quarterly;01/01/80
ZWE;Zimbabwe;Financial Services;USD million;2017-Q1;27,5588002;29,29407251;-4,632401757;Quarterly;01/01/80
ZWE;Zimbabwe;Financial Services;USD million;2017-Q2;29,12965719;33,74820705;-5,406550652;Quarterly;01/01/80
ZWE;Zimbabwe;Financial Services;USD million;2017-Q3;26,34940749;35,68088507;-8,03628989;Quarterly;01/01/80
ZWE;Zimbabwe;Financial Services;USD million;2017-Q4;27,54771823;31,50233504;-5,394743092;Quarterly;01/01/80
ZWE;Zimbabwe;Financial Services;USD million;2018-Q1;29,08660379;46,0068298;-13,54594549;Quarterly;01/01/80
ZWE;Zimbabwe;Financial Services;USD million;2018-Q2;31,0679574;39,59703902;-9,770418453;Quarterly;01/01/80
ZWE;Zimbabwe;Financial Services;USD million;2018-Q3;26,22821924;35,51879443;-10,29465039;Quarterly;01/01/80
ZWE;Zimbabwe;Financial Services;USD million;2018-Q4;29,81743879;39,19512103;-10,36063296;Quarterly;01/01/80
ZWE;Zimbabwe;Financial Services;USD million;2019-Q1;30,6170036;41,50921842;-8,39308831;Quarterly;01/01/80
ZWE;Zimbabwe;Financial Services;USD million;2019-Q2;29,87766898;36,16524229;-7,7373683;Quarterly;01/01/80
ZWE;Zimbabwe;Financial Services;USD million;2019-Q3;31,86065913;36,11148266;-6,248391121;Quarterly;01/01/80
ZWE;Zimbabwe;Financial Services;USD million;2019-Q4;27,18429666;38,99460945;-12,16460971;Quarterly;01/01/80
ZWE;Zimbabwe;Financial Services;USD million;2020-Q1;29,91894187;37,63587301;-11,42434185;Quarterly;01/01/80
ZWE;Zimbabwe;Financial Services;USD million;2020-Q2;29,28450762;34,7817181;-5,41337592;Quarterly;01/01/80
ZWE;Zimbabwe;Financial Services;USD million;2020-Q3;29,83497863;35,18477502;-9,714516566;Quarterly;01/01/80
ZWE;Zimbabwe;Financial Services;USD million;2020-Q4;30,41226609;42,12905221;-11,75757994;Quarterly;01/01/80
ZWE;Zimbabwe;Financial Services;USD million;2021-Q1;29,82253591;42,52996162;-8,954612689;Quarterly;01/01/80
ZWE;Zimbabwe;Financial Services;USD million;2021-Q2;32,79077477;36,51011969;-8,54197403;Quarterly;01/01/80
ZWE;Zimbabwe;Financial Services;USD million;2021-Q3;31,39076042;34,55665525;-5,711081054;Quarterly;01/01/80
ZWE;Zimbabwe;Financial Services;USD million;2021-Q4;28,75103365;42,38218073;-9,972530073;Quarterly;01/01/80
ZWE;Zimbabwe;Financial Services;USD million;2022-Q1;33,74398059;42,19213385;-9,926128072;Quarterly;01/01/80
ZWE;Zimbabwe;Financial Services;USD million;2022-Q2;31,64455339;38,19281259;-5,755303213;Quarterly;01/01/80
ZWE;Zimbabwe;Financial Services;USD million;2022-Q3;31,12220936;36,60602545;-7,476717526;Quarterly;01/01/80
ZWE;Zimbabwe;Financial Services;USD million;2022-Q4;31,1480898;38,21811466;-8,24422526;Quarterly;01/01/80
ZWE;Zimbabwe;Financial Services;USD million;2023-Q1;34,3337164;39,84979368;-5,978146266;Quarterly;01/01/80
ZWE;Zimbabwe;Financial Services;USD million;2023-Q2;32,84516658;44,39686539;-10,71290597;Quarterly;01/01/80
ZWE;Zimbabwe;Financial Services;USD million;2023-Q3;32,5850387;36,72951791;-6,793575829;Quarterly;01/01/80
ZWE;Zimbabwe;Financial Services;USD million;2023-Q4;28,17456118;41,92348107;-11,97889718;Quarterly;01/01/80
ZWE;Zimbabwe;Financial Services;USD million;2024-Q1;32,39138828;38,79670666;-12,32417814;Quarterly;01/01/80
ZWE;Zimbabwe;Financial Services;USD million;2024-Q2;34,36635492;40,80870878;-8,712893039;Quarterly;01/01/80
ZWE;Zimbabwe;Financial Services;USD million;2024-Q3;31,34524263;46,40824261;-15,03191;Quarterly;01/01/80
ZWE;Zimbabwe;Financial Services;USD million;2024-Q4;34,01918627;44,96455649;-10,11727161;Quarterly;01/01/80
ZWE;Zimbabwe;Financial Services;USD million;2025-Q1;30,63176063;39,61303235;-13,36173449;Quarterly;01/01/80
ZWE;Zimbabwe;Financial Services;USD million;2025-Q2;27,76434937;45,53771527;-14,55650788;Quarterly;01/01/80
ZWE;Zimbabwe;Financial Services;USD million;2025-Q3;29,34884496;43,81431954;-14,00517711;Quarterly;01/01/80
ZWE;Zimbabwe;Financial Services;USD million;2025-Q4;38,81662293;43,20959954;-6,266336839;Quarterly;01/01/80
ZWE;Zimbabwe;Financial Services;USD million;2026-Q1;31,39757169;40,13836207;-9,967589011;Quarterly;01/01/80
ZWE;Zimbabwe;Financial Services;USD million;2026-Q2;28,79043167;41,84027732;-11,763526;Quarterly;01/01/80
ZWE;Zimbabwe;Financial Services;USD million;2026-Q3;34,43074052;43,20568991;-8,587256193;Quarterly;01/01/80
ZWE;Zimbabwe;Government Services;USD million;1980-Q1;18,40355442;26,7055621;-7,823247169;Quarterly;01/01/80
ZWE;Zimbabwe;Government Services;USD million;1980-Q2;20,08280539;23,79813323;-3,477986998;Quarterly;01/01/80
ZWE;Zimbabwe;Government Services;USD million;1980-Q3;18,86474532;26,44109179;-4,396142014;Quarterly;01/01/80
ZWE;Zimbabwe;Government Services;USD million;1980-Q4;17,64279694;24,96221906;-6,213772601;Quarterly;01/01/80
ZWE;Zimbabwe;Government Services;USD million;1981-Q1;18,98624344;23,73934668;-4,604739563;Quarterly;01/01/80
ZWE;Zimbabwe;Government Services;USD million;1981-Q2;20,20445608;25,71782538;-4,348643746;Quarterly;01/01/80
ZWE;Zimbabwe;Government Services;USD million;1981-Q3;21,74642324;23,04339768;-3,704689682;Quarterly;01/01/80
ZWE;Zimbabwe;Government Services;USD million;1981-Q4;22,62093105;25,7913553;-4,499704898;Quarterly;01/01/80
ZWE;Zimbabwe;Government Services;USD million;1982-Q1;19,75089368;29,91214669;-8,660815777;Quarterly;01/01/80
ZWE;Zimbabwe;Government Services;USD million;1982-Q2;18,90113529;25,22613824;-4,773885154;Quarterly;01/01/80
ZWE;Zimbabwe;Government Services;USD million;1982-Q3;18,46016492;26,95374071;-7,558423638;Quarterly;01/01/80
ZWE;Zimbabwe;Government Services;USD million;1982-Q4;18,68459649;22,80267076;-5,488168595;Quarterly;01/01/80
ZWE;Zimbabwe;Government Services;USD million;1983-Q1;17,69067179;27,82470132;-8,956517957;Quarterly;01/01/80
ZWE;Zimbabwe;Government Services;USD million;1983-Q2;21,41521637;24,40699617;-4,726894548;Quarterly;01/01/80
ZWE;Zimbabwe;Government Services;USD million;1983-Q3;18,79305199;25,02454041;-7,035070753;Quarterly;01/01/80
ZWE;Zimbabwe;Government Services;USD million;1983-Q4;19,2420876;26,89963207;-7,789932325;Quarterly;01/01/80
ZWE;Zimbabwe;Government Services;USD million;1984-Q1;16,64365939;25,91266925;-9,152012432;Quarterly;01/01/80
ZWE;Zimbabwe;Government Services;USD million;1984-Q2;21,56764623;26,6686612;-5,107162593;Quarterly;01/01/80
ZWE;Zimbabwe;Government Services;USD million;1984-Q3;18,59655131;28,43748352;-9,314302252;Quarterly;01/01/80
ZWE;Zimbabwe;Government Services;USD million;1984-Q4;18,4881696;25,3214037;-6,363191041;Quarterly;01/01/80
ZWE;Zimbabwe;Government Services;USD million;1985-Q1;19,23456894;28,03613675;-5,874957597;Quarterly;01/01/80
ZWE;Zimbabwe;Government Services;USD million;1985-Q2;19,9709774;26,06820803;-5,341719181;Quarterly;01/01/80
ZWE;Zimbabwe;Government Services;USD million;1985-Q3;20,42297949;22,72389481;-5,309186198;Quarterly;01/01/80
ZWE;Zimbabwe;Government Services;USD million;1985-Q4;19,20845848;28,58381776;-7,358095185;Quarterly;01/01/80
ZWE;Zimbabwe;Government Services;USD million;1986-Q1;18,13755511;30,29154123;-10,64947226;Quarterly;01/01/80
ZWE;Zimbabwe;Government Services;USD million;1986-Q2;18,74087438;30,06887252;-7,957308353;Quarterly;01/01/80
ZWE;Zimbabwe;Government Services;USD million;1986-Q3;20,60503726;24,47395054;-5,612923692;Quarterly;01/01/80
ZWE;Zimbabwe;Government Services;USD million;1986-Q4;19,61993048;24,58541281;-4,431369936;Quarterly;01/01/80
ZWE;Zimbabwe;Government Services;USD million;1987-Q1;20,18014793;25,01269393;-5,131275254;Quarterly;01/01/80
ZWE;Zimbabwe;Government Services;USD million;1987-Q2;17,6762318;29,89406055;-9,953035423;Quarterly;01/01/80
ZWE;Zimbabwe;Government Services;USD million;1987-Q3;18,2860779;28,79279746;-6,745384805;Quarterly;01/01/80
ZWE;Zimbabwe;Government Services;USD million;1987-Q4;24,26445658;25,43606716;-3,768067723;Quarterly;01/01/80
ZWE;Zimbabwe;Government Services;USD million;1988-Q1;16,35605143;24,98021196;-6,967630183;Quarterly;01/01/80
ZWE;Zimbabwe;Government Services;USD million;1988-Q2;21,44801981;27,64759255;-5,231163829;Quarterly;01/01/80
ZWE;Zimbabwe;Government Services;USD million;1988-Q3;23,60239696;26,27192167;-4,793571983;Quarterly;01/01/80
ZWE;Zimbabwe;Government Services;USD million;1988-Q4;22,34542803;27,94639967;-5,117424063;Quarterly;01/01/80
ZWE;Zimbabwe;Government Services;USD million;1989-Q1;20,37170852;27,80691797;-7,639649078;Quarterly;01/01/80
ZWE;Zimbabwe;Government Services;USD million;1989-Q2;18,45084986;24,38830183;-4,742696238;Quarterly;01/01/80
ZWE;Zimbabwe;Government Services;USD million;1989-Q3;19,38091845;26,98255217;-5,94071361;Quarterly;01/01/80
ZWE;Zimbabwe;Government Services;USD million;1989-Q4;22,70999709;25,58579877;-4,691581931;Quarterly;01/01/80
ZWE;Zimbabwe;Government Services;USD million;1990-Q1;21,062604;30,11513324;-10,25192536;Quarterly;01/01/80
ZWE;Zimbabwe;Government Services;USD million;1990-Q2;21,1042394;29,08373833;-6,86124158;Quarterly;01/01/80
ZWE;Zimbabwe;Government Services;USD million;1990-Q3;22,54946086;29,33176866;-7,605169734;Quarterly;01/01/80
ZWE;Zimbabwe;Government Services;USD million;1990-Q4;22,01739328;27,89959966;-5,600782108;Quarterly;01/01/80
ZWE;Zimbabwe;Government Services;USD million;1991-Q1;22,62381567;26,40610482;-4,321960335;Quarterly;01/01/80
ZWE;Zimbabwe;Government Services;USD million;1991-Q2;24,7063924;26,49907662;-4,305534811;Quarterly;01/01/80
ZWE;Zimbabwe;Government Services;USD million;1991-Q3;20,73531689;26,04682234;-4,061957567;Quarterly;01/01/80
ZWE;Zimbabwe;Government Services;USD million;1991-Q4;21,31271191;28,20862294;-5,417826;Quarterly;01/01/80
ZWE;Zimbabwe;Government Services;USD million;1992-Q1;23,91946121;28,10347856;-4,059583906;Quarterly;01/01/80
ZWE;Zimbabwe;Government Services;USD million;1992-Q2;19,58573028;27,55151052;-8,076515201;Quarterly;01/01/80
ZWE;Zimbabwe;Government Services;USD million;1992-Q3;22,32723704;29,25508311;-6,812164714;Quarterly;01/01/80
ZWE;Zimbabwe;Government Services;USD million;1992-Q4;22,80299217;26,28523244;-4,071830082;Quarterly;01/01/80
ZWE;Zimbabwe;Government Services;USD million;1993-Q1;20,73910246;24,49591136;-5,338099849;Quarterly;01/01/80
ZWE;Zimbabwe;Government Services;USD million;1993-Q2;24,37020832;26,8388977;-2,960822463;Quarterly;01/01/80
ZWE;Zimbabwe;Government Services;USD million;1993-Q3;24,91201252;29,57502035;-4,450555327;Quarterly;01/01/80
ZWE;Zimbabwe;Government Services;USD million;1993-Q4;20,66356019;27,5889839;-5,525321473;Quarterly;01/01/80
ZWE;Zimbabwe;Government Services;USD million;1994-Q1;24,48909961;29,58622868;-5,674610078;Quarterly;01/01/80
ZWE;Zimbabwe;Government Services;USD million;1994-Q2;17,66174051;27,98299521;-10,40058466;Quarterly;01/01/80
ZWE;Zimbabwe;Government Services;USD million;1994-Q3;20,61422807;27,02377047;-4,949878556;Quarterly;01/01/80
ZWE;Zimbabwe;Government Services;USD million;1994-Q4;19,42481612;29,27806283;-9,122889385;Quarterly;01/01/80
ZWE;Zimbabwe;Government Services;USD million;1995-Q1;23,22343915;25,61464735;-6,004385143;Quarterly;01/01/80
ZWE;Zimbabwe;Government Services;USD million;1995-Q2;21,8072875;26,39398132;-5,291890148;Quarterly;01/01/80
ZWE;Zimbabwe;Government Services;USD million;1995-Q3;23,7739879;28,9164799;-2,91842497;Quarterly;01/01/80
ZWE;Zimbabwe;Government Services;USD million;1995-Q4;23,13737344;30,72750516;-7,310081585;Quarterly;01/01/80
ZWE;Zimbabwe;Government Services;USD million;1996-Q1;22,98853194;30,89541584;-8,663937389;Quarterly;01/01/80
ZWE;Zimbabwe;Government Services;USD million;1996-Q2;21,4954349;30,04511502;-8,176354883;Quarterly;01/01/80
ZWE;Zimbabwe;Government Services;USD million;1996-Q3;22,7918386;24,88762814;-5,052508352;Quarterly;01/01/80
ZWE;Zimbabwe;Government Services;USD million;1996-Q4;21,91540634;28,85275731;-7,648877752;Quarterly;01/01/80
ZWE;Zimbabwe;Government Services;USD million;1997-Q1;21,70294586;28,90398971;-7,865205882;Quarterly;01/01/80
ZWE;Zimbabwe;Government Services;USD million;1997-Q2;21,82844492;26,39565286;-5,014604852;Quarterly;01/01/80
ZWE;Zimbabwe;Government Services;USD million;1997-Q3;22,40614412;30,20753845;-5,137881446;Quarterly;01/01/80
ZWE;Zimbabwe;Government Services;USD million;1997-Q4;25,55653085;30,00601605;-7,377339177;Quarterly;01/01/80
ZWE;Zimbabwe;Government Services;USD million;1998-Q1;22,26806777;31,18977814;-6,430998952;Quarterly;01/01/80
ZWE;Zimbabwe;Government Services;USD million;1998-Q2;24,19421897;26,76367029;-4,976075968;Quarterly;01/01/80
ZWE;Zimbabwe;Government Services;USD million;1998-Q3;23,97117798;24,67205436;-2,880923711;Quarterly;01/01/80
ZWE;Zimbabwe;Government Services;USD million;1998-Q4;24,03183209;27,95946462;-0,550718837;Quarterly;01/01/80
ZWE;Zimbabwe;Government Services;USD million;1999-Q1;22,78911687;30,24102497;-8,026607093;Quarterly;01/01/80
ZWE;Zimbabwe;Government Services;USD million;1999-Q2;24,80439115;25,66652836;-1,119914759;Quarterly;01/01/80
ZWE;Zimbabwe;Government Services;USD million;1999-Q3;28,69081956;30,23993687;-2,575952135;Quarterly;01/01/80
ZWE;Zimbabwe;Government Services;USD million;1999-Q4;26,24826578;32,1046757;-6,062586381;Quarterly;01/01/80
ZWE;Zimbabwe;Government Services;USD million;2000-Q1;24,55169082;25,96032202;-1,56538049;Quarterly;01/01/80
ZWE;Zimbabwe;Government Services;USD million;2000-Q2;22,27901391;30,67162473;-8,135308081;Quarterly;01/01/80
ZWE;Zimbabwe;Government Services;USD million;2000-Q3;25,93458295;32,00105026;-4,631543292;Quarterly;01/01/80
ZWE;Zimbabwe;Government Services;USD million;2000-Q4;24,85609653;30,22593227;-4,662978797;Quarterly;01/01/80
ZWE;Zimbabwe;Government Services;USD million;2001-Q1;23,61632109;34,02232937;-7,552340768;Quarterly;01/01/80
ZWE;Zimbabwe;Government Services;USD million;2001-Q2;25,91705866;31,20758242;-3,797572048;Quarterly;01/01/80
ZWE;Zimbabwe;Government Services;USD million;2001-Q3;24,45400721;29,05433703;-7,448892292;Quarterly;01/01/80
ZWE;Zimbabwe;Government Services;USD million;2001-Q4;23,40205559;32,21973555;-8,546337983;Quarterly;01/01/80
ZWE;Zimbabwe;Government Services;USD million;2002-Q1;27,2205196;30,17009508;-5,647277975;Quarterly;01/01/80
ZWE;Zimbabwe;Government Services;USD million;2002-Q2;25,06515667;32,74989456;-7,019084968;Quarterly;01/01/80
ZWE;Zimbabwe;Government Services;USD million;2002-Q3;24,27587276;30,90606058;-5,254162287;Quarterly;01/01/80
ZWE;Zimbabwe;Government Services;USD million;2002-Q4;25,05646857;30,71740493;-4,081606187;Quarterly;01/01/80
ZWE;Zimbabwe;Government Services;USD million;2003-Q1;23,95564673;34,97103836;-9,551297243;Quarterly;01/01/80
ZWE;Zimbabwe;Government Services;USD million;2003-Q2;23,89762203;33,90357151;-9,61405128;Quarterly;01/01/80
ZWE;Zimbabwe;Government Services;USD million;2003-Q3;26,27424291;28,77927965;-5,452326565;Quarterly;01/01/80
ZWE;Zimbabwe;Government Services;USD million;2003-Q4;26,46293003;31,9210635;-5,051295636;Quarterly;01/01/80
ZWE;Zimbabwe;Government Services;USD million;2004-Q1;26,08775468;32,01630728;-8,352210288;Quarterly;01/01/80
ZWE;Zimbabwe;Government Services;USD million;2004-Q2;23,81948757;35,54589999;-10,11998512;Quarterly;01/01/80
ZWE;Zimbabwe;Government Services;USD million;2004-Q3;25,91328666;35,42817455;-3,904918295;Quarterly;01/01/80
ZWE;Zimbabwe;Government Services;USD million;2004-Q4;27,35151301;33,05242863;-6,816037436;Quarterly;01/01/80
ZWE;Zimbabwe;Government Services;USD million;2005-Q1;32,82387722;33,43114462;-3,25579644;Quarterly;01/01/80
ZWE;Zimbabwe;Government Services;USD million;2005-Q2;24,02139187;32,32100325;-5,791230346;Quarterly;01/01/80
ZWE;Zimbabwe;Government Services;USD million;2005-Q3;28,38780179;32,69969441;-5,062429875;Quarterly;01/01/80
ZWE;Zimbabwe;Government Services;USD million;2005-Q4;27,94266482;33,68181556;-3,879906133;Quarterly;01/01/80
ZWE;Zimbabwe;Government Services;USD million;2006-Q1;26,58536026;29,65923481;-3,02487226;Quarterly;01/01/80
ZWE;Zimbabwe;Government Services;USD million;2006-Q2;28,09104527;39,68252233;-7,656816336;Quarterly;01/01/80
ZWE;Zimbabwe;Government Services;USD million;2006-Q3;30,88125253;31,4062873;-1,422689946;Quarterly;01/01/80
ZWE;Zimbabwe;Government Services;USD million;2006-Q4;26,62114847;33,34640716;-3,724900156;Quarterly;01/01/80
ZWE;Zimbabwe;Government Services;USD million;2007-Q1;25,4152948;31,07246336;-6,462200593;Quarterly;01/01/80
ZWE;Zimbabwe;Government Services;USD million;2007-Q2;29,11802662;33,66092688;-3,344320832;Quarterly;01/01/80
ZWE;Zimbabwe;Government Services;USD million;2007-Q3;30,79289403;27,07063422;0,830848664;Quarterly;01/01/80
ZWE;Zimbabwe;Government Services;USD million;2007-Q4;27,12718269;32,11996322;-2,855920132;Quarterly;01/01/80
ZWE;Zimbabwe;Government Services;USD million;2008-Q1;27,31999966;34,42030939;-6,336736336;Quarterly;01/01/80
ZWE;Zimbabwe;Government Services;USD million;2008-Q2;28,36595747;28,704848;-0,959658534;Quarterly;01/01/80
ZWE;Zimbabwe;Government Services;USD million;2008-Q3;35,02637109;35,27270429;-0,917334415;Quarterly;01/01/80
ZWE;Zimbabwe;Government Services;USD million;2008-Q4;25,84030321;32,54774286;-9,104788812;Quarterly;01/01/80
ZWE;Zimbabwe;Government Services;USD million;2009-Q1;27,38882223;35,25731254;-2,880488236;Quarterly;01/01/80
ZWE;Zimbabwe;Government Services;USD million;2009-Q2;24,92308201;36,22765597;-5,74770963;Quarterly;01/01/80
ZWE;Zimbabwe;Government Services;USD million;2009-Q3;27,5317196;37,4781451;-8,011240022;Quarterly;01/01/80
ZWE;Zimbabwe;Government Services;USD million;2009-Q4;26,74718559;34,75219385;-5,94731435;Quarterly;01/01/80
ZWE;Zimbabwe;Government Services;USD million;2010-Q1;26,3334072;30,95138836;-2,34152937;Quarterly;01/01/80
ZWE;Zimbabwe;Government Services;USD million;2010-Q2;27,99845211;34,96911225;-4,274731991;Quarterly;01/01/80
ZWE;Zimbabwe;Government Services;USD million;2010-Q3;25,89503147;34,95426361;-9,223235815;Quarterly;01/01/80
ZWE;Zimbabwe;Government Services;USD million;2010-Q4;29,82388058;30,92719684;0,139065206;Quarterly;01/01/80
ZWE;Zimbabwe;Government Services;USD million;2011-Q1;34,06119717;33,05575973;0,338128701;Quarterly;01/01/80
ZWE;Zimbabwe;Government Services;USD million;2011-Q2;28,69668161;33,50580914;-4,518509573;Quarterly;01/01/80
ZWE;Zimbabwe;Government Services;USD million;2011-Q3;27,72446892;31,60580384;-5,121304919;Quarterly;01/01/80
ZWE;Zimbabwe;Government Services;USD million;2011-Q4;28,29263221;43,5252134;-14,51577757;Quarterly;01/01/80
ZWE;Zimbabwe;Government Services;USD million;2012-Q1;26,84241662;33,0488843;-7,89614195;Quarterly;01/01/80
ZWE;Zimbabwe;Government Services;USD million;2012-Q2;29,89460564;38,93915722;-7,140245162;Quarterly;01/01/80
ZWE;Zimbabwe;Government Services;USD million;2012-Q3;29,3562709;35,23195755;-2,892908597;Quarterly;01/01/80
ZWE;Zimbabwe;Government Services;USD million;2012-Q4;27,93211707;32,62217291;-5,842020398;Quarterly;01/01/80
ZWE;Zimbabwe;Government Services;USD million;2013-Q1;30,36035224;37,29464239;-7,028803097;Quarterly;01/01/80
ZWE;Zimbabwe;Government Services;USD million;2013-Q2;30,95418322;39,23917761;-7,179258668;Quarterly;01/01/80
ZWE;Zimbabwe;Government Services;USD million;2013-Q3;30,4983267;39,91543623;-9,26859935;Quarterly;01/01/80
ZWE;Zimbabwe;Government Services;USD million;2013-Q4;30,95037077;36,26843709;-7,249282595;Quarterly;01/01/80
ZWE;Zimbabwe;Government Services;USD million;2014-Q1;31,24318013;36,46431853;-7,934497277;Quarterly;01/01/80
ZWE;Zimbabwe;Government Services;USD million;2014-Q2;28,37024773;38,79633899;-7,002709946;Quarterly;01/01/80
ZWE;Zimbabwe;Government Services;USD million;2014-Q3;28,56863885;39,83752838;-11,00081537;Quarterly;01/01/80
ZWE;Zimbabwe;Government Services;USD million;2014-Q4;27,47068943;33,32331095;-9,833564436;Quarterly;01/01/80
ZWE;Zimbabwe;Government Services;USD million;2015-Q1;32,67616237;39,49173932;-6,647688092;Quarterly;01/01/80
ZWE;Zimbabwe;Government Services;USD million;2015-Q2;29,71872941;37,77891786;-11,19279786;Quarterly;01/01/80
ZWE;Zimbabwe;Government Services;USD million;2015-Q3;25,77120765;33,69899883;-5,4793691;Quarterly;01/01/80
ZWE;Zimbabwe;Government Services;USD million;2015-Q4;29,0413441;39,02522731;-8,082507515;Quarterly;01/01/80
ZWE;Zimbabwe;Government Services;USD million;2016-Q1;25,42315762;36,86988475;-8,784977208;Quarterly;01/01/80
ZWE;Zimbabwe;Government Services;USD million;2016-Q2;30,34182009;40,45962271;-8,88667026;Quarterly;01/01/80
ZWE;Zimbabwe;Government Services;USD million;2016-Q3;27,61938982;43,26222891;-12,55733185;Quarterly;01/01/80
ZWE;Zimbabwe;Government Services;USD million;2016-Q4;29,63742485;37,54983461;-9,044553063;Quarterly;01/01/80
ZWE;Zimbabwe;Government Services;USD million;2017-Q1;27,58370929;35,6132691;-4,503518032;Quarterly;01/01/80
ZWE;Zimbabwe;Government Services;USD million;2017-Q2;27,73965124;37,85174872;-6,237174991;Quarterly;01/01/80
ZWE;Zimbabwe;Government Services;USD million;2017-Q3;27,51385488;37,62831396;-8,021296178;Quarterly;01/01/80
ZWE;Zimbabwe;Government Services;USD million;2017-Q4;26,02240495;32,27326374;-5,113428283;Quarterly;01/01/80
ZWE;Zimbabwe;Government Services;USD million;2018-Q1;28,51648854;42,89769889;-12,25063523;Quarterly;01/01/80
ZWE;Zimbabwe;Government Services;USD million;2018-Q2;30,05463388;40,88706675;-9,695299057;Quarterly;01/01/80
ZWE;Zimbabwe;Government Services;USD million;2018-Q3;25,55811951;37,91340144;-9,901666882;Quarterly;01/01/80
ZWE;Zimbabwe;Government Services;USD million;2018-Q4;29,25199443;36,77848745;-9,844604409;Quarterly;01/01/80
ZWE;Zimbabwe;Government Services;USD million;2019-Q1;30,87440429;39,27878883;-8,574013902;Quarterly;01/01/80
ZWE;Zimbabwe;Government Services;USD million;2019-Q2;31,45162393;34,48960642;-8,298661885;Quarterly;01/01/80
ZWE;Zimbabwe;Government Services;USD million;2019-Q3;31,7072839;42,0078766;-6,003952768;Quarterly;01/01/80
ZWE;Zimbabwe;Government Services;USD million;2019-Q4;26,21509399;41,23161773;-12,61067596;Quarterly;01/01/80
ZWE;Zimbabwe;Government Services;USD million;2020-Q1;25,94557911;36,90468517;-11,46561132;Quarterly;01/01/80
ZWE;Zimbabwe;Government Services;USD million;2020-Q2;28,87181121;33,9443285;-5,177752721;Quarterly;01/01/80
ZWE;Zimbabwe;Government Services;USD million;2020-Q3;28,01671197;40,05131196;-9,101074745;Quarterly;01/01/80
ZWE;Zimbabwe;Government Services;USD million;2020-Q4;28,40992411;39,41153392;-12,11906177;Quarterly;01/01/80
ZWE;Zimbabwe;Government Services;USD million;2021-Q1;31,67362656;37,60840497;-8,538893638;Quarterly;01/01/80
ZWE;Zimbabwe;Government Services;USD million;2021-Q2;28,19963894;39,1984824;-8,692405334;Quarterly;01/01/80
ZWE;Zimbabwe;Government Services;USD million;2021-Q3;33,03549523;35,9747347;-5,638557704;Quarterly;01/01/80
ZWE;Zimbabwe;Government Services;USD million;2021-Q4;31,708521;41,14357694;-9,866238954;Quarterly;01/01/80
ZWE;Zimbabwe;Government Services;USD million;2022-Q1;33,64875366;41,43900366;-8,987646893;Quarterly;01/01/80
ZWE;Zimbabwe;Government Services;USD million;2022-Q2;33,05311901;33,15955645;-5,82663514;Quarterly;01/01/80
ZWE;Zimbabwe;Government Services;USD million;2022-Q3;32,88897514;35,67527063;-7,509975499;Quarterly;01/01/80
ZWE;Zimbabwe;Government Services;USD million;2022-Q4;33,07352869;37,34332095;-8,118173568;Quarterly;01/01/80
ZWE;Zimbabwe;Government Services;USD million;2023-Q1;33,7220456;39,47093217;-5,786200662;Quarterly;01/01/80
ZWE;Zimbabwe;Government Services;USD million;2023-Q2;30,18040355;37,58586829;-10,86727923;Quarterly;01/01/80
ZWE;Zimbabwe;Government Services;USD million;2023-Q3;33,32567753;39,71355026;-6,70004154;Quarterly;01/01/80
ZWE;Zimbabwe;Government Services;USD million;2023-Q4;27,79686018;38,30322404;-12,04641104;Quarterly;01/01/80
ZWE;Zimbabwe;Government Services;USD million;2024-Q1;29,07800585;40,03954629;-12,66869269;Quarterly;01/01/80
ZWE;Zimbabwe;Government Services;USD million;2024-Q2;33,44739108;42,12874734;-8,978082215;Quarterly;01/01/80
ZWE;Zimbabwe;Government Services;USD million;2024-Q3;29,91409316;43,29840069;-14,46537171;Quarterly;01/01/80
ZWE;Zimbabwe;Government Services;USD million;2024-Q4;30,95548598;41,62042487;-10,1266583;Quarterly;01/01/80
ZWE;Zimbabwe;Government Services;USD million;2025-Q1;29,0970861;42,30531847;-13,2278101;Quarterly;01/01/80
ZWE;Zimbabwe;Government Services;USD million;2025-Q2;29,55004653;41,9236934;-14,88970017;Quarterly;01/01/80
ZWE;Zimbabwe;Government Services;USD million;2025-Q3;30,43305129;48,8302498;-13,34247573;Quarterly;01/01/80
ZWE;Zimbabwe;Government Services;USD million;2025-Q4;37,21567759;41,68148614;-7,018057194;Quarterly;01/01/80
ZWE;Zimbabwe;Government Services;USD million;2026-Q1;28,26638311;37,86948389;-10,17574591;Quarterly;01/01/80
ZWE;Zimbabwe;Government Services;USD million;2026-Q2;29,34072284;34,92762224;-12,85780891;Quarterly;01/01/80
ZWE;Zimbabwe;Government Services;USD million;2026-Q3;30,52530987;43,81244487;-8,270617701;Quarterly;01/01/80
ZWE;Zimbabwe;ICT;USD million;1980-Q1;16,62925192;27,64465726;-7,682844753;Quarterly;01/01/80
ZWE;Zimbabwe;ICT;USD million;1980-Q2;19,78914358;22,69859294;-3,292823889;Quarterly;01/01/80
ZWE;Zimbabwe;ICT;USD million;1980-Q3;19,61048009;23,85097111;-4,305915213;Quarterly;01/01/80
ZWE;Zimbabwe;ICT;USD million;1980-Q4;16,2721084;24,30978334;-6,326862608;Quarterly;01/01/80
ZWE;Zimbabwe;ICT;USD million;1981-Q1;20,62662305;23,39552713;-4,518387249;Quarterly;01/01/80
ZWE;Zimbabwe;ICT;USD million;1981-Q2;20,28971408;25,62189623;-4,379033779;Quarterly;01/01/80
ZWE;Zimbabwe;ICT;USD million;1981-Q3;19,68535841;23,61984297;-3,738534003;Quarterly;01/01/80
ZWE;Zimbabwe;ICT;USD million;1981-Q4;20,65348397;23,75815396;-4,06481448;Quarterly;01/01/80
ZWE;Zimbabwe;ICT;USD million;1982-Q1;19,54519702;29,71124469;-7,510536038;Quarterly;01/01/80
ZWE;Zimbabwe;ICT;USD million;1982-Q2;17,30826498;26,24982221;-4,651937791;Quarterly;01/01/80
ZWE;Zimbabwe;ICT;USD million;1982-Q3;18,56560696;27,83525728;-7,688516509;Quarterly;01/01/80
ZWE;Zimbabwe;ICT;USD million;1982-Q4;18,59256234;25,30686967;-5,97282713;Quarterly;01/01/80
ZWE;Zimbabwe;ICT;USD million;1983-Q1;18,67085289;28,00382722;-8,916838752;Quarterly;01/01/80
ZWE;Zimbabwe;ICT;USD million;1983-Q2;19,4353345;25,26918034;-4,77192661;Quarterly;01/01/80
ZWE;Zimbabwe;ICT;USD million;1983-Q3;19,56980864;24,0318828;-7,274864849;Quarterly;01/01/80
ZWE;Zimbabwe;ICT;USD million;1983-Q4;18,79086173;25,49725972;-7,81306742;Quarterly;01/01/80
ZWE;Zimbabwe;ICT;USD million;1984-Q1;18,21106231;27,98153303;-9,947747966;Quarterly;01/01/80
ZWE;Zimbabwe;ICT;USD million;1984-Q2;21,45154251;28,25122075;-5,522007076;Quarterly;01/01/80
ZWE;Zimbabwe;ICT;USD million;1984-Q3;17,50854072;27,55745876;-9,532516915;Quarterly;01/01/80
ZWE;Zimbabwe;ICT;USD million;1984-Q4;17,95810136;24,70831477;-6,190313157;Quarterly;01/01/80
ZWE;Zimbabwe;ICT;USD million;1985-Q1;17,99185069;25,28167109;-6,227670025;Quarterly;01/01/80
ZWE;Zimbabwe;ICT;USD million;1985-Q2;19,31582522;27,66165877;-5,738444733;Quarterly;01/01/80
ZWE;Zimbabwe;ICT;USD million;1985-Q3;19,80196032;26,15768195;-4,940570789;Quarterly;01/01/80
ZWE;Zimbabwe;ICT;USD million;1985-Q4;20,74867816;25,97377389;-7,267719458;Quarterly;01/01/80
ZWE;Zimbabwe;ICT;USD million;1986-Q1;15,96336325;27,42982204;-10,57561378;Quarterly;01/01/80
ZWE;Zimbabwe;ICT;USD million;1986-Q2;20,47208397;26,36974658;-8,00574;Quarterly;01/01/80
ZWE;Zimbabwe;ICT;USD million;1986-Q3;21,75572894;26,5268528;-5,747956967;Quarterly;01/01/80
ZWE;Zimbabwe;ICT;USD million;1986-Q4;22,91082937;22,57408113;-4,292154033;Quarterly;01/01/80
ZWE;Zimbabwe;ICT;USD million;1987-Q1;19,37949127;24,90602168;-4,978652559;Quarterly;01/01/80
ZWE;Zimbabwe;ICT;USD million;1987-Q2;18,56094487;28,52120484;-9,981257169;Quarterly;01/01/80
ZWE;Zimbabwe;ICT;USD million;1987-Q3;18,7730852;25,21932832;-7,269773281;Quarterly;01/01/80
ZWE;Zimbabwe;ICT;USD million;1987-Q4;24,21442509;26,18226271;-3,445280295;Quarterly;01/01/80
ZWE;Zimbabwe;ICT;USD million;1988-Q1;19,44235299;27,8998191;-6,959706523;Quarterly;01/01/80
ZWE;Zimbabwe;ICT;USD million;1988-Q2;20,2084167;26,77242586;-5,165028841;Quarterly;01/01/80
ZWE;Zimbabwe;ICT;USD million;1988-Q3;21,65246831;25,8665842;-4,61100982;Quarterly;01/01/80
ZWE;Zimbabwe;ICT;USD million;1988-Q4;21,079764;26,17650975;-4,898760614;Quarterly;01/01/80
ZWE;Zimbabwe;ICT;USD million;1989-Q1;20,82084924;28,56389968;-8,205737238;Quarterly;01/01/80
ZWE;Zimbabwe;ICT;USD million;1989-Q2;19,28218878;23,39830692;-4,523671985;Quarterly;01/01/80
ZWE;Zimbabwe;ICT;USD million;1989-Q3;18,8173096;26,90692691;-5,937986905;Quarterly;01/01/80
ZWE;Zimbabwe;ICT;USD million;1989-Q4;22,56682023;28,54287034;-4,624338037;Quarterly;01/01/80
ZWE;Zimbabwe;ICT;USD million;1990-Q1;21,5761735;31,85857718;-10,39206399;Quarterly;01/01/80
ZWE;Zimbabwe;ICT;USD million;1990-Q2;20,49282537;24,25881933;-6,66395698;Quarterly;01/01/80
ZWE;Zimbabwe;ICT;USD million;1990-Q3;22,06952435;30,84158388;-7,191726872;Quarterly;01/01/80
ZWE;Zimbabwe;ICT;USD million;1990-Q4;21,52283729;25,84254827;-5,337865064;Quarterly;01/01/80
ZWE;Zimbabwe;ICT;USD million;1991-Q1;21,53357293;25,06590125;-4,237491036;Quarterly;01/01/80
ZWE;Zimbabwe;ICT;USD million;1991-Q2;21,52292437;27,84761121;-4,21665398;Quarterly;01/01/80
ZWE;Zimbabwe;ICT;USD million;1991-Q3;20,66874952;24,83030357;-3,94160968;Quarterly;01/01/80
ZWE;Zimbabwe;ICT;USD million;1991-Q4;21,18546223;26,08123236;-4,999440988;Quarterly;01/01/80
ZWE;Zimbabwe;ICT;USD million;1992-Q1;24,84877186;30,4482905;-4,216905234;Quarterly;01/01/80
ZWE;Zimbabwe;ICT;USD million;1992-Q2;19,88850683;28,43175461;-8,29522186;Quarterly;01/01/80
ZWE;Zimbabwe;ICT;USD million;1992-Q3;22,60910611;30,43723844;-7,36413685;Quarterly;01/01/80
ZWE;Zimbabwe;ICT;USD million;1992-Q4;22,44448516;30,33067452;-4,021783528;Quarterly;01/01/80
ZWE;Zimbabwe;ICT;USD million;1993-Q1;20,21850863;27,07419865;-5,913734041;Quarterly;01/01/80
ZWE;Zimbabwe;ICT;USD million;1993-Q2;23,55210032;28,00667847;-3,148119707;Quarterly;01/01/80
ZWE;Zimbabwe;ICT;USD million;1993-Q3;24,33647739;27,29205321;-4,460086085;Quarterly;01/01/80
ZWE;Zimbabwe;ICT;USD million;1993-Q4;21,64466773;27,32854136;-5,425487696;Quarterly;01/01/80
ZWE;Zimbabwe;ICT;USD million;1994-Q1;20,82400568;27,42385547;-5,28536548;Quarterly;01/01/80
ZWE;Zimbabwe;ICT;USD million;1994-Q2;18,2092066;28,71985792;-11,5992924;Quarterly;01/01/80
ZWE;Zimbabwe;ICT;USD million;1994-Q3;20,86033234;27,35986013;-5,18256686;Quarterly;01/01/80
ZWE;Zimbabwe;ICT;USD million;1994-Q4;19,99710179;26,81597873;-8,793647208;Quarterly;01/01/80
ZWE;Zimbabwe;ICT;USD million;1995-Q1;22,5281835;28,36590415;-5,790349757;Quarterly;01/01/80
ZWE;Zimbabwe;ICT;USD million;1995-Q2;22,6218931;28,2823956;-5,295319155;Quarterly;01/01/80
ZWE;Zimbabwe;ICT;USD million;1995-Q3;24,74046844;25,70532807;-2,83339825;Quarterly;01/01/80
ZWE;Zimbabwe;ICT;USD million;1995-Q4;22,10335972;28,98382974;-7,259234374;Quarterly;01/01/80
ZWE;Zimbabwe;ICT;USD million;1996-Q1;23,6975575;31,94565505;-8,976461065;Quarterly;01/01/80
ZWE;Zimbabwe;ICT;USD million;1996-Q2;22,6172967;29,73987744;-8,413101731;Quarterly;01/01/80
ZWE;Zimbabwe;ICT;USD million;1996-Q3;23,65998821;31,36571816;-4,671184957;Quarterly;01/01/80
ZWE;Zimbabwe;ICT;USD million;1996-Q4;22,63661956;28,91241942;-7,692594916;Quarterly;01/01/80
ZWE;Zimbabwe;ICT;USD million;1997-Q1;20,33039513;27,41486247;-7,886171279;Quarterly;01/01/80
ZWE;Zimbabwe;ICT;USD million;1997-Q2;23,45064661;30,85902287;-4,994670329;Quarterly;01/01/80
ZWE;Zimbabwe;ICT;USD million;1997-Q3;23,23000078;27,05208638;-5,223240125;Quarterly;01/01/80
ZWE;Zimbabwe;ICT;USD million;1997-Q4;23,58118238;29,35378813;-7,577703841;Quarterly;01/01/80
ZWE;Zimbabwe;ICT;USD million;1998-Q1;23,83290567;31,99027543;-6,775045231;Quarterly;01/01/80
ZWE;Zimbabwe;ICT;USD million;1998-Q2;24,61604288;29,32287;-4,844630148;Quarterly;01/01/80
ZWE;Zimbabwe;ICT;USD million;1998-Q3;25,04361821;25,44565252;-2,864981106;Quarterly;01/01/80
ZWE;Zimbabwe;ICT;USD million;1998-Q4;26,93478684;26,31496083;-0,478571127;Quarterly;01/01/80
ZWE;Zimbabwe;ICT;USD million;1999-Q1;23,43259839;29,01991954;-7,758679903;Quarterly;01/01/80
ZWE;Zimbabwe;ICT;USD million;1999-Q2;25,10709897;24,94776569;-1,082422375;Quarterly;01/01/80
ZWE;Zimbabwe;ICT;USD million;1999-Q3;24,83840417;29,12304702;-2,735686921;Quarterly;01/01/80
ZWE;Zimbabwe;ICT;USD million;1999-Q4;26,24992287;31,6749246;-5,925682479;Quarterly;01/01/80
ZWE;Zimbabwe;ICT;USD million;2000-Q1;26,02239939;27,45511599;-1,542164771;Quarterly;01/01/80
ZWE;Zimbabwe;ICT;USD million;2000-Q2;24,83286433;31,58583665;-7,833436348;Quarterly;01/01/80
ZWE;Zimbabwe;ICT;USD million;2000-Q3;25,63215763;29,3486377;-4,299402691;Quarterly;01/01/80
ZWE;Zimbabwe;ICT;USD million;2000-Q4;28,14123701;30,03715522;-4,761675111;Quarterly;01/01/80
ZWE;Zimbabwe;ICT;USD million;2001-Q1;24,62811367;32,74386243;-7,910806927;Quarterly;01/01/80
ZWE;Zimbabwe;ICT;USD million;2001-Q2;29,83288809;29,6604972;-3,794540346;Quarterly;01/01/80
ZWE;Zimbabwe;ICT;USD million;2001-Q3;24,14352239;33,94321114;-7,111654369;Quarterly;01/01/80
ZWE;Zimbabwe;ICT;USD million;2001-Q4;24,05355192;31,91915134;-7,974023208;Quarterly;01/01/80
ZWE;Zimbabwe;ICT;USD million;2002-Q1;26,64171173;36,43356776;-5,60872764;Quarterly;01/01/80
ZWE;Zimbabwe;ICT;USD million;2002-Q2;24,02861279;32,91550265;-7,23992088;Quarterly;01/01/80
ZWE;Zimbabwe;ICT;USD million;2002-Q3;24,04959082;31,67573549;-4,98163242;Quarterly;01/01/80
ZWE;Zimbabwe;ICT;USD million;2002-Q4;25,68168389;32,97324688;-4,107959619;Quarterly;01/01/80
ZWE;Zimbabwe;ICT;USD million;2003-Q1;24,08763431;34,3329892;-9,249584981;Quarterly;01/01/80
ZWE;Zimbabwe;ICT;USD million;2003-Q2;23,58664013;31,49988597;-9,125539107;Quarterly;01/01/80
ZWE;Zimbabwe;ICT;USD million;2003-Q3;21,80905026;30,85420503;-5,534370363;Quarterly;01/01/80
ZWE;Zimbabwe;ICT;USD million;2003-Q4;24,32331986;29,23232056;-4,876975274;Quarterly;01/01/80
ZWE;Zimbabwe;ICT;USD million;2004-Q1;22,96231802;32,95551079;-8,409229762;Quarterly;01/01/80
ZWE;Zimbabwe;ICT;USD million;2004-Q2;24,06914656;32,63381059;-10,34880975;Quarterly;01/01/80
ZWE;Zimbabwe;ICT;USD million;2004-Q3;29,13259515;29,81278941;-3,637372688;Quarterly;01/01/80
ZWE;Zimbabwe;ICT;USD million;2004-Q4;24,83417735;30,57449621;-6,787860192;Quarterly;01/01/80
ZWE;Zimbabwe;ICT;USD million;2005-Q1;32,67467536;32,97831228;-3,0930594;Quarterly;01/01/80
ZWE;Zimbabwe;ICT;USD million;2005-Q2;25,33148244;27,7332342;-5,579334226;Quarterly;01/01/80
ZWE;Zimbabwe;ICT;USD million;2005-Q3;29,58675133;32,22174386;-4,816911421;Quarterly;01/01/80
ZWE;Zimbabwe;ICT;USD million;2005-Q4;31,04166721;33,19980132;-3,686959142;Quarterly;01/01/80
ZWE;Zimbabwe;ICT;USD million;2006-Q1;24,09761109;31,18757413;-3,01240599;Quarterly;01/01/80
ZWE;Zimbabwe;ICT;USD million;2006-Q2;30,39204463;34,62294029;-7,525017281;Quarterly;01/01/80
ZWE;Zimbabwe;ICT;USD million;2006-Q3;30,09951347;32,61525315;-1,392815207;Quarterly;01/01/80
ZWE;Zimbabwe;ICT;USD million;2006-Q4;27,51772529;28,59192923;-3,843483911;Quarterly;01/01/80
ZWE;Zimbabwe;ICT;USD million;2007-Q1;24,59293934;33,94547312;-6,856134903;Quarterly;01/01/80
ZWE;Zimbabwe;ICT;USD million;2007-Q2;28,05171045;32,6142988;-3,137516316;Quarterly;01/01/80
ZWE;Zimbabwe;ICT;USD million;2007-Q3;28,65772252;29,45215858;0,860797598;Quarterly;01/01/80
ZWE;Zimbabwe;ICT;USD million;2007-Q4;26,31790541;30,03657611;-2,764568889;Quarterly;01/01/80
ZWE;Zimbabwe;ICT;USD million;2008-Q1;27,55583059;34,07279723;-6,229960732;Quarterly;01/01/80
ZWE;Zimbabwe;ICT;USD million;2008-Q2;28,43188305;30,20867838;-1,045439451;Quarterly;01/01/80
ZWE;Zimbabwe;ICT;USD million;2008-Q3;31,54683249;34,44676322;-0,906568555;Quarterly;01/01/80
ZWE;Zimbabwe;ICT;USD million;2008-Q4;26,44689444;32,71436044;-9,249991552;Quarterly;01/01/80
ZWE;Zimbabwe;ICT;USD million;2009-Q1;30,69847322;33,25359173;-3,109891838;Quarterly;01/01/80
ZWE;Zimbabwe;ICT;USD million;2009-Q2;24,19884975;33,95231691;-5,554494508;Quarterly;01/01/80
ZWE;Zimbabwe;ICT;USD million;2009-Q3;27,76902193;34,03247495;-8,091512414;Quarterly;01/01/80
ZWE;Zimbabwe;ICT;USD million;2009-Q4;24,95362516;33,32326418;-5,819538856;Quarterly;01/01/80
ZWE;Zimbabwe;ICT;USD million;2010-Q1;31,04960771;30,68954343;-2,162491324;Quarterly;01/01/80
ZWE;Zimbabwe;ICT;USD million;2010-Q2;29,00666235;36,24776899;-4,18789785;Quarterly;01/01/80
ZWE;Zimbabwe;ICT;USD million;2010-Q3;24,91110785;35,31618347;-9,164081151;Quarterly;01/01/80
ZWE;Zimbabwe;ICT;USD million;2010-Q4;30,48036852;32,16828563;0,018877208;Quarterly;01/01/80
ZWE;Zimbabwe;ICT;USD million;2011-Q1;35,97420897;35,57345915;0,108777534;Quarterly;01/01/80
ZWE;Zimbabwe;ICT;USD million;2011-Q2;29,06639547;32,75179448;-4,242217731;Quarterly;01/01/80
ZWE;Zimbabwe;ICT;USD million;2011-Q3;27,9954116;33,09508674;-5,042073109;Quarterly;01/01/80
ZWE;Zimbabwe;ICT;USD million;2011-Q4;26,93562702;41,05404082;-14,33534277;Quarterly;01/01/80
ZWE;Zimbabwe;ICT;USD million;2012-Q1;27,83190265;34,71493582;-7,717371807;Quarterly;01/01/80
ZWE;Zimbabwe;ICT;USD million;2012-Q2;29,87002206;36,32834378;-7,801241573;Quarterly;01/01/80
ZWE;Zimbabwe;ICT;USD million;2012-Q3;30,29370479;32,76221705;-3,013889181;Quarterly;01/01/80
ZWE;Zimbabwe;ICT;USD million;2012-Q4;28,52124549;34,37648429;-5,393479076;Quarterly;01/01/80
ZWE;Zimbabwe;ICT;USD million;2013-Q1;30,11641331;41,49526689;-7,27429169;Quarterly;01/01/80
ZWE;Zimbabwe;ICT;USD million;2013-Q2;30,50541585;38,12111254;-7,277369601;Quarterly;01/01/80
ZWE;Zimbabwe;ICT;USD million;2013-Q3;31,31229344;35,80958672;-9,058264612;Quarterly;01/01/80
ZWE;Zimbabwe;ICT;USD million;2013-Q4;29,71730159;36,03709163;-7,333068631;Quarterly;01/01/80
ZWE;Zimbabwe;ICT;USD million;2014-Q1;31,44252905;38,01686587;-8,2133271;Quarterly;01/01/80
ZWE;Zimbabwe;ICT;USD million;2014-Q2;30,75310568;40,9434917;-6,951055534;Quarterly;01/01/80
ZWE;Zimbabwe;ICT;USD million;2014-Q3;29,28177343;40,37171107;-10,5552251;Quarterly;01/01/80
ZWE;Zimbabwe;ICT;USD million;2014-Q4;24,53173293;33,28477234;-9,547514802;Quarterly;01/01/80
ZWE;Zimbabwe;ICT;USD million;2015-Q1;35,12656889;35,84301796;-6,489728861;Quarterly;01/01/80
ZWE;Zimbabwe;ICT;USD million;2015-Q2;28,97398677;47,98090193;-11,869266;Quarterly;01/01/80
ZWE;Zimbabwe;ICT;USD million;2015-Q3;25,58902106;31,87248959;-5,510574236;Quarterly;01/01/80
ZWE;Zimbabwe;ICT;USD million;2015-Q4;28,17777217;35,75388171;-7,564858093;Quarterly;01/01/80
ZWE;Zimbabwe;ICT;USD million;2016-Q1;27,02952215;36,51361784;-9,444035057;Quarterly;01/01/80
ZWE;Zimbabwe;ICT;USD million;2016-Q2;31,11956981;38,13292047;-9,005029632;Quarterly;01/01/80
ZWE;Zimbabwe;ICT;USD million;2016-Q3;28,02955746;40,08907662;-12,28188331;Quarterly;01/01/80
ZWE;Zimbabwe;ICT;USD million;2016-Q4;26,00212554;36,97443648;-9,329396178;Quarterly;01/01/80
ZWE;Zimbabwe;ICT;USD million;2017-Q1;30,17794557;31,14617791;-4,566574752;Quarterly;01/01/80
ZWE;Zimbabwe;ICT;USD million;2017-Q2;27,04513181;33,22413199;-6,129605405;Quarterly;01/01/80
ZWE;Zimbabwe;ICT;USD million;2017-Q3;28,03653646;35,17744404;-7,949404225;Quarterly;01/01/80
ZWE;Zimbabwe;ICT;USD million;2017-Q4;25,42260347;31,25346524;-5,682601856;Quarterly;01/01/80
ZWE;Zimbabwe;ICT;USD million;2018-Q1;31,67308658;44,10693778;-13,07183957;Quarterly;01/01/80
ZWE;Zimbabwe;ICT;USD million;2018-Q2;30,61572602;38,82459139;-9,61154719;Quarterly;01/01/80
ZWE;Zimbabwe;ICT;USD million;2018-Q3;27,92615872;38,48015338;-9,940233032;Quarterly;01/01/80
ZWE;Zimbabwe;ICT;USD million;2018-Q4;29,39719411;38,51596305;-9,227716265;Quarterly;01/01/80
ZWE;Zimbabwe;ICT;USD million;2019-Q1;31,00212071;36,24215226;-8,420298649;Quarterly;01/01/80
ZWE;Zimbabwe;ICT;USD million;2019-Q2;32,51931705;34,7556948;-7,890974201;Quarterly;01/01/80
ZWE;Zimbabwe;ICT;USD million;2019-Q3;30,45571097;34,8885541;-6,148920396;Quarterly;01/01/80
ZWE;Zimbabwe;ICT;USD million;2019-Q4;30,26754548;39,13266405;-12,76283835;Quarterly;01/01/80
ZWE;Zimbabwe;ICT;USD million;2020-Q1;29,20389132;37,44083403;-11,51534864;Quarterly;01/01/80
ZWE;Zimbabwe;ICT;USD million;2020-Q2;29,7200225;35,68521204;-5,244536242;Quarterly;01/01/80
ZWE;Zimbabwe;ICT;USD million;2020-Q3;27,7592337;39,26819518;-8,892202581;Quarterly;01/01/80
ZWE;Zimbabwe;ICT;USD million;2020-Q4;27,9328544;39,2079043;-11,68109672;Quarterly;01/01/80
ZWE;Zimbabwe;ICT;USD million;2021-Q1;32,0990556;42,75047999;-8,816671815;Quarterly;01/01/80
ZWE;Zimbabwe;ICT;USD million;2021-Q2;28,29100615;39,91957551;-8,780466066;Quarterly;01/01/80
ZWE;Zimbabwe;ICT;USD million;2021-Q3;32,34427176;38,59325588;-5,522751996;Quarterly;01/01/80
ZWE;Zimbabwe;ICT;USD million;2021-Q4;29,5648578;38,96019995;-9,465611496;Quarterly;01/01/80
ZWE;Zimbabwe;ICT;USD million;2022-Q1;32,35239234;40,54895102;-9,352297183;Quarterly;01/01/80
ZWE;Zimbabwe;ICT;USD million;2022-Q2;31,02023184;35,89949547;-5,925293164;Quarterly;01/01/80
ZWE;Zimbabwe;ICT;USD million;2022-Q3;29,08186067;38,86051731;-7,759026757;Quarterly;01/01/80
ZWE;Zimbabwe;ICT;USD million;2022-Q4;27,49533576;40,32298352;-8,683785201;Quarterly;01/01/80
ZWE;Zimbabwe;ICT;USD million;2023-Q1;33,25777066;40,34373671;-5,896000829;Quarterly;01/01/80
ZWE;Zimbabwe;ICT;USD million;2023-Q2;29,5226406;41,08175656;-10,96023918;Quarterly;01/01/80
ZWE;Zimbabwe;ICT;USD million;2023-Q3;30,60623776;39,17639614;-7,258499479;Quarterly;01/01/80
ZWE;Zimbabwe;ICT;USD million;2023-Q4;27,30535939;42,09818125;-11,6805143;Quarterly;01/01/80
ZWE;Zimbabwe;ICT;USD million;2024-Q1;31,03841434;41,09357744;-12,49259047;Quarterly;01/01/80
ZWE;Zimbabwe;ICT;USD million;2024-Q2;30,04010848;37,61781796;-9,058090909;Quarterly;01/01/80
ZWE;Zimbabwe;ICT;USD million;2024-Q3;30,37539114;40,00991907;-13,97760128;Quarterly;01/01/80
ZWE;Zimbabwe;ICT;USD million;2024-Q4;31,96749852;41,17281455;-10,64323735;Quarterly;01/01/80
ZWE;Zimbabwe;ICT;USD million;2025-Q1;29,96706422;40,74693907;-14,12446221;Quarterly;01/01/80
ZWE;Zimbabwe;ICT;USD million;2025-Q2;31,80525841;46,67706958;-14,65770282;Quarterly;01/01/80
ZWE;Zimbabwe;ICT;USD million;2025-Q3;28,44681501;44,31692055;-13,4623307;Quarterly;01/01/80
ZWE;Zimbabwe;ICT;USD million;2025-Q4;35,32732207;41,82009094;-6,52822907;Quarterly;01/01/80
ZWE;Zimbabwe;ICT;USD million;2026-Q1;29,18668321;37,49651059;-10,12254887;Quarterly;01/01/80
ZWE;Zimbabwe;ICT;USD million;2026-Q2;29,89085224;42,18842577;-12,31990282;Quarterly;01/01/80
ZWE;Zimbabwe;ICT;USD million;2026-Q3;33,78610848;39,89980364;-8,448782108;Quarterly;01/01/80
ZWE;Zimbabwe;Insurance;USD million;1980-Q1;18,89652609;26,34418281;-7,290079419;Quarterly;01/01/80
ZWE;Zimbabwe;Insurance;USD million;1980-Q2;19,3637635;24,04678663;-3,265362425;Quarterly;01/01/80
ZWE;Zimbabwe;Insurance;USD million;1980-Q3;19,37235667;22,46148682;-4,420007055;Quarterly;01/01/80
ZWE;Zimbabwe;Insurance;USD million;1980-Q4;18,13555234;25,29458676;-6,592249351;Quarterly;01/01/80
ZWE;Zimbabwe;Insurance;USD million;1981-Q1;19,19042992;23,49140801;-4,461271273;Quarterly;01/01/80
ZWE;Zimbabwe;Insurance;USD million;1981-Q2;20,43751187;26,70180886;-4,405327201;Quarterly;01/01/80
ZWE;Zimbabwe;Insurance;USD million;1981-Q3;21,06669648;23,70295812;-3,790857269;Quarterly;01/01/80
ZWE;Zimbabwe;Insurance;USD million;1981-Q4;20,89978905;24,89645365;-4,09043652;Quarterly;01/01/80
ZWE;Zimbabwe;Insurance;USD million;1982-Q1;20,81695082;27,37267236;-8,171742541;Quarterly;01/01/80
ZWE;Zimbabwe;Insurance;USD million;1982-Q2;19,67425772;24,01718129;-5,097329937;Quarterly;01/01/80
ZWE;Zimbabwe;Insurance;USD million;1982-Q3;18,16300744;27,32757739;-7,794621446;Quarterly;01/01/80
ZWE;Zimbabwe;Insurance;USD million;1982-Q4;17,77262421;22,96459987;-5,316993604;Quarterly;01/01/80
ZWE;Zimbabwe;Insurance;USD million;1983-Q1;16,96239912;29,61497989;-8,833720537;Quarterly;01/01/80
ZWE;Zimbabwe;Insurance;USD million;1983-Q2;18,87094157;24,84749609;-4,927637135;Quarterly;01/01/80
ZWE;Zimbabwe;Insurance;USD million;1983-Q3;20,60466236;23,52849788;-6,757347036;Quarterly;01/01/80
ZWE;Zimbabwe;Insurance;USD million;1983-Q4;21,10563776;25,854608;-8,179018214;Quarterly;01/01/80
ZWE;Zimbabwe;Insurance;USD million;1984-Q1;17,48488792;27,87478318;-9,717677171;Quarterly;01/01/80
ZWE;Zimbabwe;Insurance;USD million;1984-Q2;21,03716238;24,69874985;-5,518129574;Quarterly;01/01/80
ZWE;Zimbabwe;Insurance;USD million;1984-Q3;18,21542061;26,13100535;-9,077980283;Quarterly;01/01/80
ZWE;Zimbabwe;Insurance;USD million;1984-Q4;18,32442695;25,14824904;-6,255416893;Quarterly;01/01/80
ZWE;Zimbabwe;Insurance;USD million;1985-Q1;19,34449898;26,19752399;-6,007997853;Quarterly;01/01/80
ZWE;Zimbabwe;Insurance;USD million;1985-Q2;20,84498209;26,47359459;-5,451225623;Quarterly;01/01/80
ZWE;Zimbabwe;Insurance;USD million;1985-Q3;19,38057915;26,2006501;-5,01822086;Quarterly;01/01/80
ZWE;Zimbabwe;Insurance;USD million;1985-Q4;19,91957482;25,03786848;-7,642833297;Quarterly;01/01/80
ZWE;Zimbabwe;Insurance;USD million;1986-Q1;18,62632619;27,68373612;-10,77897095;Quarterly;01/01/80
ZWE;Zimbabwe;Insurance;USD million;1986-Q2;19,30743411;27,9174931;-8,099406537;Quarterly;01/01/80
ZWE;Zimbabwe;Insurance;USD million;1986-Q3;19,56484329;27,48117168;-5,697204115;Quarterly;01/01/80
ZWE;Zimbabwe;Insurance;USD million;1986-Q4;20,15523659;27,07363785;-4,560120024;Quarterly;01/01/80
ZWE;Zimbabwe;Insurance;USD million;1987-Q1;20,17665853;25,17803399;-4,948202673;Quarterly;01/01/80
ZWE;Zimbabwe;Insurance;USD million;1987-Q2;16,81436097;29,83854237;-10,41912023;Quarterly;01/01/80
ZWE;Zimbabwe;Insurance;USD million;1987-Q3;18,15889807;27,38602265;-6,970611519;Quarterly;01/01/80
ZWE;Zimbabwe;Insurance;USD million;1987-Q4;21,80932687;25,90374677;-3,603732611;Quarterly;01/01/80
ZWE;Zimbabwe;Insurance;USD million;1988-Q1;20,58969507;24,68461547;-7,034830022;Quarterly;01/01/80
ZWE;Zimbabwe;Insurance;USD million;1988-Q2;20,88078131;27,78038651;-5,273212602;Quarterly;01/01/80
ZWE;Zimbabwe;Insurance;USD million;1988-Q3;19,23674635;24,76684675;-4,758413302;Quarterly;01/01/80
ZWE;Zimbabwe;Insurance;USD million;1988-Q4;20,59224719;27,86478919;-4,987570257;Quarterly;01/01/80
ZWE;Zimbabwe;Insurance;USD million;1989-Q1;20,25231351;26,14106983;-8,267990886;Quarterly;01/01/80
ZWE;Zimbabwe;Insurance;USD million;1989-Q2;19,39249461;25,07851142;-4,670952776;Quarterly;01/01/80
ZWE;Zimbabwe;Insurance;USD million;1989-Q3;18,9682126;25,80674654;-6,034707885;Quarterly;01/01/80
ZWE;Zimbabwe;Insurance;USD million;1989-Q4;21,45501846;26,85252759;-5,076491246;Quarterly;01/01/80
ZWE;Zimbabwe;Insurance;USD million;1990-Q1;20,12393281;30,18996038;-10,08875684;Quarterly;01/01/80
ZWE;Zimbabwe;Insurance;USD million;1990-Q2;21,21560775;27,6911249;-6,733694442;Quarterly;01/01/80
ZWE;Zimbabwe;Insurance;USD million;1990-Q3;22,21078357;28,14084538;-7,518457809;Quarterly;01/01/80
ZWE;Zimbabwe;Insurance;USD million;1990-Q4;22,20529048;28,0087068;-5,797624442;Quarterly;01/01/80
ZWE;Zimbabwe;Insurance;USD million;1991-Q1;22,99646501;24,30695312;-4,527186162;Quarterly;01/01/80
ZWE;Zimbabwe;Insurance;USD million;1991-Q2;22,08629001;24,70239907;-4,296917557;Quarterly;01/01/80
ZWE;Zimbabwe;Insurance;USD million;1991-Q3;20,56052487;24,99439507;-3,914059694;Quarterly;01/01/80
ZWE;Zimbabwe;Insurance;USD million;1991-Q4;21,59765357;25,83530021;-5,269588888;Quarterly;01/01/80
ZWE;Zimbabwe;Insurance;USD million;1992-Q1;25,00591357;27,65076007;-4,196985098;Quarterly;01/01/80
ZWE;Zimbabwe;Insurance;USD million;1992-Q2;20,64353045;27,3766018;-8,302095059;Quarterly;01/01/80
ZWE;Zimbabwe;Insurance;USD million;1992-Q3;23,93377333;30,25261572;-6,996367755;Quarterly;01/01/80
ZWE;Zimbabwe;Insurance;USD million;1992-Q4;21,60181149;26,67422083;-4,226730701;Quarterly;01/01/80
ZWE;Zimbabwe;Insurance;USD million;1993-Q1;18,9308852;24,56634911;-5,354749297;Quarterly;01/01/80
ZWE;Zimbabwe;Insurance;USD million;1993-Q2;25,30493215;29,57044922;-3,200461969;Quarterly;01/01/80
ZWE;Zimbabwe;Insurance;USD million;1993-Q3;23,34131039;26,36183965;-4,926604054;Quarterly;01/01/80
ZWE;Zimbabwe;Insurance;USD million;1993-Q4;22,94318955;30,02142278;-5,653234355;Quarterly;01/01/80
ZWE;Zimbabwe;Insurance;USD million;1994-Q1;22,48562;27,1799286;-5,195045139;Quarterly;01/01/80
ZWE;Zimbabwe;Insurance;USD million;1994-Q2;18,46410922;28,69741812;-11,3699981;Quarterly;01/01/80
ZWE;Zimbabwe;Insurance;USD million;1994-Q3;21,3171875;27,71668969;-5,38339731;Quarterly;01/01/80
ZWE;Zimbabwe;Insurance;USD million;1994-Q4;19,5544153;29,85465915;-8,927746564;Quarterly;01/01/80
ZWE;Zimbabwe;Insurance;USD million;1995-Q1;22,02987744;29,30206666;-5,773022124;Quarterly;01/01/80
ZWE;Zimbabwe;Insurance;USD million;1995-Q2;22,79830806;28,54499471;-5,250120661;Quarterly;01/01/80
ZWE;Zimbabwe;Insurance;USD million;1995-Q3;25,36454379;25,99162193;-2,76670937;Quarterly;01/01/80
ZWE;Zimbabwe;Insurance;USD million;1995-Q4;21,80068646;30,41757732;-7,168827566;Quarterly;01/01/80
ZWE;Zimbabwe;Insurance;USD million;1996-Q1;22,94405999;30,16654488;-9,056945411;Quarterly;01/01/80
ZWE;Zimbabwe;Insurance;USD million;1996-Q2;21,49054849;32,78182141;-8,515817651;Quarterly;01/01/80
ZWE;Zimbabwe;Insurance;USD million;1996-Q3;24,76350931;28,85263947;-5,025997625;Quarterly;01/01/80
ZWE;Zimbabwe;Insurance;USD million;1996-Q4;21,74397377;29,74474627;-7,465559642;Quarterly;01/01/80
ZWE;Zimbabwe;Insurance;USD million;1997-Q1;18,56067659;26,54673895;-7,327342379;Quarterly;01/01/80
ZWE;Zimbabwe;Insurance;USD million;1997-Q2;26,1716195;30,99211047;-5,326405326;Quarterly;01/01/80
ZWE;Zimbabwe;Insurance;USD million;1997-Q3;22,85408339;27,65265326;-5,11827279;Quarterly;01/01/80
ZWE;Zimbabwe;Insurance;USD million;1997-Q4;25,67934842;32,56231636;-7,590149524;Quarterly;01/01/80
ZWE;Zimbabwe;Insurance;USD million;1998-Q1;23,90538109;29,77076702;-6,683697595;Quarterly;01/01/80
ZWE;Zimbabwe;Insurance;USD million;1998-Q2;21,31364579;28,31136063;-4,518982023;Quarterly;01/01/80
ZWE;Zimbabwe;Insurance;USD million;1998-Q3;25,23846784;25,80507557;-2,864287131;Quarterly;01/01/80
ZWE;Zimbabwe;Insurance;USD million;1998-Q4;24,01471931;23,66722255;-0,389638432;Quarterly;01/01/80
ZWE;Zimbabwe;Insurance;USD million;1999-Q1;20,27827017;29,04863104;-8,027054507;Quarterly;01/01/80
ZWE;Zimbabwe;Insurance;USD million;1999-Q2;25,77722366;26,92788033;-0,911034097;Quarterly;01/01/80
ZWE;Zimbabwe;Insurance;USD million;1999-Q3;24,95320899;27,63347146;-2,65258498;Quarterly;01/01/80
ZWE;Zimbabwe;Insurance;USD million;1999-Q4;24,18946239;30,95886386;-6,049691011;Quarterly;01/01/80
ZWE;Zimbabwe;Insurance;USD million;2000-Q1;24,25817267;25,24316929;-1,860881613;Quarterly;01/01/80
ZWE;Zimbabwe;Insurance;USD million;2000-Q2;23,23188029;30,87569799;-7,897205954;Quarterly;01/01/80
ZWE;Zimbabwe;Insurance;USD million;2000-Q3;23,12109858;30,89372998;-4,526147099;Quarterly;01/01/80
ZWE;Zimbabwe;Insurance;USD million;2000-Q4;24,12712211;29,90070618;-4,52047969;Quarterly;01/01/80
ZWE;Zimbabwe;Insurance;USD million;2001-Q1;26,74375409;34,14139014;-7,875566184;Quarterly;01/01/80
ZWE;Zimbabwe;Insurance;USD million;2001-Q2;26,5336865;32,16790083;-4,031420783;Quarterly;01/01/80
ZWE;Zimbabwe;Insurance;USD million;2001-Q3;22,96371074;30,75250572;-6,893279048;Quarterly;01/01/80
ZWE;Zimbabwe;Insurance;USD million;2001-Q4;22,93245252;31,99047971;-7,642831374;Quarterly;01/01/80
ZWE;Zimbabwe;Insurance;USD million;2002-Q1;27,39503248;33,24544757;-5,6015257;Quarterly;01/01/80
ZWE;Zimbabwe;Insurance;USD million;2002-Q2;21,94568262;31,00310519;-7,241541009;Quarterly;01/01/80
ZWE;Zimbabwe;Insurance;USD million;2002-Q3;24,17336893;31,35089406;-5,018285023;Quarterly;01/01/80
ZWE;Zimbabwe;Insurance;USD million;2002-Q4;28,89325624;30,75651021;-4,223466253;Quarterly;01/01/80
ZWE;Zimbabwe;Insurance;USD million;2003-Q1;25,7448964;33,24793612;-9,664693627;Quarterly;01/01/80
ZWE;Zimbabwe;Insurance;USD million;2003-Q2;24,75978739;31,37302187;-8,64046416;Quarterly;01/01/80
ZWE;Zimbabwe;Insurance;USD million;2003-Q3;25,2018601;27,85586818;-5,650457969;Quarterly;01/01/80
ZWE;Zimbabwe;Insurance;USD million;2003-Q4;24,20092758;32,61289473;-5,121733482;Quarterly;01/01/80
ZWE;Zimbabwe;Insurance;USD million;2004-Q1;26,1559478;32,19929789;-8,234056124;Quarterly;01/01/80
ZWE;Zimbabwe;Insurance;USD million;2004-Q2;25,66997656;36,1495707;-10,63790605;Quarterly;01/01/80
ZWE;Zimbabwe;Insurance;USD million;2004-Q3;28,86771352;30,38290355;-4,045955487;Quarterly;01/01/80
ZWE;Zimbabwe;Insurance;USD million;2004-Q4;26,40123209;29,94212042;-6,878189597;Quarterly;01/01/80
ZWE;Zimbabwe;Insurance;USD million;2005-Q1;31,14157684;35,16759109;-2,921327556;Quarterly;01/01/80
ZWE;Zimbabwe;Insurance;USD million;2005-Q2;23,17645285;29,42994552;-5,636113777;Quarterly;01/01/80
ZWE;Zimbabwe;Insurance;USD million;2005-Q3;26,79450082;33,00196629;-4,915972123;Quarterly;01/01/80
ZWE;Zimbabwe;Insurance;USD million;2005-Q4;28,28460374;30,62669764;-3,579533322;Quarterly;01/01/80
ZWE;Zimbabwe;Insurance;USD million;2006-Q1;26,57414214;27,42341694;-3,260732711;Quarterly;01/01/80
ZWE;Zimbabwe;Insurance;USD million;2006-Q2;29,55121426;34,86320513;-7,393467055;Quarterly;01/01/80
ZWE;Zimbabwe;Insurance;USD million;2006-Q3;31,66602294;32,21858098;-1,50906135;Quarterly;01/01/80
ZWE;Zimbabwe;Insurance;USD million;2006-Q4;29,26598664;30,14591605;-3,686443332;Quarterly;01/01/80
ZWE;Zimbabwe;Insurance;USD million;2007-Q1;26,7225467;32,80932014;-6,758146152;Quarterly;01/01/80
ZWE;Zimbabwe;Insurance;USD million;2007-Q2;28,4847659;31,44696996;-3,316632332;Quarterly;01/01/80
ZWE;Zimbabwe;Insurance;USD million;2007-Q3;30,51957099;27,86354122;0,848385541;Quarterly;01/01/80
ZWE;Zimbabwe;Insurance;USD million;2007-Q4;30,03215108;34,98337987;-2,836598472;Quarterly;01/01/80
ZWE;Zimbabwe;Insurance;USD million;2008-Q1;28,13810633;33,30590035;-6,141217932;Quarterly;01/01/80
ZWE;Zimbabwe;Insurance;USD million;2008-Q2;28,99510518;30,37215076;-1,006777526;Quarterly;01/01/80
ZWE;Zimbabwe;Insurance;USD million;2008-Q3;31,75569514;32,11240124;-0,919309072;Quarterly;01/01/80
ZWE;Zimbabwe;Insurance;USD million;2008-Q4;25,61554076;36,38478519;-9,48144645;Quarterly;01/01/80
ZWE;Zimbabwe;Insurance;USD million;2009-Q1;28,53957313;29,85712574;-2,892108626;Quarterly;01/01/80
ZWE;Zimbabwe;Insurance;USD million;2009-Q2;27,27764535;35,04793525;-5,248301212;Quarterly;01/01/80
ZWE;Zimbabwe;Insurance;USD million;2009-Q3;26,06407448;33,00126997;-8,008785372;Quarterly;01/01/80
ZWE;Zimbabwe;Insurance;USD million;2009-Q4;28,76543972;30,83661446;-5,792709578;Quarterly;01/01/80
ZWE;Zimbabwe;Insurance;USD million;2010-Q1;30,01946431;27,01688563;-2,27785619;Quarterly;01/01/80
ZWE;Zimbabwe;Insurance;USD million;2010-Q2;28,72047426;38,89815117;-4,167867287;Quarterly;01/01/80
ZWE;Zimbabwe;Insurance;USD million;2010-Q3;27,633656;38,25453646;-9,211880048;Quarterly;01/01/80
ZWE;Zimbabwe;Insurance;USD million;2010-Q4;30,76332445;30,60526531;0,101285842;Quarterly;01/01/80
ZWE;Zimbabwe;Insurance;USD million;2011-Q1;37,61398439;31,61080836;-0,078755911;Quarterly;01/01/80
ZWE;Zimbabwe;Insurance;USD million;2011-Q2;29,9044081;35,60853766;-4,328326567;Quarterly;01/01/80
ZWE;Zimbabwe;Insurance;USD million;2011-Q3;28,05882905;32,32313092;-5,124486562;Quarterly;01/01/80
ZWE;Zimbabwe;Insurance;USD million;2011-Q4;26,77353072;39,57189611;-14,62186408;Quarterly;01/01/80
ZWE;Zimbabwe;Insurance;USD million;2012-Q1;26,22428239;33,0765064;-7,622197117;Quarterly;01/01/80
ZWE;Zimbabwe;Insurance;USD million;2012-Q2;30,46774617;37,30022303;-7,588541259;Quarterly;01/01/80
ZWE;Zimbabwe;Insurance;USD million;2012-Q3;28,20774158;31,02700629;-2,83362627;Quarterly;01/01/80
ZWE;Zimbabwe;Insurance;USD million;2012-Q4;29,64508611;35,53587306;-5,659506981;Quarterly;01/01/80
ZWE;Zimbabwe;Insurance;USD million;2013-Q1;29,05240197;37,80248971;-7,22493006;Quarterly;01/01/80
ZWE;Zimbabwe;Insurance;USD million;2013-Q2;27,65929491;37,4428646;-7,057932425;Quarterly;01/01/80
ZWE;Zimbabwe;Insurance;USD million;2013-Q3;32,55293009;36,94076013;-9,822072584;Quarterly;01/01/80
ZWE;Zimbabwe;Insurance;USD million;2013-Q4;31,18350483;35,27467669;-7,147734717;Quarterly;01/01/80
ZWE;Zimbabwe;Insurance;USD million;2014-Q1;31,9571742;43,78304583;-7,873991634;Quarterly;01/01/80
ZWE;Zimbabwe;Insurance;USD million;2014-Q2;32,28684115;37,7611718;-7,357260317;Quarterly;01/01/80
ZWE;Zimbabwe;Insurance;USD million;2014-Q3;28,59200999;38,14180957;-10,85579457;Quarterly;01/01/80
ZWE;Zimbabwe;Insurance;USD million;2014-Q4;26,12272216;33,38291426;-9,868949246;Quarterly;01/01/80
ZWE;Zimbabwe;Insurance;USD million;2015-Q1;33,71550513;41,42390472;-6,697690341;Quarterly;01/01/80
ZWE;Zimbabwe;Insurance;USD million;2015-Q2;29,74296595;41,38483534;-11,24521566;Quarterly;01/01/80
ZWE;Zimbabwe;Insurance;USD million;2015-Q3;27,18391994;33,20802699;-5,727042413;Quarterly;01/01/80
ZWE;Zimbabwe;Insurance;USD million;2015-Q4;28,17378507;39,60329644;-8,316744563;Quarterly;01/01/80
ZWE;Zimbabwe;Insurance;USD million;2016-Q1;30,37164917;37,67571615;-9,161885668;Quarterly;01/01/80
ZWE;Zimbabwe;Insurance;USD million;2016-Q2;29,72418997;40,48788471;-8,722994686;Quarterly;01/01/80
ZWE;Zimbabwe;Insurance;USD million;2016-Q3;29,15241374;38,91732396;-11,62348229;Quarterly;01/01/80
ZWE;Zimbabwe;Insurance;USD million;2016-Q4;29,1234594;35,77665847;-9,046424608;Quarterly;01/01/80
ZWE;Zimbabwe;Insurance;USD million;2017-Q1;26,77656011;35,67360705;-4,590348349;Quarterly;01/01/80
ZWE;Zimbabwe;Insurance;USD million;2017-Q2;27,8059445;33,59902339;-6,169303687;Quarterly;01/01/80
ZWE;Zimbabwe;Insurance;USD million;2017-Q3;29,66812199;37,21806893;-8,510475711;Quarterly;01/01/80
ZWE;Zimbabwe;Insurance;USD million;2017-Q4;26,20598984;32,40057443;-5,43250695;Quarterly;01/01/80
ZWE;Zimbabwe;Insurance;USD million;2018-Q1;29,48560573;43,03912984;-12,63607273;Quarterly;01/01/80
ZWE;Zimbabwe;Insurance;USD million;2018-Q2;29,76629672;41,49124094;-9,387615163;Quarterly;01/01/80
ZWE;Zimbabwe;Insurance;USD million;2018-Q3;26,88289372;44,18071625;-9,754333751;Quarterly;01/01/80
ZWE;Zimbabwe;Insurance;USD million;2018-Q4;28,61306939;39,2323032;-9,821409207;Quarterly;01/01/80
ZWE;Zimbabwe;Insurance;USD million;2019-Q1;33,75462018;40,75358512;-8,344432271;Quarterly;01/01/80
ZWE;Zimbabwe;Insurance;USD million;2019-Q2;30,17645952;36,35490403;-8,719309435;Quarterly;01/01/80
ZWE;Zimbabwe;Insurance;USD million;2019-Q3;29,51375042;36,98256091;-5,816528697;Quarterly;01/01/80
ZWE;Zimbabwe;Insurance;USD million;2019-Q4;25,88072021;36,56272162;-11,9978538;Quarterly;01/01/80
ZWE;Zimbabwe;Insurance;USD million;2020-Q1;29,59331033;38,50489923;-11,4819972;Quarterly;01/01/80
ZWE;Zimbabwe;Insurance;USD million;2020-Q2;27,13813756;32,87835547;-5,101442574;Quarterly;01/01/80
ZWE;Zimbabwe;Insurance;USD million;2020-Q3;28,52670619;37,19655519;-9,516474858;Quarterly;01/01/80
ZWE;Zimbabwe;Insurance;USD million;2020-Q4;30,79665955;40,17820658;-12,15130377;Quarterly;01/01/80
ZWE;Zimbabwe;Insurance;USD million;2021-Q1;30,14096825;38,25379848;-8,387085968;Quarterly;01/01/80
ZWE;Zimbabwe;Insurance;USD million;2021-Q2;29,62188057;38,55283552;-8,726299113;Quarterly;01/01/80
ZWE;Zimbabwe;Insurance;USD million;2021-Q3;28,24478176;36,02748411;-5,328805922;Quarterly;01/01/80
ZWE;Zimbabwe;Insurance;USD million;2021-Q4;28,97685158;40,07021336;-10,01584033;Quarterly;01/01/80
ZWE;Zimbabwe;Insurance;USD million;2022-Q1;32,90499069;37,69061256;-9,857759845;Quarterly;01/01/80
ZWE;Zimbabwe;Insurance;USD million;2022-Q2;31,12507613;36,88417251;-5,981298674;Quarterly;01/01/80
ZWE;Zimbabwe;Insurance;USD million;2022-Q3;30,74474521;38,61773715;-7,819670595;Quarterly;01/01/80
ZWE;Zimbabwe;Insurance;USD million;2022-Q4;29,12843459;38,11944983;-8,049493494;Quarterly;01/01/80
ZWE;Zimbabwe;Insurance;USD million;2023-Q1;32,73524721;41,00999964;-5,992561035;Quarterly;01/01/80
ZWE;Zimbabwe;Insurance;USD million;2023-Q2;30,26269569;45,14031585;-10,65384475;Quarterly;01/01/80
ZWE;Zimbabwe;Insurance;USD million;2023-Q3;32,21267384;39,13221495;-6,940026862;Quarterly;01/01/80
ZWE;Zimbabwe;Insurance;USD million;2023-Q4;26,18616808;39,70463212;-11,83886592;Quarterly;01/01/80
ZWE;Zimbabwe;Insurance;USD million;2024-Q1;30,66745487;38,95696983;-11,30539051;Quarterly;01/01/80
ZWE;Zimbabwe;Insurance;USD million;2024-Q2;31,62233387;37,04609509;-8,535949364;Quarterly;01/01/80
ZWE;Zimbabwe;Insurance;USD million;2024-Q3;31,16571069;45,34058855;-15,22761752;Quarterly;01/01/80
ZWE;Zimbabwe;Insurance;USD million;2024-Q4;31,80197108;39,69709765;-9,43135118;Quarterly;01/01/80
ZWE;Zimbabwe;Insurance;USD million;2025-Q1;27,55386014;41,55104624;-13,50599046;Quarterly;01/01/80
ZWE;Zimbabwe;Insurance;USD million;2025-Q2;28,50919408;40,29104193;-14,01501356;Quarterly;01/01/80
ZWE;Zimbabwe;Insurance;USD million;2025-Q3;29,6769125;41,37264458;-13,92733925;Quarterly;01/01/80
ZWE;Zimbabwe;Insurance;USD million;2025-Q4;34,99658969;41,13060566;-6,369344714;Quarterly;01/01/80
ZWE;Zimbabwe;Insurance;USD million;2026-Q1;28,73530843;39,40037223;-9,435367378;Quarterly;01/01/80
ZWE;Zimbabwe;Insurance;USD million;2026-Q2;28,62785646;39,85098971;-12,06895086;Quarterly;01/01/80
ZWE;Zimbabwe;Insurance;USD million;2026-Q3;32,4662929;43,5301027;-8,785298851;Quarterly;01/01/80
ZWE;Zimbabwe;Other Services;USD million;1980-Q1;18,24990439;27,11183368;-7,196635756;Quarterly;01/01/80
ZWE;Zimbabwe;Other Services;USD million;1980-Q2;18,52401168;23,53326602;-3,518591794;Quarterly;01/01/80
ZWE;Zimbabwe;Other Services;USD million;1980-Q3;18,35748067;22,45014606;-4,029761292;Quarterly;01/01/80
ZWE;Zimbabwe;Other Services;USD million;1980-Q4;18,46403035;22,53462212;-6,634582997;Quarterly;01/01/80
ZWE;Zimbabwe;Other Services;USD million;1981-Q1;19,22777023;24,54036636;-4,368442795;Quarterly;01/01/80
ZWE;Zimbabwe;Other Services;USD million;1981-Q2;21,20579452;25,01369884;-4,657285867;Quarterly;01/01/80
ZWE;Zimbabwe;Other Services;USD million;1981-Q3;20,45933739;23,6762803;-3,831468258;Quarterly;01/01/80
ZWE;Zimbabwe;Other Services;USD million;1981-Q4;20,15268321;25,42864487;-4,169439395;Quarterly;01/01/80
ZWE;Zimbabwe;Other Services;USD million;1982-Q1;19,85423727;28,4516627;-8,346366108;Quarterly;01/01/80
ZWE;Zimbabwe;Other Services;USD million;1982-Q2;21,34398166;24,34176976;-4,687026315;Quarterly;01/01/80
ZWE;Zimbabwe;Other Services;USD million;1982-Q3;18,75046222;28,5673069;-7,913648679;Quarterly;01/01/80
ZWE;Zimbabwe;Other Services;USD million;1982-Q4;17,49879629;24,08913779;-5,561733882;Quarterly;01/01/80
ZWE;Zimbabwe;Other Services;USD million;1983-Q1;16,94569904;27,33431193;-9,189732262;Quarterly;01/01/80
ZWE;Zimbabwe;Other Services;USD million;1983-Q2;20,16146372;23,75961846;-5,123712072;Quarterly;01/01/80
ZWE;Zimbabwe;Other Services;USD million;1983-Q3;18,97835104;27,99376332;-6,920042989;Quarterly;01/01/80
ZWE;Zimbabwe;Other Services;USD million;1983-Q4;19,32745264;27,79958483;-7,938738453;Quarterly;01/01/80
ZWE;Zimbabwe;Other Services;USD million;1984-Q1;17,64210903;28,67421589;-9,8057114;Quarterly;01/01/80
ZWE;Zimbabwe;Other Services;USD million;1984-Q2;20,14513034;26,24702753;-5,353752191;Quarterly;01/01/80
ZWE;Zimbabwe;Other Services;USD million;1984-Q3;16,54739262;27,62189954;-9,517031366;Quarterly;01/01/80
ZWE;Zimbabwe;Other Services;USD million;1984-Q4;20,06236755;25,27454878;-6,188870862;Quarterly;01/01/80
ZWE;Zimbabwe;Other Services;USD million;1985-Q1;20,12910632;26,57876176;-5,800706665;Quarterly;01/01/80
ZWE;Zimbabwe;Other Services;USD million;1985-Q2;21,36436654;25,1144922;-5,691833948;Quarterly;01/01/80
ZWE;Zimbabwe;Other Services;USD million;1985-Q3;20,29326794;22,70621537;-5,230661855;Quarterly;01/01/80
ZWE;Zimbabwe;Other Services;USD million;1985-Q4;19,26552469;26,06894683;-7,736954745;Quarterly;01/01/80
ZWE;Zimbabwe;Other Services;USD million;1986-Q1;18,13088789;27,50942239;-10,33824743;Quarterly;01/01/80
ZWE;Zimbabwe;Other Services;USD million;1986-Q2;19,58868665;28,12778678;-8,077846742;Quarterly;01/01/80
ZWE;Zimbabwe;Other Services;USD million;1986-Q3;20,45913269;25,39898716;-5,453682998;Quarterly;01/01/80
ZWE;Zimbabwe;Other Services;USD million;1986-Q4;19,0321634;24,95796569;-4,302495781;Quarterly;01/01/80
ZWE;Zimbabwe;Other Services;USD million;1987-Q1;19,15079085;24,22008378;-4,880330478;Quarterly;01/01/80
ZWE;Zimbabwe;Other Services;USD million;1987-Q2;18,62866112;27,2093546;-10,10593565;Quarterly;01/01/80
ZWE;Zimbabwe;Other Services;USD million;1987-Q3;20,71552006;25,04405107;-6,780925977;Quarterly;01/01/80
ZWE;Zimbabwe;Other Services;USD million;1987-Q4;23,13024796;28,87342042;-3,564549686;Quarterly;01/01/80
ZWE;Zimbabwe;Other Services;USD million;1988-Q1;19,33442873;25,01587579;-6,974199347;Quarterly;01/01/80
ZWE;Zimbabwe;Other Services;USD million;1988-Q2;20,95786736;26,20035979;-5,041210386;Quarterly;01/01/80
ZWE;Zimbabwe;Other Services;USD million;1988-Q3;22,71920725;26,80091039;-5,149852327;Quarterly;01/01/80
ZWE;Zimbabwe;Other Services;USD million;1988-Q4;21,11937882;27,209102;-4,968253561;Quarterly;01/01/80
ZWE;Zimbabwe;Other Services;USD million;1989-Q1;21,09668729;26,8764196;-7,740961556;Quarterly;01/01/80
ZWE;Zimbabwe;Other Services;USD million;1989-Q2;20,26501456;24,0100074;-4,758355036;Quarterly;01/01/80
ZWE;Zimbabwe;Other Services;USD million;1989-Q3;20,78598127;29,07140109;-5,880212554;Quarterly;01/01/80
ZWE;Zimbabwe;Other Services;USD million;1989-Q4;21,77950002;25,4489436;-4,843722203;Quarterly;01/01/80
ZWE;Zimbabwe;Other Services;USD million;1990-Q1;20,30320571;28,51207259;-10,05696197;Quarterly;01/01/80
ZWE;Zimbabwe;Other Services;USD million;1990-Q2;21,86205866;28,33180359;-6,358377566;Quarterly;01/01/80
ZWE;Zimbabwe;Other Services;USD million;1990-Q3;21,45911079;27,27368314;-7,539590737;Quarterly;01/01/80
ZWE;Zimbabwe;Other Services;USD million;1990-Q4;20,54244915;27,1157349;-5,579838472;Quarterly;01/01/80
ZWE;Zimbabwe;Other Services;USD million;1991-Q1;21,32857339;24,49218478;-4,071998231;Quarterly;01/01/80
ZWE;Zimbabwe;Other Services;USD million;1991-Q2;21,284696;27,21438458;-4,271042133;Quarterly;01/01/80
ZWE;Zimbabwe;Other Services;USD million;1991-Q3;20,61639958;24,92673152;-3,989177568;Quarterly;01/01/80
ZWE;Zimbabwe;Other Services;USD million;1991-Q4;22,15624359;26,00033782;-5,257080043;Quarterly;01/01/80
ZWE;Zimbabwe;Other Services;USD million;1992-Q1;24,02440745;26,28123508;-4,463677502;Quarterly;01/01/80
ZWE;Zimbabwe;Other Services;USD million;1992-Q2;18,81930797;28,72994152;-8,026931823;Quarterly;01/01/80
ZWE;Zimbabwe;Other Services;USD million;1992-Q3;24,15433869;27,91800395;-7,29172742;Quarterly;01/01/80
ZWE;Zimbabwe;Other Services;USD million;1992-Q4;21,88474744;28,22166837;-3,979186833;Quarterly;01/01/80
ZWE;Zimbabwe;Other Services;USD million;1993-Q1;18,61320705;26,67732733;-5,409366922;Quarterly;01/01/80
ZWE;Zimbabwe;Other Services;USD million;1993-Q2;24,98053681;27,16905532;-3,163585387;Quarterly;01/01/80
ZWE;Zimbabwe;Other Services;USD million;1993-Q3;23,48502605;28,40230918;-4,578015028;Quarterly;01/01/80
ZWE;Zimbabwe;Other Services;USD million;1993-Q4;22,88999326;27,44459307;-5,46500438;Quarterly;01/01/80
ZWE;Zimbabwe;Other Services;USD million;1994-Q1;24,42329134;28,55925437;-5,06488633;Quarterly;01/01/80
ZWE;Zimbabwe;Other Services;USD million;1994-Q2;16,94504361;29,04136869;-10,57233891;Quarterly;01/01/80
ZWE;Zimbabwe;Other Services;USD million;1994-Q3;21,77366683;27,35375954;-4,872972373;Quarterly;01/01/80
ZWE;Zimbabwe;Other Services;USD million;1994-Q4;18,80120473;28,73981084;-8,897963818;Quarterly;01/01/80
ZWE;Zimbabwe;Other Services;USD million;1995-Q1;21,40856807;28,59172824;-5,773636245;Quarterly;01/01/80
ZWE;Zimbabwe;Other Services;USD million;1995-Q2;23,66929385;28,71250849;-5,241224923;Quarterly;01/01/80
ZWE;Zimbabwe;Other Services;USD million;1995-Q3;22,48480775;27,65729695;-2,968890729;Quarterly;01/01/80
ZWE;Zimbabwe;Other Services;USD million;1995-Q4;22,27516206;28,6696126;-7,132273455;Quarterly;01/01/80
ZWE;Zimbabwe;Other Services;USD million;1996-Q1;23,42580344;29,44558251;-8,891144487;Quarterly;01/01/80
ZWE;Zimbabwe;Other Services;USD million;1996-Q2;20,49417738;31,26277408;-8,42320043;Quarterly;01/01/80
ZWE;Zimbabwe;Other Services;USD million;1996-Q3;21,52816037;27,97068148;-4,712425764;Quarterly;01/01/80
ZWE;Zimbabwe;Other Services;USD million;1996-Q4;23,07939944;30,70593487;-7,397049489;Quarterly;01/01/80
ZWE;Zimbabwe;Other Services;USD million;1997-Q1;21,29791087;28,23833223;-7,531308246;Quarterly;01/01/80
ZWE;Zimbabwe;Other Services;USD million;1997-Q2;24,46150608;30,23336397;-5,10460149;Quarterly;01/01/80
ZWE;Zimbabwe;Other Services;USD million;1997-Q3;24,29359289;32,09177556;-5,194296635;Quarterly;01/01/80
ZWE;Zimbabwe;Other Services;USD million;1997-Q4;25,85037915;34,38759112;-7,40356753;Quarterly;01/01/80
ZWE;Zimbabwe;Other Services;USD million;1998-Q1;24,96868313;30,74631761;-6,839167112;Quarterly;01/01/80
ZWE;Zimbabwe;Other Services;USD million;1998-Q2;25,03390838;29,09777516;-5,149874255;Quarterly;01/01/80
ZWE;Zimbabwe;Other Services;USD million;1998-Q3;23,8386288;27,61121715;-2,675508287;Quarterly;01/01/80
ZWE;Zimbabwe;Other Services;USD million;1998-Q4;26,37238686;28,27764965;-0,696373072;Quarterly;01/01/80
ZWE;Zimbabwe;Other Services;USD million;1999-Q1;22,56986107;29,77724807;-8,162989984;Quarterly;01/01/80
ZWE;Zimbabwe;Other Services;USD million;1999-Q2;26,25662545;26,24252379;-1,063177971;Quarterly;01/01/80
ZWE;Zimbabwe;Other Services;USD million;1999-Q3;25,95482782;27,64879244;-2,638042403;Quarterly;01/01/80
ZWE;Zimbabwe;Other Services;USD million;1999-Q4;24,49672586;29,36115535;-5,940139291;Quarterly;01/01/80
ZWE;Zimbabwe;Other Services;USD million;2000-Q1;22,42890487;27,15762914;-1,632854418;Quarterly;01/01/80
ZWE;Zimbabwe;Other Services;USD million;2000-Q2;22,58490412;30,63939198;-8,009344974;Quarterly;01/01/80
ZWE;Zimbabwe;Other Services;USD million;2000-Q3;26,84058798;30,81896423;-4,600902439;Quarterly;01/01/80
ZWE;Zimbabwe;Other Services;USD million;2000-Q4;24,8611199;28,5412042;-4,735350717;Quarterly;01/01/80
ZWE;Zimbabwe;Other Services;USD million;2001-Q1;23,52373253;30,23312368;-7,762292245;Quarterly;01/01/80
ZWE;Zimbabwe;Other Services;USD million;2001-Q2;26,92760246;30,21142426;-3,689651395;Quarterly;01/01/80
ZWE;Zimbabwe;Other Services;USD million;2001-Q3;23,57336485;30,54121769;-7,152650055;Quarterly;01/01/80
ZWE;Zimbabwe;Other Services;USD million;2001-Q4;22,70661917;31,23325875;-8,159282371;Quarterly;01/01/80
ZWE;Zimbabwe;Other Services;USD million;2002-Q1;28,62664834;31,80757301;-5,235208058;Quarterly;01/01/80
ZWE;Zimbabwe;Other Services;USD million;2002-Q2;22,93381158;34,12194826;-6,901150442;Quarterly;01/01/80
ZWE;Zimbabwe;Other Services;USD million;2002-Q3;23,72573683;26,47688467;-5,052038269;Quarterly;01/01/80
ZWE;Zimbabwe;Other Services;USD million;2002-Q4;23,0100773;31,59180982;-4,106656126;Quarterly;01/01/80
ZWE;Zimbabwe;Other Services;USD million;2003-Q1;25,38704419;35,0156643;-9,745364654;Quarterly;01/01/80
ZWE;Zimbabwe;Other Services;USD million;2003-Q2;23,6951512;31,01855231;-9,66373449;Quarterly;01/01/80
ZWE;Zimbabwe;Other Services;USD million;2003-Q3;24,27357099;28,75289979;-5,712172942;Quarterly;01/01/80
ZWE;Zimbabwe;Other Services;USD million;2003-Q4;25,16953495;33,32887824;-5,313065807;Quarterly;01/01/80
ZWE;Zimbabwe;Other Services;USD million;2004-Q1;24,35458752;30,29481324;-8,902552328;Quarterly;01/01/80
ZWE;Zimbabwe;Other Services;USD million;2004-Q2;23,29908426;33,44003008;-10,59183323;Quarterly;01/01/80
ZWE;Zimbabwe;Other Services;USD million;2004-Q3;27,72261296;28,88365074;-3,812869101;Quarterly;01/01/80
ZWE;Zimbabwe;Other Services;USD million;2004-Q4;24,01596087;29,9309037;-6,566157752;Quarterly;01/01/80
ZWE;Zimbabwe;Other Services;USD million;2005-Q1;29,27098453;34,39711035;-3,281587632;Quarterly;01/01/80
ZWE;Zimbabwe;Other Services;USD million;2005-Q2;21,89672958;29,92758864;-5,674545447;Quarterly;01/01/80
ZWE;Zimbabwe;Other Services;USD million;2005-Q3;29,34917931;33,19208913;-4,805162317;Quarterly;01/01/80
ZWE;Zimbabwe;Other Services;USD million;2005-Q4;28,82613587;30,43347877;-3,687284596;Quarterly;01/01/80
ZWE;Zimbabwe;Other Services;USD million;2006-Q1;26,56067158;29,30811153;-2,835933656;Quarterly;01/01/80
ZWE;Zimbabwe;Other Services;USD million;2006-Q2;27,89904616;36,59916414;-8,026644459;Quarterly;01/01/80
ZWE;Zimbabwe;Other Services;USD million;2006-Q3;30,48543568;31,70700796;-1,521356226;Quarterly;01/01/80
ZWE;Zimbabwe;Other Services;USD million;2006-Q4;27,09198049;32,92932999;-3,456392932;Quarterly;01/01/80
ZWE;Zimbabwe;Other Services;USD million;2007-Q1;24,28028831;31,70322824;-6,58043941;Quarterly;01/01/80
ZWE;Zimbabwe;Other Services;USD million;2007-Q2;27,68334716;32,91844276;-3,678103769;Quarterly;01/01/80
ZWE;Zimbabwe;Other Services;USD million;2007-Q3;31,22609084;30,81383357;0,801386133;Quarterly;01/01/80
ZWE;Zimbabwe;Other Services;USD million;2007-Q4;26,70231951;29,35276428;-2,777876374;Quarterly;01/01/80
ZWE;Zimbabwe;Other Services;USD million;2008-Q1;26,1938561;32,63813578;-6,32979145;Quarterly;01/01/80
ZWE;Zimbabwe;Other Services;USD million;2008-Q2;28,62923958;30,69350141;-0,816859425;Quarterly;01/01/80
ZWE;Zimbabwe;Other Services;USD million;2008-Q3;29,57277935;35,66747867;-0,961191506;Quarterly;01/01/80
ZWE;Zimbabwe;Other Services;USD million;2008-Q4;24,21686577;35,32261206;-8,643111525;Quarterly;01/01/80
ZWE;Zimbabwe;Other Services;USD million;2009-Q1;28,62510682;29,66489656;-2,805070442;Quarterly;01/01/80
ZWE;Zimbabwe;Other Services;USD million;2009-Q2;26,82177497;32,18245561;-5,539304616;Quarterly;01/01/80
ZWE;Zimbabwe;Other Services;USD million;2009-Q3;25,72026092;33,39942891;-8,102282062;Quarterly;01/01/80
ZWE;Zimbabwe;Other Services;USD million;2009-Q4;29,2363379;31,88325981;-5,632110942;Quarterly;01/01/80
ZWE;Zimbabwe;Other Services;USD million;2010-Q1;26,82069513;29,44011831;-2,409915246;Quarterly;01/01/80
ZWE;Zimbabwe;Other Services;USD million;2010-Q2;29,517246;37,03398113;-4,239025973;Quarterly;01/01/80
ZWE;Zimbabwe;Other Services;USD million;2010-Q3;25,58956933;35,69172563;-8,686606635;Quarterly;01/01/80
ZWE;Zimbabwe;Other Services;USD million;2010-Q4;28,6871422;28,55325424;0,047329464;Quarterly;01/01/80
ZWE;Zimbabwe;Other Services;USD million;2011-Q1;35,39590869;29,42426941;0,266340446;Quarterly;01/01/80
ZWE;Zimbabwe;Other Services;USD million;2011-Q2;31,91712484;35,28286619;-4,482018586;Quarterly;01/01/80
ZWE;Zimbabwe;Other Services;USD million;2011-Q3;27,90379915;33,47370233;-5,13611472;Quarterly;01/01/80
ZWE;Zimbabwe;Other Services;USD million;2011-Q4;26,62190963;40,40173435;-13,83179744;Quarterly;01/01/80
ZWE;Zimbabwe;Other Services;USD million;2012-Q1;25,8203252;34,63378226;-7,304503503;Quarterly;01/01/80
ZWE;Zimbabwe;Other Services;USD million;2012-Q2;28,69542714;37,19168555;-7,551590508;Quarterly;01/01/80
ZWE;Zimbabwe;Other Services;USD million;2012-Q3;30,26223151;31,09500625;-2,867669576;Quarterly;01/01/80
ZWE;Zimbabwe;Other Services;USD million;2012-Q4;31,85184351;33,52254632;-5,735898228;Quarterly;01/01/80
ZWE;Zimbabwe;Other Services;USD million;2013-Q1;28,52823137;36,51315229;-7,46038447;Quarterly;01/01/80
ZWE;Zimbabwe;Other Services;USD million;2013-Q2;30,18623074;34,63418521;-7,604239063;Quarterly;01/01/80
ZWE;Zimbabwe;Other Services;USD million;2013-Q3;30,04110641;38,63449405;-8,903482409;Quarterly;01/01/80
ZWE;Zimbabwe;Other Services;USD million;2013-Q4;31,02125635;37,95434586;-7,436699508;Quarterly;01/01/80
ZWE;Zimbabwe;Other Services;USD million;2014-Q1;29,47915514;40,31734679;-7,924866498;Quarterly;01/01/80
ZWE;Zimbabwe;Other Services;USD million;2014-Q2;28,94521417;38,27767181;-6,915015225;Quarterly;01/01/80
ZWE;Zimbabwe;Other Services;USD million;2014-Q3;28,72210718;40,92795422;-11,31372034;Quarterly;01/01/80
ZWE;Zimbabwe;Other Services;USD million;2014-Q4;26,60705639;34,83625195;-9,881624055;Quarterly;01/01/80
ZWE;Zimbabwe;Other Services;USD million;2015-Q1;34,45239244;39,07587566;-6,679750812;Quarterly;01/01/80
ZWE;Zimbabwe;Other Services;USD million;2015-Q2;31,53690542;36,63672248;-11,00789575;Quarterly;01/01/80
ZWE;Zimbabwe;Other Services;USD million;2015-Q3;27,00171777;34,63929146;-5,755349487;Quarterly;01/01/80
ZWE;Zimbabwe;Other Services;USD million;2015-Q4;32,15753269;36,64648103;-7,673277594;Quarterly;01/01/80
ZWE;Zimbabwe;Other Services;USD million;2016-Q1;26,71419236;35,9882842;-9,182422248;Quarterly;01/01/80
ZWE;Zimbabwe;Other Services;USD million;2016-Q2;28,4720188;39,12853303;-8,927024163;Quarterly;01/01/80
ZWE;Zimbabwe;Other Services;USD million;2016-Q3;30,3843548;43,07173737;-12,5826292;Quarterly;01/01/80
ZWE;Zimbabwe;Other Services;USD million;2016-Q4;30,28467553;35,38571392;-9,814074323;Quarterly;01/01/80
ZWE;Zimbabwe;Other Services;USD million;2017-Q1;29,65281867;32,61414967;-4,716375371;Quarterly;01/01/80
ZWE;Zimbabwe;Other Services;USD million;2017-Q2;30,31027432;37,56573727;-5,664039232;Quarterly;01/01/80
ZWE;Zimbabwe;Other Services;USD million;2017-Q3;29,70102601;36,12043505;-7,57499294;Quarterly;01/01/80
ZWE;Zimbabwe;Other Services;USD million;2017-Q4;26,93300231;30,2429907;-5,295185284;Quarterly;01/01/80
ZWE;Zimbabwe;Other Services;USD million;2018-Q1;30,99758527;42,79087543;-13,14299618;Quarterly;01/01/80
ZWE;Zimbabwe;Other Services;USD million;2018-Q2;30,64008739;39,94255564;-9,315194596;Quarterly;01/01/80
ZWE;Zimbabwe;Other Services;USD million;2018-Q3;28,08074569;37,38030498;-10,31161023;Quarterly;01/01/80
ZWE;Zimbabwe;Other Services;USD million;2018-Q4;28,99993812;38,39846784;-9,586859327;Quarterly;01/01/80
ZWE;Zimbabwe;Other Services;USD million;2019-Q1;31,23799388;39,65516906;-8,39600652;Quarterly;01/01/80
ZWE;Zimbabwe;Other Services;USD million;2019-Q2;28,33187624;36,69493075;-7,884134674;Quarterly;01/01/80
ZWE;Zimbabwe;Other Services;USD million;2019-Q3;32,04044506;39,49084288;-6,010776978;Quarterly;01/01/80
ZWE;Zimbabwe;Other Services;USD million;2019-Q4;27,44197015;36,57990039;-12,49913866;Quarterly;01/01/80
ZWE;Zimbabwe;Other Services;USD million;2020-Q1;28,45339113;39,57115712;-11,98993046;Quarterly;01/01/80
ZWE;Zimbabwe;Other Services;USD million;2020-Q2;31,92954464;37,03358605;-5,007067657;Quarterly;01/01/80
ZWE;Zimbabwe;Other Services;USD million;2020-Q3;26,45873107;36,6860932;-9,071878478;Quarterly;01/01/80
ZWE;Zimbabwe;Other Services;USD million;2020-Q4;27,95906214;39,13936141;-11,6375385;Quarterly;01/01/80
ZWE;Zimbabwe;Other Services;USD million;2021-Q1;29,96765241;40,16589072;-8,615390263;Quarterly;01/01/80
ZWE;Zimbabwe;Other Services;USD million;2021-Q2;27,61027278;37,96896192;-8,435423491;Quarterly;01/01/80
ZWE;Zimbabwe;Other Services;USD million;2021-Q3;32,88619768;35,93821898;-5,420391855;Quarterly;01/01/80
ZWE;Zimbabwe;Other Services;USD million;2021-Q4;30,1545646;43,79377928;-9,646804821;Quarterly;01/01/80
ZWE;Zimbabwe;Other Services;USD million;2022-Q1;31,58966285;40,42834649;-9,139644337;Quarterly;01/01/80
ZWE;Zimbabwe;Other Services;USD million;2022-Q2;30,42550843;35,70796417;-5,574758112;Quarterly;01/01/80
ZWE;Zimbabwe;Other Services;USD million;2022-Q3;31,2099515;41,7805943;-8,130733371;Quarterly;01/01/80
ZWE;Zimbabwe;Other Services;USD million;2022-Q4;29,11407656;38,64611625;-8,475108551;Quarterly;01/01/80
ZWE;Zimbabwe;Other Services;USD million;2023-Q1;33,87065821;41,1204296;-5,737551239;Quarterly;01/01/80
ZWE;Zimbabwe;Other Services;USD million;2023-Q2;30,65744468;43,9663087;-10,6855648;Quarterly;01/01/80
ZWE;Zimbabwe;Other Services;USD million;2023-Q3;30,2079791;41,43044218;-7,10306542;Quarterly;01/01/80
ZWE;Zimbabwe;Other Services;USD million;2023-Q4;27,55803675;40,06489921;-11,71801741;Quarterly;01/01/80
ZWE;Zimbabwe;Other Services;USD million;2024-Q1;29,829131;45,74920396;-12,20511675;Quarterly;01/01/80
ZWE;Zimbabwe;Other Services;USD million;2024-Q2;29,8168919;41,18273437;-9,093000008;Quarterly;01/01/80
ZWE;Zimbabwe;Other Services;USD million;2024-Q3;30,68917062;43,84941183;-14,93100217;Quarterly;01/01/80
ZWE;Zimbabwe;Other Services;USD million;2024-Q4;32,55219571;42,89451903;-10,01269977;Quarterly;01/01/80
ZWE;Zimbabwe;Other Services;USD million;2025-Q1;28,67865554;46,93652261;-13,75184329;Quarterly;01/01/80
ZWE;Zimbabwe;Other Services;USD million;2025-Q2;28,93736521;47,37097754;-14,44219464;Quarterly;01/01/80
ZWE;Zimbabwe;Other Services;USD million;2025-Q3;31,53101292;41,07092736;-13,19891638;Quarterly;01/01/80
ZWE;Zimbabwe;Other Services;USD million;2025-Q4;35,76094279;42,66504082;-6,108587385;Quarterly;01/01/80
ZWE;Zimbabwe;Other Services;USD million;2026-Q1;26,59469941;40,57346991;-9,722845324;Quarterly;01/01/80
ZWE;Zimbabwe;Other Services;USD million;2026-Q2;27,25561547;40,11552338;-12,1595638;Quarterly;01/01/80
ZWE;Zimbabwe;Other Services;USD million;2026-Q3;32,28365835;41,56071512;-8,814973117;Quarterly;01/01/80
ZWE;Zimbabwe;Transport;USD million;1980-Q1;35,51325582;50,42323737;-12,93273037;Quarterly;01/01/80
ZWE;Zimbabwe;Transport;USD million;1980-Q2;34,99758364;44,50955278;-5,98341851;Quarterly;01/01/80
ZWE;Zimbabwe;Transport;USD million;1980-Q3;33,29516608;42,2742486;-7,626719456;Quarterly;01/01/80
ZWE;Zimbabwe;Transport;USD million;1980-Q4;28,10068706;46,38941713;-11,26209013;Quarterly;01/01/80
ZWE;Zimbabwe;Transport;USD million;1981-Q1;35,97082217;41,21034401;-8,319535956;Quarterly;01/01/80
ZWE;Zimbabwe;Transport;USD million;1981-Q2;35,93092182;46,8858234;-8,315776834;Quarterly;01/01/80
ZWE;Zimbabwe;Transport;USD million;1981-Q3;34,11374257;40,73129781;-6,968631041;Quarterly;01/01/80
ZWE;Zimbabwe;Transport;USD million;1981-Q4;38,1954006;46,27387015;-7,41026357;Quarterly;01/01/80
ZWE;Zimbabwe;Transport;USD million;1982-Q1;34,5864599;50,20210273;-14,22260796;Quarterly;01/01/80
ZWE;Zimbabwe;Transport;USD million;1982-Q2;37,17994231;41,68276024;-8,923229479;Quarterly;01/01/80
ZWE;Zimbabwe;Transport;USD million;1982-Q3;34,57091377;49,0469701;-13,77718048;Quarterly;01/01/80
ZWE;Zimbabwe;Transport;USD million;1982-Q4;34,44256514;41,55258921;-9,930116518;Quarterly;01/01/80
ZWE;Zimbabwe;Transport;USD million;1983-Q1;29,28860371;49,32303106;-17,26932309;Quarterly;01/01/80
ZWE;Zimbabwe;Transport;USD million;1983-Q2;35,61582827;46,46643701;-8,851722425;Quarterly;01/01/80
ZWE;Zimbabwe;Transport;USD million;1983-Q3;29,97209751;44,75437594;-12,07617886;Quarterly;01/01/80
ZWE;Zimbabwe;Transport;USD million;1983-Q4;30,77027828;45,04636797;-14,9037488;Quarterly;01/01/80
ZWE;Zimbabwe;Transport;USD million;1984-Q1;30,77156252;46,09958423;-16,69212756;Quarterly;01/01/80
ZWE;Zimbabwe;Transport;USD million;1984-Q2;40,30965209;45,7896758;-9,701215105;Quarterly;01/01/80
ZWE;Zimbabwe;Transport;USD million;1984-Q3;30,84286193;52,6723197;-15,75498244;Quarterly;01/01/80
ZWE;Zimbabwe;Transport;USD million;1984-Q4;34,0005648;44,98691712;-11,18695071;Quarterly;01/01/80
ZWE;Zimbabwe;Transport;USD million;1985-Q1;35,19265758;50,23736632;-11,36419718;Quarterly;01/01/80
ZWE;Zimbabwe;Transport;USD million;1985-Q2;38,94884476;50,07293571;-9,87079469;Quarterly;01/01/80
ZWE;Zimbabwe;Transport;USD million;1985-Q3;33,9572247;44,88548911;-8,980956833;Quarterly;01/01/80
ZWE;Zimbabwe;Transport;USD million;1985-Q4;35,75624242;47,54515684;-14,01905421;Quarterly;01/01/80
ZWE;Zimbabwe;Transport;USD million;1986-Q1;30,22087311;52,61953418;-19,3008282;Quarterly;01/01/80
ZWE;Zimbabwe;Transport;USD million;1986-Q2;35,21106989;47,53650786;-13,71869149;Quarterly;01/01/80
ZWE;Zimbabwe;Transport;USD million;1986-Q3;34,87204248;46,51168955;-9,997250141;Quarterly;01/01/80
ZWE;Zimbabwe;Transport;USD million;1986-Q4;37,35605657;42,20675128;-7,804865081;Quarterly;01/01/80
ZWE;Zimbabwe;Transport;USD million;1987-Q1;34,23123625;41,79920447;-8,312815076;Quarterly;01/01/80
ZWE;Zimbabwe;Transport;USD million;1987-Q2;33,0839068;48,56497264;-17,57084515;Quarterly;01/01/80
ZWE;Zimbabwe;Transport;USD million;1987-Q3;32,78735862;47,54209191;-12,1388106;Quarterly;01/01/80
ZWE;Zimbabwe;Transport;USD million;1987-Q4;46,09034366;44,80752925;-6,386732067;Quarterly;01/01/80
ZWE;Zimbabwe;Transport;USD million;1988-Q1;33,99933006;46,84400269;-12,63058114;Quarterly;01/01/80
ZWE;Zimbabwe;Transport;USD million;1988-Q2;37,729852;45,98235692;-9,567843815;Quarterly;01/01/80
ZWE;Zimbabwe;Transport;USD million;1988-Q3;37,68142989;45,11913468;-8,364349036;Quarterly;01/01/80
ZWE;Zimbabwe;Transport;USD million;1988-Q4;37,54685771;49,86876697;-9,079882658;Quarterly;01/01/80
ZWE;Zimbabwe;Transport;USD million;1989-Q1;35,75839279;54,1073092;-14,07615119;Quarterly;01/01/80
ZWE;Zimbabwe;Transport;USD million;1989-Q2;31,56168502;47,5483858;-8,015388562;Quarterly;01/01/80
ZWE;Zimbabwe;Transport;USD million;1989-Q3;36,66184066;48,33186861;-11,05947847;Quarterly;01/01/80
ZWE;Zimbabwe;Transport;USD million;1989-Q4;39,20982883;47,26431837;-8,965049407;Quarterly;01/01/80
ZWE;Zimbabwe;Transport;USD million;1990-Q1;37,87577314;55,47774325;-18,52417534;Quarterly;01/01/80
ZWE;Zimbabwe;Transport;USD million;1990-Q2;39,29431657;50,94896217;-11,08142628;Quarterly;01/01/80
ZWE;Zimbabwe;Transport;USD million;1990-Q3;36,42155727;53,56969062;-13,74278768;Quarterly;01/01/80
ZWE;Zimbabwe;Transport;USD million;1990-Q4;42,8437958;47,50690569;-10,220611;Quarterly;01/01/80
ZWE;Zimbabwe;Transport;USD million;1991-Q1;39,77318996;45,6373931;-7,669373074;Quarterly;01/01/80
ZWE;Zimbabwe;Transport;USD million;1991-Q2;36,7369213;49,33881328;-8,065777171;Quarterly;01/01/80
ZWE;Zimbabwe;Transport;USD million;1991-Q3;36,92834034;45,15685273;-7,233034907;Quarterly;01/01/80
ZWE;Zimbabwe;Transport;USD million;1991-Q4;37,16171576;48,05108856;-9,105364407;Quarterly;01/01/80
ZWE;Zimbabwe;Transport;USD million;1992-Q1;44,35404051;50,70872814;-7,476849038;Quarterly;01/01/80
ZWE;Zimbabwe;Transport;USD million;1992-Q2;35,01076327;50,50846177;-13,97257476;Quarterly;01/01/80
ZWE;Zimbabwe;Transport;USD million;1992-Q3;38,02581803;54,02804734;-13,07091785;Quarterly;01/01/80
ZWE;Zimbabwe;Transport;USD million;1992-Q4;42,93844543;44,11950844;-7,156144731;Quarterly;01/01/80
ZWE;Zimbabwe;Transport;USD million;1993-Q1;37,87980516;44,6742338;-10,13661995;Quarterly;01/01/80
ZWE;Zimbabwe;Transport;USD million;1993-Q2;45,85152558;47,87294468;-5,537154931;Quarterly;01/01/80
ZWE;Zimbabwe;Transport;USD million;1993-Q3;40,970647;47,80598939;-8,215282082;Quarterly;01/01/80
ZWE;Zimbabwe;Transport;USD million;1993-Q4;34,87724378;48,15053825;-9,678474179;Quarterly;01/01/80
ZWE;Zimbabwe;Transport;USD million;1994-Q1;40,19302194;48,62817861;-9,065226035;Quarterly;01/01/80
ZWE;Zimbabwe;Transport;USD million;1994-Q2;32,97489891;56,17058805;-19,91546226;Quarterly;01/01/80
ZWE;Zimbabwe;Transport;USD million;1994-Q3;36,72824449;49,05457483;-8,744706606;Quarterly;01/01/80
ZWE;Zimbabwe;Transport;USD million;1994-Q4;36,87969587;52,4175259;-15,99073942;Quarterly;01/01/80
ZWE;Zimbabwe;Transport;USD million;1995-Q1;41,36868262;47,4075142;-10,47421015;Quarterly;01/01/80
ZWE;Zimbabwe;Transport;USD million;1995-Q2;39,30568315;49,89070729;-9,362057383;Quarterly;01/01/80
ZWE;Zimbabwe;Transport;USD million;1995-Q3;46,80189152;49,57645034;-5,476170806;Quarterly;01/01/80
ZWE;Zimbabwe;Transport;USD million;1995-Q4;36,70670129;54,01834487;-13,07326962;Quarterly;01/01/80
ZWE;Zimbabwe;Transport;USD million;1996-Q1;38,2632027;52,75340378;-14,78658182;Quarterly;01/01/80
ZWE;Zimbabwe;Transport;USD million;1996-Q2;37,62848177;52,88730158;-15,36289555;Quarterly;01/01/80
ZWE;Zimbabwe;Transport;USD million;1996-Q3;40,18396437;48,67153117;-7,961416779;Quarterly;01/01/80
ZWE;Zimbabwe;Transport;USD million;1996-Q4;39,76049003;50,19798699;-13,59817596;Quarterly;01/01/80
ZWE;Zimbabwe;Transport;USD million;1997-Q1;36,20029058;54,76899272;-13,94678631;Quarterly;01/01/80
ZWE;Zimbabwe;Transport;USD million;1997-Q2;40,41513406;53,05210202;-8,930163078;Quarterly;01/01/80
ZWE;Zimbabwe;Transport;USD million;1997-Q3;42,40803295;50,31625199;-9,351668315;Quarterly;01/01/80
ZWE;Zimbabwe;Transport;USD million;1997-Q4;46,87526194;59,20901318;-12,86740233;Quarterly;01/01/80
ZWE;Zimbabwe;Transport;USD million;1998-Q1;39,85210415;60,84647036;-11,83464549;Quarterly;01/01/80
ZWE;Zimbabwe;Transport;USD million;1998-Q2;40,0704731;51,75926676;-9,06386605;Quarterly;01/01/80
ZWE;Zimbabwe;Transport;USD million;1998-Q3;40,27838156;47,56524972;-5,45410788;Quarterly;01/01/80
ZWE;Zimbabwe;Transport;USD million;1998-Q4;41,34926747;41,40369182;-0,754055237;Quarterly;01/01/80
ZWE;Zimbabwe;Transport;USD million;1999-Q1;38,01029395;53,1194724;-14,2298495;Quarterly;01/01/80
ZWE;Zimbabwe;Transport;USD million;1999-Q2;42,94443586;44,36505137;-1,876840252;Quarterly;01/01/80
ZWE;Zimbabwe;Transport;USD million;1999-Q3;46,65907101;47,58540038;-4,657936103;Quarterly;01/01/80
ZWE;Zimbabwe;Transport;USD million;1999-Q4;43,29948397;49,87439077;-10,75617958;Quarterly;01/01/80
ZWE;Zimbabwe;Transport;USD million;2000-Q1;42,65666481;44,25263879;-2,920292357;Quarterly;01/01/80
ZWE;Zimbabwe;Transport;USD million;2000-Q2;41,40775622;56,93666918;-14,92276014;Quarterly;01/01/80
ZWE;Zimbabwe;Transport;USD million;2000-Q3;43,25032574;56,88775998;-8,009301012;Quarterly;01/01/80
ZWE;Zimbabwe;Transport;USD million;2000-Q4;44,82155704;53,70334466;-7,804990039;Quarterly;01/01/80
ZWE;Zimbabwe;Transport;USD million;2001-Q1;44,30378648;52,58349904;-14,23005221;Quarterly;01/01/80
ZWE;Zimbabwe;Transport;USD million;2001-Q2;48,8284007;56,42665608;-6,719350467;Quarterly;01/01/80
ZWE;Zimbabwe;Transport;USD million;2001-Q3;40,95376074;54,03668634;-12,69424286;Quarterly;01/01/80
ZWE;Zimbabwe;Transport;USD million;2001-Q4;40,05215877;57,03972321;-15,33632249;Quarterly;01/01/80
ZWE;Zimbabwe;Transport;USD million;2002-Q1;47,05243836;58,78984426;-9,352183679;Quarterly;01/01/80
ZWE;Zimbabwe;Transport;USD million;2002-Q2;41,07260496;53,29582954;-13,04784146;Quarterly;01/01/80
ZWE;Zimbabwe;Transport;USD million;2002-Q3;43,45573525;48,94561754;-9,017858022;Quarterly;01/01/80
ZWE;Zimbabwe;Transport;USD million;2002-Q4;45,29689723;51,70069717;-7,821829213;Quarterly;01/01/80
ZWE;Zimbabwe;Transport;USD million;2003-Q1;45,57966935;56,86448559;-16,32630772;Quarterly;01/01/80
ZWE;Zimbabwe;Transport;USD million;2003-Q2;40,66051618;57,67209999;-17,01359345;Quarterly;01/01/80
ZWE;Zimbabwe;Transport;USD million;2003-Q3;43,66375767;52,26688804;-9,666668519;Quarterly;01/01/80
ZWE;Zimbabwe;Transport;USD million;2003-Q4;46,63855454;55,10120596;-9,443370821;Quarterly;01/01/80
ZWE;Zimbabwe;Transport;USD million;2004-Q1;44,84348481;60,55674836;-15,24681117;Quarterly;01/01/80
ZWE;Zimbabwe;Transport;USD million;2004-Q2;40,39192254;60,43613177;-18,36176846;Quarterly;01/01/80
ZWE;Zimbabwe;Transport;USD million;2004-Q3;51,35313922;49,27432753;-7,765201711;Quarterly;01/01/80
ZWE;Zimbabwe;Transport;USD million;2004-Q4;44,8125716;56,01114696;-11,68134902;Quarterly;01/01/80
ZWE;Zimbabwe;Transport;USD million;2005-Q1;52,21523287;61,18486526;-5,837839908;Quarterly;01/01/80
ZWE;Zimbabwe;Transport;USD million;2005-Q2;47,20495229;48,82980095;-9,691828494;Quarterly;01/01/80
ZWE;Zimbabwe;Transport;USD million;2005-Q3;48,44190749;57,62390115;-8,936051339;Quarterly;01/01/80
ZWE;Zimbabwe;Transport;USD million;2005-Q4;48,347109;50,52382961;-6,304420947;Quarterly;01/01/80
ZWE;Zimbabwe;Transport;USD million;2006-Q1;44,8875102;53,65007363;-5,606537882;Quarterly;01/01/80
ZWE;Zimbabwe;Transport;USD million;2006-Q2;51,69812175;69,11533178;-13,26153482;Quarterly;01/01/80
ZWE;Zimbabwe;Transport;USD million;2006-Q3;54,8505179;56,72989886;-2,382666342;Quarterly;01/01/80
ZWE;Zimbabwe;Transport;USD million;2006-Q4;55,22060032;58,92354369;-6,761030062;Quarterly;01/01/80
ZWE;Zimbabwe;Transport;USD million;2007-Q1;46,47808932;56,00172219;-12,65884842;Quarterly;01/01/80
ZWE;Zimbabwe;Transport;USD million;2007-Q2;53,35779907;61,00259287;-5,655708408;Quarterly;01/01/80
ZWE;Zimbabwe;Transport;USD million;2007-Q3;51,21434553;54,8663256;1,432696727;Quarterly;01/01/80
ZWE;Zimbabwe;Transport;USD million;2007-Q4;46,70693484;53,12695992;-4,688920802;Quarterly;01/01/80
ZWE;Zimbabwe;Transport;USD million;2008-Q1;46,46735935;58,60009362;-11,22832713;Quarterly;01/01/80
ZWE;Zimbabwe;Transport;USD million;2008-Q2;49,02874355;56,39050958;-1,657668123;Quarterly;01/01/80
ZWE;Zimbabwe;Transport;USD million;2008-Q3;55,16316577;61,32775755;-1,6288872;Quarterly;01/01/80
ZWE;Zimbabwe;Transport;USD million;2008-Q4;47,86574235;62,42972142;-16,17354382;Quarterly;01/01/80
ZWE;Zimbabwe;Transport;USD million;2009-Q1;53,10922819;57,153673;-5,254394178;Quarterly;01/01/80
ZWE;Zimbabwe;Transport;USD million;2009-Q2;44,66677198;55,74326208;-9,470969135;Quarterly;01/01/80
ZWE;Zimbabwe;Transport;USD million;2009-Q3;43,05670024;57,29153644;-14,22634293;Quarterly;01/01/80
ZWE;Zimbabwe;Transport;USD million;2009-Q4;49,73771762;58,28075824;-10,88448103;Quarterly;01/01/80
ZWE;Zimbabwe;Transport;USD million;2010-Q1;47,93183121;52,72696614;-3,91463452;Quarterly;01/01/80
ZWE;Zimbabwe;Transport;USD million;2010-Q2;52,7552797;58,38851532;-7,359992229;Quarterly;01/01/80
ZWE;Zimbabwe;Transport;USD million;2010-Q3;44,09254706;61,36784333;-15,75937334;Quarterly;01/01/80
ZWE;Zimbabwe;Transport;USD million;2010-Q4;50,68784426;56,42935793;0,144429727;Quarterly;01/01/80
ZWE;Zimbabwe;Transport;USD million;2011-Q1;57,95708255;54,66779688;0,106907829;Quarterly;01/01/80
ZWE;Zimbabwe;Transport;USD million;2011-Q2;55,90589305;65,28870938;-7,791591795;Quarterly;01/01/80
ZWE;Zimbabwe;Transport;USD million;2011-Q3;49,59941581;54,3898218;-8,800469467;Quarterly;01/01/80
ZWE;Zimbabwe;Transport;USD million;2011-Q4;49,8086683;72,59219104;-27,48271721;Quarterly;01/01/80
ZWE;Zimbabwe;Transport;USD million;2012-Q1;46,06058412;66,4504687;-14,19938579;Quarterly;01/01/80
ZWE;Zimbabwe;Transport;USD million;2012-Q2;48,09005827;63,99482468;-14,69396071;Quarterly;01/01/80
ZWE;Zimbabwe;Transport;USD million;2012-Q3;56,61398343;52,29068483;-4,950398118;Quarterly;01/01/80
ZWE;Zimbabwe;Transport;USD million;2012-Q4;52,72378775;61,69358455;-10,01847152;Quarterly;01/01/80
ZWE;Zimbabwe;Transport;USD million;2013-Q1;51,6100762;67,65299677;-13,18888573;Quarterly;01/01/80
ZWE;Zimbabwe;Transport;USD million;2013-Q2;53,33624298;64,19354358;-12,27863548;Quarterly;01/01/80
ZWE;Zimbabwe;Transport;USD million;2013-Q3;55,20687812;78,15786645;-15,54169819;Quarterly;01/01/80
ZWE;Zimbabwe;Transport;USD million;2013-Q4;46,41262486;64,57697088;-12,70651574;Quarterly;01/01/80
ZWE;Zimbabwe;Transport;USD million;2014-Q1;55,16069656;70,91269054;-14,1221495;Quarterly;01/01/80
ZWE;Zimbabwe;Transport;USD million;2014-Q2;51,38715598;67,53014608;-12,94411439;Quarterly;01/01/80
ZWE;Zimbabwe;Transport;USD million;2014-Q3;49,63810966;69,0812729;-19,14543846;Quarterly;01/01/80
ZWE;Zimbabwe;Transport;USD million;2014-Q4;47,21593724;66,34605362;-18,48667572;Quarterly;01/01/80
ZWE;Zimbabwe;Transport;USD million;2015-Q1;61,3902849;67,12014125;-11,82276412;Quarterly;01/01/80
ZWE;Zimbabwe;Transport;USD million;2015-Q2;52,56887917;75,15314686;-21,05043423;Quarterly;01/01/80
ZWE;Zimbabwe;Transport;USD million;2015-Q3;52,21100798;56,41454595;-10,11508769;Quarterly;01/01/80
ZWE;Zimbabwe;Transport;USD million;2015-Q4;52,67974871;69,35486106;-13,95530812;Quarterly;01/01/80
ZWE;Zimbabwe;Transport;USD million;2016-Q1;49,1113313;68,92858171;-17,13226427;Quarterly;01/01/80
ZWE;Zimbabwe;Transport;USD million;2016-Q2;54,08704055;68,04098931;-15,75947332;Quarterly;01/01/80
ZWE;Zimbabwe;Transport;USD million;2016-Q3;49,45426572;76,46641959;-21,69553125;Quarterly;01/01/80
ZWE;Zimbabwe;Transport;USD million;2016-Q4;49,63546192;62,90727618;-18,00169882;Quarterly;01/01/80
ZWE;Zimbabwe;Transport;USD million;2017-Q1;54,72297346;61,65276729;-8,049222495;Quarterly;01/01/80
ZWE;Zimbabwe;Transport;USD million;2017-Q2;52,16755069;63,67588718;-11,19750075;Quarterly;01/01/80
ZWE;Zimbabwe;Transport;USD million;2017-Q3;52,34290709;64,83584201;-14,70034638;Quarterly;01/01/80
ZWE;Zimbabwe;Transport;USD million;2017-Q4;46,77792822;58,18821337;-9,310251616;Quarterly;01/01/80
ZWE;Zimbabwe;Transport;USD million;2018-Q1;50,28790963;79,56518993;-22,36959404;Quarterly;01/01/80
ZWE;Zimbabwe;Transport;USD million;2018-Q2;53,5146423;63,60796111;-17,22731927;Quarterly;01/01/80
ZWE;Zimbabwe;Transport;USD million;2018-Q3;50,9956149;66,0136022;-17,51572567;Quarterly;01/01/80
ZWE;Zimbabwe;Transport;USD million;2018-Q4;52,19281761;69,1122971;-17,68969787;Quarterly;01/01/80
ZWE;Zimbabwe;Transport;USD million;2019-Q1;58,20545483;70,91813724;-14,4283206;Quarterly;01/01/80
ZWE;Zimbabwe;Transport;USD million;2019-Q2;56,48856819;62,70925887;-13,37566695;Quarterly;01/01/80
ZWE;Zimbabwe;Transport;USD million;2019-Q3;54,38332799;61,787835;-10,63003579;Quarterly;01/01/80
ZWE;Zimbabwe;Transport;USD million;2019-Q4;43,57701124;66,9212823;-21,92382015;Quarterly;01/01/80
ZWE;Zimbabwe;Transport;USD million;2020-Q1;48,27800715;70,5614187;-19,92058217;Quarterly;01/01/80
ZWE;Zimbabwe;Transport;USD million;2020-Q2;51,81149583;56,94955685;-9,050902046;Quarterly;01/01/80
ZWE;Zimbabwe;Transport;USD million;2020-Q3;46,99804799;74,69023756;-16,27568874;Quarterly;01/01/80
ZWE;Zimbabwe;Transport;USD million;2020-Q4;51,77413282;70,55595774;-21,91830594;Quarterly;01/01/80
ZWE;Zimbabwe;Transport;USD million;2021-Q1;57,21267557;74,35714033;-16,75508408;Quarterly;01/01/80
ZWE;Zimbabwe;Transport;USD million;2021-Q2;48,86349191;69,50117744;-15,91244866;Quarterly;01/01/80
ZWE;Zimbabwe;Transport;USD million;2021-Q3;52,11132188;66,50532428;-9,356509064;Quarterly;01/01/80
ZWE;Zimbabwe;Transport;USD million;2021-Q4;53,63370317;69,84136555;-18,36557501;Quarterly;01/01/80
ZWE;Zimbabwe;Transport;USD million;2022-Q1;59,05387688;72,46558109;-18,08881145;Quarterly;01/01/80
ZWE;Zimbabwe;Transport;USD million;2022-Q2;55,48457545;62,86703218;-10,21581313;Quarterly;01/01/80
ZWE;Zimbabwe;Transport;USD million;2022-Q3;53,82783655;69,23010549;-13,64248333;Quarterly;01/01/80
ZWE;Zimbabwe;Transport;USD million;2022-Q4;52,5833741;66,17793821;-14,20599101;Quarterly;01/01/80
ZWE;Zimbabwe;Transport;USD million;2023-Q1;58,36528715;71,60933861;-10,63272881;Quarterly;01/01/80
ZWE;Zimbabwe;Transport;USD million;2023-Q2;54,67322772;75,33749178;-19,39801001;Quarterly;01/01/80
ZWE;Zimbabwe;Transport;USD million;2023-Q3;54,33690302;68,0752629;-13,57758177;Quarterly;01/01/80
ZWE;Zimbabwe;Transport;USD million;2023-Q4;49,68608026;74,07461749;-20,8455874;Quarterly;01/01/80
ZWE;Zimbabwe;Transport;USD million;2024-Q1;52,54969015;76,75196113;-21,91143341;Quarterly;01/01/80
ZWE;Zimbabwe;Transport;USD million;2024-Q2;54,20950332;67,93970839;-15,17434556;Quarterly;01/01/80
ZWE;Zimbabwe;Transport;USD million;2024-Q3;51,22841129;82,55537956;-25,63490826;Quarterly;01/01/80
ZWE;Zimbabwe;Transport;USD million;2024-Q4;55,68097864;71,14634096;-17,38886634;Quarterly;01/01/80
ZWE;Zimbabwe;Transport;USD million;2025-Q1;53,87430963;78,34599126;-24,38977593;Quarterly;01/01/80
ZWE;Zimbabwe;Transport;USD million;2025-Q2;55,8003153;79,62461282;-25,89727452;Quarterly;01/01/80
ZWE;Zimbabwe;Transport;USD million;2025-Q3;52,75992128;81,1661971;-23,46480375;Quarterly;01/01/80
ZWE;Zimbabwe;Transport;USD million;2025-Q4;58,56487544;74,5154971;-10,85141952;Quarterly;01/01/80
ZWE;Zimbabwe;Transport;USD million;2026-Q1;55,48237088;72,64907441;-18,37009352;Quarterly;01/01/80
ZWE;Zimbabwe;Transport;USD million;2026-Q2;50,78557827;73,41772806;-21,60530998;Quarterly;01/01/80
ZWE;Zimbabwe;Transport;USD million;2026-Q3;53,91295891;71,46962031;-15,36238223;Quarterly;01/01/80
ZWE;Zimbabwe;Travel;USD million;1980-Q1;32,08882433;47,42744566;-12,7739104;Quarterly;01/01/80
ZWE;Zimbabwe;Travel;USD million;1980-Q2;36,38159492;41,73997866;-6,531536703;Quarterly;01/01/80
ZWE;Zimbabwe;Travel;USD million;1980-Q3;34,33861031;42,18995966;-8,266351196;Quarterly;01/01/80
ZWE;Zimbabwe;Travel;USD million;1980-Q4;30,41799951;41,59068022;-11,25787265;Quarterly;01/01/80
ZWE;Zimbabwe;Travel;USD million;1981-Q1;33,9446343;40,86345391;-8,458329643;Quarterly;01/01/80
ZWE;Zimbabwe;Travel;USD million;1981-Q2;36,67493799;41,17636624;-8,491720373;Quarterly;01/01/80
ZWE;Zimbabwe;Travel;USD million;1981-Q3;32,8005387;37,12970723;-6,664138969;Quarterly;01/01/80
ZWE;Zimbabwe;Travel;USD million;1981-Q4;38,3106049;43,38245959;-7,559934552;Quarterly;01/01/80
ZWE;Zimbabwe;Travel;USD million;1982-Q1;38,62006728;49,68507375;-14,16697964;Quarterly;01/01/80
ZWE;Zimbabwe;Travel;USD million;1982-Q2;30,45214134;43,47279354;-8,326637779;Quarterly;01/01/80
ZWE;Zimbabwe;Travel;USD million;1982-Q3;32,39432714;51,4685109;-13,74454066;Quarterly;01/01/80
ZWE;Zimbabwe;Travel;USD million;1982-Q4;31,68544795;41,17649294;-9,430552702;Quarterly;01/01/80
ZWE;Zimbabwe;Travel;USD million;1983-Q1;31,90116999;47,4501597;-16,66254192;Quarterly;01/01/80
ZWE;Zimbabwe;Travel;USD million;1983-Q2;35,00010382;39,89652023;-8,69717819;Quarterly;01/01/80
ZWE;Zimbabwe;Travel;USD million;1983-Q3;32,61786564;44,70586237;-12,28858855;Quarterly;01/01/80
ZWE;Zimbabwe;Travel;USD million;1983-Q4;33,56991086;48,0418316;-15,32007219;Quarterly;01/01/80
ZWE;Zimbabwe;Travel;USD million;1984-Q1;32,08690414;48,95296923;-17,38554142;Quarterly;01/01/80
ZWE;Zimbabwe;Travel;USD million;1984-Q2;40,32958216;48,62135043;-9,241425418;Quarterly;01/01/80
ZWE;Zimbabwe;Travel;USD million;1984-Q3;31,75419011;48,76133501;-17,10013041;Quarterly;01/01/80
ZWE;Zimbabwe;Travel;USD million;1984-Q4;30,83167096;46,89713834;-11,43786752;Quarterly;01/01/80
ZWE;Zimbabwe;Travel;USD million;1985-Q1;35,86378089;49,02049643;-10,76046123;Quarterly;01/01/80
ZWE;Zimbabwe;Travel;USD million;1985-Q2;35,98935314;45,02804603;-9,910556747;Quarterly;01/01/80
ZWE;Zimbabwe;Travel;USD million;1985-Q3;33,3040274;46,16419025;-8,800680674;Quarterly;01/01/80
ZWE;Zimbabwe;Travel;USD million;1985-Q4;32,73226218;48,09598609;-13,44377524;Quarterly;01/01/80
ZWE;Zimbabwe;Travel;USD million;1986-Q1;30,26509148;52,53582333;-18,36596805;Quarterly;01/01/80
ZWE;Zimbabwe;Travel;USD million;1986-Q2;34,67579643;48,16436187;-13,9909328;Quarterly;01/01/80
ZWE;Zimbabwe;Travel;USD million;1986-Q3;35,1867265;51,37423301;-10,01644321;Quarterly;01/01/80
ZWE;Zimbabwe;Travel;USD million;1986-Q4;37,55117349;45,55787281;-7,989884078;Quarterly;01/01/80
ZWE;Zimbabwe;Travel;USD million;1987-Q1;34,77577116;44,07101569;-8,991061597;Quarterly;01/01/80
ZWE;Zimbabwe;Travel;USD million;1987-Q2;32,85354244;49,04472635;-17,63640016;Quarterly;01/01/80
ZWE;Zimbabwe;Travel;USD million;1987-Q3;36,50149274;47,22262551;-12,01988878;Quarterly;01/01/80
ZWE;Zimbabwe;Travel;USD million;1987-Q4;40,15596644;46,92915491;-6,272180294;Quarterly;01/01/80
ZWE;Zimbabwe;Travel;USD million;1988-Q1;35,56727048;49,72657455;-12,56474176;Quarterly;01/01/80
ZWE;Zimbabwe;Travel;USD million;1988-Q2;35,8411437;40,2809861;-8,943368863;Quarterly;01/01/80
ZWE;Zimbabwe;Travel;USD million;1988-Q3;35,27257988;45,78822644;-8,35377378;Quarterly;01/01/80
ZWE;Zimbabwe;Travel;USD million;1988-Q4;38,00235739;44,97797411;-8,3959217;Quarterly;01/01/80
ZWE;Zimbabwe;Travel;USD million;1989-Q1;38,81644959;55,22770047;-13,87683769;Quarterly;01/01/80
ZWE;Zimbabwe;Travel;USD million;1989-Q2;34,38137041;42,58661941;-8,524739995;Quarterly;01/01/80
ZWE;Zimbabwe;Travel;USD million;1989-Q3;37,82761051;46,62847534;-10,44087356;Quarterly;01/01/80
ZWE;Zimbabwe;Travel;USD million;1989-Q4;37,58064152;49,19494009;-8,411620285;Quarterly;01/01/80
ZWE;Zimbabwe;Travel;USD million;1990-Q1;35,44479996;49,17119401;-18,21853277;Quarterly;01/01/80
ZWE;Zimbabwe;Travel;USD million;1990-Q2;38,09384048;47,20089115;-11,77422677;Quarterly;01/01/80
ZWE;Zimbabwe;Travel;USD million;1990-Q3;36,11135748;52,61363519;-13,0703389;Quarterly;01/01/80
ZWE;Zimbabwe;Travel;USD million;1990-Q4;37,10952712;46,84879726;-9,541038594;Quarterly;01/01/80
ZWE;Zimbabwe;Travel;USD million;1991-Q1;39,81477984;46,2735203;-7,625974557;Quarterly;01/01/80
ZWE;Zimbabwe;Travel;USD million;1991-Q2;40,54946412;49,90318657;-7,938752466;Quarterly;01/01/80
ZWE;Zimbabwe;Travel;USD million;1991-Q3;38,74965422;44,40869611;-6,708046089;Quarterly;01/01/80
ZWE;Zimbabwe;Travel;USD million;1991-Q4;38,68364392;48,90748255;-9,617963604;Quarterly;01/01/80
ZWE;Zimbabwe;Travel;USD million;1992-Q1;43,49444712;46,76061206;-7,450618151;Quarterly;01/01/80
ZWE;Zimbabwe;Travel;USD million;1992-Q2;35,66479823;51,20061179;-13,84222606;Quarterly;01/01/80
ZWE;Zimbabwe;Travel;USD million;1992-Q3;38,31535591;58,25260821;-12,83092113;Quarterly;01/01/80
ZWE;Zimbabwe;Travel;USD million;1992-Q4;42,58191235;49,7490558;-7,714342018;Quarterly;01/01/80
ZWE;Zimbabwe;Travel;USD million;1993-Q1;39,17981862;45,74218826;-10,00675698;Quarterly;01/01/80
ZWE;Zimbabwe;Travel;USD million;1993-Q2;41,61565886;46,53663538;-5,303476982;Quarterly;01/01/80
ZWE;Zimbabwe;Travel;USD million;1993-Q3;46,96880766;49,25431734;-8,720379279;Quarterly;01/01/80
ZWE;Zimbabwe;Travel;USD million;1993-Q4;38,46438449;50,80523483;-9,655232198;Quarterly;01/01/80
ZWE;Zimbabwe;Travel;USD million;1994-Q1;39,69601403;50,05366653;-9,623519643;Quarterly;01/01/80
ZWE;Zimbabwe;Travel;USD million;1994-Q2;31,73967343;51,05190341;-21,03724986;Quarterly;01/01/80
ZWE;Zimbabwe;Travel;USD million;1994-Q3;40,2971958;49,33488822;-8,271958111;Quarterly;01/01/80
ZWE;Zimbabwe;Travel;USD million;1994-Q4;34,87611146;49,00661631;-16,09879356;Quarterly;01/01/80
ZWE;Zimbabwe;Travel;USD million;1995-Q1;39,38249814;51,63681724;-10,3680363;Quarterly;01/01/80
ZWE;Zimbabwe;Travel;USD million;1995-Q2;40,039971;49,19354819;-9,388190698;Quarterly;01/01/80
ZWE;Zimbabwe;Travel;USD million;1995-Q3;40,47537082;50,51142921;-5,271240974;Quarterly;01/01/80
ZWE;Zimbabwe;Travel;USD million;1995-Q4;39,53203856;53,47153199;-12,57394445;Quarterly;01/01/80
ZWE;Zimbabwe;Travel;USD million;1996-Q1;39,23116352;54,0016171;-15,01282533;Quarterly;01/01/80
ZWE;Zimbabwe;Travel;USD million;1996-Q2;42,1097777;52,76403643;-15,85673814;Quarterly;01/01/80
ZWE;Zimbabwe;Travel;USD million;1996-Q3;44,92346686;48,09657826;-8,614564764;Quarterly;01/01/80
ZWE;Zimbabwe;Travel;USD million;1996-Q4;38,89021403;54,55681872;-13,61499178;Quarterly;01/01/80
ZWE;Zimbabwe;Travel;USD million;1997-Q1;37,76224335;51,76506232;-13,82255392;Quarterly;01/01/80
ZWE;Zimbabwe;Travel;USD million;1997-Q2;47,10401306;54,00149235;-8,85454051;Quarterly;01/01/80
ZWE;Zimbabwe;Travel;USD million;1997-Q3;42,86444397;53,66627351;-9,431206815;Quarterly;01/01/80
ZWE;Zimbabwe;Travel;USD million;1997-Q4;43,02541596;56,49151404;-12,32913831;Quarterly;01/01/80
ZWE;Zimbabwe;Travel;USD million;1998-Q1;43,08898728;56,559868;-11,79941026;Quarterly;01/01/80
ZWE;Zimbabwe;Travel;USD million;1998-Q2;39,54992188;54,88905407;-9,094473952;Quarterly;01/01/80
ZWE;Zimbabwe;Travel;USD million;1998-Q3;41,1364599;44,93207621;-5,483470069;Quarterly;01/01/80
ZWE;Zimbabwe;Travel;USD million;1998-Q4;49,04145955;49,84598333;-1,400406816;Quarterly;01/01/80
ZWE;Zimbabwe;Travel;USD million;1999-Q1;37,94531796;54,141647;-14,0651652;Quarterly;01/01/80
ZWE;Zimbabwe;Travel;USD million;1999-Q2;42,2863725;46,4638493;-1,966811041;Quarterly;01/01/80
ZWE;Zimbabwe;Travel;USD million;1999-Q3;45,01697787;48,97312444;-4,620342328;Quarterly;01/01/80
ZWE;Zimbabwe;Travel;USD million;1999-Q4;45,30236623;54,284376;-10,63348849;Quarterly;01/01/80
ZWE;Zimbabwe;Travel;USD million;2000-Q1;40,81309895;48,0369913;-2,467875473;Quarterly;01/01/80
ZWE;Zimbabwe;Travel;USD million;2000-Q2;42,32601034;55,77879591;-14,57242176;Quarterly;01/01/80
ZWE;Zimbabwe;Travel;USD million;2000-Q3;44,58707795;58,44361157;-8,3957093;Quarterly;01/01/80
ZWE;Zimbabwe;Travel;USD million;2000-Q4;48,55736311;53,04837598;-7,767162571;Quarterly;01/01/80
ZWE;Zimbabwe;Travel;USD million;2001-Q1;46,15893332;55,63689534;-13,32377265;Quarterly;01/01/80
ZWE;Zimbabwe;Travel;USD million;2001-Q2;46,40593631;56,31902322;-7,15133093;Quarterly;01/01/80
ZWE;Zimbabwe;Travel;USD million;2001-Q3;42,05961875;56,59596103;-11,90044621;Quarterly;01/01/80
ZWE;Zimbabwe;Travel;USD million;2001-Q4;43,36545826;59,91402884;-15,44996368;Quarterly;01/01/80
ZWE;Zimbabwe;Travel;USD million;2002-Q1;48,7868197;54,4356256;-9,804290777;Quarterly;01/01/80
ZWE;Zimbabwe;Travel;USD million;2002-Q2;39,56157703;56,25917387;-13,24034649;Quarterly;01/01/80
ZWE;Zimbabwe;Travel;USD million;2002-Q3;43,09288414;57,88877415;-9,204445045;Quarterly;01/01/80
ZWE;Zimbabwe;Travel;USD million;2002-Q4;44,54704131;55,80760306;-7,409326907;Quarterly;01/01/80
ZWE;Zimbabwe;Travel;USD million;2003-Q1;44,82291891;65,52413699;-17,5305747;Quarterly;01/01/80
ZWE;Zimbabwe;Travel;USD million;2003-Q2;40,75164194;63,46703004;-16,26084994;Quarterly;01/01/80
ZWE;Zimbabwe;Travel;USD million;2003-Q3;47,56502305;54,30312497;-9,577694168;Quarterly;01/01/80
ZWE;Zimbabwe;Travel;USD million;2003-Q4;44,13879618;54,21025765;-8,651728686;Quarterly;01/01/80
ZWE;Zimbabwe;Travel;USD million;2004-Q1;45,88937729;61,20314037;-15,25767563;Quarterly;01/01/80
ZWE;Zimbabwe;Travel;USD million;2004-Q2;43,99600308;56,64181759;-18,35398896;Quarterly;01/01/80
ZWE;Zimbabwe;Travel;USD million;2004-Q3;48,33175143;58,37607278;-7,258447282;Quarterly;01/01/80
ZWE;Zimbabwe;Travel;USD million;2004-Q4;46,11383128;54,97158574;-12,17054706;Quarterly;01/01/80
ZWE;Zimbabwe;Travel;USD million;2005-Q1;58,10816679;59,70999346;-5,83326779;Quarterly;01/01/80
ZWE;Zimbabwe;Travel;USD million;2005-Q2;44,28634887;54,39811967;-9,514124873;Quarterly;01/01/80
ZWE;Zimbabwe;Travel;USD million;2005-Q3;48,64151177;56,07519474;-9,20623867;Quarterly;01/01/80
ZWE;Zimbabwe;Travel;USD million;2005-Q4;50,07408521;56,11882324;-6,234365754;Quarterly;01/01/80
ZWE;Zimbabwe;Travel;USD million;2006-Q1;47,57430522;48,5652551;-5,314763522;Quarterly;01/01/80
ZWE;Zimbabwe;Travel;USD million;2006-Q2;49,99959035;62,96894832;-13,13714845;Quarterly;01/01/80
ZWE;Zimbabwe;Travel;USD million;2006-Q3;53,5870989;59,36756103;-2,288974102;Quarterly;01/01/80
ZWE;Zimbabwe;Travel;USD million;2006-Q4;53,40406986;54,06133597;-7,040132108;Quarterly;01/01/80
ZWE;Zimbabwe;Travel;USD million;2007-Q1;44,3911969;58,16032427;-12,25137298;Quarterly;01/01/80
ZWE;Zimbabwe;Travel;USD million;2007-Q2;52,59285358;55,25531558;-5,769549577;Quarterly;01/01/80
ZWE;Zimbabwe;Travel;USD million;2007-Q3;51,3768604;54,76584532;1,535359034;Quarterly;01/01/80
ZWE;Zimbabwe;Travel;USD million;2007-Q4;50,17004197;54,72940847;-4,778558971;Quarterly;01/01/80
ZWE;Zimbabwe;Travel;USD million;2008-Q1;46,87058666;56,2243186;-11,41374165;Quarterly;01/01/80
ZWE;Zimbabwe;Travel;USD million;2008-Q2;53,29877728;47,75019403;-1,581554567;Quarterly;01/01/80
ZWE;Zimbabwe;Travel;USD million;2008-Q3;57,28695419;60,76055418;-1,753069281;Quarterly;01/01/80
ZWE;Zimbabwe;Travel;USD million;2008-Q4;44,93192153;66,07065517;-16,27420113;Quarterly;01/01/80
ZWE;Zimbabwe;Travel;USD million;2009-Q1;53,99240021;60,5364353;-5,269343656;Quarterly;01/01/80
ZWE;Zimbabwe;Travel;USD million;2009-Q2;51,14388638;57,60618615;-9,725734695;Quarterly;01/01/80
ZWE;Zimbabwe;Travel;USD million;2009-Q3;44,45848102;62,51254311;-14,37564629;Quarterly;01/01/80
ZWE;Zimbabwe;Travel;USD million;2009-Q4;51,50279503;65,56713955;-10,23064298;Quarterly;01/01/80
ZWE;Zimbabwe;Travel;USD million;2010-Q1;53,24044806;52,72551048;-4,148127743;Quarterly;01/01/80
ZWE;Zimbabwe;Travel;USD million;2010-Q2;51,09453557;57,4678302;-7,814982648;Quarterly;01/01/80
ZWE;Zimbabwe;Travel;USD million;2010-Q3;46,50147093;62,38060448;-15,92332124;Quarterly;01/01/80
ZWE;Zimbabwe;Travel;USD million;2010-Q4;50,44496512;51,42094099;0,045079943;Quarterly;01/01/80
ZWE;Zimbabwe;Travel;USD million;2011-Q1;57,84876232;60,04388465;0,960310533;Quarterly;01/01/80
ZWE;Zimbabwe;Travel;USD million;2011-Q2;50,68750002;63,847982;-7,727553655;Quarterly;01/01/80
ZWE;Zimbabwe;Travel;USD million;2011-Q3;48,26031509;54,60584472;-8,678483181;Quarterly;01/01/80
ZWE;Zimbabwe;Travel;USD million;2011-Q4;48,67752131;77,7296099;-26,20628698;Quarterly;01/01/80
ZWE;Zimbabwe;Travel;USD million;2012-Q1;47,92223464;55,38437584;-14,23616119;Quarterly;01/01/80
ZWE;Zimbabwe;Travel;USD million;2012-Q2;51,6773309;64,52253749;-13,27753262;Quarterly;01/01/80
ZWE;Zimbabwe;Travel;USD million;2012-Q3;53,00411509;61,74604207;-5,007100974;Quarterly;01/01/80
ZWE;Zimbabwe;Travel;USD million;2012-Q4;54,15413993;55,91157692;-9,667941508;Quarterly;01/01/80
ZWE;Zimbabwe;Travel;USD million;2013-Q1;55,74837857;65,48734503;-13,08429854;Quarterly;01/01/80
ZWE;Zimbabwe;Travel;USD million;2013-Q2;56,87336786;65,70505422;-12,72679275;Quarterly;01/01/80
ZWE;Zimbabwe;Travel;USD million;2013-Q3;49,93327189;71,7060436;-15,97022224;Quarterly;01/01/80
ZWE;Zimbabwe;Travel;USD million;2013-Q4;52,905264;59,66961976;-12,60606807;Quarterly;01/01/80
ZWE;Zimbabwe;Travel;USD million;2014-Q1;56,44199382;70,09226075;-14,06627552;Quarterly;01/01/80
ZWE;Zimbabwe;Travel;USD million;2014-Q2;56,67524466;67,22995068;-13,54217555;Quarterly;01/01/80
ZWE;Zimbabwe;Travel;USD million;2014-Q3;47,43182955;70,2524608;-18,9422062;Quarterly;01/01/80
ZWE;Zimbabwe;Travel;USD million;2014-Q4;43,70675665;61,49462855;-17,38173501;Quarterly;01/01/80
ZWE;Zimbabwe;Travel;USD million;2015-Q1;62,62411078;70,22750926;-11,80296006;Quarterly;01/01/80
ZWE;Zimbabwe;Travel;USD million;2015-Q2;56,53684936;73,70392882;-19,9439027;Quarterly;01/01/80
ZWE;Zimbabwe;Travel;USD million;2015-Q3;51,00607271;66,46704768;-10,52754742;Quarterly;01/01/80
ZWE;Zimbabwe;Travel;USD million;2015-Q4;57,01842929;62,04137932;-13,98663032;Quarterly;01/01/80
ZWE;Zimbabwe;Travel;USD million;2016-Q1;48,37201965;66,21597215;-17,36994646;Quarterly;01/01/80
ZWE;Zimbabwe;Travel;USD million;2016-Q2;55,07289663;74,25516489;-15,22027526;Quarterly;01/01/80
ZWE;Zimbabwe;Travel;USD million;2016-Q3;48,11950128;70,36833002;-20,32951308;Quarterly;01/01/80
ZWE;Zimbabwe;Travel;USD million;2016-Q4;48,66550836;65,24403163;-16,72259879;Quarterly;01/01/80
ZWE;Zimbabwe;Travel;USD million;2017-Q1;52,90948031;65,34838755;-8,1476613;Quarterly;01/01/80
ZWE;Zimbabwe;Travel;USD million;2017-Q2;47,34217295;66,95795714;-10,24733221;Quarterly;01/01/80
ZWE;Zimbabwe;Travel;USD million;2017-Q3;49,75831001;60,54780379;-15,50896681;Quarterly;01/01/80
ZWE;Zimbabwe;Travel;USD million;2017-Q4;46,76770563;63,98388435;-9,527505683;Quarterly;01/01/80
ZWE;Zimbabwe;Travel;USD million;2018-Q1;50,18908533;77,88478344;-23,74822863;Quarterly;01/01/80
ZWE;Zimbabwe;Travel;USD million;2018-Q2;55,13225742;70,72842728;-16,78442314;Quarterly;01/01/80
ZWE;Zimbabwe;Travel;USD million;2018-Q3;49,0536023;69,33842233;-17,09355551;Quarterly;01/01/80
ZWE;Zimbabwe;Travel;USD million;2018-Q4;53,62876264;69,62152174;-17,94440089;Quarterly;01/01/80
ZWE;Zimbabwe;Travel;USD million;2019-Q1;59,59809394;72,18147843;-15,56475792;Quarterly;01/01/80
ZWE;Zimbabwe;Travel;USD million;2019-Q2;53,50086625;68,4669285;-14,2044214;Quarterly;01/01/80
ZWE;Zimbabwe;Travel;USD million;2019-Q3;56,17449405;72,40090378;-10,99821236;Quarterly;01/01/80
ZWE;Zimbabwe;Travel;USD million;2019-Q4;50,38991653;67,47499884;-23,1692546;Quarterly;01/01/80
ZWE;Zimbabwe;Travel;USD million;2020-Q1;49,23178181;71,85913592;-19,90932552;Quarterly;01/01/80
ZWE;Zimbabwe;Travel;USD million;2020-Q2;53,33734851;61,20986432;-8,845220263;Quarterly;01/01/80
ZWE;Zimbabwe;Travel;USD million;2020-Q3;52,03611454;74,0542201;-15,63764636;Quarterly;01/01/80
ZWE;Zimbabwe;Travel;USD million;2020-Q4;50,21262414;69,48083483;-21,23840141;Quarterly;01/01/80
ZWE;Zimbabwe;Travel;USD million;2021-Q1;54,43097844;71,77719604;-15,31211181;Quarterly;01/01/80
ZWE;Zimbabwe;Travel;USD million;2021-Q2;49,57455398;68,72811393;-15,28257731;Quarterly;01/01/80
ZWE;Zimbabwe;Travel;USD million;2021-Q3;57,72806014;64,97443767;-9,987175551;Quarterly;01/01/80
ZWE;Zimbabwe;Travel;USD million;2021-Q4;55,74824048;74,34345463;-18,55879726;Quarterly;01/01/80
ZWE;Zimbabwe;Travel;USD million;2022-Q1;60,92365482;72,45736294;-17,23989832;Quarterly;01/01/80
ZWE;Zimbabwe;Travel;USD million;2022-Q2;52,1015167;63,6102153;-9,974463562;Quarterly;01/01/80
ZWE;Zimbabwe;Travel;USD million;2022-Q3;56,19958778;75,65423395;-14,55110768;Quarterly;01/01/80
ZWE;Zimbabwe;Travel;USD million;2022-Q4;52,4041092;70,53478442;-15,0535114;Quarterly;01/01/80
ZWE;Zimbabwe;Travel;USD million;2023-Q1;63,66023487;68,03704267;-10,21949322;Quarterly;01/01/80
ZWE;Zimbabwe;Travel;USD million;2023-Q2;55,43017992;76,07910097;-19,43588478;Quarterly;01/01/80
ZWE;Zimbabwe;Travel;USD million;2023-Q3;58,23235519;63,66522175;-12,32087414;Quarterly;01/01/80
ZWE;Zimbabwe;Travel;USD million;2023-Q4;48,31486103;64,74932061;-20,61092;Quarterly;01/01/80
ZWE;Zimbabwe;Travel;USD million;2024-Q1;54,79004348;76,97679826;-22,3560582;Quarterly;01/01/80
ZWE;Zimbabwe;Travel;USD million;2024-Q2;56,66918195;68,81009958;-15,2520457;Quarterly;01/01/80
ZWE;Zimbabwe;Travel;USD million;2024-Q3;55,2055083;79,11689421;-25,258694;Quarterly;01/01/80
ZWE;Zimbabwe;Travel;USD million;2024-Q4;51,08593122;74,64865337;-18,11706038;Quarterly;01/01/80
ZWE;Zimbabwe;Travel;USD million;2025-Q1;50,75650675;73,65814723;-23,86172983;Quarterly;01/01/80
ZWE;Zimbabwe;Travel;USD million;2025-Q2;53,80199615;76,00595031;-25,5566236;Quarterly;01/01/80
ZWE;Zimbabwe;Travel;USD million;2025-Q3;51,63903895;79,11962164;-24,2455465;Quarterly;01/01/80
ZWE;Zimbabwe;Travel;USD million;2025-Q4;63,06641119;71,14894401;-11,43293138;Quarterly;01/01/80
ZWE;Zimbabwe;Travel;USD million;2026-Q1;48,87585065;66,80050495;-18,13532523;Quarterly;01/01/80
ZWE;Zimbabwe;Travel;USD million;2026-Q2;51,08182864;74,3511041;-21,52101762;Quarterly;01/01/80
ZWE;Zimbabwe;Travel;USD million;2026-Q3;56,12643693;69,99005869;-14,72059169;Quarterly;01/01/80